== build libxcrypt (deps: glibc )
warning: glibc-2.44-2 is up to date -- skipping
 there is nothing to do
==> Making package: libxcrypt 4.5.2-1 (Sat Sep 19 23:45:28 2026)
==> WARNING: Skipping dependency checks.
==> Retrieving sources...
  -> Found libxcrypt-4.5.2.tar.xz
  -> Found libxcrypt-4.5.2.tar.xz.asc
==> WARNING: Skipping verification of source file PGP signatures.
==> Validating source files with sha256sums...
    libxcrypt-4.5.2.tar.xz ... Passed
    libxcrypt-4.5.2.tar.xz.asc ... Skipped
==> Extracting sources...
  -> Extracting libxcrypt-4.5.2.tar.xz with bsdtar
==> Starting build()...
checking for a BSD-compatible install... /usr/bin/install -c
checking whether sleep supports fractional seconds... yes
checking filesystem timestamp resolution... 0.01
checking whether build environment is sane... yes
checking for a race-free mkdir -p... /usr/sbin/mkdir -p
checking for gawk... gawk
checking whether make sets $(MAKE)... yes
checking whether make supports nested variables... yes
checking xargs -n works... yes
checking for pkg-config... /usr/sbin/pkg-config
checking pkg-config is at least version 0.27... yes
checking build system type... x86_64-pc-linux-gnu
checking host system type... x86_64-pc-linux-gnu
checking for gcc... clang
checking whether the C compiler works... yes
checking for C compiler default output file name... a.out
checking for suffix of executables... 
checking whether we are cross compiling... no
checking for suffix of object files... o
checking whether the compiler supports GNU C... yes
checking whether clang accepts -g... yes
checking for clang option to enable C11 features... none needed
checking whether clang understands -c and -o together... yes
checking whether make supports the include directive... yes (GNU style)
checking dependency style of clang... gcc3
checking how to run the C preprocessor... clang -E
checking whether make sets $(MAKE)... (cached) yes
checking whether ln -s works... yes
checking for perl... /usr/sbin/perl
checking whether /usr/sbin/perl is version 5.14.0 or later... yes
checking for gpg2... /usr/sbin/gpg2
checking for sha256sum... /usr/sbin/sha256sum
checking for stdio.h... yes
checking for stdlib.h... yes
checking for string.h... yes
checking for inttypes.h... yes
checking for stdint.h... yes
checking for strings.h... yes
checking for sys/stat.h... yes
checking for sys/types.h... yes
checking for unistd.h... yes
checking for wchar.h... yes
checking for minix/config.h... no
checking for fcntl.h... yes
checking for stdbool.h... yes
checking for ucontext.h... yes
checking for sys/cdefs.h... yes
checking for sys/random.h... yes
checking for sys/syscall.h... yes
checking for valgrind/valgrind.h... no
checking for endian.h... yes
checking for sys/endian.h... no
checking for sys/param.h... yes
checking whether it is safe to define __EXTENSIONS__... yes
checking whether _XOPEN_SOURCE should be defined... no
checking for clang option to enable large file support... none needed
checking whether C compiler accepts -Werror=unknown-warning-option... yes
checking whether C compiler accepts -Wall... yes
checking whether C compiler accepts -Wextra... yes
checking whether C compiler accepts -Walloc-zero... no
checking whether C compiler accepts -Walloca... yes
checking whether C compiler accepts -Wbad-function-cast... yes
checking whether C compiler accepts -Wcast-align... yes
checking whether C compiler accepts -Wcast-qual... yes
checking whether C compiler accepts -Wconversion... yes
checking whether C compiler accepts -Wformat=2... yes
checking whether C compiler accepts -Wformat-overflow=2... no
checking whether C compiler accepts -Wformat-signedness... yes
checking whether C compiler accepts -Wformat-truncation=1... no
checking whether C compiler accepts -Wlogical-op... no
checking whether C compiler accepts -Wmissing-declarations... yes
checking whether C compiler accepts -Wmissing-prototypes... yes
checking whether C compiler accepts -Wnested-externs... yes
checking whether C compiler accepts -Wnull-dereference... yes
checking whether C compiler accepts -Wold-style-definition... yes
checking whether C compiler accepts -Wpointer-arith... yes
checking whether C compiler accepts -Wrestrict... no
checking whether C compiler accepts -Wshadow... yes
checking whether C compiler accepts -Wstrict-overflow=2... yes
checking whether C compiler accepts -Wstrict-prototypes... yes
checking whether C compiler accepts -Wundef... yes
checking whether C compiler accepts -Wvla... yes
checking whether C compiler accepts -Wwrite-strings... yes
checking whether C compiler accepts -Wpedantic... yes
checking how to print strings... printf
checking for a sed that does not truncate output... /usr/sbin/sed
checking for grep that handles long lines and -e... /usr/sbin/grep
checking for egrep... /usr/sbin/grep -E
checking for fgrep... /usr/sbin/grep -F
checking for ld used by clang... ld.lld
checking if the linker (ld.lld) is GNU ld... yes
checking for BSD- or MS-compatible name lister (nm)... llvm-nm
checking the name lister (llvm-nm) interface... BSD nm
checking the maximum length of command line arguments... 1572864
checking how to convert x86_64-pc-linux-gnu file names to x86_64-pc-linux-gnu format... func_convert_file_noop
checking how to convert x86_64-pc-linux-gnu file names to toolchain format... func_convert_file_noop
checking for ld.lld option to reload object files... -r
checking for file... file
checking for objdump... llvm-objdump
checking how to recognize dependent libraries... pass_all
checking for dlltool... dlltool
checking how to associate runtime and link libraries... printf %s\n
checking for ranlib... llvm-ranlib
checking for archiver @FILE support... @
checking for strip... llvm-strip
checking command to parse llvm-nm output from clang object... ok
checking for sysroot... no
checking for a working dd... /usr/sbin/dd
checking how to truncate binary pipes... /usr/sbin/dd bs=4096 count=1
checking for mt... no
checking if : is a manifest tool... no
checking for dlfcn.h... yes
checking for objdir... .libs
checking if clang supports -fno-rtti -fno-exceptions... yes
checking for clang option to produce PIC... -fPIC -DPIC
checking if clang PIC flag -fPIC -DPIC works... yes
checking if clang static flag -static works... yes
checking if clang supports -c -o file.o... yes
checking if clang supports -c -o file.o... (cached) yes
checking whether the clang linker (ld.lld -m elf_x86_64) supports shared libraries... yes
checking whether -lc should be explicitly linked in... no
checking dynamic linker characteristics... GNU/Linux ld.so
checking how to hardcode library paths into programs... immediate
checking whether stripping libraries is possible... yes
checking if libtool supports shared libraries... yes
checking whether to build shared libraries... yes
checking whether to build static libraries... no
checking for _ prefix in compiled symbols... no
checking whether the preprocessor (clang -E) supports -dD... yes
checking whether we are compiling with ASan... no
checking whether sys/cdefs.h defines __BEGIN_DECLS and __END_DECLS... yes
checking whether sys/cdefs.h defines __THROW... yes
checking how to control data alignment... _Alignas
checking how to query data alignment... _Alignof
checking for max_align_t in stddef.h... yes
checking for byte order macros... BYTE_ORDER and xxx_ENDIAN
checking for static_assert in assert.h... yes
checking for ld --wrap... yes
checking linker version script flag... --version-script
checking if version scripts can use complex wildcards... yes
checking for __attribute__((symver))... no
checking how to make linking fail when undefined symbols remain... -Wl,-z,defs
checking how to make linking fail when there are text relocations... -Wl,-z,text
checking how to link with read-only relocations... -Wl,-z,relro
checking how to link with immediate binding... -Wl,-z,now
checking whether C compiler accepts -fno-plt... yes
checking for arc4random_buf... yes
checking for explicit_bzero... yes
checking for explicit_memset... no
checking for getentropy... yes
checking for getrandom... yes
checking for memset_explicit... yes
checking for memset_s... no
checking for open64... yes
checking for syscall... yes
checking for valgrind... no
checking for Python 3.>=6 with Passlib... not found
configure: Disabling the "regen-ka-table" target, missing Python requirements.
checking whether all ucontext.h functions are available... yes
checking that generated files are newer than configure... done
configure: creating ./config.status
config.status: creating Makefile
config.status: creating libxcrypt.pc
config.status: creating config.h
config.status: executing depfiles commands
config.status: executing libtool commands
make  all-am
make[1]: Entering directory '/home/builder/build/src/build-libxcrypt'
LC_ALL=C /usr/sbin/perl /home/builder/build/src/libxcrypt-4.5.2/build-aux/scripts/gen-libcrypt-map \
  SYMVER_MIN=XCRYPT_2.0 \
  SYMVER_FLOOR=XCRYPT_2.0 \
  COMPAT_ABI=no \
  /home/builder/build/src/libxcrypt-4.5.2/lib/libcrypt.map.in > libcrypt.map.T
depbase=`echo lib/gen-des-tables.o | sed 's|[^/]*$|.deps/&|;s|\.o$||'`;\
clang -DHAVE_CONFIG_H -I. -I/home/builder/build/src/libxcrypt-4.5.2  -I/home/builder/build/src/libxcrypt-4.5.2/lib  -Wall -Wextra -Walloca -Wbad-function-cast -Wcast-align -Wcast-qual -Wconversion -Wformat=2 -Wformat-signedness -Wmissing-declarations -Wmissing-prototypes -Wnested-externs -Wnull-dereference -Wold-style-definition -Wpointer-arith -Wshadow -Wstrict-overflow=2 -Wstrict-prototypes -Wundef -Wvla -Wwrite-strings -Wpedantic -fno-plt -march=x86-64-v3 -O2 -pipe -fno-plt -fexceptions         -Wp,-D_FORTIFY_SOURCE=3 -fstack-clash-protection -fcf-protection -MT lib/gen-des-tables.o -MD -MP -MF $depbase.Tpo -c -o lib/gen-des-tables.o /home/builder/build/src/libxcrypt-4.5.2/lib/gen-des-tables.c &&\
mv -f $depbase.Tpo $depbase.Po
/bin/sh ./libtool  --tag=CC   --mode=compile clang -DHAVE_CONFIG_H -I. -I/home/builder/build/src/libxcrypt-4.5.2  -I/home/builder/build/src/libxcrypt-4.5.2/lib -DIN_LIBCRYPT  -Wall -Wextra -Walloca -Wbad-function-cast -Wcast-align -Wcast-qual -Wconversion -Wformat=2 -Wformat-signedness -Wmissing-declarations -Wmissing-prototypes -Wnested-externs -Wnull-dereference -Wold-style-definition -Wpointer-arith -Wshadow -Wstrict-overflow=2 -Wstrict-prototypes -Wundef -Wvla -Wwrite-strings -Wpedantic -fno-plt -march=x86-64-v3 -O2 -pipe -fno-plt -fexceptions         -Wp,-D_FORTIFY_SOURCE=3 -fstack-clash-protection -fcf-protection -MT lib/libcrypt_la-alg-des-tables.lo -MD -MP -MF lib/.deps/libcrypt_la-alg-des-tables.Tpo -c -o lib/libcrypt_la-alg-des-tables.lo `test -f 'lib/alg-des-tables.c' || echo '/home/builder/build/src/libxcrypt-4.5.2/'`lib/alg-des-tables.c
/bin/sh ./libtool  --tag=CC   --mode=compile clang -DHAVE_CONFIG_H -I. -I/home/builder/build/src/libxcrypt-4.5.2  -I/home/builder/build/src/libxcrypt-4.5.2/lib -DIN_LIBCRYPT  -Wall -Wextra -Walloca -Wbad-function-cast -Wcast-align -Wcast-qual -Wconversion -Wformat=2 -Wformat-signedness -Wmissing-declarations -Wmissing-prototypes -Wnested-externs -Wnull-dereference -Wold-style-definition -Wpointer-arith -Wshadow -Wstrict-overflow=2 -Wstrict-prototypes -Wundef -Wvla -Wwrite-strings -Wpedantic -fno-plt -march=x86-64-v3 -O2 -pipe -fno-plt -fexceptions         -Wp,-D_FORTIFY_SOURCE=3 -fstack-clash-protection -fcf-protection -MT lib/libcrypt_la-alg-des.lo -MD -MP -MF lib/.deps/libcrypt_la-alg-des.Tpo -c -o lib/libcrypt_la-alg-des.lo `test -f 'lib/alg-des.c' || echo '/home/builder/build/src/libxcrypt-4.5.2/'`lib/alg-des.c
/bin/sh ./libtool  --tag=CC   --mode=compile clang -DHAVE_CONFIG_H -I. -I/home/builder/build/src/libxcrypt-4.5.2  -I/home/builder/build/src/libxcrypt-4.5.2/lib -DIN_LIBCRYPT  -Wall -Wextra -Walloca -Wbad-function-cast -Wcast-align -Wcast-qual -Wconversion -Wformat=2 -Wformat-signedness -Wmissing-declarations -Wmissing-prototypes -Wnested-externs -Wnull-dereference -Wold-style-definition -Wpointer-arith -Wshadow -Wstrict-overflow=2 -Wstrict-prototypes -Wundef -Wvla -Wwrite-strings -Wpedantic -fno-plt -march=x86-64-v3 -O2 -pipe -fno-plt -fexceptions         -Wp,-D_FORTIFY_SOURCE=3 -fstack-clash-protection -fcf-protection -MT lib/libcrypt_la-alg-gost3411-2012-core.lo -MD -MP -MF lib/.deps/libcrypt_la-alg-gost3411-2012-core.Tpo -c -o lib/libcrypt_la-alg-gost3411-2012-core.lo `test -f 'lib/alg-gost3411-2012-core.c' || echo '/home/builder/build/src/libxcrypt-4.5.2/'`lib/alg-gost3411-2012-core.c
/bin/sh ./libtool  --tag=CC   --mode=compile clang -DHAVE_CONFIG_H -I. -I/home/builder/build/src/libxcrypt-4.5.2  -I/home/builder/build/src/libxcrypt-4.5.2/lib -DIN_LIBCRYPT  -Wall -Wextra -Walloca -Wbad-function-cast -Wcast-align -Wcast-qual -Wconversion -Wformat=2 -Wformat-signedness -Wmissing-declarations -Wmissing-prototypes -Wnested-externs -Wnull-dereference -Wold-style-definition -Wpointer-arith -Wshadow -Wstrict-overflow=2 -Wstrict-prototypes -Wundef -Wvla -Wwrite-strings -Wpedantic -fno-plt -march=x86-64-v3 -O2 -pipe -fno-plt -fexceptions         -Wp,-D_FORTIFY_SOURCE=3 -fstack-clash-protection -fcf-protection -MT lib/libcrypt_la-alg-gost3411-2012-hmac.lo -MD -MP -MF lib/.deps/libcrypt_la-alg-gost3411-2012-hmac.Tpo -c -o lib/libcrypt_la-alg-gost3411-2012-hmac.lo `test -f 'lib/alg-gost3411-2012-hmac.c' || echo '/home/builder/build/src/libxcrypt-4.5.2/'`lib/alg-gost3411-2012-hmac.c
/bin/sh ./libtool  --tag=CC   --mode=compile clang -DHAVE_CONFIG_H -I. -I/home/builder/build/src/libxcrypt-4.5.2  -I/home/builder/build/src/libxcrypt-4.5.2/lib -DIN_LIBCRYPT  -Wall -Wextra -Walloca -Wbad-function-cast -Wcast-align -Wcast-qual -Wconversion -Wformat=2 -Wformat-signedness -Wmissing-declarations -Wmissing-prototypes -Wnested-externs -Wnull-dereference -Wold-style-definition -Wpointer-arith -Wshadow -Wstrict-overflow=2 -Wstrict-prototypes -Wundef -Wvla -Wwrite-strings -Wpedantic -fno-plt -march=x86-64-v3 -O2 -pipe -fno-plt -fexceptions         -Wp,-D_FORTIFY_SOURCE=3 -fstack-clash-protection -fcf-protection -MT lib/libcrypt_la-alg-hmac-sha1.lo -MD -MP -MF lib/.deps/libcrypt_la-alg-hmac-sha1.Tpo -c -o lib/libcrypt_la-alg-hmac-sha1.lo `test -f 'lib/alg-hmac-sha1.c' || echo '/home/builder/build/src/libxcrypt-4.5.2/'`lib/alg-hmac-sha1.c
/bin/sh ./libtool  --tag=CC   --mode=compile clang -DHAVE_CONFIG_H -I. -I/home/builder/build/src/libxcrypt-4.5.2  -I/home/builder/build/src/libxcrypt-4.5.2/lib -DIN_LIBCRYPT  -Wall -Wextra -Walloca -Wbad-function-cast -Wcast-align -Wcast-qual -Wconversion -Wformat=2 -Wformat-signedness -Wmissing-declarations -Wmissing-prototypes -Wnested-externs -Wnull-dereference -Wold-style-definition -Wpointer-arith -Wshadow -Wstrict-overflow=2 -Wstrict-prototypes -Wundef -Wvla -Wwrite-strings -Wpedantic -fno-plt -march=x86-64-v3 -O2 -pipe -fno-plt -fexceptions         -Wp,-D_FORTIFY_SOURCE=3 -fstack-clash-protection -fcf-protection -MT lib/libcrypt_la-alg-md4.lo -MD -MP -MF lib/.deps/libcrypt_la-alg-md4.Tpo -c -o lib/libcrypt_la-alg-md4.lo `test -f 'lib/alg-md4.c' || echo '/home/builder/build/src/libxcrypt-4.5.2/'`lib/alg-md4.c
/bin/sh ./libtool  --tag=CC   --mode=compile clang -DHAVE_CONFIG_H -I. -I/home/builder/build/src/libxcrypt-4.5.2  -I/home/builder/build/src/libxcrypt-4.5.2/lib -DIN_LIBCRYPT  -Wall -Wextra -Walloca -Wbad-function-cast -Wcast-align -Wcast-qual -Wconversion -Wformat=2 -Wformat-signedness -Wmissing-declarations -Wmissing-prototypes -Wnested-externs -Wnull-dereference -Wold-style-definition -Wpointer-arith -Wshadow -Wstrict-overflow=2 -Wstrict-prototypes -Wundef -Wvla -Wwrite-strings -Wpedantic -fno-plt -march=x86-64-v3 -O2 -pipe -fno-plt -fexceptions         -Wp,-D_FORTIFY_SOURCE=3 -fstack-clash-protection -fcf-protection -MT lib/libcrypt_la-alg-md5.lo -MD -MP -MF lib/.deps/libcrypt_la-alg-md5.Tpo -c -o lib/libcrypt_la-alg-md5.lo `test -f 'lib/alg-md5.c' || echo '/home/builder/build/src/libxcrypt-4.5.2/'`lib/alg-md5.c
/bin/sh ./libtool  --tag=CC   --mode=compile clang -DHAVE_CONFIG_H -I. -I/home/builder/build/src/libxcrypt-4.5.2  -I/home/builder/build/src/libxcrypt-4.5.2/lib -DIN_LIBCRYPT  -Wall -Wextra -Walloca -Wbad-function-cast -Wcast-align -Wcast-qual -Wconversion -Wformat=2 -Wformat-signedness -Wmissing-declarations -Wmissing-prototypes -Wnested-externs -Wnull-dereference -Wold-style-definition -Wpointer-arith -Wshadow -Wstrict-overflow=2 -Wstrict-prototypes -Wundef -Wvla -Wwrite-strings -Wpedantic -fno-plt -march=x86-64-v3 -O2 -pipe -fno-plt -fexceptions         -Wp,-D_FORTIFY_SOURCE=3 -fstack-clash-protection -fcf-protection -MT lib/libcrypt_la-alg-sha1.lo -MD -MP -MF lib/.deps/libcrypt_la-alg-sha1.Tpo -c -o lib/libcrypt_la-alg-sha1.lo `test -f 'lib/alg-sha1.c' || echo '/home/builder/build/src/libxcrypt-4.5.2/'`lib/alg-sha1.c
/bin/sh ./libtool  --tag=CC   --mode=compile clang -DHAVE_CONFIG_H -I. -I/home/builder/build/src/libxcrypt-4.5.2  -I/home/builder/build/src/libxcrypt-4.5.2/lib -DIN_LIBCRYPT  -Wall -Wextra -Walloca -Wbad-function-cast -Wcast-align -Wcast-qual -Wconversion -Wformat=2 -Wformat-signedness -Wmissing-declarations -Wmissing-prototypes -Wnested-externs -Wnull-dereference -Wold-style-definition -Wpointer-arith -Wshadow -Wstrict-overflow=2 -Wstrict-prototypes -Wundef -Wvla -Wwrite-strings -Wpedantic -fno-plt -march=x86-64-v3 -O2 -pipe -fno-plt -fexceptions         -Wp,-D_FORTIFY_SOURCE=3 -fstack-clash-protection -fcf-protection -MT lib/libcrypt_la-alg-sha256.lo -MD -MP -MF lib/.deps/libcrypt_la-alg-sha256.Tpo -c -o lib/libcrypt_la-alg-sha256.lo `test -f 'lib/alg-sha256.c' || echo '/home/builder/build/src/libxcrypt-4.5.2/'`lib/alg-sha256.c
/bin/sh ./libtool  --tag=CC   --mode=compile clang -DHAVE_CONFIG_H -I. -I/home/builder/build/src/libxcrypt-4.5.2  -I/home/builder/build/src/libxcrypt-4.5.2/lib -DIN_LIBCRYPT  -Wall -Wextra -Walloca -Wbad-function-cast -Wcast-align -Wcast-qual -Wconversion -Wformat=2 -Wformat-signedness -Wmissing-declarations -Wmissing-prototypes -Wnested-externs -Wnull-dereference -Wold-style-definition -Wpointer-arith -Wshadow -Wstrict-overflow=2 -Wstrict-prototypes -Wundef -Wvla -Wwrite-strings -Wpedantic -fno-plt -march=x86-64-v3 -O2 -pipe -fno-plt -fexceptions         -Wp,-D_FORTIFY_SOURCE=3 -fstack-clash-protection -fcf-protection -MT lib/libcrypt_la-alg-sha512.lo -MD -MP -MF lib/.deps/libcrypt_la-alg-sha512.Tpo -c -o lib/libcrypt_la-alg-sha512.lo `test -f 'lib/alg-sha512.c' || echo '/home/builder/build/src/libxcrypt-4.5.2/'`lib/alg-sha512.c
/bin/sh ./libtool  --tag=CC   --mode=compile clang -DHAVE_CONFIG_H -I. -I/home/builder/build/src/libxcrypt-4.5.2  -I/home/builder/build/src/libxcrypt-4.5.2/lib -DIN_LIBCRYPT  -Wall -Wextra -Walloca -Wbad-function-cast -Wcast-align -Wcast-qual -Wconversion -Wformat=2 -Wformat-signedness -Wmissing-declarations -Wmissing-prototypes -Wnested-externs -Wnull-dereference -Wold-style-definition -Wpointer-arith -Wshadow -Wstrict-overflow=2 -Wstrict-prototypes -Wundef -Wvla -Wwrite-strings -Wpedantic -fno-plt -march=x86-64-v3 -O2 -pipe -fno-plt -fexceptions         -Wp,-D_FORTIFY_SOURCE=3 -fstack-clash-protection -fcf-protection -MT lib/libcrypt_la-alg-sm3.lo -MD -MP -MF lib/.deps/libcrypt_la-alg-sm3.Tpo -c -o lib/libcrypt_la-alg-sm3.lo `test -f 'lib/alg-sm3.c' || echo '/home/builder/build/src/libxcrypt-4.5.2/'`lib/alg-sm3.c
/bin/sh ./libtool  --tag=CC   --mode=compile clang -DHAVE_CONFIG_H -I. -I/home/builder/build/src/libxcrypt-4.5.2  -I/home/builder/build/src/libxcrypt-4.5.2/lib -DIN_LIBCRYPT  -Wall -Wextra -Walloca -Wbad-function-cast -Wcast-align -Wcast-qual -Wconversion -Wformat=2 -Wformat-signedness -Wmissing-declarations -Wmissing-prototypes -Wnested-externs -Wnull-dereference -Wold-style-definition -Wpointer-arith -Wshadow -Wstrict-overflow=2 -Wstrict-prototypes -Wundef -Wvla -Wwrite-strings -Wpedantic -fno-plt -march=x86-64-v3 -O2 -pipe -fno-plt -fexceptions         -Wp,-D_FORTIFY_SOURCE=3 -fstack-clash-protection -fcf-protection -MT lib/libcrypt_la-alg-sm3-hmac.lo -MD -MP -MF lib/.deps/libcrypt_la-alg-sm3-hmac.Tpo -c -o lib/libcrypt_la-alg-sm3-hmac.lo `test -f 'lib/alg-sm3-hmac.c' || echo '/home/builder/build/src/libxcrypt-4.5.2/'`lib/alg-sm3-hmac.c
/bin/sh ./libtool  --tag=CC   --mode=compile clang -DHAVE_CONFIG_H -I. -I/home/builder/build/src/libxcrypt-4.5.2  -I/home/builder/build/src/libxcrypt-4.5.2/lib -DIN_LIBCRYPT  -Wall -Wextra -Walloca -Wbad-function-cast -Wcast-align -Wcast-qual -Wconversion -Wformat=2 -Wformat-signedness -Wmissing-declarations -Wmissing-prototypes -Wnested-externs -Wnull-dereference -Wold-style-definition -Wpointer-arith -Wshadow -Wstrict-overflow=2 -Wstrict-prototypes -Wundef -Wvla -Wwrite-strings -Wpedantic -fno-plt -march=x86-64-v3 -O2 -pipe -fno-plt -fexceptions         -Wp,-D_FORTIFY_SOURCE=3 -fstack-clash-protection -fcf-protection -MT lib/libcrypt_la-alg-yescrypt-common.lo -MD -MP -MF lib/.deps/libcrypt_la-alg-yescrypt-common.Tpo -c -o lib/libcrypt_la-alg-yescrypt-common.lo `test -f 'lib/alg-yescrypt-common.c' || echo '/home/builder/build/src/libxcrypt-4.5.2/'`lib/alg-yescrypt-common.c
/bin/sh ./libtool  --tag=CC   --mode=compile clang -DHAVE_CONFIG_H -I. -I/home/builder/build/src/libxcrypt-4.5.2  -I/home/builder/build/src/libxcrypt-4.5.2/lib -DIN_LIBCRYPT  -Wall -Wextra -Walloca -Wbad-function-cast -Wcast-align -Wcast-qual -Wconversion -Wformat=2 -Wformat-signedness -Wmissing-declarations -Wmissing-prototypes -Wnested-externs -Wnull-dereference -Wold-style-definition -Wpointer-arith -Wshadow -Wstrict-overflow=2 -Wstrict-prototypes -Wundef -Wvla -Wwrite-strings -Wpedantic -fno-plt -march=x86-64-v3 -O2 -pipe -fno-plt -fexceptions         -Wp,-D_FORTIFY_SOURCE=3 -fstack-clash-protection -fcf-protection -MT lib/libcrypt_la-alg-yescrypt-opt.lo -MD -MP -MF lib/.deps/libcrypt_la-alg-yescrypt-opt.Tpo -c -o lib/libcrypt_la-alg-yescrypt-opt.lo `test -f 'lib/alg-yescrypt-opt.c' || echo '/home/builder/build/src/libxcrypt-4.5.2/'`lib/alg-yescrypt-opt.c
/home/builder/build/src/libxcrypt-4.5.2/build-aux/scripts/move-if-change libcrypt.map.T libcrypt.map
echo timestamp > libcrypt.map.stamp
/bin/sh ./libtool  --tag=CC   --mode=compile clang -DHAVE_CONFIG_H -I. -I/home/builder/build/src/libxcrypt-4.5.2  -I/home/builder/build/src/libxcrypt-4.5.2/lib -DIN_LIBCRYPT  -Wall -Wextra -Walloca -Wbad-function-cast -Wcast-align -Wcast-qual -Wconversion -Wformat=2 -Wformat-signedness -Wmissing-declarations -Wmissing-prototypes -Wnested-externs -Wnull-dereference -Wold-style-definition -Wpointer-arith -Wshadow -Wstrict-overflow=2 -Wstrict-prototypes -Wundef -Wvla -Wwrite-strings -Wpedantic -fno-plt -march=x86-64-v3 -O2 -pipe -fno-plt -fexceptions         -Wp,-D_FORTIFY_SOURCE=3 -fstack-clash-protection -fcf-protection -MT lib/libcrypt_la-crypt-bcrypt.lo -MD -MP -MF lib/.deps/libcrypt_la-crypt-bcrypt.Tpo -c -o lib/libcrypt_la-crypt-bcrypt.lo `test -f 'lib/crypt-bcrypt.c' || echo '/home/builder/build/src/libxcrypt-4.5.2/'`lib/crypt-bcrypt.c
libtool: compile:  clang -DHAVE_CONFIG_H -I. -I/home/builder/build/src/libxcrypt-4.5.2 -I/home/builder/build/src/libxcrypt-4.5.2/lib -DIN_LIBCRYPT -Wall -Wextra -Walloca -Wbad-function-cast -Wcast-align -Wcast-qual -Wconversion -Wformat=2 -Wformat-signedness -Wmissing-declarations -Wmissing-prototypes -Wnested-externs -Wnull-dereference -Wold-style-definition -Wpointer-arith -Wshadow -Wstrict-overflow=2 -Wstrict-prototypes -Wundef -Wvla -Wwrite-strings -Wpedantic -fno-plt -march=x86-64-v3 -O2 -pipe -fno-plt -fexceptions -Wp,-D_FORTIFY_SOURCE=3 -fstack-clash-protection -fcf-protection -MT lib/libcrypt_la-alg-gost3411-2012-hmac.lo -MD -MP -MF lib/.deps/libcrypt_la-alg-gost3411-2012-hmac.Tpo -c /home/builder/build/src/libxcrypt-4.5.2/lib/alg-gost3411-2012-hmac.c  -fPIC -DPIC -o lib/.libs/libcrypt_la-alg-gost3411-2012-hmac.o
libtool: compile:  clang -DHAVE_CONFIG_H -I. -I/home/builder/build/src/libxcrypt-4.5.2 -I/home/builder/build/src/libxcrypt-4.5.2/lib -DIN_LIBCRYPT -Wall -Wextra -Walloca -Wbad-function-cast -Wcast-align -Wcast-qual -Wconversion -Wformat=2 -Wformat-signedness -Wmissing-declarations -Wmissing-prototypes -Wnested-externs -Wnull-dereference -Wold-style-definition -Wpointer-arith -Wshadow -Wstrict-overflow=2 -Wstrict-prototypes -Wundef -Wvla -Wwrite-strings -Wpedantic -fno-plt -march=x86-64-v3 -O2 -pipe -fno-plt -fexceptions -Wp,-D_FORTIFY_SOURCE=3 -fstack-clash-protection -fcf-protection -MT lib/libcrypt_la-alg-gost3411-2012-core.lo -MD -MP -MF lib/.deps/libcrypt_la-alg-gost3411-2012-core.Tpo -c /home/builder/build/src/libxcrypt-4.5.2/lib/alg-gost3411-2012-core.c  -fPIC -DPIC -o lib/.libs/libcrypt_la-alg-gost3411-2012-core.o
libtool: compile:  clang -DHAVE_CONFIG_H -I. -I/home/builder/build/src/libxcrypt-4.5.2 -I/home/builder/build/src/libxcrypt-4.5.2/lib -DIN_LIBCRYPT -Wall -Wextra -Walloca -Wbad-function-cast -Wcast-align -Wcast-qual -Wconversion -Wformat=2 -Wformat-signedness -Wmissing-declarations -Wmissing-prototypes -Wnested-externs -Wnull-dereference -Wold-style-definition -Wpointer-arith -Wshadow -Wstrict-overflow=2 -Wstrict-prototypes -Wundef -Wvla -Wwrite-strings -Wpedantic -fno-plt -march=x86-64-v3 -O2 -pipe -fno-plt -fexceptions -Wp,-D_FORTIFY_SOURCE=3 -fstack-clash-protection -fcf-protection -MT lib/libcrypt_la-alg-sm3-hmac.lo -MD -MP -MF lib/.deps/libcrypt_la-alg-sm3-hmac.Tpo -c /home/builder/build/src/libxcrypt-4.5.2/lib/alg-sm3-hmac.c  -fPIC -DPIC -o lib/.libs/libcrypt_la-alg-sm3-hmac.o
libtool: compile:  clang -DHAVE_CONFIG_H -I. -I/home/builder/build/src/libxcrypt-4.5.2 -I/home/builder/build/src/libxcrypt-4.5.2/lib -DIN_LIBCRYPT -Wall -Wextra -Walloca -Wbad-function-cast -Wcast-align -Wcast-qual -Wconversion -Wformat=2 -Wformat-signedness -Wmissing-declarations -Wmissing-prototypes -Wnested-externs -Wnull-dereference -Wold-style-definition -Wpointer-arith -Wshadow -Wstrict-overflow=2 -Wstrict-prototypes -Wundef -Wvla -Wwrite-strings -Wpedantic -fno-plt -march=x86-64-v3 -O2 -pipe -fno-plt -fexceptions -Wp,-D_FORTIFY_SOURCE=3 -fstack-clash-protection -fcf-protection -MT lib/libcrypt_la-alg-md5.lo -MD -MP -MF lib/.deps/libcrypt_la-alg-md5.Tpo -c /home/builder/build/src/libxcrypt-4.5.2/lib/alg-md5.c  -fPIC -DPIC -o lib/.libs/libcrypt_la-alg-md5.o
libtool: compile:  clang -DHAVE_CONFIG_H -I. -I/home/builder/build/src/libxcrypt-4.5.2 -I/home/builder/build/src/libxcrypt-4.5.2/lib -DIN_LIBCRYPT -Wall -Wextra -Walloca -Wbad-function-cast -Wcast-align -Wcast-qual -Wconversion -Wformat=2 -Wformat-signedness -Wmissing-declarations -Wmissing-prototypes -Wnested-externs -Wnull-dereference -Wold-style-definition -Wpointer-arith -Wshadow -Wstrict-overflow=2 -Wstrict-prototypes -Wundef -Wvla -Wwrite-strings -Wpedantic -fno-plt -march=x86-64-v3 -O2 -pipe -fno-plt -fexceptions -Wp,-D_FORTIFY_SOURCE=3 -fstack-clash-protection -fcf-protection -MT lib/libcrypt_la-alg-sm3.lo -MD -MP -MF lib/.deps/libcrypt_la-alg-sm3.Tpo -c /home/builder/build/src/libxcrypt-4.5.2/lib/alg-sm3.c  -fPIC -DPIC -o lib/.libs/libcrypt_la-alg-sm3.o
libtool: compile:  clang -DHAVE_CONFIG_H -I. -I/home/builder/build/src/libxcrypt-4.5.2 -I/home/builder/build/src/libxcrypt-4.5.2/lib -DIN_LIBCRYPT -Wall -Wextra -Walloca -Wbad-function-cast -Wcast-align -Wcast-qual -Wconversion -Wformat=2 -Wformat-signedness -Wmissing-declarations -Wmissing-prototypes -Wnested-externs -Wnull-dereference -Wold-style-definition -Wpointer-arith -Wshadow -Wstrict-overflow=2 -Wstrict-prototypes -Wundef -Wvla -Wwrite-strings -Wpedantic -fno-plt -march=x86-64-v3 -O2 -pipe -fno-plt -fexceptions -Wp,-D_FORTIFY_SOURCE=3 -fstack-clash-protection -fcf-protection -MT lib/libcrypt_la-alg-sha1.lo -MD -MP -MF lib/.deps/libcrypt_la-alg-sha1.Tpo -c /home/builder/build/src/libxcrypt-4.5.2/lib/alg-sha1.c  -fPIC -DPIC -o lib/.libs/libcrypt_la-alg-sha1.o
libtool: compile:  clang -DHAVE_CONFIG_H -I. -I/home/builder/build/src/libxcrypt-4.5.2 -I/home/builder/build/src/libxcrypt-4.5.2/lib -DIN_LIBCRYPT -Wall -Wextra -Walloca -Wbad-function-cast -Wcast-align -Wcast-qual -Wconversion -Wformat=2 -Wformat-signedness -Wmissing-declarations -Wmissing-prototypes -Wnested-externs -Wnull-dereference -Wold-style-definition -Wpointer-arith -Wshadow -Wstrict-overflow=2 -Wstrict-prototypes -Wundef -Wvla -Wwrite-strings -Wpedantic -fno-plt -march=x86-64-v3 -O2 -pipe -fno-plt -fexceptions -Wp,-D_FORTIFY_SOURCE=3 -fstack-clash-protection -fcf-protection -MT lib/libcrypt_la-alg-sha512.lo -MD -MP -MF lib/.deps/libcrypt_la-alg-sha512.Tpo -c /home/builder/build/src/libxcrypt-4.5.2/lib/alg-sha512.c  -fPIC -DPIC -o lib/.libs/libcrypt_la-alg-sha512.o
libtool: compile:  clang -DHAVE_CONFIG_H -I. -I/home/builder/build/src/libxcrypt-4.5.2 -I/home/builder/build/src/libxcrypt-4.5.2/lib -DIN_LIBCRYPT -Wall -Wextra -Walloca -Wbad-function-cast -Wcast-align -Wcast-qual -Wconversion -Wformat=2 -Wformat-signedness -Wmissing-declarations -Wmissing-prototypes -Wnested-externs -Wnull-dereference -Wold-style-definition -Wpointer-arith -Wshadow -Wstrict-overflow=2 -Wstrict-prototypes -Wundef -Wvla -Wwrite-strings -Wpedantic -fno-plt -march=x86-64-v3 -O2 -pipe -fno-plt -fexceptions -Wp,-D_FORTIFY_SOURCE=3 -fstack-clash-protection -fcf-protection -MT lib/libcrypt_la-alg-des-tables.lo -MD -MP -MF lib/.deps/libcrypt_la-alg-des-tables.Tpo -c /home/builder/build/src/libxcrypt-4.5.2/lib/alg-des-tables.c  -fPIC -DPIC -o lib/.libs/libcrypt_la-alg-des-tables.o
libtool: compile:  clang -DHAVE_CONFIG_H -I. -I/home/builder/build/src/libxcrypt-4.5.2 -I/home/builder/build/src/libxcrypt-4.5.2/lib -DIN_LIBCRYPT -Wall -Wextra -Walloca -Wbad-function-cast -Wcast-align -Wcast-qual -Wconversion -Wformat=2 -Wformat-signedness -Wmissing-declarations -Wmissing-prototypes -Wnested-externs -Wnull-dereference -Wold-style-definition -Wpointer-arith -Wshadow -Wstrict-overflow=2 -Wstrict-prototypes -Wundef -Wvla -Wwrite-strings -Wpedantic -fno-plt -march=x86-64-v3 -O2 -pipe -fno-plt -fexceptions -Wp,-D_FORTIFY_SOURCE=3 -fstack-clash-protection -fcf-protection -MT lib/libcrypt_la-alg-sha256.lo -MD -MP -MF lib/.deps/libcrypt_la-alg-sha256.Tpo -c /home/builder/build/src/libxcrypt-4.5.2/lib/alg-sha256.c  -fPIC -DPIC -o lib/.libs/libcrypt_la-alg-sha256.o
libtool: compile:  clang -DHAVE_CONFIG_H -I. -I/home/builder/build/src/libxcrypt-4.5.2 -I/home/builder/build/src/libxcrypt-4.5.2/lib -DIN_LIBCRYPT -Wall -Wextra -Walloca -Wbad-function-cast -Wcast-align -Wcast-qual -Wconversion -Wformat=2 -Wformat-signedness -Wmissing-declarations -Wmissing-prototypes -Wnested-externs -Wnull-dereference -Wold-style-definition -Wpointer-arith -Wshadow -Wstrict-overflow=2 -Wstrict-prototypes -Wundef -Wvla -Wwrite-strings -Wpedantic -fno-plt -march=x86-64-v3 -O2 -pipe -fno-plt -fexceptions -Wp,-D_FORTIFY_SOURCE=3 -fstack-clash-protection -fcf-protection -MT lib/libcrypt_la-alg-md4.lo -MD -MP -MF lib/.deps/libcrypt_la-alg-md4.Tpo -c /home/builder/build/src/libxcrypt-4.5.2/lib/alg-md4.c  -fPIC -DPIC -o lib/.libs/libcrypt_la-alg-md4.o
libtool: compile:  clang -DHAVE_CONFIG_H -I. -I/home/builder/build/src/libxcrypt-4.5.2 -I/home/builder/build/src/libxcrypt-4.5.2/lib -DIN_LIBCRYPT -Wall -Wextra -Walloca -Wbad-function-cast -Wcast-align -Wcast-qual -Wconversion -Wformat=2 -Wformat-signedness -Wmissing-declarations -Wmissing-prototypes -Wnested-externs -Wnull-dereference -Wold-style-definition -Wpointer-arith -Wshadow -Wstrict-overflow=2 -Wstrict-prototypes -Wundef -Wvla -Wwrite-strings -Wpedantic -fno-plt -march=x86-64-v3 -O2 -pipe -fno-plt -fexceptions -Wp,-D_FORTIFY_SOURCE=3 -fstack-clash-protection -fcf-protection -MT lib/libcrypt_la-alg-yescrypt-common.lo -MD -MP -MF lib/.deps/libcrypt_la-alg-yescrypt-common.Tpo -c /home/builder/build/src/libxcrypt-4.5.2/lib/alg-yescrypt-common.c  -fPIC -DPIC -o lib/.libs/libcrypt_la-alg-yescrypt-common.o
libtool: compile:  clang -DHAVE_CONFIG_H -I. -I/home/builder/build/src/libxcrypt-4.5.2 -I/home/builder/build/src/libxcrypt-4.5.2/lib -DIN_LIBCRYPT -Wall -Wextra -Walloca -Wbad-function-cast -Wcast-align -Wcast-qual -Wconversion -Wformat=2 -Wformat-signedness -Wmissing-declarations -Wmissing-prototypes -Wnested-externs -Wnull-dereference -Wold-style-definition -Wpointer-arith -Wshadow -Wstrict-overflow=2 -Wstrict-prototypes -Wundef -Wvla -Wwrite-strings -Wpedantic -fno-plt -march=x86-64-v3 -O2 -pipe -fno-plt -fexceptions -Wp,-D_FORTIFY_SOURCE=3 -fstack-clash-protection -fcf-protection -MT lib/libcrypt_la-alg-yescrypt-opt.lo -MD -MP -MF lib/.deps/libcrypt_la-alg-yescrypt-opt.Tpo -c /home/builder/build/src/libxcrypt-4.5.2/lib/alg-yescrypt-opt.c  -fPIC -DPIC -o lib/.libs/libcrypt_la-alg-yescrypt-opt.o
libtool: compile:  clang -DHAVE_CONFIG_H -I. -I/home/builder/build/src/libxcrypt-4.5.2 -I/home/builder/build/src/libxcrypt-4.5.2/lib -DIN_LIBCRYPT -Wall -Wextra -Walloca -Wbad-function-cast -Wcast-align -Wcast-qual -Wconversion -Wformat=2 -Wformat-signedness -Wmissing-declarations -Wmissing-prototypes -Wnested-externs -Wnull-dereference -Wold-style-definition -Wpointer-arith -Wshadow -Wstrict-overflow=2 -Wstrict-prototypes -Wundef -Wvla -Wwrite-strings -Wpedantic -fno-plt -march=x86-64-v3 -O2 -pipe -fno-plt -fexceptions -Wp,-D_FORTIFY_SOURCE=3 -fstack-clash-protection -fcf-protection -MT lib/libcrypt_la-alg-des.lo -MD -MP -MF lib/.deps/libcrypt_la-alg-des.Tpo -c /home/builder/build/src/libxcrypt-4.5.2/lib/alg-des.c  -fPIC -DPIC -o lib/.libs/libcrypt_la-alg-des.o
libtool: compile:  clang -DHAVE_CONFIG_H -I. -I/home/builder/build/src/libxcrypt-4.5.2 -I/home/builder/build/src/libxcrypt-4.5.2/lib -DIN_LIBCRYPT -Wall -Wextra -Walloca -Wbad-function-cast -Wcast-align -Wcast-qual -Wconversion -Wformat=2 -Wformat-signedness -Wmissing-declarations -Wmissing-prototypes -Wnested-externs -Wnull-dereference -Wold-style-definition -Wpointer-arith -Wshadow -Wstrict-overflow=2 -Wstrict-prototypes -Wundef -Wvla -Wwrite-strings -Wpedantic -fno-plt -march=x86-64-v3 -O2 -pipe -fno-plt -fexceptions -Wp,-D_FORTIFY_SOURCE=3 -fstack-clash-protection -fcf-protection -MT lib/libcrypt_la-alg-hmac-sha1.lo -MD -MP -MF lib/.deps/libcrypt_la-alg-hmac-sha1.Tpo -c /home/builder/build/src/libxcrypt-4.5.2/lib/alg-hmac-sha1.c  -fPIC -DPIC -o lib/.libs/libcrypt_la-alg-hmac-sha1.o
libtool: compile:  clang -DHAVE_CONFIG_H -I. -I/home/builder/build/src/libxcrypt-4.5.2 -I/home/builder/build/src/libxcrypt-4.5.2/lib -DIN_LIBCRYPT -Wall -Wextra -Walloca -Wbad-function-cast -Wcast-align -Wcast-qual -Wconversion -Wformat=2 -Wformat-signedness -Wmissing-declarations -Wmissing-prototypes -Wnested-externs -Wnull-dereference -Wold-style-definition -Wpointer-arith -Wshadow -Wstrict-overflow=2 -Wstrict-prototypes -Wundef -Wvla -Wwrite-strings -Wpedantic -fno-plt -march=x86-64-v3 -O2 -pipe -fno-plt -fexceptions -Wp,-D_FORTIFY_SOURCE=3 -fstack-clash-protection -fcf-protection -MT lib/libcrypt_la-crypt-bcrypt.lo -MD -MP -MF lib/.deps/libcrypt_la-crypt-bcrypt.Tpo -c /home/builder/build/src/libxcrypt-4.5.2/lib/crypt-bcrypt.c  -fPIC -DPIC -o lib/.libs/libcrypt_la-crypt-bcrypt.o
mv -f lib/.deps/libcrypt_la-alg-sha1.Tpo lib/.deps/libcrypt_la-alg-sha1.Plo
/bin/sh ./libtool  --tag=CC   --mode=compile clang -DHAVE_CONFIG_H -I. -I/home/builder/build/src/libxcrypt-4.5.2  -I/home/builder/build/src/libxcrypt-4.5.2/lib -DIN_LIBCRYPT  -Wall -Wextra -Walloca -Wbad-function-cast -Wcast-align -Wcast-qual -Wconversion -Wformat=2 -Wformat-signedness -Wmissing-declarations -Wmissing-prototypes -Wnested-externs -Wnull-dereference -Wold-style-definition -Wpointer-arith -Wshadow -Wstrict-overflow=2 -Wstrict-prototypes -Wundef -Wvla -Wwrite-strings -Wpedantic -fno-plt -march=x86-64-v3 -O2 -pipe -fno-plt -fexceptions         -Wp,-D_FORTIFY_SOURCE=3 -fstack-clash-protection -fcf-protection -MT lib/libcrypt_la-crypt-des.lo -MD -MP -MF lib/.deps/libcrypt_la-crypt-des.Tpo -c -o lib/libcrypt_la-crypt-des.lo `test -f 'lib/crypt-des.c' || echo '/home/builder/build/src/libxcrypt-4.5.2/'`lib/crypt-des.c
mv -f lib/.deps/libcrypt_la-alg-md4.Tpo lib/.deps/libcrypt_la-alg-md4.Plo
/bin/sh ./libtool  --tag=CC   --mode=compile clang -DHAVE_CONFIG_H -I. -I/home/builder/build/src/libxcrypt-4.5.2  -I/home/builder/build/src/libxcrypt-4.5.2/lib -DIN_LIBCRYPT  -Wall -Wextra -Walloca -Wbad-function-cast -Wcast-align -Wcast-qual -Wconversion -Wformat=2 -Wformat-signedness -Wmissing-declarations -Wmissing-prototypes -Wnested-externs -Wnull-dereference -Wold-style-definition -Wpointer-arith -Wshadow -Wstrict-overflow=2 -Wstrict-prototypes -Wundef -Wvla -Wwrite-strings -Wpedantic -fno-plt -march=x86-64-v3 -O2 -pipe -fno-plt -fexceptions         -Wp,-D_FORTIFY_SOURCE=3 -fstack-clash-protection -fcf-protection -MT lib/libcrypt_la-crypt-gensalt-static.lo -MD -MP -MF lib/.deps/libcrypt_la-crypt-gensalt-static.Tpo -c -o lib/libcrypt_la-crypt-gensalt-static.lo `test -f 'lib/crypt-gensalt-static.c' || echo '/home/builder/build/src/libxcrypt-4.5.2/'`lib/crypt-gensalt-static.c
mv -f lib/.deps/libcrypt_la-alg-gost3411-2012-hmac.Tpo lib/.deps/libcrypt_la-alg-gost3411-2012-hmac.Plo
/bin/sh ./libtool  --tag=CC   --mode=compile clang -DHAVE_CONFIG_H -I. -I/home/builder/build/src/libxcrypt-4.5.2  -I/home/builder/build/src/libxcrypt-4.5.2/lib -DIN_LIBCRYPT  -Wall -Wextra -Walloca -Wbad-function-cast -Wcast-align -Wcast-qual -Wconversion -Wformat=2 -Wformat-signedness -Wmissing-declarations -Wmissing-prototypes -Wnested-externs -Wnull-dereference -Wold-style-definition -Wpointer-arith -Wshadow -Wstrict-overflow=2 -Wstrict-prototypes -Wundef -Wvla -Wwrite-strings -Wpedantic -fno-plt -march=x86-64-v3 -O2 -pipe -fno-plt -fexceptions         -Wp,-D_FORTIFY_SOURCE=3 -fstack-clash-protection -fcf-protection -MT lib/libcrypt_la-crypt-gost-yescrypt.lo -MD -MP -MF lib/.deps/libcrypt_la-crypt-gost-yescrypt.Tpo -c -o lib/libcrypt_la-crypt-gost-yescrypt.lo `test -f 'lib/crypt-gost-yescrypt.c' || echo '/home/builder/build/src/libxcrypt-4.5.2/'`lib/crypt-gost-yescrypt.c
mv -f lib/.deps/libcrypt_la-alg-sm3-hmac.Tpo lib/.deps/libcrypt_la-alg-sm3-hmac.Plo
mv -f lib/.deps/libcrypt_la-alg-hmac-sha1.Tpo lib/.deps/libcrypt_la-alg-hmac-sha1.Plo
/bin/sh ./libtool  --tag=CC   --mode=compile clang -DHAVE_CONFIG_H -I. -I/home/builder/build/src/libxcrypt-4.5.2  -I/home/builder/build/src/libxcrypt-4.5.2/lib -DIN_LIBCRYPT  -Wall -Wextra -Walloca -Wbad-function-cast -Wcast-align -Wcast-qual -Wconversion -Wformat=2 -Wformat-signedness -Wmissing-declarations -Wmissing-prototypes -Wnested-externs -Wnull-dereference -Wold-style-definition -Wpointer-arith -Wshadow -Wstrict-overflow=2 -Wstrict-prototypes -Wundef -Wvla -Wwrite-strings -Wpedantic -fno-plt -march=x86-64-v3 -O2 -pipe -fno-plt -fexceptions         -Wp,-D_FORTIFY_SOURCE=3 -fstack-clash-protection -fcf-protection -MT lib/libcrypt_la-crypt-sm3-yescrypt.lo -MD -MP -MF lib/.deps/libcrypt_la-crypt-sm3-yescrypt.Tpo -c -o lib/libcrypt_la-crypt-sm3-yescrypt.lo `test -f 'lib/crypt-sm3-yescrypt.c' || echo '/home/builder/build/src/libxcrypt-4.5.2/'`lib/crypt-sm3-yescrypt.c
/bin/sh ./libtool  --tag=CC   --mode=compile clang -DHAVE_CONFIG_H -I. -I/home/builder/build/src/libxcrypt-4.5.2  -I/home/builder/build/src/libxcrypt-4.5.2/lib -DIN_LIBCRYPT  -Wall -Wextra -Walloca -Wbad-function-cast -Wcast-align -Wcast-qual -Wconversion -Wformat=2 -Wformat-signedness -Wmissing-declarations -Wmissing-prototypes -Wnested-externs -Wnull-dereference -Wold-style-definition -Wpointer-arith -Wshadow -Wstrict-overflow=2 -Wstrict-prototypes -Wundef -Wvla -Wwrite-strings -Wpedantic -fno-plt -march=x86-64-v3 -O2 -pipe -fno-plt -fexceptions         -Wp,-D_FORTIFY_SOURCE=3 -fstack-clash-protection -fcf-protection -MT lib/libcrypt_la-crypt-md5.lo -MD -MP -MF lib/.deps/libcrypt_la-crypt-md5.Tpo -c -o lib/libcrypt_la-crypt-md5.lo `test -f 'lib/crypt-md5.c' || echo '/home/builder/build/src/libxcrypt-4.5.2/'`lib/crypt-md5.c
mv -f lib/.deps/libcrypt_la-alg-des.Tpo lib/.deps/libcrypt_la-alg-des.Plo
/bin/sh ./libtool  --tag=CC   --mode=compile clang -DHAVE_CONFIG_H -I. -I/home/builder/build/src/libxcrypt-4.5.2  -I/home/builder/build/src/libxcrypt-4.5.2/lib -DIN_LIBCRYPT  -Wall -Wextra -Walloca -Wbad-function-cast -Wcast-align -Wcast-qual -Wconversion -Wformat=2 -Wformat-signedness -Wmissing-declarations -Wmissing-prototypes -Wnested-externs -Wnull-dereference -Wold-style-definition -Wpointer-arith -Wshadow -Wstrict-overflow=2 -Wstrict-prototypes -Wundef -Wvla -Wwrite-strings -Wpedantic -fno-plt -march=x86-64-v3 -O2 -pipe -fno-plt -fexceptions         -Wp,-D_FORTIFY_SOURCE=3 -fstack-clash-protection -fcf-protection -MT lib/libcrypt_la-crypt-nthash.lo -MD -MP -MF lib/.deps/libcrypt_la-crypt-nthash.Tpo -c -o lib/libcrypt_la-crypt-nthash.lo `test -f 'lib/crypt-nthash.c' || echo '/home/builder/build/src/libxcrypt-4.5.2/'`lib/crypt-nthash.c
/home/builder/build/src/libxcrypt-4.5.2/lib/alg-yescrypt-opt.c:681:3: warning: use of GNU statement expression extension from macro expansion [-Wgnu-statement-expression-from-macro-expansion]
  681 |                 PWXFORM
      |                 ^
/home/builder/build/src/libxcrypt-4.5.2/lib/alg-yescrypt-opt.c:633:2: note: expanded from macro 'PWXFORM'
  633 |         PWXFORM_ROUND \
      |         ^
/home/builder/build/src/libxcrypt-4.5.2/lib/alg-yescrypt-opt.c:588:2: note: expanded from macro 'PWXFORM_ROUND'
  588 |         PWXFORM_SIMD(X0) \
      |         ^
/home/builder/build/src/libxcrypt-4.5.2/lib/alg-yescrypt-opt.c:525:42: note: expanded from macro 'PWXFORM_SIMD'
  525 |         uint32_t lo = (uint32_t)(x = ((uint64_t)EXTRACT64(X)) & Smask2reg); \
      |                                                 ^
/home/builder/build/src/libxcrypt-4.5.2/lib/alg-yescrypt-opt.c:475:23: note: expanded from macro 'EXTRACT64'
  475 | #define EXTRACT64(X) ({ \
      |                       ^
/home/builder/build/src/libxcrypt-4.5.2/lib/alg-yescrypt-opt.c:681:3: warning: use of GNU statement expression extension from macro expansion [-Wgnu-statement-expression-from-macro-expansion]
/home/builder/build/src/libxcrypt-4.5.2/lib/alg-yescrypt-opt.c:633:2: note: expanded from macro 'PWXFORM'
  633 |         PWXFORM_ROUND \
      |         ^
/home/builder/build/src/libxcrypt-4.5.2/lib/alg-yescrypt-opt.c:589:2: note: expanded from macro 'PWXFORM_ROUND'
  589 |         PWXFORM_SIMD(X1) \
      |         ^
/home/builder/build/src/libxcrypt-4.5.2/lib/alg-yescrypt-opt.c:525:42: note: expanded from macro 'PWXFORM_SIMD'
  525 |         uint32_t lo = (uint32_t)(x = ((uint64_t)EXTRACT64(X)) & Smask2reg); \
      |                                                 ^
/home/builder/build/src/libxcrypt-4.5.2/lib/alg-yescrypt-opt.c:475:23: note: expanded from macro 'EXTRACT64'
  475 | #define EXTRACT64(X) ({ \
      |                       ^
/home/builder/build/src/libxcrypt-4.5.2/lib/alg-yescrypt-opt.c:681:3: warning: use of GNU statement expression extension from macro expansion [-Wgnu-statement-expression-from-macro-expansion]
/home/builder/build/src/libxcrypt-4.5.2/lib/alg-yescrypt-opt.c:633:2: note: expanded from macro 'PWXFORM'
  633 |         PWXFORM_ROUND \
      |         ^
/home/builder/build/src/libxcrypt-4.5.2/lib/alg-yescrypt-opt.c:590:2: note: expanded from macro 'PWXFORM_ROUND'
  590 |         PWXFORM_SIMD(X2) \
      |         ^
/home/builder/build/src/libxcrypt-4.5.2/lib/alg-yescrypt-opt.c:525:42: note: expanded from macro 'PWXFORM_SIMD'
  525 |         uint32_t lo = (uint32_t)(x = ((uint64_t)EXTRACT64(X)) & Smask2reg); \
      |                                                 ^
/home/builder/build/src/libxcrypt-4.5.2/lib/alg-yescrypt-opt.c:475:23: note: expanded from macro 'EXTRACT64'
  475 | #define EXTRACT64(X) ({ \
      |                       ^
libtool: compile:  clang -DHAVE_CONFIG_H -I. -I/home/builder/build/src/libxcrypt-4.5.2 -I/home/builder/build/src/libxcrypt-4.5.2/lib -DIN_LIBCRYPT -Wall -Wextra -Walloca -Wbad-function-cast -Wcast-align -Wcast-qual -Wconversion -Wformat=2 -Wformat-signedness -Wmissing-declarations -Wmissing-prototypes -Wnested-externs -Wnull-dereference -Wold-style-definition -Wpointer-arith -Wshadow -Wstrict-overflow=2 -Wstrict-prototypes -Wundef -Wvla -Wwrite-strings -Wpedantic -fno-plt -march=x86-64-v3 -O2 -pipe -fno-plt -fexceptions -Wp,-D_FORTIFY_SOURCE=3 -fstack-clash-protection -fcf-protection -MT lib/libcrypt_la-crypt-des.lo -MD -MP -MF lib/.deps/libcrypt_la-crypt-des.Tpo -c /home/builder/build/src/libxcrypt-4.5.2/lib/crypt-des.c  -fPIC -DPIC -o lib/.libs/libcrypt_la-crypt-des.o
/home/builder/build/src/libxcrypt-4.5.2/lib/alg-yescrypt-opt.c:681:3: warning: use of GNU statement expression extension from macro expansion [-Wgnu-statement-expression-from-macro-expansion]
/home/builder/build/src/libxcrypt-4.5.2/lib/alg-yescrypt-opt.c:633:2: note: expanded from macro 'PWXFORM'
  633 |         PWXFORM_ROUND \
      |         ^
/home/builder/build/src/libxcrypt-4.5.2/lib/alg-yescrypt-opt.c:591:2: note: expanded from macro 'PWXFORM_ROUND'
  591 |         PWXFORM_SIMD(X3)
      |         ^
/home/builder/build/src/libxcrypt-4.5.2/lib/alg-yescrypt-opt.c:525:42: note: expanded from macro 'PWXFORM_SIMD'
  525 |         uint32_t lo = (uint32_t)(x = ((uint64_t)EXTRACT64(X)) & Smask2reg); \
      |                                                 ^
/home/builder/build/src/libxcrypt-4.5.2/lib/alg-yescrypt-opt.c:475:23: note: expanded from macro 'EXTRACT64'
  475 | #define EXTRACT64(X) ({ \
      |                       ^
/home/builder/build/src/libxcrypt-4.5.2/lib/alg-yescrypt-opt.c:681:3: warning: use of GNU statement expression extension from macro expansion [-Wgnu-statement-expression-from-macro-expansion]
/home/builder/build/src/libxcrypt-4.5.2/lib/alg-yescrypt-opt.c:634:2: note: expanded from macro 'PWXFORM'
  634 |         PWXFORM_ROUND PWXFORM_WRITE \
      |         ^
/home/builder/build/src/libxcrypt-4.5.2/lib/alg-yescrypt-opt.c:588:2: note: expanded from macro 'PWXFORM_ROUND'
  588 |         PWXFORM_SIMD(X0) \
      |         ^
/home/builder/build/src/libxcrypt-4.5.2/lib/alg-yescrypt-opt.c:525:42: note: expanded from macro 'PWXFORM_SIMD'
  525 |         uint32_t lo = (uint32_t)(x = ((uint64_t)EXTRACT64(X)) & Smask2reg); \
      |                                                 ^
/home/builder/build/src/libxcrypt-4.5.2/lib/alg-yescrypt-opt.c:475:23: note: expanded from macro 'EXTRACT64'
  475 | #define EXTRACT64(X) ({ \
      |                       ^
/home/builder/build/src/libxcrypt-4.5.2/lib/alg-yescrypt-opt.c:681:3: warning: use of GNU statement expression extension from macro expansion [-Wgnu-statement-expression-from-macro-expansion]
/home/builder/build/src/libxcrypt-4.5.2/lib/alg-yescrypt-opt.c:634:2: note: expanded from macro 'PWXFORM'
  634 |         PWXFORM_ROUND PWXFORM_WRITE \
      |         ^
/home/builder/build/src/libxcrypt-4.5.2/lib/alg-yescrypt-opt.c:589:2: note: expanded from macro 'PWXFORM_ROUND'
  589 |         PWXFORM_SIMD(X1) \
      |         ^
/home/builder/build/src/libxcrypt-4.5.2/lib/alg-yescrypt-opt.c:525:42: note: expanded from macro 'PWXFORM_SIMD'
  525 |         uint32_t lo = (uint32_t)(x = ((uint64_t)EXTRACT64(X)) & Smask2reg); \
      |                                                 ^
/home/builder/build/src/libxcrypt-4.5.2/lib/alg-yescrypt-opt.c:475:23: note: expanded from macro 'EXTRACT64'
  475 | #define EXTRACT64(X) ({ \
      |                       ^
/home/builder/build/src/libxcrypt-4.5.2/lib/alg-yescrypt-opt.c:681:3: warning: use of GNU statement expression extension from macro expansion [-Wgnu-statement-expression-from-macro-expansion]
/home/builder/build/src/libxcrypt-4.5.2/lib/alg-yescrypt-opt.c:634:2: note: expanded from macro 'PWXFORM'
  634 |         PWXFORM_ROUND PWXFORM_WRITE \
      |         ^
/home/builder/build/src/libxcrypt-4.5.2/lib/alg-yescrypt-opt.c:590:2: note: expanded from macro 'PWXFORM_ROUND'
  590 |         PWXFORM_SIMD(X2) \
      |         ^
/home/builder/build/src/libxcrypt-4.5.2/lib/alg-yescrypt-opt.c:525:42: note: expanded from macro 'PWXFORM_SIMD'
  525 |         uint32_t lo = (uint32_t)(x = ((uint64_t)EXTRACT64(X)) & Smask2reg); \
      |                                                 ^
/home/builder/build/src/libxcrypt-4.5.2/lib/alg-yescrypt-opt.c:475:23: note: expanded from macro 'EXTRACT64'
  475 | #define EXTRACT64(X) ({ \
      |                       ^
/home/builder/build/src/libxcrypt-4.5.2/lib/alg-yescrypt-opt.c:681:3: warning: use of GNU statement expression extension from macro expansion [-Wgnu-statement-expression-from-macro-expansion]
/home/builder/build/src/libxcrypt-4.5.2/lib/alg-yescrypt-opt.c:634:2: note: expanded from macro 'PWXFORM'
  634 |         PWXFORM_ROUND PWXFORM_WRITE \
      |         ^
/home/builder/build/src/libxcrypt-4.5.2/lib/alg-yescrypt-opt.c:591:2: note: expanded from macro 'PWXFORM_ROUND'
  591 |         PWXFORM_SIMD(X3)
      |         ^
/home/builder/build/src/libxcrypt-4.5.2/lib/alg-yescrypt-opt.c:525:42: note: expanded from macro 'PWXFORM_SIMD'
  525 |         uint32_t lo = (uint32_t)(x = ((uint64_t)EXTRACT64(X)) & Smask2reg); \
      |                                                 ^
/home/builder/build/src/libxcrypt-4.5.2/lib/alg-yescrypt-opt.c:475:23: note: expanded from macro 'EXTRACT64'
  475 | #define EXTRACT64(X) ({ \
      |                       ^
/home/builder/build/src/libxcrypt-4.5.2/lib/alg-yescrypt-opt.c:681:3: warning: use of GNU statement expression extension from macro expansion [-Wgnu-statement-expression-from-macro-expansion]
/home/builder/build/src/libxcrypt-4.5.2/lib/alg-yescrypt-opt.c:635:2: note: expanded from macro 'PWXFORM'
  635 |         PWXFORM_ROUND PWXFORM_WRITE \
      |         ^
/home/builder/build/src/libxcrypt-4.5.2/lib/alg-yescrypt-opt.c:588:2: note: expanded from macro 'PWXFORM_ROUND'
  588 |         PWXFORM_SIMD(X0) \
      |         ^
/home/builder/build/src/libxcrypt-4.5.2/lib/alg-yescrypt-opt.c:525:42: note: expanded from macro 'PWXFORM_SIMD'
  525 |         uint32_t lo = (uint32_t)(x = ((uint64_t)EXTRACT64(X)) & Smask2reg); \
      |                                                 ^
/home/builder/build/src/libxcrypt-4.5.2/lib/alg-yescrypt-opt.c:475:23: note: expanded from macro 'EXTRACT64'
  475 | #define EXTRACT64(X) ({ \
      |                       ^
/home/builder/build/src/libxcrypt-4.5.2/lib/alg-yescrypt-opt.c:681:3: warning: use of GNU statement expression extension from macro expansion [-Wgnu-statement-expression-from-macro-expansion]
/home/builder/build/src/libxcrypt-4.5.2/lib/alg-yescrypt-opt.c:635:2: note: expanded from macro 'PWXFORM'
  635 |         PWXFORM_ROUND PWXFORM_WRITE \
      |         ^
/home/builder/build/src/libxcrypt-4.5.2/lib/alg-yescrypt-opt.c:589:2: note: expanded from macro 'PWXFORM_ROUND'
  589 |         PWXFORM_SIMD(X1) \
      |         ^
/home/builder/build/src/libxcrypt-4.5.2/lib/alg-yescrypt-opt.c:525:42: note: expanded from macro 'PWXFORM_SIMD'
  525 |         uint32_t lo = (uint32_t)(x = ((uint64_t)EXTRACT64(X)) & Smask2reg); \
      |                                                 ^
/home/builder/build/src/libxcrypt-4.5.2/lib/alg-yescrypt-opt.c:475:23: note: expanded from macro 'EXTRACT64'
  475 | #define EXTRACT64(X) ({ \
      |                       ^
mv -f lib/.deps/libcrypt_la-alg-des-tables.Tpo lib/.deps/libcrypt_la-alg-des-tables.Plo
/home/builder/build/src/libxcrypt-4.5.2/lib/alg-yescrypt-opt.c:681:3: warning: use of GNU statement expression extension from macro expansion [-Wgnu-statement-expression-from-macro-expansion]
/home/builder/build/src/libxcrypt-4.5.2/lib/alg-yescrypt-opt.c:635:2: note: expanded from macro 'PWXFORM'
  635 |         PWXFORM_ROUND PWXFORM_WRITE \
      |         ^
/home/builder/build/src/libxcrypt-4.5.2/lib/alg-yescrypt-opt.c:590:2: note: expanded from macro 'PWXFORM_ROUND'
  590 |         PWXFORM_SIMD(X2) \
      |         ^
/home/builder/build/src/libxcrypt-4.5.2/lib/alg-yescrypt-opt.c:525:42: note: expanded from macro 'PWXFORM_SIMD'
  525 |         uint32_t lo = (uint32_t)(x = ((uint64_t)EXTRACT64(X)) & Smask2reg); \
      |                                                 ^
/home/builder/build/src/libxcrypt-4.5.2/lib/alg-yescrypt-opt.c:475:23: note: expanded from macro 'EXTRACT64'
  475 | #define EXTRACT64(X) ({ \
      |                       ^
/home/builder/build/src/libxcrypt-4.5.2/lib/alg-yescrypt-opt.c:681:3: warning: use of GNU statement expression extension from macro expansion [-Wgnu-statement-expression-from-macro-expansion]
/home/builder/build/src/libxcrypt-4.5.2/lib/alg-yescrypt-opt.c:635:2: note: expanded from macro 'PWXFORM'
  635 |         PWXFORM_ROUND PWXFORM_WRITE \
      |         ^
/home/builder/build/src/libxcrypt-4.5.2/lib/alg-yescrypt-opt.c:591:2: note: expanded from macro 'PWXFORM_ROUND'
  591 |         PWXFORM_SIMD(X3)
      |         ^
/home/builder/build/src/libxcrypt-4.5.2/lib/alg-yescrypt-opt.c:525:42: note: expanded from macro 'PWXFORM_SIMD'
  525 |         uint32_t lo = (uint32_t)(x = ((uint64_t)EXTRACT64(X)) & Smask2reg); \
      |                                                 ^
/home/builder/build/src/libxcrypt-4.5.2/lib/alg-yescrypt-opt.c:475:23: note: expanded from macro 'EXTRACT64'
  475 | #define EXTRACT64(X) ({ \
      |                       ^
/home/builder/build/src/libxcrypt-4.5.2/lib/alg-yescrypt-opt.c:681:3: warning: use of GNU statement expression extension from macro expansion [-Wgnu-statement-expression-from-macro-expansion]
/home/builder/build/src/libxcrypt-4.5.2/lib/alg-yescrypt-opt.c:636:2: note: expanded from macro 'PWXFORM'
  636 |         PWXFORM_ROUND PWXFORM_WRITE \
      |         ^
/home/builder/build/src/libxcrypt-4.5.2/lib/alg-yescrypt-opt.c/bin/sh ./libtool  --tag=CC   --mode=compile clang -DHAVE_CONFIG_H -I. -I/home/builder/build/src/libxcrypt-4.5.2  -I/home/builder/build/src/libxcrypt-4.5.2/lib -DIN_LIBCRYPT  -Wall -Wextra -Walloca -Wbad-function-cast -Wcast-align -Wcast-qual -Wconversion -Wformat=2 -Wformat-signedness -Wmissing-declarations -Wmissing-prototypes -Wnested-externs -Wnull-dereference -Wold-style-definition -Wpointer-arith -Wshadow -Wstrict-overflow=2 -Wstrict-prototypes -Wundef -Wvla -Wwrite-strings -Wpedantic -fno-plt -march=x86-64-v3 -O2 -pipe -fno-plt -fexceptions         -Wp,-D_FORTIFY_SOURCE=3 -fstack-clash-protection -fcf-protection -MT lib/libcrypt_la-crypt-pbkdf1-sha1.lo -MD -MP -MF lib/.deps/libcrypt_la-crypt-pbkdf1-sha1.Tpo -c -o lib/libcrypt_la-crypt-pbkdf1-sha1.lo `test -f 'lib/crypt-pbkdf1-sha1.c' || echo '/home/builder/build/src/libxcrypt-4.5.2/'`lib/crypt-pbkdf1-sha1.c
:588:2: note: expanded from macro 'PWXFORM_ROUND'
  588 |         PWXFORM_SIMD(X0) \
      |         ^
/home/builder/build/src/libxcrypt-4.5.2/lib/alg-yescrypt-opt.c:525:42: note: expanded from macro 'PWXFORM_SIMD'
  525 |         uint32_t lo = (uint32_t)(x = ((uint64_t)EXTRACT64(X)) & Smask2reg); \
      |                                                 ^
/home/builder/build/src/libxcrypt-4.5.2/lib/alg-yescrypt-opt.c:475:23: note: expanded from macro 'EXTRACT64'
  475 | #define EXTRACT64(X) ({ \
      |                       ^
/home/builder/build/src/libxcrypt-4.5.2/lib/alg-yescrypt-opt.c:681:3: warning: use of GNU statement expression extension from macro expansion [-Wgnu-statement-expression-from-macro-expansion]
/home/builder/build/src/libxcrypt-4.5.2/lib/alg-yescrypt-opt.c:636:2: note: expanded from macro 'PWXFORM'
  636 |         PWXFORM_ROUND PWXFORM_WRITE \
      |         ^
/home/builder/build/src/libxcrypt-4.5.2/lib/alg-yescrypt-opt.c:589:2: note: expanded from macro 'PWXFORM_ROUND'
  589 |         PWXFORM_SIMD(X1) \
      |         ^
/home/builder/build/src/libxcrypt-4.5.2/lib/alg-yescrypt-opt.c:525:42: note: expanded from macro 'PWXFORM_SIMD'
  525 |         uint32_t lo = (uint32_t)(x = ((uint64_t)EXTRACT64(X)) & Smask2reg); \
      |                                                 ^
/home/builder/build/src/libxcrypt-4.5.2/lib/alg-yescrypt-opt.c:475:23: note: expanded from macro 'EXTRACT64'
  475 | #define EXTRACT64(X) ({ \
      |                       ^
/home/builder/build/src/libxcrypt-4.5.2/lib/alg-yescrypt-opt.c:681:3: warning: use of GNU statement expression extension from macro expansion [-Wgnu-statement-expression-from-macro-expansion]
/home/builder/build/src/libxcrypt-4.5.2/lib/alg-yescrypt-opt.c:636:2: note: expanded from macro 'PWXFORM'
  636 |         PWXFORM_ROUND PWXFORM_WRITE \
      |         ^
/home/builder/build/src/libxcrypt-4.5.2/lib/alg-yescrypt-opt.c:590:2: note: expanded from macro 'PWXFORM_ROUND'
  590 |         PWXFORM_SIMD(X2) \
      |         ^
/home/builder/build/src/libxcrypt-4.5.2/lib/alg-yescrypt-opt.c:525:42: note: expanded from macro 'PWXFORM_SIMD'
  525 |         uint32_t lo = (uint32_t)(x = ((uint64_t)EXTRACT64(X)) & Smask2reg); \
      |                                                 ^
/home/builder/build/src/libxcrypt-4.5.2/lib/alg-yescrypt-opt.c:475:23: note: expanded from macro 'EXTRACT64'
  475 | #define EXTRACT64(X) ({ \
      |                       ^
/home/builder/build/src/libxcrypt-4.5.2/lib/alg-yescrypt-opt.c:681:3: warning: use of GNU statement expression extension from macro expansion [-Wgnu-statement-expression-from-macro-expansion]
/home/builder/build/src/libxcrypt-4.5.2/lib/alg-yescrypt-opt.c:636:2: note: expanded from macro 'PWXFORM'
  636 |         PWXFORM_ROUND PWXFORM_WRITE \
      |         ^
/home/builder/build/src/libxcrypt-4.5.2/lib/alg-yescrypt-opt.c:591:2: note: expanded from macro 'PWXFORM_ROUND'
  591 |         PWXFORM_SIMD(X3)
      |         ^
/home/builder/build/src/libxcrypt-4.5.2/lib/alg-yescrypt-opt.c:525:42: note: expanded from macro 'PWXFORM_SIMD'
  525 |         uint32_t lo = (uint32_t)(x = ((uint64_t)EXTRACT64(X)) & Smask2reg); \
      |                                                 ^
/home/builder/build/src/libxcrypt-4.5.2/lib/alg-yescrypt-opt.c:475:23: note: expanded from macro 'EXTRACT64'
  475 | #define EXTRACT64(X) ({ \
      |                       ^
/home/builder/build/src/libxcrypt-4.5.2/lib/alg-yescrypt-opt.c:681:3: warning: use of GNU statement expression extension from macro expansion [-Wgnu-statement-expression-from-macro-expansion]
/home/builder/build/src/libxcrypt-4.5.2/lib/alg-yescrypt-opt.c:637:2: note: expanded from macro 'PWXFORM'
  637 |         PWXFORM_ROUND PWXFORM_WRITE \
      |         ^
/home/builder/build/src/libxcrypt-4.5.2/lib/alg-yescrypt-opt.c:588:2: note: expanded from macro 'PWXFORM_ROUND'
  588 |         PWXFORM_SIMD(X0) \
      |         ^
/home/builder/build/src/libxcrypt-4.5.2/lib/alg-yescrypt-opt.c:525:42: note: expanded from macro 'PWXFORM_SIMD'
  525 |         uint32_t lo = (uint32_t)(x = ((uint64_t)EXTRACT64(X)) & Smask2reg); \
      |                                                 ^
/home/builder/build/src/libxcrypt-4.5.2/lib/alg-yescrypt-opt.c:475:23: note: expanded from macro 'EXTRACT64'
  475 | #define EXTRACT64(X) ({ \
      |                       ^
/home/builder/build/src/libxcrypt-4.5.2/lib/alg-yescrypt-opt.c:681:3: warning: use of GNU statement expression extension from macro expansion [-Wgnu-statement-expression-from-macro-expansion]
/home/builder/build/src/libxcrypt-4.5.2/lib/alg-yescrypt-opt.c:637:2: note: expanded from macro 'PWXFORM'
  637 |         PWXFORM_ROUND PWXFORM_WRITE \
      |         ^
/home/builder/build/src/libxcrypt-4.5.2/lib/alg-yescrypt-opt.c:589:2: note: expanded from macro 'PWXFORM_ROUND'
  589 |         PWXFORM_SIMD(X1) \
      |         ^
/home/builder/build/src/libxcrypt-4.5.2/lib/alg-yescrypt-opt.c:525:42: note: expanded from macro 'PWXFORM_SIMD'
  525 |         uint32_t lo = (uint32_t)(x = ((uint64_t)EXTRACT64(X)) & Smask2reg); \
      |                                                 ^
/home/builder/build/src/libxcrypt-4.5.2/lib/alg-yescrypt-opt.c:475:23: note: expanded from macro 'EXTRACT64'
  475 | #define EXTRACT64(X) ({ \
      |                       ^
/home/builder/build/src/libxcrypt-4.5.2/lib/alg-yescrypt-opt.c:681:3: warning: use of GNU statement expression extension from macro expansion [-Wgnu-statement-expression-from-macro-expansion]
/home/builder/build/src/libxcrypt-4.5.2/lib/alg-yescrypt-opt.c:637:2: note: expanded from macro 'PWXFORM'
  637 |         PWXFORM_ROUND PWXFORMmv -f lib/.deps/libcrypt_la-alg-gost3411-2012-core.Tpo lib/.deps/libcrypt_la-alg-gost3411-2012-core.Plo
_WRITE \
      |         ^
/home/builder/build/src/libxcrypt-4.5.2/lib/alg-yescrypt-opt.c:590:2: note: expanded from macro 'PWXFORM_ROUND'
  590 |         PWXFORM_SIMD(X2) \
      |         ^
/home/builder/build/src/libxcrypt-4.5.2/lib/alg-yescrypt-opt.c:525:42: note: expanded from macro 'PWXFORM_SIMD'
  525 |         uint32_t lo = (uint32_t)(x = ((uint64_t)EXTRACT64(X)) & Smask2reg); \
      |                                                 ^
/home/builder/build/src/libxcrypt-4.5.2/lib/alg-yescrypt-opt.c:475:23: note: expanded from macro 'EXTRACT64'
  475 | #define EXTRACT64(X) ({ \
      |                       ^
/home/builder/build/src/libxcrypt-4.5.2/lib/alg-yescrypt-opt.c:681:3: warning: use of GNU statement expression extension from macro expansion [-Wgnu-statement-expression-from-macro-expansion]
/home/builder/build/src/libxcrypt-4.5.2/lib/alg-yescrypt-opt.c:637:2mv -f lib/.deps/libcrypt_la-alg-md5.Tpo lib/.deps/libcrypt_la-alg-md5.Plo
: note: expanded from macro 'PWXFORM'
  637 |         PWXFORM_ROUND PWXFORM_WRITE \
      |         ^
/home/builder/build/src/libxcrypt-4.5.2/lib/alg-yescrypt-opt.c:591:2: note: expanded from macro 'PWXFORM_ROUND'
  591 |         PWXFORM_SIMD(X3)
      |         ^
/home/builder/build/src/libxcrypt-4.5.2/lib/alg-yescrypt-opt.c:525:42: note: expanded from macro 'PWXFORM_SIMD'
  525 |         uint32_t lo = (uint32_t)(x = ((uint64_t)EXTRACT64(X)) & Smask2reg); \
      |                                                 ^
/home/builder/build/src/libxcrypt-4.5.2/lib/alg-yescrypt-opt.c:475:23: note: expanded from macro 'EXTRACT64'
  475 | #define EXTRACT64(X) ({ \
      |                       ^
/home/builder/build/src/libxcrypt-4.5.2/lib/alg-yescrypt-opt.c:681:3: warning: use of GNU statement expression extension from macro expansion [-Wgnu-statement-expression-from-macro-expansion]
/home/builder/build/src/libxcrypt-4.5.2/lib/alg-yescrypt-opt.c:638:2: note: expanded from macro 'PWXFORM'
  638 |         PWXFORM_ROUND \
      |         ^
/home/builder/build/src/libxcrypt-4.5.2/lib/alg-yescrypt-opt.c:588:2: note: expanded from macro 'PWXFORM_ROUND'
  588 |         PWXFORM_SIMD(X0) \
      |         ^
/home/builder/build/src/libxcrypt-4.5.2/lib/alg-yescrypt-opt.c:525:42: note: expanded from macro 'PWXFORM_SIMD'
  525 |         uint32_t lo = (uint32_t)(x = ((uint64_t)EXTRACT64(X)) & Smask2reg); \
      |                                                 ^
/home/builder/build/src/libxcrypt-4.5.2/lib/alg-yescrypt-opt.c:475:23: note: expanded from macro 'EXTRACT64'
  475 | #define EXTRACT64(X) ({ \
      |                       ^
/home/builder/build/src/libxcrypt-4.5.2/lib/alg-yescrypt-opt.c:681:3: warning: use of GNU statement expression extension from macro expansion [-Wgnu-statement-expression-from-macro-expansion]
/home/builder/build/src/libxcrypt-4.5.2/lib/alg-yescrypt-opt.c:638:2: note: expanded from macro 'PWXFORM'
  638 |         PWXFORM_ROUND \
      |         ^
/home/builder/build/src/libxcrypt-4.5.2/lib/alg-yescrypt-opt.c:589:2: note: expanded from macro 'PWXFORM_ROUND'
  589 |         PWXFORM_SIMD(X1) \
      |         ^
/home/builder/build/src/libxcrypt-4.5.2/lib/alg-yescrypt-opt.c:525:42: note: expanded from macro 'PWXFORM_SIMD'
  525 |         uint32_t lo = (uint32_t)(x = ((uint64_t)EXTRACT64(X)) & Smask2reg); \
      |                                                 ^
/home/builder/build/src/libxcrypt-4.5.2/lib/alg-yescrypt-opt.c:475:23: note: expanded from macro 'EXTRACT64'
  475 | #define EXTRACT64(X) ({ \
      |                       ^
/home/builder/build/src/libxcrypt-4.5.2/lib/alg-yescrypt-opt.c:681:3: warning: use of GNU statement expression extension from macro expansion [-Wgnu-statement-expression-from-macro-expansion]
/home/builder/build/src/libxcrypt-4.5.2/lib/alg-yescrypt-opt.c:638:2: note: expanded from macro 'PWXFORM'
  638 |         PWXFORM_ROUND \
      |         ^
/home/builder/build/src/libxcrypt-4.5.2/lib/alg-yescrypt-opt.c:590:2: note: expanded from macro 'PWXFORM_ROUND'
  590 |         PWXFORM_SIMD(X2) \
      |         ^
/home/builder/build/src/libxcrypt-4.5.2/lib/alg-yescrypt-opt.c:525:42: note: expanded from macro 'PWXFORM_SIMD'
  525 |         uint32_t lo = (uint32_t)(x = ((uint64_t)EXTRACT64(X)) & Smask2reg); \
      |                                                 ^
/bin/sh ./libtool  --tag=CC   --mode=compile clang -DHAVE_CONFIG_H -I. -I/home/builder/build/src/libxcrypt-4.5.2  -I/home/builder/build/src/libxcrypt-4.5.2/lib -DIN_LIBCRYPT  -Wall -Wextra -Walloca -Wbad-function-cast -Wcast-align -Wcast-qual -Wconversion -Wformat=2 -Wformat-signedness -Wmissing-declarations -Wmissing-prototypes -Wnested-externs -Wnull-dereference -Wold-style-definition -Wpointer-arith -Wshadow -Wstrict-overflow=2 -Wstrict-prototypes -Wundef -Wvla -Wwrite-strings -Wpedantic -fno-plt -march=x86-64-v3 -O2 -pipe -fno-plt -fexceptions         -Wp,-D_FORTIFY_SOURCE=3 -fstack-clash-protection -fcf-protection -MT lib/libcrypt_la-crypt-scrypt.lo -MD -MP -MF lib/.deps/libcrypt_la-crypt-scrypt.Tpo -c -o lib/libcrypt_la-crypt-scrypt.lo `test -f 'lib/crypt-scrypt.c' || echo '/home/builder/build/src/libxcrypt-4.5.2/'`lib/crypt-scrypt.c
/home/builder/build/src/libxcrypt-4.5.2/lib/alg-yescrypt-opt.c:475:23: note: expanded from macro 'EXTRACT64'
  475 | #define EXTRACT64(X) ({ \
      |                       ^
/home/builder/build/src/libxcrypt-4.5.2/lib/alg-yescrypt-opt.c:681:3: /bin/sh ./libtool  --tag=CC   --mode=compile clang -DHAVE_CONFIG_H -I. -I/home/builder/build/src/libxcrypt-4.5.2  -I/home/builder/build/src/libxcrypt-4.5.2/lib -DIN_LIBCRYPT  -Wall -Wextra -Walloca -Wbad-function-cast -Wcast-align -Wcast-qual -Wconversion -Wformat=2 -Wformat-signedness -Wmissing-declarations -Wmissing-prototypes -Wnested-externs -Wnull-dereference -Wold-style-definition -Wpointer-arith -Wshadow -Wstrict-overflow=2 -Wstrict-prototypes -Wundef -Wvla -Wwrite-strings -Wpedantic -fno-plt -march=x86-64-v3 -O2 -pipe -fno-plt -fexceptions         -Wp,-D_FORTIFY_SOURCE=3 -fstack-clash-protection -fcf-protection -MT lib/libcrypt_la-crypt-sha256.lo -MD -MP -MF lib/.deps/libcrypt_la-crypt-sha256.Tpo -c -o lib/libcrypt_la-crypt-sha256.lo `test -f 'lib/crypt-sha256.c' || echo '/home/builder/build/src/libxcrypt-4.5.2/'`lib/crypt-sha256.c
warning: use of GNU statement expression extension from macro expansion [-Wgnu-statement-expression-from-macro-expansion]
/home/builder/build/src/libxcrypt-4.5.2/lib/alg-yescrypt-opt.c:638:2: note: expanded from macro 'PWXFORM'
  638 |         PWXFORM_ROUND \
      |         ^
/home/builder/build/src/libxcrypt-4.5.2/lib/alg-yescrypt-opt.c:591:2: note: expanded from macro 'PWXFORM_ROUND'
  591 |         PWXFORM_SIMD(X3)
      |         ^
/home/builder/build/src/libxcrypt-4.5.2/lib/alg-yescrypt-opt.c:525:42: note: expanded from macro 'PWXFORM_SIMD'
  525 |         uint32_t lo = (uint32_t)(x = ((uint64_t)EXTRACT64(X)) & Smask2reg); \
      |                                                 ^
/home/builder/build/src/libxcrypt-4.5.2/lib/alg-yescrypt-opt.c:475:23: note: expanded from macro 'EXTRACT64'
  475 | #define EXTRACT64(X) ({ \
      |                       ^
libtool: compile:  clang -DHAVE_CONFIG_H -I. -I/home/builder/build/src/libxcrypt-4.5.2 -I/home/builder/build/src/libxcrypt-4.5.2/lib -DIN_LIBCRYPT -Wall -Wextra -Walloca -Wbad-function-cast -Wcast-align -Wcast-qual -Wconversion -Wformat=2 -Wformat-signedness -Wmissing-declarations -Wmissing-prototypes -Wnested-externs -Wnull-dereference -Wold-style-definition -Wpointer-arith -Wshadow -Wstrict-overflow=2 -Wstrict-prototypes -Wundef -Wvla -Wwrite-strings -Wpedantic -fno-plt -march=x86-64-v3 -O2 -pipe -fno-plt -fexceptions -Wp,-D_FORTIFY_SOURCE=3 -fstack-clash-protection -fcf-protection -MT lib/libcrypt_la-crypt-gensalt-static.lo -MD -MP -MF lib/.deps/libcrypt_la-crypt-gensalt-static.Tpo -c /home/builder/build/src/libxcrypt-4.5.2/lib/crypt-gensalt-static.c  -fPIC -DPIC -o lib/.libs/libcrypt_la-crypt-gensalt-static.o
/home/builder/build/src/libxcrypt-4.5.2/lib/alg-yescrypt-opt.c:734:3: warning: use of GNU statement expression extension from macro expansion [-Wgnu-statement-expression-from-macro-expansion]
  734 |                 PWXFORM
      |                 ^
/home/builder/build/src/libxcrypt-4.5.2/lib/alg-yescrypt-opt.c:633:2: note: expanded from macro 'PWXFORM'
  633 |         PWXFORM_ROUND \
      |         ^
/home/builder/build/src/libxcrypt-4.5.2/lib/alg-yescrypt-opt.c:588:2: note: expanded from macro 'PWXFORM_ROUND'
  588 |         PWXFORM_SIMD(X0) \
      |         ^
/home/builder/build/src/libxcrypt-4.5.2/lib/alg-yescrypt-opt.c:525:42: note: expanded from macro 'PWXFORM_SIMD'
  525 |         uint32_t lo = (uint32_t)(x = ((uint64_t)EXTRACT64(X)) & Smask2reg); \
      |                                                 ^
/home/builder/build/src/libxcrypt-4.5.2/lib/alg-yescrypt-opt.c:475:23: note: expanded from macro 'EXTRACT64'
  475 | #define EXTRACT64(X) ({ \
      |                       ^
/home/builder/build/src/libxcrypt-4.5.2/lib/alg-yescrypt-opt.c:734:3: warning: use of GNU statement expression extension from macro expansion [-Wgnu-statement-expression-from-macro-expansion]
/home/builder/build/src/libxcrypt-4.5.2/lib/alg-yescrypt-opt.c:633:2: note: expanded from macro 'PWXFORM'
  633 |         PWXFORM_ROUND \
      |         ^
/home/builder/build/src/libxcrypt-4.5.2/lib/alg-yescrypt-opt.c:589:2: note: expanded from macro 'PWXFORM_ROUND'
  589 |         PWXFORM_SIMD(X1) \
      |         ^
/home/builder/build/src/libxcrypt-4.5.2/lib/alg-yescrypt-opt.c:525:42: note: expanded from macro 'PWXFORM_SIMD'
  525 |         uint32_t lo = (uint32_t)(x = ((uint64_t)EXTRACT64(X)) & Smask2reg); \
      |                                                 ^
/home/builder/build/src/libxcrypt-4.5.2/lib/alg-yescrypt-opt.c:475:23: note: expanded from macro 'EXTRACT64'
  475 | #define EXTRACT64(X) ({ \
      |                       ^
/home/builder/build/src/libxcrypt-4.5.2/lib/alg-yescrypt-opt.c:734:3: warning: use of GNU statement expression extension from macro expansion [-Wgnu-statement-expression-from-macro-expansion]
/home/builder/build/src/libxcrypt-4.5.2/lib/alg-yescrypt-opt.c:633:2: note: expanded from macro 'PWXFORM'
  633 |         PWXFORM_ROUND \
      |         ^
/home/builder/build/src/libxcrypt-4.5.2/lib/alg-yescrypt-opt.c:590:2: note: expanded from macro 'PWXFORM_ROUND'
  590 |         PWXFORM_SIMD(X2) \
      |         ^
/home/builder/build/src/libxcrypt-4.5.2/lib/alg-yescrypt-opt.c:525:42: note: expanded from macro 'PWXFORM_SIMD'
  525 |         uint32_t lo = (uint32_t)(x = ((uint64_t)EXTRACT64(X)) & Smask2reg); \
      |                                                 ^
/home/builder/build/src/libxcrypt-4.5.2/lib/alg-yescrypt-opt.c:475:23: note: expanded from macro 'EXTRACT64'
  475 | #define EXTRACT64(X) ({ \
      |                       ^
/home/builder/build/src/libxcrypt-4.5.2/lib/alg-yescrypt-opt.c:734:3: warning: use of GNU statement expression extension from macro expansion [-Wgnu-statement-expression-from-macro-expansion]
/home/builder/build/src/libxcrypt-4.5.2/lib/alg-yescrypt-opt.c:633:2: note: expanded from macro 'PWXFORM'
  633 |         PWXFORM_ROUND \
      |         ^
/home/builder/build/src/libxcrypt-4.5.2/lib/alg-yescrypt-opt.c:591:2: note: expanded from macro 'PWXFORM_ROUND'
  591 |         PWXFORM_SIMD(X3)
      |         ^
/home/builder/build/src/libxcrypt-4.5.2/lib/alg-yescrypt-opt.c:525:42: note: expanded from macro 'PWXFORM_SIMD'
  525 |         uint32_t lo = (uint32_t)(x = ((uint64_t)EXTRACT64(X)) & Smask2reg); \
      |                                                 ^
/home/builder/build/src/libxcrypt-4.5.2/lib/alg-yescrypt-opt.c:475:23: note: expanded from macro 'EXTRACT64'
  475 | #define EXTRACT64(X) ({ \
      |                       ^
/home/builder/build/src/libxcrypt-4.5.2/lib/alg-yescrypt-opt.c:734:3: warning: use of GNU statement expression extension from macro expansion [-Wgnu-statement-expression-from-macro-expansion]
/home/builder/build/src/libxcrypt-4.5.2/lib/alg-yescrypt-opt.c:634:2: note: expanded from macro 'PWXFORM'
  634 |         PWXFORM_ROUND PWXFORM_WRITE \
      |         ^
/home/builder/build/src/libxcrypt-4.5.2/lib/alg-yescrypt-opt.c:588:2: note: expanded from macro 'PWXFORM_ROUND'
  588 |         PWXFORM_SIMD(X0) \
      |         ^
/home/builder/build/src/libxcrypt-4.5.2/lib/alg-yescrypt-opt.c:525:42: note: expanded from macro 'PWXFORM_SIMD'
  525 |         uint32_t lo = (uint32_t)(x = ((uint64_t)EXTRACT64(X)) & Smask2reg); \
      |                                                 ^
/home/builder/build/src/libxcrypt-4.5.2/lib/alg-yescrypt-opt.c:475:23: note: expanded from macro 'EXTRACT64'
  475 | #define EXTRACT64(X) ({ \
      |                       ^
/home/builder/build/src/libxcrypt-4.5.2/lib/alg-yescrypt-opt.c:734:3: warning: use of GNU statement expression extension from macro expansion [-Wgnu-statement-expression-from-macro-expansion]
/home/builder/build/src/libxcrypt-4.5.2/lib/alg-yescrypt-opt.c:634:2: note: expanded from macro 'PWXFORM'
  634 |         PWXFORM_ROUND PWXFORM_WRITE \
      |         ^
/home/builder/build/src/libxcrypt-4.5.2/lib/alg-yescrypt-opt.c:589:2: note: expanded from macro 'PWXFORM_ROUND'
  589 |         PWXFORM_SIMD(X1) \
      |         ^
/home/builder/build/src/libxcrypt-4.5.2/lib/alg-yescrypt-opt.c:525:42: note: expanded from macro 'PWXFORM_SIMD'
  525 |         uint32_t lo = (uint32_t)(x = ((uint64_t)EXTRACT64(X)) & Smask2reg); \
      |                                                 ^
/home/builder/build/src/libxcrypt-4.5.2/lib/alg-yescrypt-opt.c:475:23: note: expanded from macro 'EXTRACT64'
  475 | #define EXTRACT64(X) ({ \
      |                       ^
/home/builder/build/src/libxcrypt-4.5.2/lib/alg-yescrypt-opt.c:734:3: warning: use of GNU statement expression extension from macro expansion [-Wgnu-statement-expression-from-macro-expansion]
/home/builder/build/src/libxcrypt-4.5.2/lib/alg-yescrypt-opt.c:634:2: note: expanded from macro 'PWXFORM'
  634 |         PWXFORM_ROUND PWXFORM_WRITE \
      |         ^
/home/builder/build/src/libxcrypt-4.5.2/lib/alg-yescrypt-opt.c:590:2: note: expanded from macro 'PWXFORM_ROUND'
  590 |         PWXFORM_SIMD(X2) \
      |         ^
/home/builder/build/src/libxcrypt-4.5.2/lib/alg-yescrypt-opt.c:525:42: note: expanded from macro 'PWXFORM_SIMD'
  525 |         uint32_t lo = (uint32_t)(x = ((uint64_t)EXTRACT64(X)) & Smask2reg); \
      |                                                 ^
/home/builder/build/src/libxcrypt-4.5.2/lib/alg-yescrypt-opt.c:475:23: note: expanded from macro 'EXTRACT64'
  475 | #define EXTRACT64(X) ({ \
      |                       ^
/home/builder/build/src/libxcrypt-4.5.2/lib/alg-yescrypt-opt.c:734:3: warning: use of GNU statement expression extension from macro expansion [-Wgnu-statement-expression-from-macro-expansion]
/home/builder/build/src/libxcrypt-4.5.2/lib/alg-yescrypt-opt.c:634:2: note: expanded from macro 'PWXFORM'
  634 |         PWXFORM_ROUND PWXFORM_WRITE \
      |         ^
/home/builder/build/src/libxcrypt-4.5.2/lib/alg-yescrypt-opt.c:591:2: note: expanded from macro 'PWXFORM_ROUND'
  591 |         PWXFORM_SIMD(X3)
      |         ^
/home/builder/build/src/libxcrypt-4.5.2/lib/alg-yescrypt-opt.c:525:42: note: expanded from macro 'PWXFORM_SIMD'
  525 |         uint32_t lo = (uint32_t)(x = ((uint64_t)EXTRACT64(X)) & Smask2reg); \
      |                                                 ^
/home/builder/build/src/libxcrypt-4.5.2/lib/alg-yescrypt-opt.c:475:23: note: expanded from macro 'EXTRACT64'
  475 | #define EXTRACT64(X) ({ \
      |                       ^
/home/builder/build/src/libxcrypt-4.5.2/lib/alg-yescrypt-opt.c:734:3: warning: use of GNU statement expression extension from macro expansion [-Wgnu-statement-expression-from-macro-expansion]
/home/builder/build/src/libxcrypt-4.5.2/lib/alg-yescrypt-opt.c:635:2: note: expanded from macro 'PWXFORM'
  635 |         PWXFORM_ROUND PWXFORM_WRITE \
      |         ^
/home/builder/build/src/libxcrypt-4.5.2/lib/alg-yescrypt-opt.c:588:2: note: expanded from macro 'PWXFORM_ROUND'
  588 |         PWXFORM_SIMD(X0) \
      |         ^
/home/builder/build/src/libxcrypt-4.5.2/lib/alg-yescrypt-opt.c:525:42: note: expanded from macro 'PWXFORM_SIMD'
  525 |         uint32_t lo = (uint32_t)(x = ((uint64_t)EXTRACT64(X)) & Smask2reg); \
      |                                                 ^
/home/builder/build/src/libxcrypt-4.5.2/lib/alg-yescrypt-opt.c:475:23: note: expanded from macro 'EXTRACT64'
  475 | #define EXTRACT64(X) ({ \
      |                       ^
/home/builder/build/src/libxcrypt-4.5.2/lib/alg-yescrypt-opt.c:734:3: warning: use of GNU statement expression extension from macro expansion [-Wgnu-statement-expression-from-macro-expansion]
/home/builder/build/src/libxcrypt-4.5.2/lib/alg-yescrypt-opt.c:635:2: note: expanded from macro 'PWXFORM'
  635 |         PWXFORM_ROUND PWXFORM_WRITE \
      |         ^
/home/builder/build/src/libxcrypt-4.5.2/lib/alg-yescrypt-opt.c:589:2: note: expanded from macro 'PWXFORM_ROUND'
  589 |         PWXFORM_SIMD(X1) \
      |         ^
/home/builder/build/src/libxcrypt-4.5.2/lib/alg-yescrypt-opt.c:525:42: note: expanded from macro 'PWXFORM_SIMD'
  525 |         uint32_t lo = (uint32_t)(x = ((uint64_t)EXTRACT64(X)) & Smask2reg); \
      |                                                 ^
/home/builder/build/src/libxcrypt-4.5.2/lib/alg-yescrypt-opt.c:475:23: note: expanded from macro 'EXTRACT64'
  475 | #define EXTRACT64(X) ({ \
      |                       ^
/home/builder/build/src/libxcrypt-4.5.2/lib/alg-yescrypt-opt.c:734:3: warning: use of GNU statement expression extension from macro expansion [-Wgnu-statement-expression-from-macro-expansion]
/home/builder/build/src/libxcrypt-4.5.2/lib/alg-yescrypt-opt.c:635:2: note: expanded from macro 'PWXFORM'
  635 |         PWXFORM_ROUND PWXFORM_WRITE \
      |         ^
/home/builder/build/src/libxcrypt-4.5.2/lib/alg-yescrypt-opt.c:590:2: note: expanded from macro 'PWXFORM_ROUND'
  590 |         PWXFORM_SIMD(X2) \
      |         ^
/home/builder/build/src/libxcrypt-4.5.2/lib/alg-yescrypt-opt.c:525:42: note: expanded from macro 'PWXFORM_SIMD'
  525 |         uint32_t lo = (uint32_t)(x = ((uint64_t)EXTRACT64(X)) & Smask2reg); \
      |                                                 ^
/home/builder/build/src/libxcrypt-4.5.2/lib/alg-yescrypt-opt.c:475:23: note: expanded from macro 'EXTRACT64'
  475 | #define EXTRACT64(X) ({ \
      |                       ^
/home/builder/build/src/libxcrypt-4.5.2/lib/alg-yescrypt-opt.c:734:3: warning: use of GNU statement expression extension from macro expansion [-Wgnu-statement-expression-from-macro-expansion]
/home/builder/build/src/libxcrypt-4.5.2/lib/alg-yescrypt-opt.c:635:2: note: expanded from macro 'PWXFORM'
  635 |         PWXFORM_ROUND PWXFORM_WRITE \
      |         ^
/home/builder/build/src/libxcrypt-4.5.2/lib/alg-yescrypt-opt.c:591:2: note: expanded from macro 'PWXFORM_ROUND'
  591 |         PWXFORM_SIMD(X3)
      |         ^
/home/builder/build/src/libxcrypt-4.5.2/lib/alg-yescrypt-opt.c:525:42: note: expanded from macro 'PWXFORM_SIMD'
  525 |         uint32_t lo = (uint32_t)(x = ((uint64_t)EXTRACT64(X)) & Smask2reg); \
      |                                                 ^
/home/builder/build/src/libxcrypt-4.5.2/lib/alg-yescrypt-opt.c:475:23: note: expanded from macro 'EXTRACT64'
  475 | #define EXTRACT64(X) ({ \
      |                       ^
libtool: compile:  clang -DHAVE_CONFIG_H -I. -I/home/builder/build/src/libxcrypt-4.5.2 -I/home/builder/build/src/libxcrypt-4.5.2/lib -DIN_LIBCRYPT -Wall -Wextra -Walloca -Wbad-function-cast -Wcast-align -Wcast-qual -Wconversion -Wformat=2 -Wformat-signedness -Wmissing-declarations -Wmissing-prototypes -Wnested-externs -Wnull-dereference -Wold-style-definition -Wpointer-arith -Wshadow -Wstrict-overflow=2 -Wstrict-prototypes -Wundef -Wvla -Wwrite-strings -Wpedantic -fno-plt -march=x86-64-v3 -O2 -pipe -fno-plt -fexceptions -Wp,-D_FORTIFY_SOURCE=3 -fstack-clash-protection -fcf-protection -MT lib/libcrypt_la-crypt-gost-yescrypt.lo -MD -MP -MF lib/.deps/libcrypt_la-crypt-gost-yescrypt.Tpo -c /home/builder/build/src/libxcrypt-4.5.2/lib/crypt-gost-yescrypt.c  -fPIC -DPIC -o lib/.libs/libcrypt_la-crypt-gost-yescrypt.o
/home/builder/build/src/libxcrypt-4.5.2/lib/alg-yescrypt-opt.c:734:3: warning: use of GNU statement expression extension from macro expansion [-Wgnu-statement-expression-from-macro-expansion]
/home/builder/build/src/libxcrypt-4.5.2/lib/alg-yescrypt-opt.c:636:2: note: expanded from macro 'PWXFORM'
  636 |         PWXFORM_ROUND PWXFORM_WRITE \
      |         ^
/home/builder/build/src/libxcrypt-4.5.2/lib/alg-yescrypt-opt.c:588:2: note: expanded from macro 'PWXFORM_ROUND'
  588 |         PWXFORM_SIMD(X0) \
      |         ^
/home/builder/build/src/libxcrypt-4.5.2/lib/alg-yescrypt-opt.c:525:42: note: expanded from macro 'PWXFORM_SIMD'
  525 |         uint32_t lo = (uint32_t)(x = ((uint64_t)EXTRACT64(X)) & Smask2reg); \
      |                                                 ^
/home/builder/build/src/libxcrypt-4.5.2/lib/alg-yescrypt-opt.c:475:23: note: expanded from macro 'EXTRACT64'
  475 | #define EXTRACT64(X) ({ \
      |                       ^
/home/builder/build/src/libxcrypt-4.5.2/lib/alg-yescrypt-opt.c:734:3: warning: use of GNU statement expression extension from macro expansion [-Wgnu-statement-expression-from-macro-expansion]
/home/builder/build/src/libxcrypt-4.5.2/lib/alg-yescrypt-opt.c:636:2: note: expanded from macro 'PWXFORM'
  636 |         PWXFORM_ROUND PWXFORM_WRITE \
      |         ^
/home/builder/build/src/libxcrypt-4.5.2/lib/alg-yescrypt-opt.c:589:2: note: expanded from macro 'PWXFORM_ROUND'
  589 |         PWXFORM_SIMD(X1) \
      |         ^
/home/builder/build/src/libxcrypt-4.5.2/lib/alg-yescrypt-opt.c:525:42: note: expanded from macro 'PWXFORM_SIMD'
  525 |         uint32_t lo = (uint32_t)(x = ((uint64_t)EXTRACT64(X)) & Smask2reg); \
      |                                                 ^
/home/builder/build/src/libxcrypt-4.5.2/lib/alg-yescrypt-opt.c:475:23: note: expanded from macro 'EXTRACT64'
  475 | #define EXTRACT64(X) ({ \
      |                       ^
/home/builder/build/src/libxcrypt-4.5.2/lib/alg-yescrypt-opt.c:734:3: warning: use of GNU statement expression extension from macro expansion [-Wgnu-statement-expression-from-macro-expansion]
/home/builder/build/src/libxcrypt-4.5.2/lib/alg-yescrypt-opt.c:636:2: note: expanded from macro 'PWXFORM'
  636 |         PWXFORM_ROUND PWXFORM_WRITE \
      |         ^
/home/builder/build/src/libxcrypt-4.5.2/lib/alg-yescrypt-opt.c:590:2: note: expanded from macro 'PWXFORM_ROUND'
  590 |         PWXFORM_SIMD(X2) \
      |         ^
/home/builder/build/src/libxcrypt-4.5.2/lib/alg-yescrypt-opt.c:525:42: note: expanded from macro 'PWXFORM_SIMD'
  525 |         uint32_t lo = (uint32_t)(x = ((uint64_t)EXTRACT64(X)) & Smask2reg); \
      |                                                 ^
/home/builder/build/src/libxcrypt-4.5.2/lib/alg-yescrypt-opt.c:475:23: note: expanded from macro 'EXTRACT64'
  475 | #define EXTRACT64(X) ({ \
      |                       ^
/home/builder/build/src/libxcrypt-4.5.2/lib/alg-yescrypt-opt.c:734:3: warning: use of GNU statement expression extension from macro expansion [-Wgnu-statement-expression-from-macro-expansion]
/home/builder/build/src/libxcrypt-4.5.2/lib/alg-yescrypt-opt.c:636:2: note: expanded from macro 'PWXFORM'
  636 |         PWXFORM_ROUND PWXFORM_WRITE \
      |         ^
/home/builder/build/src/libxcrypt-4.5.2/lib/alg-yescrypt-opt.c:591:2: note: expanded from macro 'PWXFORM_ROUND'
  591 |         PWXFORM_SIMD(X3)
      |         ^
/home/builder/build/src/libxcrypt-4.5.2/lib/alg-yescrypt-opt.c:525:42: note: expanded from macro 'PWXFORM_SIMD'
  525 |         uint32_t lo = (uint32_t)(x = ((uint64_t)EXTRACT64(X)) & Smask2reg); \
      |                                                 ^
/home/builder/build/src/libxcrypt-4.5.2/lib/alg-yescrypt-opt.c:475:23: note: expanded from macro 'EXTRACT64'
  475 | #define EXTRACT64(X) ({ \
      |                       ^
/home/builder/build/src/libxcrypt-4.5.2/lib/alg-yescrypt-opt.c:734:3: warning: use of GNU statement expression extension from macro expansion [-Wgnu-statement-expression-from-macro-expansion]
/home/builder/build/src/libxcrypt-4.5.2/lib/alg-yescrypt-opt.c:637:2: note: expanded from macro 'PWXFORM'
  637 |         PWXFORM_ROUND PWXFORM_WRITE \
      |         ^
/home/builder/build/src/libxcrypt-4.5.2/lib/alg-yescrypt-opt.c:588:2: note: expanded from macro 'PWXFORM_ROUND'
  588 |         PWXFORM_SIMD(X0) \
      |         ^
/home/builder/build/src/libxcrypt-4.5.2/lib/alg-yescrypt-opt.c:525:42: note: expanded from macro 'PWXFORM_SIMD'
  525 |         uint32_t lo = (uint32_t)(x = ((uint64_t)EXTRACT64(X)) & Smask2reg); \
      |                                                 ^
/home/builder/build/src/libxcrypt-4.5.2/lib/alg-yescrypt-opt.c:475:23: note: expanded from macro 'EXTRACT64'
  475 | #define EXTRACT64(X) ({ \
      |                       ^
/home/builder/build/src/libxcrypt-4.5.2/lib/alg-yescrypt-opt.c:734:3: warning: use of GNU statement expression extension from macro expansion [-Wgnu-statement-expression-from-macro-expansion]
/home/builder/build/src/libxcrypt-4.5.2/lib/alg-yescrypt-opt.c:637:2: note: expanded from macro 'PWXFORM'
  637 |         PWXFORM_ROUND PWXFORM_WRITE \
      |         ^
/home/builder/build/src/libxcrypt-4.5.2/lib/alg-yescrypt-opt.c:589:2: note: expanded from macro 'PWXFORM_ROUND'
  589 |         PWXFORM_SIMD(X1) \
      |         ^
/home/builder/build/src/libxcrypt-4.5.2/lib/alg-yescrypt-opt.c:525:42: note: expanded from macro 'PWXFORM_SIMD'
  525 |         uint32_t lo = (uint32_t)(x = ((uint64_t)EXTRACT64(X)) & Smask2reg); \
      |                                                 ^
/home/builder/build/src/libxcrypt-4.5.2/lib/alg-yescrypt-opt.c:475:23: note: expanded from macro 'EXTRACT64'
  475 | #define EXTRACT64(X) ({ \
      |                       ^
/home/builder/build/src/libxcrypt-4.5.2/lib/alg-yescrypt-opt.c:734:3: warning: use of GNU statement expression extension from macro expansion [-Wgnu-statement-expression-from-macro-expansion]
/home/builder/build/src/libxcrypt-4.5.2/lib/alg-yescrypt-opt.c:637:2: note: expanded from macro 'PWXFORM'
  637 |         PWXFORM_ROUND PWXFORM_WRITE \
      |         ^
/home/builder/build/src/libxcrypt-4.5.2/lib/alg-yescrypt-opt.c:590:2: note: expanded from macro 'PWXFORM_ROUND'
  590 |         PWXFORM_SIMD(X2) \
      |         ^
/home/builder/build/src/libxcrypt-4.5.2/lib/alg-yescrypt-opt.c:525:42: note: expanded from macro 'PWXFORM_SIMD'
  525 |         uint32_t lo = (uint32_t)(x = ((uint64_t)EXTRACT64(X)) & Smask2reg); \
      |                                                 ^
/home/builder/build/src/libxcrypt-4.5.2/lib/alg-yescrypt-opt.c:475:23: note: expanded from macro 'EXTRACT64'
  475 | #define EXTRACT64(X) ({ \
      |                       ^
/home/builder/build/src/libxcrypt-4.5.2/lib/alg-yescrypt-opt.c:734:3: warning: use of GNU statement expression extension from macro expansion [-Wgnu-statement-expression-from-macro-expansion]
/home/builder/build/src/libxcrypt-4.5.2/lib/alg-yescrypt-opt.c:637:2: note: expanded from macro 'PWXFORM'
  637 |         PWXFORM_ROUND PWXFORM_WRITE \
      |         ^
/home/builder/build/src/libxcrypt-4.5.2/lib/alg-yescrypt-opt.c:591:2: note: expanded from macro 'PWXFORM_ROUND'
  591 |         PWXFORM_SIMD(X3)
      |         ^
/home/builder/build/src/libxcrypt-4.5.2/lib/alg-yescrypt-opt.c:525:42: note: expanded from macro 'PWXFORM_SIMD'
  525 |         uint32_t lo = (uint32_t)(x = ((uint64_t)EXTRACT64(X)) & Smask2reg); \
      |                                                 ^
/home/builder/build/src/libxcrypt-4.5.2/lib/alg-yescrypt-opt.c:475:23: note: expanded from macro 'EXTRACT64'
  475 | #define EXTRACT64(X) ({ \
      |                       ^
/home/builder/build/src/libxcrypt-4.5.2/lib/alg-yescrypt-opt.c:734:3: warning: use of GNU statement expression extension from macro expansion [-Wgnu-statement-expression-from-macro-expansion]
/home/builder/build/src/libxcrypt-4.5.2/lib/alg-yescrypt-opt.c:638:2: note: expanded from macro 'PWXFORM'
  638 |         PWXFORM_ROUND \
      |         ^
/home/builder/build/src/libxcrypt-4.5.2/lib/alg-yescrypt-opt.c:588:2: note: expanded from macro 'PWXFORM_ROUND'
  588 |         PWXFORM_SIMD(X0) \
      |         ^
/home/builder/build/src/libxcrypt-4.5.2/lib/alg-yescrypt-opt.c:525:42: note: expanded from macro 'PWXFORM_SIMD'
  525 |         uint32_t lo = (uint32_t)(x = ((uint64_t)EXTRACT64(X)) & Smask2reg); \
      |                                                 ^
/home/builder/build/src/libxcrypt-4.5.2/lib/alg-yescrypt-opt.c:475:23: note: expanded from macro 'EXTRACT64'
  475 | #define EXTRACT64(X) ({ \
      |                       ^
/home/builder/build/src/libxcrypt-4.5.2/lib/alg-yescrypt-opt.c:734:3: warning: use of GNU statement expression extension from macro expansion [-Wgnu-statement-expression-from-macro-expansion]
/home/builder/build/src/libxcrypt-4.5.2/lib/alg-yescrypt-opt.c:638:2: note: expanded from macro 'PWXFORM'
  638 |         PWXFORM_ROUND \
      |         ^
/home/builder/build/src/libxcrypt-4.5.2/lib/alg-yescrypt-opt.c:589:2: note: expanded from macro 'PWXFORM_ROUND'
  589 |         PWXFORM_SIMD(X1) \
      |         ^
/home/builder/build/src/libxcrypt-4.5.2/lib/alg-yescrypt-opt.c:525:42: note: expanded from macro 'PWXFORM_SIMD'
  525 |         uint32_t lo = (uint32_t)(x = ((uint64_t)EXTRACT64(X)) & Smask2reg); \
      |                                                 ^
/home/builder/build/src/libxcrypt-4.5.2/lib/alg-yescrypt-opt.c:475:23: note: expanded from macro 'EXTRACT64'
  475 | #define EXTRACT64(X) ({ \
      |                       ^
/home/builder/build/src/libxcrypt-4.5.2/lib/alg-yescrypt-opt.c:734:3: warning: use of GNU statement expression extension from macro expansion [-Wgnu-statement-expression-from-macro-expansion]
/home/builder/build/src/libxcrypt-4.5.2/lib/alg-yescrypt-opt.c:638:2: note: expanded from macro 'PWXFORM'
  638 |         PWXFORM_ROUND \
      |         ^
/home/builder/build/src/libxcrypt-4.5.2/lib/alg-yescrypt-opt.c:590:2: note: expanded from macro 'PWXFORM_ROUND'
  590 |         PWXFORM_SIMD(X2) \
      |         ^
/home/builder/build/src/libxcrypt-4.5.2/lib/alg-yescrypt-opt.c:525:42: note: expanded from macro 'PWXFORM_SIMD'
  525 |         uint32_t lo = (uint32_t)(x = ((uint64_t)EXTRACT64(X)) & Smask2reg); \
      |                                                 ^
/home/builder/build/src/libxcrypt-4.5.2/lib/alg-yescrypt-opt.c:475:23: note: expanded from macro 'EXTRACT64'
  475 | #define EXTRACT64(X) ({ \
      |                       ^
/home/builder/build/src/libxcrypt-4.5.2/lib/alg-yescrypt-opt.c:734:3: warning: use of GNU statement expression extension from macro expansion [-Wgnu-statement-expression-from-macro-expansion]
/home/builder/build/src/libxcrypt-4.5.2/lib/alg-yescrypt-opt.c:638:2: note: expanded from macro 'PWXFORM'
  638 |         PWXFORM_ROUND \
      |         ^
/home/builder/build/src/libxcrypt-4.5.2/lib/alg-yescrypt-opt.c:591:2: note: expanded from macro 'PWXFORM_ROUND'
  591 |         PWXFORM_SIMD(X3)
      |         ^
/home/builder/build/src/libxcrypt-4.5.2/lib/alg-yescrypt-opt.c:525:42: note: expanded from macro 'PWXFORM_SIMD'
  525 |         uint32_t lo = (uint32_t)(x = ((uint64_t)EXTRACT64(X)) & Smask2reg); \
      |                                                 ^
/home/builder/build/src/libxcrypt-4.5.2/lib/alg-yescrypt-opt.c:475:23: note: expanded from macro 'EXTRACT64'
  475 | #define EXTRACT64(X) ({ \
      |                       ^
/home/builder/build/src/libxcrypt-4.5.2/lib/alg-yescrypt-opt.c:739:3: warning: use of GNU statement expression extension from macro expansion [-Wgnu-statement-expression-from-macro-expansion]
  739 |                 PWXFORM
      |                 ^
/home/builder/build/src/libxcrypt-4.5.2/lib/alg-yescrypt-opt.c:633:2: note: expanded from macro 'PWXFORM'
  633 |         PWXFORM_ROUND \
      |         ^
/home/builder/build/src/libxcrypt-4.5.2/lib/alg-yescrypt-opt.c:588:2: note: expanded from macro 'PWXFORM_ROUND'
  588 |         PWXFORM_SIMD(X0) \
      |         ^
/home/builder/build/src/libxcrypt-4.5.2/lib/alg-yescrypt-opt.c:525:42: note: expanded from macro 'PWXFORM_SIMD'
  525 |         uint32_t lo = (uint32_t)(x = ((uint64_t)EXTRACT64(X)) & Smask2reg); \
      |                                                 ^
/home/builder/build/src/libxcrypt-4.5.2/lib/alg-yescrypt-opt.c:475:23: note: expanded from macro 'EXTRACT64'
  475 | #define libtool: compile:  clang -DHAVE_CONFIG_H -I. -I/home/builder/build/src/libxcrypt-4.5.2 -I/home/builder/build/src/libxcrypt-4.5.2/lib -DIN_LIBCRYPT -Wall -Wextra -Walloca -Wbad-function-cast -Wcast-align -Wcast-qual -Wconversion -Wformat=2 -Wformat-signedness -Wmissing-declarations -Wmissing-prototypes -Wnested-externs -Wnull-dereference -Wold-style-definition -Wpointer-arith -Wshadow -Wstrict-overflow=2 -Wstrict-prototypes -Wundef -Wvla -Wwrite-strings -Wpedantic -fno-plt -march=x86-64-v3 -O2 -pipe -fno-plt -fexceptions -Wp,-D_FORTIFY_SOURCE=3 -fstack-clash-protection -fcf-protection -MT lib/libcrypt_la-crypt-md5.lo -MD -MP -MF lib/.deps/libcrypt_la-crypt-md5.Tpo -c /home/builder/build/src/libxcrypt-4.5.2/lib/crypt-md5.c  -fPIC -DPIC -o lib/.libs/libcrypt_la-crypt-md5.o
EXTRACT64(X) ({ \
      |                       ^
/home/builder/build/src/libxcrypt-4.5.2/lib/alg-yescrypt-opt.c:739:3: warning: use of GNU statement expression extension from macro expansion [-Wgnu-statement-expression-from-macro-expansion]
/home/builder/build/src/libxcrypt-4.5.2/lib/alg-yescrypt-opt.c:633:2: note: expanded from macro 'PWXFORM'
  633 |         PWXFORM_ROUND \
      |         ^
/home/builder/build/src/libxcrypt-4.5.2/lib/alg-yescrypt-opt.c:589:2: note: expanded from macro 'PWXFORM_ROUND'
  589 |         PWXFORM_SIMD(X1) \
      |         ^
/home/builder/build/src/libxcrypt-4.5.2/lib/alg-yescrypt-opt.c:525:42: note: expanded from macro 'PWXFORM_SIMD'
  525 |         uint32_t lo = (uint32_t)(x = ((uint64_t)EXTRACT64(X)) & Smask2reg); \
      |                                                 ^
/home/builder/build/src/libxcrypt-4.5.2/lib/alg-yescrypt-opt.c:475:23: note: expanded from macro 'EXTRACT64'
  475 | #define EXTRACT64(X) ({ \
      |                       ^
/home/builder/build/src/libxcrypt-4.5.2/lib/alg-yescrypt-opt.c:739:3: warning: use of GNU statement expression extension from macro expansion [-Wgnu-statement-expression-from-macro-expansion]
/home/builder/build/src/libxcrypt-4.5.2/lib/alg-yescrypt-opt.c:633:2: note: expanded from macro 'PWXFORM'
  633 |         PWXFORM_ROUND \
      |         ^
/home/builder/build/src/libxcrypt-4.5.2/lib/alg-yescrypt-opt.c:590:2: note: expanded from macro 'PWXFORM_ROUND'
  590 |         PWXFORM_SIMD(X2) \
      |         ^
/home/builder/build/src/libxcrypt-4.5.2/lib/alg-yescrypt-opt.c:525:42: note: expanded from macro 'PWXFORM_SIMD'
  525 |         uint32_t lo = (uint32_t)(x = ((uint64_t)EXTRACT64(X)) & Smask2reg); \
      |                                                 ^
/home/builder/build/src/libxcrypt-4.5.2/lib/alg-yescrypt-opt.c:475:23: note: expanded from macro 'EXTRACT64'
  475 | #define EXTRACT64(X) ({ \
      |                       ^
/home/builder/build/src/libxcrypt-4.5.2/lib/alg-yescrypt-opt.c:739:3: warning: use of GNU statement expression extension from macro expansion [-Wgnu-statement-expression-from-macro-expansion]
/home/builder/build/src/libxcrypt-4.5.2/lib/alg-yescrypt-opt.c:633:2: note: expanded from macro 'PWXFORM'
  633 |         PWXFORM_ROUND \
      |         ^
/home/builder/build/src/libxcrypt-4.5.2/lib/alg-yescrypt-opt.c:591:2: note: expanded from macro 'PWXFORM_ROUND'
  591 |         PWXFORM_SIMD(X3)
      |         ^
/home/builder/build/src/libxcrypt-4.5.2/lib/alg-yescrypt-opt.c:525:42: note: expanded from macro 'PWXFORM_SIMD'
  525 |         uint32_t lo = (uint32_t)(x = ((uint64_t)EXTRACT64(X)) & Smask2reg); \
      |                                                 ^
/home/builder/build/src/libxcrypt-4.5.2/lib/alg-yescrypt-opt.c:475:23: note: expanded from macro 'EXTRACT64'
  475 | #define EXTRACT64(X) ({ \
      |                       ^
/home/builder/build/src/libxcrypt-4.5.2/lib/alg-yescrypt-opt.c:739:3: warning: use of GNU statement expression extension from macro expansion [-Wgnu-statement-expression-from-macro-expansion]
/home/builder/build/src/libxcrypt-4.5.2/lib/alg-yescrypt-opt.c:634:2: note: expanded from macro 'PWXFORM'
  634 |         PWXFORM_ROUND PWXFORM_WRITE \
      |         ^
/home/builder/build/src/libxcrypt-4.5.2/lib/alg-yescrypt-opt.c:588:2: note: expanded from macro 'PWXFORM_ROUND'
  588 |         PWXFORM_SIMD(X0) \
      |         ^
/home/builder/build/src/libxcrypt-4.5.2/lib/alg-yescrypt-opt.c:525:42: note: expanded from macro 'PWXFORM_SIMD'
  525 |         uint32_t lo = (uint32_t)(x = ((uint64_t)EXTRACT64(X)) & Smask2reg); \
      |                                                 ^
/home/builder/build/src/libxcrypt-4.5.2/lib/alg-yescrypt-opt.c:475:23: note: expanded from macro 'EXTRACT64'
  475 | #define EXTRACT64(X) ({ \
      |                       ^
/home/builder/build/src/libxcrypt-4.5.2/lib/alg-yescrypt-opt.c:739:3: warning: use of GNU statement expression extension from macro expansion [-Wgnu-statement-expression-from-macro-expansion]
/home/builder/build/src/libxcrypt-4.5.2/lib/alg-yescrypt-opt.c:634:2: note: expanded from macro 'PWXFORM'
  634 |         PWXFORM_ROUND PWXFORM_WRITE \
      |         ^
/home/builder/build/src/libxcrypt-4.5.2/lib/alg-yescrypt-opt.c:589:2: note: expanded from macro 'PWXFORM_ROUND'
  589 |         PWXFORM_SIMD(X1) \
      |         ^
/home/builder/build/src/libxcrypt-4.5.2/lib/alg-yescrypt-opt.c:525:42: note: expanded from macro 'PWXFORM_SIMD'
  525 |         uint32_t lo = (uint32_t)(x = ((uint64_t)EXTRACT64(X)) & Smask2reg); \
      |                                                 ^
/home/builder/build/src/libxcrypt-4.5.2/lib/alg-yescrypt-opt.c:475:23: note: expanded from macro 'EXTRACT64'
  475 | #define EXTRACT64(X) ({ \
      |                       ^
/home/builder/build/src/libxcrypt-4.5.2/lib/alg-yescrypt-opt.c:739:3: warning: use of GNU statement expression extension from macro expansion [-Wgnu-statement-expression-from-macro-expansion]
/home/builder/build/src/libxcrypt-4.5.2/lib/alg-yescrypt-opt.c:634:2: note: expanded from macro 'PWXFORM'
  634 |         PWXFORM_ROUND PWXFORM_WRITE \
      |         ^
/home/builder/build/src/libxcrypt-4.5.2/lib/alg-yescrypt-opt.c:590:2: note: expanded from macro 'PWXFORM_ROUND'
  590 |         PWXFORM_SIMD(X2) \
      |         ^
/home/builder/build/src/libxcrypt-4.5.2/lib/alg-yescrypt-opt.c:525:42: note: expanded from macro 'PWXFORM_SIMD'
  525 |         uint32_t lo = (uint32_t)(x = ((uint64_t)EXTRACT64(X)) & Smask2reg); \
      |                                                 ^
/home/builder/build/src/libxcrypt-4.5.2/lib/alg-yescrypt-opt.c:475:23: note: expanded from macro 'EXTRACT64'
  475 | #define EXTRACT64(X) ({ \
      |                       ^
/home/builder/build/src/libxcrypt-4.5.2/lib/alg-yescrypt-opt.c:739:3: warning: use of GNU statement expression extension from macro expansion [-Wgnu-statement-expression-from-macro-expansion]
/home/builder/build/src/libxcrypt-4.5.2/lib/alg-yescrypt-opt.c:634:2: note: expanded from macro 'PWXFORM'
  634 |         PWXFORM_ROUND PWXFORM_WRITE \
      |         ^
/home/builder/build/src/libxcrypt-4.5.2/lib/alg-yescrypt-opt.c:591:2: note: expanded from macro 'PWXFORM_ROUND'
  591 |         PWXFORM_SIMD(X3)
      |         ^
/home/builder/build/src/libxcrypt-4.5.2/lib/alg-yescrypt-opt.c:525:42: note: expanded from macro 'PWXFORM_SIMD'
  525 |         uint32_t lo = (uint32_t)(x = ((uint64_t)EXTRACT64(X)) & Smask2reg); \
      |                                                 ^
/home/builder/build/src/libxcrypt-4.5.2/lib/alg-yescrypt-opt.c:475:23: note: expanded from macro 'EXTRACT64'
  475 | #define EXTRACT64(X) ({ \
      |                       ^
/home/builder/build/src/libxcrypt-4.5.2/lib/alg-yescrypt-opt.c:739:3: warning: use of GNU statement expression extension from macro expansion [-Wgnu-statement-expression-from-macro-expansion]
/home/builder/build/src/libxcrypt-4.5.2/lib/alg-yescrypt-opt.c:635:2: note: expanded from macro 'PWXFORM'
  635 |         PWXFORM_ROUND PWXFORM_WRITE \
      |         ^
/home/builder/build/src/libxcrypt-4.5.2/lib/alg-yescrypt-opt.c:588:2: note: expanded from macro 'PWXFORM_ROUND'
  588 |         PWXFORM_SIMD(X0) \
      |         ^
/home/builder/build/src/libxcrypt-4.5.2/lib/alg-yescrypt-opt.c:525:42: note: expanded from macro 'PWXFORM_SIMD'
  525 |         uint32_t lo = (uint32_t)(x = ((uint64_t)EXTRACT64(X)) & Smask2reg); \
      |                                                 ^
/home/builder/build/src/libxcrypt-4.5.2/lib/alg-yescrypt-opt.c:475:23: note: expanded from macro 'EXTRACT64'
  475 | #define EXTRACT64(X) ({ \
      |                       ^
/home/builder/build/src/libxcrypt-4.5.2/lib/alg-yescrypt-opt.c:739:3: warning: use of GNU statement expression extension from macro expansion [-Wgnu-statement-expression-from-macro-expansion]
/home/builder/build/src/libxcrypt-4.5.2/lib/alg-yescrypt-opt.c:635:2: note: expanded from macro 'PWXFORM'
  635 |         PWXFORM_ROUND PWXFORM_WRITE \
      |         ^
/home/builder/build/src/libxcrypt-4.5.2/lib/alg-yescrypt-opt.c:589:2: note: expanded from macro 'PWXFORM_ROUND'
  589 |         PWXFORM_SIMD(X1) \
      |         ^
/home/builder/build/src/libxcrypt-4.5.2/lib/alg-yescrypt-opt.c:525:42: note: expanded from macro 'PWXFORM_SIMD'
  525 |         uint32_t lo = (uint32_t)(x = ((uint64_t)EXTRACT64(X)) & Smask2reg); \
      |                                                 ^
/home/builder/build/src/libxcrypt-4.5.2/lib/alg-yescrypt-opt.c:475:23: note: expanded from macro 'EXTRACT64'
  475 | #define EXTRACT64(X) ({ \
      |                       ^
/home/builder/build/src/libxcrypt-4.5.2/lib/alg-yescrypt-opt.c:739:3: warning: use of GNU statement expression extension from macro expansion [-Wgnu-statement-expression-from-macro-expansion]
/home/builder/build/src/libxcrypt-4.5.2/lib/alg-yescrypt-opt.c:635:2: note: expanded from macro 'PWXFORM'
  635 |         PWXFORM_ROUND PWXFORM_WRITE \
      |         ^
/home/builder/build/src/libxcrypt-4.5.2/lib/alg-yescrypt-opt.c:590:2: note: expanded from macro 'PWXFORM_ROUND'
  590 |         PWXFORM_SIMD(X2) \
      |         ^
/home/builder/build/src/libxcrypt-4.5.2/lib/alg-yescrypt-opt.c:525:42: note: expanded from macro 'PWXFORM_SIMD'
  525 |         uint32_t lo = (uint32_t)(x = ((uint64_t)EXTRACT64(X)) & Smask2reg); \
      |                                                 ^
/home/builder/build/src/libxcrypt-4.5.2/lib/alg-yescrypt-opt.c:475:23: note: expanded from macro 'EXTRACT64'
  475 | #define EXTRACT64(X) ({ \
      |                       ^
/home/builder/build/src/libxcrypt-4.5.2/lib/alg-yescrypt-opt.c:739:3: warning: use of GNU statement expression extension from macro expansion [-Wgnu-statement-expression-from-macro-expansion]
/home/builder/build/src/libxcrypt-4.5.2/lib/alg-yescrypt-opt.c:635:2: note: expanded from macro 'PWXFORM'
  635 |         PWXFORM_ROUND PWXFORM_WRITE \
      |         ^
/home/builder/build/src/libxcrypt-4.5.2/lib/alg-yescrypt-opt.c:591:2: note: expanded from macro 'PWXFORM_ROUND'
  591 |         PWXFORM_SIMD(X3)
      |         ^
/home/builder/build/src/libxcrypt-4.5.2/lib/alg-yescrypt-opt.c:525:42: note: expanded from macro 'PWXFORM_SIMD'
  525 |         uint32_t lo = (uint32_t)(x = ((uint64_t)EXTRACT64(X)) & Smask2reg); \
      |                                                 ^
/home/builder/build/src/libxcrypt-4.5.2/lib/alg-yescrypt-opt.c:475:23: note: expanded from macro 'EXTRACT64'
  475 | #define EXTRACT64(X) ({ \
      |                       ^
libtool: compile:  clang -DHAVE_CONFIG_H -I. -I/home/builder/build/src/libxcrypt-4.5.2 -I/home/builder/build/src/libxcrypt-4.5.2/lib -DIN_LIBCRYPT -Wall -Wextra -Walloca -Wbad-function-cast -Wcast-align -Wcast-qual -Wconversion -Wformat=2 -Wformat-signedness -Wmissing-declarations -Wmissing-prototypes -Wnested-externs -Wnull-dereference -Wold-style-definition -Wpointer-arith -Wshadow -Wstrict-overflow=2 -Wstrict-prototypes -Wundef -Wvla -Wwrite-strings -Wpedantic -fno-plt -march=x86-64-v3 -O2 -pipe -fno-plt -fexceptions -Wp,-D_FORTIFY_SOURCE=3 -fstack-clash-protection -fcf-protection -MT lib/libcrypt_la-crypt-sm3-yescrypt.lo -MD -MP -MF lib/.deps/libcrypt_la-crypt-sm3-yescrypt.Tpo -c /home/builder/build/src/libxcrypt-4.5.2/lib/crypt-sm3-yescrypt.c  -fPIC -DPIC -o lib/.libs/libcrypt_la-crypt-sm3-yescrypt.o
/home/builder/build/src/libxcrypt-4.5.2/lib/alg-yescrypt-opt.c:739:3: warning: use of GNU statement expression extension from macro expansion [-Wgnu-statement-expression-from-macro-expansion]
/home/builder/build/src/libxcrypt-4.5.2/lib/alg-yescrypt-opt.c:636:2: note: expanded from macro 'PWXFORM'
  636 |         PWXFORM_ROUND PWXFORM_WRITE \
      |         ^
/home/builder/build/src/libxcrypt-4.5.2/lib/alg-yescrypt-opt.c:588:2: note: expanded from macro 'PWXFORM_ROUND'
  588 |         PWXFORM_SIMD(X0) \
      |         ^
/home/builder/build/src/libxcrypt-4.5.2/lib/alg-yescrypt-opt.c:525:42: note: expanded from macro 'PWXFORM_SIMD'
  525 |         uint32_t lo = (uint32_t)(x = ((uint64_t)EXTRACT64(X)) & Smask2reg); \
      |                                                 ^
/home/builder/build/src/libxcrypt-4.5.2/lib/alg-yescrypt-opt.c:475:23: note: expanded from macro 'EXTRACT64'
  475 | #define EXTRACT64(X) ({ \
      |                       ^
/home/builder/build/src/libxcrypt-4.5.2/lib/alg-yescrypt-opt.c:739:3: warning: use of GNU statement expression extension from macro expansion [-Wgnu-statement-expression-from-macro-expansion]
/home/builder/build/src/libxcrypt-4.5.2/lib/alg-yescrypt-opt.c:636:2: note: expanded from macro 'PWXFORM'
  636 |         PWXFORM_ROUND PWXFORM_WRITE \
      |         ^
/home/builder/build/src/libxcrypt-4.5.2/lib/alg-yescrypt-opt.c:589:2: note: expanded from macro 'PWXFORM_ROUND'
  589 |         PWXFORM_SIMD(X1) \
      |         ^
/home/builder/build/src/libxcrypt-4.5.2/lib/alg-yescrypt-opt.c:525:42: note: expanded from macro 'PWXFORM_SIMD'
  525 |         uint32_t lo = (uint32_t)(x = ((uint64_t)EXTRACT64(X)) & Smask2reg); \
      |                                                 ^
/home/builder/build/src/libxcrypt-4.5.2/lib/alg-yescrypt-opt.c:475:23: note: expanded from macro 'EXTRACT64'
  475 | #define EXTRACT64(X) ({ \
      |                       ^
/home/builder/build/src/libxcrypt-4.5.2/lib/alg-yescrypt-opt.c:739:3: warning: use of GNU statement expression extension from macro expansion [-Wgnu-statement-expression-from-macro-expansion]
/home/builder/build/src/libxcrypt-4.5.2/lib/alg-yescrypt-opt.c:636:2: note: expanded from macro 'PWXFORM'
  636 |         PWXFORM_ROUND PWXFORM_WRITE \
      |         ^
/home/builder/build/src/libxcrypt-4.5.2/lib/alg-yescrypt-opt.c:590:2: note: expanded from macro 'PWXFORM_ROUND'
  590 |         PWXFORM_SIMD(X2) \
      |         ^
/home/builder/build/src/libxcrypt-4.5.2/lib/alg-yescrypt-opt.c:525:42: note: expanded from macro 'PWXFORM_SIMD'
  525 |         uint32_t lo = (uint32_t)(x = ((uint64_t)EXTRACT64(X)) & Smask2reg); \
      |                                                 ^
/home/builder/build/src/libxcrypt-4.5.2/lib/alg-yescrypt-opt.c:475:23: note: expanded from macro 'EXTRACT64'
  475 | #define EXTRACT64(X) ({ \
      |                       ^
/home/builder/build/src/libxcrypt-4.5.2/lib/alg-yescrypt-opt.c:739:3: warning: use of GNU statement expression extension from macro expansion [-Wgnu-statement-expression-from-macro-expansion]
/home/builder/build/src/libxcrypt-4.5.2/lib/alg-yescrypt-opt.c:636:2: note: expanded from macro 'PWXFORM'
  636 |         PWXFORM_ROUND PWXFORM_WRITE \
      |         ^
/home/builder/build/src/libxcrypt-4.5.2/lib/alg-yescrypt-opt.c:591:2: note: expanded from macro 'PWXFORM_ROUND'
  591 |         PWXFORM_SIMD(X3)
      |         ^
/home/builder/build/src/libxcrypt-4.5.2/lib/alg-yescrypt-opt.c:525:42: note: expanded from macro 'PWXFORM_SIMD'
  525 |         uint32_t lo = (uint32_t)(x = ((uint64_t)EXTRACT64(X)) & Smask2reg); \
      |                                                 ^
/home/builder/build/src/libxcrypt-4.5.2/lib/alg-yescrypt-opt.c:475:23: note: expanded from macro 'EXTRACT64'
  475 | #define EXTRACT64(X) ({ \
      |                       ^
/home/builder/build/src/libxcrypt-4.5.2/lib/alg-yescrypt-opt.c:739:3: warning: use of GNU statement expression extension from macro expansion [-Wgnu-statement-expression-from-macro-expansion]
/home/builder/build/src/libxcrypt-4.5.2/lib/alg-yescrypt-opt.c:637:2: note: expanded from macro 'PWXFORM'
  637 |         PWXFORM_ROUND PWXFORM_WRITE \
      |         ^
/home/builder/build/src/libxcrypt-4.5.2/lib/alg-yescrypt-opt.c:588:2: note: expanded from macro 'PWXFORM_ROUND'
  588 |         PWXFORM_SIMD(X0) \
      |         ^
/home/builder/build/src/libxcrypt-4.5.2/lib/alg-yescrypt-opt.c:525:42: note: expanded from macro 'PWXFORM_SIMD'
  525 |         uint32_t lo = (uint32_t)(x = ((uint64_t)EXTRACT64(X)) & Smask2reg); \
      |                                                 ^
/home/builder/build/src/libxcrypt-4.5.2/lib/alg-yescrypt-opt.c:475:23: note: expanded from macro 'EXTRACT64'
  475 | #define EXTRACT64(X) ({ \
      |                       ^
/home/builder/build/src/libxcrypt-4.5.2/lib/alg-yescrypt-opt.c:739:3: warning: use of GNU statement expression extension from macro expansion [-Wgnu-statement-expression-from-macro-expansion]
/home/builder/build/src/libxcrypt-4.5.2/lib/alg-yescrypt-opt.c:637:2: note: expanded from macro 'PWXFORM'
  637 |         PWXFORM_ROUND PWXFORM_WRITE \
      |         ^
/home/builder/build/src/libxcrypt-4.5.2/lib/alg-yescrypt-opt.c:589:2: note: expanded from macro 'PWXFORM_ROUND'
  589 |         PWXFORM_SIMD(X1) \
      |         ^
/home/builder/build/src/libxcrypt-4.5.2/lib/alg-yescrypt-opt.c:525:42: note: expanded from macro 'PWXFORM_SIMD'
  525 |         uint32_t lo = (uint32_t)(x = ((uint64_t)EXTRACT64(X)) & Smask2reg); \
      |                                                 ^
/home/builder/build/src/libxcrypt-4.5.2/lib/alg-yescrypt-opt.c:475:23: note: expanded from macro 'EXTRACT64'
  475 | #define EXTRACT64(X) ({ \
      |                       ^
/home/builder/build/src/libxcrypt-4.5.2/lib/alg-yescrypt-opt.c:739:3: warning: use of GNU statement expression extension from macro expansion [-Wgnu-statement-expression-from-macro-expansion]
/home/builder/build/src/libxcrypt-4.5.2/lib/alg-yescrypt-opt.c:637:2: note: expanded from macro 'PWXFORM'
  637 |         PWXFORM_ROUND PWXFORM_WRITE \
      |         ^
/home/builder/build/src/libxcrypt-4.5.2/lib/alg-yescrypt-opt.c:590:2: note: expanded from macro 'PWXFORM_ROUND'
  590 |         PWXFORM_SIMD(X2) \
      |         ^
/home/builder/build/src/libxcrypt-4.5.2/lib/alg-yescrypt-opt.c:525:42: note: expanded from macro 'PWXFORM_SIMD'
  525 |         uint32_t lo = (uint32_t)(x = ((uint64_t)EXTRACT64(X)) & Smask2reg); \
      |                                                 ^
/home/builder/build/src/libxcrypt-4.5.2/lib/alg-yescrypt-opt.c:475:23: note: expanded from macro 'EXTRACT64'
  475 | #define EXTRACT64(X) ({ \
      |                       ^
/home/builder/build/src/libxcrypt-4.5.2/lib/alg-yescrypt-opt.c:739:3: warning: use of GNU statement expression extension from macro expansion [-Wgnu-statement-expression-from-macro-expansion]
/home/builder/build/src/libxcrypt-4.5.2/lib/alg-yescrypt-opt.c:637:2: note: expanded from macro 'PWXFORM'
  637 |         PWXFORM_ROUND PWXFORM_WRITE \
      |         ^
/home/builder/build/src/libxcrypt-4.5.2/lib/alg-yescrypt-opt.c:591:2: note: expanded from macro 'PWXFORM_ROUND'
  591 |         PWXFORM_SIMD(X3)
      |         ^
/home/builder/build/src/libxcrypt-4.5.2/lib/alg-yescrypt-opt.c:525:42: note: expanded from macro 'PWXFORM_SIMD'
  525 |         uint32_t lo = (uint32_t)(x = ((uint64_t)EXTRACT64(X)) & Smask2reg); \
      |                                                 ^
/home/builder/build/src/libxcrypt-4.5.2/lib/alg-yescrypt-opt.c:475:23: note: expanded from macro 'EXTRACT64'
  475 | #define EXTRACT64(X) ({ \
      |                       ^
/home/builder/build/src/libxcrypt-4.5.2/lib/alg-yescrypt-opt.c:739:3: warning: use of GNU statement expression extension from macro expansion [-Wgnu-statement-expression-from-macro-expansion]
/home/builder/build/src/libxcrypt-4.5.2/lib/alg-yescrypt-opt.c:638:2: note: expanded from macro 'PWXFORM'
  638 |         PWXFORM_ROUND \
      |         ^
/home/builder/build/src/libxcrypt-4.5.2/lib/alg-yescrypt-opt.c:588:2: note: expanded from macro 'PWXFORM_ROUND'
  588 |         PWXFORM_SIMD(X0) \
      |         ^
/home/builder/build/src/libxcrypt-4.5.2/lib/alg-yescrypt-opt.c:525:42: note: expanded from macro 'PWXFORM_SIMD'
  525 |         uint32_t lo = (uint32_t)(x = ((uint64_t)EXTRACT64(X)) & Smask2reg); \
      |                                                 ^
/home/builder/build/src/libxcrypt-4.5.2/lib/alg-yescrypt-opt.c:475:23: note: expanded from macro 'EXTRACT64'
  475 | #define EXTRACT64(X) ({ \
      |                       ^
/home/builder/build/src/libxcrypt-4.5.2/lib/alg-yescrypt-opt.c:739:3: warning: use of GNU statement expression extension from macro expansion [-Wgnu-statement-expression-from-macro-expansion]
/home/builder/build/src/libxcrypt-4.5.2/lib/alg-yescrypt-opt.c:638:2: note: expanded from macro 'PWXFORM'
  638 |         PWXFORM_ROUND \
      |         ^
/home/builder/build/src/libxcrypt-4.5.2/lib/alg-yescrypt-opt.c:589:2: note: expanded from macro 'PWXFORM_ROUND'
  589 |         PWXFORM_SIMD(X1) \
      |         ^
/home/builder/build/src/libxcrypt-4.5.2/lib/alg-yescrypt-opt.c:525:42: note: expanded from macro 'PWXFORM_SIMD'
  525 |         uint32_t lo = (uint32_t)(x = ((uint64_t)EXTRACT64(X)) & Smask2reg); \
      |                                                 ^
/home/builder/build/src/libxcrypt-4.5.2/lib/alg-yescrypt-opt.c:475:23: note: expanded from macro 'EXTRACT64'
  475 | #define EXTRACT64(X) ({ \
      |                       ^
/home/builder/build/src/libxcrypt-4.5.2/lib/alg-yescrypt-opt.c:739:3: warning: use of GNU statement expression extension from macro expansion [-Wgnu-statement-expression-from-macro-expansion]
/home/builder/build/src/libxcrypt-4.5.2/lib/alg-yescrypt-opt.c:638:2: note: expanded from macro 'PWXFORM'
  638 |         PWXFORM_ROUND \
      |         ^
/home/builder/build/src/libxcrypt-4.5.2/lib/alg-yescrypt-opt.c:590:2: note: expanded from macro 'PWXFORM_ROUND'
  590 |         PWXFORM_SIMD(X2) \
      |         ^
/home/builder/build/src/libxcrypt-4.5.2/lib/alg-yescrypt-opt.c:525:42: note: expanded from macro 'PWXFORM_SIMD'
  525 |         uint32_t lo = (uint32_t)(x = ((uint64_t)EXTRACT64(X)) & Smask2reg); \
      |                                                 ^
/home/builder/build/src/libxcrypt-4.5.2/lib/alg-yescrypt-opt.c:475:23: note: expanded from macro 'EXTRACT64'
  475 | #define EXTRACT64(X) ({ \
      |                       ^
/home/builder/build/src/libxcrypt-4.5.2/lib/alg-yescrypt-opt.c:739:3: warning: use of GNU statement expression extension from macro expansion [-Wgnu-statement-expression-from-macro-expansion]
/home/builder/build/src/libxcrypt-4.5.2/lib/alg-yescrypt-opt.c:638:2: note: expanded from macro 'PWXFORM'
  638 |         PWXFORM_ROUND \
      |         ^
/home/builder/build/src/libxcrypt-4.5.2/lib/alg-yescrypt-opt.c:591:2: note: expanded from macro 'PWXFORM_ROUND'
  591 |         PWXFORM_SIMD(X3)
      |         ^
/home/builder/build/src/libxcrypt-4.5.2/lib/alg-yescrypt-opt.c:525:42: note: expanded from macro 'PWXFORM_SIMD'
  525 |         uint32_t lo = (uint32_t)(x = ((uint64_t)EXTRACT64(X)) & Smask2reg); \
      |                                                 ^
/home/builder/build/src/libxcrypt-4.5.2/lib/alg-yescrypt-opt.c:475:23: note: expanded from macro 'EXTRACT64'
  475 | #define EXTRACT64(X) ({ \
      |                       ^
/home/builder/build/src/libxcrypt-4.5.2/lib/alg-yescrypt-opt.c:789:3: warning: use of GNU statement expression extension from macro expansion [-Wgnu-statement-expression-from-macro-expansion]
  789 |                 PWXFORM
      |                 ^
/home/builder/build/src/libxcrypt-4.5.2/lib/alg-yescrypt-opt.c:633:2: note: expanded from macro 'PWXFORM'
  633 |         PWXFORM_ROUND \
      |         ^
/home/builder/build/src/libxcrypt-4.5.2/lib/alg-yescrypt-opt.c:588:2: note: expanded from macro 'PWXFORM_ROUND'
  588 |         PWXFORM_SIMD(X0) \
      |         ^
/home/builder/build/src/libxcrypt-4.5.2/lib/alg-yescrypt-opt.c:525:42: note: expanded from macro 'PWXFORM_SIMD'
  525 |         uint32_t lo = (uint32_t)(x = ((uint64_t)EXTRACT64(X)) & Smask2reg); \
      |                                                 ^
/home/builder/build/src/libxcrypt-4.5.2/lib/alg-yescrypt-opt.c:475:23: note: expanded from macro 'EXTRACT64'
  475 | #define EXTRACT64(X) ({ \
      |                       ^
/home/builder/build/src/libxcrypt-4.5.2/lib/alg-yescrypt-opt.c:789:3: warning: use of GNU statement expression extension from macro expansion [-Wgnu-statement-expression-from-macro-expansion]
/home/builder/build/src/libxcrypt-4.5.2/lib/alg-yescrypt-opt.c:633:2: note: expanded from macro 'PWXFORM'
  633 |         PWXFORM_ROUND \
      |         ^
/home/builder/build/src/libxcrypt-4.5.2/lib/alg-yescrypt-opt.c:589:2: note: expanded from macro 'PWXFORM_ROUND'
  589 |         PWXFORM_SIMD(X1) \
      |         ^
/home/builder/build/src/libxcrypt-4.5.2/lib/alg-yescrypt-opt.c:525:42: note: expanded from macro 'PWXFORM_SIMD'
  525 |         uint32_t lo = (uint32_t)(x = ((uint64_t)EXTRACT64(X)) & Smask2reg); \
      |                                                 ^
/home/builder/build/src/libxcrypt-4.5.2/lib/alg-yescrypt-opt.c:475:23: note: expanded from macro 'EXTRACT64'
  475 | #define EXTRACT64(X) ({ \
      |                       ^
/home/builder/build/src/libxcrypt-4.5.2/lib/alg-yescrypt-opt.c:789:3: warning: use of GNU statement expression extension from macro expansion [-Wgnu-statement-expression-from-macro-expansion]
/home/builder/build/src/libxcrypt-4.5.2/lib/alg-yescrypt-opt.c:633:2: note: expanded from macro 'PWXFORM'
  633 |         PWXFORM_ROUND \
      |         ^
/home/builder/build/src/libxcrypt-4.5.2/lib/alg-yescrypt-opt.c:590:2: note: expanded from macro 'PWXFORM_ROUND'
  590 |         PWXFORM_SIMD(X2) \
      |         ^
/home/builder/build/src/libxcrypt-4.5.2/lib/alg-yescrypt-opt.c:525:42: note: expanded from macro 'PWXFORM_SIMD'
  525 |         uint32_t lo = (uint32_t)(x = ((uint64_t)EXTRACT64(X)) & Smask2reg); \
      |                                                 ^
/home/builder/build/src/libxcrypt-4.5.2/lib/alg-yescrypt-opt.c:475:23: note: expanded from macro 'EXTRACT64'
  475 | #define EXTRACT64(X) ({ \
      |                       ^
/home/builder/build/src/libxcrypt-4.5.2/lib/alg-yescrypt-opt.c:789:3: warning: use of GNU statement expression extension from macro expansion [-Wgnu-statement-expression-from-macro-expansion]
/home/builder/build/src/libxcrypt-4.5.2/lib/alg-yescrypt-opt.c:633:2: note: expanded from macro 'PWXFORM'
  633 |         PWXFORM_ROUND \
      |         ^
/home/builder/build/src/libxcrypt-4.5.2/lib/alg-yescrypt-opt.c:591:2: note: expanded from macro 'PWXFORM_ROUND'
  591 |         PWXFORM_SIMD(X3)
      |         ^
/home/builder/build/src/libxcrypt-4.5.2/lib/alg-yescrypt-opt.c:525:42: note: expanded from macro 'PWXFORM_SIMD'
  525 |         uint32_t lo = (uint32_t)(x = ((uint64_t)EXTRACT64(X)) & Smask2reg); \
      |                                                 ^
/home/builder/build/src/libxcrypt-4.5.2/lib/alg-yescrypt-opt.c:475:23: note: expanded from macro 'EXTRACT64'
  475 | #define EXTRACT64(X) ({ \
      |                       ^
/home/builder/build/src/libxcrypt-4.5.2/lib/alg-yescrypt-opt.c:789:3: warning: use of GNU statement expression extension from macro expansion [-Wgnu-statement-expression-from-macro-expansion]
/home/builder/build/src/libxcrypt-4.5.2/lib/alg-yescrypt-opt.c:634:2: note: expanded from macro 'PWXFORM'
  634 |         PWXFORM_ROUND PWXFORM_WRITE \
      |         ^
/home/builder/build/src/libxcrypt-4.5.2/lib/alg-yescrypt-opt.c:588:2: note: expanded from macro 'PWXFORM_ROUND'
  588 |         PWXFORM_SIMD(X0) \
      |         ^
/home/builder/build/src/libxcrypt-4.5.2/lib/alg-yescrypt-opt.c:525:42: note: expanded from macro 'PWXFORM_SIMD'
  525 |         uint32_t lo = (uint32_t)(x = ((uint64_t)EXTRACT64(X)) & Smask2reg); \
      |                                                 ^
/home/builder/build/src/libxcrypt-4.5.2/lib/alg-yescrypt-opt.c:475:23: note: expanded from macro 'EXTRACT64'
  475 | #define EXTRACT64(X) ({ \
      |                       ^
/home/builder/build/src/libxcrypt-4.5.2/lib/alg-yescrypt-opt.c:789:3: warning: use of GNU statement expression extension from macro expansion [-Wgnu-statement-expression-from-macro-expansion]
/home/builder/build/src/libxcrypt-4.5.2/lib/alg-yescrypt-opt.c:634:2: note: expanded from macro 'PWXFORM'
  634 |         PWXFORM_ROUND PWXFORM_WRITE \
      |         ^
/home/builder/build/src/libxcrypt-4.5.2/lib/alg-yescrypt-opt.c:589:2: note: expanded from macro 'PWXFORM_ROUND'
  589 |         PWXFORM_SIMD(X1) \
      |         ^
/home/builder/build/src/libxcrypt-4.5.2/lib/alg-yescrypt-opt.c:525:42: note: expanded from macro 'PWXFORM_SIMD'
  525 |         uint32_t lo = (uint32_t)(x = ((uint64_t)EXTRACT64(X)) & Smask2reg); \
      |                                                 ^
/home/builder/build/src/libxcrypt-4.5.2/lib/alg-yescrypt-opt.c:475:23: note: expanded from macro 'EXTRACT64'
  475 | #define EXTRACT64(X) ({ \
      |                       ^
/home/builder/build/src/libxcrypt-4.5.2/lib/alg-yescrypt-opt.c:789:3: warning: use of GNU statement expression extension from macro expansion [-Wgnu-statement-expression-from-macro-expansion]
/home/builder/build/src/libxcrypt-4.5.2/lib/alg-yescrypt-opt.c:634:2: note: expanded from macro 'PWXFORM'
  634 |         PWXFORM_ROUND PWXFORM_WRITE \
      |         ^
/home/builder/build/src/libxcrypt-4.5.2/lib/alg-yescrypt-opt.c:590:2: note: expanded from macro 'PWXFORM_ROUND'
  590 |         PWXFORM_SIMD(X2) \
      |         ^
/home/builder/build/src/libxcrypt-4.5.2/lib/alg-yescrypt-opt.c:525:42: note: expanded from macro 'PWXFORM_SIMD'
  525 |         uint32_t lo = (uint32_t)(x = ((uint64_t)EXTRACT64(X)) & Smask2reg); \
      |                                                 ^
/home/builder/build/src/libxcrypt-4.5.2/lib/alg-yescrypt-opt.c:475:23: note: expanded from macro 'EXTRACT64'
  475 | #define EXTRACT64(X) ({ \
      |                       ^
/home/builder/build/src/libxcrypt-4.5.2/lib/alg-yescrypt-opt.c:789:3: warning: use of GNU statement expression extension from macro expansion [-Wgnu-statement-expression-from-macro-expansion]
/home/builder/build/src/libxcrypt-4.5.2/lib/alg-yescrypt-opt.c:634:2: note: expanded from macro 'PWXFORM'
  634 |         PWXFORM_ROUND PWXFORM_WRITE \
      |         ^
/home/builder/build/src/libxcrypt-4.5.2/lib/alg-yescrypt-opt.c:591:2: note: expanded from macro 'PWXFORM_ROUND'
  591 |         PWXFORM_SIMD(X3)
      |         ^
/home/builder/build/src/libxcrypt-4.5.2/lib/alg-yescrypt-opt.c:525:42: note: expanded from macro 'PWXFORM_SIMD'
  525 |         uint32_t lo = (uint32_t)(x = ((uint64_t)EXTRACT64(X)) & Smask2reg); \
      |                                                 ^
/home/builder/build/src/libxcrypt-4.5.2/lib/alg-yescrypt-opt.c:475:23: note: expanded from macro 'EXTRACT64'
  475 | #define EXTRACT64(X) ({ \
      |                       ^
/home/builder/build/src/libxcrypt-4.5.2/lib/alg-yescrypt-opt.c:789:3: warning: use of GNU statement expression extension from macro expansion [-Wgnu-statement-expression-from-macro-expansion]
/home/builder/build/src/libxcrypt-4.5.2/lib/alg-yescrypt-opt.c:635:2: note: expanded from macro 'PWXFORM'
  635 |         PWXFORM_ROUND PWXFORM_WRITE \
      |         ^
/home/builder/build/src/libxcrypt-4.5.2/lib/alg-yescrypt-opt.c:588:2: note: expanded from macro 'PWXFORM_ROUND'
  588 |         PWXFORM_SIMD(X0) \
      |         ^
/home/builder/build/src/libxcrypt-4.5.2/lib/alg-yescrypt-opt.c:525:42: note: expanded from macro 'PWXFORM_SIMD'
  525 |         uint32_t lo = (uint32_t)(x = ((uint64_t)EXTRACT64(X)) & Smask2reg); \
      |                                                 ^
/home/builder/build/src/libxcrypt-4.5.2/lib/alg-yescrypt-opt.c:475:23: note: expanded from macro 'EXTRACT64'
  475 | #define EXTRACT64(X) ({ \
      |                       ^
/home/builder/build/src/libxcrypt-4.5.2/lib/alg-yescrypt-opt.c:789:3: warning: use of GNU statement expression extension from macro expansion [-Wgnu-statement-expression-from-macro-expansion]
/home/builder/build/src/libxcrypt-4.5.2/lib/alg-yescrypt-opt.c:635:2: note: expanded from macro 'PWXFORM'
  635 |         PWXFORM_ROUND PWXFORM_WRITE \
      |         ^
/home/builder/build/src/libxcrypt-4.5.2/lib/alg-yescrypt-opt.c:589:2: note: expanded from macro 'PWXFORM_ROUND'
  589 |         PWXFORM_SIMD(X1) \
      |         ^
/home/builder/build/src/libxcrypt-4.5.2/lib/alg-yescrypt-opt.c:525:42: note: expanded from macro 'PWXFORM_SIMD'
  525 |         uint32_t lo = (uint32_t)(x = ((uint64_t)EXTRACT64(X)) & Smask2reg); \
      |                                                 ^
/home/builder/build/src/libxcrypt-4.5.2/lib/alg-yescrypt-opt.c:475:23: note: expanded from macro 'EXTRACT64'
  475 | #define EXTRACT64(X) ({ \
      |                       ^
/home/builder/build/src/libxcrypt-4.5.2/lib/alg-yescrypt-opt.c:789:3: warning: use of GNU statement expression extension from macro expansion [-Wgnu-statement-expression-from-macro-expansion]
/home/builder/build/src/libxcrypt-4.5.2/lib/alg-yescrypt-opt.c:635:2: note: expanded from macro 'PWXFORM'
  635 |         PWXFORM_ROUND PWXFORM_WRITE \
      |         ^
/home/builder/build/src/libxcrypt-4.5.2/lib/alg-yescrypt-opt.c:590:2: note: expanded from macro 'PWXFORM_ROUND'
  590 |         PWXFORM_SIMD(X2) \
      |         ^
/home/builder/build/src/libxcrypt-4.5.2/lib/alg-yescrypt-opt.c:525:42: note: expanded from macro 'PWXFORM_SIMD'
  525 |         uint32_t lo = (uint32_t)(x = ((uint64_t)EXTRACT64(X)) & Smask2reg); \
      |                                                 ^
/home/builder/build/src/libxcrypt-4.5.2/lib/alg-yescrypt-opt.c:475:23: note: expanded from macro 'EXTRACT64'
  475 | #define EXTRACT64(X) ({ \
      |                       ^
/home/builder/build/src/libxcrypt-4.5.2/lib/alg-yescrypt-opt.c:789:3: warning: use of GNU statement expression extension from macro expansion [-Wgnu-statement-expression-from-macro-expansion]
/home/builder/build/src/libxcrypt-4.5.2/lib/alg-yescrypt-opt.c:635:2: note: expanded from macro 'PWXFORM'
  635 |         PWXFORM_ROUND PWXFORM_WRITE \
      |         ^
/home/builder/build/src/libxcrypt-4.5.2/lib/alg-yescrypt-opt.c:591:2: note: expanded from macro 'PWXFORM_ROUND'
  591 |         PWXFORM_SIMD(X3)
      |         ^
/home/builder/build/src/libxcrypt-4.5.2/lib/alg-yescrypt-opt.c:525:42: note: expanded from macro 'PWXFORM_SIMD'
  525 |         uint32_t lo = (uint32_t)(x = ((uint64_t)EXTRACT64(X)) & Smask2reg); \
      |                                                 ^
/home/builder/build/src/libxcrypt-4.5.2/lib/alg-yescrypt-opt.c:475:23: note: expanded from macro 'EXTRACT64'
  475 | #define EXTRACT64(X) ({ \
      |                       ^
/home/builder/build/src/libxcrypt-4.5.2/lib/alg-yescrypt-opt.c:789:3: warning: use of GNU statement expression extension from macro expansion [-Wgnu-statement-expression-from-macro-expansion]
/home/builder/build/src/libxcrypt-4.5.2/lib/alg-yescrypt-opt.c:636:2: note: expanded from macro 'PWXFORM'
  636 |         PWXFORM_ROUND PWXFORM_WRITE \
      |         ^
/home/builder/build/src/libxcrypt-4.5.2/lib/alg-yescrypt-opt.c:588:2: note: expanded from macro 'PWXFORM_ROUND'
  588 |         PWXFORM_SIMD(X0) \
      |         ^
/home/builder/build/src/libxcrypt-4.5.2/lib/alg-yescrypt-opt.c:525:42: note: expanded from macro 'PWXFORM_SIMD'
  525 |         uint32_t lo = (uint32_t)(x = ((uint64_t)EXTRACT64(X)) & Smask2reg); \
      |                                                 ^
/home/builder/build/src/libxcrypt-4.5.2/lib/alg-yescrypt-opt.c:475:23: note: expanded from macro 'EXTRACT64'
  475 | #define EXTRACT64(X) ({ \
      |                       ^
/home/builder/build/src/libxcrypt-4.5.2/lib/alg-yescrypt-opt.c:789:3: warning: use of GNU statement expression extension from macro expansion [-Wgnu-statement-expression-from-macro-expansion]
/home/builder/build/src/libxcrypt-4.5.2/lib/alg-yescrypt-opt.c:636:2: note: expanded from macro 'PWXFORM'
  636 |         PWXFORM_ROUND PWXFORM_WRITE \
      |         ^
/home/builder/build/src/libxcrypt-4.5.2/lib/alg-yescrypt-opt.c:589:2: note: expanded from macro 'PWXFORM_ROUND'
  589 |         PWXFORM_SIMD(X1) \
      |         ^
/home/builder/build/src/libxcrypt-4.5.2/lib/alg-yescrypt-opt.c:525:42: note: expanded from macro 'PWXFORM_SIMD'
  525 |         uint32_t lo = (uint32_t)(x = ((uint64_t)EXTRACT64(X)) & Smask2reg); \
      |                                                 ^
/home/builder/build/src/libxcrypt-4.5.2/lib/alg-yescrypt-opt.c:475:23: note: expanded from macro 'EXTRACT64'
  475 | #define EXTRACT64(X) ({ \
      |                       ^
/home/builder/build/src/libxcrypt-4.5.2/lib/alg-yescrypt-opt.c:789:3: warning: use of GNU statement expression extension from macro expansion [-Wgnu-statement-expression-from-macro-expansion]
/home/builder/build/src/libxcrypt-4.5.2/lib/alg-yescrypt-opt.c:636:2: note: expanded from macro 'PWXFORM'
  636libtool: compile:  clang -DHAVE_CONFIG_H -I. -I/home/builder/build/src/libxcrypt-4.5.2 -I/home/builder/build/src/libxcrypt-4.5.2/lib -DIN_LIBCRYPT -Wall -Wextra -Walloca -Wbad-function-cast -Wcast-align -Wcast-qual -Wconversion -Wformat=2 -Wformat-signedness -Wmissing-declarations -Wmissing-prototypes -Wnested-externs -Wnull-dereference -Wold-style-definition -Wpointer-arith -Wshadow -Wstrict-overflow=2 -Wstrict-prototypes -Wundef -Wvla -Wwrite-strings -Wpedantic -fno-plt -march=x86-64-v3 -O2 -pipe -fno-plt -fexceptions -Wp,-D_FORTIFY_SOURCE=3 -fstack-clash-protection -fcf-protection -MT lib/libcrypt_la-crypt-nthash.lo -MD -MP -MF lib/.deps/libcrypt_la-crypt-nthash.Tpo -c /home/builder/build/src/libxcrypt-4.5.2/lib/crypt-nthash.c  -fPIC -DPIC -o lib/.libs/libcrypt_la-crypt-nthash.o
 |         PWXFORM_ROUND PWXFORM_WRITE \
      |         ^
/home/builder/build/src/libxcrypt-4.5.2/lib/alg-yescrypt-opt.c:590:2: note: expanded from macro 'PWXFORM_ROUND'
  590 |         PWXFORM_SIMD(X2) \
      |         ^
/home/builder/build/src/libxcrypt-4.5.2/lib/alg-yescrypt-opt.c:525:42: note: expanded from macro 'PWXFORM_SIMD'
  525 |         uint32_t lo = (uint32_t)(x = ((uint64_t)EXTRACT64(X)) & Smask2reg); \
      |                                                 ^
/home/builder/build/src/libxcrypt-4.5.2/lib/alg-yescrypt-opt.c:475:23: note: expanded from macro 'EXTRACT64'
  475 | #define EXTRACT64(X) ({ \
      |                       ^
/home/builder/build/src/libxcrypt-4.5.2/lib/alg-yescrypt-opt.c:789:3: warning: use of GNU statement expression extension from macro expansion [-Wgnu-statement-expression-from-macro-expansion]
/home/builder/build/src/libxcrypt-4.5.2/lib/alg-yescrypt-opt.c:636:2: note: expanded from macro 'PWXFORM'
  636 |         PWXFORM_ROUND PWXFORM_WRITE \
      |         ^
/home/builder/build/src/libxcrypt-4.5.2/lib/alg-yescrypt-opt.c:591:2: note: expanded from macro 'PWXFORM_ROUND'
  591 |         PWXFORM_SIMD(X3)
      |         ^
/home/builder/build/src/libxcrypt-4.5.2/lib/alg-yescrypt-opt.c:525:42: note: expanded from macro 'PWXFORM_SIMD'
  525 |         uint32_t lo = (uint32_t)(x = ((uint64_t)EXTRACT64(X)) & Smask2reg); \
      |                                                 ^
/home/builder/build/src/libxcrypt-4.5.2/lib/alg-yescrypt-opt.c:475:23: note: expanded from macro 'EXTRACT64'
  475 | #define EXTRACT64(X) ({ \
      |                       ^
/home/builder/build/src/libxcrypt-4.5.2/lib/alg-yescrypt-opt.c:789:3: warning: use of GNU statement expression extension from macro expansion [-Wgnu-statement-expression-from-macro-expansion]
/home/builder/build/src/libxcrypt-4.5.2/lib/alg-yescrypt-opt.c:637:2: note: expanded from macro 'PWXFORM'
  637 |         PWXFORM_ROUND PWXFORM_WRITE \
      |         ^
/home/builder/build/src/libxcrypt-4.5.2/lib/alg-yescrypt-opt.c:588:2: note: expanded from macro 'PWXFORM_ROUND'
  588 |         PWXFORM_SIMD(X0) \
      |         ^
/home/builder/build/src/libxcrypt-4.5.2/lib/alg-yescrypt-opt.c:525:42: note: expanded from macro 'PWXFORM_SIMD'
  525 |         uint32_t lo = (uint32_t)(x = ((uint64_t)EXTRACT64(X)) & Smask2reg); \
      |                                                 ^
/home/builder/build/src/libxcrypt-4.5.2/lib/alg-yescrypt-opt.c:475:23: note: expanded from macro 'EXTRACT64'
  475 | #define EXTRACT64(X) ({ \
      |                       ^
/home/builder/build/src/libxcrypt-4.5.2/lib/alg-yescrypt-opt.c:789:3: warning: use of GNU statement expression extension from macro expansion [-Wgnu-statement-expression-from-macro-expansion]
/home/builder/build/src/libxcrypt-4.5.2/lib/alg-yescrypt-opt.c:637:2: note: expanded from macro 'PWXFORM'
  637 |         PWXFORM_ROUND PWXFORM_WRITE \
      |         ^
/home/builder/build/src/libxcrypt-4.5.2/lib/alg-yescrypt-opt.c:589:2: note: expanded from macro 'PWXFORM_ROUND'
  589 |         PWXFORM_SIMD(X1) \
      |         ^
/home/builder/build/src/libxcrypt-4.5.2/lib/alg-yescrypt-opt.c:525:42: note: expanded from macro 'PWXFORM_SIMD'
  525 |         uint32_t lo = (uint32_t)(x = ((uint64_t)EXTRACT64(X)) & Smask2reg); \
      |                                                 ^
/home/builder/build/src/libxcrypt-4.5.2/lib/alg-yescrypt-opt.c:475:23: note: expanded from macro 'EXTRACT64'
  475 | #define EXTRACT64(X) ({ \
      |                       ^
/home/builder/build/src/libxcrypt-4.5.2/lib/alg-yescrypt-opt.c:789:3: warning: use of GNU statement expression extension from macro expansion [-Wgnu-statement-expression-from-macro-expansion]
/home/builder/build/src/libxcrypt-4.5.2/lib/alg-yescrypt-opt.c:637:2: note: expanded from macro 'PWXFORM'
  637 |         PWXFORM_ROUND PWXFORM_WRITE \
      |         ^
/home/builder/build/src/libxcrypt-4.5.2/lib/alg-yescrypt-opt.c:590:2: note: expanded from macro 'PWXFORM_ROUND'
  590 |         PWXFORM_SIMD(X2) \
      |         ^
/home/builder/build/src/libxcrypt-4.5.2/lib/alg-yescrypt-opt.c:525:42: note: expanded from macro 'PWXFORM_SIMD'
  525 |         uint32_t lo = (uint32_t)(x = ((uint64_t)EXTRACT64(X)) & Smask2reg); \
      |                                                 ^
/home/builder/build/src/libxcrypt-4.5.2/lib/alg-yescrypt-opt.c:475:23: note: expanded from macro 'EXTRACT64'
  475 | #define EXTRACT64(X) ({ \
      |                       ^
/home/builder/build/src/libxcrypt-4.5.2/lib/alg-yescrypt-opt.c:789:3: warning: use of GNU statement expression extension from macro expansion [-Wgnu-statement-expression-from-macro-expansion]
/home/builder/build/src/libxcrypt-4.5.2/lib/alg-yescrypt-opt.c:637:2: note: expanded from macro 'PWXFORM'
  637 |         PWXFORM_ROUND PWXFORM_WRITE \
      |         ^
/home/builder/build/src/libxcrypt-4.5.2/lib/alg-yescrypt-opt.c:591:2: note: expanded from macro 'PWXFORM_ROUND'
  591 |         PWXFORM_SIMD(X3)
      |         ^
/home/builder/build/src/libxcrypt-4.5.2/lib/alg-yescrypt-opt.c:525:42: note: expanded from macro 'PWXFORM_SIMD'
  525 |         uint32_t lo = (uint32_t)(x = ((uint64_t)EXTRACT64(X)) & Smask2reg); \
      |                                                 ^
/home/builder/build/src/libxcrypt-4.5.2/lib/alg-yescrypt-opt.c:475:23: note: expanded from macro 'EXTRACT64'
  475 | #define EXTRACT64(X) ({ \
      |                       ^
mv -f lib/.deps/libcrypt_la-crypt-gensalt-static.Tpo lib/.deps/libcrypt_la-crypt-gensalt-static.Plo
/home/builder/build/src/libxcrypt-4.5.2/lib/alg-yescrypt-opt.c:789:3: warning: use of GNU statement expression extension from macro expansion [-Wgnu-statement-expression-from-macro-expansion]
/home/builder/build/src/libxcrypt-4.5.2/lib/alg-yescrypt-opt.c:638:2: note: expanded from macro 'PWXFORM'
  638 |         PWXFORM_ROUND \
      |         ^
/home/builder/build/src/libxcrypt-4.5.2/lib/alg-yescrypt-opt.c:588:2: note: expanded from macro 'PWXFORM_ROUND'
  588 |         PWXFORM_SIMD(X0) \
      |         ^
/home/builder/build/src/libxcrypt-4.5.2/lib/alg-yescrypt-opt.c:525:42: note: expanded from macro 'PWXFORM_SIMD'
  525 |         uint32_t lo = (uint32_t)(x = ((uint64_t)EXTRACT64(X)) & Smask2reg); \
      |                                                 ^
/home/builder/build/src/libxcrypt-4.5.2/lib/alg-yescrypt-opt.c:475:23: note: expanded from macro 'EXTRACT64'
  475 | #define EXTRACT64(X) ({ \
      |                       ^
/home/builder/build/src/libxcrypt-4.5.2/lib/alg-yescrypt-opt.c:789:3: warning: use of GNU statement expression extension from macro expansion [-Wgnu-statement-expression-from-macro-expansion]
/home/builder/build/src/libxcrypt-4.5.2/lib/alg-yescrypt-opt.c:638:2: note: expanded from macro 'PWXFORM'
  638 |         PWXFORM_ROUND \
      |         ^
/home/builder/build/src/libxcrypt-4.5.2/lib/alg-yescrypt-opt.c:589:2: note: expanded from macro 'PWXFORM_ROUND'
  589 |         PWXFORM_SIMD(X1) \
      |         ^
/home/builder/build/src/libxcrypt-4.5.2/lib/alg-yescrypt-opt.c:525:42: note: expanded from macro 'PWXFORM_SIMD'
  525 |         uint3/bin/sh ./libtool  --tag=CC   --mode=compile clang -DHAVE_CONFIG_H -I. -I/home/builder/build/src/libxcrypt-4.5.2  -I/home/builder/build/src/libxcrypt-4.5.2/lib -DIN_LIBCRYPT  -Wall -Wextra -Walloca -Wbad-function-cast -Wcast-align -Wcast-qual -Wconversion -Wformat=2 -Wformat-signedness -Wmissing-declarations -Wmissing-prototypes -Wnested-externs -Wnull-dereference -Wold-style-definition -Wpointer-arith -Wshadow -Wstrict-overflow=2 -Wstrict-prototypes -Wundef -Wvla -Wwrite-strings -Wpedantic -fno-plt -march=x86-64-v3 -O2 -pipe -fno-plt -fexceptions         -Wp,-D_FORTIFY_SOURCE=3 -fstack-clash-protection -fcf-protection -MT lib/libcrypt_la-crypt-sha512.lo -MD -MP -MF lib/.deps/libcrypt_la-crypt-sha512.Tpo -c -o lib/libcrypt_la-crypt-sha512.lo `test -f 'lib/crypt-sha512.c' || echo '/home/builder/build/src/libxcrypt-4.5.2/'`lib/crypt-sha512.c
2_t lo = (uint32_t)(x = ((uint64_t)EXTRACT64(X)) & Smask2reg); \
      |                                                 ^
/home/builder/build/src/libxcrypt-4.5.2/lib/alg-yescrypt-opt.c:475:23: note: expanded from macro 'EXTRACT64'
  475 | #define EXTRACT64(X) ({ \
      |                       ^
/home/builder/build/src/libxcrypt-4.5.2/lib/alg-yescrypt-opt.c:789:3: warning: use of GNU statement expression extension from macro expansion [-Wgnu-statement-expression-from-macro-expansion]
/home/builder/build/src/libxcrypt-4.5.2/lib/alg-yescrypt-opt.c:638:2: note: expanded from macro 'PWXFORM'
  638 |         PWXFORM_ROUND \
      |         ^
/home/builder/build/src/libxcrypt-4.5.2/lib/alg-yescrypt-opt.c:590:2: note: expanded from macro 'PWXFORM_ROUND'
  590 |         PWXFORM_SIMD(X2) \
      |         ^
/home/builder/build/src/libxcrypt-4.5.2/lib/alg-yescrypt-opt.c:525:42: note: expanded from macro 'PWXFORM_SIMD'
  525 |         uint32_t lo = (uint32_t)(x = ((uint64_t)EXTRACT64(X)) & Smask2reg); \
      |                                                 ^
/home/builder/build/src/libxcrypt-4.5.2/lib/alg-yescrypt-opt.c:475:23: note: expanded from macro 'EXTRACT64'
  475 | #define EXTRACT64(X) ({ \
      |                       ^
mv -f lib/.deps/libcrypt_la-crypt-des.Tpo lib/.deps/libcrypt_la-crypt-des.Plo
/home/builder/build/src/libxcrypt-4.5.2/lib/alg-yescrypt-opt.c:789:3: warning: use of GNU statement expression extension from macro expansion [-Wgnu-statement-expression-from-macro-expansion]
/home/builder/build/src/libxcrypt-4.5.2/lib/alg-yescrypt-opt.c:638:2: note: expanded from macro 'PWXFORM'
  638 |         PWXFORM_ROUND \
      |         ^
/home/builder/build/src/libxcrypt-4.5.2/lib/alg-yescrypt-opt.c:591:2: note: expanded from macro 'PWXFORM_ROUND'
  591 |         PWXFORM_SIMD(X3)
      |         ^
/home/builder/build/src/libxcrypt-4.5.2/lib/alg-yescrypt-opt.c:525:42: note: expanded from macro 'PWXFORM_SIMD'
  525 |         uint32_t lo = (uint32_t)(x = ((uint64_t)EXTRACT64(X)) & Smask2reg); \
      |                                                 ^
/home/builder/build/src/libxcrypt-4.5.2/lib/alg-yescrypt-opt.c:475:23: note: expanded from macro 'EXTRACT64'
  475 | #define EXTRACT64(X) ({ \
      |                       ^
/home/builder/build/src/libxcrypt-4.5.2/lib/crypt-gost-yescrypt.c:134:9: warning: initializing 'char *' with an expression of type 'const char *' discards qualifiers [-Wincompatible-pointer-types-discards-qualifiers]
  134 |   char *hptr = strchr ((const char *) intbuf->retval + 3, '$');
      |         ^      ~~~~~~~~~~~~~~~~~~~~~~~~~~~~~~~~~~~~~~~~~~~~~~~
/home/builder/build/src/libxcrypt-4.5.2/lib/alg-yescrypt-opt.c:793:3: warning: use of GNU statement expression extension from macro expansion [-Wgnu-statement-expression-from-macro-expansion]
  793 |                 PWXFORM
      |                 ^
/home/builder/build/src/libxcrypt-4.5.2/lib/alg-yescrypt-opt.c:633:2: note: expanded from macro 'PWXFORM'
  633 |         PWXFORM_ROUND \
      |         ^
/home/builder/build/src/libxcrypt-4.5.2/lib/alg-yescrypt-opt.c:588:2: note: expanded from macro 'PWXFORM_ROUND'
  588 |         PWXFORM_SIMD(X0) \
      |         ^
/home/builder/build/src/libxcrypt-4.5.2/lib/alg-yescrypt-opt.c:525:42: note: expanded from macro 'PWXFORM_SIMD'
  525 |         uint32_t lo = (uint32_t)(x = ((uint64_t)EXTRACT64(X)) & Smask2reg); \
      |                                                 ^
/home/builder/build/src/libxcrypt-4.5.2/lib/alg-yescrypt-opt.c:475:23: note: expanded from macro 'EXTRACT64'
  475 | #define EXTRACT64(X) ({ \
      |                       ^
/home/builder/build/src/libxcrypt-4.5.2/lib/alg-yescrypt-opt.c:793:3: warning: use of GNU statement expression extension from macro expansion [-Wgnu-statement-expression-from-macro-expansion]
/home/builder/build/src/libxcrypt-4.5.2/lib/alg-yescrypt-opt.c:633:2: note: expanded from macro 'PWXFORM'
  633 |         PWXFORM_ROUND \
      |         ^
/home/builder/build/src/libxcrypt-4.5.2/lib/alg-yescrypt-opt.c:589:2: note: expanded from macro 'PWXFORM_ROUND'
  589 |         PWXFORM_SIMD(X1) \
      |         ^
/home/builder/build/src/libxcrypt-4.5.2/lib/alg-yescrypt-opt.c:525:42: note: expanded from macro 'PWXFORM_SIMD'
  525 |         uint32_t lo = (uint32_t)(x = ((uint64_t)EXTRACT64(X)) & Smask2reg); \
      |                                                 ^
/home/builder/build/src/libxcrypt-4.5.2/lib/alg-yescrypt-opt.c:475:23: note: expanded from macro 'EXTRACT64'
  475 | #define EXTRACT64(X) ({ \
      |                       ^
/home/builder/build/src/libxcrypt-4.5.2/lib/alg-yescrypt-opt.c:793:3: warning: use of GNU statement expression extension from macro expansion [-Wgnu-statement-expression-from-macro-expansion]
/home/builder/build/src/libxcrypt-4.5.2/lib/alg-yescrypt-opt.c:633:2: note: expanded from macro 'PWXFORM'
  633 |         PWXFORM_ROUND \
      |         ^
/home/builder/build/src/libxcrypt-4.5.2/lib/alg-yescrypt-opt.c:590:2: note: expanded from macro 'PWXFORM_ROUND'
  590 |         PWXFORM_SIMD(X2) \
      |         ^
/home/builder/build/src/libxcrypt-4.5.2/lib/alg-yescrypt-opt.c:525:42: note: expanded from macro 'PWXFORM_SIMD'
  525 |         uint32_t lo = (uint32_t)(x = ((uint64_t)EXTRACT64(X)) & Smask2reg); \
      |                                                 ^
/home/builder/build/src/libxcrypt-4.5.2/lib/alg-yescrypt-opt.c:475:23: note: expanded from macro 'EXTRACT64'
  475 | #define EXTRACT64(X) ({ \
      |                       ^
/home/builder/build/src/libxcrypt-4.5.2/lib/alg-yescrypt-opt.c:793:3: warning: use of GNU statement expression extension from macro expansion [-Wgnu-statement-expression-from-macro-expansion]
/home/builder/build/src/libxcrypt-4.5.2/lib/alg-yescrypt-opt.c:633:2: note: expanded from macro 'PWXFORM'
  633 |         PWXFORM_ROUND \
      |         ^
/home/builder/build/src/libxcrypt-4.5.2/lib/alg-yescrypt-opt.c:591:2: note: expanded from macro 'PWXFORM_ROUND'
  591 |         PWXFORM_SIMD(X3)
      |         ^
/home/builder/build/src/libxcrypt-4.5.2/lib/alg-yescrypt-opt.c:525:42: note: expanded from macro 'PWXFORM_SIMD'
  525 |         uint32_t lo = (uint32_t)(x = ((uint64_t)EXTRACT64(X)) & Smask2reg); \
      |                                                 ^
/home/builder/build/src/libxcrypt-4.5.2/lib/alg-yescrypt-opt.c:475:23: note: expanded from macro 'EXTRACT64'
  475 | #define EXTRACT64(X) ({ \
      |                       ^
/home/builder/build/src/libxcrypt-4.5.2/lib/alg-yescrypt-opt.c:793:3: warning: use of GNU statement expression extension from macro expansion [-Wgnu-statement-expression-from-macro-expansion]
/home/builder/build/src/libxcrypt-4.5.2/lib/alg-yescrypt-opt.c:634:2: note: expanded from macro 'PWXFORM'
  634 |         PWXFORM_ROUND PWXFORM_WRITE \
      |         ^
/home/builder/build/src/libxcrypt-4.5.2/lib/alg-yescrypt-opt.c:588:2: note: expanded from macro 'PWXFORM_ROUND'
  588 |         PWXFORM_SIMD(X0) \
      |         ^
/home/builder/build/src/libxcrypt-4.5.2/lib/alg-yescrypt-opt.c:525:42: note: expanded from macro 'PWXFORM_SIMD'
  525 |         uint32_t lo = (uint32_t)(x = ((uint64_t)EXTRACT64(X)) & Smask2reg); \
      |                                                 ^
/home/builder/build/src/libxcrypt-4.5.2/lib/alg-yescrypt-opt.c:475:23: note: expanded from macro 'EXTRACT64'
  475 | #define EXTRACT64(X) ({ \
      |                       ^
/home/builder/build/src/libxcrypt-4.5.2/lib/alg-yescrypt-opt.c:793:3: warning: use of GNU statement expression extension from macro expansion [-Wgnu-statement-expression-from-macro-expansion]
/home/builder/build/src/libxcrypt-4.5.2/lib/alg-yescrypt-opt.c:634:2: note: expanded from macro 'PWXFORM'
  634 |         PWXFORM_ROUND PWXFORM_WRITE \
      |         ^
/home/builder/build/src/libxcrypt-4.5.2/lib/alg-yescrypt-opt.c:589:2: note: expanded from macro 'PWXFORM_ROUND'
  589 |         PWXFORM_SIMD(X1) \
      |         ^
/home/builder/build/src/libxcrypt-4.5.2/lib/alg-yescrypt-opt.c:525:42: note: expanded from macro 'PWXFORM_SIMD'
  525 |         uint32_t lo = (uint32_t)(x = ((uint64_t)EXTRACT64(X)) & Smask2reg); \
      |                                                 ^
/home/builder/build/src/libxcrypt-4.5.2/lib/alg-yescrypt-opt.c:475:23: note: expanded from macro 'EXTRACT64'
  475 | #define EXTRACT64(X) ({ \
      |                       ^
/home/builder/build/src/libxcrypt-4.5.2/lib/alg-yescrypt-opt.c:793:3: warning: use of GNU statement expression extension from macro expansion [-Wgnu-statement-expression-from-macro-expansion]
/home/builder/build/src/libxcrypt-4.5.2/lib/alg-yescrypt-opt.c:634:libtool: compile:  clang -DHAVE_CONFIG_H -I. -I/home/builder/build/src/libxcrypt-4.5.2 -I/home/builder/build/src/libxcrypt-4.5.2/lib -DIN_LIBCRYPT -Wall -Wextra -Walloca -Wbad-function-cast -Wcast-align -Wcast-qual -Wconversion -Wformat=2 -Wformat-signedness -Wmissing-declarations -Wmissing-prototypes -Wnested-externs -Wnull-dereference -Wold-style-definition -Wpointer-arith -Wshadow -Wstrict-overflow=2 -Wstrict-prototypes -Wundef -Wvla -Wwrite-strings -Wpedantic -fno-plt -march=x86-64-v3 -O2 -pipe -fno-plt -fexceptions -Wp,-D_FORTIFY_SOURCE=3 -fstack-clash-protection -fcf-protection -MT lib/libcrypt_la-crypt-scrypt.lo -MD -MP -MF lib/.deps/libcrypt_la-crypt-scrypt.Tpo -c /home/builder/build/src/libxcrypt-4.5.2/lib/crypt-scrypt.c  -fPIC -DPIC -o lib/.libs/libcrypt_la-crypt-scrypt.o
2: /bin/sh ./libtool  --tag=CC   --mode=compile clang -DHAVE_CONFIG_H -I. -I/home/builder/build/src/libxcrypt-4.5.2  -I/home/builder/build/src/libxcrypt-4.5.2/lib -DIN_LIBCRYPT  -Wall -Wextra -Walloca -Wbad-function-cast -Wcast-align -Wcast-qual -Wconversion -Wformat=2 -Wformat-signedness -Wmissing-declarations -Wmissing-prototypes -Wnested-externs -Wnull-dereference -Wold-style-definition -Wpointer-arith -Wshadow -Wstrict-overflow=2 -Wstrict-prototypes -Wundef -Wvla -Wwrite-strings -Wpedantic -fno-plt -march=x86-64-v3 -O2 -pipe -fno-plt -fexceptions         -Wp,-D_FORTIFY_SOURCE=3 -fstack-clash-protection -fcf-protection -MT lib/libcrypt_la-crypt-sm3.lo -MD -MP -MF lib/.deps/libcrypt_la-crypt-sm3.Tpo -c -o lib/libcrypt_la-crypt-sm3.lo `test -f 'lib/crypt-sm3.c' || echo '/home/builder/build/src/libxcrypt-4.5.2/'`lib/crypt-sm3.c
note: expanded from macro 'PWXFORM'
  634 |         PWXFORM_ROUND PWXFORM_WRITE \
      |         ^
/home/builder/build/src/libxcrypt-4.5.2/lib/alg-yescrypt-opt.c:590:2: note: expanded from macro 'PWXFORM_ROUND'
  590 |         PWXFORM_SIMD(X2) \
      |         ^
/home/builder/build/src/libxcrypt-4.5.2/lib/alg-yescrypt-opt.c:525:42: note: expanded from macro 'PWXFORM_SIMD'
  525 |         uint32_t lo = (uint32_t)(x = ((uint64_t)EXTRACT64(X)) & Smask2reg); \
      |                                                 ^
/home/builder/build/src/libxcrypt-4.5.2/lib/alg-yescrypt-opt.c:475:23: note: expanded from macro 'EXTRACT64'
  475 | #define EXTRACT64(X) ({ \
      |                       ^
/home/builder/build/src/libxcrypt-4.5.2/lib/alg-yescrypt-opt.c:793:3: warning: use of GNU statement expression extension from macro expansion [-Wgnu-statement-expression-from-macro-expansion]
/home/builder/build/src/libxcrypt-4.5.2/lib/alg-yescrypt-opt.c:634:2: note: expanded from macro 'PWXFORM'
  634 |         PWXFORM_ROUND PWXFORM_WRITE \
      |         ^
/home/builder/build/src/libxcrypt-4.5.2/lib/alg-yescrypt-opt.c:591:2: note: expanded from macro 'PWXFORM_ROUND'
  591 |         libtool: compile:  clang -DHAVE_CONFIG_H -I. -I/home/builder/build/src/libxcrypt-4.5.2 -I/home/builder/build/src/libxcrypt-4.5.2/lib -DIN_LIBCRYPT -Wall -Wextra -Walloca -Wbad-function-cast -Wcast-align -Wcast-qual -Wconversion -Wformat=2 -Wformat-signedness -Wmissing-declarations -Wmissing-prototypes -Wnested-externs -Wnull-dereference -Wold-style-definition -Wpointer-arith -Wshadow -Wstrict-overflow=2 -Wstrict-prototypes -Wundef -Wvla -Wwrite-strings -Wpedantic -fno-plt -march=x86-64-v3 -O2 -pipe -fno-plt -fexceptions -Wp,-D_FORTIFY_SOURCE=3 -fstack-clash-protection -fcf-protection -MT lib/libcrypt_la-crypt-sha256.lo -MD -MP -MF lib/.deps/libcrypt_la-crypt-sha256.Tpo -c /home/builder/build/src/libxcrypt-4.5.2/lib/crypt-sha256.c  -fPIC -DPIC -o lib/.libs/libcrypt_la-crypt-sha256.o
PWXFORM_SIMD(X3)
      |         ^
/home/builder/build/src/libxcrypt-4.5.2/lib/alg-yescrypt-opt.c:525:42: note: expanded from macro 'PWXFORM_SIMD'
  525 |         uint32_t lo = (uint32_t)(x = ((uint64_t)EXTRACT64(X)) & Smask2reg); \
      |                                                 ^
/home/builder/build/src/libxcrypt-4.5.2/lib/alg-yescrypt-opt.c:475:23: note: expanded from macro 'EXTRACT64'
  475 | #define EXTRACT64(X) ({ \
      |                       ^
/home/builder/build/src/libxcrypt-4.5.2/lib/alg-yescrypt-opt.c:793:3: warning: use of GNU statement expression extension from macro expansion [-Wgnu-statement-expression-from-macro-expansion]
/home/builder/build/src/libxcrypt-4.5.2/lib/alg-yescrypt-opt.c:635:2: note: expanded from macro 'PWXFORM'
  635 |         PWXFORM_ROUND PWXFORM_WRITE \
      |         ^
/home/builder/build/src/libxcrypt-4.5.2/lib/alg-yescrypt-opt.c:588:2: note: expanded from macro 'PWXFORM_ROUND'
  588 |         PWXFORM_SIMD(X0) \
      |         ^
/home/builder/build/src/libxcrypt-4.5.2/lib/alg-yescrypt-opt.c:525:42: note: expanded from macro 'PWXFORM_SIMD'
  525 |         uint32_t lo = (uint32_t)(x = ((uint64_t)EXTRACT64(X)) & Smask2reg); \
      |                                                 ^
/home/builder/build/src/libxcrypt-4.5.2/lib/alg-yescrypt-opt.c:475:23: note: expanded from macro 'EXTRACT64'
  475 | #define EXTRACT64(X) ({ \
      |                       ^
/home/builder/build/src/libxcrypt-4.5.2/lib/alg-yescrypt-opt.c:793:3: warning: use of GNU statement expression extension from macro expansion [-Wgnu-statement-expression-from-macro-expansion]
/home/builder/build/src/libxcrypt-4.5.2/lib/alg-yescrypt-opt.c:635:2: note: expanded from macro 'PWXFORM'
  635 |         PWXFORM_ROUND PWXFORM_WRITE \
      |         ^
/home/builder/build/src/libxcrypt-4.5.2/lib/alg-yescrypt-opt.c:589:2: note: expanded from macro 'PWXFORM_ROUND'
  589 |         PWXFORM_SIMD(X1) \
      |         ^
/home/builder/build/src/libxcrypt-4.5.2/lib/alg-yescrypt-opt.c:525:42: note: expanded from macro 'PWXFORM_SIMD'
  525 |         uint32_t lo = (uint32_t)(x = ((uint64_t)EXTRACT64(X)) & Smask2reg); \
      |                                                 ^
/home/builder/build/src/libxcrypt-4.5.2/lib/alg-yescrypt-opt.c:475:23: note: expanded from macro 'EXTRACT64'
  475 | #define EXTRACT64(X) ({ \
      |                       ^
/home/builder/build/src/libxcrypt-4.5.2/lib/alg-yescrypt-opt.c:793:3: warning: use of GNU statement expression extension from macro expansion [-Wgnu-statement-expression-from-macro-expansion]
/home/builder/build/src/libxcrypt-4.5.2/lib/alg-yescrypt-opt.c:635:2: note: expanded from macro 'PWXFORM'
  635 |         PWXFORM_ROUND PWXFORM_WRITE \
      |         ^
/home/builder/build/src/libxcrypt-4.5.2/lib/alg-yescrypt-opt.c:590:2: note: expanded from macro 'PWXFORM_ROUND'
  590 |         PWXFORM_SIMD(X2) \
      |         ^
/home/builder/build/src/libxcrypt-4.5.2/lib/alg-yescrypt-opt.c:525:42: note: expanded from macro 'PWXFORM_SIMD'
  525 |         uint32_t lo = (uint32_t)(x = ((uint64_t)EXTRACT64(X)) & Smask2reg); \
      |                                                 ^
/home/builder/build/src/libxcrypt-4.5.2/lib/alg-yescrypt-opt.c:475:23: note: expanded from macro 'EXTRACT64'
  475 | #define EXTRACT64(X) ({ \
      |                       ^
/home/builder/build/src/libxcrypt-4.5.2/lib/alg-yescrypt-opt.c:793:3: warning: use of GNU statement expression extension from macro expansion [-Wgnu-statement-expression-from-macro-expansion]
/home/builder/build/src/libxcrypt-4.5.2/lib/alg-yescrypt-opt.c:635:2: note: expanded from macro 'PWXFORM'
  635 |         PWXFORM_ROUND PWXFORM_WRITE \
      |         ^
/home/builder/build/src/libxcrypt-4.5.2/lib/alg-yescrypt-opt.c:591:2: note: expanded from macro 'PWXFORM_ROUND'
  591 |         PWXFORM_SIMD(X3)
      |         ^
/home/builder/build/src/libxcrypt-4.5.2/lib/alg-yescrypt-opt.c:525:42: note: expanded from macro 'PWXFORM_SIMD'
  525 |         uint32_t lo = (uint32_t)(x = ((uint64_t)EXTRACT64(X)) & Smask2reg); \
      |                                                 ^
/home/builder/build/src/libxcrypt-4.5.2/lib/alg-yescrypt-opt.c:475:23: note: expanded from macro 'EXTRACT64'
  475 | #define EXTRACT64(X) ({ \
      |                       ^
/home/builder/build/src/libxcrypt-4.5.2/lib/alg-yescrypt-opt.c:793:3: warning: use of GNU statement expression extension from macro expansion [-Wgnu-statement-expression-from-macro-expansion]
/home/builder/build/src/libxcrypt-4.5.2/lib/alg-yescrypt-opt.c:636:2: note: expanded from macro 'PWXFORM'
  636libtool: compile:  clang -DHAVE_CONFIG_H -I. -I/home/builder/build/src/libxcrypt-4.5.2 -I/home/builder/build/src/libxcrypt-4.5.2/lib -DIN_LIBCRYPT -Wall -Wextra -Walloca -Wbad-function-cast -Wcast-align -Wcast-qual -Wconversion -Wformat=2 -Wformat-signedness -Wmissing-declarations -Wmissing-prototypes -Wnested-externs -Wnull-dereference -Wold-style-definition -Wpointer-arith -Wshadow -Wstrict-overflow=2 -Wstrict-prototypes -Wundef -Wvla -Wwrite-strings -Wpedantic -fno-plt -march=x86-64-v3 -O2 -pipe -fno-plt -fexceptions -Wp,-D_FORTIFY_SOURCE=3 -fstack-clash-protection -fcf-protection -MT lib/libcrypt_la-crypt-pbkdf1-sha1.lo -MD -MP -MF lib/.deps/libcrypt_la-crypt-pbkdf1-sha1.Tpo -c /home/builder/build/src/libxcrypt-4.5.2/lib/crypt-pbkdf1-sha1.c  -fPIC -DPIC -o lib/.libs/libcrypt_la-crypt-pbkdf1-sha1.o
 |         PWXFORM_ROUND PWXFORM_WRITE \
      |         ^
/home/builder/build/src/libxcrypt-4.5.2/lib/alg-yescrypt-opt.c:588:2: note: expanded from macro 'PWXFORM_ROUND'
  588 |         PWXFORM_SIMD(X0) \
      |         ^
/home/builder/build/src/libxcrypt-4.5.2/lib/alg-yescrypt-opt.c:525:42: note: expanded from macro 'PWXFORM_SIMD'
  525 |         uint32_t lo = (uint32_t)(x = ((uint64_t)EXTRACT64(X)) & Smask2reg); \
      |                                                 ^
/home/builder/build/src/libxcrypt-4.5.2/lib/alg-yescrypt-opt.c:475:23: note: expanded from macro 'EXTRACT64'
  475 | #define EXTRACT64(X) ({ \
      |                       ^
/home/builder/build/src/libxcrypt-4.5.2/lib/alg-yescrypt-opt.c:793:3: warning: use of GNU statement expression extension from macro expansion [-Wgnu-statement-expression-from-macro-expansion]
/home/builder/build/src/libxcrypt-4.5.2/lib/alg-yescrypt-opt.c:636:2: note: expanded from macro 'PWXFORM'
  636 |         PWXFORM_ROUND PWXFORM_WRITE \
      |         ^
/home/builder/build/src/libxcrypt-4.5.2/lib/alg-yescrypt-opt.c:589:2: note: expanded from macro 'PWXFORM_ROUND'
  589 |         PWXFORM_SIMD(X1) \
      |         ^
/home/builder/build/src/libxcrypt-4.5.2/lib/alg-yescrypt-opt.c:525:42: note: expanded from macro 'PWXFORM_SIMD'
  525 |         uint32_t lo = (uint32_t)(x = ((uint64_t)EXTRACT64(X)) & Smask2reg); \
      |                                                 ^
/home/builder/build/src/libxcrypt-4.5.2/lib/alg-yescrypt-opt.c:475:23: note: expanded from macro 'EXTRACT64'
  475 | #define EXTRACT64(X) ({ \
      |                       ^
/home/builder/build/src/libxcrypt-4.5.2/lib/alg-yescrypt-opt.c:793:3: warning: use of GNU statement expression extension from macro expansion [-Wgnu-statement-expression-from-macro-expansion]
/home/builder/build/src/libxcrypt-4.5.2/lib/alg-yescrypt-opt.c:636:2: note: expanded from macro 'PWXFORM'
  636 |         PWXFORM_ROUND PWXFORM_WRITE \
      |         ^
/home/builder/build/src/libxcrypt-4.5.2/lib/alg-yescrypt-opt.c:590:2: note: expanded from macro 'PWXFORM_ROUND'
  590 |         PWXFORM_SIMD(X2) \
      |         ^
/home/builder/build/src/libxcrypt-4.5.2/lib/alg-yescrypt-opt.c:525:42: note: expanded from macro 'PWXFORM_SIMD'
  525 |         uint32_t lo = (uint32_t)(x = ((uint64_t)EXTRACT64(X)) & Smask2reg); \
      |                                                 ^
/home/builder/build/src/libxcrypt-4.5.2/lib/alg-yescrypt-opt.c:475:23: note: expanded from macro 'EXTRACT64'
  475 | #define EXTRACT64(X) ({ \
      |                       ^
/home/builder/build/src/libxcrypt-4.5.2/lib/alg-yescrypt-opt.c:793:3: warning: use of GNU statement expression extension from macro expansion [-Wgnu-statement-expression-from-macro-expansion]
/home/builder/build/src/libxcrypt-4.5.2/lib/alg-yescrypt-opt.c:636:2: note: expanded from macro 'PWXFORM'
  636 |         PWXFORM_ROUND PWXFORM_WRITE \
      |         ^
/home/builder/build/src/libxcrypt-4.5.2/lib/alg-yescrypt-opt.c:591:2: note: expanded from macro 'PWXFORM_ROUND'
  591 |         PWXFORM_SIMD(X3)
      |         ^
/home/builder/build/src/libxcrypt-4.5.2/lib/alg-yescrypt-opt.c:525:42: note: expanded from macro 'PWXFORM_SIMD'
  525 |         uint32_t lo = (uint32_t)(x = ((uint64_t)EXTRACT64(X)) & Smask2reg); \
      |                                                 ^
/home/builder/build/src/libxcrypt-4.5.2/lib/alg-yescrypt-opt.c:475:23: note: expanded from macro 'EXTRACT64'
  475 | #define EXTRACT64(X) ({ \
      |                       ^
/home/builder/build/src/libxcrypt-4.5.2/lib/alg-yescrypt-opt.c:793:3: warning: use of GNU statement expression extension from macro expansion [-Wgnu-statement-expression-from-macro-expansion]
/home/builder/build/src/libxcrypt-4.5.2/lib/alg-yescrypt-opt.c:637:2: note: expanded from macro 'PWXFORM'
  637 |         PWXFORM_ROUND PWXFORM_WRITE \
      |         ^
/home/builder/build/src/libxcrypt-4.5.2/lib/alg-yescrypt-opt.c:588:2: note: expanded from macro 'PWXFORM_ROUND'
  588 |         PWXFORM_SIMD(X0) \
      |         ^
/home/builder/build/src/libxcrypt-4.5.2/lib/alg-yescrypt-opt.c:525:42: note: expanded from macro 'PWXFORM_SIMD'
  525 |         uint32_t lo = (uint32_t)(x = ((uint64_t)EXTRACT64(X)) & Smask2reg); \
      |                                                 ^
/home/builder/build/src/libxcrypt-4.5.2/lib/alg-yescrypt-opt.c:475:23: note: expanded from macro 'EXTRACT64'
  475 | #define EXTRACT64(X) ({ \
      |                       ^
1 warning generated.
/home/builder/build/src/libxcrypt-4.5.2/lib/alg-yescrypt-opt.c:793:3: warning: use of GNU statement expression extension from macro expansion [-Wgnu-statement-expression-from-macro-expansion]
/home/builder/build/src/libxcrypt-4.5.2/lib/alg-yescrypt-opt.c:637:2: note: expanded from macro 'PWXFORM'
  637 |         PWXFORM_ROUND PWXFORM_WRITE \
      |         ^
/home/builder/build/src/libxcrypt-4.5.2/lib/alg-yescrypt-opt.c:589:2: note: expanded from macro 'PWXFORM_ROUND'
  589 |         PWXFORM_SIMD(X1) \
      |         ^
/home/builder/build/src/libxcrypt-4.5.2/lib/alg-yescrypt-opt.c:525:42: note: expanded from macro 'PWXFORM_SIMD'
  525 |         uint32_t lo = (uint32_t)(x = ((uint64_t)EXTRACT64(X)) & Smask2reg); \
      |                                                 ^
/home/builder/build/src/libxcrypt-4.5.2/lib/alg-yescrypt-opt.c:475:23: note: expanded from macro 'EXTRACT64'
  475 | #define EXTRACT64(X) ({ \
      |                       ^
/home/builder/build/src/libxcrypt-4.5.2/lib/alg-yescrypt-opt.c:793:3: warning: use of GNU statement expression extension from macro expansion [-Wgnu-statement-expression-from-macro-expansion]
/home/builder/build/src/libxcrypt-4.5.2/lib/alg-yescrypt-opt.c:637:2: note: expanded from macro 'PWXFORM'
  637 |         PWXFORM_ROUND PWXFORM_WRITE \
      |         ^
/home/builder/build/src/libxcrypt-4.5.2/lib/alg-yescrypt-opt.c:590:2: note: expanded from macro 'PWXFORM_ROUND'
  590 |         PWXFORM_SIMD(X2) \
      |         ^
/home/builder/build/src/libxcrypt-4.5.2/lib/alg-yescrypt-opt.c:525:42: note: expanded from macro 'PWXFORM_SIMD'
  525 |         uint32_t lo = (uint32_t)(x = ((uint64_t)EXTRACT64(X)) & Smask2reg); \
      |                                                 ^
/home/builder/build/src/libxcrypt-4.5.2/lib/alg-yescrypt-opt.c:475:23: note: expanded from macro 'EXTRACT64'
  475 | #define EXTRACT64(X) ({ \
      |                       ^
/home/builder/build/src/libxcrypt-4.5.2/lib/alg-yescrypt-opt.c:793:3: warning: use of GNU statement expression extension from macro expansion [-Wgnu-statement-expression-from-macro-expansion]
/home/builder/build/src/libxcrypt-4.5.2/lib/alg-yescrypt-opt.c:637:2: note: expanded from macro 'PWXFORM'
  637 |         PWXFORM_ROUND PWXFORM_WRITE \
      |         ^
/home/builder/build/src/libxcrypt-4.5.2/lib/alg-yescrypt-opt.c:591:2: note: expanded from macro 'PWXFORM_ROUND'
  591 |         PWXFORM_SIMD(X3)
      |         ^
/home/builder/build/src/libxcrypt-4.5.2/lib/alg-yescrypt-opt.c:525:42: note: expanded from macro 'PWXFORM_SIMD'
  525 |         uint32_t lo = (uint32_t)(x = ((uint64_t)EXTRACT64(X)) & Smask2reg); \
      |                                                 ^
/home/builder/build/src/libxcrypt-4.5.2/lib/alg-yescrypt-opt.c:475:23: note: expanded from macro 'EXTRACT64'
  475 | #define EXTRACT64(X) ({ \
      |                       ^
/home/builder/build/src/libxcrypt-4.5.2/lib/alg-yescrypt-opt.c:793:3: warning: use of GNU statement expression extension from macro expansion [-Wgnu-statement-expression-from-macro-expansion]
/home/builder/build/src/libxcrypt-4.5.2/lib/alg-yescrypt-opt.c:638:2: note: expanded from macro 'PWXFORM'
  638 |         PWXFORM_ROUND \
      |         ^
/home/builder/build/src/libxcrypt-4.5.2/lib/alg-yescrypt-opt.c:588:2: note: expanded from macro 'PWXFORM_ROUND'
  588 |         PWXFORM_SIMD(X0) \
      |         ^
/home/builder/build/src/libxcrypt-4.5.2/lib/alg-yescrypt-opt.c:525:42: note: expanded from macro 'PWXFORM_SIMD'
  525 |         uint32_t lo = (uint32_t)(x = ((uint64_t)EXTRACT64(X)) & Smask2reg); \
      |                                                 ^
/home/builder/build/src/libxcrypt-4.5.2/lib/alg-yescrypt-opt.c:475:23: note: expanded from macro 'EXTRACT64'
  475 | #define EXTRACT64(X) ({ \
      |                       ^
/home/builder/build/src/libxcrypt-4.5.2/lib/alg-yescrypt-opt.c:793:3: warning: use of GNU statement expression extension from macro expansion [-Wgnu-statement-expression-from-macro-expansion]
/home/builder/build/src/libxcrypt-4.5.2/lib/alg-yescrypt-opt.c:638:2: note: expanded from macro 'PWXFORM'
  638 |         PWXFORM_ROUND \
      |         ^
/home/builder/build/src/libxcrypt-4.5.2/lib/alg-yescrypt-opt.c:589:2: note: expanded from macro 'PWXFORM_ROUND'
  589 |         PWXFORM_SIMD(X1) \
      |         ^
/home/builder/build/src/libxcrypt-4.5.2/lib/alg-yescrypt-opt.c:525:42: note: expanded from macro 'PWXFORM_SIMD'
  525 |         uint32_t lo = (uint32_t)(x = ((uint64_t)EXTRACT64(X)) & Smask2reg); \
      |                                                 ^
/home/builder/build/src/libxcrypt-4.5.2/lib/alg-yescrypt-opt.c:475:23: note: expanded from macro 'EXTRACT64'
  475 | #define EXTRACT64(X) ({ \
      |                       ^
/home/builder/build/src/libxcrypt-4.5.2/lib/alg-yescrypt-opt.c:793:3: warning: use of GNU statement expression extension from macro expansion [-Wgnu-statement-expression-from-macro-expansion]
/home/builder/build/src/libxcrypt-4.5.2/lib/alg-yescrypt-opt.c:638:2: note: expanded from macro 'PWXFORM'
  638 |         PWXFORM_ROUND \
      |         ^
/home/builder/build/src/libxcrypt-4.5.2/lib/alg-yescrypt-opt.c:590:2: note: expanded from macro 'PWXFORM_ROUND'
  590 |         PWXFORM_SIMD(X2) \
      |         ^
/home/builder/build/src/libxcrypt-4.5.2/lib/alg-yescrypt-opt.c:525:42: note: expanded from macro 'PWXFORM_SIMD'
  525 |         uint32_t lo = (uint32_t)(x = ((uint64_t)EXTRACT64(X)) & Smask2reg); \
      |                                                 ^
/home/builder/build/src/libxcrypt-4.5.2/lib/alg-yescrypt-opt.c:475:23: note: expanded from macro 'EXTRACT64'
  475 | #define EXTRACT64(X) ({ \
      |                       ^
/home/builder/build/src/libxcrypt-4.5.2/lib/alg-yescrypt-opt.c:793:3: warning: use of GNU statement expression extension from macro expansion [-Wgnu-statement-expression-from-macro-expansion]
/home/builder/build/src/libxcrypt-4.5.2/lib/alg-yescrypt-opt.c:638:2: note: expanded from macro 'PWXFORM'
  638 |         PWXFORM_ROUND \
      |         ^
/home/builder/build/src/libxcrypt-4.5.2/lib/alg-yescrypt-opt.c:591:2: note: expanded from macro 'PWXFORM_ROUND'
  591 |         PWXFORM_SIMD(X3)
      |         ^
/home/builder/build/src/libxcrypt-4.5.2/lib/alg-yescrypt-opt.c:525:42: note: expanded from macro 'PWXFORM_SIMD'
  525 |         uint32_t lo = (uint32_t)(x = ((uint64_t)EXTRACT64(X)) & Smask2reg); \
      |                                                 ^
/home/builder/build/src/libxcrypt-4.5.2/lib/alg-yescrypt-opt.c:475:23: note: expanded from macro 'EXTRACT64'
  475 | #define EXTRACT64(X) ({ \
      |                       ^
mv -f lib/.deps/libcrypt_la-crypt-gost-yescrypt.Tpo lib/.deps/libcrypt_la-crypt-gost-yescrypt.Plo
/bin/sh ./libtool  --tag=CC   --mode=compile clang -DHAVE_CONFIG_H -I. -I/home/builder/build/src/libxcrypt-4.5.2  -I/home/builder/build/src/libxcrypt-4.5.2/lib -DIN_LIBCRYPT  -Wall -Wextra -Walloca -Wbad-function-cast -Wcast-align -Wcast-qual -Wconversion -Wformat=2 -Wformat-signedness -Wmissing-declarations -Wmissing-prototypes -Wnested-externs -Wnull-dereference -Wold-style-definition -Wpointer-arith -Wshadow -Wstrict-overflow=2 -Wstrict-prototypes -Wundef -Wvla -Wwrite-strings -Wpedantic -fno-plt -march=x86-64-v3 -O2 -pipe -fno-plt -fexceptions         -Wp,-D_FORTIFY_SOURCE=3 -fstack-clash-protection -fcf-protection -MT lib/libcrypt_la-crypt-static.lo -MD -MP -MF lib/.deps/libcrypt_la-crypt-static.Tpo -c -o lib/libcrypt_la-crypt-static.lo `test -f 'lib/crypt-static.c' || echo '/home/builder/build/src/libxcrypt-4.5.2/'`lib/crypt-static.c
/home/builder/build/src/libxcrypt-4.5.2/lib/crypt-sm3-yescrypt.c:139:9: warning: initializing 'char *' with an expression of type 'const char *' discards qualifiers [-Wincompatible-pointer-types-discards-qualifiers]
  139 |   char *hptr = strchr ((const char *) intbuf->retval + 3, '$');
      |         ^      ~~~~~~~~~~~~~~~~~~~~~~~~~~~~~~~~~~~~~~~~~~~~~~~
mv -f lib/.deps/libcrypt_la-crypt-md5.Tpo lib/.deps/libcrypt_la-crypt-md5.Plo
mv -f lib/.deps/libcrypt_la-crypt-nthash.Tpo lib/.deps/libcrypt_la-crypt-nthash.Plo
/bin/sh ./libtool  --tag=CC   --mode=compile clang -DHAVE_CONFIG_H -I. -I/home/builder/build/src/libxcrypt-4.5.2  -I/home/builder/build/src/libxcrypt-4.5.2/lib -DIN_LIBCRYPT  -Wall -Wextra -Walloca -Wbad-function-cast -Wcast-align -Wcast-qual -Wconversion -Wformat=2 -Wformat-signedness -Wmissing-declarations -Wmissing-prototypes -Wnested-externs -Wnull-dereference -Wold-style-definition -Wpointer-arith -Wshadow -Wstrict-overflow=2 -Wstrict-prototypes -Wundef -Wvla -Wwrite-strings -Wpedantic -fno-plt -march=x86-64-v3 -O2 -pipe -fno-plt -fexceptions         -Wp,-D_FORTIFY_SOURCE=3 -fstack-clash-protection -fcf-protection -MT lib/libcrypt_la-crypt-sunmd5.lo -MD -MP -MF lib/.deps/libcrypt_la-crypt-sunmd5.Tpo -c -o lib/libcrypt_la-crypt-sunmd5.lo `test -f 'lib/crypt-sunmd5.c' || echo '/home/builder/build/src/libxcrypt-4.5.2/'`lib/crypt-sunmd5.c
1 warning generated.
libtool: compile:  clang -DHAVE_CONFIG_H -I. -I/home/builder/build/src/libxcrypt-4.5.2 -I/home/builder/build/src/libxcrypt-4.5.2/lib -DIN_LIBCRYPT -Wall -Wextra -Walloca -Wbad-function-cast -Wcast-align -Wcast-qual -Wconversion -Wformat=2 -Wformat-signedness -Wmissing-declarations -Wmissing-prototypes -Wnested-externs -Wnull-dereference -Wold-style-definition -Wpointer-arith -Wshadow -Wstrict-overflow=2 -Wstrict-prototypes -Wundef -Wvla -Wwrite-strings -Wpedantic -fno-plt -march=x86-64-v3 -O2 -pipe -fno-plt -fexceptions -Wp,-D_FORTIFY_SOURCE=3 -fstack-clash-protection -fcf-protection -MT lib/libcrypt_la-crypt-sm3.lo -MD -MP -MF lib/.deps/libcrypt_la-crypt-sm3.Tpo -c /home/builder/build/src/libxcrypt-4.5.2/lib/crypt-sm3.c  -fPIC -DPIC -o lib/.libs/libcrypt_la-crypt-sm3.o
/bin/sh ./libtool  --tag=CC   --mode=compile clang -DHAVE_CONFIG_H -I. -I/home/builder/build/src/libxcrypt-4.5.2  -I/home/builder/build/src/libxcrypt-4.5.2/lib -DIN_LIBCRYPT  -Wall -Wextra -Walloca -Wbad-function-cast -Wcast-align -Wcast-qual -Wconversion -Wformat=2 -Wformat-signedness -Wmissing-declarations -Wmissing-prototypes -Wnested-externs -Wnull-dereference -Wold-style-definition -Wpointer-arith -Wshadow -Wstrict-overflow=2 -Wstrict-prototypes -Wundef -Wvla -Wwrite-strings -Wpedantic -fno-plt -march=x86-64-v3 -O2 -pipe -fno-plt -fexceptions         -Wp,-D_FORTIFY_SOURCE=3 -fstack-clash-protection -fcf-protection -MT lib/libcrypt_la-crypt-yescrypt.lo -MD -MP -MF lib/.deps/libcrypt_la-crypt-yescrypt.Tpo -c -o lib/libcrypt_la-crypt-yescrypt.lo `test -f 'lib/crypt-yescrypt.c' || echo '/home/builder/build/src/libxcrypt-4.5.2/'`lib/crypt-yescrypt.c
libtool: compile:  clang -DHAVE_CONFIG_H -I. -I/home/builder/build/src/libxcrypt-4.5.2 -I/home/builder/build/src/libxcrypt-4.5.2/lib -DIN_LIBCRYPT -Wall -Wextra -Walloca -Wbad-function-cast -Wcast-align -Wcast-qual -Wconversion -Wformat=2 -Wformat-signedness -Wmissing-declarations -Wmissing-prototypes -Wnested-externs -Wnull-dereference -Wold-style-definition -Wpointer-arith -Wshadow -Wstrict-overflow=2 -Wstrict-prototypes -Wundef -Wvla -Wwrite-strings -Wpedantic -fno-plt -march=x86-64-v3 -O2 -pipe -fno-plt -fexceptions -Wp,-D_FORTIFY_SOURCE=3 -fstack-clash-protection -fcf-protection -MT lib/libcrypt_la-crypt-sha512.lo -MD -MP -MF lib/.deps/libcrypt_la-crypt-sha512.Tpo -c /home/builder/build/src/libxcrypt-4.5.2/lib/crypt-sha512.c  -fPIC -DPIC -o lib/.libs/libcrypt_la-crypt-sha512.o
mv -f lib/.deps/libcrypt_la-crypt-sm3-yescrypt.Tpo lib/.deps/libcrypt_la-crypt-sm3-yescrypt.Plo
/bin/sh ./libtool  --tag=CC   --mode=compile clang -DHAVE_CONFIG_H -I. -I/home/builder/build/src/libxcrypt-4.5.2  -I/home/builder/build/src/libxcrypt-4.5.2/lib -DIN_LIBCRYPT  -Wall -Wextra -Walloca -Wbad-function-cast -Wcast-align -Wcast-qual -Wconversion -Wformat=2 -Wformat-signedness -Wmissing-declarations -Wmissing-prototypes -Wnested-externs -Wnull-dereference -Wold-style-definition -Wpointer-arith -Wshadow -Wstrict-overflow=2 -Wstrict-prototypes -Wundef -Wvla -Wwrite-strings -Wpedantic -fno-plt -march=x86-64-v3 -O2 -pipe -fno-plt -fexceptions         -Wp,-D_FORTIFY_SOURCE=3 -fstack-clash-protection -fcf-protection -MT lib/libcrypt_la-crypt.lo -MD -MP -MF lib/.deps/libcrypt_la-crypt.Tpo -c -o lib/libcrypt_la-crypt.lo `test -f 'lib/crypt.c' || echo '/home/builder/build/src/libxcrypt-4.5.2/'`lib/crypt.c
mv -f lib/.deps/libcrypt_la-crypt-pbkdf1-sha1.Tpo lib/.deps/libcrypt_la-crypt-pbkdf1-sha1.Plo
/bin/sh ./libtool  --tag=CC   --mode=compile clang -DHAVE_CONFIG_H -I. -I/home/builder/build/src/libxcrypt-4.5.2  -I/home/builder/build/src/libxcrypt-4.5.2/lib -DIN_LIBCRYPT  -Wall -Wextra -Walloca -Wbad-function-cast -Wcast-align -Wcast-qual -Wconversion -Wformat=2 -Wformat-signedness -Wmissing-declarations -Wmissing-prototypes -Wnested-externs -Wnull-dereference -Wold-style-definition -Wpointer-arith -Wshadow -Wstrict-overflow=2 -Wstrict-prototypes -Wundef -Wvla -Wwrite-strings -Wpedantic -fno-plt -march=x86-64-v3 -O2 -pipe -fno-plt -fexceptions         -Wp,-D_FORTIFY_SOURCE=3 -fstack-clash-protection -fcf-protection -MT lib/libcrypt_la-util-base64.lo -MD -MP -MF lib/.deps/libcrypt_la-util-base64.Tpo -c -o lib/libcrypt_la-util-base64.lo `test -f 'lib/util-base64.c' || echo '/home/builder/build/src/libxcrypt-4.5.2/'`lib/util-base64.c
/bin/sh ./libtool  --tag=CC   --mode=compile clang -DHAVE_CONFIG_H -I. -I/home/builder/build/src/libxcrypt-4.5.2  -I/home/builder/build/src/libxcrypt-4.5.2/lib -DIN_LIBCRYPT  -Wall -Wextra -Walloca -Wbad-function-cast -Wcast-align -Wcast-qual -Wconversion -Wformat=2 -Wformat-signedness -Wmissing-declarations -Wmissing-prototypes -Wnested-externs -Wnull-dereference -Wold-style-definition -Wpointer-arith -Wshadow -Wstrict-overflow=2 -Wstrict-prototypes -Wundef -Wvla -Wwrite-strings -Wpedantic -fno-plt -march=x86-64-v3 -O2 -pipe -fno-plt -fexceptions         -Wp,-D_FORTIFY_SOURCE=3 -fstack-clash-protection -fcf-protection -MT lib/libcrypt_la-util-gensalt-sha.lo -MD -MP -MF lib/.deps/libcrypt_la-util-gensalt-sha.Tpo -c -o lib/libcrypt_la-util-gensalt-sha.lo `test -f 'lib/util-gensalt-sha.c' || echo '/home/builder/build/src/libxcrypt-4.5.2/'`lib/util-gensalt-sha.c
libtool: compile:  clang -DHAVE_CONFIG_H -I. -I/home/builder/build/src/libxcrypt-4.5.2 -I/home/builder/build/src/libxcrypt-4.5.2/lib -DIN_LIBCRYPT -Wall -Wextra -Walloca -Wbad-function-cast -Wcast-align -Wcast-qual -Wconversion -Wformat=2 -Wformat-signedness -Wmissing-declarations -Wmissing-prototypes -Wnested-externs -Wnull-dereference -Wold-style-definition -Wpointer-arith -Wshadow -Wstrict-overflow=2 -Wstrict-prototypes -Wundef -Wvla -Wwrite-strings -Wpedantic -fno-plt -march=x86-64-v3 -O2 -pipe -fno-plt -fexceptions -Wp,-D_FORTIFY_SOURCE=3 -fstack-clash-protection -fcf-protection -MT lib/libcrypt_la-crypt-static.lo -MD -MP -MF lib/.deps/libcrypt_la-crypt-static.Tpo -c /home/builder/build/src/libxcrypt-4.5.2/lib/crypt-static.c  -fPIC -DPIC -o lib/.libs/libcrypt_la-crypt-static.o
libtool: compile:  clang -DHAVE_CONFIG_H -I. -I/home/builder/build/src/libxcrypt-4.5.2 -I/home/builder/build/src/libxcrypt-4.5.2/lib -DIN_LIBCRYPT -Wall -Wextra -Walloca -Wbad-function-cast -Wcast-align -Wcast-qual -Wconversion -Wformat=2 -Wformat-signedness -Wmissing-declarations -Wmissing-prototypes -Wnested-externs -Wnull-dereference -Wold-style-definition -Wpointer-arith -Wshadow -Wstrict-overflow=2 -Wstrict-prototypes -Wundef -Wvla -Wwrite-strings -Wpedantic -fno-plt -march=x86-64-v3 -O2 -pipe -fno-plt -fexceptions -Wp,-D_FORTIFY_SOURCE=3 -fstack-clash-protection -fcf-protection -MT lib/libcrypt_la-crypt-sunmd5.lo -MD -MP -MF lib/.deps/libcrypt_la-crypt-sunmd5.Tpo -c /home/builder/build/src/libxcrypt-4.5.2/lib/crypt-sunmd5.c  -fPIC -DPIC -o lib/.libs/libcrypt_la-crypt-sunmd5.o
mv -f lib/.deps/libcrypt_la-crypt-sm3.Tpo lib/.deps/libcrypt_la-crypt-sm3.Plo
mv -f lib/.deps/libcrypt_la-crypt-scrypt.Tpo lib/.deps/libcrypt_la-crypt-scrypt.Plo
libtool: compile:  clang -DHAVE_CONFIG_H -I. -I/home/builder/build/src/libxcrypt-4.5.2 -I/home/builder/build/src/libxcrypt-4.5.2/lib -DIN_LIBCRYPT -Wall -Wextra -Walloca -Wbad-function-cast -Wcast-align -Wcast-qual -Wconversion -Wformat=2 -Wformat-signedness -Wmissing-declarations -Wmissing-prototypes -Wnested-externs -Wnull-dereference -Wold-style-definition -Wpointer-arith -Wshadow -Wstrict-overflow=2 -Wstrict-prototypes -Wundef -Wvla -Wwrite-strings -Wpedantic -fno-plt -march=x86-64-v3 -O2 -pipe -fno-plt -fexceptions -Wp,-D_FORTIFY_SOURCE=3 -fstack-clash-protection -fcf-protection -MT lib/libcrypt_la-crypt-yescrypt.lo -MD -MP -MF lib/.deps/libcrypt_la-crypt-yescrypt.Tpo -c /home/builder/build/src/libxcrypt-4.5.2/lib/crypt-yescrypt.c  -fPIC -DPIC -o lib/.libs/libcrypt_la-crypt-yescrypt.o
mv -f lib/.deps/libcrypt_la-alg-yescrypt-common.Tpo lib/.deps/libcrypt_la-alg-yescrypt-common.Plo
/bin/sh ./libtool  --tag=CC   --mode=compile clang -DHAVE_CONFIG_H -I. -I/home/builder/build/src/libxcrypt-4.5.2  -I/home/builder/build/src/libxcrypt-4.5.2/lib -DIN_LIBCRYPT  -Wall -Wextra -Walloca -Wbad-function-cast -Wcast-align -Wcast-qual -Wconversion -Wformat=2 -Wformat-signedness -Wmissing-declarations -Wmissing-prototypes -Wnested-externs -Wnull-dereference -Wold-style-definition -Wpointer-arith -Wshadow -Wstrict-overflow=2 -Wstrict-prototypes -Wundef -Wvla -Wwrite-strings -Wpedantic -fno-plt -march=x86-64-v3 -O2 -pipe -fno-plt -fexceptions         -Wp,-D_FORTIFY_SOURCE=3 -fstack-clash-protection -fcf-protection -MT lib/libcrypt_la-util-get-random-bytes.lo -MD -MP -MF lib/.deps/libcrypt_la-util-get-random-bytes.Tpo -c -o lib/libcrypt_la-util-get-random-bytes.lo `test -f 'lib/util-get-random-bytes.c' || echo '/home/builder/build/src/libxcrypt-4.5.2/'`lib/util-get-random-bytes.c
/bin/sh ./libtool  --tag=CC   --mode=compile clang -DHAVE_CONFIG_H -I. -I/home/builder/build/src/libxcrypt-4.5.2  -I/home/builder/build/src/libxcrypt-4.5.2/lib -DIN_LIBCRYPT  -Wall -Wextra -Walloca -Wbad-function-cast -Wcast-align -Wcast-qual -Wconversion -Wformat=2 -Wformat-signedness -Wmissing-declarations -Wmissing-prototypes -Wnested-externs -Wnull-dereference -Wold-style-definition -Wpointer-arith -Wshadow -Wstrict-overflow=2 -Wstrict-prototypes -Wundef -Wvla -Wwrite-strings -Wpedantic -fno-plt -march=x86-64-v3 -O2 -pipe -fno-plt -fexceptions         -Wp,-D_FORTIFY_SOURCE=3 -fstack-clash-protection -fcf-protection -MT lib/libcrypt_la-util-make-failure-token.lo -MD -MP -MF lib/.deps/libcrypt_la-util-make-failure-token.Tpo -c -o lib/libcrypt_la-util-make-failure-token.lo `test -f 'lib/util-make-failure-token.c' || echo '/home/builder/build/src/libxcrypt-4.5.2/'`lib/util-make-failure-token.c
/bin/sh ./libtool  --tag=CC   --mode=compile clang -DHAVE_CONFIG_H -I. -I/home/builder/build/src/libxcrypt-4.5.2  -I/home/builder/build/src/libxcrypt-4.5.2/lib -DIN_LIBCRYPT  -Wall -Wextra -Walloca -Wbad-function-cast -Wcast-align -Wcast-qual -Wconversion -Wformat=2 -Wformat-signedness -Wmissing-declarations -Wmissing-prototypes -Wnested-externs -Wnull-dereference -Wold-style-definition -Wpointer-arith -Wshadow -Wstrict-overflow=2 -Wstrict-prototypes -Wundef -Wvla -Wwrite-strings -Wpedantic -fno-plt -march=x86-64-v3 -O2 -pipe -fno-plt -fexceptions         -Wp,-D_FORTIFY_SOURCE=3 -fstack-clash-protection -fcf-protection -MT lib/libcrypt_la-util-xbzero.lo -MD -MP -MF lib/.deps/libcrypt_la-util-xbzero.Tpo -c -o lib/libcrypt_la-util-xbzero.lo `test -f 'lib/util-xbzero.c' || echo '/home/builder/build/src/libxcrypt-4.5.2/'`lib/util-xbzero.c
libtool: compile:  clang -DHAVE_CONFIG_H -I. -I/home/builder/build/src/libxcrypt-4.5.2 -I/home/builder/build/src/libxcrypt-4.5.2/lib -DIN_LIBCRYPT -Wall -Wextra -Walloca -Wbad-function-cast -Wcast-align -Wcast-qual -Wconversion -Wformat=2 -Wformat-signedness -Wmissing-declarations -Wmissing-prototypes -Wnested-externs -Wnull-dereference -Wold-style-definition -Wpointer-arith -Wshadow -Wstrict-overflow=2 -Wstrict-prototypes -Wundef -Wvla -Wwrite-strings -Wpedantic -fno-plt -march=x86-64-v3 -O2 -pipe -fno-plt -fexceptions -Wp,-D_FORTIFY_SOURCE=3 -fstack-clash-protection -fcf-protection -MT lib/libcrypt_la-crypt.lo -MD -MP -MF lib/.deps/libcrypt_la-crypt.Tpo -c /home/builder/build/src/libxcrypt-4.5.2/lib/crypt.c  -fPIC -DPIC -o lib/.libs/libcrypt_la-crypt.o
mv -f lib/.deps/libcrypt_la-crypt-sha256.Tpo lib/.deps/libcrypt_la-crypt-sha256.Plo
/bin/sh ./libtool  --tag=CC   --mode=compile clang -DHAVE_CONFIG_H -I. -I/home/builder/build/src/libxcrypt-4.5.2  -I/home/builder/build/src/libxcrypt-4.5.2/lib -DIN_LIBCRYPT  -Wall -Wextra -Walloca -Wbad-function-cast -Wcast-align -Wcast-qual -Wconversion -Wformat=2 -Wformat-signedness -Wmissing-declarations -Wmissing-prototypes -Wnested-externs -Wnull-dereference -Wold-style-definition -Wpointer-arith -Wshadow -Wstrict-overflow=2 -Wstrict-prototypes -Wundef -Wvla -Wwrite-strings -Wpedantic -fno-plt -march=x86-64-v3 -O2 -pipe -fno-plt -fexceptions         -Wp,-D_FORTIFY_SOURCE=3 -fstack-clash-protection -fcf-protection -MT lib/libcrypt_la-util-xstrcpy.lo -MD -MP -MF lib/.deps/libcrypt_la-util-xstrcpy.Tpo -c -o lib/libcrypt_la-util-xstrcpy.lo `test -f 'lib/util-xstrcpy.c' || echo '/home/builder/build/src/libxcrypt-4.5.2/'`lib/util-xstrcpy.c
libtool: compile:  clang -DHAVE_CONFIG_H -I. -I/home/builder/build/src/libxcrypt-4.5.2 -I/home/builder/build/src/libxcrypt-4.5.2/lib -DIN_LIBCRYPT -Wall -Wextra -Walloca -Wbad-function-cast -Wcast-align -Wcast-qual -Wconversion -Wformat=2 -Wformat-signedness -Wmissing-declarations -Wmissing-prototypes -Wnested-externs -Wnull-dereference -Wold-style-definition -Wpointer-arith -Wshadow -Wstrict-overflow=2 -Wstrict-prototypes -Wundef -Wvla -Wwrite-strings -Wpedantic -fno-plt -march=x86-64-v3 -O2 -pipe -fno-plt -fexceptions -Wp,-D_FORTIFY_SOURCE=3 -fstack-clash-protection -fcf-protection -MT lib/libcrypt_la-util-gensalt-sha.lo -MD -MP -MF lib/.deps/libcrypt_la-util-gensalt-sha.Tpo -c /home/builder/build/src/libxcrypt-4.5.2/lib/util-gensalt-sha.c  -fPIC -DPIC -o lib/.libs/libcrypt_la-util-gensalt-sha.o
mv -f lib/.deps/libcrypt_la-crypt-static.Tpo lib/.deps/libcrypt_la-crypt-static.Plo
libtool: compile:  clang -DHAVE_CONFIG_H -I. -I/home/builder/build/src/libxcrypt-4.5.2 -I/home/builder/build/src/libxcrypt-4.5.2/lib -DIN_LIBCRYPT -Wall -Wextra -Walloca -Wbad-function-cast -Wcast-align -Wcast-qual -Wconversion -Wformat=2 -Wformat-signedness -Wmissing-declarations -Wmissing-prototypes -Wnested-externs -Wnull-dereference -Wold-style-definition -Wpointer-arith -Wshadow -Wstrict-overflow=2 -Wstrict-prototypes -Wundef -Wvla -Wwrite-strings -Wpedantic -fno-plt -march=x86-64-v3 -O2 -pipe -fno-plt -fexceptions -Wp,-D_FORTIFY_SOURCE=3 -fstack-clash-protection -fcf-protection -MT lib/libcrypt_la-util-base64.lo -MD -MP -MF lib/.deps/libcrypt_la-util-base64.Tpo -c /home/builder/build/src/libxcrypt-4.5.2/lib/util-base64.c  -fPIC -DPIC -o lib/.libs/libcrypt_la-util-base64.o
/bin/sh ./libtool  --tag=CC   --mode=link clang -Wall -Wextra -Walloca -Wbad-function-cast -Wcast-align -Wcast-qual -Wconversion -Wformat=2 -Wformat-signedness -Wmissing-declarations -Wmissing-prototypes -Wnested-externs -Wnull-dereference -Wold-style-definition -Wpointer-arith -Wshadow -Wstrict-overflow=2 -Wstrict-prototypes -Wundef -Wvla -Wwrite-strings -Wpedantic -fno-plt -march=x86-64-v3 -O2 -pipe -fno-plt -fexceptions         -Wp,-D_FORTIFY_SOURCE=3 -fstack-clash-protection -fcf-protection -Wl,-z,relro -Wl,-z,now -Wl,-O1 -Wl,--sort-common -Wl,--as-needed -Wl,-z,relro -Wl,-z,now -Wl,--undefined-version -Wl,--hash-style=gnu -Wl,--compress-debug-sections=zstd -o lib/gen-des-tables lib/gen-des-tables.o  
mv -f lib/.deps/libcrypt_la-alg-sha512.Tpo lib/.deps/libcrypt_la-alg-sha512.Plo
libtool: compile:  clang -DHAVE_CONFIG_H -I. -I/home/builder/build/src/libxcrypt-4.5.2 -I/home/builder/build/src/libxcrypt-4.5.2/lib -DIN_LIBCRYPT -Wall -Wextra -Walloca -Wbad-function-cast -Wcast-align -Wcast-qual -Wconversion -Wformat=2 -Wformat-signedness -Wmissing-declarations -Wmissing-prototypes -Wnested-externs -Wnull-dereference -Wold-style-definition -Wpointer-arith -Wshadow -Wstrict-overflow=2 -Wstrict-prototypes -Wundef -Wvla -Wwrite-strings -Wpedantic -fno-plt -march=x86-64-v3 -O2 -pipe -fno-plt -fexceptions -Wp,-D_FORTIFY_SOURCE=3 -fstack-clash-protection -fcf-protection -MT lib/libcrypt_la-util-make-failure-token.lo -MD -MP -MF lib/.deps/libcrypt_la-util-make-failure-token.Tpo -c /home/builder/build/src/libxcrypt-4.5.2/lib/util-make-failure-token.c  -fPIC -DPIC -o lib/.libs/libcrypt_la-util-make-failure-token.o
libtool: compile:  clang -DHAVE_CONFIG_H -I. -I/home/builder/build/src/libxcrypt-4.5.2 -I/home/builder/build/src/libxcrypt-4.5.2/lib -DIN_LIBCRYPT -Wall -Wextra -Walloca -Wbad-function-cast -Wcast-align -Wcast-qual -Wconversion -Wformat=2 -Wformat-signedness -Wmissing-declarations -Wmissing-prototypes -Wnested-externs -Wnull-dereference -Wold-style-definition -Wpointer-arith -Wshadow -Wstrict-overflow=2 -Wstrict-prototypes -Wundef -Wvla -Wwrite-strings -Wpedantic -fno-plt -march=x86-64-v3 -O2 -pipe -fno-plt -fexceptions -Wp,-D_FORTIFY_SOURCE=3 -fstack-clash-protection -fcf-protection -MT lib/libcrypt_la-util-xbzero.lo -MD -MP -MF lib/.deps/libcrypt_la-util-xbzero.Tpo -c /home/builder/build/src/libxcrypt-4.5.2/lib/util-xbzero.c  -fPIC -DPIC -o lib/.libs/libcrypt_la-util-xbzero.o
libtool: compile:  clang -DHAVE_CONFIG_H -I. -I/home/builder/build/src/libxcrypt-4.5.2 -I/home/builder/build/src/libxcrypt-4.5.2/lib -DIN_LIBCRYPT -Wall -Wextra -Walloca -Wbad-function-cast -Wcast-align -Wcast-qual -Wconversion -Wformat=2 -Wformat-signedness -Wmissing-declarations -Wmissing-prototypes -Wnested-externs -Wnull-dereference -Wold-style-definition -Wpointer-arith -Wshadow -Wstrict-overflow=2 -Wstrict-prototypes -Wundef -Wvla -Wwrite-strings -Wpedantic -fno-plt -march=x86-64-v3 -O2 -pipe -fno-plt -fexceptions -Wp,-D_FORTIFY_SOURCE=3 -fstack-clash-protection -fcf-protection -MT lib/libcrypt_la-util-get-random-bytes.lo -MD -MP -MF lib/.deps/libcrypt_la-util-get-random-bytes.Tpo -c /home/builder/build/src/libxcrypt-4.5.2/lib/util-get-random-bytes.c  -fPIC -DPIC -o lib/.libs/libcrypt_la-util-get-random-bytes.o
mv -f lib/.deps/libcrypt_la-crypt-yescrypt.Tpo lib/.deps/libcrypt_la-crypt-yescrypt.Plo
mv -f lib/.deps/libcrypt_la-crypt-sunmd5.Tpo lib/.deps/libcrypt_la-crypt-sunmd5.Plo
libtool: compile:  clang -DHAVE_CONFIG_H -I. -I/home/builder/build/src/libxcrypt-4.5.2 -I/home/builder/build/src/libxcrypt-4.5.2/lib -DIN_LIBCRYPT -Wall -Wextra -Walloca -Wbad-function-cast -Wcast-align -Wcast-qual -Wconversion -Wformat=2 -Wformat-signedness -Wmissing-declarations -Wmissing-prototypes -Wnested-externs -Wnull-dereference -Wold-style-definition -Wpointer-arith -Wshadow -Wstrict-overflow=2 -Wstrict-prototypes -Wundef -Wvla -Wwrite-strings -Wpedantic -fno-plt -march=x86-64-v3 -O2 -pipe -fno-plt -fexceptions -Wp,-D_FORTIFY_SOURCE=3 -fstack-clash-protection -fcf-protection -MT lib/libcrypt_la-util-xstrcpy.lo -MD -MP -MF lib/.deps/libcrypt_la-util-xstrcpy.Tpo -c /home/builder/build/src/libxcrypt-4.5.2/lib/util-xstrcpy.c  -fPIC -DPIC -o lib/.libs/libcrypt_la-util-xstrcpy.o
mv -f lib/.deps/libcrypt_la-util-gensalt-sha.Tpo lib/.deps/libcrypt_la-util-gensalt-sha.Plo
mv -f lib/.deps/libcrypt_la-util-base64.Tpo lib/.deps/libcrypt_la-util-base64.Plo
mv -f lib/.deps/libcrypt_la-crypt.Tpo lib/.deps/libcrypt_la-crypt.Plo
mv -f lib/.deps/libcrypt_la-util-xbzero.Tpo lib/.deps/libcrypt_la-util-xbzero.Plo
mv -f lib/.deps/libcrypt_la-crypt-bcrypt.Tpo lib/.deps/libcrypt_la-crypt-bcrypt.Plo
mv -f lib/.deps/libcrypt_la-util-make-failure-token.Tpo lib/.deps/libcrypt_la-util-make-failure-token.Plo
mv -f lib/.deps/libcrypt_la-util-xstrcpy.Tpo lib/.deps/libcrypt_la-util-xstrcpy.Plo
libtool: link: clang -Wall -Wextra -Walloca -Wbad-function-cast -Wcast-align -Wcast-qual -Wconversion -Wformat=2 -Wformat-signedness -Wmissing-declarations -Wmissing-prototypes -Wnested-externs -Wnull-dereference -Wold-style-definition -Wpointer-arith -Wshadow -Wstrict-overflow=2 -Wstrict-prototypes -Wundef -Wvla -Wwrite-strings -Wpedantic -fno-plt -march=x86-64-v3 -O2 -pipe -fno-plt -fexceptions -Wp,-D_FORTIFY_SOURCE=3 -fstack-clash-protection -fcf-protection -Wl,-z -Wl,relro -Wl,-z -Wl,now -Wl,-O1 -Wl,--sort-common -Wl,--as-needed -Wl,-z -Wl,relro -Wl,-z -Wl,now -Wl,--undefined-version -Wl,--hash-style=gnu -Wl,--compress-debug-sections=zstd -o lib/gen-des-tables lib/gen-des-tables.o 
mv -f lib/.deps/libcrypt_la-util-get-random-bytes.Tpo lib/.deps/libcrypt_la-util-get-random-bytes.Plo
mv -f lib/.deps/libcrypt_la-crypt-sha512.Tpo lib/.deps/libcrypt_la-crypt-sha512.Plo
mv -f lib/.deps/libcrypt_la-alg-sha256.Tpo lib/.deps/libcrypt_la-alg-sha256.Plo
mv -f lib/.deps/libcrypt_la-alg-sm3.Tpo lib/.deps/libcrypt_la-alg-sm3.Plo
120 warnings generated.
mv -f lib/.deps/libcrypt_la-alg-yescrypt-opt.Tpo lib/.deps/libcrypt_la-alg-yescrypt-opt.Plo
/bin/sh ./libtool  --tag=CC   --mode=link clang -Wall -Wextra -Walloca -Wbad-function-cast -Wcast-align -Wcast-qual -Wconversion -Wformat=2 -Wformat-signedness -Wmissing-declarations -Wmissing-prototypes -Wnested-externs -Wnull-dereference -Wold-style-definition -Wpointer-arith -Wshadow -Wstrict-overflow=2 -Wstrict-prototypes -Wundef -Wvla -Wwrite-strings -Wpedantic -fno-plt -march=x86-64-v3 -O2 -pipe -fno-plt -fexceptions         -Wp,-D_FORTIFY_SOURCE=3 -fstack-clash-protection -fcf-protection -version-info 2:0:0 -Wl,--version-script,./libcrypt.map -Wl,-z,defs -Wl,-z,text -Wl,-z,relro -Wl,-z,now -Wl,-O1 -Wl,--sort-common -Wl,--as-needed -Wl,-z,relro -Wl,-z,now -Wl,--undefined-version -Wl,--hash-style=gnu -Wl,--compress-debug-sections=zstd -o libcrypt.la -rpath /usr/lib lib/libcrypt_la-alg-des-tables.lo lib/libcrypt_la-alg-des.lo lib/libcrypt_la-alg-gost3411-2012-core.lo lib/libcrypt_la-alg-gost3411-2012-hmac.lo lib/libcrypt_la-alg-hmac-sha1.lo lib/libcrypt_la-alg-md4.lo lib/libcrypt_la-alg-md5.lo lib/libcrypt_la-alg-sha1.lo lib/libcrypt_la-alg-sha256.lo lib/libcrypt_la-alg-sha512.lo lib/libcrypt_la-alg-sm3.lo lib/libcrypt_la-alg-sm3-hmac.lo lib/libcrypt_la-alg-yescrypt-common.lo lib/libcrypt_la-alg-yescrypt-opt.lo lib/libcrypt_la-crypt-bcrypt.lo lib/libcrypt_la-crypt-des.lo lib/libcrypt_la-crypt-gensalt-static.lo lib/libcrypt_la-crypt-gost-yescrypt.lo lib/libcrypt_la-crypt-sm3-yescrypt.lo lib/libcrypt_la-crypt-md5.lo lib/libcrypt_la-crypt-nthash.lo lib/libcrypt_la-crypt-pbkdf1-sha1.lo lib/libcrypt_la-crypt-scrypt.lo lib/libcrypt_la-crypt-sha256.lo lib/libcrypt_la-crypt-sha512.lo lib/libcrypt_la-crypt-sm3.lo lib/libcrypt_la-crypt-static.lo lib/libcrypt_la-crypt-sunmd5.lo lib/libcrypt_la-crypt-yescrypt.lo lib/libcrypt_la-crypt.lo lib/libcrypt_la-util-base64.lo lib/libcrypt_la-util-gensalt-sha.lo lib/libcrypt_la-util-get-random-bytes.lo lib/libcrypt_la-util-make-failure-token.lo lib/libcrypt_la-util-xbzero.lo lib/libcrypt_la-util-xstrcpy.lo   
libtool: link: clang -shared  -fPIC -DPIC  lib/.libs/libcrypt_la-alg-des-tables.o lib/.libs/libcrypt_la-alg-des.o lib/.libs/libcrypt_la-alg-gost3411-2012-core.o lib/.libs/libcrypt_la-alg-gost3411-2012-hmac.o lib/.libs/libcrypt_la-alg-hmac-sha1.o lib/.libs/libcrypt_la-alg-md4.o lib/.libs/libcrypt_la-alg-md5.o lib/.libs/libcrypt_la-alg-sha1.o lib/.libs/libcrypt_la-alg-sha256.o lib/.libs/libcrypt_la-alg-sha512.o lib/.libs/libcrypt_la-alg-sm3.o lib/.libs/libcrypt_la-alg-sm3-hmac.o lib/.libs/libcrypt_la-alg-yescrypt-common.o lib/.libs/libcrypt_la-alg-yescrypt-opt.o lib/.libs/libcrypt_la-crypt-bcrypt.o lib/.libs/libcrypt_la-crypt-des.o lib/.libs/libcrypt_la-crypt-gensalt-static.o lib/.libs/libcrypt_la-crypt-gost-yescrypt.o lib/.libs/libcrypt_la-crypt-sm3-yescrypt.o lib/.libs/libcrypt_la-crypt-md5.o lib/.libs/libcrypt_la-crypt-nthash.o lib/.libs/libcrypt_la-crypt-pbkdf1-sha1.o lib/.libs/libcrypt_la-crypt-scrypt.o lib/.libs/libcrypt_la-crypt-sha256.o lib/.libs/libcrypt_la-crypt-sha512.o lib/.libs/libcrypt_la-crypt-sm3.o lib/.libs/libcrypt_la-crypt-static.o lib/.libs/libcrypt_la-crypt-sunmd5.o lib/.libs/libcrypt_la-crypt-yescrypt.o lib/.libs/libcrypt_la-crypt.o lib/.libs/libcrypt_la-util-base64.o lib/.libs/libcrypt_la-util-gensalt-sha.o lib/.libs/libcrypt_la-util-get-random-bytes.o lib/.libs/libcrypt_la-util-make-failure-token.o lib/.libs/libcrypt_la-util-xbzero.o lib/.libs/libcrypt_la-util-xstrcpy.o    -march=x86-64-v3 -O2 -Wl,--version-script -Wl,./libcrypt.map -Wl,-z -Wl,defs -Wl,-z -Wl,text -Wl,-z -Wl,relro -Wl,-z -Wl,now -Wl,-O1 -Wl,--sort-common -Wl,--as-needed -Wl,-z -Wl,relro -Wl,-z -Wl,now -Wl,--undefined-version -Wl,--hash-style=gnu -Wl,--compress-debug-sections=zstd   -Wl,-soname -Wl,libcrypt.so.2 -o .libs/libcrypt.so.2.0.0
libtool: link: (cd ".libs" && rm -f "libcrypt.so.2" && ln -s "libcrypt.so.2.0.0" "libcrypt.so.2")
libtool: link: (cd ".libs" && rm -f "libcrypt.so" && ln -s "libcrypt.so.2.0.0" "libcrypt.so")
libtool: link: ( cd ".libs" && rm -f "libcrypt.la" && ln -s "../libcrypt.la" "libcrypt.la" )
make[1]: Leaving directory '/home/builder/build/src/build-libxcrypt'
checking for a BSD-compatible install... /usr/bin/install -c
checking whether sleep supports fractional seconds... yes
checking filesystem timestamp resolution... 0.01
checking whether build environment is sane... yes
checking for a race-free mkdir -p... /usr/sbin/mkdir -p
checking for gawk... gawk
checking whether make sets $(MAKE)... yes
checking whether make supports nested variables... yes
checking xargs -n works... yes
checking for pkg-config... /usr/sbin/pkg-config
checking pkg-config is at least version 0.27... yes
checking build system type... x86_64-pc-linux-gnu
checking host system type... x86_64-pc-linux-gnu
checking for gcc... clang
checking whether the C compiler works... yes
checking for C compiler default output file name... a.out
checking for suffix of executables... 
checking whether we are cross compiling... no
checking for suffix of object files... o
checking whether the compiler supports GNU C... yes
checking whether clang accepts -g... yes
checking for clang option to enable C11 features... none needed
checking whether clang understands -c and -o together... yes
checking whether make supports the include directive... yes (GNU style)
checking dependency style of clang... gcc3
checking how to run the C preprocessor... clang -E
checking whether make sets $(MAKE)... (cached) yes
checking whether ln -s works... yes
checking for perl... /usr/sbin/perl
checking whether /usr/sbin/perl is version 5.14.0 or later... yes
checking for gpg2... /usr/sbin/gpg2
checking for sha256sum... /usr/sbin/sha256sum
checking for stdio.h... yes
checking for stdlib.h... yes
checking for string.h... yes
checking for inttypes.h... yes
checking for stdint.h... yes
checking for strings.h... yes
checking for sys/stat.h... yes
checking for sys/types.h... yes
checking for unistd.h... yes
checking for wchar.h... yes
checking for minix/config.h... no
checking for fcntl.h... yes
checking for stdbool.h... yes
checking for ucontext.h... yes
checking for sys/cdefs.h... yes
checking for sys/random.h... yes
checking for sys/syscall.h... yes
checking for valgrind/valgrind.h... no
checking for endian.h... yes
checking for sys/endian.h... no
checking for sys/param.h... yes
checking whether it is safe to define __EXTENSIONS__... yes
checking whether _XOPEN_SOURCE should be defined... no
checking for clang option to enable large file support... none needed
checking whether C compiler accepts -Werror=unknown-warning-option... yes
checking whether C compiler accepts -Wall... yes
checking whether C compiler accepts -Wextra... yes
checking whether C compiler accepts -Walloc-zero... no
checking whether C compiler accepts -Walloca... yes
checking whether C compiler accepts -Wbad-function-cast... yes
checking whether C compiler accepts -Wcast-align... yes
checking whether C compiler accepts -Wcast-qual... yes
checking whether C compiler accepts -Wconversion... yes
checking whether C compiler accepts -Wformat=2... yes
checking whether C compiler accepts -Wformat-overflow=2... no
checking whether C compiler accepts -Wformat-signedness... yes
checking whether C compiler accepts -Wformat-truncation=1... no
checking whether C compiler accepts -Wlogical-op... no
checking whether C compiler accepts -Wmissing-declarations... yes
checking whether C compiler accepts -Wmissing-prototypes... yes
checking whether C compiler accepts -Wnested-externs... yes
checking whether C compiler accepts -Wnull-dereference... yes
checking whether C compiler accepts -Wold-style-definition... yes
checking whether C compiler accepts -Wpointer-arith... yes
checking whether C compiler accepts -Wrestrict... no
checking whether C compiler accepts -Wshadow... yes
checking whether C compiler accepts -Wstrict-overflow=2... yes
checking whether C compiler accepts -Wstrict-prototypes... yes
checking whether C compiler accepts -Wundef... yes
checking whether C compiler accepts -Wvla... yes
checking whether C compiler accepts -Wwrite-strings... yes
checking whether C compiler accepts -Wpedantic... yes
checking how to print strings... printf
checking for a sed that does not truncate output... /usr/sbin/sed
checking for grep that handles long lines and -e... /usr/sbin/grep
checking for egrep... /usr/sbin/grep -E
checking for fgrep... /usr/sbin/grep -F
checking for ld used by clang... ld.lld
checking if the linker (ld.lld) is GNU ld... yes
checking for BSD- or MS-compatible name lister (nm)... llvm-nm
checking the name lister (llvm-nm) interface... BSD nm
checking the maximum length of command line arguments... 1572864
checking how to convert x86_64-pc-linux-gnu file names to x86_64-pc-linux-gnu format... func_convert_file_noop
checking how to convert x86_64-pc-linux-gnu file names to toolchain format... func_convert_file_noop
checking for ld.lld option to reload object files... -r
checking for file... file
checking for objdump... llvm-objdump
checking how to recognize dependent libraries... pass_all
checking for dlltool... dlltool
checking how to associate runtime and link libraries... printf %s\n
checking for ranlib... llvm-ranlib
checking for archiver @FILE support... @
checking for strip... llvm-strip
checking command to parse llvm-nm output from clang object... ok
checking for sysroot... no
checking for a working dd... /usr/sbin/dd
checking how to truncate binary pipes... /usr/sbin/dd bs=4096 count=1
checking for mt... no
checking if : is a manifest tool... no
checking for dlfcn.h... yes
checking for objdir... .libs
checking if clang supports -fno-rtti -fno-exceptions... yes
checking for clang option to produce PIC... -fPIC -DPIC
checking if clang PIC flag -fPIC -DPIC works... yes
checking if clang static flag -static works... yes
checking if clang supports -c -o file.o... yes
checking if clang supports -c -o file.o... (cached) yes
checking whether the clang linker (ld.lld -m elf_x86_64) supports shared libraries... yes
checking whether -lc should be explicitly linked in... no
checking dynamic linker characteristics... GNU/Linux ld.so
checking how to hardcode library paths into programs... immediate
checking whether stripping libraries is possible... yes
checking if libtool supports shared libraries... yes
checking whether to build shared libraries... yes
checking whether to build static libraries... no
checking for _ prefix in compiled symbols... no
checking whether the preprocessor (clang -E) supports -dD... yes
checking whether we are compiling with ASan... no
checking whether sys/cdefs.h defines __BEGIN_DECLS and __END_DECLS... yes
checking whether sys/cdefs.h defines __THROW... yes
checking how to control data alignment... _Alignas
checking how to query data alignment... _Alignof
checking for max_align_t in stddef.h... yes
checking for byte order macros... BYTE_ORDER and xxx_ENDIAN
checking for static_assert in assert.h... yes
checking for ld --wrap... yes
checking linker version script flag... --version-script
checking if version scripts can use complex wildcards... yes
checking for __attribute__((symver))... no
checking how to make linking fail when undefined symbols remain... -Wl,-z,defs
checking how to make linking fail when there are text relocations... -Wl,-z,text
checking how to link with read-only relocations... -Wl,-z,relro
checking how to link with immediate binding... -Wl,-z,now
checking whether C compiler accepts -fno-plt... yes
checking for arc4random_buf... yes
checking for explicit_bzero... yes
checking for explicit_memset... no
checking for getentropy... yes
checking for getrandom... yes
checking for memset_explicit... yes
checking for memset_s... no
checking for open64... yes
checking for syscall... yes
checking for valgrind... no
checking for Python 3.>=6 with Passlib... not found
configure: Disabling the "regen-ka-table" target, missing Python requirements.
checking whether all ucontext.h functions are available... yes
checking minimum symbol version to use for compatibility symbols... GLIBC_2.2.5
checking that generated files are newer than configure... done
configure: creating ./config.status
config.status: creating Makefile
config.status: creating libxcrypt.pc
config.status: creating config.h
config.status: executing depfiles commands
config.status: executing libtool commands
make  all-am
make[1]: Entering directory '/home/builder/build/src/build-libxcrypt-compat'
LC_ALL=C /usr/sbin/perl /home/builder/build/src/libxcrypt-4.5.2/build-aux/scripts/gen-libcrypt-map \
  SYMVER_MIN=GLIBC_2.0 \
  SYMVER_FLOOR=GLIBC_2.2.5 \
  COMPAT_ABI=glibc \
  /home/builder/build/src/libxcrypt-4.5.2/lib/libcrypt.map.in > libcrypt.map.T
LC_ALL=C /usr/sbin/perl \
  /home/builder/build/src/libxcrypt-4.5.2/build-aux/scripts/gen-crypt-h \
  /home/builder/build/src/libxcrypt-4.5.2/lib/xcrypt.h.in config.h \
  > xcrypt.h.T
depbase=`echo lib/gen-des-tables.o | sed 's|[^/]*$|.deps/&|;s|\.o$||'`;\
clang -DHAVE_CONFIG_H -I. -I/home/builder/build/src/libxcrypt-4.5.2  -I/home/builder/build/src/libxcrypt-4.5.2/lib  -Wall -Wextra -Walloca -Wbad-function-cast -Wcast-align -Wcast-qual -Wconversion -Wformat=2 -Wformat-signedness -Wmissing-declarations -Wmissing-prototypes -Wnested-externs -Wnull-dereference -Wold-style-definition -Wpointer-arith -Wshadow -Wstrict-overflow=2 -Wstrict-prototypes -Wundef -Wvla -Wwrite-strings -Wpedantic -fno-plt -march=x86-64-v3 -O2 -pipe -fno-plt -fexceptions         -Wp,-D_FORTIFY_SOURCE=3 -fstack-clash-protection -fcf-protection -MT lib/gen-des-tables.o -MD -MP -MF $depbase.Tpo -c -o lib/gen-des-tables.o /home/builder/build/src/libxcrypt-4.5.2/lib/gen-des-tables.c &&\
mv -f $depbase.Tpo $depbase.Po
/bin/sh ./libtool  --tag=CC   --mode=compile clang -DHAVE_CONFIG_H -I. -I/home/builder/build/src/libxcrypt-4.5.2  -I/home/builder/build/src/libxcrypt-4.5.2/lib -DIN_LIBCRYPT  -Wall -Wextra -Walloca -Wbad-function-cast -Wcast-align -Wcast-qual -Wconversion -Wformat=2 -Wformat-signedness -Wmissing-declarations -Wmissing-prototypes -Wnested-externs -Wnull-dereference -Wold-style-definition -Wpointer-arith -Wshadow -Wstrict-overflow=2 -Wstrict-prototypes -Wundef -Wvla -Wwrite-strings -Wpedantic -fno-plt -march=x86-64-v3 -O2 -pipe -fno-plt -fexceptions         -Wp,-D_FORTIFY_SOURCE=3 -fstack-clash-protection -fcf-protection -MT lib/libcrypt_la-alg-des-tables.lo -MD -MP -MF lib/.deps/libcrypt_la-alg-des-tables.Tpo -c -o lib/libcrypt_la-alg-des-tables.lo `test -f 'lib/alg-des-tables.c' || echo '/home/builder/build/src/libxcrypt-4.5.2/'`lib/alg-des-tables.c
/bin/sh ./libtool  --tag=CC   --mode=compile clang -DHAVE_CONFIG_H -I. -I/home/builder/build/src/libxcrypt-4.5.2  -I/home/builder/build/src/libxcrypt-4.5.2/lib -DIN_LIBCRYPT  -Wall -Wextra -Walloca -Wbad-function-cast -Wcast-align -Wcast-qual -Wconversion -Wformat=2 -Wformat-signedness -Wmissing-declarations -Wmissing-prototypes -Wnested-externs -Wnull-dereference -Wold-style-definition -Wpointer-arith -Wshadow -Wstrict-overflow=2 -Wstrict-prototypes -Wundef -Wvla -Wwrite-strings -Wpedantic -fno-plt -march=x86-64-v3 -O2 -pipe -fno-plt -fexceptions         -Wp,-D_FORTIFY_SOURCE=3 -fstack-clash-protection -fcf-protection -MT lib/libcrypt_la-alg-des.lo -MD -MP -MF lib/.deps/libcrypt_la-alg-des.Tpo -c -o lib/libcrypt_la-alg-des.lo `test -f 'lib/alg-des.c' || echo '/home/builder/build/src/libxcrypt-4.5.2/'`lib/alg-des.c
/bin/sh ./libtool  --tag=CC   --mode=compile clang -DHAVE_CONFIG_H -I. -I/home/builder/build/src/libxcrypt-4.5.2  -I/home/builder/build/src/libxcrypt-4.5.2/lib -DIN_LIBCRYPT  -Wall -Wextra -Walloca -Wbad-function-cast -Wcast-align -Wcast-qual -Wconversion -Wformat=2 -Wformat-signedness -Wmissing-declarations -Wmissing-prototypes -Wnested-externs -Wnull-dereference -Wold-style-definition -Wpointer-arith -Wshadow -Wstrict-overflow=2 -Wstrict-prototypes -Wundef -Wvla -Wwrite-strings -Wpedantic -fno-plt -march=x86-64-v3 -O2 -pipe -fno-plt -fexceptions         -Wp,-D_FORTIFY_SOURCE=3 -fstack-clash-protection -fcf-protection -MT lib/libcrypt_la-alg-gost3411-2012-core.lo -MD -MP -MF lib/.deps/libcrypt_la-alg-gost3411-2012-core.Tpo -c -o lib/libcrypt_la-alg-gost3411-2012-core.lo `test -f 'lib/alg-gost3411-2012-core.c' || echo '/home/builder/build/src/libxcrypt-4.5.2/'`lib/alg-gost3411-2012-core.c
/bin/sh ./libtool  --tag=CC   --mode=compile clang -DHAVE_CONFIG_H -I. -I/home/builder/build/src/libxcrypt-4.5.2  -I/home/builder/build/src/libxcrypt-4.5.2/lib -DIN_LIBCRYPT  -Wall -Wextra -Walloca -Wbad-function-cast -Wcast-align -Wcast-qual -Wconversion -Wformat=2 -Wformat-signedness -Wmissing-declarations -Wmissing-prototypes -Wnested-externs -Wnull-dereference -Wold-style-definition -Wpointer-arith -Wshadow -Wstrict-overflow=2 -Wstrict-prototypes -Wundef -Wvla -Wwrite-strings -Wpedantic -fno-plt -march=x86-64-v3 -O2 -pipe -fno-plt -fexceptions         -Wp,-D_FORTIFY_SOURCE=3 -fstack-clash-protection -fcf-protection -MT lib/libcrypt_la-alg-gost3411-2012-hmac.lo -MD -MP -MF lib/.deps/libcrypt_la-alg-gost3411-2012-hmac.Tpo -c -o lib/libcrypt_la-alg-gost3411-2012-hmac.lo `test -f 'lib/alg-gost3411-2012-hmac.c' || echo '/home/builder/build/src/libxcrypt-4.5.2/'`lib/alg-gost3411-2012-hmac.c
/bin/sh ./libtool  --tag=CC   --mode=compile clang -DHAVE_CONFIG_H -I. -I/home/builder/build/src/libxcrypt-4.5.2  -I/home/builder/build/src/libxcrypt-4.5.2/lib -DIN_LIBCRYPT  -Wall -Wextra -Walloca -Wbad-function-cast -Wcast-align -Wcast-qual -Wconversion -Wformat=2 -Wformat-signedness -Wmissing-declarations -Wmissing-prototypes -Wnested-externs -Wnull-dereference -Wold-style-definition -Wpointer-arith -Wshadow -Wstrict-overflow=2 -Wstrict-prototypes -Wundef -Wvla -Wwrite-strings -Wpedantic -fno-plt -march=x86-64-v3 -O2 -pipe -fno-plt -fexceptions         -Wp,-D_FORTIFY_SOURCE=3 -fstack-clash-protection -fcf-protection -MT lib/libcrypt_la-alg-hmac-sha1.lo -MD -MP -MF lib/.deps/libcrypt_la-alg-hmac-sha1.Tpo -c -o lib/libcrypt_la-alg-hmac-sha1.lo `test -f 'lib/alg-hmac-sha1.c' || echo '/home/builder/build/src/libxcrypt-4.5.2/'`lib/alg-hmac-sha1.c
/bin/sh ./libtool  --tag=CC   --mode=compile clang -DHAVE_CONFIG_H -I. -I/home/builder/build/src/libxcrypt-4.5.2  -I/home/builder/build/src/libxcrypt-4.5.2/lib -DIN_LIBCRYPT  -Wall -Wextra -Walloca -Wbad-function-cast -Wcast-align -Wcast-qual -Wconversion -Wformat=2 -Wformat-signedness -Wmissing-declarations -Wmissing-prototypes -Wnested-externs -Wnull-dereference -Wold-style-definition -Wpointer-arith -Wshadow -Wstrict-overflow=2 -Wstrict-prototypes -Wundef -Wvla -Wwrite-strings -Wpedantic -fno-plt -march=x86-64-v3 -O2 -pipe -fno-plt -fexceptions         -Wp,-D_FORTIFY_SOURCE=3 -fstack-clash-protection -fcf-protection -MT lib/libcrypt_la-alg-md4.lo -MD -MP -MF lib/.deps/libcrypt_la-alg-md4.Tpo -c -o lib/libcrypt_la-alg-md4.lo `test -f 'lib/alg-md4.c' || echo '/home/builder/build/src/libxcrypt-4.5.2/'`lib/alg-md4.c
/bin/sh ./libtool  --tag=CC   --mode=compile clang -DHAVE_CONFIG_H -I. -I/home/builder/build/src/libxcrypt-4.5.2  -I/home/builder/build/src/libxcrypt-4.5.2/lib -DIN_LIBCRYPT  -Wall -Wextra -Walloca -Wbad-function-cast -Wcast-align -Wcast-qual -Wconversion -Wformat=2 -Wformat-signedness -Wmissing-declarations -Wmissing-prototypes -Wnested-externs -Wnull-dereference -Wold-style-definition -Wpointer-arith -Wshadow -Wstrict-overflow=2 -Wstrict-prototypes -Wundef -Wvla -Wwrite-strings -Wpedantic -fno-plt -march=x86-64-v3 -O2 -pipe -fno-plt -fexceptions         -Wp,-D_FORTIFY_SOURCE=3 -fstack-clash-protection -fcf-protection -MT lib/libcrypt_la-alg-md5.lo -MD -MP -MF lib/.deps/libcrypt_la-alg-md5.Tpo -c -o lib/libcrypt_la-alg-md5.lo `test -f 'lib/alg-md5.c' || echo '/home/builder/build/src/libxcrypt-4.5.2/'`lib/alg-md5.c
/bin/sh ./libtool  --tag=CC   --mode=compile clang -DHAVE_CONFIG_H -I. -I/home/builder/build/src/libxcrypt-4.5.2  -I/home/builder/build/src/libxcrypt-4.5.2/lib -DIN_LIBCRYPT  -Wall -Wextra -Walloca -Wbad-function-cast -Wcast-align -Wcast-qual -Wconversion -Wformat=2 -Wformat-signedness -Wmissing-declarations -Wmissing-prototypes -Wnested-externs -Wnull-dereference -Wold-style-definition -Wpointer-arith -Wshadow -Wstrict-overflow=2 -Wstrict-prototypes -Wundef -Wvla -Wwrite-strings -Wpedantic -fno-plt -march=x86-64-v3 -O2 -pipe -fno-plt -fexceptions         -Wp,-D_FORTIFY_SOURCE=3 -fstack-clash-protection -fcf-protection -MT lib/libcrypt_la-alg-sha1.lo -MD -MP -MF lib/.deps/libcrypt_la-alg-sha1.Tpo -c -o lib/libcrypt_la-alg-sha1.lo `test -f 'lib/alg-sha1.c' || echo '/home/builder/build/src/libxcrypt-4.5.2/'`lib/alg-sha1.c
/bin/sh ./libtool  --tag=CC   --mode=compile clang -DHAVE_CONFIG_H -I. -I/home/builder/build/src/libxcrypt-4.5.2  -I/home/builder/build/src/libxcrypt-4.5.2/lib -DIN_LIBCRYPT  -Wall -Wextra -Walloca -Wbad-function-cast -Wcast-align -Wcast-qual -Wconversion -Wformat=2 -Wformat-signedness -Wmissing-declarations -Wmissing-prototypes -Wnested-externs -Wnull-dereference -Wold-style-definition -Wpointer-arith -Wshadow -Wstrict-overflow=2 -Wstrict-prototypes -Wundef -Wvla -Wwrite-strings -Wpedantic -fno-plt -march=x86-64-v3 -O2 -pipe -fno-plt -fexceptions         -Wp,-D_FORTIFY_SOURCE=3 -fstack-clash-protection -fcf-protection -MT lib/libcrypt_la-alg-sha256.lo -MD -MP -MF lib/.deps/libcrypt_la-alg-sha256.Tpo -c -o lib/libcrypt_la-alg-sha256.lo `test -f 'lib/alg-sha256.c' || echo '/home/builder/build/src/libxcrypt-4.5.2/'`lib/alg-sha256.c
/bin/sh ./libtool  --tag=CC   --mode=compile clang -DHAVE_CONFIG_H -I. -I/home/builder/build/src/libxcrypt-4.5.2  -I/home/builder/build/src/libxcrypt-4.5.2/lib -DIN_LIBCRYPT  -Wall -Wextra -Walloca -Wbad-function-cast -Wcast-align -Wcast-qual -Wconversion -Wformat=2 -Wformat-signedness -Wmissing-declarations -Wmissing-prototypes -Wnested-externs -Wnull-dereference -Wold-style-definition -Wpointer-arith -Wshadow -Wstrict-overflow=2 -Wstrict-prototypes -Wundef -Wvla -Wwrite-strings -Wpedantic -fno-plt -march=x86-64-v3 -O2 -pipe -fno-plt -fexceptions         -Wp,-D_FORTIFY_SOURCE=3 -fstack-clash-protection -fcf-protection -MT lib/libcrypt_la-alg-sha512.lo -MD -MP -MF lib/.deps/libcrypt_la-alg-sha512.Tpo -c -o lib/libcrypt_la-alg-sha512.lo `test -f 'lib/alg-sha512.c' || echo '/home/builder/build/src/libxcrypt-4.5.2/'`lib/alg-sha512.c
/bin/sh ./libtool  --tag=CC   --mode=compile clang -DHAVE_CONFIG_H -I. -I/home/builder/build/src/libxcrypt-4.5.2  -I/home/builder/build/src/libxcrypt-4.5.2/lib -DIN_LIBCRYPT  -Wall -Wextra -Walloca -Wbad-function-cast -Wcast-align -Wcast-qual -Wconversion -Wformat=2 -Wformat-signedness -Wmissing-declarations -Wmissing-prototypes -Wnested-externs -Wnull-dereference -Wold-style-definition -Wpointer-arith -Wshadow -Wstrict-overflow=2 -Wstrict-prototypes -Wundef -Wvla -Wwrite-strings -Wpedantic -fno-plt -march=x86-64-v3 -O2 -pipe -fno-plt -fexceptions         -Wp,-D_FORTIFY_SOURCE=3 -fstack-clash-protection -fcf-protection -MT lib/libcrypt_la-alg-sm3.lo -MD -MP -MF lib/.deps/libcrypt_la-alg-sm3.Tpo -c -o lib/libcrypt_la-alg-sm3.lo `test -f 'lib/alg-sm3.c' || echo '/home/builder/build/src/libxcrypt-4.5.2/'`lib/alg-sm3.c
/bin/sh ./libtool  --tag=CC   --mode=compile clang -DHAVE_CONFIG_H -I. -I/home/builder/build/src/libxcrypt-4.5.2  -I/home/builder/build/src/libxcrypt-4.5.2/lib -DIN_LIBCRYPT  -Wall -Wextra -Walloca -Wbad-function-cast -Wcast-align -Wcast-qual -Wconversion -Wformat=2 -Wformat-signedness -Wmissing-declarations -Wmissing-prototypes -Wnested-externs -Wnull-dereference -Wold-style-definition -Wpointer-arith -Wshadow -Wstrict-overflow=2 -Wstrict-prototypes -Wundef -Wvla -Wwrite-strings -Wpedantic -fno-plt -march=x86-64-v3 -O2 -pipe -fno-plt -fexceptions         -Wp,-D_FORTIFY_SOURCE=3 -fstack-clash-protection -fcf-protection -MT lib/libcrypt_la-alg-sm3-hmac.lo -MD -MP -MF lib/.deps/libcrypt_la-alg-sm3-hmac.Tpo -c -o lib/libcrypt_la-alg-sm3-hmac.lo `test -f 'lib/alg-sm3-hmac.c' || echo '/home/builder/build/src/libxcrypt-4.5.2/'`lib/alg-sm3-hmac.c
/bin/sh ./libtool  --tag=CC   --mode=compile clang -DHAVE_CONFIG_H -I. -I/home/builder/build/src/libxcrypt-4.5.2  -I/home/builder/build/src/libxcrypt-4.5.2/lib -DIN_LIBCRYPT  -Wall -Wextra -Walloca -Wbad-function-cast -Wcast-align -Wcast-qual -Wconversion -Wformat=2 -Wformat-signedness -Wmissing-declarations -Wmissing-prototypes -Wnested-externs -Wnull-dereference -Wold-style-definition -Wpointer-arith -Wshadow -Wstrict-overflow=2 -Wstrict-prototypes -Wundef -Wvla -Wwrite-strings -Wpedantic -fno-plt -march=x86-64-v3 -O2 -pipe -fno-plt -fexceptions         -Wp,-D_FORTIFY_SOURCE=3 -fstack-clash-protection -fcf-protection -MT lib/libcrypt_la-alg-yescrypt-common.lo -MD -MP -MF lib/.deps/libcrypt_la-alg-yescrypt-common.Tpo -c -o lib/libcrypt_la-alg-yescrypt-common.lo `test -f 'lib/alg-yescrypt-common.c' || echo '/home/builder/build/src/libxcrypt-4.5.2/'`lib/alg-yescrypt-common.c
/home/builder/build/src/libxcrypt-4.5.2/build-aux/scripts/move-if-change libcrypt.map.T libcrypt.map
/home/builder/build/src/libxcrypt-4.5.2/build-aux/scripts/move-if-change xcrypt.h.T xcrypt.h
echo timestamp > libcrypt.map.stamp
/bin/sh ./libtool  --tag=CC   --mode=compile clang -DHAVE_CONFIG_H -I. -I/home/builder/build/src/libxcrypt-4.5.2  -I/home/builder/build/src/libxcrypt-4.5.2/lib -DIN_LIBCRYPT  -Wall -Wextra -Walloca -Wbad-function-cast -Wcast-align -Wcast-qual -Wconversion -Wformat=2 -Wformat-signedness -Wmissing-declarations -Wmissing-prototypes -Wnested-externs -Wnull-dereference -Wold-style-definition -Wpointer-arith -Wshadow -Wstrict-overflow=2 -Wstrict-prototypes -Wundef -Wvla -Wwrite-strings -Wpedantic -fno-plt -march=x86-64-v3 -O2 -pipe -fno-plt -fexceptions         -Wp,-D_FORTIFY_SOURCE=3 -fstack-clash-protection -fcf-protection -MT lib/libcrypt_la-alg-yescrypt-opt.lo -MD -MP -MF lib/.deps/libcrypt_la-alg-yescrypt-opt.Tpo -c -o lib/libcrypt_la-alg-yescrypt-opt.lo `test -f 'lib/alg-yescrypt-opt.c' || echo '/home/builder/build/src/libxcrypt-4.5.2/'`lib/alg-yescrypt-opt.c
echo timestamp > xcrypt.h.stamp
/bin/sh ./libtool  --tag=CC   --mode=compile clang -DHAVE_CONFIG_H -I. -I/home/builder/build/src/libxcrypt-4.5.2  -I/home/builder/build/src/libxcrypt-4.5.2/lib -DIN_LIBCRYPT  -Wall -Wextra -Walloca -Wbad-function-cast -Wcast-align -Wcast-qual -Wconversion -Wformat=2 -Wformat-signedness -Wmissing-declarations -Wmissing-prototypes -Wnested-externs -Wnull-dereference -Wold-style-definition -Wpointer-arith -Wshadow -Wstrict-overflow=2 -Wstrict-prototypes -Wundef -Wvla -Wwrite-strings -Wpedantic -fno-plt -march=x86-64-v3 -O2 -pipe -fno-plt -fexceptions         -Wp,-D_FORTIFY_SOURCE=3 -fstack-clash-protection -fcf-protection -MT lib/libcrypt_la-crypt-bcrypt.lo -MD -MP -MF lib/.deps/libcrypt_la-crypt-bcrypt.Tpo -c -o lib/libcrypt_la-crypt-bcrypt.lo `test -f 'lib/crypt-bcrypt.c' || echo '/home/builder/build/src/libxcrypt-4.5.2/'`lib/crypt-bcrypt.c
libtool: compile:  clang -DHAVE_CONFIG_H -I. -I/home/builder/build/src/libxcrypt-4.5.2 -I/home/builder/build/src/libxcrypt-4.5.2/lib -DIN_LIBCRYPT -Wall -Wextra -Walloca -Wbad-function-cast -Wcast-align -Wcast-qual -Wconversion -Wformat=2 -Wformat-signedness -Wmissing-declarations -Wmissing-prototypes -Wnested-externs -Wnull-dereference -Wold-style-definition -Wpointer-arith -Wshadow -Wstrict-overflow=2 -Wstrict-prototypes -Wundef -Wvla -Wwrite-strings -Wpedantic -fno-plt -march=x86-64-v3 -O2 -pipe -fno-plt -fexceptions -Wp,-D_FORTIFY_SOURCE=3 -fstack-clash-protection -fcf-protection -MT lib/libcrypt_la-alg-sm3.lo -MD -MP -MF lib/.deps/libcrypt_la-alg-sm3.Tpo -c /home/builder/build/src/libxcrypt-4.5.2/lib/alg-sm3.c  -fPIC -DPIC -o lib/.libs/libcrypt_la-alg-sm3.o
libtool: compile:  clang -DHAVE_CONFIG_H -I. -I/home/builder/build/src/libxcrypt-4.5.2 -I/home/builder/build/src/libxcrypt-4.5.2/lib -DIN_LIBCRYPT -Wall -Wextra -Walloca -Wbad-function-cast -Wcast-align -Wcast-qual -Wconversion -Wformat=2 -Wformat-signedness -Wmissing-declarations -Wmissing-prototypes -Wnested-externs -Wnull-dereference -Wold-style-definition -Wpointer-arith -Wshadow -Wstrict-overflow=2 -Wstrict-prototypes -Wundef -Wvla -Wwrite-strings -Wpedantic -fno-plt -march=x86-64-v3 -O2 -pipe -fno-plt -fexceptions -Wp,-D_FORTIFY_SOURCE=3 -fstack-clash-protection -fcf-protection -MT lib/libcrypt_la-alg-gost3411-2012-hmac.lo -MD -MP -MF lib/.deps/libcrypt_la-alg-gost3411-2012-hmac.Tpo -c /home/builder/build/src/libxcrypt-4.5.2/lib/alg-gost3411-2012-hmac.c  -fPIC -DPIC -o lib/.libs/libcrypt_la-alg-gost3411-2012-hmac.o
libtool: compile:  clang -DHAVE_CONFIG_H -I. -I/home/builder/build/src/libxcrypt-4.5.2 -I/home/builder/build/src/libxcrypt-4.5.2/lib -DIN_LIBCRYPT -Wall -Wextra -Walloca -Wbad-function-cast -Wcast-align -Wcast-qual -Wconversion -Wformat=2 -Wformat-signedness -Wmissing-declarations -Wmissing-prototypes -Wnested-externs -Wnull-dereference -Wold-style-definition -Wpointer-arith -Wshadow -Wstrict-overflow=2 -Wstrict-prototypes -Wundef -Wvla -Wwrite-strings -Wpedantic -fno-plt -march=x86-64-v3 -O2 -pipe -fno-plt -fexceptions -Wp,-D_FORTIFY_SOURCE=3 -fstack-clash-protection -fcf-protection -MT lib/libcrypt_la-alg-des.lo -MD -MP -MF lib/.deps/libcrypt_la-alg-des.Tpo -c /home/builder/build/src/libxcrypt-4.5.2/lib/alg-des.c  -fPIC -DPIC -o lib/.libs/libcrypt_la-alg-des.o
libtool: compile:  clang -DHAVE_CONFIG_H -I. -I/home/builder/build/src/libxcrypt-4.5.2 -I/home/builder/build/src/libxcrypt-4.5.2/lib -DIN_LIBCRYPT -Wall -Wextra -Walloca -Wbad-function-cast -Wcast-align -Wcast-qual -Wconversion -Wformat=2 -Wformat-signedness -Wmissing-declarations -Wmissing-prototypes -Wnested-externs -Wnull-dereference -Wold-style-definition -Wpointer-arith -Wshadow -Wstrict-overflow=2 -Wstrict-prototypes -Wundef -Wvla -Wwrite-strings -Wpedantic -fno-plt -march=x86-64-v3 -O2 -pipe -fno-plt -fexceptions -Wp,-D_FORTIFY_SOURCE=3 -fstack-clash-protection -fcf-protection -MT lib/libcrypt_la-alg-sha1.lo -MD -MP -MF lib/.deps/libcrypt_la-alg-sha1.Tpo -c /home/builder/build/src/libxcrypt-4.5.2/lib/alg-sha1.c  -fPIC -DPIC -o lib/.libs/libcrypt_la-alg-sha1.o
libtool: compile:  clang -DHAVE_CONFIG_H -I. -I/home/builder/build/src/libxcrypt-4.5.2 -I/home/builder/build/src/libxcrypt-4.5.2/lib -DIN_LIBCRYPT -Wall -Wextra -Walloca -Wbad-function-cast -Wcast-align -Wcast-qual -Wconversion -Wformat=2 -Wformat-signedness -Wmissing-declarations -Wmissing-prototypes -Wnested-externs -Wnull-dereference -Wold-style-definition -Wpointer-arith -Wshadow -Wstrict-overflow=2 -Wstrict-prototypes -Wundef -Wvla -Wwrite-strings -Wpedantic -fno-plt -march=x86-64-v3 -O2 -pipe -fno-plt -fexceptions -Wp,-D_FORTIFY_SOURCE=3 -fstack-clash-protection -fcf-protection -MT lib/libcrypt_la-alg-sha512.lo -MD -MP -MF lib/.deps/libcrypt_la-alg-sha512.Tpo -c /home/builder/build/src/libxcrypt-4.5.2/lib/alg-sha512.c  -fPIC -DPIC -o lib/.libs/libcrypt_la-alg-sha512.o
libtool: compile:  clang -DHAVE_CONFIG_H -I. -I/home/builder/build/src/libxcrypt-4.5.2 -I/home/builder/build/src/libxcrypt-4.5.2/lib -DIN_LIBCRYPT -Wall -Wextra -Walloca -Wbad-function-cast -Wcast-align -Wcast-qual -Wconversion -Wformat=2 -Wformat-signedness -Wmissing-declarations -Wmissing-prototypes -Wnested-externs -Wnull-dereference -Wold-style-definition -Wpointer-arith -Wshadow -Wstrict-overflow=2 -Wstrict-prototypes -Wundef -Wvla -Wwrite-strings -Wpedantic -fno-plt -march=x86-64-v3 -O2 -pipe -fno-plt -fexceptions -Wp,-D_FORTIFY_SOURCE=3 -fstack-clash-protection -fcf-protection -MT lib/libcrypt_la-alg-md4.lo -MD -MP -MF lib/.deps/libcrypt_la-alg-md4.Tpo -c /home/builder/build/src/libxcrypt-4.5.2/lib/alg-md4.c  -fPIC -DPIC -o lib/.libs/libcrypt_la-alg-md4.o
libtool: compile:  clang -DHAVE_CONFIG_H -I. -I/home/builder/build/src/libxcrypt-4.5.2 -I/home/builder/build/src/libxcrypt-4.5.2/lib -DIN_LIBCRYPT -Wall -Wextra -Walloca -Wbad-function-cast -Wcast-align -Wcast-qual -Wconversion -Wformat=2 -Wformat-signedness -Wmissing-declarations -Wmissing-prototypes -Wnested-externs -Wnull-dereference -Wold-style-definition -Wpointer-arith -Wshadow -Wstrict-overflow=2 -Wstrict-prototypes -Wundef -Wvla -Wwrite-strings -Wpedantic -fno-plt -march=x86-64-v3 -O2 -pipe -fno-plt -fexceptions -Wp,-D_FORTIFY_SOURCE=3 -fstack-clash-protection -fcf-protection -MT lib/libcrypt_la-alg-md5.lo -MD -MP -MF lib/.deps/libcrypt_la-alg-md5.Tpo -c /home/builder/build/src/libxcrypt-4.5.2/lib/alg-md5.c  -fPIC -DPIC -o lib/.libs/libcrypt_la-alg-md5.o
libtool: compile:  clang -DHAVE_CONFIG_H -I. -I/home/builder/build/src/libxcrypt-4.5.2 -I/home/builder/build/src/libxcrypt-4.5.2/lib -DIN_LIBCRYPT -Wall -Wextra -Walloca -Wbad-function-cast -Wcast-align -Wcast-qual -Wconversion -Wformat=2 -Wformat-signedness -Wmissing-declarations -Wmissing-prototypes -Wnested-externs -Wnull-dereference -Wold-style-definition -Wpointer-arith -Wshadow -Wstrict-overflow=2 -Wstrict-prototypes -Wundef -Wvla -Wwrite-strings -Wpedantic -fno-plt -march=x86-64-v3 -O2 -pipe -fno-plt -fexceptions -Wp,-D_FORTIFY_SOURCE=3 -fstack-clash-protection -fcf-protection -MT lib/libcrypt_la-alg-hmac-sha1.lo -MD -MP -MF lib/.deps/libcrypt_la-alg-hmac-sha1.Tpo -c /home/builder/build/src/libxcrypt-4.5.2/lib/alg-hmac-sha1.c  -fPIC -DPIC -o lib/.libs/libcrypt_la-alg-hmac-sha1.o
libtool: compile:  clang -DHAVE_CONFIG_H -I. -I/home/builder/build/src/libxcrypt-4.5.2 -I/home/builder/build/src/libxcrypt-4.5.2/lib -DIN_LIBCRYPT -Wall -Wextra -Walloca -Wbad-function-cast -Wcast-align -Wcast-qual -Wconversion -Wformat=2 -Wformat-signedness -Wmissing-declarations -Wmissing-prototypes -Wnested-externs -Wnull-dereference -Wold-style-definition -Wpointer-arith -Wshadow -Wstrict-overflow=2 -Wstrict-prototypes -Wundef -Wvla -Wwrite-strings -Wpedantic -fno-plt -march=x86-64-v3 -O2 -pipe -fno-plt -fexceptions -Wp,-D_FORTIFY_SOURCE=3 -fstack-clash-protection -fcf-protection -MT lib/libcrypt_la-alg-sha256.lo -MD -MP -MF lib/.deps/libcrypt_la-alg-sha256.Tpo -c /home/builder/build/src/libxcrypt-4.5.2/lib/alg-sha256.c  -fPIC -DPIC -o lib/.libs/libcrypt_la-alg-sha256.o
libtool: compile:  clang -DHAVE_CONFIG_H -I. -I/home/builder/build/src/libxcrypt-4.5.2 -I/home/builder/build/src/libxcrypt-4.5.2/lib -DIN_LIBCRYPT -Wall -Wextra -Walloca -Wbad-function-cast -Wcast-align -Wcast-qual -Wconversion -Wformat=2 -Wformat-signedness -Wmissing-declarations -Wmissing-prototypes -Wnested-externs -Wnull-dereference -Wold-style-definition -Wpointer-arith -Wshadow -Wstrict-overflow=2 -Wstrict-prototypes -Wundef -Wvla -Wwrite-strings -Wpedantic -fno-plt -march=x86-64-v3 -O2 -pipe -fno-plt -fexceptions -Wp,-D_FORTIFY_SOURCE=3 -fstack-clash-protection -fcf-protection -MT lib/libcrypt_la-alg-des-tables.lo -MD -MP -MF lib/.deps/libcrypt_la-alg-des-tables.Tpo -c /home/builder/build/src/libxcrypt-4.5.2/lib/alg-des-tables.c  -fPIC -DPIC -o lib/.libs/libcrypt_la-alg-des-tables.o
libtool: compile:  clang -DHAVE_CONFIG_H -I. -I/home/builder/build/src/libxcrypt-4.5.2 -I/home/builder/build/src/libxcrypt-4.5.2/lib -DIN_LIBCRYPT -Wall -Wextra -Walloca -Wbad-function-cast -Wcast-align -Wcast-qual -Wconversion -Wformat=2 -Wformat-signedness -Wmissing-declarations -Wmissing-prototypes -Wnested-externs -Wnull-dereference -Wold-style-definition -Wpointer-arith -Wshadow -Wstrict-overflow=2 -Wstrict-prototypes -Wundef -Wvla -Wwrite-strings -Wpedantic -fno-plt -march=x86-64-v3 -O2 -pipe -fno-plt -fexceptions -Wp,-D_FORTIFY_SOURCE=3 -fstack-clash-protection -fcf-protection -MT lib/libcrypt_la-alg-gost3411-2012-core.lo -MD -MP -MF lib/.deps/libcrypt_la-alg-gost3411-2012-core.Tpo -c /home/builder/build/src/libxcrypt-4.5.2/lib/alg-gost3411-2012-core.c  -fPIC -DPIC -o lib/.libs/libcrypt_la-alg-gost3411-2012-core.o
libtool: compile:  clang -DHAVE_CONFIG_H -I. -I/home/builder/build/src/libxcrypt-4.5.2 -I/home/builder/build/src/libxcrypt-4.5.2/lib -DIN_LIBCRYPT -Wall -Wextra -Walloca -Wbad-function-cast -Wcast-align -Wcast-qual -Wconversion -Wformat=2 -Wformat-signedness -Wmissing-declarations -Wmissing-prototypes -Wnested-externs -Wnull-dereference -Wold-style-definition -Wpointer-arith -Wshadow -Wstrict-overflow=2 -Wstrict-prototypes -Wundef -Wvla -Wwrite-strings -Wpedantic -fno-plt -march=x86-64-v3 -O2 -pipe -fno-plt -fexceptions -Wp,-D_FORTIFY_SOURCE=3 -fstack-clash-protection -fcf-protection -MT lib/libcrypt_la-alg-sm3-hmac.lo -MD -MP -MF lib/.deps/libcrypt_la-alg-sm3-hmac.Tpo -c /home/builder/build/src/libxcrypt-4.5.2/lib/alg-sm3-hmac.c  -fPIC -DPIC -o lib/.libs/libcrypt_la-alg-sm3-hmac.o
libtool: compile:  clang -DHAVE_CONFIG_H -I. -I/home/builder/build/src/libxcrypt-4.5.2 -I/home/builder/build/src/libxcrypt-4.5.2/lib -DIN_LIBCRYPT -Wall -Wextra -Walloca -Wbad-function-cast -Wcast-align -Wcast-qual -Wconversion -Wformat=2 -Wformat-signedness -Wmissing-declarations -Wmissing-prototypes -Wnested-externs -Wnull-dereference -Wold-style-definition -Wpointer-arith -Wshadow -Wstrict-overflow=2 -Wstrict-prototypes -Wundef -Wvla -Wwrite-strings -Wpedantic -fno-plt -march=x86-64-v3 -O2 -pipe -fno-plt -fexceptions -Wp,-D_FORTIFY_SOURCE=3 -fstack-clash-protection -fcf-protection -MT lib/libcrypt_la-alg-yescrypt-common.lo -MD -MP -MF lib/.deps/libcrypt_la-alg-yescrypt-common.Tpo -c /home/builder/build/src/libxcrypt-4.5.2/lib/alg-yescrypt-common.c  -fPIC -DPIC -o lib/.libs/libcrypt_la-alg-yescrypt-common.o
libtool: compile:  clang -DHAVE_CONFIG_H -I. -I/home/builder/build/src/libxcrypt-4.5.2 -I/home/builder/build/src/libxcrypt-4.5.2/lib -DIN_LIBCRYPT -Wall -Wextra -Walloca -Wbad-function-cast -Wcast-align -Wcast-qual -Wconversion -Wformat=2 -Wformat-signedness -Wmissing-declarations -Wmissing-prototypes -Wnested-externs -Wnull-dereference -Wold-style-definition -Wpointer-arith -Wshadow -Wstrict-overflow=2 -Wstrict-prototypes -Wundef -Wvla -Wwrite-strings -Wpedantic -fno-plt -march=x86-64-v3 -O2 -pipe -fno-plt -fexceptions -Wp,-D_FORTIFY_SOURCE=3 -fstack-clash-protection -fcf-protection -MT lib/libcrypt_la-crypt-bcrypt.lo -MD -MP -MF lib/.deps/libcrypt_la-crypt-bcrypt.Tpo -c /home/builder/build/src/libxcrypt-4.5.2/lib/crypt-bcrypt.c  -fPIC -DPIC -o lib/.libs/libcrypt_la-crypt-bcrypt.o
mv -f lib/.deps/libcrypt_la-alg-sha1.Tpo lib/.deps/libcrypt_la-alg-sha1.Plo
mv -f lib/.deps/libcrypt_la-alg-md4.Tpo lib/.deps/libcrypt_la-alg-md4.Plo
mv -f lib/.deps/libcrypt_la-alg-hmac-sha1.Tpo lib/.deps/libcrypt_la-alg-hmac-sha1.Plo
/bin/sh ./libtool  --tag=CC   --mode=compile clang -DHAVE_CONFIG_H -I. -I/home/builder/build/src/libxcrypt-4.5.2  -I/home/builder/build/src/libxcrypt-4.5.2/lib -DIN_LIBCRYPT  -Wall -Wextra -Walloca -Wbad-function-cast -Wcast-align -Wcast-qual -Wconversion -Wformat=2 -Wformat-signedness -Wmissing-declarations -Wmissing-prototypes -Wnested-externs -Wnull-dereference -Wold-style-definition -Wpointer-arith -Wshadow -Wstrict-overflow=2 -Wstrict-prototypes -Wundef -Wvla -Wwrite-strings -Wpedantic -fno-plt -march=x86-64-v3 -O2 -pipe -fno-plt -fexceptions         -Wp,-D_FORTIFY_SOURCE=3 -fstack-clash-protection -fcf-protection -MT lib/libcrypt_la-crypt-des.lo -MD -MP -MF lib/.deps/libcrypt_la-crypt-des.Tpo -c -o lib/libcrypt_la-crypt-des.lo `test -f 'lib/crypt-des.c' || echo '/home/builder/build/src/libxcrypt-4.5.2/'`lib/crypt-des.c
/bin/sh ./libtool  --tag=CC   --mode=compile clang -DHAVE_CONFIG_H -I. -I/home/builder/build/src/libxcrypt-4.5.2  -I/home/builder/build/src/libxcrypt-4.5.2/lib -DIN_LIBCRYPT  -Wall -Wextra -Walloca -Wbad-function-cast -Wcast-align -Wcast-qual -Wconversion -Wformat=2 -Wformat-signedness -Wmissing-declarations -Wmissing-prototypes -Wnested-externs -Wnull-dereference -Wold-style-definition -Wpointer-arith -Wshadow -Wstrict-overflow=2 -Wstrict-prototypes -Wundef -Wvla -Wwrite-strings -Wpedantic -fno-plt -march=x86-64-v3 -O2 -pipe -fno-plt -fexceptions         -Wp,-D_FORTIFY_SOURCE=3 -fstack-clash-protection -fcf-protection -MT lib/libcrypt_la-crypt-gensalt-static.lo -MD -MP -MF lib/.deps/libcrypt_la-crypt-gensalt-static.Tpo -c -o lib/libcrypt_la-crypt-gensalt-static.lo `test -f 'lib/crypt-gensalt-static.c' || echo '/home/builder/build/src/libxcrypt-4.5.2/'`lib/crypt-gensalt-static.c
/bin/sh ./libtool  --tag=CC   --mode=compile clang -DHAVE_CONFIG_H -I. -I/home/builder/build/src/libxcrypt-4.5.2  -I/home/builder/build/src/libxcrypt-4.5.2/lib -DIN_LIBCRYPT  -Wall -Wextra -Walloca -Wbad-function-cast -Wcast-align -Wcast-qual -Wconversion -Wformat=2 -Wformat-signedness -Wmissing-declarations -Wmissing-prototypes -Wnested-externs -Wnull-dereference -Wold-style-definition -Wpointer-arith -Wshadow -Wstrict-overflow=2 -Wstrict-prototypes -Wundef -Wvla -Wwrite-strings -Wpedantic -fno-plt -march=x86-64-v3 -O2 -pipe -fno-plt -fexceptions         -Wp,-D_FORTIFY_SOURCE=3 -fstack-clash-protection -fcf-protection -MT lib/libcrypt_la-crypt-gost-yescrypt.lo -MD -MP -MF lib/.deps/libcrypt_la-crypt-gost-yescrypt.Tpo -c -o lib/libcrypt_la-crypt-gost-yescrypt.lo `test -f 'lib/crypt-gost-yescrypt.c' || echo '/home/builder/build/src/libxcrypt-4.5.2/'`lib/crypt-gost-yescrypt.c
libtool: compile:  clang -DHAVE_CONFIG_H -I. -I/home/builder/build/src/libxcrypt-4.5.2 -I/home/builder/build/src/libxcrypt-4.5.2/lib -DIN_LIBCRYPT -Wall -Wextra -Walloca -Wbad-function-cast -Wcast-align -Wcast-qual -Wconversion -Wformat=2 -Wformat-signedness -Wmissing-declarations -Wmissing-prototypes -Wnested-externs -Wnull-dereference -Wold-style-definition -Wpointer-arith -Wshadow -Wstrict-overflow=2 -Wstrict-prototypes -Wundef -Wvla -Wwrite-strings -Wpedantic -fno-plt -march=x86-64-v3 -O2 -pipe -fno-plt -fexceptions -Wp,-D_FORTIFY_SOURCE=3 -fstack-clash-protection -fcf-protection -MT lib/libcrypt_la-alg-yescrypt-opt.lo -MD -MP -MF lib/.deps/libcrypt_la-alg-yescrypt-opt.Tpo -c /home/builder/build/src/libxcrypt-4.5.2/lib/alg-yescrypt-opt.c  -fPIC -DPIC -o lib/.libs/libcrypt_la-alg-yescrypt-opt.o
mv -f lib/.deps/libcrypt_la-alg-gost3411-2012-hmac.Tpo lib/.deps/libcrypt_la-alg-gost3411-2012-hmac.Plo
/bin/sh ./libtool  --tag=CC   --mode=compile clang -DHAVE_CONFIG_H -I. -I/home/builder/build/src/libxcrypt-4.5.2  -I/home/builder/build/src/libxcrypt-4.5.2/lib -DIN_LIBCRYPT  -Wall -Wextra -Walloca -Wbad-function-cast -Wcast-align -Wcast-qual -Wconversion -Wformat=2 -Wformat-signedness -Wmissing-declarations -Wmissing-prototypes -Wnested-externs -Wnull-dereference -Wold-style-definition -Wpointer-arith -Wshadow -Wstrict-overflow=2 -Wstrict-prototypes -Wundef -Wvla -Wwrite-strings -Wpedantic -fno-plt -march=x86-64-v3 -O2 -pipe -fno-plt -fexceptions         -Wp,-D_FORTIFY_SOURCE=3 -fstack-clash-protection -fcf-protection -MT lib/libcrypt_la-crypt-sm3-yescrypt.lo -MD -MP -MF lib/.deps/libcrypt_la-crypt-sm3-yescrypt.Tpo -c -o lib/libcrypt_la-crypt-sm3-yescrypt.lo `test -f 'lib/crypt-sm3-yescrypt.c' || echo '/home/builder/build/src/libxcrypt-4.5.2/'`lib/crypt-sm3-yescrypt.c
mv -f lib/.deps/libcrypt_la-alg-des-tables.Tpo lib/.deps/libcrypt_la-alg-des-tables.Plo
mv -f lib/.deps/libcrypt_la-alg-sm3-hmac.Tpo lib/.deps/libcrypt_la-alg-sm3-hmac.Plo
/bin/sh ./libtool  --tag=CC   --mode=compile clang -DHAVE_CONFIG_H -I. -I/home/builder/build/src/libxcrypt-4.5.2  -I/home/builder/build/src/libxcrypt-4.5.2/lib -DIN_LIBCRYPT  -Wall -Wextra -Walloca -Wbad-function-cast -Wcast-align -Wcast-qual -Wconversion -Wformat=2 -Wformat-signedness -Wmissing-declarations -Wmissing-prototypes -Wnested-externs -Wnull-dereference -Wold-style-definition -Wpointer-arith -Wshadow -Wstrict-overflow=2 -Wstrict-prototypes -Wundef -Wvla -Wwrite-strings -Wpedantic -fno-plt -march=x86-64-v3 -O2 -pipe -fno-plt -fexceptions         -Wp,-D_FORTIFY_SOURCE=3 -fstack-clash-protection -fcf-protection -MT lib/libcrypt_la-crypt-md5.lo -MD -MP -MF lib/.deps/libcrypt_la-crypt-md5.Tpo -c -o lib/libcrypt_la-crypt-md5.lo `test -f 'lib/crypt-md5.c' || echo '/home/builder/build/src/libxcrypt-4.5.2/'`lib/crypt-md5.c
/bin/sh ./libtool  --tag=CC   --mode=compile clang -DHAVE_CONFIG_H -I. -I/home/builder/build/src/libxcrypt-4.5.2  -I/home/builder/build/src/libxcrypt-4.5.2/lib -DIN_LIBCRYPT  -Wall -Wextra -Walloca -Wbad-function-cast -Wcast-align -Wcast-qual -Wconversion -Wformat=2 -Wformat-signedness -Wmissing-declarations -Wmissing-prototypes -Wnested-externs -Wnull-dereference -Wold-style-definition -Wpointer-arith -Wshadow -Wstrict-overflow=2 -Wstrict-prototypes -Wundef -Wvla -Wwrite-strings -Wpedantic -fno-plt -march=x86-64-v3 -O2 -pipe -fno-plt -fexceptions         -Wp,-D_FORTIFY_SOURCE=3 -fstack-clash-protection -fcf-protection -MT lib/libcrypt_la-crypt-nthash.lo -MD -MP -MF lib/.deps/libcrypt_la-crypt-nthash.Tpo -c -o lib/libcrypt_la-crypt-nthash.lo `test -f 'lib/crypt-nthash.c' || echo '/home/builder/build/src/libxcrypt-4.5.2/'`lib/crypt-nthash.c
mv -f lib/.deps/libcrypt_la-alg-des.Tpo lib/.deps/libcrypt_la-alg-des.Plo
/bin/sh ./libtool  --tag=CC   --mode=compile clang -DHAVE_CONFIG_H -I. -I/home/builder/build/src/libxcrypt-4.5.2  -I/home/builder/build/src/libxcrypt-4.5.2/lib -DIN_LIBCRYPT  -Wall -Wextra -Walloca -Wbad-function-cast -Wcast-align -Wcast-qual -Wconversion -Wformat=2 -Wformat-signedness -Wmissing-declarations -Wmissing-prototypes -Wnested-externs -Wnull-dereference -Wold-style-definition -Wpointer-arith -Wshadow -Wstrict-overflow=2 -Wstrict-prototypes -Wundef -Wvla -Wwrite-strings -Wpedantic -fno-plt -march=x86-64-v3 -O2 -pipe -fno-plt -fexceptions         -Wp,-D_FORTIFY_SOURCE=3 -fstack-clash-protection -fcf-protection -MT lib/libcrypt_la-crypt-pbkdf1-sha1.lo -MD -MP -MF lib/.deps/libcrypt_la-crypt-pbkdf1-sha1.Tpo -c -o lib/libcrypt_la-crypt-pbkdf1-sha1.lo `test -f 'lib/crypt-pbkdf1-sha1.c' || echo '/home/builder/build/src/libxcrypt-4.5.2/'`lib/crypt-pbkdf1-sha1.c
libtool: compile:  clang -DHAVE_CONFIG_H -I. -I/home/builder/build/src/libxcrypt-4.5.2 -I/home/builder/build/src/libxcrypt-4.5.2/lib -DIN_LIBCRYPT -Wall -Wextra -Walloca -Wbad-function-cast -Wcast-align -Wcast-qual -Wconversion -Wformat=2 -Wformat-signedness -Wmissing-declarations -Wmissing-prototypes -Wnested-externs -Wnull-dereference -Wold-style-definition -Wpointer-arith -Wshadow -Wstrict-overflow=2 -Wstrict-prototypes -Wundef -Wvla -Wwrite-strings -Wpedantic -fno-plt -march=x86-64-v3 -O2 -pipe -fno-plt -fexceptions -Wp,-D_FORTIFY_SOURCE=3 -fstack-clash-protection -fcf-protection -MT lib/libcrypt_la-crypt-sm3-yescrypt.lo -MD -MP -MF lib/.deps/libcrypt_la-crypt-sm3-yescrypt.Tpo -c /home/builder/build/src/libxcrypt-4.5.2/lib/crypt-sm3-yescrypt.c  -fPIC -DPIC -o lib/.libs/libcrypt_la-crypt-sm3-yescrypt.o
libtool: compile:  clang -DHAVE_CONFIG_H -I. -I/home/builder/build/src/libxcrypt-4.5.2 -I/home/builder/build/src/libxcrypt-4.5.2/lib -DIN_LIBCRYPT -Wall -Wextra -Walloca -Wbad-function-cast -Wcast-align -Wcast-qual -Wconversion -Wformat=2 -Wformat-signedness -Wmissing-declarations -Wmissing-prototypes -Wnested-externs -Wnull-dereference -Wold-style-definition -Wpointer-arith -Wshadow -Wstrict-overflow=2 -Wstrict-prototypes -Wundef -Wvla -Wwrite-strings -Wpedantic -fno-plt -march=x86-64-v3 -O2 -pipe -fno-plt -fexceptions -Wp,-D_FORTIFY_SOURCE=3 -fstack-clash-protection -fcf-protection -MT lib/libcrypt_la-crypt-gensalt-static.lo -MD -MP -MF lib/.deps/libcrypt_la-crypt-gensalt-static.Tpo -c /home/builder/build/src/libxcrypt-4.5.2/lib/crypt-gensalt-static.c  -fPIC -DPIC -o lib/.libs/libcrypt_la-crypt-gensalt-static.o
mv -f lib/.deps/libcrypt_la-alg-gost3411-2012-core.Tpo lib/.deps/libcrypt_la-alg-gost3411-2012-core.Plo
libtool: compile:  clang -DHAVE_CONFIG_H -I. -I/home/builder/build/src/libxcrypt-4.5.2 -I/home/builder/build/src/libxcrypt-4.5.2/lib -DIN_LIBCRYPT -Wall -Wextra -Walloca -Wbad-function-cast -Wcast-align -Wcast-qual -Wconversion -Wformat=2 -Wformat-signedness -Wmissing-declarations -Wmissing-prototypes -Wnested-externs -Wnull-dereference -Wold-style-definition -Wpointer-arith -Wshadow -Wstrict-overflow=2 -Wstrict-prototypes -Wundef -Wvla -Wwrite-strings -Wpedantic -fno-plt -march=x86-64-v3 -O2 -pipe -fno-plt -fexceptions -Wp,-D_FORTIFY_SOURCE=3 -fstack-clash-protection -fcf-protection -MT lib/libcrypt_la-crypt-des.lo -MD -MP -MF lib/.deps/libcrypt_la-crypt-des.Tpo -c /home/builder/build/src/libxcrypt-4.5.2/lib/crypt-des.c  -fPIC -DPIC -o lib/.libs/libcrypt_la-crypt-des.o
/bin/sh ./libtool  --tag=CC   --mode=compile clang -DHAVE_CONFIG_H -I. -I/home/builder/build/src/libxcrypt-4.5.2  -I/home/builder/build/src/libxcrypt-4.5.2/lib -DIN_LIBCRYPT  -Wall -Wextra -Walloca -Wbad-function-cast -Wcast-align -Wcast-qual -Wconversion -Wformat=2 -Wformat-signedness -Wmissing-declarations -Wmissing-prototypes -Wnested-externs -Wnull-dereference -Wold-style-definition -Wpointer-arith -Wshadow -Wstrict-overflow=2 -Wstrict-prototypes -Wundef -Wvla -Wwrite-strings -Wpedantic -fno-plt -march=x86-64-v3 -O2 -pipe -fno-plt -fexceptions         -Wp,-D_FORTIFY_SOURCE=3 -fstack-clash-protection -fcf-protection -MT lib/libcrypt_la-crypt-scrypt.lo -MD -MP -MF lib/.deps/libcrypt_la-crypt-scrypt.Tpo -c -o lib/libcrypt_la-crypt-scrypt.lo `test -f 'lib/crypt-scrypt.c' || echo '/home/builder/build/src/libxcrypt-4.5.2/'`lib/crypt-scrypt.c
libtool: compile:  clang -DHAVE_CONFIG_H -I. -I/home/builder/build/src/libxcrypt-4.5.2 -I/home/builder/build/src/libxcrypt-4.5.2/lib -DIN_LIBCRYPT -Wall -Wextra -Walloca -Wbad-function-cast -Wcast-align -Wcast-qual -Wconversion -Wformat=2 -Wformat-signedness -Wmissing-declarations -Wmissing-prototypes -Wnested-externs -Wnull-dereference -Wold-style-definition -Wpointer-arith -Wshadow -Wstrict-overflow=2 -Wstrict-prototypes -Wundef -Wvla -Wwrite-strings -Wpedantic -fno-plt -march=x86-64-v3 -O2 -pipe -fno-plt -fexceptions -Wp,-D_FORTIFY_SOURCE=3 -fstack-clash-protection -fcf-protection -MT lib/libcrypt_la-crypt-gost-yescrypt.lo -MD -MP -MF lib/.deps/libcrypt_la-crypt-gost-yescrypt.Tpo -c /home/builder/build/src/libxcrypt-4.5.2/lib/crypt-gost-yescrypt.c  -fPIC -DPIC -o lib/.libs/libcrypt_la-crypt-gost-yescrypt.o
libtool: compile:  clang -DHAVE_CONFIG_H -I. -I/home/builder/build/src/libxcrypt-4.5.2 -I/home/builder/build/src/libxcrypt-4.5.2/lib -DIN_LIBCRYPT -Wall -Wextra -Walloca -Wbad-function-cast -Wcast-align -Wcast-qual -Wconversion -Wformat=2 -Wformat-signedness -Wmissing-declarations -Wmissing-prototypes -Wnested-externs -Wnull-dereference -Wold-style-definition -Wpointer-arith -Wshadow -Wstrict-overflow=2 -Wstrict-prototypes -Wundef -Wvla -Wwrite-strings -Wpedantic -fno-plt -march=x86-64-v3 -O2 -pipe -fno-plt -fexceptions -Wp,-D_FORTIFY_SOURCE=3 -fstack-clash-protection -fcf-protection -MT lib/libcrypt_la-crypt-md5.lo -MD -MP -MF lib/.deps/libcrypt_la-crypt-md5.Tpo -c /home/builder/build/src/libxcrypt-4.5.2/lib/crypt-md5.c  -fPIC -DPIC -o lib/.libs/libcrypt_la-crypt-md5.o
mv -f lib/.deps/libcrypt_la-alg-md5.Tpo lib/.deps/libcrypt_la-alg-md5.Plo
/bin/sh ./libtool  --tag=CC   --mode=compile clang -DHAVE_CONFIG_H -I. -I/home/builder/build/src/libxcrypt-4.5.2  -I/home/builder/build/src/libxcrypt-4.5.2/lib -DIN_LIBCRYPT  -Wall -Wextra -Walloca -Wbad-function-cast -Wcast-align -Wcast-qual -Wconversion -Wformat=2 -Wformat-signedness -Wmissing-declarations -Wmissing-prototypes -Wnested-externs -Wnull-dereference -Wold-style-definition -Wpointer-arith -Wshadow -Wstrict-overflow=2 -Wstrict-prototypes -Wundef -Wvla -Wwrite-strings -Wpedantic -fno-plt -march=x86-64-v3 -O2 -pipe -fno-plt -fexceptions         -Wp,-D_FORTIFY_SOURCE=3 -fstack-clash-protection -fcf-protection -MT lib/libcrypt_la-crypt-sha256.lo -MD -MP -MF lib/.deps/libcrypt_la-crypt-sha256.Tpo -c -o lib/libcrypt_la-crypt-sha256.lo `test -f 'lib/crypt-sha256.c' || echo '/home/builder/build/src/libxcrypt-4.5.2/'`lib/crypt-sha256.c
libtool: compile:  clang -DHAVE_CONFIG_H -I. -I/home/builder/build/src/libxcrypt-4.5.2 -I/home/builder/build/src/libxcrypt-4.5.2/lib -DIN_LIBCRYPT -Wall -Wextra -Walloca -Wbad-function-cast -Wcast-align -Wcast-qual -Wconversion -Wformat=2 -Wformat-signedness -Wmissing-declarations -Wmissing-prototypes -Wnested-externs -Wnull-dereference -Wold-style-definition -Wpointer-arith -Wshadow -Wstrict-overflow=2 -Wstrict-prototypes -Wundef -Wvla -Wwrite-strings -Wpedantic -fno-plt -march=x86-64-v3 -O2 -pipe -fno-plt -fexceptions -Wp,-D_FORTIFY_SOURCE=3 -fstack-clash-protection -fcf-protection -MT lib/libcrypt_la-crypt-nthash.lo -MD -MP -MF lib/.deps/libcrypt_la-crypt-nthash.Tpo -c /home/builder/build/src/libxcrypt-4.5.2/lib/crypt-nthash.c  -fPIC -DPIC -o lib/.libs/libcrypt_la-crypt-nthash.o
/home/builder/build/src/libxcrypt-4.5.2/lib/crypt-sm3-yescrypt.c:139:9: warning: initializing 'char *' with an expression of type 'const char *' discards qualifiers [-Wincompatible-pointer-types-discards-qualifiers]
  139 |   char *hptr = strchr ((const char *) intbuf->retval + 3, '$');
      |         ^      ~~~~~~~~~~~~~~~~~~~~~~~~~~~~~~~~~~~~~~~~~~~~~~~
/home/builder/build/src/libxcrypt-4.5.2/lib/alg-yescrypt-opt.c:681:3: warning: use of GNU statement expression extension from macro expansion [-Wgnu-statement-expression-from-macro-expansion]
  681 |                 PWXFORM
      |                 ^
/home/builder/build/src/libxcrypt-4.5.2/lib/alg-yescrypt-opt.c:633:2: note: expanded from macro 'PWXFORM'
  633 |         PWXFORM_ROUND \
      |         ^
/home/builder/build/src/libxcrypt-4.5.2/lib/alg-yescrypt-opt.c:588:2: note: expanded from macro 'PWXFORM_ROUND'
  588 |         PWXFORM_SIMD(X0) \
      |         ^
/home/builder/build/src/libxcrypt-4.5.2/lib/alg-yescrypt-opt.c:525:42: note: expanded from macro 'PWXFORM_SIMD'
  525 |         uint32_t lo = (uint32_t)(x = ((uint64_t)EXTRACT64(X)) & Smask2reg); \
      |                                                 ^
/home/builder/build/src/libxcrypt-4.5.2/lib/alg-yescrypt-opt.c:475:23: note: expanded from macro 'EXTRACT64'
  475 | #define EXTRACT64(X) ({ \
      |                       ^
/home/builder/build/src/libxcrypt-4.5.2/lib/alg-yescrypt-opt.c:681:3: libtool: compile:  clang -DHAVE_CONFIG_H -I. -I/home/builder/build/src/libxcrypt-4.5.2 -I/home/builder/build/src/libxcrypt-4.5.2/lib -DIN_LIBCRYPT -Wall -Wextra -Walloca -Wbad-function-cast -Wcast-align -Wcast-qual -Wconversion -Wformat=2 -Wformat-signedness -Wmissing-declarations -Wmissing-prototypes -Wnested-externs -Wnull-dereference -Wold-style-definition -Wpointer-arith -Wshadow -Wstrict-overflow=2 -Wstrict-prototypes -Wundef -Wvla -Wwrite-strings -Wpedantic -fno-plt -march=x86-64-v3 -O2 -pipe -fno-plt -fexceptions -Wp,-D_FORTIFY_SOURCE=3 -fstack-clash-protection -fcf-protection -MT lib/libcrypt_la-crypt-pbkdf1-sha1.lo -MD -MP -MF lib/.deps/libcrypt_la-crypt-pbkdf1-sha1.Tpo -c /home/builder/build/src/libxcrypt-4.5.2/lib/crypt-pbkdf1-sha1.c  -fPIC -DPIC -o lib/.libs/libcrypt_la-crypt-pbkdf1-sha1.o
warning: use of GNU statement expression extension from macro expansion [-Wgnu-statement-expression-from-macro-expansion]
/home/builder/build/src/libxcrypt-4.5.2/lib/alg-yescrypt-opt.c:633:2: note: expanded from macro 'PWXFORM'
  633 |         PWXFORM_ROUND \
      |         ^
/home/builder/build/src/libxcrypt-4.5.2/lib/alg-yescrypt-opt.c:589:2: note: expanded from macro 'PWXFORM_ROUND'
  589 |         PWXFORM_SIMD(X1) \
      |         ^
/home/builder/build/src/libxcrypt-4.5.2/lib/alg-yescrypt-opt.c:525:42: note: expanded from macro 'PWXFORM_SIMD'
  525 |         uint32_t lo = (uint32_t)(x = ((uint64_t)EXTRACT64(X)) & Smask2reg); \
      |                                                 ^
/home/builder/build/src/libxcrypt-4.5.2/lib/alg-yescrypt-opt.c:475:23: note: expanded from macro 'EXTRACT64'
  475 | #define EXTRACT64(X) ({ \
      |                       ^
/home/builder/build/src/libxcrypt-4.5.2/lib/alg-yescrypt-opt.c:681:3: warning: use of GNU statement expression extension from macro expansion [-Wgnu-statement-expression-from-macro-expansion]
/home/builder/build/src/libxcrypt-4.5.2/lib/alg-yescrypt-opt.c:633:2: note: expanded from macro 'PWXFORM'
  633 |         PWXFORM_ROUND \
      |         ^
/home/builder/build/src/libxcrypt-4.5.2/lib/alg-yescrypt-opt.c:590:2: note: expanded from macro 'PWXFORM_ROUND'
  590 |         PWXFORM_SIMD(X2) \
      |         ^
/home/builder/build/src/libxcrypt-4.5.2/lib/alg-yescrypt-opt.c:525:42: note: expanded from macro 'PWXFORM_SIMD'
  525 |         uint32_t lo = (uint32_t)(x = ((uint64_t)EXTRACT64(X)) & Smask2reg); \
      |                                                 ^
/home/builder/build/src/libxcrypt-4.5.2/lib/alg-yescrypt-opt.c:475:23: note: expanded from macro 'EXTRACT64'
  475 | #define EXTRACT64(X) ({ \
      |                       ^
/home/builder/build/src/libxcrypt-4.5.2/lib/alg-yescrypt-opt.c:681:3: warning: use of GNU statement expression extension from macro expansion [-Wgnu-statement-expression-from-macro-expansion]
/home/builder/build/src/libxcrypt-4.5.2/lib/alg-yescrypt-opt.c:633:2: note: expanded from macro 'PWXFORM'
  633 |         PWXFORM_ROUND \
      |         ^
/home/builder/build/src/libxcrypt-4.5.2/lib/alg-yescrypt-opt.c:591:2: note: expanded from macro 'PWXFORM_ROUND'
  591 |         PWXFORM_SIMD(X3)
      |         ^
/home/builder/build/src/libxcrypt-4.5.2/lib/alg-yescrypt-opt.c:525:42: note: expanded from macro 'PWXFORM_SIMD'
  525 |         uint32_t lo = (uint32_t)(x = ((uint64_t)EXTRACT64(X)) & Smask2reg); \
      |                                                 ^
/home/builder/build/src/libxcrypt-4.5.2/lib/alg-yescrypt-opt.c:475:23: note: expanded from macro 'EXTRACT64'
  475 | #define EXTRACT64(X) ({ \
      |                       ^
/home/builder/build/src/libxcrypt-4.5.2/lib/alg-yescrypt-opt.c:681:3: warning: use of GNU statement expression extension from macro expansion [-Wgnu-statement-expression-from-macro-expansion]
/home/builder/build/src/libxcrypt-4.5.2/lib/alg-yescrypt-opt.c:634:2: note: expanded from macro 'PWXFORM'
  634 |         PWXFORM_ROUND PWXFORM_WRITE \
      |         ^
/home/builder/build/src/libxcrypt-4.5.2/lib/alg-yescrypt-opt.c:588:2: note: expanded from macro 'PWXFORM_ROUND'
  588 |         PWXFORM_SIMD(X0) \
      |         ^
/home/builder/build/src/libxcrypt-4.5.2/lib/alg-yescrypt-opt.c:525:42: note: expanded from macro 'PWXFORM_SIMD'
  525 |         uint32_t lo = (uint32_t)(x = ((uint64_t)EXTRACT64(X)) & Smask2reg); \
      |                                                 ^
/home/builder/build/src/libxcrypt-4.5.2/lib/alg-yescrypt-opt.c:475:23: note: expanded from macro 'EXTRACT64'
  475 | #define EXTRACT64(X) ({ \
      |                       ^
/home/builder/build/src/libxcrypt-4.5.2/lib/alg-yescrypt-opt.c:681:3: warning: use of GNU statement expression extension from macro expansion [-Wgnu-statement-expression-from-macro-expansion]
/home/builder/build/src/libxcrypt-4.5.2/lib/alg-yescrypt-opt.c:634:2: note: expanded from macro 'PWXFORM'
  634 |         PWXFORM_ROUND PWXFORM_WRITE \
      |         ^
/home/builder/build/src/libxcrypt-4.5.2/lib/alg-yescrypt-opt.c:589:2: note: expanded from macro 'PWXFORM_ROUND'
  589 |         PWXFORM_SIMD(X1) \
      |         ^
/home/builder/build/src/libxcrypt-4.5.2/lib/alg-yescrypt-opt.c:525:42: note: expanded from macro 'PWXFORM_SIMD'
  525 |         uint32_t lo = (uint32_t)(x = ((uint64_t)EXTRACT64(X)) & Smask2reg); \
      |                                                 ^
/home/builder/build/src/libxcrypt-4.5.2/lib/alg-yescrypt-opt.c:475:23: note: expanded from macro 'EXTRACT64'
  475 | #define EXTRACT64(X) ({ \
      |                       ^
/home/builder/build/src/libxcrypt-4.5.2/lib/alg-yescrypt-opt.c:681:3: warning: use of GNU statement expression extension from macro expansion [-Wgnu-statement-expression-from-macro-expansion]
/home/builder/build/src/libxcrypt-4.5.2/lib/alg-yescrypt-opt.c:634:2: note: expanded from macro 'PWXFORM'
  634 |         PWXFORM_ROUND PWXFORM_WRITE \
      |         ^
/home/builder/build/src/libxcrypt-4.5.2/lib/alg-yescrypt-opt.c:590:2: note: expanded from macro 'PWXFORM_ROUND'
  590 |         PWXFORM_SIMD(X2) \
      |         ^
/home/builder/build/src/libxcrypt-4.5.2/lib/alg-yescrypt-opt.c:525:42: note: expanded from macro 'PWXFORM_SIMD'
  525 |         uint32_t lo = (uint32_t)(x = ((uint64_t)EXTRACT64(X)) & Smask2reg); \
      |                                                 ^
/home/builder/build/src/libxcrypt-4.5.2/lib/alg-yescrypt-opt.c:475:23: note: expanded from macro 'EXTRACT64'
  475 | #define EXTRACT64(X) ({ \
      |                       ^
/home/builder/build/src/libxcrypt-4.5.2/lib/alg-yescrypt-opt.c:681:3: warning: use of GNU statement expression extension from macro expansion [-Wgnu-statement-expression-from-macro-expansion]
/home/builder/build/src/libxcrypt-4.5.2/lib/alg-yescrypt-opt.c:634:2: note: expanded from macro 'PWXFORM'
  634 |         PWXFORM_ROUND PWXFORM_WRITE \
      |         ^
/home/builder/build/src/libxcrypt-4.5.2/lib/alg-yescrypt-opt.c:591:2: note: expanded from macro 'PWXFORM_ROUND'
  591 |         PWXFORM_SIMD(X3)
      |         ^
/home/builder/build/src/libxcrypt-4.5.2/lib/alg-yescrypt-opt.c:525:42: note: expanded from macro 'PWXFORM_SIMD'
  525 |         uint32_t lo = (uint32_t)(x = ((uint64_t)EXTRACT64(X)) & Smask2reg); \
      |                                                 ^
/home/builder/build/src/libxcrypt-4.5.2/lib/alg-yescrypt-opt.c:475:23: note: expanded from macro 'EXTRACT64'
  475 | #define EXTRACT64(X) ({ \
      |                       ^
/home/builder/build/src/libxcrypt-4.5.2/lib/alg-yescrypt-opt.c:681:3: warning: use of GNU statement expression extension from macro expansion [-Wgnu-statement-expression-from-macro-expansion]
/home/builder/build/src/libxcrypt-4.5.2/lib/alg-yescrypt-opt.c:635:2: note: expanded from macro 'PWXFORM'
  635 |         PWXFORM_ROUND PWXFORM_WRITE \
      |         ^
/home/builder/build/src/libxcrypt-4.5.2/lib/alg-yescrypt-opt.c:588:2: note: expanded from macro 'PWXFORM_ROUND'
  588 |         PWXFORM_SIMD(X0) \
      |         ^
/home/builder/build/src/libxcrypt-4.5.2/lib/alg-yescrypt-opt.c:525:42: note: expanded from macro 'PWXFORM_SIMD'
  525 |         uint32_t lo = (uint32_t)(x = ((uint64_t)EXTRACT64(X)) & Smask2reg); \
      |                                                 ^
/home/builder/build/src/libxcrypt-4.5.2/lib/alg-yescrypt-opt.c:475:23: note: expanded from macro 'EXTRACT64'
  475 | #define EXTRACT64(X) ({ \
      |                       ^
/home/builder/build/src/libxcrypt-4.5.2/lib/alg-yescrypt-opt.c:681:3: warning: use of GNU statement expression extension from macro expansion [-Wgnu-statement-expression-from-macro-expansion]
/home/builder/build/src/libxcrypt-4.5.2/lib/alg-yescrypt-opt.c:635:2: note: expanded from macro 'PWXFORM'
  635 |         PWXFORM_ROUND PWXFORM_WRITE \
      |         ^
/home/builder/build/src/libxcrypt-4.5.2/lib/alg-yescrypt-opt.c:589:2: note: expanded from macro 'PWXFORM_ROUND'
  589 |         PWXFORM_SIMD(X1) \
      |         ^
/home/builder/build/src/libxcrypt-4.5.2/lib/alg-yescrypt-opt.c:525:42: note: expanded from macro 'PWXFORM_SIMD'
  525 |         uint32_t lo = (uint32_t)(x = ((uint64_t)EXTRACT64(X)) & Smask2reg); \
      |                                                 ^
/home/builder/build/src/libxcrypt-4.5.2/lib/alg-yescrypt-opt.c:475:23: note: expanded from macro 'EXTRACT64'
  475 | #define EXTRACT64(X) ({ \
      |                       ^
1 warning generated.
/home/builder/build/src/libxcrypt-4.5.2/lib/alg-yescrypt-opt.c:681:3: warning: use of GNU statement expression extension from macro expansion [-Wgnu-statement-expression-from-macro-expansion]
/home/builder/build/src/libxcrypt-4.5.2/lib/alg-yescrypt-opt.c:635:2: note: expanded from macro 'PWXFORM'
  635 |         PWXFORM_ROUND PWXFORM_WRITE \
      |         ^
/home/builder/build/src/libxcrypt-4.5.2/lib/alg-yescrypt-opt.c:590:2: note: expanded from macro 'PWXFORM_ROUND'
  590 |         PWXFORM_SIMD(X2) \
      |         ^
/home/builder/build/src/libxcrypt-4.5.2/lib/alg-yescrypt-opt.c:525:42: note: expanded from macro 'PWXFORM_SIMD'
  525 |         uint32_t lo = (uint32_t)(x = ((uint64_t)EXTRACT64(X)) & Smask2reg); \
      |                                                 ^
/home/builder/build/src/libxcrypt-4.5.2/lib/alg-yescrypt-opt.c:475:23: note: expanded from macro 'EXTRACT64'
  475 | #define EXTRACT64(X) ({ \
      |                       ^
/home/builder/build/src/libxcrypt-4.5.2/lib/alg-yescrypt-opt.c:681:3: warning: use of GNU statement expression extension from macro expansion [-Wgnu-statement-expression-from-macro-expansion]
/home/builder/build/src/libxcrypt-4.5.2/lib/alg-yescrypt-opt.c:635:2: note: expanded from macro 'PWXFORM'
  635 |         PWXFORM_ROUND PWXFORM_WRITE \
      |         ^
/home/builder/build/src/libxcrypt-4.5.2/lib/alg-yescrypt-opt.c:591:2: note: expanded from macro 'PWXFORM_ROUND'
  591 |         PWXFORM_SIMD(X3)
      |         ^
/home/builder/build/src/libxcrypt-4.5.2/lib/alg-yescrypt-opt.c:525:42: note: expanded from macro 'PWXFORM_SIMD'
  525 |         uint32_t lo = (uint32_t)(x = ((uint64_t)EXTRACT64(X)) & Smask2reg); \
      |                                                 ^
/home/builder/build/src/libxcrypt-4.5.2/lib/alg-yescrypt-opt.c:475:23: note: expanded from macro 'EXTRACT64'
  475 | #define EXTRACT64(X) ({ \
      |                       ^
/bin/sh ./libtool  --tag=CC   --mode=compile clang -DHAVE_CONFIG_H -I. -I/home/builder/build/src/libxcrypt-4.5.2  -I/home/builder/build/src/libxcrypt-4.5.2/lib -DIN_LIBCRYPT  -Wall -Wextra -Walloca -Wbad-function-cast -Wcast-align -Wcast-qual -Wconversion -Wformat=2 -Wformat-signedness -Wmissing-declarations -Wmissing-prototypes -Wnested-externs -Wnull-dereference -Wold-style-definition -Wpointer-arith -Wshadow -Wstrict-overflow=2 -Wstrict-prototypes -Wundef -Wvla -Wwrite-strings -Wpedantic -fno-plt -march=x86-64-v3 -O2 -pipe -fno-plt -fexceptions         -Wp,-D_FORTIFY_SOURCE=3 -fstack-clash-protection -fcf-protection -MT lib/libcrypt_la-crypt-sha512.lo -MD -MP -MF lib/.deps/libcrypt_la-crypt-sha512.Tpo -c -o lib/libcrypt_la-crypt-sha512.lo `test -f 'lib/crypt-sha512.c' || echo '/home/builder/build/src/libxcrypt-4.5.2/'`lib/crypt-sha512.c
/home/builder/build/src/libxcrypt-4.5.2/lib/alg-yescrypt-opt.c:681:3: warning: use of GNU statement expression extension from macro expansion [-Wgnu-statement-expression-from-macro-expansion]
/home/builder/build/src/libxcrypt-4.5.2/lib/alg-yescrypt-opt.c:636:2: note: expanded from macro 'PWXFORM'
  636 |         PWXFORM_ROUND PWXFORM_WRITE \
      |         ^
/home/builder/build/src/libxcrypt-4.5.2/lib/alg-yescrypt-opt.c:588:2: note: expanded from macro 'PWXFORM_ROUND'
  588 |         PWXFORM_SIMD(X0) \
      |         ^
/home/builder/build/src/libxcrypt-4.5.2/lib/alg-yescrypt-opt.c:525:42: note: expanded from macro 'PWXFORM_SIMD'
  525 |         uint32_t lo = (uint32_t)(x = ((uint64_t)EXTRACT64(X)) & Smask2reg); \
      |                                                 ^
/home/builder/build/src/libxcrypt-4.5.2/lib/alg-yescrypt-opt.c:475:23: note: expanded from macro 'EXTRACT64'
  475 | #define EXTRACT64(X) ({ \
      |                       ^
/home/builder/build/src/libxcrypt-4.5.2/lib/alg-yescrypt-opt.c:681:3: warning: use of GNU statement expression extension from macro expansion [-Wgnu-statement-expression-from-macro-expansion]
/home/builder/build/src/libxcrypt-4.5.2/lib/alg-yescrypt-opt.c:636:2: note: expanded from macro 'PWXFORM'
  636 |         PWXFORM_ROUND PWXFORM_WRITE \
      |         ^
/home/builder/build/src/libxcrypt-4.5.2/lib/alg-yescrypt-opt.c:589:2: note: expanded from macro 'PWXFORM_ROUND'
  589 |         PWXFORM_SIMD(X1) \
      |         ^
/home/builder/build/src/libxcrypt-4.5.2/lib/alg-yescrypt-opt.c:525:42: note: expanded from macro 'PWXFORM_SIMD'
  525 |         uint32_t lo = (uint32_t)(x = ((uint64_t)EXTRACT64(X)) & Smask2reg); \
      |                                                 ^
/home/builder/build/src/libxcrypt-4.5.2/lib/alg-yescrypt-opt.c:475:23: note: expanded from macro 'EXTRACT64'
  475 | #define EXTRACT64(X) ({ \
      |                       ^
/home/builder/build/src/libxcrypt-4.5.2/lib/alg-yescrypt-opt.c:681:3: warning: use of GNU statement expression extension from macro expansion [-Wgnu-statement-expression-from-macro-expansion]
/home/builder/build/src/libxcrypt-4.5.2/lib/alg-yescrypt-opt.c:636:2: note: expanded from macro 'PWXFORM'
  636 |         PWXFORM_ROUND PWXFORM_WRITE \
      |         ^
/home/builder/build/src/libxcrypt-4.5.2/lib/alg-yescrypt-opt.c:590:2: note: expanded from macro 'PWXFORM_ROUND'
  590 |         PWXFORM_SIMD(X2) \
      |         ^
/home/builder/build/src/libxcrypt-4.5.2/lib/alg-yescrypt-opt.c:525:42: note: expanded from macro 'PWXFORM_SIMD'
  525 |         uint32_t lo = (uint32_t)(x = ((uint64_t)EXTRACT64(X)) & Smask2reg); \
      |                                                 ^
/home/builder/build/src/libxcrypt-4.5.2/lib/alg-yescrypt-opt.c:475:23: note: expanded from macro 'EXTRACT64'
  475 | #define EXTRACT64(X) ({ \
      |                       ^
/home/builder/build/src/libxcrypt-4.5.2/lib/alg-yescrypt-opt.c:681:3: warning: use of GNU statement expression extension from macro expansion [-Wgnu-statement-expression-from-macro-expansion]
/home/builder/build/src/libxcrypt-4.5.2/lib/alg-yescrypt-opt.c:636:2: note: expanded from macro 'PWXFORM'
  636 |         PWXFORM_ROUND PWXFORM_WRITE \
      |         ^
/home/builder/build/src/libxcrypt-4.5.2/lib/alg-yescrypt-opt.c:591:2: note: expanded from macro 'PWXFORM_ROUND'
  591 |         PWXFORM_SIMD(X3)
      |         ^
/home/builder/build/src/libxcrypt-4.5.2/lib/alg-yescrypt-opt.c:525:42: note: expanded from macro 'PWXFORM_SIMD'
  525 |         uint32_t lo = (uint32_t)(x = ((uint64_t)EXTRACT64(X)) & Smask2reg); \
      |                                                 ^
/home/builder/build/src/libxcrypt-4.5.2/lib/alg-yescrypt-opt.c:475:23: note: expanded from macro 'EXTRACT64'
  475 | #define EXTRACT64(X) ({ \
      |                       ^
mv -f lib/.deps/libcrypt_la-crypt-gensalt-static.Tpo lib/.deps/libcrypt_la-crypt-gensalt-static.Plo
/home/builder/build/src/libxcrypt-4.5.2/lib/alg-yescrypt-opt.c:681:3: warning: use of GNU statement expression extension from macro expansion [-Wgnu-statement-expression-from-macro-expansion]
/home/builder/build/src/libxcrypt-4.5.2/lib/alg-yescrypt-opt.c:637:2: note: expanded from macro 'PWXFORM'
  637 |         PWXFORM_ROUND PWXFORM_WRITE \
      |         ^
/home/builder/build/src/libxcrypt-4.5.2/lib/alg-yescrypt-opt.c:588:2: note: expanded from macro 'PWXFORM_ROUND'
  588 |         PWXFORM_SIMD(X0) \
      |         ^
/home/builder/build/src/libxcrypt-4.5.2/lib/alg-yescrypt-opt.c:525:42: note: expanded from macro 'PWXFORM_SIMD'
  525 |         uint32_t lo = (uint32_t)(x = ((uint64_t)EXTRACT64(X)) & Smask2reg); \
      |                                                 ^
/home/builder/build/src/libxcrypt-4.5.2/lib/alg-yescrypt-opt.c:475:23: note: expanded from macro 'EXTRACT64'
  475 | #define EXTRACT64(X) ({ \
      |                       ^
/home/builder/build/src/libxcrypt-4.5.2/lib/alg-yescrypt-opt.c:681:3: warning: use of GNU statement expression extension from macro expansion [-Wgnu-statement-expression-from-macro-expansion]
/home/builder/build/src/libxcrypt-4.5.2/lib/alg-yescrypt-opt.c:637:2: note: expanded from macro 'PWXFORM'
  637 |         PWXFORM_ROUND PWXFORM_WRITE \
      |         ^
/home/builder/build/src/libxcrypt-4.5.2/lib/alg-yescrypt-opt.c:589:2: note: expanded from macro 'PWXFORM_ROUND'
  589 |         PWXFORM_SIMD(X1) \
      |         ^
/home/builder/build/src/libxcrypt-4.5.2/lib/alg-yescrypt-opt.c:525:42: note: expanded from macro 'PWXFORM_SIMD'
  525 |         uint32_t lo = (uint32_t)(x = ((uint64_t)EXTRACT64(X)) & Smask2reg); \
      |                                                 ^
/home/builder/build/src/libxcrypt-4.5.2/lib/alg-yescrypt-opt.c:475:23: note: expanded from macro 'EXTRACT64'
  475 | #define EXTRACT64(X) ({ \
      |                       ^
/home/builder/build/src/libxcrypt-4.5.2/lib/alg-yescrypt-opt.c:681:3: warning: use of GNU statement expression extension from macro expansion [-Wgnu-statement-expression-from-macro-expansion]
/home/builder/build/src/libxcrypt-4.5.2/lib/alg-yescrypt-opt.c:637:2: note: expanded from macro 'PWXFORM'
  637 |         PWXFORM_ROUND PWXFORM_WRITE \
      |         ^
/home/builder/build/src/libxcrypt-4.5.2/lib/alg-yescrypt-opt.c:590:2: note: expanded from macro 'PWXFORM_ROUND'
  590 |         PWXFORM_SIMD(X2) \
      |         ^
/home/builder/build/src/libxcrypt-4.5.2/lib/alg-yescrypt-opt.c:525:42: note: expanded from macro 'PWXFORM_SIMD'
  525 |         uint32_t lo = (uint32_t)(x = ((uint64_t)EXTRACT64(X)) & Smask2reg); \
      |                                                 ^
/home/builder/build/src/libxcrypt-4.5.2/lib/alg-yescrypt-opt.c:475:23: note: expanded from macro 'EXTRACT64'
  475 | #define EXTRACT64(X) ({ \
      |                       ^
/home/builder/build/src/libxcrypt-4.5.2/lib/alg-yescrypt-opt.c:681:3: warning: use of GNU statement expression extension from macro expansion [-Wgnu-statement-expression-from-macro-expansion]
/home/builder/build/src/libxcrypt-4.5.2/lib/alg-yescrypt-opt.c:637:2: note: expanded from macro 'PWXFORM'
  637 |         PWXFORM_ROUND PWXFORM_WRITE \
      |         ^
/home/builder/build/src/libxcrypt-4.5.2/lib/alg-yescrypt-opt.c:591:2: note: expanded from macro 'PWXFORM_ROUND'
  591 |         PWXFORM_SIMD(X3)
      |         ^
/home/builder/build/src/libxcrypt-4.5.2/lib/alg-yescrypt-opt.c:525:42: note: expanded from macro 'PWXFORM_SIMD'
  525 |         uint32_t lo = (uint32_t)(x = ((uint64_t)EXTRACT64(X)) & Smask2reg); \
      |                                                 ^
/home/builder/build/src/libxcrypt-4.5.2/lib/alg-yescrypt-opt.c:475:23: note: expanded from macro 'EXTRACT64'
  475 | #define EXTRACT64(X) ({ \
      |                       ^
/home/builder/build/src/libxcrypt-4.5.2/lib/alg-yescrypt-opt.c:681:3: warning: use of GNU statement expression extension from macro expansion [-Wgnu-statement-expression-from-macro-expansion]
/home/builder/build/src/libxcrypt-4.5.2/lib/alg-yescrypt-opt.c:638:2: note: expanded from macro 'PWXFORM'
  638 |         PWXFORM_ROUND \
      |         ^
/home/builder/build/src/libxcrypt-4.5.2/lib/alg-yescrypt-opt.c:588:2: note: expanded from macro 'PWXFORM_ROUND'
  588 |         PWXFORM_SIMD(X0) \
      libtool: compile:  clang -DHAVE_CONFIG_H -I. -I/home/builder/build/src/libxcrypt-4.5.2 -I/home/builder/build/src/libxcrypt-4.5.2/lib -DIN_LIBCRYPT -Wall -Wextra -Walloca -Wbad-function-cast -Wcast-align -Wcast-qual -Wconversion -Wformat=2 -Wformat-signedness -Wmissing-declarations -Wmissing-prototypes -Wnested-externs -Wnull-dereference -Wold-style-definition -Wpointer-arith -Wshadow -Wstrict-overflow=2 -Wstrict-prototypes -Wundef -Wvla -Wwrite-strings -Wpedantic -fno-plt -march=x86-64-v3 -O2 -pipe -fno-plt -fexceptions -Wp,-D_FORTIFY_SOURCE=3 -fstack-clash-protection -fcf-protection -MT lib/libcrypt_la-crypt-scrypt.lo -MD -MP -MF lib/.deps/libcrypt_la-crypt-scrypt.Tpo -c /home/builder/build/src/libxcrypt-4.5.2/lib/crypt-scrypt.c  -fPIC -DPIC -o lib/.libs/libcrypt_la-crypt-scrypt.o
|         ^
/home/builder/build/src/libxcrypt-4.5.2/lib/alg-yescrypt-opt.c:525:42: note: expanded from macro 'PWXFORM_SIMD'
  525 |         uint32_t lo = (uint32_t)(x = ((uint64_t)EXTRACT64(X)) & Smask2reg); \
      |                                                 ^
/home/builder/build/src/libxcrypt-4.5.2/lib/alg-yescrypt-opt.c:475:23: note: expanded from macro 'EXTRACT64'
  475 | #define EXTRACT64(X) ({ \
      |                       ^
/home/builder/build/src/libxcrypt-4.5.2/lib/alg-yescrypt-opt.c:681:3: warning: use of GNU statement expression extension from macro expansion [-Wgnu-statement-expression-from-macro-expansion]
/home/builder/build/src/libxcrypt-4.5.2/lib/alg-yescrypt-opt.c:638:2: note: expanded from macro 'PWXFORM'
  638 |         PWXFORM_ROUND \
      |         ^
/home/builder/build/src/libxcrypt-4.5.2/lib/alg-yescrypt-opt.c:589:2: note: expanded from macro 'PWXFORM_ROUND'
  589 |         PWXFORM_SIMD(X1) \
      |         ^
/home/builder/build/src/libxcrypt-4.5.2/lib/alg-yescrypt-opt.c:525:42: note: expanded from macro 'PWXFORM_SIMD'
  525 |         uint32_t lo = (uint32_t)(x = ((uint64_t)EXTRACT64(X)) & Smask2reg); \
      |                                                 ^
/home/builder/build/src/libxcrypt-4.5.2/lib/alg-yescrypt-opt.c:475:23: note: expanded from macro 'EXTRACT64'
  475 | /bin/sh ./libtool  --tag=CC   --mode=compile clang -DHAVE_CONFIG_H -I. -I/home/builder/build/src/libxcrypt-4.5.2  -I/home/builder/build/src/libxcrypt-4.5.2/lib -DIN_LIBCRYPT  -Wall -Wextra -Walloca -Wbad-function-cast -Wcast-align -Wcast-qual -Wconversion -Wformat=2 -Wformat-signedness -Wmissing-declarations -Wmissing-prototypes -Wnested-externs -Wnull-dereference -Wold-style-definition -Wpointer-arith -Wshadow -Wstrict-overflow=2 -Wstrict-prototypes -Wundef -Wvla -Wwrite-strings -Wpedantic -fno-plt -march=x86-64-v3 -O2 -pipe -fno-plt -fexceptions         -Wp,-D_FORTIFY_SOURCE=3 -fstack-clash-protection -fcf-protection -MT lib/libcrypt_la-crypt-sm3.lo -MD -MP -MF lib/.deps/libcrypt_la-crypt-sm3.Tpo -c -o lib/libcrypt_la-crypt-sm3.lo `test -f 'lib/crypt-sm3.c' || echo '/home/builder/build/src/libxcrypt-4.5.2/'`lib/crypt-sm3.c
#dmv -f lib/.deps/libcrypt_la-crypt-sm3-yescrypt.Tpo lib/.deps/libcrypt_la-crypt-sm3-yescrypt.Plo
efine EXTRACT64(X) ({ \
      |                       ^
/home/builder/build/src/libxcrypt-4.5.2/lib/alg-yescrypt-opt.c:681:3: warning: use of GNU statement expression extension from macro expansion [-Wgnu-statement-expression-from-macro-expansion]
/home/builder/build/src/libxcrypt-4.5.2/lib/alg-yescrypt-opt.c:638:2: note: expanded from macro 'PWXFORM'
  638 |         PWXFORM_ROUND \
      |         ^
/home/builder/build/src/libxcrypt-4.5.2/lib/alg-yescrypt-opt.c:590:2: note: expanded from macro 'PWXFORM_ROUND'
  590 |         PWXFORM_SIMD(X2) \
      |         ^
/home/builder/build/src/libxcrypt-4.5.2/lib/alg-yescrypt-opt.c:525:42: note: expanded from macro 'PWXFORM_SIMD'
  525 |         uint32_t lo = (uint32_t)(x = ((uint64_t)EXTRACT64(X)) & Smask2reg); \
      |                                                 ^
/home/builder/build/src/libxcrypt-4.5.2/lib/alg-yescrypt-opt.c:475:23: note: expanded from macro 'EXTRACT64'
  475 | #define EXTRACT64(X) ({ \
      |                       ^
/home/builder/build/src/libxcrypt-4.5.2/lib/alg-yescrypt-opt.c:681:3: warning: use of GNU statement expression extension from macro expansion [-Wgnu-statement-expression-from-macro-expansion]
/home/builder/build/src/libxcrypt-4.5.2/lib/alg-yescrypt-opt.c:638:2: note: expanded from macro 'PWXFORM'
  638 |         PWXFORM_ROUND \
      |         ^
/home/builder/build/src/libxcrypt-4.5.2/lib/alg-yescrypt-opt.c:591:2: note: expanded from macro 'PWXFORM_ROUND'
  591 |         PWXFORM_SIMD(X3)
      |         ^
/home/builder/build/src/libxcrypt-4.5.2/lib/alg-yescrypt-opt.c:525:42: note: expanded from macro 'PWXFORM_SIMD'
  525 |         uint32_t lo = (uint32_t)(x = ((uint64_t)EXTRACT64(X)) & Smask2reg); \
      |                                                 ^
/home/builder/build/src/libxcrypt-4.5.2/lib/alg-yescrypt-opt.c:475:23: note: expanded from macro 'EXTRACT64'
  475 | #define EXTRACT64(X) ({ \
      |                       ^
/home/builder/build/src/libxcrypt-4.5.2/lib/crypt-gost-yescrypt.c:134:9: warning: initializing 'char *' with an expression of type 'const char *' discards qualifiers [-Wincompatible-pointer-types-discards-qualifiers]
  134 |   mv -f lib/.deps/libcrypt_la-crypt-des.Tpo lib/.deps/libcrypt_la-crypt-des.Plo
char *hptr = strchr ((const char *) intbuf->retval + 3, '$');
      |         ^      ~~~~~~~~~~~~~~~~~~~~~~~~~~~~~~~~~~~~~~~~~~~~~~~
/bin/sh ./libtool  --tag=CC   --mode=compile clang -DHAVE_CONFIG_H -I. -I/home/builder/build/src/libxcrypt-4.5.2  -I/home/builder/build/src/libxcrypt-4.5.2/lib -DIN_LIBCRYPT  -Wall -Wextra -Walloca -Wbad-function-cast -Wcast-align -Wcast-qual -Wconversion -Wformat=2 -Wformat-signedness -Wmissing-declarations -Wmissing-prototypes -Wnested-externs -Wnull-dereference -Wold-style-definition -Wpointer-arith -Wshadow -Wstrict-overflow=2 -Wstrict-prototypes -Wundef -Wvla -Wwrite-strings -Wpedantic -fno-plt -march=x86-64-v3 -O2 -pipe -fno-plt -fexceptions         -Wp,-D_FORTIFY_SOURCE=3 -fstack-clash-protection -fcf-protection -MT lib/libcrypt_la-crypt-static.lo -MD -MP -MF lib/.deps/libcrypt_la-crypt-static.Tpo -c -o lib/libcrypt_la-crypt-static.lo `test -f 'lib/crypt-static.c' || echo '/home/builder/build/src/libxcrypt-4.5.2/'`lib/crypt-static.c
/home/builder/build/src/libxcrypt-4.5.2/lib/alg-yescrypt-opt.c:734:3: warning: use of GNU statement expression extension from macro expansion [-Wgnu-statement-expression-from-macro-expansion]
  734 |                 PWXFORM
      |                 ^
/home/builder/build/src/libxcrypt-4.5.2/lib/alg-yescrypt-opt.c:633:2: note: expanded from macro 'PWXFORM'
  633 |         PWXFORM_ROUND \
      |         ^
/home/builder/build/src/libxcrypt-4.5.2/lib/alg-yescrypt-opt.c:588:2: note: expanded from macro 'PWXFORM_ROUND'
  588 |         PWXFORM_SIMD(X0) \
      |         ^
/home/builder/build/src/libxcrypt-4.5.2/lib/alg-yescrypt-opt.c:525:42: note: expanded from macro 'PWXFORM_SIMD'
  525 |         uint32_t lo = (uint32_t)(x = ((uint64_t)EXTRACT64(X)) & Smask2reg); \
      |                                                 ^
/home/builder/build/src/libxcrypt-4.5.2/lib/alg-yescrypt-opt.c:475:23: note: expanded from macro 'EXTRACT64'
  475 | #define EXTRACT64(X) ({ \
      |                       ^
/home/builder/build/src/libxcrypt-4.5.2/lib/alg-yescrypt-opt.c:734:3: warning: use of GNU statement expression extension from macro expansion [-Wgnu-statement-expression-from-macro-expansion]
/home/builder/build/src/libxcrypt-4.5.2/lib/alg-yescrypt-opt.c:633:2: note: expanded from macro 'PWXFORM'
  633 |         PWXFORM_ROUND \
      |         ^
/home/builder/build/src/libxcrypt-4.5.2/lib/alg-yescrypt-opt.c:589:2: note: expanded from macro 'PWXFORM_ROUND'
  589 |         PWXFORM_SIMD(X1) \
      |         ^
/home/builder/build/src/libxcrypt-4.5.2/lib/alg-yescrypt-opt.c:525:42: note: expanded from macro 'PWXFORM_SIMD'
  525 |         uint32_t lo = (uint32_t)(x = ((uint64_t)EXTRACT64(X)) & Smask2reg); \
      |                                                 ^
/home/builder/build/src/libxcrypt-4.5.2/lib/alg-yescrypt-opt.c:475:23: note: expanded from macro 'EXTRACT64'
  475 | #define EXTRACT64(X) ({ \
      |                       ^
/home/builder/build/src/libxcrypt-4.5.2/lib/alg-yescrypt-opt.c:734:3: warning: use of GNU statement expression extension from macro expansion [-Wgnu-statement-expression-from-macro-expansion]
/home/builder/build/src/libxcrypt-4.5.2/lib/alg-yescrypt-opt.c:633:2: note: expanded from macro 'PWXFORM'
/bin/sh ./libtool  --tag=CC   --mode=compile clang -DHAVE_CONFIG_H -I. -I/home/builder/build/src/libxcrypt-4.5.2  -I/home/builder/build/src/libxcrypt-4.5.2/lib -DIN_LIBCRYPT  -Wall -Wextra -Walloca -Wbad-function-cast -Wcast-align -Wcast-qual -Wconversion -Wformat=2 -Wformat-signedness -Wmissing-declarations -Wmissing-prototypes -Wnested-externs -Wnull-dereference -Wold-style-definition -Wpointer-arith -Wshadow -Wstrict-overflow=2 -Wstrict-prototypes -Wundef -Wvla -Wwrite-strings -Wpedantic -fno-plt -march=x86-64-v3 -O2 -pipe -fno-plt -fexceptions         -Wp,-D_FORTIFY_SOURCE=3 -fstack-clash-protection -fcf-protection -MT lib/libcrypt_la-crypt-sunmd5.lo -MD -MP -MF lib/.deps/libcrypt_la-crypt-sunmd5.Tpo -c -o lib/libcrypt_la-crypt-sunmd5.lo `test -f 'lib/crypt-sunmd5.c' || echo '/home/builder/build/src/libxcrypt-4.5.2/'`lib/crypt-sunmd5.c
  633 |         PWXFORM_ROUND \
      |         ^
/home/builder/build/src/libxcrypt-4.5.2/lib/alg-yescrypt-opt.c:590:2: note: expanded from macro 'PWXFORM_ROUND'
  590 |         PWXFORM_SIMD(X2) \
      |         ^
/home/builder/build/src/libxcrypt-4.5.2/lib/alg-yescrypt-opt.c:525:42: note: expanded from macro 'PWXFORM_SIMD'
  525 |         uint32_t lo = (uint32_t)(x = ((uint64_t)EXTRACT64(X)) & Smask2reg); \
      |                                                 ^
/home/builder/build/src/libxcrypt-4.5.2/lib/alg-yescrypt-opt.c:475:23: note: expanded from macro 'EXTRACT64'
  475 | #define EXTRACT64(X) ({ \
      |                       ^
/home/builder/build/src/libxcrypt-4.5.2/lib/alg-yescrypt-opt.c:734:3: warning: use of GNU statement expression extension from macro expansion [-Wgnu-statement-expression-from-macro-expansion]
/home/builder/build/src/libxcrypt-4.5.2/lib/alg-yescrypt-opt.c:633:2: note: expanded from macro 'PWXFORM'
  633 |         PWXFORM_ROUND \
      |         ^
/home/builder/build/src/libxcrypt-4.5.2/lib/alg-yescrypt-opt.c:591:2: note: expanded from macro 'PWXFORM_ROUND'
  591 |         PWXFORM_SIMD(X3)
      |         ^
/home/builder/build/src/libxcrypt-4.5.2/lib/alg-yescrypt-opt.c:525:42: note: expanded from macro 'PWXFORM_SIMD'
  525 |         uint32_t lo = (uint32_t)(x = ((uint64_t)EXTRACT64(X)) & Smask2reg); \
      |                                                 ^
/home/builder/build/src/libxcrypt-4.5.2/lib/alg-yescrypt-opt.c:475:23: note: expanded from macro 'EXTRACT64'
  475 | #define EXTRACT64(X) ({ \
      |                       ^
/home/builder/build/src/libxcrypt-4.5.2/lib/alg-yescrypt-opt.c:734:3: warning: use of GNU statement expression extension from macro expansion [-Wgnu-statement-expression-from-macro-expansion]
/home/builder/build/src/libxcrypt-4.5.2/lib/alg-yescrypt-opt.c:634:2: note: expanded from macro 'PWXFORM'
  634 |         PWXFORM_ROUND PWXFORM_WRITE \
      |         ^
/home/builder/build/src/libxcrypt-4.5.2/lib/alg-yescrypt-opt.c:588:2: note: expanded from macro 'PWXFORM_ROUND'
  588 |         PWXFORM_SIMD(X0) \
      |         ^
/home/builder/build/src/libxcrypt-4.5.2/lib/alg-yescrypt-opt.c:525:42: note: expanded from macro 'PWXFORM_SIMD'
  525 |         uint32_t lo = (uint32_t)(x = ((uint64_t)EXTRACT64(X)) & Smask2reg); \
      |                                                 ^
/home/builder/build/src/libxcrypt-4.5.2/lib/alg-yescrypt-opt.c:475:23: note: expanded from macro 'EXTRACT64'
  475 | #define EXTRACT64(X) ({ \
      |                       ^
/home/builder/build/src/libxcrypt-4.5.2/lib/alg-yescrypt-opt.c:734:3: warning: use of GNU statement expression extension from macro expansion [-Wgnu-statement-expression-from-macro-expansion]
/home/builder/build/src/libxcrypt-4.5.2/lib/alg-yescrypt-opt.c:634:2: note: expanded from macro 'PWXFORM'
  634 |         PWXFORM_ROUND PWXFORM_WRITE \
      |         ^
/home/builder/build/src/libxcrypt-4.5.2/lib/alg-yescrypt-opt.c:589:2: note: expanded from macro 'PWXFORM_ROUND'
  589 |         PWXFORM_SIMD(X1) \
      |         ^
/home/builder/build/src/libxcrypt-4.5.2/lib/alg-yescrypt-opt.c:525:42: note: expanded from macro 'PWXFORM_SIMD'
  525 |         uint32_t lo = (uint32_t)(x = ((uint64_t)EXTRACT64(X)) & Smask2reg); \
      |                                                 ^
/home/builder/build/src/libxcrypt-4.5.2/lib/alg-yescrypt-opt.c:475:23: note: expanded from macro 'EXTRACT64'
  475 | #define EXTRACT64(X) ({ \
      |                       ^
/home/builder/build/src/libxcrypt-4.5.2/lib/alg-yescrypt-opt.c:734:3: warning: use of GNU statement expression extension from macro expansion [-Wgnu-statement-expression-from-macro-expansion]
/home/builder/build/src/libxcrypt-4.5.2/lib/alg-yescrypt-opt.c:634:2: note: expanded from macro 'PWXFORM'
  634 |         PWXFORM_ROUND PWXFORM_WRITE \
      |         ^
/home/builder/build/src/libxcrypt-4.5.2/lib/alg-yescrypt-opt.c:590:2: note: expanded from macro 'PWXFORM_ROUND'
  590 |         PWXFORM_SIMD(X2) \
      |         ^
/home/builder/build/src/libxcrypt-4.5.2/lib/alg-yescrypt-opt.c:525:42: note: expanded from macro 'PWXFORM_SIMD'
  525 |         uint32_t lo = (uint32_t)(x = ((uint64_t)EXTRACT64(X)) & Smask2reg); \
      |                                                 ^
/home/builder/build/src/libxcrypt-4.5.2/lib/alg-yescrypt-opt.c:475:23: note: expanded from macro 'EXTRACT64'
  475 | #define EXTRACT64(X) ({ \
      |                       ^
/home/builder/build/src/libxcrypt-4.5.2/lib/alg-yescrypt-opt.c:734:3: warning: use of GNU statement expression extension from macro expansion [-Wgnu-statement-expression-from-macro-expansion]
/home/builder/build/src/libxcrypt-4.5.2/lib/alg-yescrypt-opt.c:634:2: note: expanded from macro 'PWXFORM'
  634 |         PWXFORM_ROUND PWXFORM_WRITE \
      |         ^
/home/builder/build/src/libxcrypt-4.5.2/lib/alg-yescrypt-opt.c:591:2: note: expanded from macro 'PWXFORM_ROUND'
  591 |         PWXFORM_SIMD(X3)
      |         ^
/home/builder/build/src/libxcrypt-4.5.2/lib/alg-yescrypt-opt.c:525:42: note: expanded from macro 'PWXFORM_SIMD'
  525 |         uint32_t lo = (uint32_t)(x = ((uint64_t)EXTRACT64(X)) & Smask2reg); \
      |                                                 ^
/home/builder/build/src/libxcrypt-4.5.2/lib/alg-yescrypt-opt.c:475:23: note: expanded from macro 'EXTRACT64'
  475 | #define EXTRACT64(X) ({ \
      |                       ^
/home/builder/build/src/libxcrypt-4.5.2/lib/alg-yescrypt-opt.c:734:3: warning: use of GNU statement expression extension from macro expansion [-Wgnu-statement-expression-from-macro-expansion]
/home/builder/build/src/libxcrypt-4.5.2/lib/alg-yescrypt-opt.c:635:2: note: expanded from macro 'PWXFORM'
  635 |         PWXFORM_ROUND PWXFORM_WRITE \
      |         ^
/home/builder/build/src/libxcrypt-4.5.2/lib/alg-yescrypt-opt.c:588:2: note: expanded from macro 'PWXFORM_ROUND'
  588 |         PWXFORM_SIMD(X0) \
      |         ^
/home/builder/build/src/libxcrypt-4.5.2/lib/alg-yescrypt-opt.c:525:42: note: expanded from macro 'PWXFORM_SIMD'
  525 |         uint32_t lo = (uint32_t)(x = ((uint64_t)EXTRACT64(X)) & Smask2reg); \
      |                                                 ^
/home/builder/build/src/libxcrypt-4.5.2/lib/alg-yescrypt-opt.c:475:23: note: expanded from macro 'EXTRACT64'
  475 | #define EXTRACT64(X) ({ \
      |                       ^
/home/builder/build/src/libxcrypt-4.5.2/lib/alg-yescrypt-opt.c:734:3: warning: use of GNU statement expression extension from macro expansion [-Wgnu-statement-expression-from-macro-expansion]
/home/builder/build/src/libxcrypt-4.5.2/lib/alg-yescrypt-opt.c:635:2: note: expanded from macro 'PWXFORM'
  635 |         PWXFORM_ROUND PWXFORM_WRITE \
      |         ^
/home/builder/build/src/libxcrypt-4.5.2/lib/alg-yescrypt-opt.c:589:2: note: expanded from macro 'PWXFORM_ROUND'
  589 |         PWXFORM_SIMD(X1) \
      |         ^
/home/builder/build/src/libxcrypt-4.5.2/lib/alg-yescrypt-opt.c:525:42: note: expanded from macro 'PWXFORM_SIMD'
  525 |         uint32_t lo = (uint32_t)(x = ((uint64_t)EXTRACT64(X)) & Smask2reg); \
      |                                                 ^
/home/builder/build/src/libxcrypt-4.5.2/lib/alg-yescrypt-opt.c:475:23: note: expanded from macro 'EXTRACT64'
  475 | #define EXTRACT64(X) ({ \
      |                       ^
/home/builder/build/src/libxcrypt-4.5.2/lib/alg-yescrypt-opt.c:734:3: warning: use of GNU statement expression extension from macro expansion [-Wgnu-statement-expression-from-macro-expansion]
/home/builder/build/src/libxcrypt-4.5.2/lib/alg-yescrypt-opt.c:635:2: note: expanded from macro 'PWXFORM'
  635 |         PWXFORM_ROUND PWXFORM_WRITE \
      |         ^
/home/builder/build/src/libxcrypt-4.5.2/lib/alg-yescrypt-opt.c:590:2: note: expanded from macro 'PWXFORM_ROUND'
  590 |         PWXFORM_SIMD(X2) \
      |         ^
/home/builder/build/src/libxcrypt-4.5.2/lib/alg-yescrypt-opt.c:525:42: note: expanded from macro 'PWXFORM_SIMD'
  525 |         uint32_t lo = (uint32_t)(x = ((uint64_t)EXTRACT64(X)) & Smask2reg); \
      |                                                 ^
/home/builder/build/src/libxcrypt-4.5.2/lib/alg-yescrypt-opt.c:475:23: note: expanded from macro 'EXTRACT64'
  475 | #define EXTRACT64(X) ({ \
      |                       ^
/home/builder/build/src/libxcrypt-4.5.2/lib/alg-yescrypt-opt.c:734:3: warning: use of GNU statement expression extension from macro expansion [-Wgnu-statement-expression-from-macro-expansion]
/home/builder/build/src/libxcrypt-4.5.2/lib/alg-yescrypt-opt.c:635:2: note: expanded from macro 'PWXFORM'
  635 |         PWXFORM_ROUND PWXFORM_WRITE \
      |         ^
/home/builder/build/src/libxcrypt-4.5.2/lib/alg-yescrypt-opt.c:591:2: note: expanded from macro 'PWXFORM_ROUND'
  591 |         PWXFORM_SIMD(X3)
      |         ^
/home/builder/build/src/libxcrypt-4.5.2/lib/alg-yescrypt-opt.c:525:42: note: expanded from macro 'PWXFORM_SIMD'
  525 |         uint32_t lo = (uint32_t)(x = ((uint64_t)EXTRACT64(X)) & Smask2reg); \
      |                                                 ^
/home/builder/build/src/libxcrypt-4.5.2/lib/alg-yescrypt-opt.c:475:23: note: expanded from macro 'EXTRACT64'
  475 | #define EXTRACT64(X) ({ \
      |                       ^
/home/builder/build/src/libxcrypt-4.5.2/lib/alg-yescrypt-opt.c:734:3: warning: use of GNU statement expression extension from macro expansion [-Wgnu-statement-expression-from-macro-expansion]
/home/builder/build/src/libxcrypt-4.5.2/lib/alg-yescrypt-opt.c:636:2: note: expanded from macro 'PWXFORM'
  636 |         PWXFORM_ROUND PWXFORM_WRITE \
      |         ^
/home/builder/build/src/libxcrypt-4.5.2/lib/alg-yescrypt-opt.c:588:2: note: expanded from macro 'PWXFORM_ROUND'
  588 |         PWXFORM_SIMD(X0) \
      |         ^
/home/builder/build/src/libxcrypt-4.5.2/lib/alg-yescrypt-opt.c:525:42: note: expanded from macro 'PWXFORM_SIMD'
  525 |         uint32_t lo = (uint32_t)(x = ((uint64_t)EXTRACT64(X)) & Smask2reg); \
      |                                                 ^
/home/builder/build/src/libxcrypt-4.5.2/lib/alg-yescrypt-opt.c:475:23: note: expanded from macro 'EXTRACT64'
  475 | #define EXTRACT64(X) ({ \
      |                       ^
/home/builder/build/src/libxcrypt-4.5.2/lib/alg-yescrypt-opt.c:734:3: warning: use of GNU statement expression extension from macro expansion [-Wgnu-statement-expression-from-macro-expansion]
/home/builder/build/src/libxcrypt-4.5.2/lib/alg-yescrypt-opt.c:636:2: note: expanded from macro 'PWXFORM'
  636 |         PWXFORM_ROUND PWXFORM_WRITE \
      |         ^
/home/builder/build/src/libxcrypt-4.5.2/lib/alg-yescrypt-opt.c:589:2: note: expanded from macro 'PWXFORM_ROUND'
  589 |         PWXFORM_SIMD(X1) \
      |         ^
/home/builder/build/src/libxcrypt-4.5.2/lib/alg-yescrypt-opt.c:525:42: note: expanded from macro 'PWXFORM_SIMD'
  525 |         uint32_t lo = (uint32_t)(x = ((uint64_t)EXTRACT64(X)) & Smask2reg); \
      |                                                 ^
/home/builder/build/src/libxcrypt-4.5.2/lib/alg-yescrypt-opt.c:475:23: note: expanded from macro 'EXTRACT64'
  475 | #define EXTRACT64(X) ({ \
      |                       ^
/home/builder/build/src/libxcrypt-4.5.2/lib/alg-yescrypt-opt.c:734:3: warning: use of GNU statement expression extension from macro expansion [-Wgnu-statement-expression-from-macro-expansion]
/home/builder/build/src/libxcrypt-4.5.2/lib/alg-yescrypt-opt.c:636:2: note: expanded from macro 'PWXFORM'
  636 |         PWXFORM_ROUND PWXFORM_WRITE \
      |         ^
/home/builder/build/src/libxcrypt-4.5.2/lib/alg-yescrypt-opt.c:590:2: note: expanded from macro 'PWXFORM_ROUND'
  590 |         PWXFORM_SIMD(X2) \
      |         ^
/home/builder/build/src/libxcrypt-4.5.2/lib/alg-yescrypt-opt.c:525:42: note: expanded from macro 'PWXFORM_SIMD'
  525 |         uint32_t lo = (uint32_t)(x = ((uint64_t)EXTRACT64(X)) & Smask2reg); \
      |                                                 ^
/home/builder/build/src/libxcrypt-4.5.2/lib/alg-yescrypt-opt.c:475:23: note: expanded from macro 'EXTRACT64'
  475 | #define EXTRACT64(X) ({ \
      |                       ^
/home/builder/build/src/libxcrypt-4.5.2/lib/alg-yescrypt-opt.c:734:3: warning: use of GNU statement expression extension from macro expansion [-Wgnu-statement-expression-from-macro-expansion]
/home/builder/build/src/libxcrypt-4.5.2/lib/alg-yescrypt-opt.c:636:2: note: expanded from macro 'PWXFORM'
  636 |         PWXFORM_ROUND PWXFORM_WRITE \
      |         ^
/home/builder/build/src/libxcrypt-4.5.2/lib/alg-yescrypt-opt.c:591:2: note: expanded from macro 'PWXFORM_ROUND'
  591 |         PWXFORM_SIMD(X3)
      |         ^
/home/builder/build/src/libxcrypt-4.5.2/lib/alg-yescrypt-opt.c:525:42: note: expanded from macro 'PWXFORM_SIMD'
  525 |         uint32_t lo = (uint32_t)(x = ((uint64_t)EXTRACT64(X)) & Smask2reg); \
      |                                                 ^
/home/builder/build/src/libxcrypt-4.5.2/lib/alg-yescrypt-opt.c:475:23: note: expanded from macro 'EXTRACT64'
  475 | #define EXTRACT64(X) ({ \
      |                       ^
/home/builder/build/src/libxcrypt-4.5.2/lib/alg-yescrypt-opt.c:734:3: warning: use of GNU statement expression extension from macro expansion [-Wgnu-statement-expression-from-macro-expansion]
/home/builder/build/src/libxcrypt-4.5.2/lib/alg-yescrypt-opt.c:637:2: note: expanded from macro 'PWXFORM'
  637 |         PWXFORM_ROUND PWXFORM_WRITE \
      |         ^
/home/builder/build/src/libxcrypt-4.5.2/lib/alg-yescrypt-opt.c:588:2: note: expanded from macro 'PWXFORM_ROUND'
  588 |         PWXFORM_SIMD(X0) \
      |         ^
/home/builder/build/src/libxcrypt-4.5.2/lib/alg-yescrypt-opt.c:525:42: note: expanded from macro 'PWXFORM_SIMD'
  525 |         uint32_t lo = (uint32_t)(x = ((uint64_t)EXTRACT64(X)) & Smask2reg); \
      |                                                 ^
/home/builder/build/src/libxcrypt-4.5.2/lib/alg-yescrypt-opt.c:475:23: note: expanded from macro 'EXTRACT64'
  475 | #define EXTRACT64(X) ({ \
      |                       ^
/home/builder/build/src/libxcrypt-4.5.2/lib/alg-yescrypt-opt.c:734:3: warning: use of GNU statement expression extension from macro expansion [-Wgnu-statement-expression-from-macro-expansion]
/home/builder/build/src/libxcrypt-4.5.2/lib/alg-yescrypt-opt.c:637:2: note: expanded from macro 'PWXFORM'
  637 |         PWXFORM_ROUND PWXFORM_WRITE \
      |         ^
/home/builder/build/src/libxcrypt-4.5.2/lib/alg-yescrypt-opt.c:589:2: note: expanded from macro 'PWXFORM_ROUND'
  589 |         PWXFORM_SIMD(X1) \
      |         ^
/home/builder/build/src/libxcrypt-4.5.2/lib/alg-yescrypt-opt.c:525:42: note: expanded from macro 'PWXFORM_SIMD'
  525 |         uint32_t lo = (uint32_t)(x = ((uint64_t)EXTRACT64(X)) & Smask2reg); \
      |                                                 ^
/home/builder/build/src/libxcrypt-4.5.2/lib/alg-yescrypt-opt.c:475:23: note: expanded from macro 'EXTRACT64'
  475 | #define EXTRACT64(X) ({ \
      |                       ^
/home/builder/build/src/libxcrypt-4.5.2/lib/alg-yescrypt-opt.c:734:3: warning: use of GNU statement expression extension from macro expansion [-Wgnu-statement-expression-from-macro-expansion]
/home/builder/build/src/libxcrypt-4.5.2/lib/alg-yescrypt-opt.c:637:2: note: expanded from macro 'PWXFORM'
  637 |         PWXFORM_ROUND PWXFORM_WRITE \
      |         ^
/home/builder/build/src/libxcrypt-4.5.2/lib/alg-yescrypt-opt.c:590:2: note: expanded from macro 'PWXFORM_ROUND'
  590 |         PWXFORM_SIMD(X2) \
      |         ^
/home/builder/build/src/libxcrypt-4.5.2/lib/alg-yescrypt-opt.c:525:42: note: expanded from macro 'PWXFORM_SIMD'
  525 |         uint32_t lo = (uint32_t)(x = ((uint64_t)EXTRACT64(X)) & Smask2reg); \
      |                                                 ^
/home/builder/build/src/libxcrypt-4.5.2/lib/alg-yescrypt-opt.c:475:23: note: expanded from macro 'EXTRACT64'
  475 | #define EXTRACT64(X) ({ \
      |                       ^
/home/builder/build/src/libxcrypt-4.5.2/lib/alg-yescrypt-opt.c:734:3: warning: use of GNU statement expression extension from macro expansion [-Wgnu-statement-expression-from-macro-expansion]
/home/builder/build/src/libxcrypt-4.5.2/lib/alg-yescrypt-opt.c:637:2: note: expanded from macro 'PWXFORM'
  637 |         PWXFORM_ROUND PWXFORM_WRITE \
      |         ^
/home/builder/build/src/libxcrypt-4.5.2/lib/alg-yescrypt-opt.c:591:2: note: expanded from macro 'PWXFORM_ROUND'
  591 |         PWXFORM_SIMD(X3)
      |         ^
/home/builder/build/src/libxcrypt-4.5.2/lib/alg-yescrypt-opt.c:525:42: note: expanded from macro 'PWXFORM_SIMD'
  525 |         uint32_t lo = (uint32_t)(x = ((uint64_t)EXTRACT64(X)) & Smask2reg); \
      |                                                 ^
/home/builder/build/src/libxcrypt-4.5.2/lib/alg-yescrypt-opt.c:475:23: note: expanded from macro 'EXTRACT64'
  475 | #define EXTRACT64(X) ({ \
      |                       ^
/home/builder/build/src/libxcrypt-4.5.2/lib/alg-yescrypt-opt.c:734:3: warning: use of GNU statement expression extension from macro expansion [-Wgnu-statement-expression-from-macro-expansion]
/home/builder/build/src/libxcrypt-4.5.2/lib/alg-yescrypt-opt.c:638:2: note: expanded from macro 'PWXFORM'
  638 |         PWXFORM_ROUND \
      |         ^
/home/builder/build/src/libxcrypt-4.5.2/lib/alg-yescrypt-opt.c:588:2: note: expanded from macro 'PWXFORM_ROUND'
  588 |         PWXFORM_SIMD(X0) \
      |         ^
/home/builder/build/src/libxcrypt-4.5.2/lib/alg-yescrypt-opt.c:525:42: note: expanded from macro 'PWXFORM_SIMD'
  525 |         uint32_t lo = (uint32_t)(x = ((uint64_t)EXTRACT64(X)) & Smask2reg); \
      |                                                 ^
/home/builder/build/src/libxcrypt-4.5.2/lib/alg-yescrypt-opt.c:475:23: note: expanded from macro 'EXTRACT64'
  475 | #define EXTRACT64(X) ({ \
      |                       ^
libtool: compile:  clang -DHAVE_CONFIG_H -I. -I/home/builder/build/src/libxcrypt-4.5.2 -I/home/builder/build/src/libxcrypt-4.5.2/lib -DIN_LIBCRYPT -Wall -Wextra -Walloca -Wbad-function-cast -Wcast-align -Wcast-qual -Wconversion -Wformat=2 -Wformat-signedness -Wmissing-declarations -Wmissing-prototypes -Wnested-externs -Wnull-dereference -Wold-style-definition -Wpointer-arith -Wshadow -Wstrict-overflow=2 -Wstrict-prototypes -Wundef -Wvla -Wwrite-strings -Wpedantic -fno-plt -march=x86-64-v3 -O2 -pipe -fno-plt -fexceptions -Wp,-D_FORTIFY_SOURCE=3 -fstack-clash-protection -fcf-protection -MT lib/libcrypt_la-crypt-sha256.lo -MD -MP -MF lib/.deps/libcrypt_la-crypt-sha256.Tpo -c /home/builder/build/src/libxcrypt-4.5.2/lib/crypt-sha256.c  -fPIC -DPIC -o lib/.libs/libcrypt_la-crypt-sha256.o
/home/builder/build/src/libxcrypt-4.5.2/lib/alg-yescrypt-opt.c:734:mv -f lib/.deps/libcrypt_la-crypt-nthash.Tpo lib/.deps/libcrypt_la-crypt-nthash.Plo
3: warning: use of GNU statement expression extension from macro expansion [-Wgnu-statement-expression-from-macro-expansion]
/home/builder/build/src/libxcrypt-4.5.2/lib/alg-yescrypt-opt.c:638:2: note: expanded from macro 'PWXFORM'
  638 |         PWXFORM_ROUND \
      |         ^
/home/builder/build/src/libxcrypt-4.5.2/lib/alg-yescrypt-opt.c:589:2: note: expanded from macro 'PWXFORM_ROUND'
  589 |         PWXFORM_SIMD(X1) \
      |         ^
/home/builder/build/src/libxcrypt-4.5.2/lib/alg-yescrypt-opt.c:525:42: note: expanded from macro 'PWXFORM_SIMD'
  525 |         uint32_t lo = (uint32_t)(x = ((uint64_t)EXTRACT64(X)) & Smask2reg); \
      |                                                 ^
/home/builder/build/src/libxcrypt-4.5.2/lib/alg-yescrypt-opt.c:475:23: note: expanded from macro 'EXTRACT64'
  475 | #define EXTRACT64(X) ({ \
      |                       ^
/home/builder/build/src/libxcrypt-4.5.2/lib/alg-yescrypt-opt.c:734:3: warning: use of GNU statement expression extension from macro expansion [-Wgnu-statement-expression-from-macro-expansion]
/home/builder/build/src/libxcrypt-4.5.2/lib/alg-yescrypt-opt.c:638:2: note: expanded from macro 'PWXFORM'
  638 |         PWXFORM_ROUND \
      |         ^
/home/builder/build/src/libxcrypt-4.5.2/lib/alg-yescrypt-opt.c:590:2: note: expanded from macro 'PWXFORM_ROUND'
  590 |         PWXFORM_SIMD(X2) \
      |         ^
/home/builder/build/src/libxcrypt-4.5.2/lib/alg-yescrypt-opt.c:525:42: note: expanded from macro 'PWXFORM_SIMD'
  525 |         uint32_t lo = (uint32_t)(x = ((uint64_t)EXTRACT64(X)) & Smask2reg); \
      |                                                 ^
/home/builder/build/src/libxcrypt-4.5.2/lib/alg-yescrypt-opt.c:475:23: note: expanded from macro 'EXTRACT64'
  475 | #define EXTRACT64(X) ({ \
      |                       ^
/home/builder/build/src/libxcrypt-4.5.2/lib/alg-yescrypt-opt.c:734:3: warning: use of GNU statement expression extension from macro expansion [-Wgnu-statement-expression-from-macro-expansion]
/home/builder/build/src/libxcrypt-4.5.2/lib/alg-yescrypt-opt.c:638:2: note: expanded from macro 'PWXFORM'
  638 |         PWXFORM_ROUND \
      |         ^
/home/builder/build/src/libxcrypt-4.5.2/lib/alg-yescrypt-opt.c:591:2: note: expanded from macro 'PWXFORM_ROUND'
  591 |         PWXFORM_SIMD(X3)
      |         ^
/home/builder/build/src/libxcrypt-4.5.2/lib/alg-yescrypt-opt.c:525:42: note: expanded from macro 'PWXFORM_SIMD'
  525 |         uint32_t lo = (uint32_t)(x = ((uint64_t)EXTRACT64(X)) & Smask2reg); \
      |                                                 ^
/home/builder/build/src/libxcrypt-4.5.2/lib/alg-yescrypt-opt.c:475:23: note: expanded from macro 'EXTRACT64'
  475 | #define EXTRACT64(X) ({ \
      |                       ^
1 warning generated.
/home/builder/build/src/libxcrypt-4.5.2/lib/alg-yescrypt-opt.c:739:3: warning: use of GNU statement expression extension from macro expansion [-Wgnu-statement-expression-from-macro-expansion]
  739 |                 PWXFORM
      |                 ^
/home/builder/build/src/libxcrypt-4.5.2/lib/alg-yescrypt-opt.c:633:2: note: expanded from macro 'PWXFORM'
  633 |         PWXFORM_ROUND \
      |         ^
/home/builder/build/src/libxcrypt-4.5.2/lib/alg-yescrypt-opt.c:588:2: note: expanded from macro 'PWXFORM_ROUND'
  588 |         PWXFORM_SIMD(X0) \
      |         ^
/home/builder/build/src/libxcrypt-4.5.2/lib/alg-yescrypt-opt.c:525:42: note: expanded from macro 'PWXFORM_SIMD'
  525 |         uint32_t lo = (uint32_t)(x = ((uint64_t)EXTRACT64(X)) & Smask2reg); \
      |                                                 ^
/home/builder/build/src/libxcrypt-4.5.2/lib/alg-yescrypt-opt.c:475:23: note: expanded from macro 'EXTRACT64'
  475 | #define EXTRACT64(X) ({ \
      |                       ^
/home/builder/build/src/libxcrypt-4.5.2/lib/alg-yescrypt-opt.c:739:3: warning: use of GNU statement expression extension from macro expansion [-Wgnu-statement-expression-from-macro-expansion]
/home/builder/build/src/libxcrypt-4.5.2/lib/alg-yescrypt-opt.c:633:2: note: expanded from macro 'PWXFORM'
  633 |         PWXFORM_ROUND \
      |         ^
/home/builder/build/src/libxcrypt-4.5.2/lib/alg-yescrypt-opt.c:589:2: note: expanded from macro 'PWXFORM_ROUND'
  589 |         PWXFORM_SIMD(X1) \
      |         ^
/home/builder/build/src/libxcrypt-4.5.2/lib/alg-yescrypt-opt.c:525:42: note: expanded from macro 'PWXFORM_SIMD'
  525 |         uint32_t lo = (uint32_t)(x = ((uint64_t)EXTRACT64(X)) & Smask2reg); \
      |                                                 ^
/home/builder/build/src/libxcrypt-4.5.2/lib/alg-yescrypt-opt.c:475:23: note: expanded from macro 'EXTRACT64'
  475 | #define EXTRACT64(X) ({ \
      |                       ^
/home/builder/build/src/libxcrypt-4.5.2/lib/alg-yescrypt-opt.c:739:3: warning: use of GNU statement expression extension from macro expansion [-Wgnu-statement-expression-from-macro-expansion]
/home/builder/build/src/libxcrypt-4.5.2/lib/alg-yescrypt-opt.c:633:2: note: expanded from macro 'PWXFORM'
  633 |         PWXFORM_ROUND \
      |         ^
/home/builder/build/src/libxcrypt-4.5.2/lib/alg-yescrypt-opt.c:590:2: note: expanded from macro 'PWXFORM_ROUND'
  590 |         PWXFORM_SIMD(X2) \
      |         ^
/home/builder/build/src/libxcrypt-4.5.2/lib/alg-yescrypt-opt.c:525:42: note: expanded from macro 'PWXFORM_SIMD'
  525 |         uint32_t lo = (uint32_t)(x = ((uint64_t)EXTRACT64(X)) & Smask2reg); \
      |                                                 ^
/home/builder/build/src/libxcrypt-4.5.2/lib/alg-yescrypt-opt.c:475:23: note: expanded from macro 'EXTRACT64'
  475 | #define EXTRACT64(X) ({ \
      |                       ^
/home/builder/build/src/libxcrypt-4.5.2/lib/alg-yescrypt-opt.c:739:3: warning: use of GNU statement expression extension from macro expansion [-Wgnu-statement-expression-from-macro-expansion]
/home/builder/build/src/libxcrypt-4.5.2/lib/alg-yescrypt-opt.c:633:2: note: expanded from macro 'PWXFORM'
  633 |         PWXFORM_ROUND \
      |         ^
/home/builder/build/src/libxcrypt-4.5.2/lib/alg-yescrypt-opt.c:591:2: note: expanded from macro 'PWXFORM_ROUND'
  591 |         PWXFORM_SIMD(X3)
      |         ^
/home/builder/build/src/libxcrypt-4.5.2/lib/alg-yescrypt-opt.c:525:42: note: expanded from macro 'PWXFORM_SIMD'
  525 |         uint32_t lo = (uint32_t)(x = ((uint64_t)EXTRACT64(X)) & Smask2reg); \
      |                                                 ^
/home/builder/build/src/libxcrypt-4.5.2/lib/alg-yescrypt-opt.c:475:23: note: expanded from macro 'EXTRACT64'
  475 | #define EXTRACT64(X) ({ \
      |                       ^
/home/builder/build/src/libxcrypt-4.5.2/lib/alg-yescrypt-opt.c:739:3: warning: use of GNU statement expression extension from macro expansion [-Wgnu-statement-expression-from-macro-expansion]
/home/builder/build/src/libxcrypt-4.5.2/lib/alg-yescrypt-opt.c:634:2: note: expanded from macro 'PWXFORM'
  634 |         PWXFORM_ROUND PWXFORM_WRITE \
      |         ^
/home/builder/build/src/libxcrypt-4.5.2/lib/alg-yescrypt-opt.c:588:2: note: expanded from macro 'PWXFORM_ROUND'
  588 |         PWXFORM_SIMD(X0) \
      |         ^
/home/builder/build/src/libxcrypt-4.5.2/lib/alg-yescrypt-opt.c:525:42: note: expanded from macro 'PWXFORM_SIMD'
  525 |         uint32_t lo = (uint32_t)(x = ((uint64_t)EXTRACT64(X)) & Smask2reg); \
      |                                                 ^
/home/builder/build/src/libxcrypt-4.5.2/lib/alg-yescrypt-opt.c:475:23: note: expanded from macro 'EXTRACT64'
  475 | #define EXTRACT64(X) ({ \
      |                       ^
/home/builder/build/src/libxcrypt-4.5.2/lib/alg-yescrypt-opt.c:739:3: warning: use of GNU statement expression extension from macro expansion [-Wgnu-statement-expression-from-macro-expansion]
/home/builder/build/src/libxcrypt-4.5.2/lib/alg-yescrypt-opt.c:634:2: note: expanded from macro 'PWXFORM'
  634 |         PWXFORM_ROUND PWXFORM_WRITE \
      |         ^
/home/builder/build/src/libxcrypt-4.5.2/lib/alg-yescrypt-opt.c:589:2/bin/sh ./libtool  --tag=CC   --mode=compile clang -DHAVE_CONFIG_H -I. -I/home/builder/build/src/libxcrypt-4.5.2  -I/home/builder/build/src/libxcrypt-4.5.2/lib -DIN_LIBCRYPT  -Wall -Wextra -Walloca -Wbad-function-cast -Wcast-align -Wcast-qual -Wconversion -Wformat=2 -Wformat-signedness -Wmissing-declarations -Wmissing-prototypes -Wnested-externs -Wnull-dereference -Wold-style-definition -Wpointer-arith -Wshadow -Wstrict-overflow=2 -Wstrict-prototypes -Wundef -Wvla -Wwrite-strings -Wpedantic -fno-plt -march=x86-64-v3 -O2 -pipe -fno-plt -fexceptions         -Wp,-D_FORTIFY_SOURCE=3 -fstack-clash-protection -fcf-protection -MT lib/libcrypt_la-crypt-yescrypt.lo -MD -MP -MF lib/.deps/libcrypt_la-crypt-yescrypt.Tpo -c -o lib/libcrypt_la-crypt-yescrypt.lo `test -f 'lib/crypt-yescrypt.c' || echo '/home/builder/build/src/libxcrypt-4.5.2/'`lib/crypt-yescrypt.c
: note: expanded from macro 'PWXFORM_ROUND'
  589 |         PWXFORM_SIMD(X1) \
      |         ^
/home/builder/build/src/libxcrypt-4.5.2/lib/alg-yescrypt-opt.c:525:42: note: expanded from macro 'PWXFORM_SIMD'
  525 |         uint32_t lo = (uint32_t)(x = ((uint64_t)EXTRACT64(X)) & Smask2reg); \
      |                                                 ^
/home/builder/build/src/libxcrypt-4.5.2/lib/alg-yescrypt-opt.c:475:23: note: expanded from macro 'EXTRACT64'
  475 | #define EXTRACT64(X) ({ \
      |                       ^
/home/builder/build/src/libxcrypt-4.5.2/lib/alg-yescrypt-opt.c:739:3: warning: use of GNU statement expression extension from macro expansion [-Wgnu-statement-expression-from-macro-expansion]
/home/builder/build/src/libxcrypt-4.5.2/lib/alg-yescrypt-opt.c:634:2: note: expanded from macro 'PWXFORM'
  634 |         PWXFORM_ROUND PWXFORM_WRITE \
      |         ^
/home/builder/build/src/libxcrypt-4.5.2/lib/alg-yescrypt-opt.c:590:2: note: expanded from macro 'PWXFORM_ROUND'
  590 |         PWXFORM_SIMD(X2) \
      |         ^
/home/builder/build/src/libxcrypt-4.5.2/lib/alg-yescrypt-opt.c:525:42: note: expanded from macro 'PWXFORM_SIMD'
  525 |         uint32_t lo = (uint32_t)(x = ((uint64_t)EXTRACT64(X)) & Smask2reg); \
      |                                                 ^
/home/builder/build/src/libxcrypt-4.5.2/lib/alg-yescrypt-opt.c:475:23: note: expanded from macro 'EXTRACT64'
  475 | #define EXTRACT64(X) ({ \
      |                       ^
/home/builder/build/src/libxcrypt-4.5.2/lib/alg-yescrypt-opt.c:739:3: warning: use of GNU statement expression extension from macro expansion [-Wgnu-statement-expression-from-macro-expansion]
/home/builder/build/src/libxcrypt-4.5.2/lib/alg-yescrypt-opt.c:634:2: note: expanded from macro 'PWXFORM'
  634 |         PWXFORM_ROUND PWXFORM_WRITE \
      |         ^
/home/builder/build/src/libxcrypt-4.5.2/lib/alg-yescrypt-opt.c:591:2: note: expanded from macro 'PWXFORM_ROUND'
  591 |         PWXFORM_SIMD(X3)
      |         ^
/home/builder/build/src/libxcrypt-4.5.2/lib/alg-yescrypt-opt.c:525:42: note: expanded from macro 'PWXFORM_SIMD'
  525 |         uint32_t lo = (uint32_t)(x = ((uint64_t)EXTRACT64(X)) & Smask2reg); \
      |                                                 ^
/home/builder/build/src/libxcrypt-4.5.2/lib/alg-yescrypt-opt.c:475:23: note: expanded from macro 'EXTRACT64'
  475 | #define EXTRACT64(X) ({ \
      |                       ^
/home/builder/build/src/libxcrypt-4.5.2/lib/alg-yescrypt-opt.c:739:3: warning: use of GNU statement expression extension from macro expansion [-Wgnu-statement-expression-from-macro-expansion]
/home/builder/build/src/libxcrypt-4.5.2/lib/alg-yescrypt-opt.c:635:2: note: expanded from macro 'PWXFORM'
  635 |         PWXFORM_ROUND PWXFORM_WRITE \
      |         ^
/home/builder/build/src/libxcrypt-4.5.2/lib/alg-yescrypt-opt.c:588:2: note: expanded from macro 'PWXFORM_ROUND'
  588 |         PWXFORM_SIMD(X0) \
      |         ^
/home/builder/build/src/libxcrypt-4.5.2/lib/alg-yescrypt-opt.c:525:42: note: expanded from macro 'PWXFORM_SIMD'
  525 |         uint32_t lo = (uint32_t)(x = ((uint64_t)EXTRACT64(X)) & Smask2reg); \
      |                                                 ^
/home/builder/build/src/libxcrypt-4.5.2/lib/alg-yescrypt-opt.c:475:23: note: expanded from macro 'EXTRACT64'
  475 | #define EXTRACT64(X) ({ \
      |                       ^
/home/builder/build/src/libxcrypt-4.5.2/lib/alg-yescrypt-opt.c:739:3: warning: use of GNU statement expression extension from macro expansion [-Wgnu-statement-expression-from-macro-expansion]
/home/builder/build/src/libxcrypt-4.5.2/lib/alg-yescrypt-opt.c:635:2: note: expanded from macro 'PWXFORM'
  635 |         PWXFORM_ROUND PWXFORM_WRITE \
      |         ^
/home/builder/build/src/libxcrypt-4.5.2/lib/alg-yescrypt-opt.c:589:2: note: expanded from macro 'PWXFORM_ROUND'
  589 |         PWXFORM_SIMD(X1) \
      |         ^
/home/builder/build/src/libxcrypt-4.5.2/lib/alg-yescrypt-opt.c:525:42: note: expanded from macro 'PWXFORM_SIMD'
  525 |         uint32_t lo = (uint32_t)(x = ((uint64_t)EXTRACT64(X)) & Smask2reg); \
      |                                                 ^
/home/builder/build/src/libxcrypt-4.5.2/lib/alg-yescrypt-opt.c:475:23: note: expanded from macro 'EXTRACT64'
  475 | #define EXTRACT64(X) ({ \
      |                       ^
/home/builder/build/src/libxcrypt-4.5.2/lib/alg-yescrypt-opt.c:739:3: warning: mv -f lib/.deps/libcrypt_la-crypt-md5.Tpo lib/.deps/libcrypt_la-crypt-md5.Plo
use of GNU statement expression extension from macro expansion [-Wgnu-statement-expression-from-macro-expansion]
/home/builder/build/src/libxcrypt-4.5.2/lib/alg-yescrypt-opt.c:635:2: note: expanded from macro 'PWXFORM'
  635 |         PWXFORM_ROUND PWXFORM_WRITE \
      |         ^
/home/builder/build/src/libxcrypt-4.5.2/lib/alg-yescrypt-opt.c:590:2: note: expanded from macro 'PWXFORM_ROUND'
  590 |         PWXFORM_SIMD(X2) \
      |         ^
/home/builder/build/src/libxcrypt-4.5.2/lib/alg-yescrypt-opt.c:525:42: note: expanded from macro 'PWXFORM_SIMD'
  525 |         uint32_t lo = (uint32_t)(x = ((uint64_t)EXTRACT64(X)) & Smask2reg); \
      |                                                 ^
/home/builder/build/src/libxcrypt-4.5.2/lib/alg-yescrypt-opt.c:475:23: note: expanded from macro 'EXTRACT64'
  475 | #define EXTRACT64(X) ({ \
      |                       ^
/home/builder/build/src/libxcrypt-4.5.2/lib/alg-yescrypt-opt.c:739:3: warning: use of GNU statement expression extension from macro expansion [-Wgnu-statement-expression-from-macro-expansion]
/home/builder/build/src/libxcrypt-4.5.2/lib/alg-yescrypt-opt.c:635:2: note: expanded from macro 'PWXFORM'
  635 |         PWXFORM_ROUND PWXFORM_WRITE \
      |         ^
/home/builder/build/src/libxcrypt-4.5.2/lib/alg-yescrypt-opt.c:591:2: note: expanded from macro 'PWXFORM_ROUND'
  591 |         PWXFORM_SIMD(X3)
      |         ^
/home/builder/build/src/libxcrypt-4.5.2/lib/alg-yescrypt-opt.c:525:42: note: expanded from macro 'PWXFORM_SIMD'
  525 |         uint32_t lo = (uint32_t)(x = ((uint64_t)EXTRACT64(X)) & Smask2reg); \
      |                                                 ^
/home/builder/build/src/libxcrypt-4.5.2/lib/alg-yescrypt-opt.c:475:23: note: expanded from macro 'EXTRACT64'
  475 | #define EXTRACT64(X) ({ \
      |                       ^
/home/builder/build/src/libxcrypt-4.5.2/lib/alg-yescrypt-opt.c:739:3: warning: use of GNU statement expression extension from macro expansion [-Wgnu-statement-expression-from-macro-expansion]
/home/builder/build/src/libxcrypt-4.5.2/lib/alg-yescrypt-opt.c:636:2: note: expanded from macro 'PWXFORM'
  636 |         PWXFORM_ROUND PWXFORM_WRITE \
      |         ^
/home/builder/build/src/libxcrypt-4.5.2/lib/alg-yescrypt-opt.c:588:2: note: expanded from macro 'PWXFORM_ROUND'
  588 |         PWXFORM_SIMD(X0) \
      |         ^
/home/builder/build/src/libxcrypt-4.5.2/lib/alg-yescrypt-opt.c:525:42: note: expanded from macro 'PWXFORM_SIMD'
  525 |         uint32_t lo = (uint32_t)(x = ((uint64_t)EXTRACT64(X)) & Smask2reg); \
      |                                                 ^
/home/builder/build/src/libxcrypt-4.5.2/lib/alg-yescrypt-opt.c:475:23: note: expanded from macro 'EXTRACT64'
  475 | #define EXTRACT64(X) ({ \
      |                       ^
/home/builder/build/src/libxcrypt-4.5.2/lib/alg-yescrypt-opt.c:739:3: warning: use of GNU statement expression extension from macro expansion [-Wgnu-statement-expression-from-macro-expansion]
/home/builder/build/src/libxcrypt-4.5.2/lib/alg-yescrypt-opt.c:636:2: note: expanded from macro 'PWXFORM'
  636 |         PWXFORM_ROUND PWXFORM_WRITE \
      |         ^
/home/builder/build/src/libxcrypt-4.5.2/lib/alg-yescrypt-opt.c:589:2: note: expanded from macro 'PWXFORM_ROUND'
  589 |         PWXFORM_SIMD(X1) \
      |         ^
/home/builder/build/src/libxcrypt-4.5.2/lib/alg-yescrypt-opt.c:525:42: note: expanded from macro 'PWXFORM_SIMD'
  525 |         uint32_t lo = (uint32_t)(x = ((uint64_t)EXTRACT64(X)) & Smask2reg); \
      |                                                 ^
/home/builder/build/src/libxcrypt-4.5.2/lib/alg-yescrypt-opt.c:475:23: note: expanded from macro 'EXTRACT64'
  475 | #define EXTRACT64(X) ({ \
      |                       ^
/home/builder/build/src/libxcrypt-4.5.2/lib/alg-yescrypt-opt.c:739:3: warning: use of GNU statement expression extension from macro expansion [-Wgnu-statement-expression-from-macro-expansion]
/home/builder/build/src/libxcrypt-4.5.2/lib/alg-yescrypt-opt.c:636:2: note: expanded from macro 'PWXFORM'
  636 |         PWXFORM_ROUND PWXFORM_WRITE \
      |         ^
/home/builder/build/src/libxcrypt-4.5.2/lib/alg-yescrypt-opt.c:590:2: note: expanded from macro 'PWXFORM_ROUND'
  590 |         PWXFORM_SIMD(X2) \
      |         ^
/home/builder/build/src/libxcrypt-4.5.2/lib/alg-yescrypt-opt.c:525:42: note: expanded from macro 'PWXFORM_SIMD'
  525 |         uint32_t lo = (uint32_t)(x = ((uint64_t)EXTRACT64(X)) & Smask2reg); \
      |                                                 ^
/home/builder/build/src/libxcrypt-4.5.2/lib/alg-yescrypt-opt.c:475:23: note: expanded from macro 'EXTRACT64'
  475 | #define EXTRACT64(X) ({ \
      |                       ^
/home/builder/build/src/libxcrypt-4.5.2/lib/alg-yescrypt-opt.c:739:3: warning: use of GNU statement expression extension from macro expansion [-Wgnu-statement-expression-from-macro-expansion]
/home/builder/build/src/libxcrypt-4.5.2/lib/alg-yescrypt-opt.c:636:2: note: expanded from macro 'PWXFORM'
  636 |         PWXFORM_ROUND PWXFORM_WRITE \
      |         ^
/home/builder/build/src/libxcrypt-4.5.2/lib/alg-yescrypt-opt.c:591:2: note: expanded from macro 'PWXFORM_ROUND'
  591 |         PWXFORM_SIMD(X3)
      |         ^
/home/builder/build/src/libxcrypt-4.5.2/lib/alg-yescrypt-opt.c:525:42: note: expanded from macro 'PWXFORM_SIMD'
  525 |         uint32_t lo = (uint32_t)(x = ((uint64_t)EXTRACT64(X)) & Smask2reg); \
      |                                                 ^
/home/builder/build/src/libxcrypt-4.5.2/lib/alg-yescrypt-opt.c:475:23: note: expanded from macro 'EXTRACT64'
  475 | #define EXTRACT64(X) ({ \
      |                       ^
mv -f lib/.deps/libcrypt_la-alg-yescrypt-common.Tpo lib/.deps/libcrypt_la-alg-yescrypt-common.Plo
/home/builder/build/src/libxcrypt-4.5.2/lib/alg-yescrypt-opt.c:739:3: warning: use of GNU statement expression extension from macro expansion [-Wgnu-statement-expression-from-macro-expansion]
/home/builder/build/src/libxcrypt-4.5.2/lib/alg-yescrypt-opt.c:637:2: note: expanded from macro 'PWXFORM'
  637 |         PWXFORM_ROUND PWXFORM_WRITE \
      |         ^
/home/builder/build/src/libxcrypt-4.5.2/lib/alg-yescrypt-opt.c:588:2: note: expanded from macro 'PWXFORM_ROUND'
  588 |         PWXFORM_SIMD(X0) \
      |         ^
/home/builder/build/src/libxcrypt-4.5.2/lib/alg-yescrypt-opt.c:525:42: note: expanded from macro 'PWXFORM_SIMD'
  525 |         uint32_t lo = (uint32_t)(x = ((uint64_t)EXTRACT64(X)) & Smask2reg); \
      |                                                 ^
/home/builder/build/src/libxcrypt-4.5.2/lib/alg-yescrypt-opt.c:475:23: note: expanded from macro 'EXTRACT64'
  475 | #define EXTRACT64(X) ({ \
      |                       ^
/home/builder/build/src/libxcrypt-4.5.2/lib/alg-yescrypt-opt.c:739:3: warning: use of GNU statement expression extension from macro expansion [-Wgnu-statement-expression-from-macro-expansion]
/home/builder/build/src/libxcrypt-4.5.2/lib/alg-yescrypt-opt.c:637:2: note: expanded from macro 'PWXFORM'
  637 |         PWXFORM_ROUND PWXFORM_WRITE \
      |         ^
/home/builder/build/src/libxcrypt-4.5.2/lib/alg-yescrypt-opt.c:589:2: note: expanded from macro 'PWXFORM_ROUND'
  589 |         PWXFORM_SIMD(X1) \
      |         ^
/home/builder/build/src/libxcrypt-4.5.2/lib/alg-yescrypt-opt.c:525:42: note: expanded from macro 'PWXFORM_SIMD'
  525 |         uint32_t lo = (uint32_t)(x = ((uint64_t)EXTRACT64(X)) & Smask2reg); \
      |                                                 ^
/home/builder/build/src/libxcrypt-4.5.2/lib/alg-yescrypt-opt.c:475:23: note: expanded from macro 'EXTRACT64'
  475 | #define EXTRACT64(X) ({ \
      |                       ^
/home/builder/build/src/libxcrypt-4.5.2/lib/alg-yescrypt-opt.c:739:3: warning: use of GNU statement expression extension from macro expansion [-Wgnu-statement-expression-from-macro-expansion]
/home/builder/build/src/libxcrypt-4.5.2/lib/alg-yescrypt-opt.c:637:2: note: expanded from macro 'PWXFORM'
  637 |         PWXFORM_ROUND PWXFORM_WRITE \
      |         ^
/home/builder/build/src/libxcrypt-4.5.2/lib/alg-yescrypt-opt.c:590:2: note: expanded from macro 'PWXFORM_ROUND'
  590 |         PWXFORM_SIMD(X2) \
      |         ^
/home/builder/build/src/libxcrypt-4.5.2/lib/alg-yescrypt-opt.c:525:42: note: expanded from macro 'PWXFORM_SIMD'
  525 |         uint32_t lo = (uint32_t)(x = ((uint64_t)EXTRACT64(X)) & Smask2reg); \
      |                                                 ^
/home/builder/build/src/libxcrypt-4.5.2/lib/alg-yescrypt-opt.c:475:23: note: expanded from macro 'EXTRACT64'
  475 | #define EXTRACT64(X) ({ \
      |                       ^
/home/builder/build/src/libxcrypt-4.5.2/lib/alg-yescrypt-opt.c:739:3: warning: use of GNU statement expression extension from macro expansion [-Wgnu-statement-expression-from-macro-expansion]
/home/builder/build/src/libxcrypt-4.5.2/lib/alg-yescrypt-opt.c:637:2: note: expanded from macro 'PWXFORM'
  637 |         PWXFORM_ROUND PWXFORM_WRITE \
      |         ^
/home/builder/build/src/libxcrypt-4.5.2/lib/alg-yescrypt-opt.c:591:2: note: expanded from macro 'PWXFORM_ROUND'
  591 |         PWXFORM_SIMD(X3)
      |         ^
/home/builder/build/src/libxcrypt-4.5.2/lib/alg-yescrypt-opt.c:525:42: note: expanded from macro 'PWXFORM_SIMD'
  525 |         uint32_t lo = (uint32_t)(x = ((uint64_t)EXTRACT64(X)) & Smask2reg); \
      |                                                 ^
/home/builder/build/src/libxcrypt-4.5.2/lib/alg-yescrypt-opt.c:475:23: note: expanded from macro 'EXTRACT64'
  475 | #define EXTRACT64(X) ({ \
      |                       ^
/bin/sh ./libtool  --tag=CC   --mode=compile clang -DHAVE_CONFIG_H -I. -I/home/builder/build/src/libxcrypt-4.5.2  -I/home/builder/build/src/libxcrypt-4.5.2/lib -DIN_LIBCRYPT  -Wall -Wextra -Walloca -Wbad-function-cast -Wcast-align -Wcast-qual -Wconversion -Wformat=2 -Wformat-signedness -Wmissing-declarations -Wmissing-prototypes -Wnested-externs -Wnull-dereference -Wold-style-definition -Wpointer-arith -Wshadow -Wstrict-overflow=2 -Wstrict-prototypes -Wundef -Wvla -Wwrite-strings -Wpedantic -fno-plt -march=x86-64-v3 -O2 -pipe -fno-plt -fexceptions         -Wp,-D_FORTIFY_SOURCE=3 -fstack-clash-protection -fcf-protection -MT lib/libcrypt_la-crypt.lo -MD -MP -MF lib/.deps/libcrypt_la-crypt.Tpo -c -o lib/libcrypt_la-crypt.lo `test -f 'lib/crypt.c' || echo '/home/builder/build/src/libxcrypt-4.5.2/'`lib/crypt.c
/home/builder/build/src/libxcrypt-4.5.2/lib/alg-yescrypt-opt.c:739:3: warning: use of GNU statement expression extension from macro expansion [-Wgnu-statement-expression-from-macro-expansion]
/home/builder/build/src/libxcrypt-4.5.2/lib/alg-yescrypt-opt.c:638:2: note: expanded from macro 'PWXFORM'
  638 |         PWXFORM_ROUND \
      |         ^
/home/builder/build/src/libxcrypt-4.5.2/lib/alg-yescrypt-opt.c:588:2: note: expanded from macro 'PWXFORM_ROUND'
  588 |         PWXFORM_SIMD(X0) \
      |         ^
/home/builder/build/src/libxcrypt-4.5.2/lib/alg-yescrypt-opt.c:525:42: note: expanded from macro 'PWXFORM_SIMD'
  525 |         uint32_t lo = (uint32_t)(x = ((uint64_t)EXTRACT64(X)) & Smask2reg); \
      |                                                 ^
/home/builder/build/src/libxcrypt-4.5.2/lib/alg-yescrypt-opt.c:475:23: note: expanded from macro 'EXTRACT64'
  475 | #define EXTRACT64(X) ({ \
      |                       ^
/home/builder/build/src/libxcrypt-4.5.2/lib/alg-yescrypt-opt.c:739:3: warning: use of GNU statement expression extension from macro expansion [-Wgnu-statement-expression-from-macro-expansion]
/home/builder/build/src/libxcrypt-4.5.2/lib/alg-yescrypt-opt.c:638:2: note: expanded from macro 'PWXFORM'
  638 |         PWXFORM_ROUND \
      |         ^
/home/builder/build/src/libxcrypt-4.5.2/lib/alg-yescrypt-opt.c:589:2: note: expanded from macro 'PWXFORM_ROUND'
  589 |         PWXFORM_SIMD(X1) \
      |         ^
/home/builder/build/src/libxcrypt-4.5.2/lib/alg-yescrypt-opt.c:525:42: note: expanded from macro 'PWXFORM_SIMD'
  525 |         uint32_t lo = (uint32_t)(x = ((uint64_t)EXTRACT64(X)) & Smask2reg); \
      |                                                 ^
/home/builder/build/src/libxcrypt-4.5.2/lib/alg-yescrypt-opt.c:475:23: note: expanded from macro 'EXTRACT64'
  475 | #define EXTRACT64(X) ({ \
      |                       ^
/home/builder/build/src/libxcrypt-4.5.2/lib/alg-yescrypt-opt.c:739:3: warning: use of GNU statement expression extension from macro expansion [-Wgnu-statement-expression-from-macro-expansion]
/home/builder/build/src/libxcrypt-4.5.2/lib/alg-yescrypt-opt.c:638:2: note: expanded from macro 'PWXFORM'
  638 |         PWXFORM_ROUND \
      |         ^
/home/builder/build/src/libxcrypt-4.5.2/lib/alg-yescrypt-opt.c:590:2: note: expanded from macro 'PWXFORM_ROUND'
  590 |         PWXFORM_SIMD(X2) \
      |         ^
/home/builder/build/src/libxcrypt-4.5.2/lib/alg-yescrypt-opt.c:525:42: note: expanded from macro 'PWXFORM_SIMD'
  525 |         uint32_t lo = (uint32_t)(x = ((uint64_t)EXTRACT64(X)) & Smask2reg); \
      |                                                 ^
/home/builder/build/src/libxcrypt-4.5.2/lib/alg-yescrypt-opt.c:475:23: note: expanded from macro 'EXTRACT64'
  475 | #define EXTRACT64(X) ({ \
      |                       ^
/home/builder/build/src/libxcrypt-4.5.2/lib/alg-yescrypt-opt.c:739mv -f lib/.deps/libcrypt_la-crypt-gost-yescrypt.Tpo lib/.deps/libcrypt_la-crypt-gost-yescrypt.Plo
:3: warning: use of GNU statement expression extension from macro expansion [-Wgnu-statement-expression-from-macro-expansion]
/home/builder/build/src/libxcrypt-4.5.2/lib/alg-yescrypt-opt.c:638:2: note: expanded from macro 'PWXFORM'
  638 |         PWXFORM_ROUND \
      |         ^
/home/builder/build/src/libxcrypt-4.5.2/lib/alg-yescrypt-opt.c:591:2: note: expanded from macro 'PWXFORM_ROUND'
  591 |         PWXFORM_SIMD(X3)
      |         ^
/home/builder/build/src/libxcrypt-4.5.2/lib/alg-yescrypt-opt.c:525:42: note: expanded from macro 'PWXFORM_SIMD'
  525 |         uint32_t lo = (uint32_t)(x = ((uint64_t)EXTRACT64(X)) & Smask2reg); \
      |                                                 ^
/home/builder/build/src/libxcrypt-4.5.2/lib/alg-yescrypt-opt.c:475:23: note: expanded from macro 'EXTRACT64'
  475 | #define EXTRACT64(X) ({ \
      |                       ^
/bin/sh ./libtool  --tag=CC   --mode=compile clang -DHAVE_CONFIG_H -I. -I/home/builder/build/src/libxcrypt-4.5.2  -I/home/builder/build/src/libxcrypt-4.5.2/lib -DIN_LIBCRYPT  -Wall -Wextra -Walloca -Wbad-function-cast -Wcast-align -Wcast-qual -Wconversion -Wformat=2 -Wformat-signedness -Wmissing-declarations -Wmissing-prototypes -Wnested-externs -Wnull-dereference -Wold-style-definition -Wpointer-arith -Wshadow -Wstrict-overflow=2 -Wstrict-prototypes -Wundef -Wvla -Wwrite-strings -Wpedantic -fno-plt -march=x86-64-v3 -O2 -pipe -fno-plt -fexceptions         -Wp,-D_FORTIFY_SOURCE=3 -fstack-clash-protection -fcf-protection -MT lib/libcrypt_la-util-base64.lo -MD -MP -MF lib/.deps/libcrypt_la-util-base64.Tpo -c -o lib/libcrypt_la-util-base64.lo `test -f 'lib/util-base64.c' || echo '/home/builder/build/src/libxcrypt-4.5.2/'`lib/util-base64.c
/home/builder/build/src/libxcrypt-4.5.2/lib/alg-yescrypt-opt.c:789:3: warning: use of GNU statement expression extension from macro expansion [-Wgnu-statement-expression-from-macro-expansion]
  789 |                 PWXFORM
      |                 ^
/home/builder/build/src/libxcrypt-4.5.2/lib/alg-yescrypt-opt.c:633:2: note: expanded from macro 'PWXFORM'
  633 |         PWXFORM_ROUND \
      |         ^
/home/builder/build/src/libxcrypt-4.5.2/lib/alg-yescrypt-opt.c:588:2: note: expanded from macro 'PWXFORM_ROUND'
  588 |         PWXFORM_SIMD(X0) \
      |         ^
/home/builder/build/src/libxcrypt-4.5.2/lib/alg-yescrypt-opt.c:525:42: note: expanded from macro 'PWXFORM_SIMD'
  525 |         uint32_t lo = (uint32_t)(x = ((uint64_t)EXTRACT64(X)) & Smask2reg); \
      |                                                 ^
/home/builder/build/src/libxcrypt-4.5.2/lib/alg-yescrypt-opt.c:475:23: note: expanded from macro 'EXTRACT64'
  475 | #define EXTRACT64(X) ({ \
      |                       ^
/home/builder/build/src/libxcrypt-4.5.2/lib/alg-yescrypt-opt.c:789:3: warning: use of GNU statement expression extension from macro expansion [-Wgnu-statement-expression-from-macro-expansion]
/home/builder/build/src/libxcrypt-4.5.2/lib/alg-yescrypt-opt.c:633:2: note: expanded from macro 'PWXFORM'
  633 |         PWXFORM_ROUND \
      |         ^
/home/builder/build/src/libxcrypt-4.5.2/lib/alg-yescrypt-opt.c:589:2: note: expanded from macro 'PWXFORM_ROUND'
  589 |         PWXFORM_SIMD(X1) \
      |         ^
/home/builder/build/src/libxcrypt-4.5.2/lib/alg-yescrypt-opt.c:525:42: note: expanded from macro 'PWXFORM_SIMD'
  525 |         uint/bin/sh ./libtool  --tag=CC   --mode=compile clang -DHAVE_CONFIG_H -I. -I/home/builder/build/src/libxcrypt-4.5.2  -I/home/builder/build/src/libxcrypt-4.5.2/lib -DIN_LIBCRYPT  -Wall -Wextra -Walloca -Wbad-function-cast -Wcast-align -Wcast-qual -Wconversion -Wformat=2 -Wformat-signedness -Wmissing-declarations -Wmissing-prototypes -Wnested-externs -Wnull-dereference -Wold-style-definition -Wpointer-arith -Wshadow -Wstrict-overflow=2 -Wstrict-prototypes -Wundef -Wvla -Wwrite-strings -Wpedantic -fno-plt -march=x86-64-v3 -O2 -pipe -fno-plt -fexceptions         -Wp,-D_FORTIFY_SOURCE=3 -fstack-clash-protection -fcf-protection -MT lib/libcrypt_la-util-gensalt-sha.lo -MD -MP -MF lib/.deps/libcrypt_la-util-gensalt-sha.Tpo -c -o lib/libcrypt_la-util-gensalt-sha.lo `test -f 'lib/util-gensalt-sha.c' || echo '/home/builder/build/src/libxcrypt-4.5.2/'`lib/util-gensalt-sha.c
32_t lo = (uint32_t)(x = ((uint64_t)EXTRACT64(X)) & Smask2reg); \
      |                                                 ^
/home/builder/build/src/libxcrypt-4.5.2/lib/alg-yescrypt-opt.c:475:23: note: expanded from macro 'EXTRACT64'
  475 | #define EXTRACT64(X) ({ \
      |                       ^
/home/builder/build/src/libxcrypt-4.5.2/lib/alg-yescrypt-opt.c:789:3: warning: use of GNU statement expression extension from macro expansion [-Wgnu-statement-expression-from-macro-expansion]
/home/builder/build/src/libxcrypt-4.5.2/lib/alg-yescrypt-opt.c:633:2: note: expanded from macro 'PWXFORM'
  633 |         PWXFORM_ROUND \
      |         ^
/home/builder/build/src/libxcrypt-4.5.2/lib/alg-yescrypt-opt.c:590:2: note: expanded from macro 'PWXFORM_ROUND'
  590 |         PWXFORM_SIMD(X2) \
      |         ^
/home/builder/build/src/libxcrypt-4.5.2/lib/alg-yescrypt-opt.c:525:42: note: expanded from macro 'PWXFORM_SIMD'
  525 |         uint32_t lo = (uint32_t)(x = ((uint64_t)EXTRACT64(X)) & Smask2reg); \
      |                                                 ^
/home/builder/build/src/libxcrypt-4.5.2/lib/alg-yescrypt-opt.c:475:23: note: expanded from macro 'EXTRACT64'
  475 | #define EXTRACT64(X) ({ \
      |                       ^
/home/builder/build/src/libxcrypt-4.5.2/lib/alg-yescrypt-opt.c:789:3: warning: use of GNU statement expression extension from macro expansion [-Wgnu-statement-expression-from-macro-expansion]
/home/builder/build/src/libxcrypt-4.5.2/lib/alg-yescrypt-opt.c:633:2: note: expanded from macro 'PWXFORM'
  633 |         PWXFORM_ROUND \
      |         ^
/home/builder/build/src/libxcrypt-4.5.2/lib/alg-yescrypt-opt.c:591:2: note: expanded from macro 'PWXFORM_ROUND'
  591 |         PWXFORM_SIMD(X3)
      |         ^
/home/builder/build/src/libxcrypt-4.5.2/lib/alg-yescrypt-opt.c:525:42: note: expanded from macro 'PWXFORM_SIMD'
  525 |         uint32_t lo = (uint32_t)(x = ((uint64_t)EXTRACT64(X)) & Smask2reg); \
      |                                                 ^
/home/builder/build/src/libxcrypt-4.5.2/lib/alg-yescrypt-opt.c:475:23: note: expanded from macro 'EXTRACT64'
  475 | #define EXTRACT64(X) ({ \
      |                       ^
/home/builder/build/src/libxcrypt-4.5.2/lib/alg-yescrypt-opt.c:789:3: warning: use of GNU statement expression extension from macro expansion [-Wgnu-statement-expression-from-macro-expansion]
/home/builder/build/src/libxcrypt-4.5.2/lib/alg-yescrypt-opt.c:634:2: note: expanded from macro 'PWXFORM'
  634 |         PWXFORM_ROUND PWXFORM_WRITE \
      |         ^
/home/builder/build/src/libxcrypt-4.5.2/lib/alg-yescrypt-opt.c:588:2: note: expanded from macro 'PWXFORM_ROUND'
  588 |         PWXFORM_SIMD(X0) \
      |         ^
/home/builder/build/src/libxcrypt-4.5.2/lib/alg-yescrypt-opt.c:525:42: note: expanded from macro 'PWXFORM_SIMD'
  525 |         uint32_t lo = (uint32_t)(x = ((uint64_t)EXTRACT64(X)) & Smask2reg); \
      |                                                 ^
/home/builder/build/src/libxcrypt-4.5.2/lib/alg-yescrypt-opt.c:475:23: note: expanded from macro 'EXTRACT64'
  475 | #define EXTRACT64(X) ({ \
      |                       ^
/home/builder/build/src/libxcrypt-4.5.2/lib/alg-yescrypt-opt.c:789:3: warning: use of GNU statement expression extension from macro expansion [-Wgnu-statement-expression-from-macro-expansion]
/home/builder/build/src/libxcrypt-4.5.2/lib/alg-yescrypt-opt.c:634:2: note: expanded from macro 'PWXFORM'
  634 |         PWXFORM_ROUND PWXFORM_WRITE \
      |         ^
/home/builder/build/src/libxcrypt-4.5.2/lib/alg-yescrypt-opt.c:589:2: note: expanded from macro 'PWXFORM_ROUND'
  589 |         PWXFORM_SIMD(X1) \
      |         ^
/home/builder/build/src/libxcrypt-4.5.2/lib/alg-yescrypt-opt.c:525:42: note: expanded from macro 'PWXFORM_SIMD'
  525 |         uint32_t lo = (uint32_t)(x = ((uint64_t)EXTRACT64(X)) & Smask2reg); \
      |                                                 ^
/home/builder/build/src/libxcrypt-4.5.2/lib/alg-yescrypt-opt.c:475:23: note: expanded from macro 'EXTRACT64'
  475 | #define EXTRACT64(X) ({ \
      |                       ^
/home/builder/build/src/libxcrypt-4.5.2/lib/alg-yescrypt-opt.c:789:3: warning: use of GNU statement expression extension from macro expansion [-Wgnu-statement-expression-from-macro-expansion]
/home/builder/build/src/libxcrypt-4.5.2/lib/alg-yescrypt-opt.c:634:2: note: expanded from macro 'PWXFORM'
  634 |         PWXFORM_ROUND PWXFORM_WRITE \
      |         ^
/home/builder/build/src/libxcrypt-4.5.2/lib/alg-yescrypt-opt.c:590:2: note: expanded from macro 'PWXFORM_ROUND'
  590 |         PWXFORM_SIMD(X2) \
      |         ^
/home/builder/build/src/libxcrypt-4.5.2/lib/alg-yescrypt-opt.c:525:42: note: expanded from macro 'PWXFORM_SIMD'
  525 |         uint32_t lo = (uint32_t)(x = ((uint64_t)EXTRACT64(X)) & Smask2reg); \
      |                                                 ^
/home/builder/build/src/libxcrypt-4.5.2/lib/alg-yescrypt-opt.c:475:23: note: expanded from macro 'EXTRACT64'
  475 | #define EXTRACT64(X) ({ \
      |                       ^
/home/builder/build/src/libxcrypt-4.5.2/lib/alg-yescrypt-opt.c:789:3: warning: use of GNU statement expression extension from macro expansion [-Wgnu-statement-expression-from-macro-expansion]
/home/builder/build/src/libxcrypt-4.5.2/lib/alg-yescrypt-opt.c:634:2: note: expanded from macro 'PWXFORM'
  634 |         PWXFORM_ROUND PWXFORM_WRITE \
      |         ^
/home/builder/build/src/libxcrypt-4.5.2/lib/alg-yescrypt-opt.c:591:2: note: expanded from macro 'PWXFORM_ROUND'
  591 |         PWXFORM_SIMD(X3)
      |         ^
/home/builder/build/src/libxcrypt-4.5.2/lib/alg-yescrypt-opt.c:525:42: note: expanded from macro 'PWXFORM_SIMD'
  525 |         uint32_t lo = (uint32_t)(x = ((uint64_t)EXTRACT64(X)) & Smask2reg); \
      |                                                 ^
/home/builder/build/src/libxcrypt-4.5.2/lib/alg-yescrypt-opt.c:475:23: note: expanded from macro 'EXTRACT64'
  475 | #define EXTRACT64(X) ({ \
      |                       ^
/home/builder/build/src/libxcrypt-4.5.2/lib/alg-yescrypt-opt.c:789:3: warning: use of GNU statement expression extension from macro expansion [-Wgnu-statement-expression-from-macro-expansion]
/home/builder/build/src/libxcrypt-4.5.2/lib/alg-yescrypt-opt.c:635:2: note: expanded from macro 'PWXFORM'
  635 |         PWXFORM_ROUND PWXFORM_WRITE \
      |         ^
/home/builder/build/src/libxcrypt-4.5.2/lib/alg-yescrypt-opt.c:588:2: note: expanded from macro 'PWXFORM_ROUND'
  588 |         PWXFORM_SIMD(X0) \
      |         ^
/home/builder/build/src/libxcrypt-4.5.2/lib/alg-yescrypt-opt.c:525:42: note: expanded from macro 'PWXFORM_SIMD'
  525 |         uint32_t lo = (uint32_t)(x = ((uint64_t)EXTRACT64(X)) & Smask2reg); \
      |                                                 ^
/home/builder/build/src/libxcrypt-4.5.2/lib/alg-yescrypt-opt.c:475:23: note: expanded from macro 'EXTRACT64'
  475 | #define EXTRACT64(X) ({ \
      |                       ^
/home/builder/build/src/libxcrypt-4.5.2/lib/alg-yescrypt-opt.c:789:3: warning: use of GNU statement expression extension from macro expansion [-Wgnu-statement-expression-from-macro-expansion]
/home/builder/build/src/libxcrypt-4.5.2/lib/alg-yescrypt-opt.c:635:2: note: expanded from macro 'PWXFORM'
  635 |         PWXFORM_ROUND PWXFORM_WRITE \
      |         ^
/home/builder/build/src/libxcrypt-4.5.2/lib/alg-yescrypt-opt.c:589:2: note: expanded from macro 'PWXFORM_ROUND'
  589 |         PWXFORM_SIMD(X1) \
      |         ^
/home/builder/build/src/libxcrypt-4.5.2/lib/alg-yescrypt-opt.c:525:42: note: expanded from macro 'PWXFORM_SIMD'
  525 |         uint32_t lo = (uint32_t)(x = ((uint64_t)EXTRACT64(X)) & Smask2reg); \
      |                                                 ^
/home/builder/build/src/libxcrypt-4.5.2/lib/alg-yescrypt-opt.c:475:23: note: expanded from macro 'EXTRACT64'
  475 | #define EXTRACT64(X) ({ \
      |                       ^
/home/builder/build/src/libxcrypt-4.5.2/lib/alg-yescrypt-opt.c:789:3: warning: use of GNU statement expression extension from macro expansion [-Wgnu-statement-expression-from-macro-expansion]
/home/builder/build/src/libxcrypt-4.5.2/lib/alg-yescrypt-opt.c:635:2: note: expanded from macro 'PWXFORM'
  635 |         PWXFORM_ROUND PWXFORM_WRITE \
      |         ^
/home/builder/build/src/libxcrypt-4.5.2/lib/alg-yescrypt-opt.c:590:2: note: expanded from macro 'PWXFORM_ROUND'
  590 |         PWXFORM_SIMD(X2) \
      |         ^
/home/builder/build/src/libxcrypt-4.5.2/lib/alg-yescrypt-opt.c:525:42: note: expanded from macro 'PWXFORM_SIMD'
  525 |         uint32_t lo = (uint32_t)(x = ((uint64_t)EXTRACT64(X)) & Smask2reg); \
      |                                                 ^
/home/builder/build/src/libxcrypt-4.5.2/lib/alg-yescrypt-opt.c:475:23: note: expanded from macro 'EXTRACT64'
  475 | #define EXlibtool: compile:  clang -DHAVE_CONFIG_H -I. -I/home/builder/build/src/libxcrypt-4.5.2 -I/home/builder/build/src/libxcrypt-4.5.2/lib -DIN_LIBCRYPT -Wall -Wextra -Walloca -Wbad-function-cast -Wcast-align -Wcast-qual -Wconversion -Wformat=2 -Wformat-signedness -Wmissing-declarations -Wmissing-prototypes -Wnested-externs -Wnull-dereference -Wold-style-definition -Wpointer-arith -Wshadow -Wstrict-overflow=2 -Wstrict-prototypes -Wundef -Wvla -Wwrite-strings -Wpedantic -fno-plt -march=x86-64-v3 -O2 -pipe -fno-plt -fexceptions -Wp,-D_FORTIFY_SOURCE=3 -fstack-clash-protection -fcf-protection -MT lib/libcrypt_la-crypt-sha512.lo -MD -MP -MF lib/.deps/libcrypt_la-crypt-sha512.Tpo -c /home/builder/build/src/libxcrypt-4.5.2/lib/crypt-sha512.c  -fPIC -DPIC -o lib/.libs/libcrypt_la-crypt-sha512.o
TRACT64(X) ({ \
      |                       ^
/home/builder/build/src/libxcrypt-4.5.2/lib/alg-yescrypt-opt.c:789:3: warning: use of GNU statement expression extension from macro expansion [-Wgnu-statement-expression-from-macro-expansion]
/home/builder/build/src/libxcrypt-4.5.2/lib/alg-yescrypt-opt.c:635:2: note: expanded from macro 'PWXFORM'
  635 |         PWXFORM_ROUND PWXFORM_WRITE \
      |         ^
/home/builder/build/src/libxcrypt-4.5.2/lib/alg-yescrypt-opt.c:591:2: note: expanded from macro 'PWXFORM_ROUND'
  591 |         PWXFORM_SIMD(X3)
      |         ^
/home/builder/build/src/libxcrypt-4.5.2/lib/alg-yescrypt-opt.c:525:42: note: expanded from macro 'PWXFORM_SIMD'
  525 |         uint32_t lo = (uint32_t)(x = ((uint64_t)EXTRACT64(X)) & Smask2reg); \
      |                                                 ^
/home/builder/build/src/libxcrypt-4.5.2/lib/alg-yescrypt-opt.c:475:23: note: expanded from macro 'EXTRACT64'
  475 | #define EXTRACT64(X) ({ \
      |                       ^
/home/builder/build/src/libxcrypt-4.5.2/lib/alg-yescrypt-opt.c:789:3: warning: use of GNU statement expression extension from macro expansion [-Wgnu-statement-expression-from-macro-expansion]
/home/builder/build/src/libxcrypt-4.5.2/lib/alg-yescrypt-opt.c:636:2: note: expanded from macro 'PWXFORM'
  636 |         PWXFORM_ROUND PWXFORM_WRITE \
      |         ^
/home/builder/build/src/libxcrypt-4.5.2/lib/alg-yescrypt-opt.c:588:2: note: expanded from macro 'PWXFORM_ROUND'
  588 |         PWXFORM_SIMD(X0) \
      |         ^
/home/builder/build/src/libxcrypt-4.5.2/lib/alg-yescrypt-opt.c:525:42: note: expanded from macro 'PWXFORM_SIMD'
  525 |         uint32_t lo = (uint32_t)(x = ((uint64_t)EXTRACT64(X)) & Smask2reg); \
      |                                                 ^
/home/builder/build/src/libxcrypt-4.5.2/lib/alg-yescrypt-opt.c:475:23: note: expanded from macro 'EXTRACT64'
  475 | #define EXTRACT64(X) ({ \
      |                       ^
/home/builder/build/src/libxcrypt-4.5.2/lib/alg-yescrypt-opt.c:789:3: warning: use of GNU statement expression extension from macro expansion [-Wgnu-statement-expression-from-macro-expansion]
/home/builder/build/src/libxcrypt-4.5.2/lib/alg-yescrypt-opt.c:636:2: note: expanded from macro 'PWXFORM'
  636 |         PWXFORM_ROUND PWXFORM_WRITE \
      |         ^
/home/builder/build/src/libxcrypt-4.5.2/lib/alg-yescrypt-opt.c:589:2: note: expanded from macro 'PWXFORM_ROUND'
  589 |         PWXFORM_SIMD(X1) \
      |         ^
/home/builder/build/src/libxcrypt-4.5.2/lib/alg-yescrypt-opt.c:525:42: note: expanded from macro 'PWXFORM_SIMD'
  525 |         uint32_t lo = (uint32_t)(x = ((uint64_t)EXTRACT64(X)) & Smask2reg); \
      |                                                 ^
/home/builder/build/src/libxcrypt-4.5.2/lib/alg-yescrypt-opt.c:475:23: note: expanded from macro 'EXTRACT64'
  475 | #define EXTRACT64(X) ({ \
      |                       ^
/home/builder/build/src/libxcrypt-4.5.2/lib/alg-yescrypt-opt.c:789:3: warning: use of GNU statement expression extension from macro expansion [-Wgnu-statement-expression-from-macro-expansion]
/home/builder/build/src/libxcrypt-4.5.2/lib/alg-yescrypt-opt.c:636:2: note: expanded from macro 'PWXFORM'
  636 |         PWXFORM_ROUND PWXFORM_WRITE \
      |         ^
/home/builder/build/src/libxcrypt-4.5.2/lib/alg-yescrypt-opt.c:590:2: note: expanded from macro 'PWXFORM_ROUND'
  590 |         PWXFORM_SIMD(X2) \
      |         ^
/home/builder/build/src/libxcrypt-4.5.2/lib/alg-yescrypt-opt.c:525:42: note: expanded from macro 'PWXFORM_SIMD'
  525 |         uint32_t lo = (uint32_t)(x = ((uint64_t)EXTRACT64(X)) & Smask2reg); \
      |                                                 ^
/home/builder/build/src/libxcrypt-4.5.2/lib/alg-yescrypt-opt.c:475:23: note: expanded from macro 'EXTRACT64'
  475 | #define EXTRACT64(X) ({ \
      |                       ^
/home/builder/build/src/libxcrypt-4.5.2/lib/alg-yescrypt-opt.c:789:3: warning: use of GNU statement expression extension from macro expansion [-Wgnu-statement-expression-from-macro-expansion]
/home/builder/build/src/libxcrypt-4.5.2/lib/alg-yescrypt-opt.c:636:2: note: expanded from macro 'PWXFORM'
  636 |         PWXFORM_ROUND PWXFORM_WRITE \
      |         ^
/home/builder/build/src/libxcrypt-4.5.2/lib/alg-yescrypt-opt.c:591:2: note: expanded from macro 'PWXFORM_ROUND'
  591 |         PWXFORM_SIMD(X3)
      |         ^
/home/builder/build/src/libxcrypt-4.5.2/lib/alg-yescrypt-opt.c:525:42: note: expanded from macro 'PWXFORM_SIMD'
  525 |         uint32_t lo = (uint32_t)(x = ((uint64_t)EXTRACT64(X)) & Smask2reg); \
      |                                                 ^
/home/builder/build/src/libxcrypt-4.5.2/lib/alg-yescrypt-opt.c:475:23: note: expanded from macro 'EXTRACT64'
  475 | #define EXTRACT64(X) ({ \
      |                       ^
/home/builder/build/src/libxcrypt-4.5.2/lib/alg-yescrypt-opt.c:789:3: warning: use of GNU statement expression extension from macro expansion [-Wgnu-statement-expression-from-macro-expansion]
/home/builder/build/src/libxcrypt-4.5.2/lib/alg-yescrypt-opt.c:637:2: note: expanded from macro 'PWXFORM'
  637 |         PWXFORM_ROUND PWXFORM_WRITE \
      |         ^
/home/builder/build/src/libxcrypt-4.5.2/lib/alg-yescrypt-opt.c:588:2: note: expanded from macro 'PWXFORM_ROUND'
  588 |         PWXFORM_SIMD(X0) \
      |         ^
/home/builder/build/src/libxcrypt-4.5.2/lib/alg-yescrypt-opt.c:525:42: note: expanded from macro 'PWXFORM_SIMD'
  525 |         uint32_t lo = (uint32_t)(x = ((uint64_t)EXTRACT64(X)) & Smask2reg); \
      |                                                 ^
/home/builder/build/src/libxcrypt-4.5.2/lib/alg-yescrypt-opt.c:475:23: note: expanded from macro 'EXTRACT64'
  475 | #define EXTRACT64(X) ({ \
      |                       ^
/home/builder/build/src/libxcrypt-4.5.2/lib/alg-yescrypt-opt.c:789:3: warning: use of GNU statement expression extension from macro expansion [-Wgnu-statement-expression-from-macro-expansion]
/home/builder/build/src/libxcrypt-4.5.2/lib/alg-yescrypt-opt.c:637:2: note: expanded from macro 'PWXFORM'
  637 |         PWXFORM_ROUND PWXFORM_WRITE \
      |         ^
/home/builder/build/src/libxcrypt-4.5.2/lib/alg-yescrypt-opt.c:589:2: note: expanded from macro 'PWXFORM_ROUND'
  589 |         PWXFORM_SIMD(X1) \
      |         ^
/home/builder/build/src/libxcrypt-4.5.2/lib/alg-yescrypt-opt.c:525:42: note: expanded from macro 'PWXFORM_SIMD'
  525 |         uint32_t lo = (uint32_t)(x = ((uint64_t)EXTRACT64(X)) & Smask2reg); \
      |                                                 ^
/home/builder/build/src/libxcrypt-4.5.2/lib/alg-yescrypt-opt.c:475:23: note: expanded from macro 'EXTRACT64'
  475 | #define EXTRACT64(X) ({ \
      |                       ^
/home/builder/build/src/libxcrypt-4.5.2/lib/alg-yescrypt-opt.c:789:3: warning: use of GNU statement expression extension from macro expansion [-Wgnu-statement-expression-from-macro-expansion]
/home/builder/build/src/libxcrypt-4.5.2/lib/alg-yescrypt-opt.c:637:2: note: expanded from macro 'PWXFORM'
  637 |         PWXFORM_ROUND PWXFORM_WRITE \
      |         ^
/home/builder/build/src/libxcrypt-4.5.2/lib/alg-yescrypt-opt.c:590:2: note: expanded from macro 'PWXFORM_ROUND'
  590 |         PWXFORM_SIMD(X2) \
      |         ^
/home/builder/build/src/libxcrypt-4.5.2/lib/alg-yescrypt-opt.c:525:42: note: expanded from macro 'PWXFORM_SIMD'
  525 |         uint32_t lo = (uint32_t)(x = ((uint64_t)EXTRACT64(X)) & Smask2reg); \
      |                                                 ^
/home/builder/build/src/libxcrypt-4.5.2/lib/alg-yescrypt-opt.c:475:23: note: expanded from macro 'EXTRACT64'
  475 | #define EXTRACT64(X) ({ \
      |                       ^
/home/builder/build/src/libxcrypt-4.5.2/lib/alg-yescrypt-opt.c:789:3: warning: use of GNU statement expression extension from macro expansion [-Wgnu-statement-expression-from-macro-expansion]
/home/builder/build/src/libxcrypt-4.5.2/lib/alg-yescrypt-opt.c:637:2: note: expanded from macro 'PWXFORM'
  637 |         PWXFORM_ROUND PWXFORM_WRITE \
      |         ^
/home/builder/build/src/libxcrypt-4.5.2/lib/alg-yescrypt-opt.c:591:2: note: expanded from macro 'PWXFORM_ROUND'
  591 |         PWXFORM_SIMD(X3)
      |         ^
/home/builder/build/src/libxcrypt-4.5.2/lib/alg-yescrypt-opt.c:525:42: note: expanded from macro 'PWXFORM_SIMD'
  525 |         uint32_t lo = (uint32_t)(x = ((uint64_t)EXTRACT64(X)) & Smask2reg); \
      |                                                 ^
/home/builder/build/src/libxcrypt-4.5.2/lib/alg-yescrypt-opt.c:475:23: note: expanded from macro 'EXTRACT64'
  475 | #define EXTRACT64(X) ({ \
      |                       ^
/home/builder/build/src/libxcrypt-4.5.2/lib/alg-yescrypt-opt.c:789:3: warning: use of GNU statement expression extension from macro expansion [-Wgnu-statement-expression-from-macro-expansion]
/home/builder/build/src/libxcrypt-4.5.2/lib/alg-yescrypt-opt.c:638:2: note: expanded from macro 'PWXFORM'
  638 |         PWXFORM_ROUND \
      |         ^
/home/builder/build/src/libxcrypt-4.5.2/lib/alg-yescrypt-opt.c:588:2: note: expanded from macro 'PWXFORM_ROUND'
  588 |         PWXFORM_SIMD(X0) \
      |         ^
/home/builder/build/src/libxcrypt-4.5.2/lib/alg-yescrypt-opt.c:525:42: note: expanded from macro 'PWXFORM_SIMD'
  525 |         uint32_t lo = (uint32_t)(x = ((uint64_t)EXTRACT64(X)) & Smask2reg); \
      |                                                 ^
/home/builder/build/src/libxcrypt-4.5.2/lib/alg-yescrypt-opt.c:475:23: note: expanded from macro 'EXTRACT64'
  475 | #define EXTRACT64(X) ({ \
      |                       ^
/home/builder/build/src/libxcrypt-4.5.2/lib/alg-yescrypt-opt.c:789:3: warning: use of GNU statement expression extension from macro expansion [-Wgnu-statement-expression-from-macro-expansion]
/home/builder/build/src/libxcrypt-4.5.2/lib/alg-yescrypt-opt.c:638:2: note: expanded from macro 'PWXFORM'
  638 |         PWXFORM_ROUND \
      |         ^
/home/builder/build/src/libxcrypt-4.5.2/lib/alg-yescrypt-opt.c:589:2: note: expanded from macro 'PWXFORM_ROUND'
  589 |         PWXFORM_SIMD(X1) \
      |         ^
/home/builder/build/src/libxcrypt-4.5.2/lib/alg-yescrypt-opt.c:525:42: note: expanded from macro 'PWXFORM_SIMD'
  525 |         uint32_t lo = (uint32_t)(x = ((uint64_t)EXTRACT64(X)) & Smask2reg); \
      |                                                 ^
/home/builder/build/src/libxcrypt-4.5.2/lib/alg-yescrypt-opt.c:475:23: note: expanded from macro 'EXTRACT64'
  475 | #define EXTRACT64(X) ({ \
      |                       ^
mv -f lib/.deps/libcrypt_la-crypt-pbkdf1-sha1.Tpo lib/.deps/libcrypt_la-crypt-pbkdf1-sha1.Plo
/home/builder/build/src/libxcrypt-4.5.2/lib/alg-yescrypt-opt.c:789:3: warning: use of GNU statement expression extension from macro expansion [-Wgnu-statement-expression-from-macro-expansion]
/home/builder/build/src/libxcrypt-4.5.2/lib/alg-yescrypt-opt.c:638:2: note: expanded from macro 'PWXFORM'
  638 |         PWXFORM_ROUND \
      |         ^
/home/builder/build/src/libxcrypt-4.5.2/lib/alg-yescrypt-opt.c:590:2: note: expanded from macro 'PWXFORM_ROUND'
  590 |         PWXFORM_SIMD(X2) \
      |         ^
/home/builder/build/src/libxcrypt-4.5.2/lib/alg-yescrypt-opt.c:525:42: note: expanded from macro 'PWXFORM_SIMD'
  525 |         uint32_t lo = (uint32_t)(x = ((uint64_t)EXTRACT64(X)) & Smask2reg); \
      |                                                 ^
/home/builder/build/src/libxcrypt-4.5.2/lib/alg-yescrypt-opt.c:475:23: note: expanded from macro 'EXTRACT64'
  475 | #define EXTRACT64(X) ({ \
      |                       ^
/home/builder/build/src/libxcrypt-4.5.2/lib/alg-yescrypt-opt.c:789:3: warning: use of GNU statement expression extension from macro expansion [-Wgnu-statement-expression-from-macro-expansion]
/home/builder/build/src/libxcrypt-4.5.2/lib/alg-yescrypt-opt.c:638:2: note: expanded from macro 'PWXFORM'
  638 |         PWXFORM_ROUND \
      |         ^
/home/builder/build/src/libxcrypt-4.5.2/lib/alg-yescrypt-opt.c:591:2: note: expanded from macro 'PWXFORM_ROUND'
  591 |         PWXFORM_SIMD(X3)
      |         ^
/home/builder/build/src/libxcrypt-4.5.2/lib/alg-yescrypt-opt.c:525:42: note: expanded from macro 'PWXFORM_SIMD'
  525 |         uint32_t lo = (uint32_t)(x = ((uint64_t)EXTRACT64(X)) & Smask2reg); \
      |                                                 ^
/home/builder/build/src/libxcrypt-4.5.2/lib/alg-yescrypt-opt.c:475:23: note: expanded from macro 'EXTRACT64'
  475 | #define EXTRACT64(X) ({ \
      |                       ^
/home/builder/build/src/libxcrypt-4.5.2/lib/alg-yescrypt-opt.c:793:3: warning: use of GNU statement expression extension from macro expansion [-Wgnu-statement-expression-from-macro-expansion]
  793 |                 PWXFORM
      |                 ^
/home/builder/build/src/libxcrypt-4.5.2/lib/alg-yescrypt-opt.c:633:2: note: expanded from macro 'PWXFORM'
  633 |         PWXFORM_ROUND \
      |         ^
/home/builder/build/src/libxcrypt-4.5.2/lib/alg-yescrypt-opt.c:588:2: note: expanded from macro 'PWXFORM_ROUND'
  588 |         PWXFORM_SIMD(X0) \
      |         ^
/home/builder/build/src/libxcrypt-4.5.2/lib/alg-yescrypt-opt.c:525:42: note: expanded from macro 'PWXFORM_SIMD'
  525 |         uint32_t lo = (uint32_t)(x = ((uint64_t)EXTRACT64(X)) & Smask2reg); \
      |                                                 ^
/home/builder/build/src/libxcrypt-4.5.2/lib/alg-yescrypt-opt.c:475:23: note: expanded from macro 'EXTRACT64'
  475 | #define EXTRACT64(X) ({ \
      |                       ^
/home/builder/build/src/libxcrypt-4.5.2/lib/alg-yescrypt-opt.c:793:3: warning: use of GNU statement expression extension from macro expansion [-Wgnu-statement-expression-from-macro-expansion]
/home/builder/build/src/libxcrypt-4.5.2/lib/alg-yescrypt-opt.c:633:2: note: expanded from macro 'PWXFORM'
  633 |         PWXFORM_ROUND \
      |         ^
/home/builder/build/src/libxcrypt-4.5.2/lib/alg-yescrypt-opt.c:589:2: note: expanded from macro 'PWXFORM_ROUND'
  589 |         PWXFORM_SIMD(X1) \
      |         ^
/home/builder/build/src/libxcrypt-4.5.2/lib/alg-yescrypt-opt.c:525:42: note: expanded from macro 'PWXFORM_SIMD'
  525 |         uint32_t lo = (uint32_t)(x = ((uint64_t)EXTRACT64(X)) & Smask2reg); \
      |                                                 ^
/home/builder/build/src/libxcrypt-4.5.2/lib/alg-yescrypt-opt.c:475:23: note: expanded from macro 'EXTRACT64'
  475 | #define EXTRACT64(X) ({ \
      |                       ^
/home/builder/build/src/libxcrypt-4.5.2/lib/alg-yescrypt-opt.c:793:3: warning: use of GNU statement expression extension from macro expansion [-Wgnu-statement-expression-from-macro-expansion]
/home/builder/build/src/libxcrypt-4.5.2/lib/alg-yescrypt-opt.c:633:2: note: expanded from macro 'PWXFORM'
  633 |         PWXFORM_ROUND \
      |         ^
/home/builder/build/src/libxcrypt-4.5.2/lib/alg-yescrypt-opt.c:590:2: note: expanded from macro 'PWXFORM_ROUND'
  590 |         PWXFORM_SIMD(X2) \
      |         ^
/home/builder/build/src/libxcrypt-4.5.2/lib/alg-yescrypt-opt.c:525:42: note: expanded from macro 'PWXFORM_SIMD'
  525 |         uint32_t lo = (uint32_t)(x = ((uint64_t)EXTRACT64(X)) & Smask2reg); \
      |                                                 ^
/home/builder/build/src/libxcrypt-4.5.2/lib/alg-yescrypt-opt.c:475:23: note: expanded from macro 'EXTRACT64'
  475 | #define EXTRACT64(X) ({ \
      |                       ^
/home/builder/build/src/libxcrypt-4.5.2/lib/alg-yescrypt-opt.c:793:3: warning: use of GNU statement expression extension from macro expansion [-Wgnu-statement-expression-from-macro-expansion]
/home/builder/build/src/libxcrypt-4.5.2/lib/alg-yescrypt-opt.c:633:2: note: expanded from macro 'PWXFORM'
  633 |         PWXFORM_ROUND \
      |         ^
/home/builder/build/src/libxcrypt-4.5.2/lib/alg-yescrypt-opt.c:591:2: note: expanded from macro 'PWXFORM_ROUND'
  591 |         PWXFORM_SIMD(X3)
      |         ^
/home/builder/build/src/libxcrypt-4.5.2/lib/alg-yescrypt-opt.c:525:42: note: expanded from macro 'PWXFORM_SIMD'
  525 |         uint32_t lo = (uint32_t)(x = ((uint64_t)EXTRACT64(X)) & Smask2reg); \
      |                                                 ^
/home/builder/build/src/libxcrypt-4.5.2/lib/alg-yescrypt-opt.c:475:23: note: expanded from macro 'EXTRACT64'
  475 | #define EXTRACT64(X) ({ \
      |                       ^
/home/builder/build/src/libxcrypt-4.5.2/lib/alg-yescrypt-opt.c:793:3: warning: use of GNU statement expression extension from macro expansion [-Wgnu-statement-expression-from-macro-expansion]
/home/builder/build/src/libxcrypt-4.5.2/lib/alg-yescrypt-opt.c:634:2: note: expanded from macro 'PWXFORM'
  634 |         PWXFORM_ROUND PWXFORM_WRITE \
      |         ^
/home/builder/build/src/libxcrypt-4.5.2/lib/alg-yescrypt-opt.c:588:2: note: expanded from macro 'PWXFORM_ROUND'
  588 |         PWXFORM_SIMD(X0) \
      |         ^
/home/builder/build/src/libxcrypt-4.5.2/lib/alg-yescrypt-opt.c:525:42: note: expanded from macro 'PWXFORM_SIMD'
  525 |         uint32_t lo = (uint32_t)(x = ((uint64_t)EXTRACT64(X)) & Smask2reg); \
      |                                                 ^
/home/builder/build/src/libxcrypt-4.5.2/lib/alg-yescrypt-opt.c:475:23: note: expanded from macro 'EXTRACT64'
  475 | #define EXTRACT64(X) ({ \
      |                       ^
/home/builder/build/src/libxcrypt-4.5.2/lib/alg-yescrypt-opt.c:793:3: warning: use of GNU statement expression extension from macro expansion [-Wgnu-statement-expression-from-macro-expansion]
/home/builder/build/src/libxcrypt-4.5.2/lib/alg-yescrypt-opt.c:634:2: note: expanded from macro 'PWXFORM'
  634 |         PWXFORM_ROUND PWXFORM_WRITE \
      |         ^
/home/builder/build/src/libxcrypt-4.5.2/lib/alg-yescrypt-opt.c:589:2: note: expanded from macro 'PWXFORM_ROUND'
  589 |         PWXFORM_SIMD(X1) \
      |         ^
/home/builder/build/src/libxcrypt-4.5.2/lib/alg-yescrypt-opt.c:525:42: note: expanded from macro 'PWXFORM_SIMD'
  525 |         uint32_t lo = (uint32_t)(x = ((uint64_t)EXTRACT64(X)) & Smask2reg); \
      |                                                 ^
/home/builder/build/src/libxcrypt-4.5.2/lib/alg-yescrypt-opt.c:475:23: note: expanded from macro 'EXTRACT64'
  475 | #define EXTRACT64(X) ({ \
      |                       ^
/home/builder/build/src/libxcrypt-4.5.2/lib/alg-yescrypt-opt.c:793:3: warning: use of GNU statement expression extension from macro expansion [-Wgnu-statement-expression-from-macro-expansion]
/home/builder/build/src/libxcrypt-4.5.2/lib/alg-yescrypt-opt.c:634:2: note: expanded from macro 'PWXFORM'
  634 |         PWXFORM_ROUND PWXFORM_WRITE \
      |         ^
/home/builder/build/src/libxcrypt-4.5.2/lib/alg-yescrypt-opt.c:590:2: note: expanded from macro 'PWXFORM_ROUND'
  590 |         PWXFORM_SIMD(X2) \
      |         ^
/home/builder/build/src/libxcrypt-4.5.2/lib/alg-yescrypt-opt.c:525:42: note: expanded from macro 'PWXFORM_SIMD'
  525 |         uint3/bin/sh ./libtool  --tag=CC   --mode=compile clang -DHAVE_CONFIG_H -I. -I/home/builder/build/src/libxcrypt-4.5.2  -I/home/builder/build/src/libxcrypt-4.5.2/lib -DIN_LIBCRYPT  -Wall -Wextra -Walloca -Wbad-function-cast -Wcast-align -Wcast-qual -Wconversion -Wformat=2 -Wformat-signedness -Wmissing-declarations -Wmissing-prototypes -Wnested-externs -Wnull-dereference -Wold-style-definition -Wpointer-arith -Wshadow -Wstrict-overflow=2 -Wstrict-prototypes -Wundef -Wvla -Wwrite-strings -Wpedantic -fno-plt -march=x86-64-v3 -O2 -pipe -fno-plt -fexceptions         -Wp,-D_FORTIFY_SOURCE=3 -fstack-clash-protection -fcf-protection -MT lib/libcrypt_la-util-get-random-bytes.lo -MD -MP -MF lib/.deps/libcrypt_la-util-get-random-bytes.Tpo -c -o lib/libcrypt_la-util-get-random-bytes.lo `test -f 'lib/util-get-random-bytes.c' || echo '/home/builder/build/src/libxcrypt-4.5.2/'`lib/util-get-random-bytes.c
2_t lo = (uint32_t)(x = ((uint64_t)EXTRACT64(X)) & Smask2reg); \
      |                                                 ^
/home/builder/build/src/libxcrypt-4.5.2/lib/alg-yescrypt-opt.c:475:23: note: expanded from macro 'EXTRACT64'
  475 | #define EXTRACT64(X) ({ \
      |                       ^
/home/builder/build/src/libxcrypt-4.5.2/lib/alg-yescrypt-opt.c:793:3: warning: use of GNU statement expression extension from macro expansion [-Wgnu-statement-expression-from-macro-expansion]
/home/builder/build/src/libxcrypt-4.5.2/lib/alg-yescrypt-opt.c:634:2: note: expanded from macro 'PWXFORM'
  634 |         PWXFORM_ROUND PWXFORM_WRITE \
      |         ^
/home/builder/build/src/libxcrypt-4.5.2/lib/alg-yescrypt-opt.c:591:2: note: expanded from macro 'PWXFORM_ROUND'
  591 |         PWXFORM_SIMD(X3)
      |         ^
/home/builder/build/src/libxcrypt-4.5.2/lib/alg-yescrypt-opt.c:525:42: note: expanded from macro 'PWXFORM_SIMD'
  525 |         uint32_t lo = (uint32_t)(x = ((uint64_t)EXTRACT64(X)) & Smask2reg); \
      |                                                 ^
/home/builder/build/src/libxcrypt-4.5.2/lib/alg-yescrypt-opt.c:475:23: note: expanded from macro 'EXTRACT64'
  475 | #define EXTRACT64(X) ({ \
      |                       ^
/home/builder/build/src/libxcrypt-4.5.2/lib/alg-yescrypt-opt.c:793:3: warning: use of GNU statement expression extension from macro expansion [-Wgnu-statement-expression-from-macro-expansion]
/home/builder/build/src/libxcrypt-4.5.2/lib/alg-yescrypt-opt.c:635:2: note: expanded from macro 'PWXFORM'
  635 |         PWXFORM_ROUND PWXFORM_WRITE \
      |         ^
/home/builder/build/src/libxcrypt-4.5.2/lib/alg-yescrypt-opt.c:588:2: note: expanded from macro 'PWXFORM_ROUND'
  588 |         PWXFORM_SIMD(X0) \
      |         ^
/home/builder/build/src/libxcrypt-4.5.2/lib/alg-yescrypt-opt.c:525:42: note: expanded from macro 'PWXFORM_SIMD'
  525 |         uint32_t lo = (uint32_t)(x = ((uint64_t)EXTRACT64(X)) & Smask2reg); \
      |                                                 ^
/home/builder/build/src/libxcrypt-4.5.2/lib/alg-yescrypt-opt.c:475:23: note: expanded from macro 'EXTRACT64'
  475 | #define EXTRACT64(X) ({ \
      |                       ^
/home/builder/build/src/libxcrypt-4.5.2/lib/alg-yescrypt-opt.c:793:3: warning: use of GNU statement expression extension from macro expansion [-Wgnu-statement-expression-from-macro-expansion]
/home/builder/build/src/libxcrypt-4.5.2/lib/alg-yescrypt-opt.c:635:2: note: expanded from macro 'PWXFORM'
  635 |         PWXFORM_ROUND PWXFORM_WRITE \
      |         ^
/home/builder/build/src/libxcrypt-4.5.2/lib/alg-yescrypt-opt.c:589:2: note: expanded from macro 'PWXFORM_ROUND'
  589 |         PWXFORM_SIMD(X1) \
      |         ^
/home/builder/build/src/libxcrypt-4.5.2/lib/alg-yescrypt-opt.c:525:42: note: expanded from macro 'PWXFORM_SIMD'
  525 |         uint32_t lo = (uint32_t)(x = ((uint64_t)EXTRACT64(X)) & Smask2reg); \
      |                                                 ^
/home/builder/build/src/libxcrypt-4.5.2/lib/alg-yescrypt-opt.c:475:23: note: expanded from macro 'EXTRACT64'
  475 | #define EXTRACT64(X) ({ \
      |                       ^
/home/builder/build/src/libxcrypt-4.5.2/lib/alg-yescrypt-opt.c:793:3: warning: use of GNU statement expression extension from macro expansion [-Wgnu-statement-expression-from-macro-expansion]
/home/builder/build/src/libxcrypt-4.5.2/lib/alg-yescrypt-opt.c:635:2: note: expanded from macro 'PWXFORM'
  635 |         PWXFORM_ROUND PWXFORM_WRITE \
      |         ^
/home/builder/build/src/libxcrypt-4.5.2/lib/alg-yescrypt-opt.c:590:2: note: expanded from macro 'PWXFORM_ROUND'
  590 |         PWXFORM_SIMD(X2) \
      |         ^
/home/builder/build/src/libxcrypt-4.5.2/lib/alg-yescrypt-opt.c:525:42: note: expanded from macro 'PWXFORM_SIMD'
  525 |         uint32_t lo = (uint32_t)(x = ((uint64_t)EXTRACT64(X)) & Smask2reg); \
      |                                                 ^
/home/builder/build/src/libxcrypt-4.5.2/lib/alg-yescrypt-opt.c:475:23: note: expanded from macro 'EXTRACT64'
  475 | #define EXTRACT64(X) ({ \
      |                       ^
/home/builder/build/src/libxcrypt-4.5.2/lib/alg-yescrypt-opt.c:793:3: warning: use of GNU statement expression extension from macro expansion [-Wgnu-statement-expression-from-macro-expansion]
/home/builder/build/src/libxcrypt-4.5.2/lib/alg-yescrypt-opt.c:635:2: note: expanded from macro 'PWXFORM'
  635 |         PWXFORM_ROUND PWXFORM_WRITE \
      |         ^
/home/builder/build/src/libxcrypt-4.5.2/lib/alg-yescrypt-opt.c:591:2: note: expanded from macro 'PWXFORM_ROUND'
  591 |         PWXFORM_SIMD(X3)
      |         ^
/home/builder/build/src/libxcrypt-4.5.2/lib/alg-yescrypt-opt.c:525:42: note: expanded from macro 'PWXFORM_SIMD'
  525 |         uint32_t lo = (uint32_t)(x = ((uint64_t)EXTRACT64(X)) & Smask2reg); \
      |                                                 ^
/home/builder/build/src/libxcrypt-4.5.2/lib/alg-yescrypt-opt.c:475:23: note: expanded from macro 'EXTRACT64'
  475 | #define EXTRACT64(X) ({ \
      |                       ^
/home/builder/build/src/libxcrypt-4.5.2/lib/alg-yescrypt-opt.c:793:3: warning: use of GNU statement expression extension from macro expansion [-Wgnu-statement-expression-from-macro-expansion]
/home/builder/build/src/libxcrypt-4.5.2/lib/alg-yescrypt-opt.c:636:2: note: expanded from macro 'PWXFORM'
  636 |         PWXFORM_ROUND PWXFORM_WRITE \
      |         ^
/home/builder/build/src/libxcrypt-4.5.2/lib/alg-yescrypt-opt.c:588:2: note: expanded from macro 'PWXFORM_ROUND'
  588 |         PWXFORM_SIMD(X0) \
      |         ^
/home/builder/build/src/libxcrypt-4.5.2/lib/alg-yescrypt-opt.c:525:42: note: expanded from macro 'PWXFORM_SIMD'
  525 |         uint32_t lo = (uint32_t)(x = ((uint64_t)EXTRACT64(X)) & Smask2reg); \
      |                                                 ^
/home/builder/build/src/libxcrypt-4.5.2/lib/alg-yescrypt-opt.c:475:23: note: expanded from macro 'EXTRACT64'
  475 | #define EXTRACT64(X) ({ \
      |                       ^
/home/builder/build/src/libxcrypt-4.5.2/lib/alg-yescrypt-opt.c:793:3: warning: use of GNU statement expression extension from macro expansion [-Wgnu-statement-expression-from-macro-expansion]
/home/builder/build/src/libxcrypt-4.5.2/lib/alg-yescrypt-opt.c:636:2: note: expanded from macro 'PWXFORM'
  636 |         PWXFORM_ROUND PWXFORM_WRITE \
      |         ^
/home/builder/build/src/libxcrypt-4.5.2/lib/alg-yescrypt-opt.c:589:2: note: expanded from macro 'PWXFORM_ROUND'
  589 |         PWXFORM_SIMD(X1) \
      |         ^
/home/builder/build/src/libxcrypt-4.5.2/lib/alg-yescrypt-opt.c:525:42: note: expanded from macro 'PWXFORM_SIMD'
  525 |         uint32_t lo = (uint32_t)(x = ((uint64_t)EXTRACT64(X)) & Smask2reg); \
      |                                                 ^
/home/builder/build/src/libxcrypt-4.5.2/lib/alg-yescrypt-opt.c:475:23: note: expanded from macro 'EXTRACT64'
  475 | #define EXTRACT64(X) ({ \
      |                       ^
/home/builder/build/src/libxcrypt-4.5.2/lib/alg-yescrypt-opt.c:793:3: warning: use of GNU statement expression extension from macro expansion [-Wgnu-statement-expression-from-macro-expansion]
/home/builder/build/src/libxcrypt-4.5.2/lib/alg-yescrypt-opt.c:636:2: note: expanded from macro 'PWXFORM'
  636 |         PWXFORM_ROUND PWXFORM_WRITE \
      |         ^
/home/builder/build/src/libxcrypt-4.5.2/lib/alg-yescrypt-opt.c:590:2: note: expanded from macro 'PWXFORM_ROUND'
  590 |         PWXFORM_SIMD(X2) \
      |         ^
/home/builder/build/src/libxcrypt-4.5.2/lib/alg-yescrypt-opt.c:525:42: note: expanded from macro 'PWXFORM_SIMD'
  525 |         uint32_t lo = (uint32_t)(x = ((uint64_t)EXTRACT64(X)) & Smask2reg); \
      |                                                 ^
/home/builder/build/src/libxcrypt-4.5.2/lib/alg-yescrypt-opt.c:475:23: note: expanded from macro 'EXTRACT64'
  475 | #define EXTRACT64(X) ({ \
      |                       ^
/home/builder/build/src/libxcrypt-4.5.2/lib/alg-yescrypt-opt.c:793:3: warning: use of GNU statement expression extension from macro expansion [-Wgnu-statement-expression-from-macro-expansion]
/home/builder/build/src/libxcrypt-4.5.2/lib/alg-yescrypt-opt.c:636:2: note: expanded from macro 'PWXFORM'
  636 |         PWXFORM_ROUND PWXFORM_WRITE \
      |         ^
/home/builder/build/src/libxcrypt-4.5.2/lib/alg-yescrypt-opt.c:591:2: note: expanded from macro 'PWXFORM_ROUND'
  591 |         PWXFORM_SIMD(X3)
      |         ^
/home/builder/build/src/libxcrypt-4.5.2/lib/alg-yescrypt-opt.c:525:42: note: expanded from macro 'PWXFORM_SIMD'
  525 |         uint32_t lo = (uint32_t)(x = ((uint64_t)EXTRACT64(X)) & Smask2reg); \
      |                                                 ^
/home/builder/build/src/libxcrypt-4.5.2/lib/alg-yescrypt-opt.c:475:23: note: expanded from macro 'EXTRACT64'
  475 | #define EXTRACT64(X) ({ \
      |                       ^
libtool: compile:  clang -DHAVE_CONFIG_H -I. -I/home/builder/build/src/libxcrypt-4.5.2 -I/home/builder/build/src/libxcrypt-4.5.2/lib -DIN_LIBCRYPT -Wall -Wextra -Walloca -Wbad-function-cast -Wcast-align -Wcast-qual -Wconversion -Wformat=2 -Wformat-signedness -Wmissing-declarations -Wmissing-prototypes -Wnested-externs -Wnull-dereference -Wold-style-definition -Wpointer-arith -Wshadow -Wstrict-overflow=2 -Wstrict-prototypes -Wundef -Wvla -Wwrite-strings -Wpedantic -fno-plt -march=x86-64-v3 -O2 -pipe -fno-plt -fexceptions -Wp,-D_FORTIFY_SOURCE=3 -fstack-clash-protection -fcf-protection -MT lib/libcrypt_la-crypt-static.lo -MD -MP -MF lib/.deps/libcrypt_la-crypt-static.Tpo -c /home/builder/build/src/libxcrypt-4.5.2/lib/crypt-static.c  -fPIC -DPIC -o lib/.libs/libcrypt_la-crypt-static.o
/home/builder/build/src/libxcrypt-4.5.2/lib/alg-yescrypt-opt.c:793:3: warning: use of GNU statement expression extension from macro expansion [-Wgnu-statement-expression-from-macro-expansion]
/home/builder/build/src/libxcrypt-4.5.2/lib/alg-yescrypt-opt.c:637:2: note: expanded from macro 'PWXFORM'
  637 |         PWXFORM_ROUND PWXFORM_WRITE \
      |         ^
/home/builder/build/src/libxcrypt-4.5.2/lib/alg-yescrypt-opt.c:588:2: note: expanded from macro 'PWXFORM_ROUND'
  588 |         PWXFORM_SIMD(X0) \
      |         ^
/home/builder/build/src/libxcrypt-4.5.2/lib/alg-yescrypt-opt.c:525:42: note: expanded from macro 'PWXFORM_SIMD'
  525 |         uint32_t lo = (uint32_t)(x = ((uint64_t)EXTRACT64(X)) & Smask2reg); \
      |                                                 ^
/home/builder/build/src/libxcrypt-4.5.2/lib/alg-yescrypt-opt.c:475:23: note: expanded from macro 'EXTRACT64'
  475 | #define EXTRACT64(X) ({ \
      |                       ^
/home/builder/build/src/libxcrypt-4.5.2/lib/alg-yescrypt-opt.c:793:3: warning: use of GNU statement expression extension from macro expansion [-Wgnu-statement-expression-from-macro-expansion]
/home/builder/build/src/libxcrypt-4.5.2/lib/alg-yescrypt-opt.c:637:2: note: expanded from macro 'PWXFORM'
  637 |         PWXFORM_ROUND PWXFORM_WRITE \
      |         ^
/home/builder/build/src/libxcrypt-4.5.2/lib/alg-yescrypt-opt.c:589:2: note: expanded from macro 'PWXFORM_ROUND'
  589 |         PWXFORM_SIMD(X1) \
      |         ^
/home/builder/build/src/libxcrypt-4.5.2/lib/alg-yescrypt-opt.c:525:42: note: expanded from macro 'PWXFORM_SIMD'
  525 |         uint32_t lo = (uint32_t)(x = ((uint64_t)EXTRACT64(X)) & Smask2reg); \
      |                                                 ^
/home/builder/build/src/libxcrypt-4.5.2/lib/alg-yescrypt-opt.c:475:23: note: expanded from macro 'EXTRACT64'
  475 | #define EXTRACT64(X) ({ \
      |                       ^
/home/builder/build/src/libxcrypt-4.5.2/lib/alg-yescrypt-opt.c:793:3: warning: use of GNU statement expression extension from macro expansion [-Wgnu-statement-expression-from-macro-expansion]
/home/builder/build/src/libxcrypt-4.5.2/lib/alg-yescrypt-opt.c:637:2: note: expanded from macro 'PWXFORM'
  637 |         PWXFORM_ROUND PWXFORM_WRITE \
      |         ^
/home/builder/build/src/libxcrypt-4.5.2/lib/alg-yescrypt-opt.c:590:2: note: expanded from macro 'PWXFORM_ROUND'
  590 |         PWXFORM_SIMD(X2) \
      |         ^
/home/builder/build/src/libxcrypt-4.5.2/lib/alg-yescrypt-opt.c:525:42: note: expanded from macro 'PWXFORM_SIMD'
  525 |         uint32_t lo = (uint32_t)(x = ((uint64_t)EXTRACT64(X)) & Smask2reg); \
      |                                                 ^
/home/builder/build/src/libxcrypt-4.5.2/lib/alg-yescrypt-opt.c:475:23: note: expanded from macro 'EXTRACT64'
  475 | #define EXTRACT64(X) ({ \
      |                       ^
/home/builder/build/src/libxcrypt-4.5.2/lib/alg-yescrypt-opt.c:793:3: warning: use of GNU statement expression extension from macro expansion [-Wgnu-statement-expression-from-macro-expansion]
/home/builder/build/src/libxcrypt-4.5.2/lib/alg-yescrypt-opt.c:637:2: note: expanded from macro 'PWXFORM'
  637 |         PWXFORM_ROUND PWXFORM_WRITE \
      |         ^
/home/builder/build/src/libxcrypt-4.5.2/lib/alg-yescrypt-opt.c:591:2: note: expanded from macro 'PWXFORM_ROUND'
  591 |         PWXFORM_SIMD(X3)
      |         ^
/home/builder/build/src/libxcrypt-4.5.2/lib/alg-yescrypt-opt.c:525:42: note: expanded from macro 'PWXFORM_SIMD'
  525 |         uint32_t lo = (uint32_t)(x = ((uint64_t)EXTRACT64(X)) & Smask2reg); \
      |                                                 ^
/home/builder/build/src/libxcrypt-4.5.2/lib/alg-yescrypt-opt.c:475:23: note: expanded from macro 'EXTRACT64'
  475 | #define EXTRACT64(X) ({ \
      |                       ^
/home/builder/build/src/libxcrypt-4.5.2/lib/alg-yescrypt-opt.c:793:3: warning: use of GNU statement expression extension from macro expansion [-Wgnu-statement-expression-from-macro-expansion]
/home/builder/build/src/libxcrypt-4.5.2/lib/alg-yescrypt-opt.c:638:2: note: expanded from macro 'PWXFORM'
  638 |         PWXFORM_ROUND \
      |         ^
/home/builder/build/src/libxcrypt-4.5.2/lib/alg-yescrypt-opt.c:588:2: note: expanded from macro 'PWXFORM_ROUND'
  588 |         PWXFORM_SIMD(X0) \
      |         ^
/home/builder/build/src/libxcrypt-4.5.2/lib/alg-yescrypt-opt.c:525:42: note: expanded from macro 'PWXFORM_SIMD'
  525 |         uint32_t lo = (uint32_t)(x = ((uint64_t)EXTRACT64(X)) & Smask2reg); \
      |                                                 ^
/home/builder/build/src/libxcrypt-4.5.2/lib/alg-yescrypt-opt.c:475:23: note: expanded from macro 'EXTRACT64'
  475 | #define EXTRACT64(X) ({ \
      |                       ^
/home/builder/build/src/libxcrypt-4.5.2/lib/alg-yescrypt-opt.c:793:3: warning: use of GNU statement expression extension from macro expansion [-Wgnu-statement-expression-from-macro-expansion]
/home/builder/build/src/libxcrypt-4.5.2/lib/alg-yescrypt-opt.c:638:2: note: expanded from macro 'PWXFORM'
  638 |         PWXFORM_ROUND \
      |         ^
/home/builder/build/src/libxcrypt-4.5.2/lib/alg-yescrypt-opt.c:589:2: note: expanded from macro 'PWXFORM_ROUND'
  589 |         PWXFORM_SIMD(X1) \
      |         ^
/home/builder/build/src/libxcrypt-4.5.2/lib/alg-yescrypt-opt.c:525:42: note: expanded from macro 'PWXFORM_SIMD'
  525 |         uint32_t lo = (uint32_t)(x = ((uint64_t)EXTRACT64(X)) & Smask2reg); \
      |                                                 ^
/home/builder/build/src/libxcrypt-4.5.2/lib/alg-yescrypt-opt.c:475:23: note: expanded from macro 'EXTRACT64'
  475 | #define EXTRACT64(X) ({ \
      |                       ^
/home/builder/build/src/libxcrypt-4.5.2/lib/alg-yescrypt-opt.c:793:3: warning: use of GNU statement expression extension from macro expansion [-Wgnu-statement-expression-from-macro-expansion]
/home/builder/build/src/libxcrypt-4.5.2/lib/alg-yescrypt-opt.c:638:2: note: expanded from macro 'PWXFORM'
  638 |         PWXFORM_ROUND \
      |         ^
/home/builder/build/src/libxcrypt-4.5.2/lib/alg-yescrypt-opt.c:590:2: note: expanded from macro 'PWXFORM_ROUND'
  590 |         PWXFORM_SIMD(X2) \
      |         ^
/home/builder/build/src/libxcrypt-4.5.2/lib/alg-yescrypt-opt.c:525:42: note: expanded from macro 'PWXFORM_SIMD'
  525 |         uint32_t lo = (uint32_t)(x = ((uint64_t)EXTRACT64(X)) & Smask2reg); \
      |                                                 ^
/home/builder/build/src/libxcrypt-4.5.2/lib/alg-yescrypt-opt.c:475:23: note: expanded from macro 'EXTRACT64'
  475 | #define EXTRACT64(X) ({ \
      |                       ^
/home/builder/build/src/libxcrypt-4.5.2/lib/alg-yescrypt-opt.c:793:3: warning: use of GNU statement expression extension from macro expansion [-Wgnu-statement-expression-from-macro-expansion]
/home/builder/build/src/libxcrypt-4.5.2/lib/alg-yescrypt-opt.c:638:2: note: expanded from macro 'PWXFORM'
  638 |         PWXFORM_ROUND \
      |         ^
/home/builder/build/src/libxcrypt-4.5.2/lib/alg-yescrypt-opt.c:591:2: note: expanded from macro 'PWXFORM_ROUND'
  591 |         PWXFORM_SIMD(X3)
      |         ^
/home/builder/build/src/libxcrypt-4.5.2/lib/alg-yescrypt-opt.c:525:42: note: expanded from macro 'PWXFORM_SIMD'
  525 |         uint32_t lo = (uint32_t)(x = ((uint64_t)EXTRACT64(X)) & Smask2reg); \
      |                                                 ^
/home/builder/build/src/libxcrypt-4.5.2/lib/alg-yescrypt-opt.c:475:23: note: expanded from macro 'EXTRACT64'
  475 | #define EXTRACT64(X) ({ \
      |                       ^
libtool: compile:  clang -DHAVE_CONFIG_H -I. -I/home/builder/build/src/libxcrypt-4.5.2 -I/home/builder/build/src/libxcrypt-4.5.2/lib -DIN_LIBCRYPT -Wall -Wextra -Walloca -Wbad-function-cast -Wcast-align -Wcast-qual -Wconversion -Wformat=2 -Wformat-signedness -Wmissing-declarations -Wmissing-prototypes -Wnested-externs -Wnull-dereference -Wold-style-definition -Wpointer-arith -Wshadow -Wstrict-overflow=2 -Wstrict-prototypes -Wundef -Wvla -Wwrite-strings -Wpedantic -fno-plt -march=x86-64-v3 -O2 -pipe -fno-plt -fexceptions -Wp,-D_FORTIFY_SOURCE=3 -fstack-clash-protection -fcf-protection -MT lib/libcrypt_la-crypt-sm3.lo -MD -MP -MF lib/.deps/libcrypt_la-crypt-sm3.Tpo -c /home/builder/build/src/libxcrypt-4.5.2/lib/crypt-sm3.c  -fPIC -DPIC -o lib/.libs/libcrypt_la-crypt-sm3.o
libtool: compile:  clang -DHAVE_CONFIG_H -I. -I/home/builder/build/src/libxcrypt-4.5.2 -I/home/builder/build/src/libxcrypt-4.5.2/lib -DIN_LIBCRYPT -Wall -Wextra -Walloca -Wbad-function-cast -Wcast-align -Wcast-qual -Wconversion -Wformat=2 -Wformat-signedness -Wmissing-declarations -Wmissing-prototypes -Wnested-externs -Wnull-dereference -Wold-style-definition -Wpointer-arith -Wshadow -Wstrict-overflow=2 -Wstrict-prototypes -Wundef -Wvla -Wwrite-strings -Wpedantic -fno-plt -march=x86-64-v3 -O2 -pipe -fno-plt -fexceptions -Wp,-D_FORTIFY_SOURCE=3 -fstack-clash-protection -fcf-protection -MT lib/libcrypt_la-crypt-sunmd5.lo -MD -MP -MF lib/.deps/libcrypt_la-crypt-sunmd5.Tpo -c /home/builder/build/src/libxcrypt-4.5.2/lib/crypt-sunmd5.c  -fPIC -DPIC -o lib/.libs/libcrypt_la-crypt-sunmd5.o
libtool: compile:  clang -DHAVE_CONFIG_H -I. -I/home/builder/build/src/libxcrypt-4.5.2 -I/home/builder/build/src/libxcrypt-4.5.2/lib -DIN_LIBCRYPT -Wall -Wextra -Walloca -Wbad-function-cast -Wcast-align -Wcast-qual -Wconversion -Wformat=2 -Wformat-signedness -Wmissing-declarations -Wmissing-prototypes -Wnested-externs -Wnull-dereference -Wold-style-definition -Wpointer-arith -Wshadow -Wstrict-overflow=2 -Wstrict-prototypes -Wundef -Wvla -Wwrite-strings -Wpedantic -fno-plt -march=x86-64-v3 -O2 -pipe -fno-plt -fexceptions -Wp,-D_FORTIFY_SOURCE=3 -fstack-clash-protection -fcf-protection -MT lib/libcrypt_la-util-gensalt-sha.lo -MD -MP -MF lib/.deps/libcrypt_la-util-gensalt-sha.Tpo -c /home/builder/build/src/libxcrypt-4.5.2/lib/util-gensalt-sha.c  -fPIC -DPIC -o lib/.libs/libcrypt_la-util-gensalt-sha.o
mv -f lib/.deps/libcrypt_la-crypt-scrypt.Tpo lib/.deps/libcrypt_la-crypt-scrypt.Plo
/bin/sh ./libtool  --tag=CC   --mode=compile clang -DHAVE_CONFIG_H -I. -I/home/builder/build/src/libxcrypt-4.5.2  -I/home/builder/build/src/libxcrypt-4.5.2/lib -DIN_LIBCRYPT  -Wall -Wextra -Walloca -Wbad-function-cast -Wcast-align -Wcast-qual -Wconversion -Wformat=2 -Wformat-signedness -Wmissing-declarations -Wmissing-prototypes -Wnested-externs -Wnull-dereference -Wold-style-definition -Wpointer-arith -Wshadow -Wstrict-overflow=2 -Wstrict-prototypes -Wundef -Wvla -Wwrite-strings -Wpedantic -fno-plt -march=x86-64-v3 -O2 -pipe -fno-plt -fexceptions         -Wp,-D_FORTIFY_SOURCE=3 -fstack-clash-protection -fcf-protection -MT lib/libcrypt_la-util-make-failure-token.lo -MD -MP -MF lib/.deps/libcrypt_la-util-make-failure-token.Tpo -c -o lib/libcrypt_la-util-make-failure-token.lo `test -f 'lib/util-make-failure-token.c' || echo '/home/builder/build/src/libxcrypt-4.5.2/'`lib/util-make-failure-token.c
libtool: compile:  clang -DHAVE_CONFIG_H -I. -I/home/builder/build/src/libxcrypt-4.5.2 -I/home/builder/build/src/libxcrypt-4.5.2/lib -DIN_LIBCRYPT -Wall -Wextra -Walloca -Wbad-function-cast -Wcast-align -Wcast-qual -Wconversion -Wformat=2 -Wformat-signedness -Wmissing-declarations -Wmissing-prototypes -Wnested-externs -Wnull-dereference -Wold-style-definition -Wpointer-arith -Wshadow -Wstrict-overflow=2 -Wstrict-prototypes -Wundef -Wvla -Wwrite-strings -Wpedantic -fno-plt -march=x86-64-v3 -O2 -pipe -fno-plt -fexceptions -Wp,-D_FORTIFY_SOURCE=3 -fstack-clash-protection -fcf-protection -MT lib/libcrypt_la-util-base64.lo -MD -MP -MF lib/.deps/libcrypt_la-util-base64.Tpo -c /home/builder/build/src/libxcrypt-4.5.2/lib/util-base64.c  -fPIC -DPIC -o lib/.libs/libcrypt_la-util-base64.o
libtool: compile:  clang -DHAVE_CONFIG_H -I. -I/home/builder/build/src/libxcrypt-4.5.2 -I/home/builder/build/src/libxcrypt-4.5.2/lib -DIN_LIBCRYPT -Wall -Wextra -Walloca -Wbad-function-cast -Wcast-align -Wcast-qual -Wconversion -Wformat=2 -Wformat-signedness -Wmissing-declarations -Wmissing-prototypes -Wnested-externs -Wnull-dereference -Wold-style-definition -Wpointer-arith -Wshadow -Wstrict-overflow=2 -Wstrict-prototypes -Wundef -Wvla -Wwrite-strings -Wpedantic -fno-plt -march=x86-64-v3 -O2 -pipe -fno-plt -fexceptions -Wp,-D_FORTIFY_SOURCE=3 -fstack-clash-protection -fcf-protection -MT lib/libcrypt_la-crypt-yescrypt.lo -MD -MP -MF lib/.deps/libcrypt_la-crypt-yescrypt.Tpo -c /home/builder/build/src/libxcrypt-4.5.2/lib/crypt-yescrypt.c  -fPIC -DPIC -o lib/.libs/libcrypt_la-crypt-yescrypt.o
libtool: compile:  clang -DHAVE_CONFIG_H -I. -I/home/builder/build/src/libxcrypt-4.5.2 -I/home/builder/build/src/libxcrypt-4.5.2/lib -DIN_LIBCRYPT -Wall -Wextra -Walloca -Wbad-function-cast -Wcast-align -Wcast-qual -Wconversion -Wformat=2 -Wformat-signedness -Wmissing-declarations -Wmissing-prototypes -Wnested-externs -Wnull-dereference -Wold-style-definition -Wpointer-arith -Wshadow -Wstrict-overflow=2 -Wstrict-prototypes -Wundef -Wvla -Wwrite-strings -Wpedantic -fno-plt -march=x86-64-v3 -O2 -pipe -fno-plt -fexceptions -Wp,-D_FORTIFY_SOURCE=3 -fstack-clash-protection -fcf-protection -MT lib/libcrypt_la-crypt.lo -MD -MP -MF lib/.deps/libcrypt_la-crypt.Tpo -c /home/builder/build/src/libxcrypt-4.5.2/lib/crypt.c  -fPIC -DPIC -o lib/.libs/libcrypt_la-crypt.o
mv -f lib/.deps/libcrypt_la-crypt-static.Tpo lib/.deps/libcrypt_la-crypt-static.Plo
/bin/sh ./libtool  --tag=CC   --mode=compile clang -DHAVE_CONFIG_H -I. -I/home/builder/build/src/libxcrypt-4.5.2  -I/home/builder/build/src/libxcrypt-4.5.2/lib -DIN_LIBCRYPT  -Wall -Wextra -Walloca -Wbad-function-cast -Wcast-align -Wcast-qual -Wconversion -Wformat=2 -Wformat-signedness -Wmissing-declarations -Wmissing-prototypes -Wnested-externs -Wnull-dereference -Wold-style-definition -Wpointer-arith -Wshadow -Wstrict-overflow=2 -Wstrict-prototypes -Wundef -Wvla -Wwrite-strings -Wpedantic -fno-plt -march=x86-64-v3 -O2 -pipe -fno-plt -fexceptions         -Wp,-D_FORTIFY_SOURCE=3 -fstack-clash-protection -fcf-protection -MT lib/libcrypt_la-util-xbzero.lo -MD -MP -MF lib/.deps/libcrypt_la-util-xbzero.Tpo -c -o lib/libcrypt_la-util-xbzero.lo `test -f 'lib/util-xbzero.c' || echo '/home/builder/build/src/libxcrypt-4.5.2/'`lib/util-xbzero.c
libtool: compile:  clang -DHAVE_CONFIG_H -I. -I/home/builder/build/src/libxcrypt-4.5.2 -I/home/builder/build/src/libxcrypt-4.5.2/lib -DIN_LIBCRYPT -Wall -Wextra -Walloca -Wbad-function-cast -Wcast-align -Wcast-qual -Wconversion -Wformat=2 -Wformat-signedness -Wmissing-declarations -Wmissing-prototypes -Wnested-externs -Wnull-dereference -Wold-style-definition -Wpointer-arith -Wshadow -Wstrict-overflow=2 -Wstrict-prototypes -Wundef -Wvla -Wwrite-strings -Wpedantic -fno-plt -march=x86-64-v3 -O2 -pipe -fno-plt -fexceptions -Wp,-D_FORTIFY_SOURCE=3 -fstack-clash-protection -fcf-protection -MT lib/libcrypt_la-util-get-random-bytes.lo -MD -MP -MF lib/.deps/libcrypt_la-util-get-random-bytes.Tpo -c /home/builder/build/src/libxcrypt-4.5.2/lib/util-get-random-bytes.c  -fPIC -DPIC -o lib/.libs/libcrypt_la-util-get-random-bytes.o
mv -f lib/.deps/libcrypt_la-crypt-sha256.Tpo lib/.deps/libcrypt_la-crypt-sha256.Plo
mv -f lib/.deps/libcrypt_la-crypt-sm3.Tpo lib/.deps/libcrypt_la-crypt-sm3.Plo
/bin/sh ./libtool  --tag=CC   --mode=compile clang -DHAVE_CONFIG_H -I. -I/home/builder/build/src/libxcrypt-4.5.2  -I/home/builder/build/src/libxcrypt-4.5.2/lib -DIN_LIBCRYPT  -Wall -Wextra -Walloca -Wbad-function-cast -Wcast-align -Wcast-qual -Wconversion -Wformat=2 -Wformat-signedness -Wmissing-declarations -Wmissing-prototypes -Wnested-externs -Wnull-dereference -Wold-style-definition -Wpointer-arith -Wshadow -Wstrict-overflow=2 -Wstrict-prototypes -Wundef -Wvla -Wwrite-strings -Wpedantic -fno-plt -march=x86-64-v3 -O2 -pipe -fno-plt -fexceptions         -Wp,-D_FORTIFY_SOURCE=3 -fstack-clash-protection -fcf-protection -MT lib/libcrypt_la-util-xstrcpy.lo -MD -MP -MF lib/.deps/libcrypt_la-util-xstrcpy.Tpo -c -o lib/libcrypt_la-util-xstrcpy.lo `test -f 'lib/util-xstrcpy.c' || echo '/home/builder/build/src/libxcrypt-4.5.2/'`lib/util-xstrcpy.c
/bin/sh ./libtool  --tag=CC   --mode=compile clang -DHAVE_CONFIG_H -I. -I/home/builder/build/src/libxcrypt-4.5.2  -I/home/builder/build/src/libxcrypt-4.5.2/lib -DIN_LIBCRYPT  -Wall -Wextra -Walloca -Wbad-function-cast -Wcast-align -Wcast-qual -Wconversion -Wformat=2 -Wformat-signedness -Wmissing-declarations -Wmissing-prototypes -Wnested-externs -Wnull-dereference -Wold-style-definition -Wpointer-arith -Wshadow -Wstrict-overflow=2 -Wstrict-prototypes -Wundef -Wvla -Wwrite-strings -Wpedantic -fno-plt -march=x86-64-v3 -O2 -pipe -fno-plt -fexceptions         -Wp,-D_FORTIFY_SOURCE=3 -fstack-clash-protection -fcf-protection -MT lib/libcrypt_la-crypt-des-obsolete.lo -MD -MP -MF lib/.deps/libcrypt_la-crypt-des-obsolete.Tpo -c -o lib/libcrypt_la-crypt-des-obsolete.lo `test -f 'lib/crypt-des-obsolete.c' || echo '/home/builder/build/src/libxcrypt-4.5.2/'`lib/crypt-des-obsolete.c
libtool: compile:  clang -DHAVE_CONFIG_H -I. -I/home/builder/build/src/libxcrypt-4.5.2 -I/home/builder/build/src/libxcrypt-4.5.2/lib -DIN_LIBCRYPT -Wall -Wextra -Walloca -Wbad-function-cast -Wcast-align -Wcast-qual -Wconversion -Wformat=2 -Wformat-signedness -Wmissing-declarations -Wmissing-prototypes -Wnested-externs -Wnull-dereference -Wold-style-definition -Wpointer-arith -Wshadow -Wstrict-overflow=2 -Wstrict-prototypes -Wundef -Wvla -Wwrite-strings -Wpedantic -fno-plt -march=x86-64-v3 -O2 -pipe -fno-plt -fexceptions -Wp,-D_FORTIFY_SOURCE=3 -fstack-clash-protection -fcf-protection -MT lib/libcrypt_la-util-make-failure-token.lo -MD -MP -MF lib/.deps/libcrypt_la-util-make-failure-token.Tpo -c /home/builder/build/src/libxcrypt-4.5.2/lib/util-make-failure-token.c  -fPIC -DPIC -o lib/.libs/libcrypt_la-util-make-failure-token.o
mv -f lib/.deps/libcrypt_la-util-gensalt-sha.Tpo lib/.deps/libcrypt_la-util-gensalt-sha.Plo
mv -f lib/.deps/libcrypt_la-crypt-sunmd5.Tpo lib/.deps/libcrypt_la-crypt-sunmd5.Plo
/bin/sh ./libtool  --tag=CC   --mode=link clang -Wall -Wextra -Walloca -Wbad-function-cast -Wcast-align -Wcast-qual -Wconversion -Wformat=2 -Wformat-signedness -Wmissing-declarations -Wmissing-prototypes -Wnested-externs -Wnull-dereference -Wold-style-definition -Wpointer-arith -Wshadow -Wstrict-overflow=2 -Wstrict-prototypes -Wundef -Wvla -Wwrite-strings -Wpedantic -fno-plt -march=x86-64-v3 -O2 -pipe -fno-plt -fexceptions         -Wp,-D_FORTIFY_SOURCE=3 -fstack-clash-protection -fcf-protection -Wl,-z,relro -Wl,-z,now -Wl,-O1 -Wl,--sort-common -Wl,--as-needed -Wl,-z,relro -Wl,-z,now -Wl,--undefined-version -Wl,--hash-style=gnu -Wl,--compress-debug-sections=zstd -o lib/gen-des-tables lib/gen-des-tables.o  
mv -f lib/.deps/libcrypt_la-util-base64.Tpo lib/.deps/libcrypt_la-util-base64.Plo
libtool: compile:  clang -DHAVE_CONFIG_H -I. -I/home/builder/build/src/libxcrypt-4.5.2 -I/home/builder/build/src/libxcrypt-4.5.2/lib -DIN_LIBCRYPT -Wall -Wextra -Walloca -Wbad-function-cast -Wcast-align -Wcast-qual -Wconversion -Wformat=2 -Wformat-signedness -Wmissing-declarations -Wmissing-prototypes -Wnested-externs -Wnull-dereference -Wold-style-definition -Wpointer-arith -Wshadow -Wstrict-overflow=2 -Wstrict-prototypes -Wundef -Wvla -Wwrite-strings -Wpedantic -fno-plt -march=x86-64-v3 -O2 -pipe -fno-plt -fexceptions -Wp,-D_FORTIFY_SOURCE=3 -fstack-clash-protection -fcf-protection -MT lib/libcrypt_la-util-xbzero.lo -MD -MP -MF lib/.deps/libcrypt_la-util-xbzero.Tpo -c /home/builder/build/src/libxcrypt-4.5.2/lib/util-xbzero.c  -fPIC -DPIC -o lib/.libs/libcrypt_la-util-xbzero.o
mv -f lib/.deps/libcrypt_la-util-get-random-bytes.Tpo lib/.deps/libcrypt_la-util-get-random-bytes.Plo
mv -f lib/.deps/libcrypt_la-crypt-yescrypt.Tpo lib/.deps/libcrypt_la-crypt-yescrypt.Plo
mv -f lib/.deps/libcrypt_la-util-make-failure-token.Tpo lib/.deps/libcrypt_la-util-make-failure-token.Plo
libtool: compile:  clang -DHAVE_CONFIG_H -I. -I/home/builder/build/src/libxcrypt-4.5.2 -I/home/builder/build/src/libxcrypt-4.5.2/lib -DIN_LIBCRYPT -Wall -Wextra -Walloca -Wbad-function-cast -Wcast-align -Wcast-qual -Wconversion -Wformat=2 -Wformat-signedness -Wmissing-declarations -Wmissing-prototypes -Wnested-externs -Wnull-dereference -Wold-style-definition -Wpointer-arith -Wshadow -Wstrict-overflow=2 -Wstrict-prototypes -Wundef -Wvla -Wwrite-strings -Wpedantic -fno-plt -march=x86-64-v3 -O2 -pipe -fno-plt -fexceptions -Wp,-D_FORTIFY_SOURCE=3 -fstack-clash-protection -fcf-protection -MT lib/libcrypt_la-crypt-des-obsolete.lo -MD -MP -MF lib/.deps/libcrypt_la-crypt-des-obsolete.Tpo -c /home/builder/build/src/libxcrypt-4.5.2/lib/crypt-des-obsolete.c  -fPIC -DPIC -o lib/.libs/libcrypt_la-crypt-des-obsolete.o
libtool: compile:  clang -DHAVE_CONFIG_H -I. -I/home/builder/build/src/libxcrypt-4.5.2 -I/home/builder/build/src/libxcrypt-4.5.2/lib -DIN_LIBCRYPT -Wall -Wextra -Walloca -Wbad-function-cast -Wcast-align -Wcast-qual -Wconversion -Wformat=2 -Wformat-signedness -Wmissing-declarations -Wmissing-prototypes -Wnested-externs -Wnull-dereference -Wold-style-definition -Wpointer-arith -Wshadow -Wstrict-overflow=2 -Wstrict-prototypes -Wundef -Wvla -Wwrite-strings -Wpedantic -fno-plt -march=x86-64-v3 -O2 -pipe -fno-plt -fexceptions -Wp,-D_FORTIFY_SOURCE=3 -fstack-clash-protection -fcf-protection -MT lib/libcrypt_la-util-xstrcpy.lo -MD -MP -MF lib/.deps/libcrypt_la-util-xstrcpy.Tpo -c /home/builder/build/src/libxcrypt-4.5.2/lib/util-xstrcpy.c  -fPIC -DPIC -o lib/.libs/libcrypt_la-util-xstrcpy.o
mv -f lib/.deps/libcrypt_la-crypt-sha512.Tpo lib/.deps/libcrypt_la-crypt-sha512.Plo
mv -f lib/.deps/libcrypt_la-crypt-bcrypt.Tpo lib/.deps/libcrypt_la-crypt-bcrypt.Plo
mv -f lib/.deps/libcrypt_la-util-xbzero.Tpo lib/.deps/libcrypt_la-util-xbzero.Plo
mv -f lib/.deps/libcrypt_la-crypt.Tpo lib/.deps/libcrypt_la-crypt.Plo
libtool: link: clang -Wall -Wextra -Walloca -Wbad-function-cast -Wcast-align -Wcast-qual -Wconversion -Wformat=2 -Wformat-signedness -Wmissing-declarations -Wmissing-prototypes -Wnested-externs -Wnull-dereference -Wold-style-definition -Wpointer-arith -Wshadow -Wstrict-overflow=2 -Wstrict-prototypes -Wundef -Wvla -Wwrite-strings -Wpedantic -fno-plt -march=x86-64-v3 -O2 -pipe -fno-plt -fexceptions -Wp,-D_FORTIFY_SOURCE=3 -fstack-clash-protection -fcf-protection -Wl,-z -Wl,relro -Wl,-z -Wl,now -Wl,-O1 -Wl,--sort-common -Wl,--as-needed -Wl,-z -Wl,relro -Wl,-z -Wl,now -Wl,--undefined-version -Wl,--hash-style=gnu -Wl,--compress-debug-sections=zstd -o lib/gen-des-tables lib/gen-des-tables.o 
mv -f lib/.deps/libcrypt_la-alg-sha512.Tpo lib/.deps/libcrypt_la-alg-sha512.Plo
mv -f lib/.deps/libcrypt_la-util-xstrcpy.Tpo lib/.deps/libcrypt_la-util-xstrcpy.Plo
mv -f lib/.deps/libcrypt_la-crypt-des-obsolete.Tpo lib/.deps/libcrypt_la-crypt-des-obsolete.Plo
mv -f lib/.deps/libcrypt_la-alg-sha256.Tpo lib/.deps/libcrypt_la-alg-sha256.Plo
120 warnings generated.
mv -f lib/.deps/libcrypt_la-alg-yescrypt-opt.Tpo lib/.deps/libcrypt_la-alg-yescrypt-opt.Plo
mv -f lib/.deps/libcrypt_la-alg-sm3.Tpo lib/.deps/libcrypt_la-alg-sm3.Plo
/bin/sh ./libtool  --tag=CC   --mode=link clang -Wall -Wextra -Walloca -Wbad-function-cast -Wcast-align -Wcast-qual -Wconversion -Wformat=2 -Wformat-signedness -Wmissing-declarations -Wmissing-prototypes -Wnested-externs -Wnull-dereference -Wold-style-definition -Wpointer-arith -Wshadow -Wstrict-overflow=2 -Wstrict-prototypes -Wundef -Wvla -Wwrite-strings -Wpedantic -fno-plt -march=x86-64-v3 -O2 -pipe -fno-plt -fexceptions         -Wp,-D_FORTIFY_SOURCE=3 -fstack-clash-protection -fcf-protection -version-info 2:0:1 -Wl,--version-script,./libcrypt.map -Wl,-z,defs -Wl,-z,text -Wl,-z,relro -Wl,-z,now -Wl,-O1 -Wl,--sort-common -Wl,--as-needed -Wl,-z,relro -Wl,-z,now -Wl,--undefined-version -Wl,--hash-style=gnu -Wl,--compress-debug-sections=zstd -o libcrypt.la -rpath /usr/lib lib/libcrypt_la-alg-des-tables.lo lib/libcrypt_la-alg-des.lo lib/libcrypt_la-alg-gost3411-2012-core.lo lib/libcrypt_la-alg-gost3411-2012-hmac.lo lib/libcrypt_la-alg-hmac-sha1.lo lib/libcrypt_la-alg-md4.lo lib/libcrypt_la-alg-md5.lo lib/libcrypt_la-alg-sha1.lo lib/libcrypt_la-alg-sha256.lo lib/libcrypt_la-alg-sha512.lo lib/libcrypt_la-alg-sm3.lo lib/libcrypt_la-alg-sm3-hmac.lo lib/libcrypt_la-alg-yescrypt-common.lo lib/libcrypt_la-alg-yescrypt-opt.lo lib/libcrypt_la-crypt-bcrypt.lo lib/libcrypt_la-crypt-des.lo lib/libcrypt_la-crypt-gensalt-static.lo lib/libcrypt_la-crypt-gost-yescrypt.lo lib/libcrypt_la-crypt-sm3-yescrypt.lo lib/libcrypt_la-crypt-md5.lo lib/libcrypt_la-crypt-nthash.lo lib/libcrypt_la-crypt-pbkdf1-sha1.lo lib/libcrypt_la-crypt-scrypt.lo lib/libcrypt_la-crypt-sha256.lo lib/libcrypt_la-crypt-sha512.lo lib/libcrypt_la-crypt-sm3.lo lib/libcrypt_la-crypt-static.lo lib/libcrypt_la-crypt-sunmd5.lo lib/libcrypt_la-crypt-yescrypt.lo lib/libcrypt_la-crypt.lo lib/libcrypt_la-util-base64.lo lib/libcrypt_la-util-gensalt-sha.lo lib/libcrypt_la-util-get-random-bytes.lo lib/libcrypt_la-util-make-failure-token.lo lib/libcrypt_la-util-xbzero.lo lib/libcrypt_la-util-xstrcpy.lo lib/libcrypt_la-crypt-des-obsolete.lo  
libtool: link: clang -shared  -fPIC -DPIC  lib/.libs/libcrypt_la-alg-des-tables.o lib/.libs/libcrypt_la-alg-des.o lib/.libs/libcrypt_la-alg-gost3411-2012-core.o lib/.libs/libcrypt_la-alg-gost3411-2012-hmac.o lib/.libs/libcrypt_la-alg-hmac-sha1.o lib/.libs/libcrypt_la-alg-md4.o lib/.libs/libcrypt_la-alg-md5.o lib/.libs/libcrypt_la-alg-sha1.o lib/.libs/libcrypt_la-alg-sha256.o lib/.libs/libcrypt_la-alg-sha512.o lib/.libs/libcrypt_la-alg-sm3.o lib/.libs/libcrypt_la-alg-sm3-hmac.o lib/.libs/libcrypt_la-alg-yescrypt-common.o lib/.libs/libcrypt_la-alg-yescrypt-opt.o lib/.libs/libcrypt_la-crypt-bcrypt.o lib/.libs/libcrypt_la-crypt-des.o lib/.libs/libcrypt_la-crypt-gensalt-static.o lib/.libs/libcrypt_la-crypt-gost-yescrypt.o lib/.libs/libcrypt_la-crypt-sm3-yescrypt.o lib/.libs/libcrypt_la-crypt-md5.o lib/.libs/libcrypt_la-crypt-nthash.o lib/.libs/libcrypt_la-crypt-pbkdf1-sha1.o lib/.libs/libcrypt_la-crypt-scrypt.o lib/.libs/libcrypt_la-crypt-sha256.o lib/.libs/libcrypt_la-crypt-sha512.o lib/.libs/libcrypt_la-crypt-sm3.o lib/.libs/libcrypt_la-crypt-static.o lib/.libs/libcrypt_la-crypt-sunmd5.o lib/.libs/libcrypt_la-crypt-yescrypt.o lib/.libs/libcrypt_la-crypt.o lib/.libs/libcrypt_la-util-base64.o lib/.libs/libcrypt_la-util-gensalt-sha.o lib/.libs/libcrypt_la-util-get-random-bytes.o lib/.libs/libcrypt_la-util-make-failure-token.o lib/.libs/libcrypt_la-util-xbzero.o lib/.libs/libcrypt_la-util-xstrcpy.o lib/.libs/libcrypt_la-crypt-des-obsolete.o    -march=x86-64-v3 -O2 -Wl,--version-script -Wl,./libcrypt.map -Wl,-z -Wl,defs -Wl,-z -Wl,text -Wl,-z -Wl,relro -Wl,-z -Wl,now -Wl,-O1 -Wl,--sort-common -Wl,--as-needed -Wl,-z -Wl,relro -Wl,-z -Wl,now -Wl,--undefined-version -Wl,--hash-style=gnu -Wl,--compress-debug-sections=zstd   -Wl,-soname -Wl,libcrypt.so.1 -o .libs/libcrypt.so.1.1.0
libtool: link: (cd ".libs" && rm -f "libcrypt.so.1" && ln -s "libcrypt.so.1.1.0" "libcrypt.so.1")
libtool: link: (cd ".libs" && rm -f "libcrypt.so" && ln -s "libcrypt.so.1.1.0" "libcrypt.so")
libtool: link: ( cd ".libs" && rm -f "libcrypt.la" && ln -s "../libcrypt.la" "libcrypt.la" )
make[1]: Leaving directory '/home/builder/build/src/build-libxcrypt-compat'
==> Entering fakeroot environment...
==> Starting package_libxcrypt()...
make[1]: Entering directory '/home/builder/build/src/build-libxcrypt'
 /usr/sbin/mkdir -p '/home/builder/build/pkg/libxcrypt/usr/lib'
 /usr/sbin/mkdir -p '/home/builder/build/pkg/libxcrypt/usr/include'
 /usr/sbin/mkdir -p '/home/builder/build/pkg/libxcrypt/usr/share/man/man3'
 /usr/sbin/mkdir -p '/home/builder/build/pkg/libxcrypt/usr/lib/pkgconfig'
 /usr/sbin/mkdir -p '/home/builder/build/pkg/libxcrypt/usr/share/man/man5'
 /bin/sh ./libtool   --mode=install /usr/bin/install -c   libcrypt.la '/home/builder/build/pkg/libxcrypt/usr/lib'
 /usr/bin/install -c -m 644 crypt.h '/home/builder/build/pkg/libxcrypt/usr/include'
 /usr/bin/install -c -m 644 libxcrypt.pc '/home/builder/build/pkg/libxcrypt/usr/lib/pkgconfig'
 /usr/bin/install -c -m 644 /home/builder/build/src/libxcrypt-4.5.2/doc/crypt.5 '/home/builder/build/pkg/libxcrypt/usr/share/man/man5'
 /usr/bin/install -c -m 644 /home/builder/build/src/libxcrypt-4.5.2/doc/crypt.3 /home/builder/build/src/libxcrypt-4.5.2/doc/crypt_checksalt.3 /home/builder/build/src/libxcrypt-4.5.2/doc/crypt_gensalt.3 /home/builder/build/src/libxcrypt-4.5.2/doc/crypt_gensalt_ra.3 /home/builder/build/src/libxcrypt-4.5.2/doc/crypt_gensalt_rn.3 /home/builder/build/src/libxcrypt-4.5.2/doc/crypt_preferred_method.3 /home/builder/build/src/libxcrypt-4.5.2/doc/crypt_r.3 /home/builder/build/src/libxcrypt-4.5.2/doc/crypt_ra.3 /home/builder/build/src/libxcrypt-4.5.2/doc/crypt_rn.3 '/home/builder/build/pkg/libxcrypt/usr/share/man/man3'
make  install-data-hook
libtool: install: /usr/bin/install -c .libs/libcrypt.so.2.0.0 /home/builder/build/pkg/libxcrypt/usr/lib/libcrypt.so.2.0.0
make[2]: Entering directory '/home/builder/build/src/build-libxcrypt'
libtool: install: (cd /home/builder/build/pkg/libxcrypt/usr/lib && { ln -s -f libcrypt.so.2.0.0 libcrypt.so.2 || { rm -f libcrypt.so.2 && ln -s libcrypt.so.2.0.0 libcrypt.so.2; }; })
cd /home/builder/build/pkg/libxcrypt/usr/lib/pkgconfig && \
	ln -s -f libxcrypt.pc libcrypt.pc
libtool: install: (cd /home/builder/build/pkg/libxcrypt/usr/lib && { ln -s -f libcrypt.so.2.0.0 libcrypt.so || { rm -f libcrypt.so && ln -s libcrypt.so.2.0.0 libcrypt.so; }; })
make[2]: Leaving directory '/home/builder/build/src/build-libxcrypt'
libtool: install: /usr/bin/install -c .libs/libcrypt.lai /home/builder/build/pkg/libxcrypt/usr/lib/libcrypt.la
libtool: warning: remember to run 'libtool --finish /usr/lib'
make  install-exec-hook
make[2]: Entering directory '/home/builder/build/src/build-libxcrypt'
make[2]: Nothing to be done for 'install-exec-hook'.
make[2]: Leaving directory '/home/builder/build/src/build-libxcrypt'
make[1]: Leaving directory '/home/builder/build/src/build-libxcrypt'
==> Tidying install...
  -> Removing libtool files...
  -> Removing static library files...
  -> Purging unwanted files...
  -> Stripping unneeded symbols from binaries and libraries...
==> Checking for packaging issues...
==> WARNING: Package contains reference to $srcdir
usr/lib/libcrypt.so.2.0.0
==> Creating package "libxcrypt"...
  -> Generating .PKGINFO file...
warning: Public keyring not found; have you run 'pacman-key --init'?
error: kashira-v3: key "E4DF524F75FE51DD5FB0C7BA1925D86CD662878E" is unknown
error: keyring is not writable
warning: base: unknown key '%INSTALLED_DB%' in local database
warning: base-devel: unknown key '%INSTALLED_DB%' in local database
  -> Generating .BUILDINFO file...
warning: Public keyring not found; have you run 'pacman-key --init'?
error: kashira-v3: key "E4DF524F75FE51DD5FB0C7BA1925D86CD662878E" is unknown
error: keyring is not writable
warning: base: unknown key '%INSTALLED_DB%' in local database
warning: base-devel: unknown key '%INSTALLED_DB%' in local database
  -> Adding install file...
  -> Generating .MTREE file...
  -> Compressing package...
==> Starting package_libxcrypt-compat()...
make[1]: Entering directory '/home/builder/build/src/build-libxcrypt-compat'
 /usr/sbin/mkdir -p '/home/builder/build/pkg/libxcrypt-compat/usr/lib'
 /usr/sbin/mkdir -p '/home/builder/build/pkg/libxcrypt-compat/usr/share/man/man5'
 /usr/sbin/mkdir -p '/home/builder/build/pkg/libxcrypt-compat/usr/include'
 /usr/sbin/mkdir -p '/home/builder/build/pkg/libxcrypt-compat/usr/lib/pkgconfig'
 /usr/sbin/mkdir -p '/home/builder/build/pkg/libxcrypt-compat/usr/share/man/man3'
 /bin/sh ./libtool   --mode=install /usr/bin/install -c   libcrypt.la '/home/builder/build/pkg/libxcrypt-compat/usr/lib'
 /usr/bin/install -c -m 644 crypt.h xcrypt.h '/home/builder/build/pkg/libxcrypt-compat/usr/include'
 /usr/bin/install -c -m 644 libxcrypt.pc '/home/builder/build/pkg/libxcrypt-compat/usr/lib/pkgconfig'
 /usr/bin/install -c -m 644 /home/builder/build/src/libxcrypt-4.5.2/doc/crypt.5 '/home/builder/build/pkg/libxcrypt-compat/usr/share/man/man5'
 /usr/bin/install -c -m 644 /home/builder/build/src/libxcrypt-4.5.2/doc/crypt.3 /home/builder/build/src/libxcrypt-4.5.2/doc/crypt_checksalt.3 /home/builder/build/src/libxcrypt-4.5.2/doc/crypt_gensalt.3 /home/builder/build/src/libxcrypt-4.5.2/doc/crypt_gensalt_ra.3 /home/builder/build/src/libxcrypt-4.5.2/doc/crypt_gensalt_rn.3 /home/builder/build/src/libxcrypt-4.5.2/doc/crypt_preferred_method.3 /home/builder/build/src/libxcrypt-4.5.2/doc/crypt_r.3 /home/builder/build/src/libxcrypt-4.5.2/doc/crypt_ra.3 /home/builder/build/src/libxcrypt-4.5.2/doc/crypt_rn.3 '/home/builder/build/pkg/libxcrypt-compat/usr/share/man/man3'
make  install-data-hook
make[2]: Entering directory '/home/builder/build/src/build-libxcrypt-compat'
libtool: install: /usr/bin/install -c .libs/libcrypt.so.1.1.0 /home/builder/build/pkg/libxcrypt-compat/usr/lib/libcrypt.so.1.1.0
cd /home/builder/build/pkg/libxcrypt-compat/usr/lib/pkgconfig && \
	ln -s -f libxcrypt.pc libcrypt.pc
libtool: install: (cd /home/builder/build/pkg/libxcrypt-compat/usr/lib && { ln -s -f libcrypt.so.1.1.0 libcrypt.so.1 || { rm -f libcrypt.so.1 && ln -s libcrypt.so.1.1.0 libcrypt.so.1; }; })
make[2]: Leaving directory '/home/builder/build/src/build-libxcrypt-compat'
libtool: install: (cd /home/builder/build/pkg/libxcrypt-compat/usr/lib && { ln -s -f libcrypt.so.1.1.0 libcrypt.so || { rm -f libcrypt.so && ln -s libcrypt.so.1.1.0 libcrypt.so; }; })
libtool: install: /usr/bin/install -c .libs/libcrypt.lai /home/builder/build/pkg/libxcrypt-compat/usr/lib/libcrypt.la
libtool: warning: remember to run 'libtool --finish /usr/lib'
make  install-exec-hook
make[2]: Entering directory '/home/builder/build/src/build-libxcrypt-compat'
cd /home/builder/build/pkg/libxcrypt-compat/usr/lib && \
	ln -s -f libcrypt.so libxcrypt.so
make[2]: Leaving directory '/home/builder/build/src/build-libxcrypt-compat'
make[1]: Leaving directory '/home/builder/build/src/build-libxcrypt-compat'
==> Tidying install...
  -> Removing libtool files...
  -> Removing static library files...
  -> Purging unwanted files...
  -> Stripping unneeded symbols from binaries and libraries...
==> Checking for packaging issues...
==> WARNING: Package contains reference to $srcdir
usr/lib/libcrypt.so.1.1.0
==> Creating package "libxcrypt-compat"...
  -> Generating .PKGINFO file...
warning: Public keyring not found; have you run 'pacman-key --init'?
error: kashira-v3: key "E4DF524F75FE51DD5FB0C7BA1925D86CD662878E" is unknown
error: keyring is not writable
warning: base: unknown key '%INSTALLED_DB%' in local database
warning: base-devel: unknown key '%INSTALLED_DB%' in local database
  -> Generating .BUILDINFO file...
warning: Public keyring not found; have you run 'pacman-key --init'?
error: kashira-v3: key "E4DF524F75FE51DD5FB0C7BA1925D86CD662878E" is unknown
error: keyring is not writable
warning: base: unknown key '%INSTALLED_DB%' in local database
warning: base-devel: unknown key '%INSTALLED_DB%' in local database
  -> Adding install file...
  -> Generating .MTREE file...
  -> Compressing package...
==> Leaving fakeroot environment.
==> Finished making: libxcrypt 4.5.2-1 (Sat Sep 19 23:46:17 2026)
