== build libxcb (deps: glibc libxau libxdmcp libxslt python xcb-proto xorgproto xorg-util-macros )
warning: glibc-2.44-2 is up to date -- skipping
warning: python-3.14.7-1 is up to date -- skipping
resolving dependencies...
warning: base: unknown key '%INSTALLED_DB%' in local database
warning: base-devel: unknown key '%INSTALLED_DB%' in local database
looking for conflicting packages...

Packages (6) libxau-1.0.12-1  libxdmcp-1.1.5-2  libxslt-1.1.45-2  xcb-proto-1.17.0-4  xorg-util-macros-1.20.2-1  xorgproto-2025.1-1

Total Download Size:   0.62 MiB
Total Installed Size:  3.49 MiB

:: Proceed with installation? [Y/n] 
:: Retrieving packages...
 xorgproto-2025.1-1-any downloading...
 libxslt-1.1.45-2-x86_64 downloading...
 xcb-proto-1.17.0-4-any downloading...
 libxdmcp-1.1.5-2-x86_64 downloading...
 xorg-util-macros-1.20.2-1-any downloading...
 libxau-1.0.12-1-x86_64 downloading...
checking keyring...
checking package integrity...
loading package files...
checking for file conflicts...
:: Processing package changes...
installing xorgproto...
installing libxau...
installing libxdmcp...
installing libxslt...
Optional dependencies for libxslt
    python: Python bindings [installed]
installing xcb-proto...
installing xorg-util-macros...
:: Running post-transaction hooks...
(1/1) Arming ConditionNeedsUpdate...
==> Making package: libxcb 1.17.0-1 (Sun Sep 20 03:27:45 2026)
==> WARNING: Skipping dependency checks.
==> Retrieving sources...
  -> Downloading libxcb-1.17.0.tar.xz...
  % Total    % Received % Xferd  Average Speed  Time    Time    Time   Current
                                 Dload  Upload  Total   Spent   Left   Speed
  0      0   0      0   0      0      0      0           00:01              0 47 444.5k  47 210.9k   0      0  99024      0   00:04   00:02   00:02 195.8k100 444.5k 100 444.5k   0      0 180.2k      0   00:02   00:02         195.8k100 444.5k 100 444.5k   0      0 180.2k      0   00:02   00:02         195.8k100 444.5k 100 444.5k   0      0 180.2k      0   00:02   00:02         195.8k
  -> Downloading libxcb-1.17.0.tar.xz.sig...
  % Total    % Received % Xferd  Average Speed  Time    Time    Time   Current
                                 Dload  Upload  Total   Spent   Left   Speed
  0      0   0      0   0      0      0      0                              0100    215 100    215   0      0    275      0                              0100    215 100    215   0      0    275      0                              0100    215 100    215   0      0    275      0                              0
==> WARNING: Skipping verification of source file PGP signatures.
==> Validating source files with sha512sums...
    libxcb-1.17.0.tar.xz ... Passed
    libxcb-1.17.0.tar.xz.sig ... Skipped
==> Extracting sources...
  -> Extracting libxcb-1.17.0.tar.xz with bsdtar
==> Starting build()...
checking for a BSD-compatible install... /usr/bin/install -c
checking whether build environment is sane... yes
checking for a race-free mkdir -p... /usr/sbin/mkdir -p
checking for gawk... gawk
checking whether make sets $(MAKE)... yes
checking whether make supports nested variables... yes
checking for a Python interpreter with version >= 3.0... python
checking for python... /usr/sbin/python
checking for python version... 3.14
checking for python platform... linux
checking for GNU default python prefix... ${prefix}
checking for GNU default python exec_prefix... ${exec_prefix}
checking for python script directory (pythondir)... ${PYTHON_PREFIX}/lib/python3.14/site-packages
checking for python extension module directory (pyexecdir)... ${PYTHON_EXEC_PREFIX}/lib/python3.14/site-packages
checking whether make supports the include directive... yes (GNU style)
checking for gcc... clang
checking whether the C compiler works... yes
checking for C compiler default output file name... a.out
checking for suffix of executables... 
checking whether we are cross compiling... no
checking for suffix of object files... o
checking whether the compiler supports GNU C... yes
checking whether clang accepts -g... yes
checking for clang option to enable C11 features... none needed
checking whether clang understands -c and -o together... yes
checking dependency style of clang... gcc3
checking for stdio.h... yes
checking for stdlib.h... yes
checking for string.h... yes
checking for inttypes.h... yes
checking for stdint.h... yes
checking for strings.h... yes
checking for sys/stat.h... yes
checking for sys/types.h... yes
checking for unistd.h... yes
checking for wchar.h... yes
checking for minix/config.h... no
checking whether it is safe to define __EXTENSIONS__... yes
checking whether _XOPEN_SOURCE should be defined... no
checking for special C compiler options needed for large files... no
checking for _FILE_OFFSET_BITS value needed for large files... no
checking build system type... x86_64-pc-linux-gnu
checking host system type... x86_64-pc-linux-gnu
checking how to print strings... printf
checking for a sed that does not truncate output... /usr/sbin/sed
checking for grep that handles long lines and -e... /usr/sbin/grep
checking for egrep... /usr/sbin/grep -E
checking for fgrep... /usr/sbin/grep -F
checking for ld used by clang... ld.lld
checking if the linker (ld.lld) is GNU ld... yes
checking for BSD- or MS-compatible name lister (nm)... llvm-nm
checking the name lister (llvm-nm) interface... BSD nm
checking whether ln -s works... yes
checking the maximum length of command line arguments... 1572864
checking how to convert x86_64-pc-linux-gnu file names to x86_64-pc-linux-gnu format... func_convert_file_noop
checking how to convert x86_64-pc-linux-gnu file names to toolchain format... func_convert_file_noop
checking for ld.lld option to reload object files... -r
checking for file... file
checking for objdump... llvm-objdump
checking how to recognize dependent libraries... pass_all
checking for dlltool... dlltool
checking how to associate runtime and link libraries... printf %s\n
checking for archiver @FILE support... @
checking for strip... llvm-strip
checking for ranlib... llvm-ranlib
checking command to parse llvm-nm output from clang object... ok
checking for sysroot... no
checking for a working dd... /usr/sbin/dd
checking how to truncate binary pipes... /usr/sbin/dd bs=4096 count=1
checking for mt... no
checking if : is a manifest tool... no
checking for dlfcn.h... yes
checking for objdir... .libs
checking if clang supports -fno-rtti -fno-exceptions... yes
checking for clang option to produce PIC... -fPIC -DPIC
checking if clang PIC flag -fPIC -DPIC works... yes
checking if clang static flag -static works... yes
checking if clang supports -c -o file.o... yes
checking if clang supports -c -o file.o... (cached) yes
checking whether the clang linker (ld.lld -m elf_x86_64) supports shared libraries... yes
checking whether -lc should be explicitly linked in... no
checking dynamic linker characteristics... GNU/Linux ld.so
checking how to hardcode library paths into programs... immediate
checking whether stripping libraries is possible... yes
checking if libtool supports shared libraries... yes
checking whether to build shared libraries... yes
checking whether to build static libraries... no
checking for clang options needed to detect all undeclared functions... none needed
checking whether __clang__ is declared... yes
checking whether __INTEL_COMPILER is declared... no
checking whether __SUNPRO_C is declared... no
checking for pkg-config... /usr/sbin/pkg-config
checking pkg-config is at least version 0.9.0... yes
checking if clang supports -Werror=unknown-warning-option... yes
checking if clang supports -Werror=unused-command-line-argument... yes
checking if clang supports -Wall... yes
checking if clang supports -Wpointer-arith... yes
checking if clang supports -Wmissing-declarations... yes
checking if clang supports -Wformat=2... yes
checking if clang supports -Wstrict-prototypes... yes
checking if clang supports -Wmissing-prototypes... yes
checking if clang supports -Wnested-externs... yes
checking if clang supports -Wbad-function-cast... yes
checking if clang supports -Wold-style-definition... yes
checking if clang supports -Wdeclaration-after-statement... yes
checking if clang supports -Wunused... yes
checking if clang supports -Wuninitialized... yes
checking if clang supports -Wshadow... yes
checking if clang supports -Wmissing-noreturn... yes
checking if clang supports -Wmissing-format-attribute... yes
checking if clang supports -Wredundant-decls... yes
checking if clang supports -Wlogical-op... no
checking if clang supports -Werror=implicit... yes
checking if clang supports -Werror=nonnull... yes
checking if clang supports -Werror=init-self... yes
checking if clang supports -Werror=main... yes
checking if clang supports -Werror=missing-braces... yes
checking if clang supports -Werror=sequence-point... yes
checking if clang supports -Werror=return-type... yes
checking if clang supports -Werror=trigraphs... yes
checking if clang supports -Werror=array-bounds... yes
checking if clang supports -Werror=write-strings... yes
checking if clang supports -Werror=address... yes
checking if clang supports -Werror=int-to-pointer-cast... yes
checking if clang supports -Werror=pointer-to-int-cast... yes
checking if clang supports -pedantic... yes
checking if clang supports -Werror... yes
checking if clang supports -Werror=attributes... yes
checking whether make supports nested variables... (cached) yes
checking whether to build developer documentation... yes
checking for doxygen... no
configure: WARNING: doxygen not found - documentation targets will be skipped
configure: WARNING: dot not found - doxygen targets will be skipped
checking for check >= 0.9.6... no
checking for xcb-proto >= 1.17.0... yes
checking for xau >= 0.99.2... yes
checking for xdmcp... yes
checking for XdmcpWrap in -lXdmcp... yes
checking XCBPROTO_XCBINCLUDEDIR... /usr/share/xcb
checking XCBPROTO_XCBPYTHONDIR... /usr/lib/python3.14/site-packages
checking for library containing getaddrinfo... none required
checking for library containing connect... none required
checking for library containing sendmsg... none required
checking for struct msghdr.msg_control... yes
checking for struct sockaddr_un.sun_len... no
checking for tsol/label.h... no
checking for is_system_labeled... no
checking whether IOV_MAX is declared... yes
checking whether clang supports symbol visibility... yes
checking for getaddrinfo... yes
checking for poll... yes
checking that generated files are newer than configure... done
configure: creating ./config.status
config.status: creating Makefile
config.status: creating doc/Makefile
config.status: creating man/Makefile
config.status: creating src/Makefile
config.status: creating tests/Makefile
config.status: creating xcb.pc
config.status: creating xcb-composite.pc
config.status: creating xcb-damage.pc
config.status: creating xcb-dbe.pc
config.status: creating xcb-dpms.pc
config.status: creating xcb-dri2.pc
config.status: creating xcb-dri3.pc
config.status: creating xcb-ge.pc
config.status: creating xcb-glx.pc
config.status: creating xcb-present.pc
config.status: creating xcb-randr.pc
config.status: creating xcb-record.pc
config.status: creating xcb-render.pc
config.status: creating xcb-res.pc
config.status: creating xcb-screensaver.pc
config.status: creating xcb-shape.pc
config.status: creating xcb-shm.pc
config.status: creating xcb-sync.pc
config.status: creating xcb-xevie.pc
config.status: creating xcb-xf86dri.pc
config.status: creating xcb-xfixes.pc
config.status: creating xcb-xinerama.pc
config.status: creating xcb-xinput.pc
config.status: creating xcb-xkb.pc
config.status: creating xcb-xprint.pc
config.status: creating xcb-xselinux.pc
config.status: creating xcb-xtest.pc
config.status: creating xcb-xv.pc
config.status: creating xcb-xvmc.pc
config.status: creating doc/xcb.doxygen
config.status: creating src/config.h
config.status: executing depfiles commands
config.status: executing libtool commands

  Package: libxcb 1.17.0

  Configuration
    XDM support.........: yes
    sendmsg fd passing..: yes
    Build unit tests....: no
      with html results.: no
    XCB buffer size.....: 16384

  X11 extensions
    Composite...........: yes
    Damage..............: yes
    Dbe.................: yes
    Dpms................: yes
    Dri2................: yes
    Dri3................: yes
    GenericEvent........: no
    Glx.................: yes
    Randr...............: yes
    Record..............: yes
    Render..............: yes
    Resource............: yes
    Screensaver.........: yes
    selinux.............: no
    Shape...............: yes
    Shm.................: yes
    Sync................: yes
    Xevie...............: no
    Xfixes..............: yes
    Xfree86-dri.........: yes
    xinerama............: yes
    xinput..............: yes
    xkb.................: yes
    xprint..............: no
    xtest...............: yes
    xv..................: yes
    xvmc................: yes

  Used CFLAGS:
    CPPFLAGS............: 
    CFLAGS..............: -march=x86-64-v3 -O2 -pipe -fno-plt -fexceptions         -Wp,-D_FORTIFY_SOURCE=3 -fstack-clash-protection -fcf-protection

  Installation:
    Prefix..............: /usr

Making all in src
make[1]: Entering directory '/home/builder/build/src/libxcb-1.17.0/src'
  GEN      xproto.c
  GEN      bigreq.c
  GEN      damage.c
  GEN      xc_misc.c
  GEN      dbe.c
  GEN      composite.c
  GEN      dpms.c
  GEN      dri2.c
  GEN      dri3.c
  GEN      record.c
  GEN      present.c
  GEN      glx.c
  GEN      res.c
  GEN      randr.c
  GEN      render.c
  GEN      screensaver.c
  GEN      shape.c
  GEN      shm.c
  GEN      sync.c
  GEN      xevie.c
  GEN      xf86dri.c
  GEN      xfixes.c
  GEN      xinerama.c
  GEN      xinput.c
  GEN      xkb.c
  GEN      xprint.c
  GEN      xselinux.c
  GEN      xtest.c
  GEN      xv.c
  GEN      xvmc.c
  GEN      ge.c
make  all-am
make[2]: Entering directory '/home/builder/build/src/libxcb-1.17.0/src'
  CC       xcb_conn.lo
  CC       xcb_out.lo
  CC       xcb_in.lo
  CC       xcb_ext.lo
  CC       xcb_util.lo
  CC       xcb_xid.lo
  CC       xcb_list.lo
  CC       xcb_auth.lo
  CC       xproto.lo
  CC       composite.lo
  CC       damage.lo
  CC       bigreq.lo
  CC       xc_misc.lo
  CC       dbe.lo
  CC       dpms.lo
  CC       dri2.lo
dbe.c:96:11: warning: variable 'xcb_tmp' set but not used [-Wunused-but-set-variable]
   96 |     char *xcb_tmp = (char *)_buffer;
      |           ^
dbe.c:352:11: warning: variable 'xcb_tmp' set but not used [-Wunused-but-set-variable]
  352 |     char *xcb_tmp = (char *)_buffer;
      |           ^
dbe.c:565:11: warning: variable 'xcb_tmp' set but not used [-Wunused-but-set-variable]
  565 |     char *xcb_tmp = (char *)_buffer;
      |           ^
xproto.c:417:11: warning: variable 'xcb_tmp' set but not used [-Wunused-but-set-variable]
  417 |     char *xcb_tmp = (char *)_buffer;
      |           ^
xproto.c:568:11: warning: variable 'xcb_tmp' set but not used [-Wunused-but-set-variable]
  568 |     char *xcb_tmp = (char *)_buffer;
      |           ^
xproto.c:698:11: warning: variable 'xcb_tmp' set but not used [-Wunused-but-set-variable]
  698 |     char *xcb_tmp = (char *)_buffer;
      |           ^
xcb_conn.c:176:16: warning: allocation of insufficient size '8' for type 'xcb_setup_t' (aka 'struct xcb_setup_t') with size '40' [-Walloc-size]
  176 |     c->setup = malloc(sizeof(xcb_setup_generic_t));
      |                ^
xcb_conn.c:199:13: warning: ignoring return value of function declared with 'warn_unused_result' attribute [-Wunused-result]
  199 |             write(STDERR_FILENO, xcb_setup_failed_reason(setup), xcb_setup_failed_reason_length(setup));
      |             ^~~~~~~~~~~~~~~~~~~~~~~~~~~~~~~~~~~~~~~~~~~~~~~~~~~~~~~~~~~~~~~~~~~~~~~~~~~~~~~~~~~~~~~~~~~
xcb_conn.c:200:13: warning: ignoring return value of function declared with 'warn_unused_result' attribute [-Wunused-result]
  200 |             write(STDERR_FILENO, &newline, 1);
      |             ^~~~~~~~~~~~~~~~~~~~~~~~~~~~~~~~~
xcb_conn.c:207:13: warning: ignoring return value of function declared with 'warn_unused_result' attribute [-Wunused-result]
  207 |             write(STDERR_FILENO, xcb_setup_authenticate_reason(setup), xcb_setup_authenticate_reason_length(setup));
      |             ^~~~~~~~~~~~~~~~~~~~~~~~~~~~~~~~~~~~~~~~~~~~~~~~~~~~~~~~~~~~~~~~~~~~~~~~~~~~~~~~~~~~~~~~~~~~~~~~~~~~~~~
xcb_conn.c:208:13: warning: ignoring return value of function declared with 'warn_unused_result' attribute [-Wunused-result]
  208 |             write(STDERR_FILENO, &newline, 1);
      |             ^~~~~~~~~~~~~~~~~~~~~~~~~~~~~~~~~
xproto.c:774:11: warning: variable 'xcb_tmp' set but not used [-Wunused-but-set-variable]
  774 |     char *xcb_tmp = (char *)_buffer;
      |           ^
dri2.c:124:11: warning: variable 'xcb_tmp' set but not used [-Wunused-but-set-variable]
  124 |     char *xcb_tmp = (char *)_buffer;
      |           ^
  CC       dri3.lo
dri2.c:482:11: warning: variable 'xcb_tmp' set but not used [-Wunused-but-set-variable]
  482 |     char *xcb_tmp = (char *)_buffer;
      |           ^
xc_misc.c:143:11: warning: variable 'xcb_tmp' set but not used [-Wunused-but-set-variable]
  143 |     char *xcb_tmp = (char *)_buffer;
      |           ^
dri2.c:xcb_util.c:176:11: warning: assigning to 'char *' from 'const char *' discards qualifiers [-Wincompatible-pointer-types-discards-qualifiers]
685  176 |     slash = strrchr(name, '/');
      |           ^ ~~~~~~~~~~~~~~~~~~
:11: warning: variable 'xcb_tmp' set but not used [-Wunused-but-set-variable]
  685 |    xcb_util.c:192:11: warning: assigning to 'char *' from 'const char *' discards qualifiers [-Wincompatible-pointer-types-discards-qualifiers]
   char *xcb_tmp = (char *)_buffer;
      |           ^
192 |     colon = strrchr(name, ':');
      |           ^ ~~~~~~~~~~~~~~~~~~
xcb_util.c:398:35: warning: assigning to 'char *' from 'const char *' discards qualifiers [-Wincompatible-pointer-types-discards-qualifiers]
  398 |     if(host[0] == '[' && (bracket = strrchr(host, ']')) && bracket[1] == '\0')
      |                                   ^ ~~~~~~~~~~~~~~~~~~
  CC       present.lo
  CC       glx.lo
  CC       randr.lo
xproto.c:3050:11: warning: variable 'xcb_tmp' set but not used [-Wunused-but-set-variable]
 3050 |     char *xcb_tmp = (char *)_buffer;
      |           ^
xproto.c:3165:11: warning: variable 'xcb_tmp' set but not used [-Wunused-but-set-variable]
 3165 |     char *xcb_tmp = (char *)_buffer;
      |           ^
1 warning generated.
xproto.c:3274:11: warning: 3variable 'xcb_tmp' set but not used [-Wunused-but-set-variable]
 3274 |     char *xcb_tmp = (char *)_buffer;
      |           ^
 warnings generated.
xproto.c:3389:11: warning: variable 'xcb_tmp' set but not used [-Wunused-but-set-variable]
 3389 |     char *xcb_tmp = (char *)_buffer;
      |           ^
xproto.c:3586:11: warning: variable 'xcb_tmp' set but not used [-Wunused-but-set-variable]
 3586 |     char *xcb_tmp = (char *)_buffer;
      |           ^
xproto.c:3719:11: warning: variable 'xcb_tmp' set but not used [-Wunused-but-set-variable]
 3719 |     char *xcb_tmp = (char *)_buffer;
      |           ^
  CC       record.lo
  CC       res.lo
  CC       render.lo
  CC       screensaver.lo
  CC       shape.lo
xproto.c:4950:11: warning: variable 'xcb_tmp' set but not used [-Wunused-but-set-variable]
 4950 |     char *xcb_tmp = (char *)_buffer;
      |           ^
xproto.c:5405:11: warning: variable 'xcb_tmp' set but not used [-Wunused-but-set-variable]
 5405 |     char *xcb_tmp = (char *)_buffer;
      |           ^
xproto.c:5620:11: warning: variable 'xcb_tmp' set but not used [-Wunused-but-set-variable]
 5620 |     char *xcb_tmp = (char *)_buffer;
      |           ^
xproto.c:5772:11: warning: variable 'xcb_tmp' set but not used [-Wunused-but-set-variable]
 5772 |     char *xcb_tmp = (char *)_buffer;
      |           ^
xproto.c:5878:11: warning: variable 'xcb_tmp' set but not used [-Wunused-but-set-variable]
 5878 |     char *xcb_tmp = (char *)_buffer;
      |           ^
xproto.c:5954:11: warning: variable 'xcb_tmp' set but not used [-Wunused-but-set-variable]
 5954 |     char *xcb_tmp = (char *)_buffer;
      |           ^
xproto.c:6079:11: warning: variable 'xcb_tmp' set but not used [-Wunused-but-set-variable]
 6079 |     char *xcb_tmp = (char *)_buffer;3
      |           ^
 warnings generated.
5 warnings generated.
  CC       shm.lo
3 warnings generated.
  CC       sync.lo
  CC       xf86dri.lo
xproto.c:7880:11: warning: variable 'xcb_tmp' set but not used [-Wunused-but-set-variable]
 7880 |     char *xcb_tmp = (char *)_buffer;
      |           ^
xproto.c:8008:11: warning: variable 'xcb_tmp' set but not used [-Wunused-but-set-variable]
 8008 |     char *xcb_tmp = (char *)_buffer;
      |           ^
  CC       xfixes.lo
dri3.c:473:11: warning: variable 'xcb_tmp' set but not used [-Wunused-but-set-variable]
  473 |     char *xcb_tmp = (char *)_buffer;
      |           ^
xproto.c:8441:11: warning: variable 'xcb_tmp' set but not used [-Wunused-but-set-variable]
 8441 |     char *xcb_tmp = (char *)_buffer;
      |           ^
xproto.c:8568:11: warning: variable 'xcb_tmp' set but not used [-Wunused-but-set-variable]
 8568 |     char *xcb_tmp = (char *)_buffer;
      |           ^
dri3.c:761:11: warning: variable 'xcb_tmp' set but not used [-Wunused-but-set-variable]
  761 |     char *xcb_tmp = (char *)_buffer;
      |           ^
xproto.c:8713:11: warning: variable 'xcb_tmp' set but not used [-Wunused-but-set-variable]
 8713 |     char *xcb_tmp = (char *)_buffer;
      |           ^
  CC       xinerama.lo
xproto.c:8838:11: warning: variable 'xcb_tmp' set but not used [-Wunused-but-set-variable]
 8838 |     char *xcb_tmp = (char *)_buffer;
      |           ^
xproto.c:8963:11: warning: variable 'xcb_tmp' set but not used [-Wunused-but-set-variable]
 8963 |     char *xcb_tmp = (char *)_buffer;
      |           ^
glx.c:205:11: warning: variable 'xcb_tmp' set but not used [-Wunused-but-set-variable]
  205 |     char *xcb_tmp = (char *)_buffer;
      |           ^
xproto.cglx.c:323:11: warning: variable 'xcb_tmp' set but not used [-Wunused-but-set-variable]
  323 |     char *xcb_tmp = (char *)_buffer;
      |           ^
:9088:11: warning: variable 'xcb_tmp' set but not used [-Wunused-but-set-variable]
 9088 |     char *xcb_tmp = (char *)_buffer;
      |           ^
xproto.c:9223:11: warning: variable 'xcb_tmp' set but not used [-Wunused-but-set-variable]
 9223 |     char *xcb_tmp = (char *)_buffer;
      |           ^
xproto.c:9348:11: warning: variable 'xcb_tmp' set but not used [-Wunused-but-set-variable]
 9348 |     char *xcb_tmp = (char *)_buffer;
      |           ^
xproto.c:9473:11: warning: variable 'xcb_tmp' set but not used [-Wunused-but-set-variable]
 9473 |     char *xcb_tmp = (char *)_buffer;
      |           ^
glx.cxproto.c:9625:11: warning: variable 'xcb_tmp' set but not used [-Wunused-but-set-variable]
 9625 |     char *xcb_tmp = (char *)_buffer;
      |           ^
:1122:11: warning: variable 'xcb_tmp' set but not used [-Wunused-but-set-variable]
 1122 |     char *xcb_tmp = (char *)_buffer;
      |           ^
xproto.c:9763:11: warning: variable 'xcb_tmp' set but not used [-Wunused-but-set-variable]
 9763 |     char *xcb_tmp = (char *)_buffer;
      |           ^
glx.c:1288:11: warning: variable 'xcb_tmp' set but not used [-Wunused-but-set-variable]
 1288 |     char *xcb_tmp = (char *)_buffer;
      |           ^
xproto.c:9896:11: warning: variable 'xcb_tmp' set but not used [-Wunused-but-set-variable]
 9896 |     char *xcb_tmp = (char *)_buffer;
      |           ^
glx.c:1411:11: warning: variable 'xcb_tmp' set but not used [-Wunused-but-set-variable]
 1411 |     char *xcb_tmp = (char *)_buffer;
      |           ^
xproto.c:10028:11: warning: variable 'xcb_tmp' set but not used [-Wunused-but-set-variable]
 10028 |     char *xcb_tmp = (char *)_buffer;
       |           ^
glx.c:1601:11: warning: variable 'xcb_tmp' set but not used [-Wunused-but-set-variable]
 1601 |     char *xcb_tmp = (char *)_buffer;
      |           ^
xproto.c:10161:11: warning: variable 'xcb_tmp' set but not used [-Wunused-but-set-variable]
 10161 |  glx.c :1718:11: warning: variable 'xcb_tmp' set but not used [-Wunused-but-set-variable]
  1718 |     char *xcb_tmp = (char *)_buffer;
      |           ^
 char *xcb_tmp = (char *)_buffer;
       |           ^
glx.c:1843:11: warning: variable 'xcb_tmp' set but not used [-Wunused-but-set-variable]
 1843 |     char *xcb_tmp = (char *)_buffer;
      |           ^
glx.c:1956:11: warning: variable 'xcb_tmp' set but not used [-Wunused-but-set-variable]
 1956 |     char *xcb_tmp = (char *)_buffer;
      |           ^
xproto.c:glx.c10578:2215:11: warning: variable 'xcb_tmp' set but not used [-Wunused-but-set-variable]
: 2215 |     char *xcb_tmp = (char *)_buffer;
      |           ^
11: warning: variable 'xcb_tmp' set but not used [-Wunused-but-set-variable]
 10578 |     char *xcb_tmp = (char *)_buffer;
       |           ^
glx.c:2400:11: warning: variable 'xcb_tmp' set but not used [-Wunused-but-set-variable]
 2400 |     char *xcb_tmp = (char *)_buffer;
      |           ^
xproto.c:10769:11: warning: variable 'xcb_tmp' set but not used [-Wunused-but-set-variable]
 10769 |     char *xcb_tmp = (char *)_buffer;
       |           ^
randr.c:133:11: warning: variable 'xcb_tmp' set but not used [-Wunused-but-set-variable]
  133 |     char *xcb_tmp = (char *)_buffer;
      |           ^
glx.c:2581:11: warning: variable 'xcb_tmp' set but not used [-Wunused-but-set-variable]
 2581 |     char *xcb_tmp = (char *)_buffer;
      |           ^
xproto.c:10880:11: warning: variable 'xcb_tmp' set but not used [-Wunused-but-set-variable]
 10880 |     char *xcb_tmp = (char *)_buffer;
       |           ^
glx.c:2694:11: warning: variable 'xcb_tmp' set but not used [-Wunused-but-set-variable]
 2694 |     char *xcb_tmp = (char *)_buffer;
      |           ^
xproto.c:11041:11: warning: variable 'xcb_tmp' set but not used [-Wunused-but-set-variable]
 11041 |     char *xcb_tmp = (char *)_buffer;
       |           ^
glx.c:2815:11: warning: variable 'xcb_tmp' set but not used [-Wunused-but-set-variable]
 2815 |     char *xcb_tmp = (char *)_buffer;
      |           ^
xproto.c:11175:11: warning: variable 'xcb_tmp' set but not used [-Wunused-but-set-variable]
 11175 |     char *xcb_tmp = (char *)_buffer;
       |           ^
glx.c:3000:11: warning: variable 'xcb_tmp' set but not used [-Wunused-but-set-variable]
 3000 |     char *xcb_tmp = (char *)_buffer;
      |           ^
xproto.c:11318:11: warning: variable 'xcb_tmp' set but not used [-Wunused-but-set-variable]
 11318 |     char *xcb_tmp = (char *)_buffer;
       |           ^
record.c:149:11: warning: variable 'xcb_tmp' set but not used [-Wunused-but-set-variable]
  149 |     char *xcb_tmp = (char *)_buffer;
      |           ^
randr.c:706:11: warning: variable 'xcb_tmp' set but not used [-Wunused-but-set-variable]
  706 |     char *xcb_tmp = (char *)_buffer;
      |           ^
xproto.c:11438:11: warning: glx.c:3238:11: warning: variable 'xcb_tmp' set but not used [-Wunused-but-set-variable]
variable 'xcb_tmp' set but not used [-Wunused-but-set-variable] 3238 |     char *xcb_tmp = (char *)_buffer;
      |           ^

 11438 |     char *xcb_tmp = (char *)_buffer;
       |           ^
record.c:289:11: warning: variable 'xcb_tmp' set but not used [-Wunused-but-set-variable]
  289 |     char *xcb_tmp = (char *)_buffer;
      |           ^
glx.c:3377:11: warning: variable 'xcb_tmp' set but not used [-Wunused-but-set-variable]
 3377 |     char *xcb_tmp = (char *)_buffer;
      |           ^
randr.c:927:11: warning: variable 'xcb_tmp' set but not used [-Wunused-but-set-variable]
  927 |     char *xcb_tmp = (char *)_buffer;
      |           ^
xproto.c:11588:11: warning: variable 'xcb_tmp' set but not used [-Wunused-but-set-variable]
 11588 |     char *xcb_tmp = (char *)_buffer;
       |           ^
present.c:111:11: warning: variable 'xcb_tmp' set but not used [-Wunused-but-set-variable]
  111 |     char *xcb_tmp = (char *)_buffer;
      |           ^
record.c:468:11: warning: variable 'xcb_tmp' set but not used [-Wunused-but-set-variable]
  468 |     char *xcb_tmp = (char *)_buffer;
      |           ^
xproto.c:11716:11: warning: variable 'xcb_tmp' set but not used [-Wunused-but-set-variable]
 11716 |     char *xcb_tmp = (char *)_buffer;
       |           ^
record.c:647:11: warning: variable 'xcb_tmp' set but not used [-Wunused-but-set-variable]
  647 |     char *xcb_tmp = (char *)_buffer;
      |           ^
randr.c:1152:11: warning: variable 'xcb_tmp' set but not used [-Wunused-but-set-variable]
 1152 |     char *xcb_tmp = (char *)_buffer;
      |           ^
randr.c:1265:11: warning: variable 'xcb_tmp' set but not used [-Wunused-but-set-variable]
 1265 |     char *xcb_tmp = (char *)_buffer;
      |           ^
present.c:492:11: warning: variable 'xcb_tmp' set but not used [-Wunused-but-set-variable]
  492 |     char *xcb_tmp = (char *)_buffer;
      |           ^
record.c:880:11: warning: variable 'xcb_tmp' set but not used [-Wunused-but-set-variable]
  880 |     char *xcb_tmp = (char *)_buffer;
      |           ^
render.c:168:11: warning: variable 'xcb_tmp' set but not used [-Wunused-but-set-variable]
  168 |     char *xcb_tmp = (char *)_buffer;
      |           ^
glx.c:3967:11: warning: variable 'xcb_tmp' set but not used [-Wunused-but-set-variable]
 3967 |     char *xcb_tmp = (char *)_buffer;
      |           ^
randr.cshape.c:117:11: warning: variable 'xcb_tmp' set but not used [-Wunused-but-set-variable]
  117 |     char *xcb_tmp = (char *)_buffer;
      |           ^
:1383:11xproto.c: warning: variable 'xcb_tmp' set but not used [-Wunused-but-set-variable]
 1383 |     char *xcb_tmp = (char *)_buffer;
      |           ^
:12219:11: warning: variable 'xcb_tmp' set but not used [-Wunused-but-set-variable]
 12219 |     char *xcb_tmp = (char *)_buffer;
       |           ^
present.c:673:11: warning: variable 'xcb_tmp' set but not used [-Wunused-but-set-variable]
  673 |     char *xcb_tmp = (char *)_buffer;
      |           ^
randr.c:1515:11: warning: variable 'xcb_tmp' set but not used [-Wunused-but-set-variable]
 1515 |     char *xcb_tmp = (char *)_buffer;
      |           ^
xproto.c:12436:11: warning: variable 'xcb_tmp' set but not used [-Wunused-but-set-variable]
 12436 |     char *xcb_tmp = (char *)_buffer;
       |           ^
glx.c:4264:11: warning: variable 'xcb_tmp' set but not used [-Wunused-but-set-variable]
 4264 |     char *xcb_tmp = (char *)_buffer;
      |           ^
randr.c:1710:11: warning: variable 'xcb_tmp' set but not used [-Wunused-but-set-variable]
 1710 |     char *xcb_tmp = (char *)xproto.c_buffer;
      |           ^
:12563:11: warning: variable 'xcb_tmp' set but not used [-Wunused-but-set-variable]
 12563 |     char *xcb_tmp = (char *)_buffer;
       |           ^
glx.c:4409:11: warning: variable 'xcb_tmp' set but not used [-Wunused-but-set-variable]
 4409 |     char *xcb_tmp = (char *)_buffer;
      |           ^
2 warnings generated.
shape.crandr.c:1850:11: warning: variable 'xcb_tmp' set but not used [-Wunused-but-set-variable]
 :653:11: warning: variable 'xcb_tmp' set but not used [-Wunused-but-set-variable]
  653 |     char *xcb_tmp = (char *)_buffer;
      |           ^
1850 |     char *xcb_tmglx.c:4526:11: warning: variable 'xcb_tmp' set but not used [-Wunused-but-set-variable]
p 4526 |     char *xcb_tmp = (char *)_buffer;
      |           ^
 = (char *)_buffer;
      |           ^
glx.c:4643:11: warning: variable 'xcb_tmp' set but not used [-Wunused-but-set-variable]
 4643 |     char *xcb_tmp = (char *)_buffer;
      |           ^
render.c:688:11: warning: variable 'xcb_tmp' set but not used [-Wunused-but-set-variable]
  688 |     char *xcb_tmp = (char *)_buffer;
      |           ^
res.c:78:11: warning: variable 'xcb_tmp' set but not used [-Wunused-but-set-variable]
randr.c:2122:11: warning: variable 'xcb_tmp' set but not used [-Wunused-but-set-variable]
 2122 |     char *xcb_tmp = (char *)_buffer;
      |           ^
glx.c:4820:11: warning: variable 'xcb_tmp' set but not used [-Wunused-but-set-variable]
 4820 |     char *xcb_tmp = (char *)_buffer;
      |           ^
   78 |     char *xcb_tmp = (char *)_buffer;
      |           ^
glx.c:4937:11: warning: variable 'xcb_tmp' set but not used [-Wunused-but-set-variable]
 4937 |     char *xcb_tmp = (char *)_buffer;
      |           ^
randr.c:2276:11: warning: variable 'xcb_tmp' set but not used [-Wunused-but-set-variable]
 2276 |     char *xcb_tmp = (char *)_buffer;
      |           ^
xproto.c:13414:11: warning: variable 'xcb_tmp' set but not used [-Wunused-but-set-variable]
 13414 |     chaglx.c:5054:11: warning: variable 'xcb_tmp' set but not used [-Wunused-but-set-variable]
r 5054 |     char *xcb_tmp = (char *)_buffer;
      |           ^
 *xcb_tmp = (char *)_buffer;
       |           ^
res.c:190:11: warning: variable 'xcb_tmp' set but not used [-Wunused-but-set-variable]
  190 |     char *xcb_tmp = (char *)_buffer;
      |           ^
glx.c:5175:11: warning: variable 'xcb_tmp' set but not used [-Wunused-but-set-variable]
 5175 |     char *xcb_tmp = (char *)_buffer;
      |           ^
xproto.c:13541:11: warning: variable 'xcb_tmp' set but not used [-Wunused-but-set-variable]
 13541 |     char *xcb_tmp = (crandr.char *)_buffer;
       |           ^
:2466:11: warning: variable 'xcb_tmp' set but not used [-Wunused-but-set-variable]
 2466 |     char *xcb_tmp = (char *)_buffer;
      |           ^
glx.c:5296:11: warning: variable 'xcb_tmp' set but not used [-Wunused-but-set-variable]
 5296 |     char *xcb_tmp = (char *)_buffer;
      |           ^
glx.c:5417:11: warning: variable 'xcb_tmp' set but not used [-Wunused-but-set-variable]
 5417 |     char *xcb_tmp = (char *)_buffer;
      |           ^
randr.c:2651:11: warning: variable 'xcb_tmp' set but not used [-Wunused-but-set-variable]
 2651 |     char *xcb_tmp = (chares.c:330:11: warning: variable 'xcb_tmp' set but not used [-Wunused-but-set-variable]
r  330 |     char *xcb_tmp = (char *)_buffer;
      |           ^
 *)_buffer;
      |           ^
xproto.cglx.c:5538:11: warning: variable 'xcb_tmp' set but not used [-Wunused-but-set-variable]
 5538 |     char *xcb_tmp = (char *)_buffer;
      |           ^
:13894:11: warning: variable 'xcb_tmp' set but not used [-Wunused-but-set-variable]
 13894 |     char *xcb_tmp = (char *)_buffer;
       |           ^
  CC       xinput.lo
res.c:439:11: warning: variable 'xcb_tmp' set but not used [-Wunused-but-set-variable]
  439 |     char *xcb_tmp = (char *)_buffer;
      |           ^
glx.c:5659:11: warning: variable 'xcb_tmp' set but not used [-Wunused-but-set-variable]
 5659 |     char *xcb_tmp = (char *)_buffer;
      |           ^
xproto.c:14073:11: warning: variable 'xcb_tmp' set but not used [-Wunused-but-set-variable]
 14073 |     randr.c:2870:11: warning: variable 'xcb_tmp' set but not used [-Wunused-but-set-variable]
c 2870 |     char *xcb_tmp = (char *)_buffer;
      |           ^
har *xcb_tmp = (char *)_buffer;
       |           ^
glx.c:5780:11: warning: variable 'xcb_tmp' set but not used [-Wunused-but-set-variable]
 5780 |     char *xcb_tmp = (char *)_buffer;
      |           ^
xproto.c:14176:11: warning: variable 'xcb_tmp' set but not used [-Wunused-but-set-variable]
 14176 |     char *xcb_tmp = (char *)_buffer;
       |           ^
render.c:1716:11: warning: variable 'xcb_tmp' set but not used [-Wunused-but-set-variable]
 1716 |     char *xcb_tmp = (char *)_buffer;
      |           ^
glx.c:5901:11: warning: variable 'xcb_tmp' set but not used [-Wunused-but-set-variable]
 5901 |     char *xcb_tmp = (char *)_buffer;
      |           ^
xproto.c:14287:11: warning: variable 'xcb_tmp' set but not used [-Wunused-but-set-variable]
 14287 |     char *xcb_tmp = (char *)_buffer;
       |           ^
randr.c:3092:11: warning: variable 'xcb_tmp' set but not used [-Wunused-but-set-variable]
 3092 |     char *xcb_tmp = (char *)_buffeglx.c:6018:11: warning: variable 'xcb_tmp' set but not used [-Wunused-but-set-variable]
r 6018 |     char *xcb_tmp = (char *)_buffer;
      |           ^
;
      |           ^
xproto.c:14390:11: warning: variable 'xcb_tmp' set but not used [-Wunused-but-set-variable]
 14390 |     char *xcb_tmp = (char *)_buffer;
       |           ^
glx.c:6135:11: warning: variable 'xcb_tmp' set but not used [-Wunused-but-set-variable]
 6135 |     char *xcb_tmp = (char *)_buffer;
      |           ^
res.c:612:11: warning: variable 'xcb_tmp' set but not used [-Wunused-but-set-variable]
  612 |     char *xcb_tmp = (char *)_buffer;
      |           ^
randr.c:3278:11: warning: variable 'xcb_tmp' set but not used [-Wunused-but-set-variable]
 3278 |     char *xcb_tmp = (char *)_buffer;
      |           ^
render.c:1993:11: warning: variable 'xcb_tmp' set but not used [-Wunused-but-set-variable]
 1993 |     char *xcb_tmp = (char *)_buffer;
      |           ^
glx.c:6252:11: warning: variable 'xcb_tmp' set but not used [-Wunused-but-set-variable]
 6252 |     char *xcb_tmp = (char *)_buffer;
      |           ^
glx.c:6369:11: warning: variable 'xcb_tmp' set but not used [-Wunused-but-set-variable]
 6369 |     char *xcb_tmp = (char *)_buffer;
      |           ^
render.c:2134:11: warning: variable 'xcb_tmp' set but not used [-Wunused-but-set-variable]
 2134 |     char *xcb_tmp = (char *)_buffer;
      |           ^
res.c:731:11: warning: variable 'xcb_tmp' set but not used [-Wunused-but-set-variable]
  731 |     char *xcb_tmp = (char *)_buffer;
      |           ^
glx.c:6486:11: warning: variable 'xcb_tmp' set but not used [-Wunused-but-set-variable]
 6486 |     char *xcb_tmp = (char *)_buffer;
      |           ^
render.c:2275:11: warning: variable 'xcb_tmp' set but not used [-Wunused-but-set-variable]
 2275 |     char *xcb_tmp = (char *)_buffer;
      |           ^
glx.c:6607:11: warning: variable 'xcb_tmp' set but not used [-Wunused-but-set-variable]
 6607 |     char *xcb_tmp = (char *)_buffer;
      |           ^
randr.c:3805:11: warning: variable 'xcb_tmp' set but not used [-Wunused-but-set-variable]
 3805 |     char *xcb_tmp = (char *)_buffer;
      |           ^
render.c:2416:11: warning: variable 'xcb_tmp' set but not used [-Wunused-but-set-variable]
 2416 |     char *xcb_tmp = (char *)_buffer;
      |           ^
glx.c:6728:11: warning: variable 'xcb_tmp' set but not used [-Wunused-but-set-variable]
 6728 |     char *randr.c:3918:11: warning: variable 'xcb_tmp' set but not used [-Wunused-but-set-variable]
x 3918 |     char *xcb_tmp = (char *)_buffer;
      |           ^
cb_tmp = (char *)_buffer;
      |           ^
2 warnings generated.
glx.c:6849:11: warning: variable 'xcb_tmp' set but not used [-Wunused-but-set-variable]
 6849 |     char *xcb_tmp = (char *)_buffer;
      |           ^
glx.c:6970:11: warning: variable 'xcb_tmp' set but not used [-Wunused-but-set-variable]
 6970 |     char *xcb_tmp = (char *)_buffer;
      |           ^
render.c:2721:11: warning: variable 'xcb_tmp' set but not used [-Wunused-but-set-variable]
 2721 |     char *xcb_tmp = (char *)_buffer;
      |           ^
randr.c:4299:11: warning: variable 'xcb_tmp' set but not used [-Wunused-but-set-variable]
 4299 |     char *xcb_tmp = (char *)_buffer;
      |           ^
glx.c:7091:11: warning: variable 'xcb_tmp' set but not used [-Wunused-but-set-variable]
 7091 |     char *xcb_tmp = (char *)_buffer;
      |           ^
3 warnings generated.
randr.c:4412:11: warning: variable 'xcb_tmp' set but not used [-Wunused-but-set-variable]
 4412 |     char *xcb_tmp = (char *)_buffer;
      |           ^
glx.c:7224:11: warning: variable 'xcb_tmp' set but not used [-Wunused-but-set-variable]
 7224 |     char *xcb_tmp = (char *)_buffer;
      |           ^
randr.c:4530:11: warning: variable 'xcb_tmp' set but not used [-Wunused-but-set-variable]
 4530 |     char *xcb_tmp = (char *)_buffer;
      |           ^
sync.c:96:11: warning: variable 'xcb_tmp' set but not used [-Wunused-but-set-variable]
   96 |     char *xcb_tmp = (char *)_buffer;
      |           ^
glx.c:7345:11: warning: variable 'xcb_tmp' set but not used [-Wunused-but-set-variable]
 7345 |     char *xcb_tmp = (char *)_buffer;
      |           ^
render.c:2941:11: warning: variable 'xcb_tmp' set but not used [-Wunused-but-set-variable]
 2941 |     char *xcb_tmp = (char *)_buffer;
      |           ^
randr.c:4662:11: warning: variable 'xcb_tmp' set but not used [-Wunused-but-set-variable]
 4662 |     char *xcb_tmp = (char *)_buffer;
      |           ^
  CC       xkb.lo
glx.c:7466:11: warning: variable 'xcb_tmp' set but not used [-Wunused-but-set-variable]
 7466 |     char *xcb_tmp = (char *)_buffer;
      |           ^
render.c:3060:11: warning: variable 'xcb_tmp' set but not used [-Wunused-but-set-variable]
 3060 |     char *xcb_tmp = (char *)_buffer;
      |           ^
  CC       xtest.lo
randr.c:4857:11: warning: variable 'xcb_tmp' set but not used [-Wunused-but-set-variable]
 4857 |     char *xcb_tmp = (char *)_buffer;
      |           ^
glx.c:7591:11: warning: variable 'xcb_tmp' set but not used [-Wunused-but-set-variable]
 7591 |     char *xcb_tmp = (char *)_buffer;
      |           ^
render.c:3205:11: warning: variable 'xcb_tmp' set but not used [-Wunused-but-set-variable]
 3205 |     char *xcb_tmp = (char *)_buffer;
      |           ^
sync.c:558:11: warning: variable 'xcb_tmp' set but not used [-Wunused-but-set-variable]
  558 |     char *xcb_tmp = (char *)_buffer;
      |           ^
randr.c:5104:11: warning: variable 'xcb_tmp' set but not used [-Wunused-but-set-variable]
 5104 |     char *xcb_tmp = (char *)_bufferglx.c:7896:11: warning: variable 'xcb_tmp' set but not used [-Wunused-but-set-variable]
; 7896 |     char *xcb_tmp = (char *)_buffer;
      |           ^

      |           ^
xf86dri.c:157:11: warning: variable 'xcb_tmp' set but not used [-Wunused-but-set-variable]
  157 |     char *xcb_tmp = (char *)_buffer;
      |           ^
render.c:3350:11: warning: variable 'xcb_tmp' set but not used [-Wunused-but-set-variable]
 3350 |     char *xcb_tmp = (char *)_buffer;
      |           ^
glx.c:8025:11: warning: variable 'xcb_tmp' set but not used [-Wunused-but-set-variable]
 8025 |     char *xcb_tmp = (char *)_buffer;
      |           ^
xf86dri.c:322:11: warning: variable 'xcb_tmp' set but not used [-Wunused-but-set-variable]
  322 |     char *xcb_tmp = (char *)_buffer;
      |           ^
glx.c:8146:11: warning: variable 'xcb_tmp' set but not used [-Wunused-but-set-variable]
 8146 |     char *xcb_tmp = (char *)_buffer;
      |           ^
  CC       xv.lo
render.c:3495:11: warning: variable 'xcb_tmp' set but not used [-Wunused-but-set-variable]
 3495 |     char *xcb_tmp = (char *)_buffer;
      |           ^
randr.c:5450:11: warning: variable 'xcb_tmp' set but not used [-Wunused-but-set-variable]
 5450 |     char *xcb_tmp = (char *)_buffer;
      |           ^
5 warnings generated.
glx.c:8327:11: warning: variable 'xcb_tmp' set but not used [-Wunused-but-set-variable]
 8327 |     char *xcb_tmp = (char *)_buffer;
      |           ^
xf86dri.c:679:11: warning: variable 'xcb_tmp' set but not used [-Wunused-but-set-variable]
  679 |     char *xcb_tmp = (char *)_buffer;
      |           ^
glx.c:8456:11: warning: variable 'xcb_tmp' set but not used [-Wunused-but-set-variable]
 8456 |     char *xcb_tmp = (char *)_buffer;
      |           ^
glx.c:8577:11: warning: variable 'xcb_tmp' set but not used [-Wunused-but-set-variable]
 8577 |     char *xcb_tmp = (char *)_buffer;
      |           ^
xf86dri.c:832:11: warning: variable 'xcb_tmp' set but not used [-Wunused-but-set-variable]
  832 |     char *xcb_tmp = (char *)_buffer;
      |           ^
glx.c:8698:11: warning: variable 'xcb_tmp' set but not used [-Wunused-but-set-variable]
 8698 |     char *xcb_tmp = (char *)_buffer;
      |           ^
render.c:3909:11: warning: variable 'xcb_tmp' set but not used [-Wunused-but-set-variable]
 3909 |     char *xcb_tmp = (char *)_buffer;
      |           ^
glx.c:8827:11: warning: variable 'xcb_tmp' set but not used [-Wunused-but-set-variable]
 8827 |     char *xcb_tmp = (char *)_buffer;
      |           ^
glx.c:8948:11: warning: variable 'xcb_tmp' set but not used [-Wunused-but-set-variable]
 8948 |     char *xcb_tmp = (char *)_buffer;
      |           ^
render.c:4110:11: warning: variable 'xcb_tmp' set but not used [-Wunused-but-set-variable]
 4110 |     char *xcb_tmp = (char *)_buffer;
      |           ^
glx.c:9069:11: warning: variable 'xcb_tmp' set but not used [-Wunused-but-set-variable]
 9069 |     char *xcb_tmp = (char *)_buffer;
      |           ^
xfixes.c:272:11: warning: variable 'xcb_tmp' set but not used [-Wunused-but-set-variable]
  272 |     char *xcb_tmp = (char *)_buffer;
      |           ^
  CC       xvmc.lo
glx.c:9198:11: warning: variable 'xcb_tmp' set but not used [-Wunused-but-set-variable]
 9198 |     char *xcb_tmp = (char *)_buffer;
      |           ^
render.c:4265:11: warning: variable 'xcb_tmp' set but not used [-Wunused-but-set-variable]
 4265 |     char *xcb_tmp = (char *)_buffer;
      |           ^
glx.c:9331:11: warning: variable 'xcb_tmp' set but not used [-Wunused-but-set-variable]
 9331 | sync.c:1977:11: warning: variable 'xcb_tmp' set but not used [-Wunused-but-set-variable]
  1977 |     char *xcb_tmp = (char *)_buffer;
      |           ^
   char *xcb_tmp = (char *)_buffer;
      |           ^
xinerama.c:346:11: warning: variable 'xcb_tmp' set but not used [-Wunused-but-set-variable]
  346 |     char *xcb_tmp = (char *)_buffer;
      |           ^
render.c:4447:11: warning: variable 'xcb_tmp' set but not used [-Wunused-but-set-variable]
 4447 |     char *xcb_tmglx.c:9452:11: warning: variable 'xcb_tmp' set but not used [-Wunused-but-set-variable]
 p = (char *)_buffer;
      |           ^
9452 |     char *xcb_tmp = (char *)_buffer;
      |           ^
xfixes.c:400:11: warning: variable 'xcb_tmp' set but not used [-Wunused-but-set-variable]
  400 |     char *xcb_tmp = (char *)_buffer;
      |           ^
glx.c:9573:11: warning: variable 'xcb_tmp' set but not used [-Wunused-but-set-variable]
 9573 |     char *xcb_tmp = (char *)_buffer;
      |           ^
glx.c:9706:11: warning: variable 'xcb_tmp' set but not used [-Wunused-but-set-variable]
 9706 |     char *xcb_tmp = (char *)_buffer;
      |           ^
render.c:4624:11: warning: variable 'xcb_tmp' set but not used [-Wunused-but-set-variable]
 4624 |     char *xcb_tmp = (char *)_buffer;
      |           ^
glx.c:9827:11: warning: variable 'xcb_tmp' set but not used [-Wunused-but-set-variable]
 9827 |     char *xcb_tmp = (char *)_buffer;
      |           ^
glx.c:9948:11: warning: variable 'xcb_tmp' set but not used [-Wunused-but-set-variable]
 9948 |     char *xcb_tmp = (char *)_buffer;
      |           ^
xfixes.c:801:11: warning: variable 'xcb_tmp' set but not used [-Wunused-but-set-variable]
  801 |     char *xcb_tmp = (char *)_buffer;
      |           ^
glx.c:10069:11: warning: variable 'xcb_tmp' set but not used [-Wunused-but-set-variable]
 10069 |     char *xcb_tmp = (char *)_buffer;
       |           ^
render.c:4809:11: warning: variable 'xcb_tmp' set but not used [-Wunused-but-set-variable]
 4809 |     char *xcb_tmp = (char *)_buffer;
      |           ^
glx.c:10190:11: warning: variable 'xcb_tmp' set but not used [-Wunused-but-set-variable]
 10190 |     char *xcb_tmp = (char *)_buffer;
       |           ^
glx.c:10371:11: warning: variable 'xcb_tmp' set but not used [-Wunused-but-set-variable]
 10371 |     char *xcb_tmp = (char *)_buffer;
       |           ^
glx.cxfixes.c:1331:11: warning: variable 'xcb_tmp' set but not used [-Wunused-but-set-variable]
 1331 |     char *xcb_tmp = (char *)_buffer;
      |           ^
:10492:11: warning: variable 'xcb_tmp' set but not used [-Wunused-but-set-variable]
 10492 |     char *xcb_tmp = (char *)_buffer;
       |           ^
glx.c:10613:11: warning: variable 'xcb_tmp' set but not used [-Wunused-but-set-variable]
 10613 |     char *xcb_tmp = (char *)_buffer;
       |           ^
xfixes.c:1642:11: warning: variable 'xcb_tmp' set but not used [-Wunused-but-set-variable]
 1642 |     char *xcb_tmp = (char *)_buffer;
      |           ^
xfixes.c:1765:11: warning: variable 'xcb_tmp' set but not used [-Wunused-but-set-variable]
 1765 |     char *xcb_tmp = (char *)_buffer;
      |           ^
xfixes.c:1878:11: warning: variable 'xcb_tmp' set but not used [-Wunused-but-set-variable]
 1878 |     char *xcb_tmp = (char *)_buffer;
      |           ^
1 warning generated.
xfixes.c:2079:11: warning: variable 'xcb_tmp' set but not used [-Wunused-but-set-variable]
 2079 |     char *xcb_tmp = (char *)_buffer;
      |           ^
xfixes.c:2396:11: warning: variable 'xcb_tmp' set but not used [-Wunused-but-set-variable]
 2396 |     char *xcb_tmp = (char *)_buffer;
      |           ^
6 warnings generated.
xinput.c:114:11: warning: variable 'xcb_tmp' set but not used [-Wunused-but-set-variable]
  114 |     char *xcb_tmp = (char *)_buffer;
      |           ^
4 warnings generated.
xinput.c:291:11: warning: variable 'xcb_tmp' set but not used [-Wunused-but-set-variable]
  291 |     char *xcb_tmp = (char *)_buffer;
      |           ^
xinput.c:664:11: warning: variable 'xcb_tmp' set but not used [-Wunused-but-set-variable]
  664 |     char *xcb_tmp = (char *)_buffer;
      |           ^
xinput.c:999:11: warning: variable 'xcb_tmp' set but not used [-Wunused-but-set-variable]
  999 |     char *xcb_tmp = (char *)_buffer;
      |           ^
xinput.c:1243:11: warning: variable 'xcb_tmp' set but not used [-Wunused-but-set-variable]
 1243 |     char *xcb_tmp = (char *)_buffer;
      |           ^
xinput.c:1366:11: warning: variable 'xcb_tmp' set but not used [-Wunused-but-set-variable]
 1366 |     char *xcb_tmp = (char *)_buffer;
      |           ^
xinput.c:1515:11: warning: variable 'xcb_tmp' set but not used [-Wunused-but-set-variable]
 1515 |     char *xcb_tmp = (char *)_buffer;
      |           ^
xinput.c:1642:11: warning: variable 'xcb_tmp' set but not used [-Wunused-but-set-variable]
 1642 |     char *xcb_tmp = (char *)_buffer;
      |           ^
xinput.c:1756:11: warning: variable 'xcb_tmp' set but not used [-Wunused-but-set-variable]
 1756 |     char *xcb_tmp = (char *)_buffer;
      |           ^
xinput.c:2088:11: warning: variable 'xcb_tmp' set but not used [-Wunused-but-set-variable]
 2088 |     char *xcb_tmp = (char *)_buffer;
      |           ^
xinput.c:2275:11: warning: variable 'xcb_tmp' set but not used [-Wunused-but-set-variable]
 2275 |     char *xcb_tmp = (char *)_buffer;
      |           ^
xinput.c:2494:11: warning: variable 'xcb_tmp' set but not used [-Wunused-but-set-variable]
 2494 |     char *xcb_tmp = (char *)_buffer;
      |           ^
xinput.c:2959:11: warning: variable 'xcb_tmp' set but not used [-Wunused-but-set-variable]
 2959 |     char *xcb_tmp = (char *)_buffer;
      |           ^
xinput.c:3726:11: warning: variable 'xcb_tmp' set but not used [-Wunused-but-set-variable]
 3726 |     char *xcb_tmp = (char *)_buffer;
      |           ^
xkb.c:168:11: warning: variable 'xcb_tmp' set but not used [-Wunused-but-set-variable]
  168 |     char *xcb_tmp = (char *)_buffer;
      |           ^
xkb.c:298:11: warning: variable 'xcb_tmp' set but not used [-Wunused-but-set-variable]
  298 |     char *xcb_tmp = (char *)_buffer;
      |           ^
xkb.c:410:11: warning: variable 'xcb_tmp' set but not used [-Wunused-but-set-variable]
  410 |     char *xcb_tmp = (char *)_buffer;
      |           ^
xinput.c:4401:11: warning: variable 'xcb_tmp' set but not used [-Wunused-but-set-variable]
 4401 |     char *xcb_tmp = (char *)_buffer;
      |           ^
xinput.c:4524:11: warning: variable 'xcb_tmp' set but not used [-Wunused-but-set-variable]
 4524 |     char *xcb_tmp = (char *)_buffer;
      |           ^
xinput.c:4653:11: warning: variable 'xcb_tmp' set but not used [-Wunused-but-set-variable]
 4653 |     char *xcb_tmp = (char *)_buffer;
      |           ^
xinput.c:4768:11: warning: variable 'xcb_tmp' set but not used [-Wunused-but-set-variable]
 4768 |     char *xcb_tmp = (char *)_buffer;
      |           ^
xinput.c:4877:11: warning: variable 'xcb_tmp' set but not used [-Wunused-but-set-variable]
 4877 |     char *xcb_tmp = (char *)_buffer;
      |           ^
xkb.c:738:11: warning: variable 'xcb_tmp' set but not used [-Wunused-but-set-variable]
  738 |     char *xcb_tmp = (char *)_buffer;
      |           ^
xinput.c:5001:11: warning: variable 'xcb_tmp' set but not used [-Wunused-but-set-variable]
 5001 |     char *xcb_tmp = (char *)_buffer;
      |           ^
xkb.c:868:11: warning: variable 'xcb_tmp' set but not used [-Wunused-but-set-variable]
  868 |     char *xcb_tmp = (char *)_buffer;
      |           ^
xinput.c:5146:11: warning: variable 'xcb_tmp' set but not used [-Wunused-but-set-variable]
 5146 |     char *xcb_tmp = (char *)_buffer;
      |           ^
xkb.c:1055:11: warning: variable 'xcb_tmp' set but not used [-Wunused-but-set-variable]
 1055 |     char *xcb_tmp = (char *)_buffer;
      |           ^
xkb.c:1206:11: warning: variable 'xcb_tmp' set but not used [-Wunused-but-set-variable]
 1206 |     char *xcb_tmp = (char *)_buffer;
      |           ^
xkb.c:1282:11: warning: variable 'xcb_tmp' set but not used [-Wunused-but-set-variable]
 1282 |     char *xcb_tmp = (char *)_buffer;
      |           ^
xinput.c:5696:11: warning: variable 'xcb_tmp' set but not used [-Wunused-but-set-variable]
 5696 |     char *xcb_tmp = (char *)_buffer;
      |           ^
xinput.c:xkb.c:1367:11: warning: variable 'xcb_tmp' set but not used [-Wunused-but-set-variable]
5809 1367 |     char *xcb_tmp = (char *)_buffer;
      |           ^
:11: warning: variable 'xcb_tmp' set but not used [-Wunused-but-set-variable]
 5809 |     char *xcb_tmp = (char *)_buffer;
      |           ^
xv.c:97:11: warning: variable 'xcb_tmp' set but not used [-Wunused-but-set-variable]
   97 |     char *xcb_tmp = (char *)_buffer;
      |           ^
xv.c:218:11: warning: variable 'xcb_tmp' set but not used [-Wunused-but-set-variable]
  218 |     char *xcb_tmp = (char *)_buffer;
      |           ^
xv.c:303:11: warning: variable 'xcb_tmp' set but not used [-Wunused-but-set-variable]
  303 |     char *xcb_tmp = (char *)_buffer;
      |           ^
xinput.c:6680:11: warning: variable 'xcb_tmp' set but not used [-Wunused-but-set-variable]
 6680 |     char *xcb_tmp = (char *)_buffer;
      |           ^
xv.c:451:11: warning: variable 'xcb_tmp' set but not used [-Wunused-but-set-variable]
  451 |     char *xcb_tmp = (char *)_buffer;
      |           ^
xinput.c:7386:11: warning: variable 'xcb_tmp' set but not used [-Wunused-but-set-variable]
 7386 |     char *xcb_tmp = (char *)_buffer;
      |           ^
xinput.c:8533:11: warning: variable 'xcb_tmp' set but not used [-Wunused-but-set-variable]
 8533 |     char *xcb_tmp = (char *)_buffer;
      |           ^
xvmc.c:152:11: warning: variable 'xcb_tmp' set but not used [-Wunused-but-set-variable]
  152 |     char *xcb_tmp = (char *)_buffer;
      |           ^
xinput.c:8800:11: warning: variable 'xcb_tmp' set but not used [-Wunused-but-set-variable]
 8800 |     char *xcb_tmp = (char *)_buffer;
      |           ^
xvmc.c:265:11: warning: variable 'xcb_tmp' set but not used [-Wunused-but-set-variable]
  265 |     char *xcb_tmp = (char *)_buffer;
      |           ^
xvmc.c:450:11: warning: variable 'xcb_tmp' set but not used [-Wunused-but-set-variable]
  450 |     char *xcb_tmp = (char *)_buffer;
      |           ^
xv.c:1812:11: warning: variable 'xcb_tmp' set but not used [-Wunused-but-set-variable]
 1812 |     char *xcb_tmp = (char *)_buffer;
      |           ^
xvmc.c:619:11: warning: variable 'xcb_tmp' set but not used [-Wunused-but-set-variable]
  619 |     char *xcb_tmp = (char *)_buffer;
      |           ^
xv.c:1925:11: warning: variable 'xcb_tmp' set but not used [-Wunused-but-set-variable]
 1925 |     char *xcb_tmp = (char *)_buffer;
      |           ^
xkb.c:4969:11: warning: variable 'xcb_tmp' set but not used [-Wunused-but-set-variable]
 4969 |     char *xcb_tmp = (char *)_buffer;
      |           ^
xinput.c:9560:11: warning: variable 'xcb_tmp' set but not used [-Wunused-but-set-variable]
 9560 |     char *xcb_tmp = (char *)_buffer;
      |           ^
xkb.c:5134:11: warning: variable 'xcb_tmp' set but not used [-Wunused-but-set-variable]
 5134 |     char *xcb_tmp = (char *)_buffer;
      |           ^
xv.c:2087:11: warning: variable 'xcb_tmp' set but not used [-Wunused-but-set-variable]
 2087 |     char *xcbxvmc.c_:t800m:p11 :=  (warning: chvariable 'xcb_tmp' set but not used [-Wunused-but-set-variable]a
r *)_buff  e800r | ; 
       |            ^
 char *xcb_tmp = (char *)_buffer;
      |           ^
3 warnings generated.
xinput.c:9840:11: warning: variable 'xcb_tmp' set but not used [-Wunused-but-set-variable]
 9840 |     char *xcb_tmp = (char *)_buffer;
      |           ^
xinput.c:9952:11: warning: variable 'xcb_tmp' set but not used [-Wunused-but-set-variable]
 9952 |     char *xcb_tmp = (char *)_buffer;
      |           ^
xkb.c:5385:11: warning: variable 'xcb_tmp' set but not used [-Wunused-but-set-variable]
 5385 |     char *xcb_tmp = (char *)_buffer;
      |           ^
xkb.c:5504:11: warning: variable 'xcb_tmp' set but not used [-Wunused-but-set-variable]
 5504 |     char *xcb_tmp = (char *)_buffer;
      |           ^
xinput.c:10975:11: warning: variable 'xcb_tmp' set but not used [-Wunused-but-set-variable]
 10975 |     char *xcb_tmp = (char *)_buffer;
       |           ^
9 warnings generated.
xinput.c:11254:11: warning: variable 'xcb_tmp' set but not used [-Wunused-but-set-variable]
 11254 |     char *xcb_tmp = (char *)_buffer;
       |           ^
xinput.c:11445:11: warning: variable 'xcb_tmp' set but not used [-Wunused-but-set-variable]
 11445 |     char *xcb_tmp = (char *)_buffer;
       |           ^
xinput.c:11580:11: warning: variable 'xcb_tmp' set but not used [-Wunused-but-set-variable]
 11580 |     char *xcb_tmp = (char *)_buffer;
       |           ^
xinput.c:12817:11: warning: variable 'xcb_tmp' set but not used [-Wunused-but-set-variable]
 12817 |     char *xcb_tmp = (char *)_buffer;
       |           ^
xinput.c:12986:11: warning: variable 'xcb_tmp' set but not used [-Wunused-but-set-variable]
 12986 |     char *xcb_tmp = (char *)_buffer;
       |           ^
xinput.c:13159:11: warning: variable 'xcb_tmp' set but not used [-Wunused-but-set-variable]
 13159 |     char *xcb_tmp = (char *)_buffer;
       |           ^
xinput.c:13338:11: warning: variable 'xcb_tmp' set but not used [-Wunused-but-set-variable]
 13338 |     char *xcb_tmp = (char *)_buffer;
       |           ^
xinput.c:13427:11: warning: variable 'xcb_tmp' set but not used [-Wunused-but-set-variable]
 13427 |     char *xcb_tmp = (char *)_buffer;
       |           ^
xinput.c:13480:11: warning: variable 'xcb_tmp' set but not used [-Wunused-but-set-variable]
 13480 |     char *xcb_tmp = (char *)_buffer;
       |           ^
xinput.c:13695:11: warning: variable 'xcb_tmp' set but not used [-Wunused-but-set-variable]
 13695 |     char *xcb_tmp = (char *)_buffer;
       |           ^
xinput.c:13916:11: warning: variable 'xcb_tmp' set but not used [-Wunused-but-set-variable]
 13916 |     char *xcb_tmp = (char *)_buffer;
       |           ^
xinput.c:14095:11: warning: variable 'xcb_tmp' set but not used [-Wunused-but-set-variable]
 14095 |     char *xcb_tmp = (char *)_buffer;
       |           ^
xinput.c:14334:11: warning: variable 'xcb_tmp' set but not used [-Wunused-but-set-variable]
 14334 |     char *xcb_tmp = (char *)_buffer;
       |           ^
5 warnings generated.
xkb.c:11508:11: warning: variable 'xcb_tmp' set but not used [-Wunused-but-set-variable]
 11508 |     char *xcb_tmp = (char *)_buffer;
       |           ^
25 warnings generated.
19 warnings generated.
7 warnings generated.
68 warnings generated.
52 warnings generated.
  CCLD     libxcb.la
  CCLD     libxcb-composite.la
  CCLD     libxcb-damage.la
  CCLD     libxcb-dbe.la
  CCLD     libxcb-dri2.la
  CCLD     libxcb-dpms.la
  CCLD     libxcb-dri3.la
  CCLD     libxcb-glx.la
  CCLD     libxcb-present.la
  CCLD     libxcb-record.la
  CCLD     libxcb-randr.la
  CCLD     libxcb-render.la
  CCLD     libxcb-shape.la
  CCLD     libxcb-res.la
  CCLD     libxcb-screensaver.la
  CCLD     libxcb-sync.la
  CCLD     libxcb-xf86dri.la
  CCLD     libxcb-shm.la
  CCLD     libxcb-xfixes.la
  CCLD     libxcb-xinerama.la
  CCLD     libxcb-xtest.la
  CCLD     libxcb-xv.la
  CCLD     libxcb-xvmc.la
14 warnings generated.
  CCLD     libxcb-xkb.la
44 warnings generated.
  CCLD     libxcb-xinput.la
make[2]: Leaving directory '/home/builder/build/src/libxcb-1.17.0/src'
make[1]: Leaving directory '/home/builder/build/src/libxcb-1.17.0/src'
Making all in tests
make[1]: Entering directory '/home/builder/build/src/libxcb-1.17.0/tests'
make[2]: Entering directory '/home/builder/build/src/libxcb-1.17.0/tests'
make[2]: Nothing to be done for 'all-am'.
make[2]: Leaving directory '/home/builder/build/src/libxcb-1.17.0/tests'
make[1]: Leaving directory '/home/builder/build/src/libxcb-1.17.0/tests'
Making all in doc
make[1]: Entering directory '/home/builder/build/src/libxcb-1.17.0/doc'
make[1]: Nothing to be done for 'all'.
make[1]: Leaving directory '/home/builder/build/src/libxcb-1.17.0/doc'
Making all in man
make[1]: Entering directory '/home/builder/build/src/libxcb-1.17.0/man'
  GEN      xcb-examples.3
  GEN      xcb-requests.3
make[1]: Leaving directory '/home/builder/build/src/libxcb-1.17.0/man'
make[1]: Entering directory '/home/builder/build/src/libxcb-1.17.0'
make[1]: Nothing to be done for 'all-am'.
make[1]: Leaving directory '/home/builder/build/src/libxcb-1.17.0'
==> Entering fakeroot environment...
==> Starting package()...
Making install in src
make[1]: Entering directory '/home/builder/build/src/libxcb-1.17.0/src'
make  install-am
make[2]: Entering directory '/home/builder/build/src/libxcb-1.17.0/src'
make[3]: Entering directory '/home/builder/build/src/libxcb-1.17.0/src'
 /usr/sbin/mkdir -p '/home/builder/build/pkg/libxcb/usr/share/man/man3'
 /usr/sbin/mkdir -p '/home/builder/build/pkg/libxcb/usr/include/xcb'
 /usr/sbin/mkdir -p '/home/builder/build/pkg/libxcb/usr/include/xcb'
 /usr/sbin/mkdir -p '/home/builder/build/pkg/libxcb/usr/lib'
 /usr/bin/install -c -m 644 xproto.h bigreq.h xc_misc.h composite.h damage.h dbe.h dpms.h dri2.h dri3.h present.h glx.h randr.h record.h render.h res.h screensaver.h shape.h shm.h sync.h xevie.h xf86dri.h xfixes.h xinerama.h xinput.h xkb.h xprint.h xselinux.h xtest.h xv.h xvmc.h ge.h '/home/builder/build/pkg/libxcb/usr/include/xcb'
 /usr/bin/install -c -m 644 xcb.h xcbext.h '/home/builder/build/pkg/libxcb/usr/include/xcb'
 /bin/sh ../libtool   --mode=install /usr/bin/install -c   libxcb.la libxcb-composite.la libxcb-damage.la libxcb-dbe.la libxcb-dpms.la libxcb-dri2.la libxcb-dri3.la libxcb-present.la libxcb-glx.la libxcb-randr.la libxcb-record.la libxcb-render.la libxcb-res.la libxcb-screensaver.la libxcb-shape.la libxcb-shm.la libxcb-sync.la libxcb-xf86dri.la libxcb-xfixes.la libxcb-xinerama.la libxcb-xinput.la libxcb-xkb.la libxcb-xtest.la libxcb-xv.la libxcb-xvmc.la '/home/builder/build/pkg/libxcb/usr/lib'
 /usr/bin/install -c -m 644 man/xcb_alloc_color.3 man/xcb_alloc_color_cells.3 man/xcb_alloc_color_cells_masks.3 man/xcb_alloc_color_cells_masks_end.3 man/xcb_alloc_color_cells_masks_length.3 man/xcb_alloc_color_cells_pixels.3 man/xcb_alloc_color_cells_pixels_end.3 man/xcb_alloc_color_cells_pixels_length.3 man/xcb_alloc_color_cells_reply.3 man/xcb_alloc_color_cells_unchecked.3 man/xcb_alloc_color_planes.3 man/xcb_alloc_color_planes_pixels.3 man/xcb_alloc_color_planes_pixels_end.3 man/xcb_alloc_color_planes_pixels_length.3 man/xcb_alloc_color_planes_reply.3 man/xcb_alloc_color_planes_unchecked.3 man/xcb_alloc_color_reply.3 man/xcb_alloc_color_unchecked.3 man/xcb_alloc_named_color.3 man/xcb_alloc_named_color_reply.3 man/xcb_alloc_named_color_unchecked.3 man/xcb_allow_events.3 man/xcb_allow_events_checked.3 man/xcb_bell.3 man/xcb_bell_checked.3 man/xcb_big_requests_enable.3 man/xcb_big_requests_enable_reply.3 man/xcb_big_requests_enable_unchecked.3 man/xcb_button_press_event_t.3 man/xcb_change_active_pointer_grab.3 man/xcb_change_active_pointer_grab_checked.3 man/xcb_change_gc.3 man/xcb_change_gc_checked.3 man/xcb_change_hosts.3 man/xcb_change_hosts_checked.3 man/xcb_change_keyboard_control.3 man/xcb_change_keyboard_control_checked.3 man/xcb_change_keyboard_mapping.3 man/xcb_change_keyboard_mapping_checked.3 man/xcb_change_pointer_control.3 '/home/builder/build/pkg/libxcb/usr/share/man/man3'
libtool: install: /usr/bin/install -c .libs/libxcb.so.1.1.0 /home/builder/build/pkg/libxcb/usr/lib/libxcb.so.1.1.0
 /usr/bin/install -c -m 644 man/xcb_change_pointer_control_checked.3 man/xcb_change_property.3 man/xcb_change_property_checked.3 man/xcb_change_save_set.3 man/xcb_change_save_set_checked.3 man/xcb_change_window_attributes.3 man/xcb_change_window_attributes_checked.3 man/xcb_circulate_notify_event_t.3 man/xcb_circulate_window.3 man/xcb_circulate_window_checked.3 man/xcb_clear_area.3 man/xcb_clear_area_checked.3 man/xcb_client_message_event_t.3 man/xcb_close_font.3 man/xcb_close_font_checked.3 man/xcb_colormap_notify_event_t.3 man/xcb_composite_create_region_from_border_clip.3 man/xcb_composite_create_region_from_border_clip_checked.3 man/xcb_composite_get_overlay_window.3 man/xcb_composite_get_overlay_window_reply.3 man/xcb_composite_get_overlay_window_unchecked.3 man/xcb_composite_name_window_pixmap.3 man/xcb_composite_name_window_pixmap_checked.3 man/xcb_composite_query_version.3 man/xcb_composite_query_version_reply.3 man/xcb_composite_query_version_unchecked.3 man/xcb_composite_redirect_subwindows.3 man/xcb_composite_redirect_subwindows_checked.3 man/xcb_composite_redirect_window.3 man/xcb_composite_redirect_window_checked.3 man/xcb_composite_release_overlay_window.3 man/xcb_composite_release_overlay_window_checked.3 man/xcb_composite_unredirect_subwindows.3 man/xcb_composite_unredirect_subwindows_checked.3 man/xcb_composite_unredirect_window.3 man/xcb_composite_unredirect_window_checked.3 man/xcb_configure_notify_event_t.3 man/xcb_configure_request_event_t.3 man/xcb_configure_window.3 man/xcb_configure_window_checked.3 '/home/builder/build/pkg/libxcb/usr/share/man/man3'
libtool: install: (cd /home/builder/build/pkg/libxcb/usr/lib && { ln -s -f libxcb.so.1.1.0 libxcb.so.1 || { rm -f libxcb.so.1 && ln -s libxcb.so.1.1.0 libxcb.so.1; }; })
libtool: install: (cd /home/builder/build/pkg/libxcb/usr/lib && { ln -s -f libxcb.so.1.1.0 libxcb.so || { rm -f libxcb.so && ln -s libxcb.so.1.1.0 libxcb.so; }; })
libtool: install: /usr/bin/install -c .libs/libxcb.lai /home/builder/build/pkg/libxcb/usr/lib/libxcb.la
 /usr/bin/install -c -m 644 man/xcb_convert_selection.3 man/xcb_convert_selection_checked.3 man/xcb_copy_area.3 man/xcb_copy_area_checked.3 man/xcb_copy_colormap_and_free.3 man/xcb_copy_colormap_and_free_checked.3 man/xcb_copy_gc.3 man/xcb_copy_gc_checked.3 man/xcb_copy_plane.3 man/xcb_copy_plane_checked.3 man/xcb_create_colormap.3 man/xcb_create_colormap_checked.3 man/xcb_create_cursor.3 man/xcb_create_cursor_checked.3 man/xcb_create_gc.3 man/xcb_create_gc_checked.3 man/xcb_create_glyph_cursor.3 man/xcb_create_glyph_cursor_checked.3 man/xcb_create_notify_event_t.3 man/xcb_create_pixmap.3 man/xcb_create_pixmap_checked.3 man/xcb_create_window.3 man/xcb_create_window_checked.3 man/xcb_damage_add.3 man/xcb_damage_add_checked.3 man/xcb_damage_create.3 man/xcb_damage_create_checked.3 man/xcb_damage_destroy.3 man/xcb_damage_destroy_checked.3 man/xcb_damage_notify_event_t.3 man/xcb_damage_query_version.3 man/xcb_damage_query_version_reply.3 man/xcb_damage_query_version_unchecked.3 man/xcb_damage_subtract.3 man/xcb_damage_subtract_checked.3 man/xcb_dbe_allocate_back_buffer.3 man/xcb_dbe_allocate_back_buffer_checked.3 man/xcb_dbe_begin_idiom.3 man/xcb_dbe_begin_idiom_checked.3 man/xcb_dbe_deallocate_back_buffer.3 '/home/builder/build/pkg/libxcb/usr/share/man/man3'
libtool: warning: relinking 'libxcb-composite.la'
libtool: install: (cd /home/builder/build/src/libxcb-1.17.0/src; /bin/sh "/home/builder/build/src/libxcb-1.17.0/libtool"  --silent --tag CC --mode=relink clang -Wall -Wpointer-arith -Wmissing-declarations -Wformat=2 -Wstrict-prototypes -Wmissing-prototypes -Wnested-externs -Wbad-function-cast -Wold-style-definition -Wdeclaration-after-statement -Wunused -Wuninitialized -Wshadow -Wmissing-noreturn -Wmissing-format-attribute -Wredundant-decls -Werror=implicit -Werror=nonnull -Werror=init-self -Werror=main -Werror=missing-braces -Werror=sequence-point -Werror=return-type -Werror=trigraphs -Werror=array-bounds -Werror=write-strings -Werror=address -Werror=int-to-pointer-cast -Werror=pointer-to-int-cast -march=x86-64-v3 -O2 -pipe -fno-plt -fexceptions -Wp,-D_FORTIFY_SOURCE=3 -fstack-clash-protection -fcf-protection -version-info 0:0:0 -no-undefined -Wl,-O1 -Wl,--sort-common -Wl,--as-needed -Wl,-z,relro -Wl,-z,now -Wl,--undefined-version -Wl,--hash-style=gnu -Wl,--compress-debug-sections=zstd -o libxcb-composite.la -rpath /usr/lib composite.lo libxcb.la -inst-prefix-dir /home/builder/build/pkg/libxcb)
 /usr/bin/install -c -m 644 man/xcb_dbe_deallocate_back_buffer_checked.3 man/xcb_dbe_end_idiom.3 man/xcb_dbe_end_idiom_checked.3 man/xcb_dbe_get_back_buffer_attributes.3 man/xcb_dbe_get_back_buffer_attributes_reply.3 man/xcb_dbe_get_back_buffer_attributes_unchecked.3 man/xcb_dbe_get_visual_info.3 man/xcb_dbe_get_visual_info_reply.3 man/xcb_dbe_get_visual_info_supported_visuals_iterator.3 man/xcb_dbe_get_visual_info_supported_visuals_length.3 man/xcb_dbe_get_visual_info_unchecked.3 man/xcb_dbe_query_version.3 man/xcb_dbe_query_version_reply.3 man/xcb_dbe_query_version_unchecked.3 man/xcb_dbe_swap_buffers.3 man/xcb_dbe_swap_buffers_checked.3 man/xcb_delete_property.3 man/xcb_delete_property_checked.3 man/xcb_destroy_notify_event_t.3 man/xcb_destroy_subwindows.3 man/xcb_destroy_subwindows_checked.3 man/xcb_destroy_window.3 man/xcb_destroy_window_checked.3 man/xcb_dpms_capable.3 man/xcb_dpms_capable_reply.3 man/xcb_dpms_capable_unchecked.3 man/xcb_dpms_disable.3 man/xcb_dpms_disable_checked.3 man/xcb_dpms_enable.3 man/xcb_dpms_enable_checked.3 man/xcb_dpms_force_level.3 man/xcb_dpms_force_level_checked.3 man/xcb_dpms_get_timeouts.3 man/xcb_dpms_get_timeouts_reply.3 man/xcb_dpms_get_timeouts_unchecked.3 man/xcb_dpms_get_version.3 man/xcb_dpms_get_version_reply.3 man/xcb_dpms_get_version_unchecked.3 man/xcb_dpms_info.3 man/xcb_dpms_info_notify_event_t.3 '/home/builder/build/pkg/libxcb/usr/share/man/man3'
 /usr/bin/install -c -m 644 man/xcb_dpms_info_reply.3 man/xcb_dpms_info_unchecked.3 man/xcb_dpms_select_input.3 man/xcb_dpms_select_input_checked.3 man/xcb_dpms_set_timeouts.3 man/xcb_dpms_set_timeouts_checked.3 man/xcb_dri2_authenticate.3 man/xcb_dri2_authenticate_reply.3 man/xcb_dri2_authenticate_unchecked.3 man/xcb_dri2_buffer_swap_complete_event_t.3 man/xcb_dri2_connect.3 man/xcb_dri2_connect_alignment_pad.3 man/xcb_dri2_connect_alignment_pad_end.3 man/xcb_dri2_connect_alignment_pad_length.3 man/xcb_dri2_connect_device_name.3 man/xcb_dri2_connect_device_name_end.3 man/xcb_dri2_connect_device_name_length.3 man/xcb_dri2_connect_driver_name.3 man/xcb_dri2_connect_driver_name_end.3 man/xcb_dri2_connect_driver_name_length.3 man/xcb_dri2_connect_reply.3 man/xcb_dri2_connect_unchecked.3 man/xcb_dri2_copy_region.3 man/xcb_dri2_copy_region_reply.3 man/xcb_dri2_copy_region_unchecked.3 man/xcb_dri2_create_drawable.3 man/xcb_dri2_create_drawable_checked.3 man/xcb_dri2_destroy_drawable.3 man/xcb_dri2_destroy_drawable_checked.3 man/xcb_dri2_get_buffers.3 man/xcb_dri2_get_buffers_buffers.3 man/xcb_dri2_get_buffers_buffers_iterator.3 man/xcb_dri2_get_buffers_buffers_length.3 man/xcb_dri2_get_buffers_reply.3 man/xcb_dri2_get_buffers_unchecked.3 man/xcb_dri2_get_buffers_with_format.3 man/xcb_dri2_get_buffers_with_format_buffers.3 man/xcb_dri2_get_buffers_with_format_buffers_iterator.3 man/xcb_dri2_get_buffers_with_format_buffers_length.3 man/xcb_dri2_get_buffers_with_format_reply.3 '/home/builder/build/pkg/libxcb/usr/share/man/man3'
 /usr/bin/install -c -m 644 man/xcb_dri2_get_buffers_with_format_unchecked.3 man/xcb_dri2_get_msc.3 man/xcb_dri2_get_msc_reply.3 man/xcb_dri2_get_msc_unchecked.3 man/xcb_dri2_get_param.3 man/xcb_dri2_get_param_reply.3 man/xcb_dri2_get_param_unchecked.3 man/xcb_dri2_invalidate_buffers_event_t.3 man/xcb_dri2_query_version.3 man/xcb_dri2_query_version_reply.3 man/xcb_dri2_query_version_unchecked.3 man/xcb_dri2_swap_buffers.3 man/xcb_dri2_swap_buffers_reply.3 man/xcb_dri2_swap_buffers_unchecked.3 man/xcb_dri2_swap_interval.3 man/xcb_dri2_swap_interval_checked.3 man/xcb_dri2_wait_msc.3 man/xcb_dri2_wait_msc_reply.3 man/xcb_dri2_wait_msc_unchecked.3 man/xcb_dri2_wait_sbc.3 man/xcb_dri2_wait_sbc_reply.3 man/xcb_dri2_wait_sbc_unchecked.3 man/xcb_dri3_buffer_from_pixmap.3 man/xcb_dri3_buffer_from_pixmap_reply.3 man/xcb_dri3_buffer_from_pixmap_unchecked.3 man/xcb_dri3_buffers_from_pixmap.3 man/xcb_dri3_buffers_from_pixmap_buffers.3 man/xcb_dri3_buffers_from_pixmap_buffers_end.3 man/xcb_dri3_buffers_from_pixmap_buffers_length.3 man/xcb_dri3_buffers_from_pixmap_offsets.3 man/xcb_dri3_buffers_from_pixmap_offsets_end.3 man/xcb_dri3_buffers_from_pixmap_offsets_length.3 man/xcb_dri3_buffers_from_pixmap_reply.3 man/xcb_dri3_buffers_from_pixmap_strides.3 man/xcb_dri3_buffers_from_pixmap_strides_end.3 man/xcb_dri3_buffers_from_pixmap_strides_length.3 man/xcb_dri3_buffers_from_pixmap_unchecked.3 man/xcb_dri3_fd_from_fence.3 man/xcb_dri3_fd_from_fence_reply.3 man/xcb_dri3_fd_from_fence_unchecked.3 '/home/builder/build/pkg/libxcb/usr/share/man/man3'
 /usr/bin/install -c -m 644 man/xcb_dri3_fence_from_fd.3 man/xcb_dri3_fence_from_fd_checked.3 man/xcb_dri3_free_syncobj.3 man/xcb_dri3_free_syncobj_checked.3 man/xcb_dri3_get_supported_modifiers.3 man/xcb_dri3_get_supported_modifiers_reply.3 man/xcb_dri3_get_supported_modifiers_screen_modifiers.3 man/xcb_dri3_get_supported_modifiers_screen_modifiers_end.3 man/xcb_dri3_get_supported_modifiers_screen_modifiers_length.3 man/xcb_dri3_get_supported_modifiers_unchecked.3 man/xcb_dri3_get_supported_modifiers_window_modifiers.3 man/xcb_dri3_get_supported_modifiers_window_modifiers_end.3 man/xcb_dri3_get_supported_modifiers_window_modifiers_length.3 man/xcb_dri3_import_syncobj.3 man/xcb_dri3_import_syncobj_checked.3 man/xcb_dri3_open.3 man/xcb_dri3_open_reply.3 man/xcb_dri3_open_unchecked.3 man/xcb_dri3_pixmap_from_buffer.3 man/xcb_dri3_pixmap_from_buffer_checked.3 man/xcb_dri3_pixmap_from_buffers.3 man/xcb_dri3_pixmap_from_buffers_checked.3 man/xcb_dri3_query_version.3 man/xcb_dri3_query_version_reply.3 man/xcb_dri3_query_version_unchecked.3 man/xcb_dri3_set_drm_device_in_use.3 man/xcb_dri3_set_drm_device_in_use_checked.3 man/xcb_enter_notify_event_t.3 man/xcb_expose_event_t.3 man/xcb_fill_poly.3 man/xcb_fill_poly_checked.3 man/xcb_focus_in_event_t.3 man/xcb_force_screen_saver.3 man/xcb_force_screen_saver_checked.3 man/xcb_free_colormap.3 man/xcb_free_colormap_checked.3 man/xcb_free_colors.3 man/xcb_free_colors_checked.3 man/xcb_free_cursor.3 man/xcb_free_cursor_checked.3 '/home/builder/build/pkg/libxcb/usr/share/man/man3'
 /usr/bin/install -c -m 644 man/xcb_free_gc.3 man/xcb_free_gc_checked.3 man/xcb_free_pixmap.3 man/xcb_free_pixmap_checked.3 man/xcb_ge_generic_event_t.3 man/xcb_genericevent_query_version.3 man/xcb_genericevent_query_version_reply.3 man/xcb_genericevent_query_version_unchecked.3 man/xcb_get_atom_name.3 man/xcb_get_atom_name_name.3 man/xcb_get_atom_name_name_end.3 man/xcb_get_atom_name_name_length.3 man/xcb_get_atom_name_reply.3 man/xcb_get_atom_name_unchecked.3 man/xcb_get_font_path.3 man/xcb_get_font_path_path_iterator.3 man/xcb_get_font_path_path_length.3 man/xcb_get_font_path_reply.3 man/xcb_get_font_path_unchecked.3 man/xcb_get_geometry.3 man/xcb_get_geometry_reply.3 man/xcb_get_geometry_unchecked.3 man/xcb_get_image.3 man/xcb_get_image_data.3 man/xcb_get_image_data_end.3 man/xcb_get_image_data_length.3 man/xcb_get_image_reply.3 man/xcb_get_image_unchecked.3 man/xcb_get_input_focus.3 man/xcb_get_input_focus_reply.3 man/xcb_get_input_focus_unchecked.3 man/xcb_get_keyboard_control.3 man/xcb_get_keyboard_control_reply.3 man/xcb_get_keyboard_control_unchecked.3 man/xcb_get_keyboard_mapping.3 man/xcb_get_keyboard_mapping_keysyms.3 man/xcb_get_keyboard_mapping_keysyms_end.3 man/xcb_get_keyboard_mapping_keysyms_length.3 man/xcb_get_keyboard_mapping_reply.3 man/xcb_get_keyboard_mapping_unchecked.3 '/home/builder/build/pkg/libxcb/usr/share/man/man3'
 /usr/bin/install -c -m 644 man/xcb_get_modifier_mapping.3 man/xcb_get_modifier_mapping_keycodes.3 man/xcb_get_modifier_mapping_keycodes_end.3 man/xcb_get_modifier_mapping_keycodes_length.3 man/xcb_get_modifier_mapping_reply.3 man/xcb_get_modifier_mapping_unchecked.3 man/xcb_get_motion_events.3 man/xcb_get_motion_events_events.3 man/xcb_get_motion_events_events_iterator.3 man/xcb_get_motion_events_events_length.3 man/xcb_get_motion_events_reply.3 man/xcb_get_motion_events_unchecked.3 man/xcb_get_pointer_control.3 man/xcb_get_pointer_control_reply.3 man/xcb_get_pointer_control_unchecked.3 man/xcb_get_pointer_mapping.3 man/xcb_get_pointer_mapping_map.3 man/xcb_get_pointer_mapping_map_end.3 man/xcb_get_pointer_mapping_map_length.3 man/xcb_get_pointer_mapping_reply.3 man/xcb_get_pointer_mapping_unchecked.3 man/xcb_get_property.3 man/xcb_get_property_reply.3 man/xcb_get_property_unchecked.3 man/xcb_get_property_value.3 man/xcb_get_property_value_end.3 man/xcb_get_property_value_length.3 man/xcb_get_screen_saver.3 man/xcb_get_screen_saver_reply.3 man/xcb_get_screen_saver_unchecked.3 man/xcb_get_selection_owner.3 man/xcb_get_selection_owner_reply.3 man/xcb_get_selection_owner_unchecked.3 man/xcb_get_window_attributes.3 man/xcb_get_window_attributes_reply.3 man/xcb_get_window_attributes_unchecked.3 man/xcb_glx_are_textures_resident.3 man/xcb_glx_are_textures_resident_data.3 man/xcb_glx_are_textures_resident_data_end.3 man/xcb_glx_are_textures_resident_data_length.3 '/home/builder/build/pkg/libxcb/usr/share/man/man3'
 /usr/bin/install -c -m 644 man/xcb_glx_are_textures_resident_reply.3 man/xcb_glx_are_textures_resident_unchecked.3 man/xcb_glx_buffer_swap_complete_event_t.3 man/xcb_glx_change_drawable_attributes.3 man/xcb_glx_change_drawable_attributes_checked.3 man/xcb_glx_client_info.3 man/xcb_glx_client_info_checked.3 man/xcb_glx_copy_context.3 man/xcb_glx_copy_context_checked.3 man/xcb_glx_create_context.3 man/xcb_glx_create_context_attribs_arb.3 man/xcb_glx_create_context_attribs_arb_checked.3 man/xcb_glx_create_context_checked.3 man/xcb_glx_create_glx_pixmap.3 man/xcb_glx_create_glx_pixmap_checked.3 man/xcb_glx_create_new_context.3 man/xcb_glx_create_new_context_checked.3 man/xcb_glx_create_pbuffer.3 man/xcb_glx_create_pbuffer_checked.3 man/xcb_glx_create_pixmap.3 man/xcb_glx_create_pixmap_checked.3 man/xcb_glx_create_window.3 man/xcb_glx_create_window_checked.3 man/xcb_glx_delete_lists.3 man/xcb_glx_delete_lists_checked.3 man/xcb_glx_delete_queries_arb.3 man/xcb_glx_delete_queries_arb_checked.3 man/xcb_glx_delete_textures.3 man/xcb_glx_delete_textures_checked.3 man/xcb_glx_delete_window.3 man/xcb_glx_delete_window_checked.3 man/xcb_glx_destroy_context.3 man/xcb_glx_destroy_context_checked.3 man/xcb_glx_destroy_glx_pixmap.3 man/xcb_glx_destroy_glx_pixmap_checked.3 man/xcb_glx_destroy_pbuffer.3 man/xcb_glx_destroy_pbuffer_checked.3 man/xcb_glx_destroy_pixmap.3 man/xcb_glx_destroy_pixmap_checked.3 man/xcb_glx_end_list.3 '/home/builder/build/pkg/libxcb/usr/share/man/man3'
 /usr/bin/install -c -m 644 man/xcb_glx_end_list_checked.3 man/xcb_glx_feedback_buffer.3 man/xcb_glx_feedback_buffer_checked.3 man/xcb_glx_finish.3 man/xcb_glx_finish_reply.3 man/xcb_glx_finish_unchecked.3 man/xcb_glx_flush.3 man/xcb_glx_flush_checked.3 man/xcb_glx_gen_lists.3 man/xcb_glx_gen_lists_reply.3 man/xcb_glx_gen_lists_unchecked.3 man/xcb_glx_gen_queries_arb.3 man/xcb_glx_gen_queries_arb_data.3 man/xcb_glx_gen_queries_arb_data_end.3 man/xcb_glx_gen_queries_arb_data_length.3 man/xcb_glx_gen_queries_arb_reply.3 man/xcb_glx_gen_queries_arb_unchecked.3 man/xcb_glx_gen_textures.3 man/xcb_glx_gen_textures_data.3 man/xcb_glx_gen_textures_data_end.3 man/xcb_glx_gen_textures_data_length.3 man/xcb_glx_gen_textures_reply.3 man/xcb_glx_gen_textures_unchecked.3 man/xcb_glx_get_booleanv.3 man/xcb_glx_get_booleanv_data.3 man/xcb_glx_get_booleanv_data_end.3 man/xcb_glx_get_booleanv_data_length.3 man/xcb_glx_get_booleanv_reply.3 man/xcb_glx_get_booleanv_unchecked.3 man/xcb_glx_get_clip_plane.3 man/xcb_glx_get_clip_plane_data.3 man/xcb_glx_get_clip_plane_data_end.3 man/xcb_glx_get_clip_plane_data_length.3 man/xcb_glx_get_clip_plane_reply.3 man/xcb_glx_get_clip_plane_unchecked.3 man/xcb_glx_get_color_table.3 man/xcb_glx_get_color_table_data.3 man/xcb_glx_get_color_table_data_end.3 man/xcb_glx_get_color_table_data_length.3 man/xcb_glx_get_color_table_parameterfv.3 '/home/builder/build/pkg/libxcb/usr/share/man/man3'
 /usr/bin/install -c -m 644 man/xcb_glx_get_color_table_parameterfv_data.3 man/xcb_glx_get_color_table_parameterfv_data_end.3 man/xcb_glx_get_color_table_parameterfv_data_length.3 man/xcb_glx_get_color_table_parameterfv_reply.3 man/xcb_glx_get_color_table_parameterfv_unchecked.3 man/xcb_glx_get_color_table_parameteriv.3 man/xcb_glx_get_color_table_parameteriv_data.3 man/xcb_glx_get_color_table_parameteriv_data_end.3 man/xcb_glx_get_color_table_parameteriv_data_length.3 man/xcb_glx_get_color_table_parameteriv_reply.3 man/xcb_glx_get_color_table_parameteriv_unchecked.3 man/xcb_glx_get_color_table_reply.3 man/xcb_glx_get_color_table_unchecked.3 man/xcb_glx_get_compressed_tex_image_arb.3 man/xcb_glx_get_compressed_tex_image_arb_data.3 man/xcb_glx_get_compressed_tex_image_arb_data_end.3 man/xcb_glx_get_compressed_tex_image_arb_data_length.3 man/xcb_glx_get_compressed_tex_image_arb_reply.3 man/xcb_glx_get_compressed_tex_image_arb_unchecked.3 man/xcb_glx_get_convolution_filter.3 man/xcb_glx_get_convolution_filter_data.3 man/xcb_glx_get_convolution_filter_data_end.3 man/xcb_glx_get_convolution_filter_data_length.3 man/xcb_glx_get_convolution_filter_reply.3 man/xcb_glx_get_convolution_filter_unchecked.3 man/xcb_glx_get_convolution_parameterfv.3 man/xcb_glx_get_convolution_parameterfv_data.3 man/xcb_glx_get_convolution_parameterfv_data_end.3 man/xcb_glx_get_convolution_parameterfv_data_length.3 man/xcb_glx_get_convolution_parameterfv_reply.3 man/xcb_glx_get_convolution_parameterfv_unchecked.3 man/xcb_glx_get_convolution_parameteriv.3 man/xcb_glx_get_convolution_parameteriv_data.3 man/xcb_glx_get_convolution_parameteriv_data_end.3 man/xcb_glx_get_convolution_parameteriv_data_length.3 man/xcb_glx_get_convolution_parameteriv_reply.3 man/xcb_glx_get_convolution_parameteriv_unchecked.3 man/xcb_glx_get_doublev.3 man/xcb_glx_get_doublev_data.3 man/xcb_glx_get_doublev_data_end.3 '/home/builder/build/pkg/libxcb/usr/share/man/man3'
 /usr/bin/install -c -m 644 man/xcb_glx_get_doublev_data_length.3 man/xcb_glx_get_doublev_reply.3 man/xcb_glx_get_doublev_unchecked.3 man/xcb_glx_get_drawable_attributes.3 man/xcb_glx_get_drawable_attributes_attribs.3 man/xcb_glx_get_drawable_attributes_attribs_end.3 man/xcb_glx_get_drawable_attributes_attribs_length.3 man/xcb_glx_get_drawable_attributes_reply.3 man/xcb_glx_get_drawable_attributes_unchecked.3 man/xcb_glx_get_error.3 man/xcb_glx_get_error_reply.3 man/xcb_glx_get_error_unchecked.3 man/xcb_glx_get_fb_configs.3 man/xcb_glx_get_fb_configs_property_list.3 man/xcb_glx_get_fb_configs_property_list_end.3 man/xcb_glx_get_fb_configs_property_list_length.3 man/xcb_glx_get_fb_configs_reply.3 man/xcb_glx_get_fb_configs_unchecked.3 man/xcb_glx_get_floatv.3 man/xcb_glx_get_floatv_data.3 man/xcb_glx_get_floatv_data_end.3 man/xcb_glx_get_floatv_data_length.3 man/xcb_glx_get_floatv_reply.3 man/xcb_glx_get_floatv_unchecked.3 man/xcb_glx_get_histogram.3 man/xcb_glx_get_histogram_data.3 man/xcb_glx_get_histogram_data_end.3 man/xcb_glx_get_histogram_data_length.3 man/xcb_glx_get_histogram_parameterfv.3 man/xcb_glx_get_histogram_parameterfv_data.3 man/xcb_glx_get_histogram_parameterfv_data_end.3 man/xcb_glx_get_histogram_parameterfv_data_length.3 man/xcb_glx_get_histogram_parameterfv_reply.3 man/xcb_glx_get_histogram_parameterfv_unchecked.3 man/xcb_glx_get_histogram_parameteriv.3 man/xcb_glx_get_histogram_parameteriv_data.3 man/xcb_glx_get_histogram_parameteriv_data_end.3 man/xcb_glx_get_histogram_parameteriv_data_length.3 man/xcb_glx_get_histogram_parameteriv_reply.3 man/xcb_glx_get_histogram_parameteriv_unchecked.3 '/home/builder/build/pkg/libxcb/usr/share/man/man3'
libtool: install: /usr/bin/install -c .libs/libxcb-composite.so.0.0.0T /home/builder/build/pkg/libxcb/usr/lib/libxcb-composite.so.0.0.0
libtool: install: (cd /home/builder/build/pkg/libxcb/usr/lib && { ln -s -f libxcb-composite.so.0.0.0 libxcb-composite.so.0 || { rm -f libxcb-composite.so.0 && ln -s libxcb-composite.so.0.0.0 libxcb-composite.so.0; }; })
libtool: install: (cd /home/builder/build/pkg/libxcb/usr/lib && { ln -s -f libxcb-composite.so.0.0.0 libxcb-composite.so || { rm -f libxcb-composite.so && ln -s libxcb-composite.so.0.0.0 libxcb-composite.so; }; })
 /usr/bin/install -c -m 644 man/xcb_glx_get_histogram_reply.3 man/xcb_glx_get_histogram_unchecked.3 man/xcb_glx_get_integerv.3 man/xcb_glx_get_integerv_data.3 man/xcb_glx_get_integerv_data_end.3 man/xcb_glx_get_integerv_data_length.3 man/xcb_glx_get_integerv_reply.3 man/xcb_glx_get_integerv_unchecked.3 man/xcb_glx_get_lightfv.3 man/xcb_glx_get_lightfv_data.3 man/xcb_glx_get_lightfv_data_end.3 man/xcb_glx_get_lightfv_data_length.3 man/xcb_glx_get_lightfv_reply.3 man/xcb_glx_get_lightfv_unchecked.3 man/xcb_glx_get_lightiv.3 man/xcb_glx_get_lightiv_data.3 man/xcb_glx_get_lightiv_data_end.3 man/xcb_glx_get_lightiv_data_length.3 man/xcb_glx_get_lightiv_reply.3 man/xcb_glx_get_lightiv_unchecked.3 man/xcb_glx_get_mapdv.3 man/xcb_glx_get_mapdv_data.3 man/xcb_glx_get_mapdv_data_end.3 man/xcb_glx_get_mapdv_data_length.3 man/xcb_glx_get_mapdv_reply.3 man/xcb_glx_get_mapdv_unchecked.3 man/xcb_glx_get_mapfv.3 man/xcb_glx_get_mapfv_data.3 man/xcb_glx_get_mapfv_data_end.3 man/xcb_glx_get_mapfv_data_length.3 man/xcb_glx_get_mapfv_reply.3 man/xcb_glx_get_mapfv_unchecked.3 man/xcb_glx_get_mapiv.3 man/xcb_glx_get_mapiv_data.3 man/xcb_glx_get_mapiv_data_end.3 man/xcb_glx_get_mapiv_data_length.3 man/xcb_glx_get_mapiv_reply.3 man/xcb_glx_get_mapiv_unchecked.3 man/xcb_glx_get_materialfv.3 man/xcb_glx_get_materialfv_data.3 '/home/builder/build/pkg/libxcb/usr/share/man/man3'
libtool: install: /usr/bin/install -c .libs/libxcb-composite.lai /home/builder/build/pkg/libxcb/usr/lib/libxcb-composite.la
libtool: warning: relinking 'libxcb-damage.la'
libtool: install: (cd /home/builder/build/src/libxcb-1.17.0/src; /bin/sh "/home/builder/build/src/libxcb-1.17.0/libtool"  --silent --tag CC --mode=relink clang -Wall -Wpointer-arith -Wmissing-declarations -Wformat=2 -Wstrict-prototypes -Wmissing-prototypes -Wnested-externs -Wbad-function-cast -Wold-style-definition -Wdeclaration-after-statement -Wunused -Wuninitialized -Wshadow -Wmissing-noreturn -Wmissing-format-attribute -Wredundant-decls -Werror=implicit -Werror=nonnull -Werror=init-self -Werror=main -Werror=missing-braces -Werror=sequence-point -Werror=return-type -Werror=trigraphs -Werror=array-bounds -Werror=write-strings -Werror=address -Werror=int-to-pointer-cast -Werror=pointer-to-int-cast -march=x86-64-v3 -O2 -pipe -fno-plt -fexceptions -Wp,-D_FORTIFY_SOURCE=3 -fstack-clash-protection -fcf-protection -version-info 0:0:0 -no-undefined -Wl,-O1 -Wl,--sort-common -Wl,--as-needed -Wl,-z,relro -Wl,-z,now -Wl,--undefined-version -Wl,--hash-style=gnu -Wl,--compress-debug-sections=zstd -o libxcb-damage.la -rpath /usr/lib damage.lo libxcb.la -inst-prefix-dir /home/builder/build/pkg/libxcb)
 /usr/bin/install -c -m 644 man/xcb_glx_get_materialfv_data_end.3 man/xcb_glx_get_materialfv_data_length.3 man/xcb_glx_get_materialfv_reply.3 man/xcb_glx_get_materialfv_unchecked.3 man/xcb_glx_get_materialiv.3 man/xcb_glx_get_materialiv_data.3 man/xcb_glx_get_materialiv_data_end.3 man/xcb_glx_get_materialiv_data_length.3 man/xcb_glx_get_materialiv_reply.3 man/xcb_glx_get_materialiv_unchecked.3 man/xcb_glx_get_minmax.3 man/xcb_glx_get_minmax_data.3 man/xcb_glx_get_minmax_data_end.3 man/xcb_glx_get_minmax_data_length.3 man/xcb_glx_get_minmax_parameterfv.3 man/xcb_glx_get_minmax_parameterfv_data.3 man/xcb_glx_get_minmax_parameterfv_data_end.3 man/xcb_glx_get_minmax_parameterfv_data_length.3 man/xcb_glx_get_minmax_parameterfv_reply.3 man/xcb_glx_get_minmax_parameterfv_unchecked.3 man/xcb_glx_get_minmax_parameteriv.3 man/xcb_glx_get_minmax_parameteriv_data.3 man/xcb_glx_get_minmax_parameteriv_data_end.3 man/xcb_glx_get_minmax_parameteriv_data_length.3 man/xcb_glx_get_minmax_parameteriv_reply.3 man/xcb_glx_get_minmax_parameteriv_unchecked.3 man/xcb_glx_get_minmax_reply.3 man/xcb_glx_get_minmax_unchecked.3 man/xcb_glx_get_pixel_mapfv.3 man/xcb_glx_get_pixel_mapfv_data.3 man/xcb_glx_get_pixel_mapfv_data_end.3 man/xcb_glx_get_pixel_mapfv_data_length.3 man/xcb_glx_get_pixel_mapfv_reply.3 man/xcb_glx_get_pixel_mapfv_unchecked.3 man/xcb_glx_get_pixel_mapuiv.3 man/xcb_glx_get_pixel_mapuiv_data.3 man/xcb_glx_get_pixel_mapuiv_data_end.3 man/xcb_glx_get_pixel_mapuiv_data_length.3 man/xcb_glx_get_pixel_mapuiv_reply.3 man/xcb_glx_get_pixel_mapuiv_unchecked.3 '/home/builder/build/pkg/libxcb/usr/share/man/man3'
 /usr/bin/install -c -m 644 man/xcb_glx_get_pixel_mapusv.3 man/xcb_glx_get_pixel_mapusv_data.3 man/xcb_glx_get_pixel_mapusv_data_end.3 man/xcb_glx_get_pixel_mapusv_data_length.3 man/xcb_glx_get_pixel_mapusv_reply.3 man/xcb_glx_get_pixel_mapusv_unchecked.3 man/xcb_glx_get_polygon_stipple.3 man/xcb_glx_get_polygon_stipple_data.3 man/xcb_glx_get_polygon_stipple_data_end.3 man/xcb_glx_get_polygon_stipple_data_length.3 man/xcb_glx_get_polygon_stipple_reply.3 man/xcb_glx_get_polygon_stipple_unchecked.3 man/xcb_glx_get_query_objectiv_arb.3 man/xcb_glx_get_query_objectiv_arb_data.3 man/xcb_glx_get_query_objectiv_arb_data_end.3 man/xcb_glx_get_query_objectiv_arb_data_length.3 man/xcb_glx_get_query_objectiv_arb_reply.3 man/xcb_glx_get_query_objectiv_arb_unchecked.3 man/xcb_glx_get_query_objectuiv_arb.3 man/xcb_glx_get_query_objectuiv_arb_data.3 man/xcb_glx_get_query_objectuiv_arb_data_end.3 man/xcb_glx_get_query_objectuiv_arb_data_length.3 man/xcb_glx_get_query_objectuiv_arb_reply.3 man/xcb_glx_get_query_objectuiv_arb_unchecked.3 man/xcb_glx_get_queryiv_arb.3 man/xcb_glx_get_queryiv_arb_data.3 man/xcb_glx_get_queryiv_arb_data_end.3 man/xcb_glx_get_queryiv_arb_data_length.3 man/xcb_glx_get_queryiv_arb_reply.3 man/xcb_glx_get_queryiv_arb_unchecked.3 man/xcb_glx_get_separable_filter.3 man/xcb_glx_get_separable_filter_reply.3 man/xcb_glx_get_separable_filter_rows_and_cols.3 man/xcb_glx_get_separable_filter_rows_and_cols_end.3 man/xcb_glx_get_separable_filter_rows_and_cols_length.3 man/xcb_glx_get_separable_filter_unchecked.3 man/xcb_glx_get_string.3 man/xcb_glx_get_string_reply.3 man/xcb_glx_get_string_string.3 man/xcb_glx_get_string_string_end.3 '/home/builder/build/pkg/libxcb/usr/share/man/man3'
 /usr/bin/install -c -m 644 man/xcb_glx_get_string_string_length.3 man/xcb_glx_get_string_unchecked.3 man/xcb_glx_get_tex_envfv.3 man/xcb_glx_get_tex_envfv_data.3 man/xcb_glx_get_tex_envfv_data_end.3 man/xcb_glx_get_tex_envfv_data_length.3 man/xcb_glx_get_tex_envfv_reply.3 man/xcb_glx_get_tex_envfv_unchecked.3 man/xcb_glx_get_tex_enviv.3 man/xcb_glx_get_tex_enviv_data.3 man/xcb_glx_get_tex_enviv_data_end.3 man/xcb_glx_get_tex_enviv_data_length.3 man/xcb_glx_get_tex_enviv_reply.3 man/xcb_glx_get_tex_enviv_unchecked.3 man/xcb_glx_get_tex_gendv.3 man/xcb_glx_get_tex_gendv_data.3 man/xcb_glx_get_tex_gendv_data_end.3 man/xcb_glx_get_tex_gendv_data_length.3 man/xcb_glx_get_tex_gendv_reply.3 man/xcb_glx_get_tex_gendv_unchecked.3 man/xcb_glx_get_tex_genfv.3 man/xcb_glx_get_tex_genfv_data.3 man/xcb_glx_get_tex_genfv_data_end.3 man/xcb_glx_get_tex_genfv_data_length.3 man/xcb_glx_get_tex_genfv_reply.3 man/xcb_glx_get_tex_genfv_unchecked.3 man/xcb_glx_get_tex_geniv.3 man/xcb_glx_get_tex_geniv_data.3 man/xcb_glx_get_tex_geniv_data_end.3 man/xcb_glx_get_tex_geniv_data_length.3 man/xcb_glx_get_tex_geniv_reply.3 man/xcb_glx_get_tex_geniv_unchecked.3 man/xcb_glx_get_tex_image.3 man/xcb_glx_get_tex_image_data.3 man/xcb_glx_get_tex_image_data_end.3 man/xcb_glx_get_tex_image_data_length.3 man/xcb_glx_get_tex_image_reply.3 man/xcb_glx_get_tex_image_unchecked.3 man/xcb_glx_get_tex_level_parameterfv.3 man/xcb_glx_get_tex_level_parameterfv_data.3 '/home/builder/build/pkg/libxcb/usr/share/man/man3'
 /usr/bin/install -c -m 644 man/xcb_glx_get_tex_level_parameterfv_data_end.3 man/xcb_glx_get_tex_level_parameterfv_data_length.3 man/xcb_glx_get_tex_level_parameterfv_reply.3 man/xcb_glx_get_tex_level_parameterfv_unchecked.3 man/xcb_glx_get_tex_level_parameteriv.3 man/xcb_glx_get_tex_level_parameteriv_data.3 man/xcb_glx_get_tex_level_parameteriv_data_end.3 man/xcb_glx_get_tex_level_parameteriv_data_length.3 man/xcb_glx_get_tex_level_parameteriv_reply.3 man/xcb_glx_get_tex_level_parameteriv_unchecked.3 man/xcb_glx_get_tex_parameterfv.3 man/xcb_glx_get_tex_parameterfv_data.3 man/xcb_glx_get_tex_parameterfv_data_end.3 man/xcb_glx_get_tex_parameterfv_data_length.3 man/xcb_glx_get_tex_parameterfv_reply.3 man/xcb_glx_get_tex_parameterfv_unchecked.3 man/xcb_glx_get_tex_parameteriv.3 man/xcb_glx_get_tex_parameteriv_data.3 man/xcb_glx_get_tex_parameteriv_data_end.3 man/xcb_glx_get_tex_parameteriv_data_length.3 man/xcb_glx_get_tex_parameteriv_reply.3 man/xcb_glx_get_tex_parameteriv_unchecked.3 man/xcb_glx_get_visual_configs.3 man/xcb_glx_get_visual_configs_property_list.3 man/xcb_glx_get_visual_configs_property_list_end.3 man/xcb_glx_get_visual_configs_property_list_length.3 man/xcb_glx_get_visual_configs_reply.3 man/xcb_glx_get_visual_configs_unchecked.3 man/xcb_glx_is_direct.3 man/xcb_glx_is_direct_reply.3 man/xcb_glx_is_direct_unchecked.3 man/xcb_glx_is_enabled.3 man/xcb_glx_is_enabled_reply.3 man/xcb_glx_is_enabled_unchecked.3 man/xcb_glx_is_list.3 man/xcb_glx_is_list_reply.3 man/xcb_glx_is_list_unchecked.3 man/xcb_glx_is_query_arb.3 man/xcb_glx_is_query_arb_reply.3 man/xcb_glx_is_query_arb_unchecked.3 '/home/builder/build/pkg/libxcb/usr/share/man/man3'
 /usr/bin/install -c -m 644 man/xcb_glx_is_texture.3 man/xcb_glx_is_texture_reply.3 man/xcb_glx_is_texture_unchecked.3 man/xcb_glx_make_context_current.3 man/xcb_glx_make_context_current_reply.3 man/xcb_glx_make_context_current_unchecked.3 man/xcb_glx_make_current.3 man/xcb_glx_make_current_reply.3 man/xcb_glx_make_current_unchecked.3 man/xcb_glx_new_list.3 man/xcb_glx_new_list_checked.3 man/xcb_glx_pbuffer_clobber_event_t.3 man/xcb_glx_pixel_storef.3 man/xcb_glx_pixel_storef_checked.3 man/xcb_glx_pixel_storei.3 man/xcb_glx_pixel_storei_checked.3 man/xcb_glx_query_context.3 man/xcb_glx_query_context_attribs.3 man/xcb_glx_query_context_attribs_end.3 man/xcb_glx_query_context_attribs_length.3 man/xcb_glx_query_context_reply.3 man/xcb_glx_query_context_unchecked.3 man/xcb_glx_query_extensions_string.3 man/xcb_glx_query_extensions_string_reply.3 man/xcb_glx_query_extensions_string_unchecked.3 man/xcb_glx_query_server_string.3 man/xcb_glx_query_server_string_reply.3 man/xcb_glx_query_server_string_string.3 man/xcb_glx_query_server_string_string_end.3 man/xcb_glx_query_server_string_string_length.3 man/xcb_glx_query_server_string_unchecked.3 man/xcb_glx_query_version.3 man/xcb_glx_query_version_reply.3 man/xcb_glx_query_version_unchecked.3 man/xcb_glx_read_pixels.3 man/xcb_glx_read_pixels_data.3 man/xcb_glx_read_pixels_data_end.3 man/xcb_glx_read_pixels_data_length.3 man/xcb_glx_read_pixels_reply.3 man/xcb_glx_read_pixels_unchecked.3 '/home/builder/build/pkg/libxcb/usr/share/man/man3'
 /usr/bin/install -c -m 644 man/xcb_glx_render.3 man/xcb_glx_render_checked.3 man/xcb_glx_render_large.3 man/xcb_glx_render_large_checked.3 man/xcb_glx_render_mode.3 man/xcb_glx_render_mode_data.3 man/xcb_glx_render_mode_data_end.3 man/xcb_glx_render_mode_data_length.3 man/xcb_glx_render_mode_reply.3 man/xcb_glx_render_mode_unchecked.3 man/xcb_glx_select_buffer.3 man/xcb_glx_select_buffer_checked.3 man/xcb_glx_set_client_info_2arb.3 man/xcb_glx_set_client_info_2arb_checked.3 man/xcb_glx_set_client_info_arb.3 man/xcb_glx_set_client_info_arb_checked.3 man/xcb_glx_swap_buffers.3 man/xcb_glx_swap_buffers_checked.3 man/xcb_glx_use_x_font.3 man/xcb_glx_use_x_font_checked.3 man/xcb_glx_vendor_private.3 man/xcb_glx_vendor_private_checked.3 man/xcb_glx_vendor_private_with_reply.3 man/xcb_glx_vendor_private_with_reply_data_2.3 man/xcb_glx_vendor_private_with_reply_data_2_end.3 man/xcb_glx_vendor_private_with_reply_data_2_length.3 man/xcb_glx_vendor_private_with_reply_reply.3 man/xcb_glx_vendor_private_with_reply_unchecked.3 man/xcb_glx_wait_gl.3 man/xcb_glx_wait_gl_checked.3 man/xcb_glx_wait_x.3 man/xcb_glx_wait_x_checked.3 man/xcb_grab_button.3 man/xcb_grab_button_checked.3 man/xcb_grab_key.3 man/xcb_grab_key_checked.3 man/xcb_grab_keyboard.3 man/xcb_grab_keyboard_reply.3 man/xcb_grab_keyboard_unchecked.3 man/xcb_grab_pointer.3 '/home/builder/build/pkg/libxcb/usr/share/man/man3'
 /usr/bin/install -c -m 644 man/xcb_grab_pointer_reply.3 man/xcb_grab_pointer_unchecked.3 man/xcb_grab_server.3 man/xcb_grab_server_checked.3 man/xcb_graphics_exposure_event_t.3 man/xcb_gravity_notify_event_t.3 man/xcb_image_text_16.3 man/xcb_image_text_16_checked.3 man/xcb_image_text_8.3 man/xcb_image_text_8_checked.3 man/xcb_input_allow_device_events.3 man/xcb_input_allow_device_events_checked.3 man/xcb_input_barrier_hit_event_t.3 man/xcb_input_button_press_event_t.3 man/xcb_input_change_device_control.3 man/xcb_input_change_device_control_reply.3 man/xcb_input_change_device_control_unchecked.3 man/xcb_input_change_device_dont_propagate_list.3 man/xcb_input_change_device_dont_propagate_list_checked.3 man/xcb_input_change_device_key_mapping.3 man/xcb_input_change_device_key_mapping_checked.3 man/xcb_input_change_device_notify_event_t.3 man/xcb_input_change_device_property.3 man/xcb_input_change_device_property_checked.3 man/xcb_input_change_feedback_control.3 man/xcb_input_change_feedback_control_checked.3 man/xcb_input_change_keyboard_device.3 man/xcb_input_change_keyboard_device_reply.3 man/xcb_input_change_keyboard_device_unchecked.3 man/xcb_input_change_pointer_device.3 man/xcb_input_change_pointer_device_reply.3 man/xcb_input_change_pointer_device_unchecked.3 man/xcb_input_close_device.3 man/xcb_input_close_device_checked.3 man/xcb_input_delete_device_property.3 man/xcb_input_delete_device_property_checked.3 man/xcb_input_device_bell.3 man/xcb_input_device_bell_checked.3 man/xcb_input_device_button_state_notify_event_t.3 man/xcb_input_device_changed_event_t.3 '/home/builder/build/pkg/libxcb/usr/share/man/man3'
 /usr/bin/install -c -m 644 man/xcb_input_device_focus_in_event_t.3 man/xcb_input_device_key_press_event_t.3 man/xcb_input_device_key_state_notify_event_t.3 man/xcb_input_device_mapping_notify_event_t.3 man/xcb_input_device_presence_notify_event_t.3 man/xcb_input_device_property_notify_event_t.3 man/xcb_input_device_state_notify_event_t.3 man/xcb_input_device_valuator_event_t.3 man/xcb_input_enter_event_t.3 man/xcb_input_gesture_pinch_begin_event_t.3 man/xcb_input_gesture_swipe_begin_event_t.3 man/xcb_input_get_device_button_mapping.3 man/xcb_input_get_device_button_mapping_map.3 man/xcb_input_get_device_button_mapping_map_end.3 man/xcb_input_get_device_button_mapping_map_length.3 man/xcb_input_get_device_button_mapping_pad_1.3 man/xcb_input_get_device_button_mapping_reply.3 man/xcb_input_get_device_button_mapping_unchecked.3 man/xcb_input_get_device_control.3 man/xcb_input_get_device_control_control.3 man/xcb_input_get_device_control_reply.3 man/xcb_input_get_device_control_unchecked.3 man/xcb_input_get_device_dont_propagate_list.3 man/xcb_input_get_device_dont_propagate_list_classes.3 man/xcb_input_get_device_dont_propagate_list_classes_end.3 man/xcb_input_get_device_dont_propagate_list_classes_length.3 man/xcb_input_get_device_dont_propagate_list_reply.3 man/xcb_input_get_device_dont_propagate_list_unchecked.3 man/xcb_input_get_device_focus.3 man/xcb_input_get_device_focus_reply.3 man/xcb_input_get_device_focus_unchecked.3 man/xcb_input_get_device_key_mapping.3 man/xcb_input_get_device_key_mapping_keysyms.3 man/xcb_input_get_device_key_mapping_keysyms_end.3 man/xcb_input_get_device_key_mapping_keysyms_length.3 man/xcb_input_get_device_key_mapping_reply.3 man/xcb_input_get_device_key_mapping_unchecked.3 man/xcb_input_get_device_modifier_mapping.3 man/xcb_input_get_device_modifier_mapping_keymaps.3 man/xcb_input_get_device_modifier_mapping_keymaps_end.3 '/home/builder/build/pkg/libxcb/usr/share/man/man3'
libtool: install: /usr/bin/install -c .libs/libxcb-damage.so.0.0.0T /home/builder/build/pkg/libxcb/usr/lib/libxcb-damage.so.0.0.0
 /usr/bin/install -c -m 644 man/xcb_input_get_device_modifier_mapping_keymaps_length.3 man/xcb_input_get_device_modifier_mapping_reply.3 man/xcb_input_get_device_modifier_mapping_unchecked.3 man/xcb_input_get_device_motion_events.3 man/xcb_input_get_device_motion_events_events_iterator.3 man/xcb_input_get_device_motion_events_events_length.3 man/xcb_input_get_device_motion_events_reply.3 man/xcb_input_get_device_motion_events_unchecked.3 man/xcb_input_get_device_property.3 man/xcb_input_get_device_property_items.3 man/xcb_input_get_device_property_reply.3 man/xcb_input_get_device_property_unchecked.3 man/xcb_input_get_extension_version.3 man/xcb_input_get_extension_version_reply.3 man/xcb_input_get_extension_version_unchecked.3 man/xcb_input_get_feedback_control.3 man/xcb_input_get_feedback_control_feedbacks_iterator.3 man/xcb_input_get_feedback_control_feedbacks_length.3 man/xcb_input_get_feedback_control_reply.3 man/xcb_input_get_feedback_control_unchecked.3 man/xcb_input_get_selected_extension_events.3 man/xcb_input_get_selected_extension_events_all_classes.3 man/xcb_input_get_selected_extension_events_all_classes_end.3 man/xcb_input_get_selected_extension_events_all_classes_length.3 man/xcb_input_get_selected_extension_events_reply.3 man/xcb_input_get_selected_extension_events_this_classes.3 man/xcb_input_get_selected_extension_events_this_classes_end.3 man/xcb_input_get_selected_extension_events_this_classes_length.3 man/xcb_input_get_selected_extension_events_unchecked.3 man/xcb_input_grab_device.3 man/xcb_input_grab_device_button.3 man/xcb_input_grab_device_button_checked.3 man/xcb_input_grab_device_key.3 man/xcb_input_grab_device_key_checked.3 man/xcb_input_grab_device_reply.3 man/xcb_input_grab_device_unchecked.3 man/xcb_input_hierarchy_event_t.3 man/xcb_input_key_press_event_t.3 man/xcb_input_list_device_properties.3 man/xcb_input_list_device_properties_atoms.3 '/home/builder/build/pkg/libxcb/usr/share/man/man3'
libtool: install: (cd /home/builder/build/pkg/libxcb/usr/lib && { ln -s -f libxcb-damage.so.0.0.0 libxcb-damage.so.0 || { rm -f libxcb-damage.so.0 && ln -s libxcb-damage.so.0.0.0 libxcb-damage.so.0; }; })
libtool: install: (cd /home/builder/build/pkg/libxcb/usr/lib && { ln -s -f libxcb-damage.so.0.0.0 libxcb-damage.so || { rm -f libxcb-damage.so && ln -s libxcb-damage.so.0.0.0 libxcb-damage.so; }; })
libtool: install: /usr/bin/install -c .libs/libxcb-damage.lai /home/builder/build/pkg/libxcb/usr/lib/libxcb-damage.la
 /usr/bin/install -c -m 644 man/xcb_input_list_device_properties_atoms_end.3 man/xcb_input_list_device_properties_atoms_length.3 man/xcb_input_list_device_properties_reply.3 man/xcb_input_list_device_properties_unchecked.3 man/xcb_input_list_input_devices.3 man/xcb_input_list_input_devices_devices.3 man/xcb_input_list_input_devices_devices_iterator.3 man/xcb_input_list_input_devices_devices_length.3 man/xcb_input_list_input_devices_infos_iterator.3 man/xcb_input_list_input_devices_infos_length.3 man/xcb_input_list_input_devices_names_iterator.3 man/xcb_input_list_input_devices_names_length.3 man/xcb_input_list_input_devices_pad_1.3 man/xcb_input_list_input_devices_reply.3 man/xcb_input_list_input_devices_unchecked.3 man/xcb_input_open_device.3 man/xcb_input_open_device_class_info.3 man/xcb_input_open_device_class_info_iterator.3 man/xcb_input_open_device_class_info_length.3 man/xcb_input_open_device_pad_1.3 man/xcb_input_open_device_reply.3 man/xcb_input_open_device_unchecked.3 man/xcb_input_property_event_t.3 man/xcb_input_query_device_state.3 man/xcb_input_query_device_state_classes_iterator.3 man/xcb_input_query_device_state_classes_length.3 man/xcb_input_query_device_state_reply.3 man/xcb_input_query_device_state_unchecked.3 man/xcb_input_raw_button_press_event_t.3 man/xcb_input_raw_key_press_event_t.3 man/xcb_input_raw_touch_begin_event_t.3 man/xcb_input_select_extension_event.3 man/xcb_input_select_extension_event_checked.3 man/xcb_input_send_extension_event.3 man/xcb_input_send_extension_event_checked.3 man/xcb_input_set_device_button_mapping.3 man/xcb_input_set_device_button_mapping_reply.3 man/xcb_input_set_device_button_mapping_unchecked.3 man/xcb_input_set_device_focus.3 man/xcb_input_set_device_focus_checked.3 '/home/builder/build/pkg/libxcb/usr/share/man/man3'
libtool: warning: relinking 'libxcb-dbe.la'
libtool: install: (cd /home/builder/build/src/libxcb-1.17.0/src; /bin/sh "/home/builder/build/src/libxcb-1.17.0/libtool"  --silent --tag CC --mode=relink clang -Wall -Wpointer-arith -Wmissing-declarations -Wformat=2 -Wstrict-prototypes -Wmissing-prototypes -Wnested-externs -Wbad-function-cast -Wold-style-definition -Wdeclaration-after-statement -Wunused -Wuninitialized -Wshadow -Wmissing-noreturn -Wmissing-format-attribute -Wredundant-decls -Werror=implicit -Werror=nonnull -Werror=init-self -Werror=main -Werror=missing-braces -Werror=sequence-point -Werror=return-type -Werror=trigraphs -Werror=array-bounds -Werror=write-strings -Werror=address -Werror=int-to-pointer-cast -Werror=pointer-to-int-cast -march=x86-64-v3 -O2 -pipe -fno-plt -fexceptions -Wp,-D_FORTIFY_SOURCE=3 -fstack-clash-protection -fcf-protection -version-info 0:0:0 -no-undefined -Wl,-O1 -Wl,--sort-common -Wl,--as-needed -Wl,-z,relro -Wl,-z,now -Wl,--undefined-version -Wl,--hash-style=gnu -Wl,--compress-debug-sections=zstd -o libxcb-dbe.la -rpath /usr/lib dbe.lo libxcb.la -inst-prefix-dir /home/builder/build/pkg/libxcb)
 /usr/bin/install -c -m 644 man/xcb_input_set_device_mode.3 man/xcb_input_set_device_mode_reply.3 man/xcb_input_set_device_mode_unchecked.3 man/xcb_input_set_device_modifier_mapping.3 man/xcb_input_set_device_modifier_mapping_reply.3 man/xcb_input_set_device_modifier_mapping_unchecked.3 man/xcb_input_set_device_valuators.3 man/xcb_input_set_device_valuators_reply.3 man/xcb_input_set_device_valuators_unchecked.3 man/xcb_input_touch_begin_event_t.3 man/xcb_input_touch_ownership_event_t.3 man/xcb_input_ungrab_device.3 man/xcb_input_ungrab_device_button.3 man/xcb_input_ungrab_device_button_checked.3 man/xcb_input_ungrab_device_checked.3 man/xcb_input_ungrab_device_key.3 man/xcb_input_ungrab_device_key_checked.3 man/xcb_input_xi_allow_events.3 man/xcb_input_xi_allow_events_checked.3 man/xcb_input_xi_barrier_release_pointer.3 man/xcb_input_xi_barrier_release_pointer_checked.3 man/xcb_input_xi_change_cursor.3 man/xcb_input_xi_change_cursor_checked.3 man/xcb_input_xi_change_hierarchy.3 man/xcb_input_xi_change_hierarchy_checked.3 man/xcb_input_xi_change_property.3 man/xcb_input_xi_change_property_checked.3 man/xcb_input_xi_delete_property.3 man/xcb_input_xi_delete_property_checked.3 man/xcb_input_xi_get_client_pointer.3 man/xcb_input_xi_get_client_pointer_reply.3 man/xcb_input_xi_get_client_pointer_unchecked.3 man/xcb_input_xi_get_focus.3 man/xcb_input_xi_get_focus_reply.3 man/xcb_input_xi_get_focus_unchecked.3 man/xcb_input_xi_get_property.3 man/xcb_input_xi_get_property_items.3 man/xcb_input_xi_get_property_reply.3 man/xcb_input_xi_get_property_unchecked.3 man/xcb_input_xi_get_selected_events.3 '/home/builder/build/pkg/libxcb/usr/share/man/man3'
 /usr/bin/install -c -m 644 man/xcb_input_xi_get_selected_events_masks_iterator.3 man/xcb_input_xi_get_selected_events_masks_length.3 man/xcb_input_xi_get_selected_events_reply.3 man/xcb_input_xi_get_selected_events_unchecked.3 man/xcb_input_xi_grab_device.3 man/xcb_input_xi_grab_device_reply.3 man/xcb_input_xi_grab_device_unchecked.3 man/xcb_input_xi_list_properties.3 man/xcb_input_xi_list_properties_properties.3 man/xcb_input_xi_list_properties_properties_end.3 man/xcb_input_xi_list_properties_properties_length.3 man/xcb_input_xi_list_properties_reply.3 man/xcb_input_xi_list_properties_unchecked.3 man/xcb_input_xi_passive_grab_device.3 man/xcb_input_xi_passive_grab_device_modifiers.3 man/xcb_input_xi_passive_grab_device_modifiers_iterator.3 man/xcb_input_xi_passive_grab_device_modifiers_length.3 man/xcb_input_xi_passive_grab_device_reply.3 man/xcb_input_xi_passive_grab_device_unchecked.3 man/xcb_input_xi_passive_ungrab_device.3 man/xcb_input_xi_passive_ungrab_device_checked.3 man/xcb_input_xi_query_device.3 man/xcb_input_xi_query_device_infos_iterator.3 man/xcb_input_xi_query_device_infos_length.3 man/xcb_input_xi_query_device_reply.3 man/xcb_input_xi_query_device_unchecked.3 man/xcb_input_xi_query_pointer.3 man/xcb_input_xi_query_pointer_buttons.3 man/xcb_input_xi_query_pointer_buttons_end.3 man/xcb_input_xi_query_pointer_buttons_length.3 man/xcb_input_xi_query_pointer_reply.3 man/xcb_input_xi_query_pointer_unchecked.3 man/xcb_input_xi_query_version.3 man/xcb_input_xi_query_version_reply.3 man/xcb_input_xi_query_version_unchecked.3 man/xcb_input_xi_select_events.3 man/xcb_input_xi_select_events_checked.3 man/xcb_input_xi_set_client_pointer.3 man/xcb_input_xi_set_client_pointer_checked.3 man/xcb_input_xi_set_focus.3 '/home/builder/build/pkg/libxcb/usr/share/man/man3'
 /usr/bin/install -c -m 644 man/xcb_input_xi_set_focus_checked.3 man/xcb_input_xi_ungrab_device.3 man/xcb_input_xi_ungrab_device_checked.3 man/xcb_input_xi_warp_pointer.3 man/xcb_input_xi_warp_pointer_checked.3 man/xcb_install_colormap.3 man/xcb_install_colormap_checked.3 man/xcb_intern_atom.3 man/xcb_intern_atom_reply.3 man/xcb_intern_atom_unchecked.3 man/xcb_key_press_event_t.3 man/xcb_keymap_notify_event_t.3 man/xcb_kill_client.3 man/xcb_kill_client_checked.3 man/xcb_list_extensions.3 man/xcb_list_extensions_names_iterator.3 man/xcb_list_extensions_names_length.3 man/xcb_list_extensions_reply.3 man/xcb_list_extensions_unchecked.3 man/xcb_list_fonts.3 man/xcb_list_fonts_names_iterator.3 man/xcb_list_fonts_names_length.3 man/xcb_list_fonts_reply.3 man/xcb_list_fonts_unchecked.3 man/xcb_list_fonts_with_info.3 man/xcb_list_fonts_with_info_name.3 man/xcb_list_fonts_with_info_name_end.3 man/xcb_list_fonts_with_info_name_length.3 man/xcb_list_fonts_with_info_properties.3 man/xcb_list_fonts_with_info_properties_iterator.3 man/xcb_list_fonts_with_info_properties_length.3 man/xcb_list_fonts_with_info_reply.3 man/xcb_list_fonts_with_info_unchecked.3 man/xcb_list_hosts.3 man/xcb_list_hosts_hosts_iterator.3 man/xcb_list_hosts_hosts_length.3 man/xcb_list_hosts_reply.3 man/xcb_list_hosts_unchecked.3 man/xcb_list_installed_colormaps.3 man/xcb_list_installed_colormaps_cmaps.3 '/home/builder/build/pkg/libxcb/usr/share/man/man3'
 /usr/bin/install -c -m 644 man/xcb_list_installed_colormaps_cmaps_end.3 man/xcb_list_installed_colormaps_cmaps_length.3 man/xcb_list_installed_colormaps_reply.3 man/xcb_list_installed_colormaps_unchecked.3 man/xcb_list_properties.3 man/xcb_list_properties_atoms.3 man/xcb_list_properties_atoms_end.3 man/xcb_list_properties_atoms_length.3 man/xcb_list_properties_reply.3 man/xcb_list_properties_unchecked.3 man/xcb_lookup_color.3 man/xcb_lookup_color_reply.3 man/xcb_lookup_color_unchecked.3 man/xcb_map_notify_event_t.3 man/xcb_map_request_event_t.3 man/xcb_map_subwindows.3 man/xcb_map_subwindows_checked.3 man/xcb_map_window.3 man/xcb_map_window_checked.3 man/xcb_mapping_notify_event_t.3 man/xcb_motion_notify_event_t.3 man/xcb_no_exposure_event_t.3 man/xcb_no_operation.3 man/xcb_no_operation_checked.3 man/xcb_open_font.3 man/xcb_open_font_checked.3 man/xcb_poly_arc.3 man/xcb_poly_arc_checked.3 man/xcb_poly_fill_arc.3 man/xcb_poly_fill_arc_checked.3 man/xcb_poly_fill_rectangle.3 man/xcb_poly_fill_rectangle_checked.3 man/xcb_poly_line.3 man/xcb_poly_line_checked.3 man/xcb_poly_point.3 man/xcb_poly_point_checked.3 man/xcb_poly_rectangle.3 man/xcb_poly_rectangle_checked.3 man/xcb_poly_segment.3 man/xcb_poly_segment_checked.3 '/home/builder/build/pkg/libxcb/usr/share/man/man3'
 /usr/bin/install -c -m 644 man/xcb_poly_text_16.3 man/xcb_poly_text_16_checked.3 man/xcb_poly_text_8.3 man/xcb_poly_text_8_checked.3 man/xcb_present_complete_notify_event_t.3 man/xcb_present_configure_notify_event_t.3 man/xcb_present_generic_event_t.3 man/xcb_present_idle_notify_event_t.3 man/xcb_present_notify_msc.3 man/xcb_present_notify_msc_checked.3 man/xcb_present_pixmap.3 man/xcb_present_pixmap_checked.3 man/xcb_present_pixmap_synced.3 man/xcb_present_pixmap_synced_checked.3 man/xcb_present_query_capabilities.3 man/xcb_present_query_capabilities_reply.3 man/xcb_present_query_capabilities_unchecked.3 man/xcb_present_query_version.3 man/xcb_present_query_version_reply.3 man/xcb_present_query_version_unchecked.3 man/xcb_present_redirect_notify_event_t.3 man/xcb_present_select_input.3 man/xcb_present_select_input_checked.3 man/xcb_property_notify_event_t.3 man/xcb_put_image.3 man/xcb_put_image_checked.3 man/xcb_query_best_size.3 man/xcb_query_best_size_reply.3 man/xcb_query_best_size_unchecked.3 man/xcb_query_colors.3 man/xcb_query_colors_colors.3 man/xcb_query_colors_colors_iterator.3 man/xcb_query_colors_colors_length.3 man/xcb_query_colors_reply.3 man/xcb_query_colors_unchecked.3 man/xcb_query_extension.3 man/xcb_query_extension_reply.3 man/xcb_query_extension_unchecked.3 man/xcb_query_font.3 man/xcb_query_font_char_infos.3 '/home/builder/build/pkg/libxcb/usr/share/man/man3'
 /usr/bin/install -c -m 644 man/xcb_query_font_char_infos_iterator.3 man/xcb_query_font_char_infos_length.3 man/xcb_query_font_properties.3 man/xcb_query_font_properties_iterator.3 man/xcb_query_font_properties_length.3 man/xcb_query_font_reply.3 man/xcb_query_font_unchecked.3 man/xcb_query_keymap.3 man/xcb_query_keymap_reply.3 man/xcb_query_keymap_unchecked.3 man/xcb_query_pointer.3 man/xcb_query_pointer_reply.3 man/xcb_query_pointer_unchecked.3 man/xcb_query_text_extents.3 man/xcb_query_text_extents_reply.3 man/xcb_query_text_extents_unchecked.3 man/xcb_query_tree.3 man/xcb_query_tree_children.3 man/xcb_query_tree_children_end.3 man/xcb_query_tree_children_length.3 man/xcb_query_tree_reply.3 man/xcb_query_tree_unchecked.3 man/xcb_randr_add_output_mode.3 man/xcb_randr_add_output_mode_checked.3 man/xcb_randr_change_output_property.3 man/xcb_randr_change_output_property_checked.3 man/xcb_randr_change_provider_property.3 man/xcb_randr_change_provider_property_checked.3 man/xcb_randr_configure_output_property.3 man/xcb_randr_configure_output_property_checked.3 man/xcb_randr_configure_provider_property.3 man/xcb_randr_configure_provider_property_checked.3 man/xcb_randr_create_lease.3 man/xcb_randr_create_lease_reply.3 man/xcb_randr_create_lease_unchecked.3 man/xcb_randr_create_mode.3 man/xcb_randr_create_mode_reply.3 man/xcb_randr_create_mode_unchecked.3 man/xcb_randr_delete_monitor.3 man/xcb_randr_delete_monitor_checked.3 '/home/builder/build/pkg/libxcb/usr/share/man/man3'
 /usr/bin/install -c -m 644 man/xcb_randr_delete_output_mode.3 man/xcb_randr_delete_output_mode_checked.3 man/xcb_randr_delete_output_property.3 man/xcb_randr_delete_output_property_checked.3 man/xcb_randr_delete_provider_property.3 man/xcb_randr_delete_provider_property_checked.3 man/xcb_randr_destroy_mode.3 man/xcb_randr_destroy_mode_checked.3 man/xcb_randr_free_lease.3 man/xcb_randr_free_lease_checked.3 man/xcb_randr_get_crtc_gamma.3 man/xcb_randr_get_crtc_gamma_blue.3 man/xcb_randr_get_crtc_gamma_blue_end.3 man/xcb_randr_get_crtc_gamma_blue_length.3 man/xcb_randr_get_crtc_gamma_green.3 man/xcb_randr_get_crtc_gamma_green_end.3 man/xcb_randr_get_crtc_gamma_green_length.3 man/xcb_randr_get_crtc_gamma_red.3 man/xcb_randr_get_crtc_gamma_red_end.3 man/xcb_randr_get_crtc_gamma_red_length.3 man/xcb_randr_get_crtc_gamma_reply.3 man/xcb_randr_get_crtc_gamma_size.3 man/xcb_randr_get_crtc_gamma_size_reply.3 man/xcb_randr_get_crtc_gamma_size_unchecked.3 man/xcb_randr_get_crtc_gamma_unchecked.3 man/xcb_randr_get_crtc_info.3 man/xcb_randr_get_crtc_info_outputs.3 man/xcb_randr_get_crtc_info_outputs_end.3 man/xcb_randr_get_crtc_info_outputs_length.3 man/xcb_randr_get_crtc_info_possible.3 man/xcb_randr_get_crtc_info_possible_end.3 man/xcb_randr_get_crtc_info_possible_length.3 man/xcb_randr_get_crtc_info_reply.3 man/xcb_randr_get_crtc_info_unchecked.3 man/xcb_randr_get_crtc_transform.3 man/xcb_randr_get_crtc_transform_current_filter_name.3 man/xcb_randr_get_crtc_transform_current_filter_name_end.3 man/xcb_randr_get_crtc_transform_current_filter_name_length.3 man/xcb_randr_get_crtc_transform_current_params.3 man/xcb_randr_get_crtc_transform_current_params_end.3 '/home/builder/build/pkg/libxcb/usr/share/man/man3'
libtool: install: /usr/bin/install -c .libs/libxcb-dbe.so.0.0.0T /home/builder/build/pkg/libxcb/usr/lib/libxcb-dbe.so.0.0.0
libtool: install: (cd /home/builder/build/pkg/libxcb/usr/lib && { ln -s -f libxcb-dbe.so.0.0.0 libxcb-dbe.so.0 || { rm -f libxcb-dbe.so.0 && ln -s libxcb-dbe.so.0.0.0 libxcb-dbe.so.0; }; })
 /usr/bin/install -c -m 644 man/xcb_randr_get_crtc_transform_current_params_length.3 man/xcb_randr_get_crtc_transform_pad_3.3 man/xcb_randr_get_crtc_transform_pad_4.3 man/xcb_randr_get_crtc_transform_pending_filter_name.3 man/xcb_randr_get_crtc_transform_pending_filter_name_end.3 man/xcb_randr_get_crtc_transform_pending_filter_name_length.3 man/xcb_randr_get_crtc_transform_pending_params.3 man/xcb_randr_get_crtc_transform_pending_params_end.3 man/xcb_randr_get_crtc_transform_pending_params_length.3 man/xcb_randr_get_crtc_transform_reply.3 man/xcb_randr_get_crtc_transform_unchecked.3 man/xcb_randr_get_monitors.3 man/xcb_randr_get_monitors_monitors_iterator.3 man/xcb_randr_get_monitors_monitors_length.3 man/xcb_randr_get_monitors_reply.3 man/xcb_randr_get_monitors_unchecked.3 man/xcb_randr_get_output_info.3 man/xcb_randr_get_output_info_clones.3 man/xcb_randr_get_output_info_clones_end.3 man/xcb_randr_get_output_info_clones_length.3 man/xcb_randr_get_output_info_crtcs.3 man/xcb_randr_get_output_info_crtcs_end.3 man/xcb_randr_get_output_info_crtcs_length.3 man/xcb_randr_get_output_info_modes.3 man/xcb_randr_get_output_info_modes_end.3 man/xcb_randr_get_output_info_modes_length.3 man/xcb_randr_get_output_info_name.3 man/xcb_randr_get_output_info_name_end.3 man/xcb_randr_get_output_info_name_length.3 man/xcb_randr_get_output_info_reply.3 man/xcb_randr_get_output_info_unchecked.3 man/xcb_randr_get_output_primary.3 man/xcb_randr_get_output_primary_reply.3 man/xcb_randr_get_output_primary_unchecked.3 man/xcb_randr_get_output_property.3 man/xcb_randr_get_output_property_data.3 man/xcb_randr_get_output_property_data_end.3 man/xcb_randr_get_output_property_data_length.3 man/xcb_randr_get_output_property_reply.3 man/xcb_randr_get_output_property_unchecked.3 '/home/builder/build/pkg/libxcb/usr/share/man/man3'
libtool: install: (cd /home/builder/build/pkg/libxcb/usr/lib && { ln -s -f libxcb-dbe.so.0.0.0 libxcb-dbe.so || { rm -f libxcb-dbe.so && ln -s libxcb-dbe.so.0.0.0 libxcb-dbe.so; }; })
libtool: install: /usr/bin/install -c .libs/libxcb-dbe.lai /home/builder/build/pkg/libxcb/usr/lib/libxcb-dbe.la
 /usr/bin/install -c -m 644 man/xcb_randr_get_panning.3 man/xcb_randr_get_panning_reply.3 man/xcb_randr_get_panning_unchecked.3 man/xcb_randr_get_provider_info.3 man/xcb_randr_get_provider_info_associated_capability.3 man/xcb_randr_get_provider_info_associated_capability_end.3 man/xcb_randr_get_provider_info_associated_capability_length.3 man/xcb_randr_get_provider_info_associated_providers.3 man/xcb_randr_get_provider_info_associated_providers_end.3 man/xcb_randr_get_provider_info_associated_providers_length.3 man/xcb_randr_get_provider_info_crtcs.3 man/xcb_randr_get_provider_info_crtcs_end.3 man/xcb_randr_get_provider_info_crtcs_length.3 man/xcb_randr_get_provider_info_name.3 man/xcb_randr_get_provider_info_name_end.3 man/xcb_randr_get_provider_info_name_length.3 man/xcb_randr_get_provider_info_outputs.3 man/xcb_randr_get_provider_info_outputs_end.3 man/xcb_randr_get_provider_info_outputs_length.3 man/xcb_randr_get_provider_info_reply.3 man/xcb_randr_get_provider_info_unchecked.3 man/xcb_randr_get_provider_property.3 man/xcb_randr_get_provider_property_data.3 man/xcb_randr_get_provider_property_data_end.3 man/xcb_randr_get_provider_property_data_length.3 man/xcb_randr_get_provider_property_reply.3 man/xcb_randr_get_provider_property_unchecked.3 man/xcb_randr_get_providers.3 man/xcb_randr_get_providers_providers.3 man/xcb_randr_get_providers_providers_end.3 man/xcb_randr_get_providers_providers_length.3 man/xcb_randr_get_providers_reply.3 man/xcb_randr_get_providers_unchecked.3 man/xcb_randr_get_screen_info.3 man/xcb_randr_get_screen_info_rates_iterator.3 man/xcb_randr_get_screen_info_rates_length.3 man/xcb_randr_get_screen_info_reply.3 man/xcb_randr_get_screen_info_sizes.3 man/xcb_randr_get_screen_info_sizes_iterator.3 man/xcb_randr_get_screen_info_sizes_length.3 '/home/builder/build/pkg/libxcb/usr/share/man/man3'
libtool: warning: relinking 'libxcb-dpms.la'
libtool: install: (cd /home/builder/build/src/libxcb-1.17.0/src; /bin/sh "/home/builder/build/src/libxcb-1.17.0/libtool"  --silent --tag CC --mode=relink clang -Wall -Wpointer-arith -Wmissing-declarations -Wformat=2 -Wstrict-prototypes -Wmissing-prototypes -Wnested-externs -Wbad-function-cast -Wold-style-definition -Wdeclaration-after-statement -Wunused -Wuninitialized -Wshadow -Wmissing-noreturn -Wmissing-format-attribute -Wredundant-decls -Werror=implicit -Werror=nonnull -Werror=init-self -Werror=main -Werror=missing-braces -Werror=sequence-point -Werror=return-type -Werror=trigraphs -Werror=array-bounds -Werror=write-strings -Werror=address -Werror=int-to-pointer-cast -Werror=pointer-to-int-cast -march=x86-64-v3 -O2 -pipe -fno-plt -fexceptions -Wp,-D_FORTIFY_SOURCE=3 -fstack-clash-protection -fcf-protection -version-info 0:0:0 -no-undefined -Wl,-O1 -Wl,--sort-common -Wl,--as-needed -Wl,-z,relro -Wl,-z,now -Wl,--undefined-version -Wl,--hash-style=gnu -Wl,--compress-debug-sections=zstd -o libxcb-dpms.la -rpath /usr/lib dpms.lo libxcb.la -inst-prefix-dir /home/builder/build/pkg/libxcb)
 /usr/bin/install -c -m 644 man/xcb_randr_get_screen_info_unchecked.3 man/xcb_randr_get_screen_resources.3 man/xcb_randr_get_screen_resources_crtcs.3 man/xcb_randr_get_screen_resources_crtcs_end.3 man/xcb_randr_get_screen_resources_crtcs_length.3 man/xcb_randr_get_screen_resources_current.3 man/xcb_randr_get_screen_resources_current_crtcs.3 man/xcb_randr_get_screen_resources_current_crtcs_end.3 man/xcb_randr_get_screen_resources_current_crtcs_length.3 man/xcb_randr_get_screen_resources_current_modes.3 man/xcb_randr_get_screen_resources_current_modes_iterator.3 man/xcb_randr_get_screen_resources_current_modes_length.3 man/xcb_randr_get_screen_resources_current_names.3 man/xcb_randr_get_screen_resources_current_names_end.3 man/xcb_randr_get_screen_resources_current_names_length.3 man/xcb_randr_get_screen_resources_current_outputs.3 man/xcb_randr_get_screen_resources_current_outputs_end.3 man/xcb_randr_get_screen_resources_current_outputs_length.3 man/xcb_randr_get_screen_resources_current_reply.3 man/xcb_randr_get_screen_resources_current_unchecked.3 man/xcb_randr_get_screen_resources_modes.3 man/xcb_randr_get_screen_resources_modes_iterator.3 man/xcb_randr_get_screen_resources_modes_length.3 man/xcb_randr_get_screen_resources_names.3 man/xcb_randr_get_screen_resources_names_end.3 man/xcb_randr_get_screen_resources_names_length.3 man/xcb_randr_get_screen_resources_outputs.3 man/xcb_randr_get_screen_resources_outputs_end.3 man/xcb_randr_get_screen_resources_outputs_length.3 man/xcb_randr_get_screen_resources_reply.3 man/xcb_randr_get_screen_resources_unchecked.3 man/xcb_randr_get_screen_size_range.3 man/xcb_randr_get_screen_size_range_reply.3 man/xcb_randr_get_screen_size_range_unchecked.3 man/xcb_randr_list_output_properties.3 man/xcb_randr_list_output_properties_atoms.3 man/xcb_randr_list_output_properties_atoms_end.3 man/xcb_randr_list_output_properties_atoms_length.3 man/xcb_randr_list_output_properties_reply.3 man/xcb_randr_list_output_properties_unchecked.3 '/home/builder/build/pkg/libxcb/usr/share/man/man3'
 /usr/bin/install -c -m 644 man/xcb_randr_list_provider_properties.3 man/xcb_randr_list_provider_properties_atoms.3 man/xcb_randr_list_provider_properties_atoms_end.3 man/xcb_randr_list_provider_properties_atoms_length.3 man/xcb_randr_list_provider_properties_reply.3 man/xcb_randr_list_provider_properties_unchecked.3 man/xcb_randr_notify_event_t.3 man/xcb_randr_query_output_property.3 man/xcb_randr_query_output_property_reply.3 man/xcb_randr_query_output_property_unchecked.3 man/xcb_randr_query_output_property_valid_values.3 man/xcb_randr_query_output_property_valid_values_end.3 man/xcb_randr_query_output_property_valid_values_length.3 man/xcb_randr_query_provider_property.3 man/xcb_randr_query_provider_property_reply.3 man/xcb_randr_query_provider_property_unchecked.3 man/xcb_randr_query_provider_property_valid_values.3 man/xcb_randr_query_provider_property_valid_values_end.3 man/xcb_randr_query_provider_property_valid_values_length.3 man/xcb_randr_query_version.3 man/xcb_randr_query_version_reply.3 man/xcb_randr_query_version_unchecked.3 man/xcb_randr_screen_change_notify_event_t.3 man/xcb_randr_select_input.3 man/xcb_randr_select_input_checked.3 man/xcb_randr_set_crtc_config.3 man/xcb_randr_set_crtc_config_reply.3 man/xcb_randr_set_crtc_config_unchecked.3 man/xcb_randr_set_crtc_gamma.3 man/xcb_randr_set_crtc_gamma_checked.3 man/xcb_randr_set_crtc_transform.3 man/xcb_randr_set_crtc_transform_checked.3 man/xcb_randr_set_monitor.3 man/xcb_randr_set_monitor_checked.3 man/xcb_randr_set_output_primary.3 man/xcb_randr_set_output_primary_checked.3 man/xcb_randr_set_panning.3 man/xcb_randr_set_panning_reply.3 man/xcb_randr_set_panning_unchecked.3 man/xcb_randr_set_provider_offload_sink.3 '/home/builder/build/pkg/libxcb/usr/share/man/man3'
 /usr/bin/install -c -m 644 man/xcb_randr_set_provider_offload_sink_checked.3 man/xcb_randr_set_provider_output_source.3 man/xcb_randr_set_provider_output_source_checked.3 man/xcb_randr_set_screen_config.3 man/xcb_randr_set_screen_config_reply.3 man/xcb_randr_set_screen_config_unchecked.3 man/xcb_randr_set_screen_size.3 man/xcb_randr_set_screen_size_checked.3 man/xcb_recolor_cursor.3 man/xcb_recolor_cursor_checked.3 man/xcb_record_create_context.3 man/xcb_record_create_context_checked.3 man/xcb_record_disable_context.3 man/xcb_record_disable_context_checked.3 man/xcb_record_enable_context.3 man/xcb_record_enable_context_data.3 man/xcb_record_enable_context_data_end.3 man/xcb_record_enable_context_data_length.3 man/xcb_record_enable_context_reply.3 man/xcb_record_enable_context_unchecked.3 man/xcb_record_free_context.3 man/xcb_record_free_context_checked.3 man/xcb_record_get_context.3 man/xcb_record_get_context_intercepted_clients_iterator.3 man/xcb_record_get_context_intercepted_clients_length.3 man/xcb_record_get_context_reply.3 man/xcb_record_get_context_unchecked.3 man/xcb_record_query_version.3 man/xcb_record_query_version_reply.3 man/xcb_record_query_version_unchecked.3 man/xcb_record_register_clients.3 man/xcb_record_register_clients_checked.3 man/xcb_record_unregister_clients.3 man/xcb_record_unregister_clients_checked.3 man/xcb_render_add_glyphs.3 man/xcb_render_add_glyphs_checked.3 man/xcb_render_add_traps.3 man/xcb_render_add_traps_checked.3 man/xcb_render_change_picture.3 man/xcb_render_change_picture_checked.3 '/home/builder/build/pkg/libxcb/usr/share/man/man3'
 /usr/bin/install -c -m 644 man/xcb_render_composite.3 man/xcb_render_composite_checked.3 man/xcb_render_composite_glyphs_16.3 man/xcb_render_composite_glyphs_16_checked.3 man/xcb_render_composite_glyphs_32.3 man/xcb_render_composite_glyphs_32_checked.3 man/xcb_render_composite_glyphs_8.3 man/xcb_render_composite_glyphs_8_checked.3 man/xcb_render_create_anim_cursor.3 man/xcb_render_create_anim_cursor_checked.3 man/xcb_render_create_conical_gradient.3 man/xcb_render_create_conical_gradient_checked.3 man/xcb_render_create_cursor.3 man/xcb_render_create_cursor_checked.3 man/xcb_render_create_glyph_set.3 man/xcb_render_create_glyph_set_checked.3 man/xcb_render_create_linear_gradient.3 man/xcb_render_create_linear_gradient_checked.3 man/xcb_render_create_picture.3 man/xcb_render_create_picture_checked.3 man/xcb_render_create_radial_gradient.3 man/xcb_render_create_radial_gradient_checked.3 man/xcb_render_create_solid_fill.3 man/xcb_render_create_solid_fill_checked.3 man/xcb_render_fill_rectangles.3 man/xcb_render_fill_rectangles_checked.3 man/xcb_render_free_glyph_set.3 man/xcb_render_free_glyph_set_checked.3 man/xcb_render_free_glyphs.3 man/xcb_render_free_glyphs_checked.3 man/xcb_render_free_picture.3 man/xcb_render_free_picture_checked.3 man/xcb_render_query_filters.3 man/xcb_render_query_filters_aliases.3 man/xcb_render_query_filters_aliases_end.3 man/xcb_render_query_filters_aliases_length.3 man/xcb_render_query_filters_filters_iterator.3 man/xcb_render_query_filters_filters_length.3 man/xcb_render_query_filters_reply.3 man/xcb_render_query_filters_unchecked.3 '/home/builder/build/pkg/libxcb/usr/share/man/man3'
 /usr/bin/install -c -m 644 man/xcb_render_query_pict_formats.3 man/xcb_render_query_pict_formats_formats.3 man/xcb_render_query_pict_formats_formats_iterator.3 man/xcb_render_query_pict_formats_formats_length.3 man/xcb_render_query_pict_formats_reply.3 man/xcb_render_query_pict_formats_screens_iterator.3 man/xcb_render_query_pict_formats_screens_length.3 man/xcb_render_query_pict_formats_subpixels.3 man/xcb_render_query_pict_formats_subpixels_end.3 man/xcb_render_query_pict_formats_subpixels_length.3 man/xcb_render_query_pict_formats_unchecked.3 man/xcb_render_query_pict_index_values.3 man/xcb_render_query_pict_index_values_reply.3 man/xcb_render_query_pict_index_values_unchecked.3 man/xcb_render_query_pict_index_values_values.3 man/xcb_render_query_pict_index_values_values_iterator.3 man/xcb_render_query_pict_index_values_values_length.3 man/xcb_render_query_version.3 man/xcb_render_query_version_reply.3 man/xcb_render_query_version_unchecked.3 man/xcb_render_reference_glyph_set.3 man/xcb_render_reference_glyph_set_checked.3 man/xcb_render_set_picture_clip_rectangles.3 man/xcb_render_set_picture_clip_rectangles_checked.3 man/xcb_render_set_picture_filter.3 man/xcb_render_set_picture_filter_checked.3 man/xcb_render_set_picture_transform.3 man/xcb_render_set_picture_transform_checked.3 man/xcb_render_trapezoids.3 man/xcb_render_trapezoids_checked.3 man/xcb_render_tri_fan.3 man/xcb_render_tri_fan_checked.3 man/xcb_render_tri_strip.3 man/xcb_render_tri_strip_checked.3 man/xcb_render_triangles.3 man/xcb_render_triangles_checked.3 man/xcb_reparent_notify_event_t.3 man/xcb_reparent_window.3 man/xcb_reparent_window_checked.3 man/xcb_res_query_client_ids.3 '/home/builder/build/pkg/libxcb/usr/share/man/man3'
 /usr/bin/install -c -m 644 man/xcb_res_query_client_ids_ids_iterator.3 man/xcb_res_query_client_ids_ids_length.3 man/xcb_res_query_client_ids_reply.3 man/xcb_res_query_client_ids_unchecked.3 man/xcb_res_query_client_pixmap_bytes.3 man/xcb_res_query_client_pixmap_bytes_reply.3 man/xcb_res_query_client_pixmap_bytes_unchecked.3 man/xcb_res_query_client_resources.3 man/xcb_res_query_client_resources_reply.3 man/xcb_res_query_client_resources_types.3 man/xcb_res_query_client_resources_types_iterator.3 man/xcb_res_query_client_resources_types_length.3 man/xcb_res_query_client_resources_unchecked.3 man/xcb_res_query_clients.3 man/xcb_res_query_clients_clients.3 man/xcb_res_query_clients_clients_iterator.3 man/xcb_res_query_clients_clients_length.3 man/xcb_res_query_clients_reply.3 man/xcb_res_query_clients_unchecked.3 man/xcb_res_query_resource_bytes.3 man/xcb_res_query_resource_bytes_reply.3 man/xcb_res_query_resource_bytes_sizes_iterator.3 man/xcb_res_query_resource_bytes_sizes_length.3 man/xcb_res_query_resource_bytes_unchecked.3 man/xcb_res_query_version.3 man/xcb_res_query_version_reply.3 man/xcb_res_query_version_unchecked.3 man/xcb_resize_request_event_t.3 man/xcb_rotate_properties.3 man/xcb_rotate_properties_checked.3 man/xcb_screensaver_notify_event_t.3 man/xcb_screensaver_query_info.3 man/xcb_screensaver_query_info_reply.3 man/xcb_screensaver_query_info_unchecked.3 man/xcb_screensaver_query_version.3 man/xcb_screensaver_query_version_reply.3 man/xcb_screensaver_query_version_unchecked.3 man/xcb_screensaver_select_input.3 man/xcb_screensaver_select_input_checked.3 man/xcb_screensaver_set_attributes.3 '/home/builder/build/pkg/libxcb/usr/share/man/man3'
 /usr/bin/install -c -m 644 man/xcb_screensaver_set_attributes_checked.3 man/xcb_screensaver_suspend.3 man/xcb_screensaver_suspend_checked.3 man/xcb_screensaver_unset_attributes.3 man/xcb_screensaver_unset_attributes_checked.3 man/xcb_selection_clear_event_t.3 man/xcb_selection_notify_event_t.3 man/xcb_selection_request_event_t.3 man/xcb_selinux_get_client_context.3 man/xcb_selinux_get_client_context_context.3 man/xcb_selinux_get_client_context_context_end.3 man/xcb_selinux_get_client_context_context_length.3 man/xcb_selinux_get_client_context_reply.3 man/xcb_selinux_get_client_context_unchecked.3 man/xcb_selinux_get_device_context.3 man/xcb_selinux_get_device_context_context.3 man/xcb_selinux_get_device_context_context_end.3 man/xcb_selinux_get_device_context_context_length.3 man/xcb_selinux_get_device_context_reply.3 man/xcb_selinux_get_device_context_unchecked.3 man/xcb_selinux_get_device_create_context.3 man/xcb_selinux_get_device_create_context_context.3 man/xcb_selinux_get_device_create_context_context_end.3 man/xcb_selinux_get_device_create_context_context_length.3 man/xcb_selinux_get_device_create_context_reply.3 man/xcb_selinux_get_device_create_context_unchecked.3 man/xcb_selinux_get_property_context.3 man/xcb_selinux_get_property_context_context.3 man/xcb_selinux_get_property_context_context_end.3 man/xcb_selinux_get_property_context_context_length.3 man/xcb_selinux_get_property_context_reply.3 man/xcb_selinux_get_property_context_unchecked.3 man/xcb_selinux_get_property_create_context.3 man/xcb_selinux_get_property_create_context_context.3 man/xcb_selinux_get_property_create_context_context_end.3 man/xcb_selinux_get_property_create_context_context_length.3 man/xcb_selinux_get_property_create_context_reply.3 man/xcb_selinux_get_property_create_context_unchecked.3 man/xcb_selinux_get_property_data_context.3 man/xcb_selinux_get_property_data_context_context.3 '/home/builder/build/pkg/libxcb/usr/share/man/man3'
 /usr/bin/install -c -m 644 man/xcb_selinux_get_property_data_context_context_end.3 man/xcb_selinux_get_property_data_context_context_length.3 man/xcb_selinux_get_property_data_context_reply.3 man/xcb_selinux_get_property_data_context_unchecked.3 man/xcb_selinux_get_property_use_context.3 man/xcb_selinux_get_property_use_context_context.3 man/xcb_selinux_get_property_use_context_context_end.3 man/xcb_selinux_get_property_use_context_context_length.3 man/xcb_selinux_get_property_use_context_reply.3 man/xcb_selinux_get_property_use_context_unchecked.3 man/xcb_selinux_get_selection_context.3 man/xcb_selinux_get_selection_context_context.3 man/xcb_selinux_get_selection_context_context_end.3 man/xcb_selinux_get_selection_context_context_length.3 man/xcb_selinux_get_selection_context_reply.3 man/xcb_selinux_get_selection_context_unchecked.3 man/xcb_selinux_get_selection_create_context.3 man/xcb_selinux_get_selection_create_context_context.3 man/xcb_selinux_get_selection_create_context_context_end.3 man/xcb_selinux_get_selection_create_context_context_length.3 man/xcb_selinux_get_selection_create_context_reply.3 man/xcb_selinux_get_selection_create_context_unchecked.3 man/xcb_selinux_get_selection_data_context.3 man/xcb_selinux_get_selection_data_context_context.3 man/xcb_selinux_get_selection_data_context_context_end.3 man/xcb_selinux_get_selection_data_context_context_length.3 man/xcb_selinux_get_selection_data_context_reply.3 man/xcb_selinux_get_selection_data_context_unchecked.3 man/xcb_selinux_get_selection_use_context.3 man/xcb_selinux_get_selection_use_context_context.3 man/xcb_selinux_get_selection_use_context_context_end.3 man/xcb_selinux_get_selection_use_context_context_length.3 man/xcb_selinux_get_selection_use_context_reply.3 man/xcb_selinux_get_selection_use_context_unchecked.3 man/xcb_selinux_get_window_context.3 man/xcb_selinux_get_window_context_context.3 man/xcb_selinux_get_window_context_context_end.3 man/xcb_selinux_get_window_context_context_length.3 man/xcb_selinux_get_window_context_reply.3 man/xcb_selinux_get_window_context_unchecked.3 '/home/builder/build/pkg/libxcb/usr/share/man/man3'
 /usr/bin/install -c -m 644 man/xcb_selinux_get_window_create_context.3 man/xcb_selinux_get_window_create_context_context.3 man/xcb_selinux_get_window_create_context_context_end.3 man/xcb_selinux_get_window_create_context_context_length.3 man/xcb_selinux_get_window_create_context_reply.3 man/xcb_selinux_get_window_create_context_unchecked.3 man/xcb_selinux_list_properties.3 man/xcb_selinux_list_properties_properties_iterator.3 man/xcb_selinux_list_properties_properties_length.3 man/xcb_selinux_list_properties_reply.3 man/xcb_selinux_list_properties_unchecked.3 man/xcb_selinux_list_selections.3 man/xcb_selinux_list_selections_reply.3 man/xcb_selinux_list_selections_selections_iterator.3 man/xcb_selinux_list_selections_selections_length.3 man/xcb_selinux_list_selections_unchecked.3 man/xcb_selinux_query_version.3 man/xcb_selinux_query_version_reply.3 man/xcb_selinux_query_version_unchecked.3 man/xcb_selinux_set_device_context.3 man/xcb_selinux_set_device_context_checked.3 man/xcb_selinux_set_device_create_context.3 man/xcb_selinux_set_device_create_context_checked.3 man/xcb_selinux_set_property_create_context.3 man/xcb_selinux_set_property_create_context_checked.3 man/xcb_selinux_set_property_use_context.3 man/xcb_selinux_set_property_use_context_checked.3 man/xcb_selinux_set_selection_create_context.3 man/xcb_selinux_set_selection_create_context_checked.3 man/xcb_selinux_set_selection_use_context.3 man/xcb_selinux_set_selection_use_context_checked.3 man/xcb_selinux_set_window_create_context.3 man/xcb_selinux_set_window_create_context_checked.3 man/xcb_send_event.3 man/xcb_send_event_checked.3 man/xcb_set_access_control.3 man/xcb_set_access_control_checked.3 man/xcb_set_clip_rectangles.3 man/xcb_set_clip_rectangles_checked.3 man/xcb_set_close_down_mode.3 '/home/builder/build/pkg/libxcb/usr/share/man/man3'
 /usr/bin/install -c -m 644 man/xcb_set_close_down_mode_checked.3 man/xcb_set_dashes.3 man/xcb_set_dashes_checked.3 man/xcb_set_font_path.3 man/xcb_set_font_path_checked.3 man/xcb_set_input_focus.3 man/xcb_set_input_focus_checked.3 man/xcb_set_modifier_mapping.3 man/xcb_set_modifier_mapping_reply.3 man/xcb_set_modifier_mapping_unchecked.3 man/xcb_set_pointer_mapping.3 man/xcb_set_pointer_mapping_reply.3 man/xcb_set_pointer_mapping_unchecked.3 man/xcb_set_screen_saver.3 man/xcb_set_screen_saver_checked.3 man/xcb_set_selection_owner.3 man/xcb_set_selection_owner_checked.3 man/xcb_shape_combine.3 man/xcb_shape_combine_checked.3 man/xcb_shape_get_rectangles.3 man/xcb_shape_get_rectangles_rectangles.3 man/xcb_shape_get_rectangles_rectangles_iterator.3 man/xcb_shape_get_rectangles_rectangles_length.3 man/xcb_shape_get_rectangles_reply.3 man/xcb_shape_get_rectangles_unchecked.3 man/xcb_shape_input_selected.3 man/xcb_shape_input_selected_reply.3 man/xcb_shape_input_selected_unchecked.3 man/xcb_shape_mask.3 man/xcb_shape_mask_checked.3 man/xcb_shape_notify_event_t.3 man/xcb_shape_offset.3 man/xcb_shape_offset_checked.3 man/xcb_shape_query_extents.3 man/xcb_shape_query_extents_reply.3 man/xcb_shape_query_extents_unchecked.3 man/xcb_shape_query_version.3 man/xcb_shape_query_version_reply.3 man/xcb_shape_query_version_unchecked.3 man/xcb_shape_rectangles.3 '/home/builder/build/pkg/libxcb/usr/share/man/man3'
libtool: install: /usr/bin/install -c .libs/libxcb-dpms.so.0.0.0T /home/builder/build/pkg/libxcb/usr/lib/libxcb-dpms.so.0.0.0
libtool: install: (cd /home/builder/build/pkg/libxcb/usr/lib && { ln -s -f libxcb-dpms.so.0.0.0 libxcb-dpms.so.0 || { rm -f libxcb-dpms.so.0 && ln -s libxcb-dpms.so.0.0.0 libxcb-dpms.so.0; }; })
libtool: install: (cd /home/builder/build/pkg/libxcb/usr/lib && { ln -s -f libxcb-dpms.so.0.0.0 libxcb-dpms.so || { rm -f libxcb-dpms.so && ln -s libxcb-dpms.so.0.0.0 libxcb-dpms.so; }; })
 /usr/bin/install -c -m 644 man/xcb_shape_rectangles_checked.3 man/xcb_shape_select_input.3 man/xcb_shape_select_input_checked.3 man/xcb_shm_attach.3 man/xcb_shm_attach_checked.3 man/xcb_shm_attach_fd.3 man/xcb_shm_attach_fd_checked.3 man/xcb_shm_completion_event_t.3 man/xcb_shm_create_pixmap.3 man/xcb_shm_create_pixmap_checked.3 man/xcb_shm_create_segment.3 man/xcb_shm_create_segment_reply.3 man/xcb_shm_create_segment_unchecked.3 man/xcb_shm_detach.3 man/xcb_shm_detach_checked.3 man/xcb_shm_get_image.3 man/xcb_shm_get_image_reply.3 man/xcb_shm_get_image_unchecked.3 man/xcb_shm_put_image.3 man/xcb_shm_put_image_checked.3 man/xcb_shm_query_version.3 man/xcb_shm_query_version_reply.3 man/xcb_shm_query_version_unchecked.3 man/xcb_store_colors.3 man/xcb_store_colors_checked.3 man/xcb_store_named_color.3 man/xcb_store_named_color_checked.3 man/xcb_sync_alarm_notify_event_t.3 man/xcb_sync_await.3 man/xcb_sync_await_checked.3 man/xcb_sync_await_fence.3 man/xcb_sync_await_fence_checked.3 man/xcb_sync_change_alarm.3 man/xcb_sync_change_alarm_checked.3 man/xcb_sync_change_counter.3 man/xcb_sync_change_counter_checked.3 man/xcb_sync_counter_notify_event_t.3 man/xcb_sync_create_alarm.3 man/xcb_sync_create_alarm_checked.3 man/xcb_sync_create_counter.3 '/home/builder/build/pkg/libxcb/usr/share/man/man3'
libtool: install: /usr/bin/install -c .libs/libxcb-dpms.lai /home/builder/build/pkg/libxcb/usr/lib/libxcb-dpms.la
libtool: warning: relinking 'libxcb-dri2.la'
libtool: install: (cd /home/builder/build/src/libxcb-1.17.0/src; /bin/sh "/home/builder/build/src/libxcb-1.17.0/libtool"  --silent --tag CC --mode=relink clang -Wall -Wpointer-arith -Wmissing-declarations -Wformat=2 -Wstrict-prototypes -Wmissing-prototypes -Wnested-externs -Wbad-function-cast -Wold-style-definition -Wdeclaration-after-statement -Wunused -Wuninitialized -Wshadow -Wmissing-noreturn -Wmissing-format-attribute -Wredundant-decls -Werror=implicit -Werror=nonnull -Werror=init-self -Werror=main -Werror=missing-braces -Werror=sequence-point -Werror=return-type -Werror=trigraphs -Werror=array-bounds -Werror=write-strings -Werror=address -Werror=int-to-pointer-cast -Werror=pointer-to-int-cast -march=x86-64-v3 -O2 -pipe -fno-plt -fexceptions -Wp,-D_FORTIFY_SOURCE=3 -fstack-clash-protection -fcf-protection -version-info 0:0:0 -no-undefined -Wl,-O1 -Wl,--sort-common -Wl,--as-needed -Wl,-z,relro -Wl,-z,now -Wl,--undefined-version -Wl,--hash-style=gnu -Wl,--compress-debug-sections=zstd -o libxcb-dri2.la -rpath /usr/lib dri2.lo libxcb.la -inst-prefix-dir /home/builder/build/pkg/libxcb)
 /usr/bin/install -c -m 644 man/xcb_sync_create_counter_checked.3 man/xcb_sync_create_fence.3 man/xcb_sync_create_fence_checked.3 man/xcb_sync_destroy_alarm.3 man/xcb_sync_destroy_alarm_checked.3 man/xcb_sync_destroy_counter.3 man/xcb_sync_destroy_counter_checked.3 man/xcb_sync_destroy_fence.3 man/xcb_sync_destroy_fence_checked.3 man/xcb_sync_get_priority.3 man/xcb_sync_get_priority_reply.3 man/xcb_sync_get_priority_unchecked.3 man/xcb_sync_initialize.3 man/xcb_sync_initialize_reply.3 man/xcb_sync_initialize_unchecked.3 man/xcb_sync_list_system_counters.3 man/xcb_sync_list_system_counters_counters_iterator.3 man/xcb_sync_list_system_counters_counters_length.3 man/xcb_sync_list_system_counters_reply.3 man/xcb_sync_list_system_counters_unchecked.3 man/xcb_sync_query_alarm.3 man/xcb_sync_query_alarm_reply.3 man/xcb_sync_query_alarm_unchecked.3 man/xcb_sync_query_counter.3 man/xcb_sync_query_counter_reply.3 man/xcb_sync_query_counter_unchecked.3 man/xcb_sync_query_fence.3 man/xcb_sync_query_fence_reply.3 man/xcb_sync_query_fence_unchecked.3 man/xcb_sync_reset_fence.3 man/xcb_sync_reset_fence_checked.3 man/xcb_sync_set_counter.3 man/xcb_sync_set_counter_checked.3 man/xcb_sync_set_priority.3 man/xcb_sync_set_priority_checked.3 man/xcb_sync_trigger_fence.3 man/xcb_sync_trigger_fence_checked.3 man/xcb_test_compare_cursor.3 man/xcb_test_compare_cursor_reply.3 man/xcb_test_compare_cursor_unchecked.3 '/home/builder/build/pkg/libxcb/usr/share/man/man3'
 /usr/bin/install -c -m 644 man/xcb_test_fake_input.3 man/xcb_test_fake_input_checked.3 man/xcb_test_get_version.3 man/xcb_test_get_version_reply.3 man/xcb_test_get_version_unchecked.3 man/xcb_test_grab_control.3 man/xcb_test_grab_control_checked.3 man/xcb_translate_coordinates.3 man/xcb_translate_coordinates_reply.3 man/xcb_translate_coordinates_unchecked.3 man/xcb_ungrab_button.3 man/xcb_ungrab_button_checked.3 man/xcb_ungrab_key.3 man/xcb_ungrab_key_checked.3 man/xcb_ungrab_keyboard.3 man/xcb_ungrab_keyboard_checked.3 man/xcb_ungrab_pointer.3 man/xcb_ungrab_pointer_checked.3 man/xcb_ungrab_server.3 man/xcb_ungrab_server_checked.3 man/xcb_uninstall_colormap.3 man/xcb_uninstall_colormap_checked.3 man/xcb_unmap_notify_event_t.3 man/xcb_unmap_subwindows.3 man/xcb_unmap_subwindows_checked.3 man/xcb_unmap_window.3 man/xcb_unmap_window_checked.3 man/xcb_visibility_notify_event_t.3 man/xcb_warp_pointer.3 man/xcb_warp_pointer_checked.3 man/xcb_x_print_attribut_notify_event_t.3 man/xcb_x_print_create_context.3 man/xcb_x_print_create_context_checked.3 man/xcb_x_print_notify_event_t.3 man/xcb_x_print_print_destroy_context.3 man/xcb_x_print_print_destroy_context_checked.3 man/xcb_x_print_print_end_doc.3 man/xcb_x_print_print_end_doc_checked.3 man/xcb_x_print_print_end_job.3 man/xcb_x_print_print_end_job_checked.3 '/home/builder/build/pkg/libxcb/usr/share/man/man3'
 /usr/bin/install -c -m 644 man/xcb_x_print_print_end_page.3 man/xcb_x_print_print_end_page_checked.3 man/xcb_x_print_print_get_attributes.3 man/xcb_x_print_print_get_attributes_attributes.3 man/xcb_x_print_print_get_attributes_attributes_end.3 man/xcb_x_print_print_get_attributes_attributes_length.3 man/xcb_x_print_print_get_attributes_reply.3 man/xcb_x_print_print_get_attributes_unchecked.3 man/xcb_x_print_print_get_context.3 man/xcb_x_print_print_get_context_reply.3 man/xcb_x_print_print_get_context_unchecked.3 man/xcb_x_print_print_get_document_data.3 man/xcb_x_print_print_get_document_data_data.3 man/xcb_x_print_print_get_document_data_data_end.3 man/xcb_x_print_print_get_document_data_data_length.3 man/xcb_x_print_print_get_document_data_reply.3 man/xcb_x_print_print_get_document_data_unchecked.3 man/xcb_x_print_print_get_image_resolution.3 man/xcb_x_print_print_get_image_resolution_reply.3 man/xcb_x_print_print_get_image_resolution_unchecked.3 man/xcb_x_print_print_get_one_attributes.3 man/xcb_x_print_print_get_one_attributes_reply.3 man/xcb_x_print_print_get_one_attributes_unchecked.3 man/xcb_x_print_print_get_one_attributes_value.3 man/xcb_x_print_print_get_one_attributes_value_end.3 man/xcb_x_print_print_get_one_attributes_value_length.3 man/xcb_x_print_print_get_page_dimensions.3 man/xcb_x_print_print_get_page_dimensions_reply.3 man/xcb_x_print_print_get_page_dimensions_unchecked.3 man/xcb_x_print_print_get_printer_list.3 man/xcb_x_print_print_get_printer_list_printers_iterator.3 man/xcb_x_print_print_get_printer_list_printers_length.3 man/xcb_x_print_print_get_printer_list_reply.3 man/xcb_x_print_print_get_printer_list_unchecked.3 man/xcb_x_print_print_get_screen_of_context.3 man/xcb_x_print_print_get_screen_of_context_reply.3 man/xcb_x_print_print_get_screen_of_context_unchecked.3 man/xcb_x_print_print_input_selected.3 man/xcb_x_print_print_input_selected_reply.3 man/xcb_x_print_print_input_selected_unchecked.3 '/home/builder/build/pkg/libxcb/usr/share/man/man3'
 /usr/bin/install -c -m 644 man/xcb_x_print_print_put_document_data.3 man/xcb_x_print_print_put_document_data_checked.3 man/xcb_x_print_print_query_screens.3 man/xcb_x_print_print_query_screens_reply.3 man/xcb_x_print_print_query_screens_roots.3 man/xcb_x_print_print_query_screens_roots_end.3 man/xcb_x_print_print_query_screens_roots_length.3 man/xcb_x_print_print_query_screens_unchecked.3 man/xcb_x_print_print_query_version.3 man/xcb_x_print_print_query_version_reply.3 man/xcb_x_print_print_query_version_unchecked.3 man/xcb_x_print_print_rehash_printer_list.3 man/xcb_x_print_print_rehash_printer_list_checked.3 man/xcb_x_print_print_select_input.3 man/xcb_x_print_print_select_input_checked.3 man/xcb_x_print_print_set_attributes.3 man/xcb_x_print_print_set_attributes_checked.3 man/xcb_x_print_print_set_context.3 man/xcb_x_print_print_set_context_checked.3 man/xcb_x_print_print_set_image_resolution.3 man/xcb_x_print_print_set_image_resolution_reply.3 man/xcb_x_print_print_set_image_resolution_unchecked.3 man/xcb_x_print_print_start_doc.3 man/xcb_x_print_print_start_doc_checked.3 man/xcb_x_print_print_start_job.3 man/xcb_x_print_print_start_job_checked.3 man/xcb_x_print_print_start_page.3 man/xcb_x_print_print_start_page_checked.3 man/xcb_xc_misc_get_version.3 man/xcb_xc_misc_get_version_reply.3 man/xcb_xc_misc_get_version_unchecked.3 man/xcb_xc_misc_get_xid_list.3 man/xcb_xc_misc_get_xid_list_ids.3 man/xcb_xc_misc_get_xid_list_ids_end.3 man/xcb_xc_misc_get_xid_list_ids_length.3 man/xcb_xc_misc_get_xid_list_reply.3 man/xcb_xc_misc_get_xid_list_unchecked.3 man/xcb_xc_misc_get_xid_range.3 man/xcb_xc_misc_get_xid_range_reply.3 man/xcb_xc_misc_get_xid_range_unchecked.3 '/home/builder/build/pkg/libxcb/usr/share/man/man3'
 /usr/bin/install -c -m 644 man/xcb_xevie_end.3 man/xcb_xevie_end_reply.3 man/xcb_xevie_end_unchecked.3 man/xcb_xevie_query_version.3 man/xcb_xevie_query_version_reply.3 man/xcb_xevie_query_version_unchecked.3 man/xcb_xevie_select_input.3 man/xcb_xevie_select_input_reply.3 man/xcb_xevie_select_input_unchecked.3 man/xcb_xevie_send.3 man/xcb_xevie_send_reply.3 man/xcb_xevie_send_unchecked.3 man/xcb_xevie_start.3 man/xcb_xevie_start_reply.3 man/xcb_xevie_start_unchecked.3 man/xcb_xf86dri_auth_connection.3 man/xcb_xf86dri_auth_connection_reply.3 man/xcb_xf86dri_auth_connection_unchecked.3 man/xcb_xf86dri_close_connection.3 man/xcb_xf86dri_close_connection_checked.3 man/xcb_xf86dri_create_context.3 man/xcb_xf86dri_create_context_reply.3 man/xcb_xf86dri_create_context_unchecked.3 man/xcb_xf86dri_create_drawable.3 man/xcb_xf86dri_create_drawable_reply.3 man/xcb_xf86dri_create_drawable_unchecked.3 man/xcb_xf86dri_destroy_context.3 man/xcb_xf86dri_destroy_context_checked.3 man/xcb_xf86dri_destroy_drawable.3 man/xcb_xf86dri_destroy_drawable_checked.3 man/xcb_xf86dri_get_client_driver_name.3 man/xcb_xf86dri_get_client_driver_name_client_driver_name.3 man/xcb_xf86dri_get_client_driver_name_client_driver_name_end.3 man/xcb_xf86dri_get_client_driver_name_client_driver_name_length.3 man/xcb_xf86dri_get_client_driver_name_reply.3 man/xcb_xf86dri_get_client_driver_name_unchecked.3 man/xcb_xf86dri_get_device_info.3 man/xcb_xf86dri_get_device_info_device_private.3 man/xcb_xf86dri_get_device_info_device_private_end.3 man/xcb_xf86dri_get_device_info_device_private_length.3 '/home/builder/build/pkg/libxcb/usr/share/man/man3'
 /usr/bin/install -c -m 644 man/xcb_xf86dri_get_device_info_reply.3 man/xcb_xf86dri_get_device_info_unchecked.3 man/xcb_xf86dri_get_drawable_info.3 man/xcb_xf86dri_get_drawable_info_back_clip_rects.3 man/xcb_xf86dri_get_drawable_info_back_clip_rects_iterator.3 man/xcb_xf86dri_get_drawable_info_back_clip_rects_length.3 man/xcb_xf86dri_get_drawable_info_clip_rects.3 man/xcb_xf86dri_get_drawable_info_clip_rects_iterator.3 man/xcb_xf86dri_get_drawable_info_clip_rects_length.3 man/xcb_xf86dri_get_drawable_info_reply.3 man/xcb_xf86dri_get_drawable_info_unchecked.3 man/xcb_xf86dri_open_connection.3 man/xcb_xf86dri_open_connection_bus_id.3 man/xcb_xf86dri_open_connection_bus_id_end.3 man/xcb_xf86dri_open_connection_bus_id_length.3 man/xcb_xf86dri_open_connection_reply.3 man/xcb_xf86dri_open_connection_unchecked.3 man/xcb_xf86dri_query_direct_rendering_capable.3 man/xcb_xf86dri_query_direct_rendering_capable_reply.3 man/xcb_xf86dri_query_direct_rendering_capable_unchecked.3 man/xcb_xf86dri_query_version.3 man/xcb_xf86dri_query_version_reply.3 man/xcb_xf86dri_query_version_unchecked.3 man/xcb_xfixes_change_cursor.3 man/xcb_xfixes_change_cursor_by_name.3 man/xcb_xfixes_change_cursor_by_name_checked.3 man/xcb_xfixes_change_cursor_checked.3 man/xcb_xfixes_change_save_set.3 man/xcb_xfixes_change_save_set_checked.3 man/xcb_xfixes_copy_region.3 man/xcb_xfixes_copy_region_checked.3 man/xcb_xfixes_create_pointer_barrier.3 man/xcb_xfixes_create_pointer_barrier_checked.3 man/xcb_xfixes_create_region.3 man/xcb_xfixes_create_region_checked.3 man/xcb_xfixes_create_region_from_bitmap.3 man/xcb_xfixes_create_region_from_bitmap_checked.3 man/xcb_xfixes_create_region_from_gc.3 man/xcb_xfixes_create_region_from_gc_checked.3 man/xcb_xfixes_create_region_from_picture.3 '/home/builder/build/pkg/libxcb/usr/share/man/man3'
 /usr/bin/install -c -m 644 man/xcb_xfixes_create_region_from_picture_checked.3 man/xcb_xfixes_create_region_from_window.3 man/xcb_xfixes_create_region_from_window_checked.3 man/xcb_xfixes_cursor_notify_event_t.3 man/xcb_xfixes_delete_pointer_barrier.3 man/xcb_xfixes_delete_pointer_barrier_checked.3 man/xcb_xfixes_destroy_region.3 man/xcb_xfixes_destroy_region_checked.3 man/xcb_xfixes_expand_region.3 man/xcb_xfixes_expand_region_checked.3 man/xcb_xfixes_fetch_region.3 man/xcb_xfixes_fetch_region_rectangles.3 man/xcb_xfixes_fetch_region_rectangles_iterator.3 man/xcb_xfixes_fetch_region_rectangles_length.3 man/xcb_xfixes_fetch_region_reply.3 man/xcb_xfixes_fetch_region_unchecked.3 man/xcb_xfixes_get_client_disconnect_mode.3 man/xcb_xfixes_get_client_disconnect_mode_reply.3 man/xcb_xfixes_get_client_disconnect_mode_unchecked.3 man/xcb_xfixes_get_cursor_image.3 man/xcb_xfixes_get_cursor_image_and_name.3 man/xcb_xfixes_get_cursor_image_and_name_cursor_image.3 man/xcb_xfixes_get_cursor_image_and_name_cursor_image_end.3 man/xcb_xfixes_get_cursor_image_and_name_cursor_image_length.3 man/xcb_xfixes_get_cursor_image_and_name_name.3 man/xcb_xfixes_get_cursor_image_and_name_name_end.3 man/xcb_xfixes_get_cursor_image_and_name_name_length.3 man/xcb_xfixes_get_cursor_image_and_name_reply.3 man/xcb_xfixes_get_cursor_image_and_name_unchecked.3 man/xcb_xfixes_get_cursor_image_cursor_image.3 man/xcb_xfixes_get_cursor_image_cursor_image_end.3 man/xcb_xfixes_get_cursor_image_cursor_image_length.3 man/xcb_xfixes_get_cursor_image_reply.3 man/xcb_xfixes_get_cursor_image_unchecked.3 man/xcb_xfixes_get_cursor_name.3 man/xcb_xfixes_get_cursor_name_name.3 man/xcb_xfixes_get_cursor_name_name_end.3 man/xcb_xfixes_get_cursor_name_name_length.3 man/xcb_xfixes_get_cursor_name_reply.3 man/xcb_xfixes_get_cursor_name_unchecked.3 '/home/builder/build/pkg/libxcb/usr/share/man/man3'
libtool: install: /usr/bin/install -c .libs/libxcb-dri2.so.0.0.0T /home/builder/build/pkg/libxcb/usr/lib/libxcb-dri2.so.0.0.0
libtool: install: (cd /home/builder/build/pkg/libxcb/usr/lib && { ln -s -f libxcb-dri2.so.0.0.0 libxcb-dri2.so.0 || { rm -f libxcb-dri2.so.0 && ln -s libxcb-dri2.so.0.0.0 libxcb-dri2.so.0; }; })
 /usr/bin/install -c -m 644 man/xcb_xfixes_hide_cursor.3 man/xcb_xfixes_hide_cursor_checked.3 man/xcb_xfixes_intersect_region.3 man/xcb_xfixes_intersect_region_checked.3 man/xcb_xfixes_invert_region.3 man/xcb_xfixes_invert_region_checked.3 man/xcb_xfixes_query_version.3 man/xcb_xfixes_query_version_reply.3 man/xcb_xfixes_query_version_unchecked.3 man/xcb_xfixes_region_extents.3 man/xcb_xfixes_region_extents_checked.3 man/xcb_xfixes_select_cursor_input.3 man/xcb_xfixes_select_cursor_input_checked.3 man/xcb_xfixes_select_selection_input.3 man/xcb_xfixes_select_selection_input_checked.3 man/xcb_xfixes_selection_notify_event_t.3 man/xcb_xfixes_set_client_disconnect_mode.3 man/xcb_xfixes_set_client_disconnect_mode_checked.3 man/xcb_xfixes_set_cursor_name.3 man/xcb_xfixes_set_cursor_name_checked.3 man/xcb_xfixes_set_gc_clip_region.3 man/xcb_xfixes_set_gc_clip_region_checked.3 man/xcb_xfixes_set_picture_clip_region.3 man/xcb_xfixes_set_picture_clip_region_checked.3 man/xcb_xfixes_set_region.3 man/xcb_xfixes_set_region_checked.3 man/xcb_xfixes_set_window_shape_region.3 man/xcb_xfixes_set_window_shape_region_checked.3 man/xcb_xfixes_show_cursor.3 man/xcb_xfixes_show_cursor_checked.3 man/xcb_xfixes_subtract_region.3 man/xcb_xfixes_subtract_region_checked.3 man/xcb_xfixes_translate_region.3 man/xcb_xfixes_translate_region_checked.3 man/xcb_xfixes_union_region.3 man/xcb_xfixes_union_region_checked.3 man/xcb_xinerama_get_screen_count.3 man/xcb_xinerama_get_screen_count_reply.3 man/xcb_xinerama_get_screen_count_unchecked.3 man/xcb_xinerama_get_screen_size.3 '/home/builder/build/pkg/libxcb/usr/share/man/man3'
libtool: install: (cd /home/builder/build/pkg/libxcb/usr/lib && { ln -s -f libxcb-dri2.so.0.0.0 libxcb-dri2.so || { rm -f libxcb-dri2.so && ln -s libxcb-dri2.so.0.0.0 libxcb-dri2.so; }; })
libtool: install: /usr/bin/install -c .libs/libxcb-dri2.lai /home/builder/build/pkg/libxcb/usr/lib/libxcb-dri2.la
 /usr/bin/install -c -m 644 man/xcb_xinerama_get_screen_size_reply.3 man/xcb_xinerama_get_screen_size_unchecked.3 man/xcb_xinerama_get_state.3 man/xcb_xinerama_get_state_reply.3 man/xcb_xinerama_get_state_unchecked.3 man/xcb_xinerama_is_active.3 man/xcb_xinerama_is_active_reply.3 man/xcb_xinerama_is_active_unchecked.3 man/xcb_xinerama_query_screens.3 man/xcb_xinerama_query_screens_reply.3 man/xcb_xinerama_query_screens_screen_info.3 man/xcb_xinerama_query_screens_screen_info_iterator.3 man/xcb_xinerama_query_screens_screen_info_length.3 man/xcb_xinerama_query_screens_unchecked.3 man/xcb_xinerama_query_version.3 man/xcb_xinerama_query_version_reply.3 man/xcb_xinerama_query_version_unchecked.3 man/xcb_xkb_access_x_notify_event_t.3 man/xcb_xkb_action_message_event_t.3 man/xcb_xkb_bell.3 man/xcb_xkb_bell_checked.3 man/xcb_xkb_bell_notify_event_t.3 man/xcb_xkb_compat_map_notify_event_t.3 man/xcb_xkb_controls_notify_event_t.3 man/xcb_xkb_extension_device_notify_event_t.3 man/xcb_xkb_get_compat_map.3 man/xcb_xkb_get_compat_map_group_rtrn.3 man/xcb_xkb_get_compat_map_group_rtrn_iterator.3 man/xcb_xkb_get_compat_map_group_rtrn_length.3 man/xcb_xkb_get_compat_map_reply.3 man/xcb_xkb_get_compat_map_si_rtrn.3 man/xcb_xkb_get_compat_map_si_rtrn_iterator.3 man/xcb_xkb_get_compat_map_si_rtrn_length.3 man/xcb_xkb_get_compat_map_unchecked.3 man/xcb_xkb_get_controls.3 man/xcb_xkb_get_controls_reply.3 man/xcb_xkb_get_controls_unchecked.3 man/xcb_xkb_get_device_info.3 man/xcb_xkb_get_device_info_btn_actions.3 man/xcb_xkb_get_device_info_btn_actions_iterator.3 '/home/builder/build/pkg/libxcb/usr/share/man/man3'
libtool: warning: relinking 'libxcb-dri3.la'
libtool: install: (cd /home/builder/build/src/libxcb-1.17.0/src; /bin/sh "/home/builder/build/src/libxcb-1.17.0/libtool"  --silent --tag CC --mode=relink clang -Wall -Wpointer-arith -Wmissing-declarations -Wformat=2 -Wstrict-prototypes -Wmissing-prototypes -Wnested-externs -Wbad-function-cast -Wold-style-definition -Wdeclaration-after-statement -Wunused -Wuninitialized -Wshadow -Wmissing-noreturn -Wmissing-format-attribute -Wredundant-decls -Werror=implicit -Werror=nonnull -Werror=init-self -Werror=main -Werror=missing-braces -Werror=sequence-point -Werror=return-type -Werror=trigraphs -Werror=array-bounds -Werror=write-strings -Werror=address -Werror=int-to-pointer-cast -Werror=pointer-to-int-cast -march=x86-64-v3 -O2 -pipe -fno-plt -fexceptions -Wp,-D_FORTIFY_SOURCE=3 -fstack-clash-protection -fcf-protection -version-info 1:0:1 -no-undefined -Wl,-O1 -Wl,--sort-common -Wl,--as-needed -Wl,-z,relro -Wl,-z,now -Wl,--undefined-version -Wl,--hash-style=gnu -Wl,--compress-debug-sections=zstd -o libxcb-dri3.la -rpath /usr/lib dri3.lo libxcb.la -inst-prefix-dir /home/builder/build/pkg/libxcb)
 /usr/bin/install -c -m 644 man/xcb_xkb_get_device_info_btn_actions_length.3 man/xcb_xkb_get_device_info_leds_iterator.3 man/xcb_xkb_get_device_info_leds_length.3 man/xcb_xkb_get_device_info_name.3 man/xcb_xkb_get_device_info_name_end.3 man/xcb_xkb_get_device_info_name_length.3 man/xcb_xkb_get_device_info_pad_1.3 man/xcb_xkb_get_device_info_reply.3 man/xcb_xkb_get_device_info_unchecked.3 man/xcb_xkb_get_indicator_map.3 man/xcb_xkb_get_indicator_map_maps.3 man/xcb_xkb_get_indicator_map_maps_iterator.3 man/xcb_xkb_get_indicator_map_maps_length.3 man/xcb_xkb_get_indicator_map_reply.3 man/xcb_xkb_get_indicator_map_unchecked.3 man/xcb_xkb_get_indicator_state.3 man/xcb_xkb_get_indicator_state_reply.3 man/xcb_xkb_get_indicator_state_unchecked.3 man/xcb_xkb_get_kbd_by_name.3 man/xcb_xkb_get_kbd_by_name_replies.3 man/xcb_xkb_get_kbd_by_name_reply.3 man/xcb_xkb_get_kbd_by_name_unchecked.3 man/xcb_xkb_get_map.3 man/xcb_xkb_get_map_map.3 man/xcb_xkb_get_map_reply.3 man/xcb_xkb_get_map_unchecked.3 man/xcb_xkb_get_named_indicator.3 man/xcb_xkb_get_named_indicator_reply.3 man/xcb_xkb_get_named_indicator_unchecked.3 man/xcb_xkb_get_names.3 man/xcb_xkb_get_names_reply.3 man/xcb_xkb_get_names_unchecked.3 man/xcb_xkb_get_names_value_list.3 man/xcb_xkb_get_state.3 man/xcb_xkb_get_state_reply.3 man/xcb_xkb_get_state_unchecked.3 man/xcb_xkb_indicator_map_notify_event_t.3 man/xcb_xkb_indicator_state_notify_event_t.3 man/xcb_xkb_latch_lock_state.3 man/xcb_xkb_latch_lock_state_checked.3 '/home/builder/build/pkg/libxcb/usr/share/man/man3'
 /usr/bin/install -c -m 644 man/xcb_xkb_list_components.3 man/xcb_xkb_list_components_compat_maps_iterator.3 man/xcb_xkb_list_components_compat_maps_length.3 man/xcb_xkb_list_components_geometries_iterator.3 man/xcb_xkb_list_components_geometries_length.3 man/xcb_xkb_list_components_keycodes_iterator.3 man/xcb_xkb_list_components_keycodes_length.3 man/xcb_xkb_list_components_keymaps_iterator.3 man/xcb_xkb_list_components_keymaps_length.3 man/xcb_xkb_list_components_reply.3 man/xcb_xkb_list_components_symbols_iterator.3 man/xcb_xkb_list_components_symbols_length.3 man/xcb_xkb_list_components_types_iterator.3 man/xcb_xkb_list_components_types_length.3 man/xcb_xkb_list_components_unchecked.3 man/xcb_xkb_map_notify_event_t.3 man/xcb_xkb_names_notify_event_t.3 man/xcb_xkb_new_keyboard_notify_event_t.3 man/xcb_xkb_per_client_flags.3 man/xcb_xkb_per_client_flags_reply.3 man/xcb_xkb_per_client_flags_unchecked.3 man/xcb_xkb_select_events.3 man/xcb_xkb_select_events_checked.3 man/xcb_xkb_set_compat_map.3 man/xcb_xkb_set_compat_map_checked.3 man/xcb_xkb_set_controls.3 man/xcb_xkb_set_controls_checked.3 man/xcb_xkb_set_debugging_flags.3 man/xcb_xkb_set_debugging_flags_reply.3 man/xcb_xkb_set_debugging_flags_unchecked.3 man/xcb_xkb_set_device_info.3 man/xcb_xkb_set_device_info_checked.3 man/xcb_xkb_set_indicator_map.3 man/xcb_xkb_set_indicator_map_checked.3 man/xcb_xkb_set_map.3 man/xcb_xkb_set_map_checked.3 man/xcb_xkb_set_named_indicator.3 man/xcb_xkb_set_named_indicator_checked.3 man/xcb_xkb_set_names.3 man/xcb_xkb_set_names_checked.3 '/home/builder/build/pkg/libxcb/usr/share/man/man3'
 /usr/bin/install -c -m 644 man/xcb_xkb_state_notify_event_t.3 man/xcb_xkb_use_extension.3 man/xcb_xkb_use_extension_reply.3 man/xcb_xkb_use_extension_unchecked.3 man/xcb_xv_get_port_attribute.3 man/xcb_xv_get_port_attribute_reply.3 man/xcb_xv_get_port_attribute_unchecked.3 man/xcb_xv_get_still.3 man/xcb_xv_get_still_checked.3 man/xcb_xv_get_video.3 man/xcb_xv_get_video_checked.3 man/xcb_xv_grab_port.3 man/xcb_xv_grab_port_reply.3 man/xcb_xv_grab_port_unchecked.3 man/xcb_xv_list_image_formats.3 man/xcb_xv_list_image_formats_format.3 man/xcb_xv_list_image_formats_format_iterator.3 man/xcb_xv_list_image_formats_format_length.3 man/xcb_xv_list_image_formats_reply.3 man/xcb_xv_list_image_formats_unchecked.3 man/xcb_xv_port_notify_event_t.3 man/xcb_xv_put_image.3 man/xcb_xv_put_image_checked.3 man/xcb_xv_put_still.3 man/xcb_xv_put_still_checked.3 man/xcb_xv_put_video.3 man/xcb_xv_put_video_checked.3 man/xcb_xv_query_adaptors.3 man/xcb_xv_query_adaptors_info_iterator.3 man/xcb_xv_query_adaptors_info_length.3 man/xcb_xv_query_adaptors_reply.3 man/xcb_xv_query_adaptors_unchecked.3 man/xcb_xv_query_best_size.3 man/xcb_xv_query_best_size_reply.3 man/xcb_xv_query_best_size_unchecked.3 man/xcb_xv_query_encodings.3 man/xcb_xv_query_encodings_info_iterator.3 man/xcb_xv_query_encodings_info_length.3 man/xcb_xv_query_encodings_reply.3 man/xcb_xv_query_encodings_unchecked.3 '/home/builder/build/pkg/libxcb/usr/share/man/man3'
 /usr/bin/install -c -m 644 man/xcb_xv_query_extension.3 man/xcb_xv_query_extension_reply.3 man/xcb_xv_query_extension_unchecked.3 man/xcb_xv_query_image_attributes.3 man/xcb_xv_query_image_attributes_offsets.3 man/xcb_xv_query_image_attributes_offsets_end.3 man/xcb_xv_query_image_attributes_offsets_length.3 man/xcb_xv_query_image_attributes_pitches.3 man/xcb_xv_query_image_attributes_pitches_end.3 man/xcb_xv_query_image_attributes_pitches_length.3 man/xcb_xv_query_image_attributes_reply.3 man/xcb_xv_query_image_attributes_unchecked.3 man/xcb_xv_query_port_attributes.3 man/xcb_xv_query_port_attributes_attributes_iterator.3 man/xcb_xv_query_port_attributes_attributes_length.3 man/xcb_xv_query_port_attributes_reply.3 man/xcb_xv_query_port_attributes_unchecked.3 man/xcb_xv_select_port_notify.3 man/xcb_xv_select_port_notify_checked.3 man/xcb_xv_select_video_notify.3 man/xcb_xv_select_video_notify_checked.3 man/xcb_xv_set_port_attribute.3 man/xcb_xv_set_port_attribute_checked.3 man/xcb_xv_shm_put_image.3 man/xcb_xv_shm_put_image_checked.3 man/xcb_xv_stop_video.3 man/xcb_xv_stop_video_checked.3 man/xcb_xv_ungrab_port.3 man/xcb_xv_ungrab_port_checked.3 man/xcb_xv_video_notify_event_t.3 man/xcb_xvmc_create_context.3 man/xcb_xvmc_create_context_priv_data.3 man/xcb_xvmc_create_context_priv_data_end.3 man/xcb_xvmc_create_context_priv_data_length.3 man/xcb_xvmc_create_context_reply.3 man/xcb_xvmc_create_context_unchecked.3 man/xcb_xvmc_create_subpicture.3 man/xcb_xvmc_create_subpicture_priv_data.3 man/xcb_xvmc_create_subpicture_priv_data_end.3 man/xcb_xvmc_create_subpicture_priv_data_length.3 '/home/builder/build/pkg/libxcb/usr/share/man/man3'
 /usr/bin/install -c -m 644 man/xcb_xvmc_create_subpicture_reply.3 man/xcb_xvmc_create_subpicture_unchecked.3 man/xcb_xvmc_create_surface.3 man/xcb_xvmc_create_surface_priv_data.3 man/xcb_xvmc_create_surface_priv_data_end.3 man/xcb_xvmc_create_surface_priv_data_length.3 man/xcb_xvmc_create_surface_reply.3 man/xcb_xvmc_create_surface_unchecked.3 man/xcb_xvmc_destroy_context.3 man/xcb_xvmc_destroy_context_checked.3 man/xcb_xvmc_destroy_subpicture.3 man/xcb_xvmc_destroy_subpicture_checked.3 man/xcb_xvmc_destroy_surface.3 man/xcb_xvmc_destroy_surface_checked.3 man/xcb_xvmc_list_subpicture_types.3 man/xcb_xvmc_list_subpicture_types_reply.3 man/xcb_xvmc_list_subpicture_types_types.3 man/xcb_xvmc_list_subpicture_types_types_iterator.3 man/xcb_xvmc_list_subpicture_types_types_length.3 man/xcb_xvmc_list_subpicture_types_unchecked.3 man/xcb_xvmc_list_surface_types.3 man/xcb_xvmc_list_surface_types_reply.3 man/xcb_xvmc_list_surface_types_surfaces.3 man/xcb_xvmc_list_surface_types_surfaces_iterator.3 man/xcb_xvmc_list_surface_types_surfaces_length.3 man/xcb_xvmc_list_surface_types_unchecked.3 man/xcb_xvmc_query_version.3 man/xcb_xvmc_query_version_reply.3 man/xcb_xvmc_query_version_unchecked.3 '/home/builder/build/pkg/libxcb/usr/share/man/man3'
libtool: install: /usr/bin/install -c .libs/libxcb-dri3.so.0.1.0T /home/builder/build/pkg/libxcb/usr/lib/libxcb-dri3.so.0.1.0
libtool: install: (cd /home/builder/build/pkg/libxcb/usr/lib && { ln -s -f libxcb-dri3.so.0.1.0 libxcb-dri3.so.0 || { rm -f libxcb-dri3.so.0 && ln -s libxcb-dri3.so.0.1.0 libxcb-dri3.so.0; }; })
libtool: install: (cd /home/builder/build/pkg/libxcb/usr/lib && { ln -s -f libxcb-dri3.so.0.1.0 libxcb-dri3.so || { rm -f libxcb-dri3.so && ln -s libxcb-dri3.so.0.1.0 libxcb-dri3.so; }; })
libtool: install: /usr/bin/install -c .libs/libxcb-dri3.lai /home/builder/build/pkg/libxcb/usr/lib/libxcb-dri3.la
libtool: warning: relinking 'libxcb-present.la'
libtool: install: (cd /home/builder/build/src/libxcb-1.17.0/src; /bin/sh "/home/builder/build/src/libxcb-1.17.0/libtool"  --silent --tag CC --mode=relink clang -Wall -Wpointer-arith -Wmissing-declarations -Wformat=2 -Wstrict-prototypes -Wmissing-prototypes -Wnested-externs -Wbad-function-cast -Wold-style-definition -Wdeclaration-after-statement -Wunused -Wuninitialized -Wshadow -Wmissing-noreturn -Wmissing-format-attribute -Wredundant-decls -Werror=implicit -Werror=nonnull -Werror=init-self -Werror=main -Werror=missing-braces -Werror=sequence-point -Werror=return-type -Werror=trigraphs -Werror=array-bounds -Werror=write-strings -Werror=address -Werror=int-to-pointer-cast -Werror=pointer-to-int-cast -march=x86-64-v3 -O2 -pipe -fno-plt -fexceptions -Wp,-D_FORTIFY_SOURCE=3 -fstack-clash-protection -fcf-protection -version-info 0:0:0 -no-undefined -Wl,-O1 -Wl,--sort-common -Wl,--as-needed -Wl,-z,relro -Wl,-z,now -Wl,--undefined-version -Wl,--hash-style=gnu -Wl,--compress-debug-sections=zstd -o libxcb-present.la -rpath /usr/lib present.lo libxcb.la -inst-prefix-dir /home/builder/build/pkg/libxcb)
libtool: install: /usr/bin/install -c .libs/libxcb-present.so.0.0.0T /home/builder/build/pkg/libxcb/usr/lib/libxcb-present.so.0.0.0
libtool: install: (cd /home/builder/build/pkg/libxcb/usr/lib && { ln -s -f libxcb-present.so.0.0.0 libxcb-present.so.0 || { rm -f libxcb-present.so.0 && ln -s libxcb-present.so.0.0.0 libxcb-present.so.0; }; })
libtool: install: (cd /home/builder/build/pkg/libxcb/usr/lib && { ln -s -f libxcb-present.so.0.0.0 libxcb-present.so || { rm -f libxcb-present.so && ln -s libxcb-present.so.0.0.0 libxcb-present.so; }; })
libtool: install: /usr/bin/install -c .libs/libxcb-present.lai /home/builder/build/pkg/libxcb/usr/lib/libxcb-present.la
libtool: warning: relinking 'libxcb-glx.la'
libtool: install: (cd /home/builder/build/src/libxcb-1.17.0/src; /bin/sh "/home/builder/build/src/libxcb-1.17.0/libtool"  --silent --tag CC --mode=relink clang -Wall -Wpointer-arith -Wmissing-declarations -Wformat=2 -Wstrict-prototypes -Wmissing-prototypes -Wnested-externs -Wbad-function-cast -Wold-style-definition -Wdeclaration-after-statement -Wunused -Wuninitialized -Wshadow -Wmissing-noreturn -Wmissing-format-attribute -Wredundant-decls -Werror=implicit -Werror=nonnull -Werror=init-self -Werror=main -Werror=missing-braces -Werror=sequence-point -Werror=return-type -Werror=trigraphs -Werror=array-bounds -Werror=write-strings -Werror=address -Werror=int-to-pointer-cast -Werror=pointer-to-int-cast -march=x86-64-v3 -O2 -pipe -fno-plt -fexceptions -Wp,-D_FORTIFY_SOURCE=3 -fstack-clash-protection -fcf-protection -version-info 0:0:0 -no-undefined -Wl,-O1 -Wl,--sort-common -Wl,--as-needed -Wl,-z,relro -Wl,-z,now -Wl,--undefined-version -Wl,--hash-style=gnu -Wl,--compress-debug-sections=zstd -o libxcb-glx.la -rpath /usr/lib glx.lo libxcb.la -inst-prefix-dir /home/builder/build/pkg/libxcb)
libtool: install: /usr/bin/install -c .libs/libxcb-glx.so.0.0.0T /home/builder/build/pkg/libxcb/usr/lib/libxcb-glx.so.0.0.0
libtool: install: (cd /home/builder/build/pkg/libxcb/usr/lib && { ln -s -f libxcb-glx.so.0.0.0 libxcb-glx.so.0 || { rm -f libxcb-glx.so.0 && ln -s libxcb-glx.so.0.0.0 libxcb-glx.so.0; }; })
libtool: install: (cd /home/builder/build/pkg/libxcb/usr/lib && { ln -s -f libxcb-glx.so.0.0.0 libxcb-glx.so || { rm -f libxcb-glx.so && ln -s libxcb-glx.so.0.0.0 libxcb-glx.so; }; })
libtool: install: /usr/bin/install -c .libs/libxcb-glx.lai /home/builder/build/pkg/libxcb/usr/lib/libxcb-glx.la
libtool: warning: relinking 'libxcb-randr.la'
libtool: install: (cd /home/builder/build/src/libxcb-1.17.0/src; /bin/sh "/home/builder/build/src/libxcb-1.17.0/libtool"  --silent --tag CC --mode=relink clang -Wall -Wpointer-arith -Wmissing-declarations -Wformat=2 -Wstrict-prototypes -Wmissing-prototypes -Wnested-externs -Wbad-function-cast -Wold-style-definition -Wdeclaration-after-statement -Wunused -Wuninitialized -Wshadow -Wmissing-noreturn -Wmissing-format-attribute -Wredundant-decls -Werror=implicit -Werror=nonnull -Werror=init-self -Werror=main -Werror=missing-braces -Werror=sequence-point -Werror=return-type -Werror=trigraphs -Werror=array-bounds -Werror=write-strings -Werror=address -Werror=int-to-pointer-cast -Werror=pointer-to-int-cast -march=x86-64-v3 -O2 -pipe -fno-plt -fexceptions -Wp,-D_FORTIFY_SOURCE=3 -fstack-clash-protection -fcf-protection -version-info 1:0:1 -no-undefined -Wl,-O1 -Wl,--sort-common -Wl,--as-needed -Wl,-z,relro -Wl,-z,now -Wl,--undefined-version -Wl,--hash-style=gnu -Wl,--compress-debug-sections=zstd -o libxcb-randr.la -rpath /usr/lib randr.lo libxcb.la -inst-prefix-dir /home/builder/build/pkg/libxcb)
libtool: install: /usr/bin/install -c .libs/libxcb-randr.so.0.1.0T /home/builder/build/pkg/libxcb/usr/lib/libxcb-randr.so.0.1.0
libtool: install: (cd /home/builder/build/pkg/libxcb/usr/lib && { ln -s -f libxcb-randr.so.0.1.0 libxcb-randr.so.0 || { rm -f libxcb-randr.so.0 && ln -s libxcb-randr.so.0.1.0 libxcb-randr.so.0; }; })
libtool: install: (cd /home/builder/build/pkg/libxcb/usr/lib && { ln -s -f libxcb-randr.so.0.1.0 libxcb-randr.so || { rm -f libxcb-randr.so && ln -s libxcb-randr.so.0.1.0 libxcb-randr.so; }; })
libtool: install: /usr/bin/install -c .libs/libxcb-randr.lai /home/builder/build/pkg/libxcb/usr/lib/libxcb-randr.la
libtool: warning: relinking 'libxcb-record.la'
libtool: install: (cd /home/builder/build/src/libxcb-1.17.0/src; /bin/sh "/home/builder/build/src/libxcb-1.17.0/libtool"  --silent --tag CC --mode=relink clang -Wall -Wpointer-arith -Wmissing-declarations -Wformat=2 -Wstrict-prototypes -Wmissing-prototypes -Wnested-externs -Wbad-function-cast -Wold-style-definition -Wdeclaration-after-statement -Wunused -Wuninitialized -Wshadow -Wmissing-noreturn -Wmissing-format-attribute -Wredundant-decls -Werror=implicit -Werror=nonnull -Werror=init-self -Werror=main -Werror=missing-braces -Werror=sequence-point -Werror=return-type -Werror=trigraphs -Werror=array-bounds -Werror=write-strings -Werror=address -Werror=int-to-pointer-cast -Werror=pointer-to-int-cast -march=x86-64-v3 -O2 -pipe -fno-plt -fexceptions -Wp,-D_FORTIFY_SOURCE=3 -fstack-clash-protection -fcf-protection -version-info 0:0:0 -no-undefined -Wl,-O1 -Wl,--sort-common -Wl,--as-needed -Wl,-z,relro -Wl,-z,now -Wl,--undefined-version -Wl,--hash-style=gnu -Wl,--compress-debug-sections=zstd -o libxcb-record.la -rpath /usr/lib record.lo libxcb.la -inst-prefix-dir /home/builder/build/pkg/libxcb)
libtool: install: /usr/bin/install -c .libs/libxcb-record.so.0.0.0T /home/builder/build/pkg/libxcb/usr/lib/libxcb-record.so.0.0.0
libtool: install: (cd /home/builder/build/pkg/libxcb/usr/lib && { ln -s -f libxcb-record.so.0.0.0 libxcb-record.so.0 || { rm -f libxcb-record.so.0 && ln -s libxcb-record.so.0.0.0 libxcb-record.so.0; }; })
libtool: install: (cd /home/builder/build/pkg/libxcb/usr/lib && { ln -s -f libxcb-record.so.0.0.0 libxcb-record.so || { rm -f libxcb-record.so && ln -s libxcb-record.so.0.0.0 libxcb-record.so; }; })
libtool: install: /usr/bin/install -c .libs/libxcb-record.lai /home/builder/build/pkg/libxcb/usr/lib/libxcb-record.la
libtool: warning: relinking 'libxcb-render.la'
libtool: install: (cd /home/builder/build/src/libxcb-1.17.0/src; /bin/sh "/home/builder/build/src/libxcb-1.17.0/libtool"  --silent --tag CC --mode=relink clang -Wall -Wpointer-arith -Wmissing-declarations -Wformat=2 -Wstrict-prototypes -Wmissing-prototypes -Wnested-externs -Wbad-function-cast -Wold-style-definition -Wdeclaration-after-statement -Wunused -Wuninitialized -Wshadow -Wmissing-noreturn -Wmissing-format-attribute -Wredundant-decls -Werror=implicit -Werror=nonnull -Werror=init-self -Werror=main -Werror=missing-braces -Werror=sequence-point -Werror=return-type -Werror=trigraphs -Werror=array-bounds -Werror=write-strings -Werror=address -Werror=int-to-pointer-cast -Werror=pointer-to-int-cast -march=x86-64-v3 -O2 -pipe -fno-plt -fexceptions -Wp,-D_FORTIFY_SOURCE=3 -fstack-clash-protection -fcf-protection -version-info 0:0:0 -no-undefined -Wl,-O1 -Wl,--sort-common -Wl,--as-needed -Wl,-z,relro -Wl,-z,now -Wl,--undefined-version -Wl,--hash-style=gnu -Wl,--compress-debug-sections=zstd -o libxcb-render.la -rpath /usr/lib render.lo libxcb.la -inst-prefix-dir /home/builder/build/pkg/libxcb)
libtool: install: /usr/bin/install -c .libs/libxcb-render.so.0.0.0T /home/builder/build/pkg/libxcb/usr/lib/libxcb-render.so.0.0.0
libtool: install: (cd /home/builder/build/pkg/libxcb/usr/lib && { ln -s -f libxcb-render.so.0.0.0 libxcb-render.so.0 || { rm -f libxcb-render.so.0 && ln -s libxcb-render.so.0.0.0 libxcb-render.so.0; }; })
libtool: install: (cd /home/builder/build/pkg/libxcb/usr/lib && { ln -s -f libxcb-render.so.0.0.0 libxcb-render.so || { rm -f libxcb-render.so && ln -s libxcb-render.so.0.0.0 libxcb-render.so; }; })
libtool: install: /usr/bin/install -c .libs/libxcb-render.lai /home/builder/build/pkg/libxcb/usr/lib/libxcb-render.la
libtool: warning: relinking 'libxcb-res.la'
libtool: install: (cd /home/builder/build/src/libxcb-1.17.0/src; /bin/sh "/home/builder/build/src/libxcb-1.17.0/libtool"  --silent --tag CC --mode=relink clang -Wall -Wpointer-arith -Wmissing-declarations -Wformat=2 -Wstrict-prototypes -Wmissing-prototypes -Wnested-externs -Wbad-function-cast -Wold-style-definition -Wdeclaration-after-statement -Wunused -Wuninitialized -Wshadow -Wmissing-noreturn -Wmissing-format-attribute -Wredundant-decls -Werror=implicit -Werror=nonnull -Werror=init-self -Werror=main -Werror=missing-braces -Werror=sequence-point -Werror=return-type -Werror=trigraphs -Werror=array-bounds -Werror=write-strings -Werror=address -Werror=int-to-pointer-cast -Werror=pointer-to-int-cast -march=x86-64-v3 -O2 -pipe -fno-plt -fexceptions -Wp,-D_FORTIFY_SOURCE=3 -fstack-clash-protection -fcf-protection -version-info 0:0:0 -no-undefined -Wl,-O1 -Wl,--sort-common -Wl,--as-needed -Wl,-z,relro -Wl,-z,now -Wl,--undefined-version -Wl,--hash-style=gnu -Wl,--compress-debug-sections=zstd -o libxcb-res.la -rpath /usr/lib res.lo libxcb.la -inst-prefix-dir /home/builder/build/pkg/libxcb)
libtool: install: /usr/bin/install -c .libs/libxcb-res.so.0.0.0T /home/builder/build/pkg/libxcb/usr/lib/libxcb-res.so.0.0.0
libtool: install: (cd /home/builder/build/pkg/libxcb/usr/lib && { ln -s -f libxcb-res.so.0.0.0 libxcb-res.so.0 || { rm -f libxcb-res.so.0 && ln -s libxcb-res.so.0.0.0 libxcb-res.so.0; }; })
libtool: install: (cd /home/builder/build/pkg/libxcb/usr/lib && { ln -s -f libxcb-res.so.0.0.0 libxcb-res.so || { rm -f libxcb-res.so && ln -s libxcb-res.so.0.0.0 libxcb-res.so; }; })
libtool: install: /usr/bin/install -c .libs/libxcb-res.lai /home/builder/build/pkg/libxcb/usr/lib/libxcb-res.la
libtool: warning: relinking 'libxcb-screensaver.la'
libtool: install: (cd /home/builder/build/src/libxcb-1.17.0/src; /bin/sh "/home/builder/build/src/libxcb-1.17.0/libtool"  --silent --tag CC --mode=relink clang -Wall -Wpointer-arith -Wmissing-declarations -Wformat=2 -Wstrict-prototypes -Wmissing-prototypes -Wnested-externs -Wbad-function-cast -Wold-style-definition -Wdeclaration-after-statement -Wunused -Wuninitialized -Wshadow -Wmissing-noreturn -Wmissing-format-attribute -Wredundant-decls -Werror=implicit -Werror=nonnull -Werror=init-self -Werror=main -Werror=missing-braces -Werror=sequence-point -Werror=return-type -Werror=trigraphs -Werror=array-bounds -Werror=write-strings -Werror=address -Werror=int-to-pointer-cast -Werror=pointer-to-int-cast -march=x86-64-v3 -O2 -pipe -fno-plt -fexceptions -Wp,-D_FORTIFY_SOURCE=3 -fstack-clash-protection -fcf-protection -version-info 0:0:0 -no-undefined -Wl,-O1 -Wl,--sort-common -Wl,--as-needed -Wl,-z,relro -Wl,-z,now -Wl,--undefined-version -Wl,--hash-style=gnu -Wl,--compress-debug-sections=zstd -o libxcb-screensaver.la -rpath /usr/lib screensaver.lo libxcb.la -inst-prefix-dir /home/builder/build/pkg/libxcb)
libtool: install: /usr/bin/install -c .libs/libxcb-screensaver.so.0.0.0T /home/builder/build/pkg/libxcb/usr/lib/libxcb-screensaver.so.0.0.0
libtool: install: (cd /home/builder/build/pkg/libxcb/usr/lib && { ln -s -f libxcb-screensaver.so.0.0.0 libxcb-screensaver.so.0 || { rm -f libxcb-screensaver.so.0 && ln -s libxcb-screensaver.so.0.0.0 libxcb-screensaver.so.0; }; })
libtool: install: (cd /home/builder/build/pkg/libxcb/usr/lib && { ln -s -f libxcb-screensaver.so.0.0.0 libxcb-screensaver.so || { rm -f libxcb-screensaver.so && ln -s libxcb-screensaver.so.0.0.0 libxcb-screensaver.so; }; })
libtool: install: /usr/bin/install -c .libs/libxcb-screensaver.lai /home/builder/build/pkg/libxcb/usr/lib/libxcb-screensaver.la
libtool: warning: relinking 'libxcb-shape.la'
libtool: install: (cd /home/builder/build/src/libxcb-1.17.0/src; /bin/sh "/home/builder/build/src/libxcb-1.17.0/libtool"  --silent --tag CC --mode=relink clang -Wall -Wpointer-arith -Wmissing-declarations -Wformat=2 -Wstrict-prototypes -Wmissing-prototypes -Wnested-externs -Wbad-function-cast -Wold-style-definition -Wdeclaration-after-statement -Wunused -Wuninitialized -Wshadow -Wmissing-noreturn -Wmissing-format-attribute -Wredundant-decls -Werror=implicit -Werror=nonnull -Werror=init-self -Werror=main -Werror=missing-braces -Werror=sequence-point -Werror=return-type -Werror=trigraphs -Werror=array-bounds -Werror=write-strings -Werror=address -Werror=int-to-pointer-cast -Werror=pointer-to-int-cast -march=x86-64-v3 -O2 -pipe -fno-plt -fexceptions -Wp,-D_FORTIFY_SOURCE=3 -fstack-clash-protection -fcf-protection -version-info 0:0:0 -no-undefined -Wl,-O1 -Wl,--sort-common -Wl,--as-needed -Wl,-z,relro -Wl,-z,now -Wl,--undefined-version -Wl,--hash-style=gnu -Wl,--compress-debug-sections=zstd -o libxcb-shape.la -rpath /usr/lib shape.lo libxcb.la -inst-prefix-dir /home/builder/build/pkg/libxcb)
libtool: install: /usr/bin/install -c .libs/libxcb-shape.so.0.0.0T /home/builder/build/pkg/libxcb/usr/lib/libxcb-shape.so.0.0.0
libtool: install: (cd /home/builder/build/pkg/libxcb/usr/lib && { ln -s -f libxcb-shape.so.0.0.0 libxcb-shape.so.0 || { rm -f libxcb-shape.so.0 && ln -s libxcb-shape.so.0.0.0 libxcb-shape.so.0; }; })
libtool: install: (cd /home/builder/build/pkg/libxcb/usr/lib && { ln -s -f libxcb-shape.so.0.0.0 libxcb-shape.so || { rm -f libxcb-shape.so && ln -s libxcb-shape.so.0.0.0 libxcb-shape.so; }; })
libtool: install: /usr/bin/install -c .libs/libxcb-shape.lai /home/builder/build/pkg/libxcb/usr/lib/libxcb-shape.la
libtool: warning: relinking 'libxcb-shm.la'
libtool: install: (cd /home/builder/build/src/libxcb-1.17.0/src; /bin/sh "/home/builder/build/src/libxcb-1.17.0/libtool"  --silent --tag CC --mode=relink clang -Wall -Wpointer-arith -Wmissing-declarations -Wformat=2 -Wstrict-prototypes -Wmissing-prototypes -Wnested-externs -Wbad-function-cast -Wold-style-definition -Wdeclaration-after-statement -Wunused -Wuninitialized -Wshadow -Wmissing-noreturn -Wmissing-format-attribute -Wredundant-decls -Werror=implicit -Werror=nonnull -Werror=init-self -Werror=main -Werror=missing-braces -Werror=sequence-point -Werror=return-type -Werror=trigraphs -Werror=array-bounds -Werror=write-strings -Werror=address -Werror=int-to-pointer-cast -Werror=pointer-to-int-cast -march=x86-64-v3 -O2 -pipe -fno-plt -fexceptions -Wp,-D_FORTIFY_SOURCE=3 -fstack-clash-protection -fcf-protection -version-info 0:0:0 -no-undefined -Wl,-O1 -Wl,--sort-common -Wl,--as-needed -Wl,-z,relro -Wl,-z,now -Wl,--undefined-version -Wl,--hash-style=gnu -Wl,--compress-debug-sections=zstd -o libxcb-shm.la -rpath /usr/lib shm.lo libxcb.la -inst-prefix-dir /home/builder/build/pkg/libxcb)
libtool: install: /usr/bin/install -c .libs/libxcb-shm.so.0.0.0T /home/builder/build/pkg/libxcb/usr/lib/libxcb-shm.so.0.0.0
libtool: install: (cd /home/builder/build/pkg/libxcb/usr/lib && { ln -s -f libxcb-shm.so.0.0.0 libxcb-shm.so.0 || { rm -f libxcb-shm.so.0 && ln -s libxcb-shm.so.0.0.0 libxcb-shm.so.0; }; })
libtool: install: (cd /home/builder/build/pkg/libxcb/usr/lib && { ln -s -f libxcb-shm.so.0.0.0 libxcb-shm.so || { rm -f libxcb-shm.so && ln -s libxcb-shm.so.0.0.0 libxcb-shm.so; }; })
libtool: install: /usr/bin/install -c .libs/libxcb-shm.lai /home/builder/build/pkg/libxcb/usr/lib/libxcb-shm.la
libtool: warning: relinking 'libxcb-sync.la'
libtool: install: (cd /home/builder/build/src/libxcb-1.17.0/src; /bin/sh "/home/builder/build/src/libxcb-1.17.0/libtool"  --silent --tag CC --mode=relink clang -Wall -Wpointer-arith -Wmissing-declarations -Wformat=2 -Wstrict-prototypes -Wmissing-prototypes -Wnested-externs -Wbad-function-cast -Wold-style-definition -Wdeclaration-after-statement -Wunused -Wuninitialized -Wshadow -Wmissing-noreturn -Wmissing-format-attribute -Wredundant-decls -Werror=implicit -Werror=nonnull -Werror=init-self -Werror=main -Werror=missing-braces -Werror=sequence-point -Werror=return-type -Werror=trigraphs -Werror=array-bounds -Werror=write-strings -Werror=address -Werror=int-to-pointer-cast -Werror=pointer-to-int-cast -march=x86-64-v3 -O2 -pipe -fno-plt -fexceptions -Wp,-D_FORTIFY_SOURCE=3 -fstack-clash-protection -fcf-protection -version-info 1:0:0 -no-undefined -Wl,-O1 -Wl,--sort-common -Wl,--as-needed -Wl,-z,relro -Wl,-z,now -Wl,--undefined-version -Wl,--hash-style=gnu -Wl,--compress-debug-sections=zstd -o libxcb-sync.la -rpath /usr/lib sync.lo libxcb.la -inst-prefix-dir /home/builder/build/pkg/libxcb)
libtool: install: /usr/bin/install -c .libs/libxcb-sync.so.1.0.0T /home/builder/build/pkg/libxcb/usr/lib/libxcb-sync.so.1.0.0
libtool: install: (cd /home/builder/build/pkg/libxcb/usr/lib && { ln -s -f libxcb-sync.so.1.0.0 libxcb-sync.so.1 || { rm -f libxcb-sync.so.1 && ln -s libxcb-sync.so.1.0.0 libxcb-sync.so.1; }; })
libtool: install: (cd /home/builder/build/pkg/libxcb/usr/lib && { ln -s -f libxcb-sync.so.1.0.0 libxcb-sync.so || { rm -f libxcb-sync.so && ln -s libxcb-sync.so.1.0.0 libxcb-sync.so; }; })
libtool: install: /usr/bin/install -c .libs/libxcb-sync.lai /home/builder/build/pkg/libxcb/usr/lib/libxcb-sync.la
libtool: warning: relinking 'libxcb-xf86dri.la'
libtool: install: (cd /home/builder/build/src/libxcb-1.17.0/src; /bin/sh "/home/builder/build/src/libxcb-1.17.0/libtool"  --silent --tag CC --mode=relink clang -Wall -Wpointer-arith -Wmissing-declarations -Wformat=2 -Wstrict-prototypes -Wmissing-prototypes -Wnested-externs -Wbad-function-cast -Wold-style-definition -Wdeclaration-after-statement -Wunused -Wuninitialized -Wshadow -Wmissing-noreturn -Wmissing-format-attribute -Wredundant-decls -Werror=implicit -Werror=nonnull -Werror=init-self -Werror=main -Werror=missing-braces -Werror=sequence-point -Werror=return-type -Werror=trigraphs -Werror=array-bounds -Werror=write-strings -Werror=address -Werror=int-to-pointer-cast -Werror=pointer-to-int-cast -march=x86-64-v3 -O2 -pipe -fno-plt -fexceptions -Wp,-D_FORTIFY_SOURCE=3 -fstack-clash-protection -fcf-protection -version-info 0:0:0 -no-undefined -Wl,-O1 -Wl,--sort-common -Wl,--as-needed -Wl,-z,relro -Wl,-z,now -Wl,--undefined-version -Wl,--hash-style=gnu -Wl,--compress-debug-sections=zstd -o libxcb-xf86dri.la -rpath /usr/lib xf86dri.lo libxcb.la -inst-prefix-dir /home/builder/build/pkg/libxcb)
libtool: install: /usr/bin/install -c .libs/libxcb-xf86dri.so.0.0.0T /home/builder/build/pkg/libxcb/usr/lib/libxcb-xf86dri.so.0.0.0
libtool: install: (cd /home/builder/build/pkg/libxcb/usr/lib && { ln -s -f libxcb-xf86dri.so.0.0.0 libxcb-xf86dri.so.0 || { rm -f libxcb-xf86dri.so.0 && ln -s libxcb-xf86dri.so.0.0.0 libxcb-xf86dri.so.0; }; })
libtool: install: (cd /home/builder/build/pkg/libxcb/usr/lib && { ln -s -f libxcb-xf86dri.so.0.0.0 libxcb-xf86dri.so || { rm -f libxcb-xf86dri.so && ln -s libxcb-xf86dri.so.0.0.0 libxcb-xf86dri.so; }; })
libtool: install: /usr/bin/install -c .libs/libxcb-xf86dri.lai /home/builder/build/pkg/libxcb/usr/lib/libxcb-xf86dri.la
libtool: warning: relinking 'libxcb-xfixes.la'
libtool: install: (cd /home/builder/build/src/libxcb-1.17.0/src; /bin/sh "/home/builder/build/src/libxcb-1.17.0/libtool"  --silent --tag CC --mode=relink clang -Wall -Wpointer-arith -Wmissing-declarations -Wformat=2 -Wstrict-prototypes -Wmissing-prototypes -Wnested-externs -Wbad-function-cast -Wold-style-definition -Wdeclaration-after-statement -Wunused -Wuninitialized -Wshadow -Wmissing-noreturn -Wmissing-format-attribute -Wredundant-decls -Werror=implicit -Werror=nonnull -Werror=init-self -Werror=main -Werror=missing-braces -Werror=sequence-point -Werror=return-type -Werror=trigraphs -Werror=array-bounds -Werror=write-strings -Werror=address -Werror=int-to-pointer-cast -Werror=pointer-to-int-cast -march=x86-64-v3 -O2 -pipe -fno-plt -fexceptions -Wp,-D_FORTIFY_SOURCE=3 -fstack-clash-protection -fcf-protection -version-info 0:0:0 -no-undefined -Wl,-O1 -Wl,--sort-common -Wl,--as-needed -Wl,-z,relro -Wl,-z,now -Wl,--undefined-version -Wl,--hash-style=gnu -Wl,--compress-debug-sections=zstd -o libxcb-xfixes.la -rpath /usr/lib xfixes.lo libxcb.la -inst-prefix-dir /home/builder/build/pkg/libxcb)
libtool: install: /usr/bin/install -c .libs/libxcb-xfixes.so.0.0.0T /home/builder/build/pkg/libxcb/usr/lib/libxcb-xfixes.so.0.0.0
libtool: install: (cd /home/builder/build/pkg/libxcb/usr/lib && { ln -s -f libxcb-xfixes.so.0.0.0 libxcb-xfixes.so.0 || { rm -f libxcb-xfixes.so.0 && ln -s libxcb-xfixes.so.0.0.0 libxcb-xfixes.so.0; }; })
libtool: install: (cd /home/builder/build/pkg/libxcb/usr/lib && { ln -s -f libxcb-xfixes.so.0.0.0 libxcb-xfixes.so || { rm -f libxcb-xfixes.so && ln -s libxcb-xfixes.so.0.0.0 libxcb-xfixes.so; }; })
libtool: install: /usr/bin/install -c .libs/libxcb-xfixes.lai /home/builder/build/pkg/libxcb/usr/lib/libxcb-xfixes.la
libtool: warning: relinking 'libxcb-xinerama.la'
libtool: install: (cd /home/builder/build/src/libxcb-1.17.0/src; /bin/sh "/home/builder/build/src/libxcb-1.17.0/libtool"  --silent --tag CC --mode=relink clang -Wall -Wpointer-arith -Wmissing-declarations -Wformat=2 -Wstrict-prototypes -Wmissing-prototypes -Wnested-externs -Wbad-function-cast -Wold-style-definition -Wdeclaration-after-statement -Wunused -Wuninitialized -Wshadow -Wmissing-noreturn -Wmissing-format-attribute -Wredundant-decls -Werror=implicit -Werror=nonnull -Werror=init-self -Werror=main -Werror=missing-braces -Werror=sequence-point -Werror=return-type -Werror=trigraphs -Werror=array-bounds -Werror=write-strings -Werror=address -Werror=int-to-pointer-cast -Werror=pointer-to-int-cast -march=x86-64-v3 -O2 -pipe -fno-plt -fexceptions -Wp,-D_FORTIFY_SOURCE=3 -fstack-clash-protection -fcf-protection -version-info 0:0:0 -no-undefined -Wl,-O1 -Wl,--sort-common -Wl,--as-needed -Wl,-z,relro -Wl,-z,now -Wl,--undefined-version -Wl,--hash-style=gnu -Wl,--compress-debug-sections=zstd -o libxcb-xinerama.la -rpath /usr/lib xinerama.lo libxcb.la -inst-prefix-dir /home/builder/build/pkg/libxcb)
libtool: install: /usr/bin/install -c .libs/libxcb-xinerama.so.0.0.0T /home/builder/build/pkg/libxcb/usr/lib/libxcb-xinerama.so.0.0.0
libtool: install: (cd /home/builder/build/pkg/libxcb/usr/lib && { ln -s -f libxcb-xinerama.so.0.0.0 libxcb-xinerama.so.0 || { rm -f libxcb-xinerama.so.0 && ln -s libxcb-xinerama.so.0.0.0 libxcb-xinerama.so.0; }; })
libtool: install: (cd /home/builder/build/pkg/libxcb/usr/lib && { ln -s -f libxcb-xinerama.so.0.0.0 libxcb-xinerama.so || { rm -f libxcb-xinerama.so && ln -s libxcb-xinerama.so.0.0.0 libxcb-xinerama.so; }; })
libtool: install: /usr/bin/install -c .libs/libxcb-xinerama.lai /home/builder/build/pkg/libxcb/usr/lib/libxcb-xinerama.la
libtool: warning: relinking 'libxcb-xinput.la'
libtool: install: (cd /home/builder/build/src/libxcb-1.17.0/src; /bin/sh "/home/builder/build/src/libxcb-1.17.0/libtool"  --silent --tag CC --mode=relink clang -Wall -Wpointer-arith -Wmissing-declarations -Wformat=2 -Wstrict-prototypes -Wmissing-prototypes -Wnested-externs -Wbad-function-cast -Wold-style-definition -Wdeclaration-after-statement -Wunused -Wuninitialized -Wshadow -Wmissing-noreturn -Wmissing-format-attribute -Wredundant-decls -Werror=implicit -Werror=nonnull -Werror=init-self -Werror=main -Werror=missing-braces -Werror=sequence-point -Werror=return-type -Werror=trigraphs -Werror=array-bounds -Werror=write-strings -Werror=address -Werror=int-to-pointer-cast -Werror=pointer-to-int-cast -march=x86-64-v3 -O2 -pipe -fno-plt -fexceptions -Wp,-D_FORTIFY_SOURCE=3 -fstack-clash-protection -fcf-protection -version-info 1:0:1 -no-undefined -Wl,-O1 -Wl,--sort-common -Wl,--as-needed -Wl,-z,relro -Wl,-z,now -Wl,--undefined-version -Wl,--hash-style=gnu -Wl,--compress-debug-sections=zstd -o libxcb-xinput.la -rpath /usr/lib xinput.lo libxcb.la -inst-prefix-dir /home/builder/build/pkg/libxcb)
libtool: install: /usr/bin/install -c .libs/libxcb-xinput.so.0.1.0T /home/builder/build/pkg/libxcb/usr/lib/libxcb-xinput.so.0.1.0
libtool: install: (cd /home/builder/build/pkg/libxcb/usr/lib && { ln -s -f libxcb-xinput.so.0.1.0 libxcb-xinput.so.0 || { rm -f libxcb-xinput.so.0 && ln -s libxcb-xinput.so.0.1.0 libxcb-xinput.so.0; }; })
libtool: install: (cd /home/builder/build/pkg/libxcb/usr/lib && { ln -s -f libxcb-xinput.so.0.1.0 libxcb-xinput.so || { rm -f libxcb-xinput.so && ln -s libxcb-xinput.so.0.1.0 libxcb-xinput.so; }; })
libtool: install: /usr/bin/install -c .libs/libxcb-xinput.lai /home/builder/build/pkg/libxcb/usr/lib/libxcb-xinput.la
libtool: warning: relinking 'libxcb-xkb.la'
libtool: install: (cd /home/builder/build/src/libxcb-1.17.0/src; /bin/sh "/home/builder/build/src/libxcb-1.17.0/libtool"  --silent --tag CC --mode=relink clang -Wall -Wpointer-arith -Wmissing-declarations -Wformat=2 -Wstrict-prototypes -Wmissing-prototypes -Wnested-externs -Wbad-function-cast -Wold-style-definition -Wdeclaration-after-statement -Wunused -Wuninitialized -Wshadow -Wmissing-noreturn -Wmissing-format-attribute -Wredundant-decls -Werror=implicit -Werror=nonnull -Werror=init-self -Werror=main -Werror=missing-braces -Werror=sequence-point -Werror=return-type -Werror=trigraphs -Werror=array-bounds -Werror=write-strings -Werror=address -Werror=int-to-pointer-cast -Werror=pointer-to-int-cast -march=x86-64-v3 -O2 -pipe -fno-plt -fexceptions -Wp,-D_FORTIFY_SOURCE=3 -fstack-clash-protection -fcf-protection -version-info 1:0:0 -no-undefined -Wl,-O1 -Wl,--sort-common -Wl,--as-needed -Wl,-z,relro -Wl,-z,now -Wl,--undefined-version -Wl,--hash-style=gnu -Wl,--compress-debug-sections=zstd -o libxcb-xkb.la -rpath /usr/lib xkb.lo libxcb.la -inst-prefix-dir /home/builder/build/pkg/libxcb)
libtool: install: /usr/bin/install -c .libs/libxcb-xkb.so.1.0.0T /home/builder/build/pkg/libxcb/usr/lib/libxcb-xkb.so.1.0.0
libtool: install: (cd /home/builder/build/pkg/libxcb/usr/lib && { ln -s -f libxcb-xkb.so.1.0.0 libxcb-xkb.so.1 || { rm -f libxcb-xkb.so.1 && ln -s libxcb-xkb.so.1.0.0 libxcb-xkb.so.1; }; })
libtool: install: (cd /home/builder/build/pkg/libxcb/usr/lib && { ln -s -f libxcb-xkb.so.1.0.0 libxcb-xkb.so || { rm -f libxcb-xkb.so && ln -s libxcb-xkb.so.1.0.0 libxcb-xkb.so; }; })
libtool: install: /usr/bin/install -c .libs/libxcb-xkb.lai /home/builder/build/pkg/libxcb/usr/lib/libxcb-xkb.la
libtool: warning: relinking 'libxcb-xtest.la'
libtool: install: (cd /home/builder/build/src/libxcb-1.17.0/src; /bin/sh "/home/builder/build/src/libxcb-1.17.0/libtool"  --silent --tag CC --mode=relink clang -Wall -Wpointer-arith -Wmissing-declarations -Wformat=2 -Wstrict-prototypes -Wmissing-prototypes -Wnested-externs -Wbad-function-cast -Wold-style-definition -Wdeclaration-after-statement -Wunused -Wuninitialized -Wshadow -Wmissing-noreturn -Wmissing-format-attribute -Wredundant-decls -Werror=implicit -Werror=nonnull -Werror=init-self -Werror=main -Werror=missing-braces -Werror=sequence-point -Werror=return-type -Werror=trigraphs -Werror=array-bounds -Werror=write-strings -Werror=address -Werror=int-to-pointer-cast -Werror=pointer-to-int-cast -march=x86-64-v3 -O2 -pipe -fno-plt -fexceptions -Wp,-D_FORTIFY_SOURCE=3 -fstack-clash-protection -fcf-protection -version-info 0:0:0 -no-undefined -Wl,-O1 -Wl,--sort-common -Wl,--as-needed -Wl,-z,relro -Wl,-z,now -Wl,--undefined-version -Wl,--hash-style=gnu -Wl,--compress-debug-sections=zstd -o libxcb-xtest.la -rpath /usr/lib xtest.lo libxcb.la -inst-prefix-dir /home/builder/build/pkg/libxcb)
libtool: install: /usr/bin/install -c .libs/libxcb-xtest.so.0.0.0T /home/builder/build/pkg/libxcb/usr/lib/libxcb-xtest.so.0.0.0
libtool: install: (cd /home/builder/build/pkg/libxcb/usr/lib && { ln -s -f libxcb-xtest.so.0.0.0 libxcb-xtest.so.0 || { rm -f libxcb-xtest.so.0 && ln -s libxcb-xtest.so.0.0.0 libxcb-xtest.so.0; }; })
libtool: install: (cd /home/builder/build/pkg/libxcb/usr/lib && { ln -s -f libxcb-xtest.so.0.0.0 libxcb-xtest.so || { rm -f libxcb-xtest.so && ln -s libxcb-xtest.so.0.0.0 libxcb-xtest.so; }; })
libtool: install: /usr/bin/install -c .libs/libxcb-xtest.lai /home/builder/build/pkg/libxcb/usr/lib/libxcb-xtest.la
libtool: warning: relinking 'libxcb-xv.la'
libtool: install: (cd /home/builder/build/src/libxcb-1.17.0/src; /bin/sh "/home/builder/build/src/libxcb-1.17.0/libtool"  --silent --tag CC --mode=relink clang -Wall -Wpointer-arith -Wmissing-declarations -Wformat=2 -Wstrict-prototypes -Wmissing-prototypes -Wnested-externs -Wbad-function-cast -Wold-style-definition -Wdeclaration-after-statement -Wunused -Wuninitialized -Wshadow -Wmissing-noreturn -Wmissing-format-attribute -Wredundant-decls -Werror=implicit -Werror=nonnull -Werror=init-self -Werror=main -Werror=missing-braces -Werror=sequence-point -Werror=return-type -Werror=trigraphs -Werror=array-bounds -Werror=write-strings -Werror=address -Werror=int-to-pointer-cast -Werror=pointer-to-int-cast -march=x86-64-v3 -O2 -pipe -fno-plt -fexceptions -Wp,-D_FORTIFY_SOURCE=3 -fstack-clash-protection -fcf-protection -version-info 0:0:0 -no-undefined -Wl,-O1 -Wl,--sort-common -Wl,--as-needed -Wl,-z,relro -Wl,-z,now -Wl,--undefined-version -Wl,--hash-style=gnu -Wl,--compress-debug-sections=zstd -o libxcb-xv.la -rpath /usr/lib xv.lo libxcb.la -inst-prefix-dir /home/builder/build/pkg/libxcb)
libtool: install: /usr/bin/install -c .libs/libxcb-xv.so.0.0.0T /home/builder/build/pkg/libxcb/usr/lib/libxcb-xv.so.0.0.0
libtool: install: (cd /home/builder/build/pkg/libxcb/usr/lib && { ln -s -f libxcb-xv.so.0.0.0 libxcb-xv.so.0 || { rm -f libxcb-xv.so.0 && ln -s libxcb-xv.so.0.0.0 libxcb-xv.so.0; }; })
libtool: install: (cd /home/builder/build/pkg/libxcb/usr/lib && { ln -s -f libxcb-xv.so.0.0.0 libxcb-xv.so || { rm -f libxcb-xv.so && ln -s libxcb-xv.so.0.0.0 libxcb-xv.so; }; })
libtool: install: /usr/bin/install -c .libs/libxcb-xv.lai /home/builder/build/pkg/libxcb/usr/lib/libxcb-xv.la
libtool: warning: relinking 'libxcb-xvmc.la'
libtool: install: (cd /home/builder/build/src/libxcb-1.17.0/src; /bin/sh "/home/builder/build/src/libxcb-1.17.0/libtool"  --silent --tag CC --mode=relink clang -Wall -Wpointer-arith -Wmissing-declarations -Wformat=2 -Wstrict-prototypes -Wmissing-prototypes -Wnested-externs -Wbad-function-cast -Wold-style-definition -Wdeclaration-after-statement -Wunused -Wuninitialized -Wshadow -Wmissing-noreturn -Wmissing-format-attribute -Wredundant-decls -Werror=implicit -Werror=nonnull -Werror=init-self -Werror=main -Werror=missing-braces -Werror=sequence-point -Werror=return-type -Werror=trigraphs -Werror=array-bounds -Werror=write-strings -Werror=address -Werror=int-to-pointer-cast -Werror=pointer-to-int-cast -march=x86-64-v3 -O2 -pipe -fno-plt -fexceptions -Wp,-D_FORTIFY_SOURCE=3 -fstack-clash-protection -fcf-protection -version-info 0:0:0 -no-undefined -Wl,-O1 -Wl,--sort-common -Wl,--as-needed -Wl,-z,relro -Wl,-z,now -Wl,--undefined-version -Wl,--hash-style=gnu -Wl,--compress-debug-sections=zstd -o libxcb-xvmc.la -rpath /usr/lib xvmc.lo libxcb.la -inst-prefix-dir /home/builder/build/pkg/libxcb)
libtool: install: /usr/bin/install -c .libs/libxcb-xvmc.so.0.0.0T /home/builder/build/pkg/libxcb/usr/lib/libxcb-xvmc.so.0.0.0
libtool: install: (cd /home/builder/build/pkg/libxcb/usr/lib && { ln -s -f libxcb-xvmc.so.0.0.0 libxcb-xvmc.so.0 || { rm -f libxcb-xvmc.so.0 && ln -s libxcb-xvmc.so.0.0.0 libxcb-xvmc.so.0; }; })
libtool: install: (cd /home/builder/build/pkg/libxcb/usr/lib && { ln -s -f libxcb-xvmc.so.0.0.0 libxcb-xvmc.so || { rm -f libxcb-xvmc.so && ln -s libxcb-xvmc.so.0.0.0 libxcb-xvmc.so; }; })
libtool: install: /usr/bin/install -c .libs/libxcb-xvmc.lai /home/builder/build/pkg/libxcb/usr/lib/libxcb-xvmc.la
libtool: warning: remember to run 'libtool --finish /usr/lib'
make[3]: Leaving directory '/home/builder/build/src/libxcb-1.17.0/src'
make[2]: Leaving directory '/home/builder/build/src/libxcb-1.17.0/src'
make[1]: Leaving directory '/home/builder/build/src/libxcb-1.17.0/src'
Making install in tests
make[1]: Entering directory '/home/builder/build/src/libxcb-1.17.0/tests'
make[2]: Entering directory '/home/builder/build/src/libxcb-1.17.0/tests'
make[3]: Entering directory '/home/builder/build/src/libxcb-1.17.0/tests'
make[3]: Nothing to be done for 'install-exec-am'.
make[3]: Nothing to be done for 'install-data-am'.
make[3]: Leaving directory '/home/builder/build/src/libxcb-1.17.0/tests'
make[2]: Leaving directory '/home/builder/build/src/libxcb-1.17.0/tests'
make[1]: Leaving directory '/home/builder/build/src/libxcb-1.17.0/tests'
Making install in doc
make[1]: Entering directory '/home/builder/build/src/libxcb-1.17.0/doc'
make[2]: Entering directory '/home/builder/build/src/libxcb-1.17.0/doc'
make[2]: Nothing to be done for 'install-exec-am'.
/bin/sh /home/builder/build/src/libxcb-1.17.0/build-aux/install-sh -d '/home/builder/build/pkg/libxcb/usr/share/doc/libxcb'
cp -pR ./tutorial '/home/builder/build/pkg/libxcb/usr/share/doc/libxcb/'
make[2]: Leaving directory '/home/builder/build/src/libxcb-1.17.0/doc'
make[1]: Leaving directory '/home/builder/build/src/libxcb-1.17.0/doc'
Making install in man
make[1]: Entering directory '/home/builder/build/src/libxcb-1.17.0/man'
make[2]: Entering directory '/home/builder/build/src/libxcb-1.17.0/man'
make[2]: Nothing to be done for 'install-exec-am'.
 /usr/sbin/mkdir -p '/home/builder/build/pkg/libxcb/usr/share/man/man3'
 /usr/bin/install -c -m 644 xcb-examples.3 xcb-requests.3 '/home/builder/build/pkg/libxcb/usr/share/man/man3'
make[2]: Leaving directory '/home/builder/build/src/libxcb-1.17.0/man'
make[1]: Leaving directory '/home/builder/build/src/libxcb-1.17.0/man'
make[1]: Entering directory '/home/builder/build/src/libxcb-1.17.0'
make[2]: Entering directory '/home/builder/build/src/libxcb-1.17.0'
make[2]: Nothing to be done for 'install-exec-am'.
 /usr/sbin/mkdir -p '/home/builder/build/pkg/libxcb/usr/lib/pkgconfig'
 /usr/bin/install -c -m 644 xcb.pc xcb-composite.pc xcb-damage.pc xcb-dbe.pc xcb-dpms.pc xcb-dri2.pc xcb-dri3.pc xcb-glx.pc xcb-present.pc xcb-randr.pc xcb-record.pc xcb-render.pc xcb-res.pc xcb-screensaver.pc xcb-shape.pc xcb-shm.pc xcb-sync.pc xcb-xf86dri.pc xcb-xfixes.pc xcb-xinerama.pc xcb-xinput.pc xcb-xkb.pc xcb-xtest.pc xcb-xv.pc xcb-xvmc.pc '/home/builder/build/pkg/libxcb/usr/lib/pkgconfig'
make[2]: Leaving directory '/home/builder/build/src/libxcb-1.17.0'
make[1]: Leaving directory '/home/builder/build/src/libxcb-1.17.0'
==> Tidying install...
  -> Removing libtool files...
  -> Removing static library files...
  -> Purging unwanted files...
  -> Stripping unneeded symbols from binaries and libraries...
==> Checking for packaging issues...
==> Creating package "libxcb"...
  -> Generating .PKGINFO file...
warning: Public keyring not found; have you run 'pacman-key --init'?
error: kashira-v3: key "E4DF524F75FE51DD5FB0C7BA1925D86CD662878E" is unknown
error: keyring is not writable
warning: base: unknown key '%INSTALLED_DB%' in local database
warning: base-devel: unknown key '%INSTALLED_DB%' in local database
warning: Public keyring not found; have you run 'pacman-key --init'?
error: kashira-v3: key "E4DF524F75FE51DD5FB0C7BA1925D86CD662878E" is unknown
error: keyring is not writable
warning: base: unknown key '%INSTALLED_DB%' in local database
warning: base-devel: unknown key '%INSTALLED_DB%' in local database
warning: Public keyring not found; have you run 'pacman-key --init'?
error: kashira-v3: key "E4DF524F75FE51DD5FB0C7BA1925D86CD662878E" is unknown
error: keyring is not writable
warning: base: unknown key '%INSTALLED_DB%' in local database
warning: base-devel: unknown key '%INSTALLED_DB%' in local database
warning: Public keyring not found; have you run 'pacman-key --init'?
error: kashira-v3: key "E4DF524F75FE51DD5FB0C7BA1925D86CD662878E" is unknown
error: keyring is not writable
warning: base: unknown key '%INSTALLED_DB%' in local database
warning: base-devel: unknown key '%INSTALLED_DB%' in local database
warning: Public keyring not found; have you run 'pacman-key --init'?
error: kashira-v3: key "E4DF524F75FE51DD5FB0C7BA1925D86CD662878E" is unknown
error: keyring is not writable
warning: base: unknown key '%INSTALLED_DB%' in local database
warning: base-devel: unknown key '%INSTALLED_DB%' in local database
warning: Public keyring not found; have you run 'pacman-key --init'?
error: kashira-v3: key "E4DF524F75FE51DD5FB0C7BA1925D86CD662878E" is unknown
error: keyring is not writable
warning: base: unknown key '%INSTALLED_DB%' in local database
warning: base-devel: unknown key '%INSTALLED_DB%' in local database
warning: Public keyring not found; have you run 'pacman-key --init'?
error: kashira-v3: key "E4DF524F75FE51DD5FB0C7BA1925D86CD662878E" is unknown
error: keyring is not writable
warning: base: unknown key '%INSTALLED_DB%' in local database
warning: base-devel: unknown key '%INSTALLED_DB%' in local database
warning: Public keyring not found; have you run 'pacman-key --init'?
error: kashira-v3: key "E4DF524F75FE51DD5FB0C7BA1925D86CD662878E" is unknown
error: keyring is not writable
warning: base: unknown key '%INSTALLED_DB%' in local database
warning: base-devel: unknown key '%INSTALLED_DB%' in local database
warning: Public keyring not found; have you run 'pacman-key --init'?
error: kashira-v3: key "E4DF524F75FE51DD5FB0C7BA1925D86CD662878E" is unknown
error: keyring is not writable
warning: base: unknown key '%INSTALLED_DB%' in local database
warning: base-devel: unknown key '%INSTALLED_DB%' in local database
warning: Public keyring not found; have you run 'pacman-key --init'?
error: kashira-v3: key "E4DF524F75FE51DD5FB0C7BA1925D86CD662878E" is unknown
error: keyring is not writable
warning: base: unknown key '%INSTALLED_DB%' in local database
warning: base-devel: unknown key '%INSTALLED_DB%' in local database
warning: Public keyring not found; have you run 'pacman-key --init'?
error: kashira-v3: key "E4DF524F75FE51DD5FB0C7BA1925D86CD662878E" is unknown
error: keyring is not writable
warning: base: unknown key '%INSTALLED_DB%' in local database
warning: base-devel: unknown key '%INSTALLED_DB%' in local database
warning: Public keyring not found; have you run 'pacman-key --init'?
error: kashira-v3: key "E4DF524F75FE51DD5FB0C7BA1925D86CD662878E" is unknown
error: keyring is not writable
warning: base: unknown key '%INSTALLED_DB%' in local database
warning: base-devel: unknown key '%INSTALLED_DB%' in local database
warning: Public keyring not found; have you run 'pacman-key --init'?
error: kashira-v3: key "E4DF524F75FE51DD5FB0C7BA1925D86CD662878E" is unknown
error: keyring is not writable
warning: base: unknown key '%INSTALLED_DB%' in local database
warning: base-devel: unknown key '%INSTALLED_DB%' in local database
warning: Public keyring not found; have you run 'pacman-key --init'?
error: kashira-v3: key "E4DF524F75FE51DD5FB0C7BA1925D86CD662878E" is unknown
error: keyring is not writable
warning: base: unknown key '%INSTALLED_DB%' in local database
warning: base-devel: unknown key '%INSTALLED_DB%' in local database
warning: Public keyring not found; have you run 'pacman-key --init'?
error: kashira-v3: key "E4DF524F75FE51DD5FB0C7BA1925D86CD662878E" is unknown
error: keyring is not writable
warning: base: unknown key '%INSTALLED_DB%' in local database
warning: base-devel: unknown key '%INSTALLED_DB%' in local database
warning: Public keyring not found; have you run 'pacman-key --init'?
error: kashira-v3: key "E4DF524F75FE51DD5FB0C7BA1925D86CD662878E" is unknown
error: keyring is not writable
warning: base: unknown key '%INSTALLED_DB%' in local database
warning: base-devel: unknown key '%INSTALLED_DB%' in local database
warning: Public keyring not found; have you run 'pacman-key --init'?
error: kashira-v3: key "E4DF524F75FE51DD5FB0C7BA1925D86CD662878E" is unknown
error: keyring is not writable
warning: base: unknown key '%INSTALLED_DB%' in local database
warning: base-devel: unknown key '%INSTALLED_DB%' in local database
warning: Public keyring not found; have you run 'pacman-key --init'?
error: kashira-v3: key "E4DF524F75FE51DD5FB0C7BA1925D86CD662878E" is unknown
error: keyring is not writable
warning: base: unknown key '%INSTALLED_DB%' in local database
warning: base-devel: unknown key '%INSTALLED_DB%' in local database
warning: Public keyring not found; have you run 'pacman-key --init'?
error: kashira-v3: key "E4DF524F75FE51DD5FB0C7BA1925D86CD662878E" is unknown
error: keyring is not writable
warning: base: unknown key '%INSTALLED_DB%' in local database
warning: base-devel: unknown key '%INSTALLED_DB%' in local database
warning: Public keyring not found; have you run 'pacman-key --init'?
error: kashira-v3: key "E4DF524F75FE51DD5FB0C7BA1925D86CD662878E" is unknown
error: keyring is not writable
warning: base: unknown key '%INSTALLED_DB%' in local database
warning: base-devel: unknown key '%INSTALLED_DB%' in local database
warning: Public keyring not found; have you run 'pacman-key --init'?
error: kashira-v3: key "E4DF524F75FE51DD5FB0C7BA1925D86CD662878E" is unknown
error: keyring is not writable
warning: base: unknown key '%INSTALLED_DB%' in local database
warning: base-devel: unknown key '%INSTALLED_DB%' in local database
warning: Public keyring not found; have you run 'pacman-key --init'?
error: kashira-v3: key "E4DF524F75FE51DD5FB0C7BA1925D86CD662878E" is unknown
error: keyring is not writable
warning: base: unknown key '%INSTALLED_DB%' in local database
warning: base-devel: unknown key '%INSTALLED_DB%' in local database
warning: Public keyring not found; have you run 'pacman-key --init'?
error: kashira-v3: key "E4DF524F75FE51DD5FB0C7BA1925D86CD662878E" is unknown
error: keyring is not writable
warning: base: unknown key '%INSTALLED_DB%' in local database
warning: base-devel: unknown key '%INSTALLED_DB%' in local database
warning: Public keyring not found; have you run 'pacman-key --init'?
error: kashira-v3: key "E4DF524F75FE51DD5FB0C7BA1925D86CD662878E" is unknown
error: keyring is not writable
warning: base: unknown key '%INSTALLED_DB%' in local database
warning: base-devel: unknown key '%INSTALLED_DB%' in local database
warning: Public keyring not found; have you run 'pacman-key --init'?
error: kashira-v3: key "E4DF524F75FE51DD5FB0C7BA1925D86CD662878E" is unknown
error: keyring is not writable
warning: base: unknown key '%INSTALLED_DB%' in local database
warning: base-devel: unknown key '%INSTALLED_DB%' in local database
warning: Public keyring not found; have you run 'pacman-key --init'?
error: kashira-v3: key "E4DF524F75FE51DD5FB0C7BA1925D86CD662878E" is unknown
error: keyring is not writable
warning: base: unknown key '%INSTALLED_DB%' in local database
warning: base-devel: unknown key '%INSTALLED_DB%' in local database
warning: Public keyring not found; have you run 'pacman-key --init'?
error: kashira-v3: key "E4DF524F75FE51DD5FB0C7BA1925D86CD662878E" is unknown
error: keyring is not writable
warning: base: unknown key '%INSTALLED_DB%' in local database
warning: base-devel: unknown key '%INSTALLED_DB%' in local database
  -> Generating .BUILDINFO file...
warning: Public keyring not found; have you run 'pacman-key --init'?
error: kashira-v3: key "E4DF524F75FE51DD5FB0C7BA1925D86CD662878E" is unknown
error: keyring is not writable
warning: base: unknown key '%INSTALLED_DB%' in local database
warning: base-devel: unknown key '%INSTALLED_DB%' in local database
  -> Generating .MTREE file...
  -> Compressing package...
==> Leaving fakeroot environment.
==> Finished making: libxcb 1.17.0-1 (Sun Sep 20 03:29:46 2026)
