== build ncurses (deps: autoconf-archive gcc git glibc libgcc libstdc++ )
resolving dependencies...
warning: glibc-2.44-2 is up to date -- skipping
warning: llvm-libgcc-23.1.1-5 is up to date -- skipping
warning: gcc-runtime-16.2.0-6 is up to date -- skipping
warning: base: unknown key '%INSTALLED_DB%' in local database
warning: base-devel: unknown key '%INSTALLED_DB%' in local database
looking for conflicting packages...

Packages (7) mpc-1.4.1-1  perl-error-0.17030-1  perl-mailtools-2.22-1  perl-timedate-2.35-1  autoconf-archive-1:2024.10.16-4  gcc-16.2.0-6  git-2.55.0-1

Total Download Size:    97.57 MiB
Total Installed Size:  380.54 MiB

:: Proceed with installation? [Y/n] 
:: Retrieving packages...
 gcc-16.2.0-6-x86_64 downloading...
 git-2.55.0-1-x86_64 downloading...
 autoconf-archive-1:2024.10.16-4-any downloading...
 mpc-1.4.1-1-x86_64 downloading...
 perl-mailtools-2.22-1-any downloading...
 perl-timedate-2.35-1-any downloading...
 perl-error-0.17030-1-any downloading...
checking keyring...
checking package integrity...
loading package files...
checking for file conflicts...
:: Processing package changes...
installing autoconf-archive...
Optional dependencies for autoconf-archive
    automake: macros for use with it [installed]
installing mpc...
installing gcc...
Optional dependencies for gcc
    lib32-gcc-runtime: for generating code for the 32-bit ABI
installing perl-error...
installing perl-timedate...
installing perl-mailtools...
installing git...
Optional dependencies for git
    libsecret: git-credential-libsecret credential helper [installed]
:: Running post-transaction hooks...
(1/2) Arming ConditionNeedsUpdate...
(2/2) Updating the info directory file...
==> Making package: ncurses 6.6-2 (Sat Sep 19 20:27:31 2026)
==> WARNING: Skipping dependency checks.
==> Retrieving sources...
  -> Updating ncurses git repo...
  -> Found ncurses-6.6-libs.patch
  -> Found ncurses-6.6-pkgconfig.patch
==> WARNING: Skipping verification of source file PGP signatures.
==> Validating source files with sha512sums...
    ncurses ... Passed
    ncurses-6.6-libs.patch ... Passed
    ncurses-6.6-pkgconfig.patch ... Passed
==> Validating source files with b2sums...
    ncurses ... Passed
    ncurses-6.6-libs.patch ... Passed
    ncurses-6.6-pkgconfig.patch ... Passed
==> Extracting sources...
  -> Creating working copy of ncurses git repo...
Cloning into 'ncurses'...
done.
Switched to a new branch 'makepkg'
==> Starting prepare()...
patching file c++/Makefile.in
patching file form/Makefile.in
patching file menu/Makefile.in
patching file panel/Makefile.in
patching file misc/gen-pkgconfig.in
patching file misc/ncurses-config.in
==> Starting build()...
checking for ggrep... no
checking for grep... grep
checking for egrep... grep -E
Configuring NCURSES 6.6 ABI 6 (Sat Sep 19 20:27:34 UTC 2026)
checking for package version... 6.6
checking for package patch date... 20251230
checking build system type... x86_64-pc-linux-gnu
checking host system type... x86_64-pc-linux-gnu
checking target system type... x86_64-pc-linux-gnu
Configuring for linux-gnu
checking for fgrep... grep -F
checking for prefix... /usr
checking for C compiler default output... a.out
checking whether the C compiler works... yes
checking whether we are cross compiling... no
checking for executable suffix... 
checking for object suffix... o
checking whether we are using the GNU C compiler... yes
checking whether clang accepts -g... yes
checking version of clang... 23.1.1
checking if this is really Intel C compiler... no
checking if this is really Clang C compiler... yes
checking version of clang... 23.1.1
checking if option -Qunused-arguments works... yes
checking if option -Wno-error=implicit-function-declaration works... yes
checking for clang option to accept ANSI C... none needed
checking $CFLAGS variable... configure: WARNING: your environment uses the CFLAGS variable to hold CPPFLAGS options
broken
checking $CC variable... ok
checking how to run the C preprocessor... clang -E
checking whether clang needs -traditional... no
checking whether clang understands -c and -o together... yes
checking for ldconfig... /usr/sbin/ldconfig
checking if you want to ensure bool is consistent with C++... yes
checking whether we are using the GNU C++ compiler... yes
checking whether clang++ accepts -g... yes
checking if clang++ works... yes
checking version of clang++... 23.1.1
checking if you want to build C++ binding and demo... yes
checking if you want to build with Ada... no
checking if you want to install terminal database... yes
checking if you want to install manpages... yes
checking if you want to build programs such as tic... yes
checking if you want to build test-programs... yes
checking if you wish to install curses.h... yes
checking for mawk... no
checking for gawk... gawk
checking for a BSD compatible install... /usr/bin/install -c
checking for lint... no
checking for cppcheck... no
checking for splint... no
checking whether ln -s works... yes
checking if ln -s -f options work... yes
checking for long file names... yes
checking if you want to use pkg-config... yes
checking for pkg-config... /usr/sbin/pkg-config
checking for /usr/sbin/pkg-config library directory... /usr/lib/pkgconfig
checking if we should install .pc files for /usr/sbin/pkg-config... yes
checking for suffix to add to pkg-config files... none
checking if we should assume mixed-case filenames... auto
checking if filesystem supports mixed-case filenames... yes
checking whether make sets ${MAKE}... yes
checking for ".PHONY" make-support... yes
checking for exctags... no
checking for ctags... no
checking for exetags... no
checking for etags... no
checking for ctags... no
checking for etags... no
checking for ranlib... llvm-ranlib
checking for ld... ld.lld
checking for ar... llvm-ar
checking for nm... llvm-nm
checking for ar... (cached) llvm-ar
checking for options to update archives... -curvU
checking for an installation directory prefix... (none)
checking if installation directory prefix should be merged... no
checking if libtool -version-number should be used... yes
checking if you want to build libraries with libtool... no
checking if you want to build shared libraries... yes
checking if you want to build static libraries... yes
checking if you want to build debug libraries... yes
checking if you want to build profiling libraries... no
checking if you want to build C++ shared libraries... yes
checking for specified models...  shared normal debug
checking for default model... shared
checking if you want to have a library-prefix... auto
checking for PATH separator... :
checking for ANSI C header files... yes
checking for sys/types.h... yes
checking for sys/stat.h... yes
checking for stdlib.h... yes
checking for string.h... yes
checking for memory.h... yes
checking for strings.h... yes
checking for inttypes.h... yes
checking for stdint.h... yes
checking for unistd.h... yes
checking whether exit is declared... yes
checking for dirent.h that defines DIR... yes
checking for opendir in -ldir... no
checking if you want to build a separate terminfo library... no
checking if you want to build a separate tic library... no
checking for default loader flags... (none)
checking if rpath option should be used... no
checking if shared libraries should be relinked during install... yes
checking whether to use release or ABI version in shared library file names... auto
checking which clang option to use... -fPIC
checking if current CFLAGS link properly... yes
checking if versioned-symbols file should be used... ${top_srcdir}/package/${PACKAGE}.map
checking if wildcards can be used to selectively omit symbols... yes
checking if you want to link with the GPM mouse library... maybe
checking for gpm.h... no
checking if you want to use PCRE2 for regular-expressions... no
checking if you want to disable library suffixes... no
checking if you want to disable extra LDFLAGS for package-scripts... no
checking for extra suffix to append to header/library paths... (none)
checking if you wish to install ncurses overwriting curses... yes
checking if external terminfo-database is used... yes
checking which terminfo source-file will be installed... ${top_srcdir}/misc/terminfo.src
checking whether to use hashed database instead of directory/tree... no
checking for list of fallback terminal descriptions... (none)
checking for tic... tic
checking for infocmp... infocmp
checking if you want modern xterm or antique... xterm-new
checking if xterm backspace-key sends BS or DEL... DEL
checking for list of terminfo directories... /usr/share/terminfo
checking for default terminfo directory... /usr/share/terminfo
checking if big-core option selected... yes
checking if big-strings option selected... yes
checking if you want termcap-fallback support... no
checking if ~/.terminfo is wanted... yes
checking for conventional multiuser system... yes
checking if you want to permit root to use ncurses environment variables... no
checking if you want to permit setuid programs to access all files... no
checking if you want to permit setuid use of ncurses environment variables... no
checking for unistd.h... (cached) yes
checking for remove... yes
checking for unlink... yes
checking if link/symlink functions work...  link symlink
checking if tic should use symbolic links... no
checking if tic should use hard links... yes
checking if you want broken-linker support code... no
checking if tputs should process BSD-style prefix padding... no
checking if the POSIX test-macros are already defined... no
checking if this is the GNU C library... yes
checking if _DEFAULT_SOURCE can be used as a basis... yes
checking if _XOPEN_SOURCE=600 works with _DEFAULT_SOURCE... yes
checking if _XOPEN_SOURCE really is set... yes
checking if SIGWINCH is defined... yes
checking for nl_langinfo and CODESET... yes
checking if you want wide-character code... yes
checking for wchar.h... yes
checking for wctype.h... yes
checking if wchar.h can be used as is... yes
checking if wcwidth agrees graphics are single-width... yes
checking for putwc... yes
checking for btowc... yes
checking for wctob... yes
checking for wmemchr... yes
checking for mbtowc... yes
checking for wctomb... yes
checking for mblen... yes
checking for mbrlen... yes
checking for mbrtowc... yes
checking for wcsrtombs... yes
checking for mbsrtowcs... yes
checking for wcstombs... yes
checking for mbstowcs... yes
checking for wcwidth... yes
checking if we must include wchar.h to declare mbstate_t... yes
checking if we must include wchar.h to declare wchar_t... no
checking if we must include wchar.h to declare wint_t... yes
checking whether to enable _LP64 definition in curses.h... yes
checking for special C compiler options needed for large files... no
checking for _FILE_OFFSET_BITS value needed for large files... no
checking for _LARGE_FILES value needed for large files... no
checking for _LARGEFILE_SOURCE value needed for large files... no
checking for fseeko... yes
checking whether to use struct dirent64... no
checking if you want tparm not to use X/Open fixed-parameter list... yes
checking if you want to enable wattr* macros... no
checking for X11 rgb file... ${exec_prefix}/lib/X11/rgb.txt
checking for type of bool... auto
checking for alternate terminal capabilities file... Caps
checking for type of chtype... uint32_t
checking for type of ospeed... short
checking for type of mmask-t... uint32_t
checking for size CCHARW_MAX... 5
checking for signed char... yes
checking size of signed char... 1
checking whether to use signed chars for Boolean array in term.h... no
checking for type of tparm-arg... intptr_t
checking if RCS identifiers should be compiled-in... no
checking if you want to build with function extensions... yes
checking if you want to build with SCREEN extensions... yes
checking if you want to build with terminal-driver... no
checking for extended use of const keyword... yes
checking if you want to use extended colors... yes
checking if you want to extend support for direct color... no
checking if you want to use extended mouse encoding... yes
checking if you want to use extended putwin/screendump... yes
checking if you want $NCURSES_NO_PADDING code... yes
checking if you want SIGWINCH handler... yes
checking if you want user-definable terminal capabilities like termcap... yes
checking if you want to link with the pthread library... no
checking if you want reentrant code... no
checking whether curses library structures should be opaque... yes
checking whether form library structures should be opaque... yes
checking whether menu library structures should be opaque... yes
checking whether panel library structures should be opaque... yes
checking if you want all development code... no
checking if you want to check screensize of serial terminals... no
checking if you want hard-tabs code... no
checking if you want limited support for xmc... no
checking if you do not want to assume colors are white-on-black... yes
checking if you want hashmap scrolling-optimization code... yes
checking if you want colorfgbg code... no
checking if you want to use gcc -fvisibility option... no
checking if you want interop bindings... yes
checking if you want experimental safe-sprintf code... no
checking if you want wgetch-events code... no
checking if you want to see long compiling messages... yes
checking if you want to install stripped executables... yes
checking if install accepts -p option... yes
checking if install needs to be told about ownership... no
checking if you want to specify strip-program... no
checking if you want to use C11 _Noreturn feature... no
checking if you want to turn on gcc warnings... no
checking for clang __attribute__ directives... 
... scanf
... printf
... unused
... noreturn
checking if you want to work around bogus compiler/loader warnings... no
checking if you want to enable runtime assertions... no
checking if you want to use dmalloc for testing... no
checking if you want to use dbmalloc for testing... no
checking if you want to use valgrind for testing... no
checking if you want to perform memory-leak testing... no
checking whether to add trace feature to all models... no
checking if we want to use GNAT projects... yes
checking if -lm needed for math functions... yes
checking if -lm is available for math functions... yes
checking whether time.h and sys/time.h may both be included... yes
checking for regcomp... yes
checking for regular-expression headers... regex.h
checking for alloca.h... yes
checking for fcntl.h... yes
checking for getopt.h... yes
checking for limits.h... yes
checking for locale.h... yes
checking for malloc.h... yes
checking for math.h... yes
checking for poll.h... yes
checking for sys/auxv.h... yes
checking for sys/fsuid.h... yes
checking for sys/ioctl.h... yes
checking for sys/param.h... yes
checking for sys/poll.h... yes
checking for sys/select.h... yes
checking for sys/time.h... yes
checking for sys/times.h... yes
checking for unistd.h... (cached) yes
checking for wctype.h... (cached) yes
checking for getopt.h... (cached) yes
checking for header declaring getopt variables... unistd.h
checking if external environ is declared... no
checking if external environ exists... yes
checking for getenv... yes
checking for putenv... yes
checking for setenv... yes
checking for strdup... yes
checking if getenv returns consistent values... yes
checking if sys/time.h works with sys/select.h... yes
checking for an ANSI C-conforming const... yes
checking for inline... inline
checking for signal global datatype... volatile sig_atomic_t
checking if unsigned literals are legal... yes
checking if external errno is declared... yes
checking if external errno exists... yes
checking if data-only library module links... yes
checking for clock_gettime... yes
checking if clock_gettime links... yes
checking for fpathconf... yes
checking for getcwd... yes
checking for getauxval... yes
checking for getegid... yes
checking for geteuid... yes
checking for getopt... yes
checking for getuid... yes
checking for issetugid... no
checking for localeconv... yes
checking for poll... yes
checking for remove... (cached) yes
checking for select... yes
checking for setbuf... yes
checking for setbuffer... yes
checking for setfsuid... yes
checking for setvbuf... yes
checking for sigaction... yes
checking for sigvec... no
checking for snprintf... yes
checking for strdup... (cached) yes
checking for strstr... yes
checking for sysconf... yes
checking for tcgetpgrp... yes
checking for times... yes
checking for tsearch... yes
checking for vsnprintf... yes
checking if _PATH_TTYS is defined in ttyent.h... yes
checking if _PATH_TTYS file exists... no
checking for isascii... yes
checking whether sigaction needs _POSIX_SOURCE... no
checking if nanosleep really works... yes
checking for sgtty.h... yes
checking for termio.h... no
checking for termios.h... yes
checking for unistd.h... (cached) yes
checking for sys/ioctl.h... (cached) yes
checking for sys/termio.h... no
checking whether termios.h needs _POSIX_SOURCE... no
checking for tcgetattr... yes
checking for vsscanf function or workaround... vsscanf
checking for unistd.h... (cached) yes
checking for working mkstemp... yes
checking whether setvbuf arguments are reversed... no
checking for intptr_t... yes
checking for ssize_t... yes
checking for type sigaction_t... no
checking declaration of size-change... yes
checking for memmove... yes
checking for posix_openpt... yes
checking if poll really works... yes
checking if MB_LEN_MAX is usable... yes
checking for va_copy... yes
checking for pid_t... yes
checking for unistd.h... (cached) yes
checking for vfork.h... no
checking for fork... yes
checking for vfork... yes
checking for working fork... (cached) yes
checking for working vfork... (cached) yes
checking if fopen accepts explicit binary mode... yes
checking for cc_t... yes
checking for speed_t... yes
checking for tcflag_t... yes
checking for sigset_t... yes
checking for openpty in -lutil... yes
checking for openpty header... pty.h
checking if we can include stdbool.h... yes
checking for builtin bool type... no
checking if we already have C++ library... yes
checking whether clang++ understands -c and -o together... yes
checking how to run the C++ preprocessor... clang++ -E
checking for new... yes
checking for exception... yes
checking for typeinfo... yes
checking for iostream... yes
checking if iostream uses std-namespace... yes
checking for builtin bool type... yes
checking for bool... yes
checking size of bool... 1
checking for type of bool... unsigned char
checking for special defines needed for etip.h...  
checking if clang++ accepts override keyword... yes
checking if clang++ accepts parameter initialization... no
checking if clang++ accepts static_cast... yes
checking for wchar_t... yes
checking size of wchar_t... 4
checking for library subsets... ticlib+termlib+ext_tinfo+base+widechar+ext_funcs
checking default library suffix... w
checking default library-dependency suffix... w.so
checking default object directory... obj_s
checking c++ library-dependency suffix... w.so
checking where we will install curses.h... ${prefix}/include
checking for desired basename for form library... form
checking for desired basename for menu library... menu
checking for desired basename for panel library... panel
checking for desired basename for cxx library... ncurses++
checking for src modules... ncurses progs panel menu form
checking for tbl... /usr/sbin/tbl
checking if /usr/sbin/tbl supports 'x' column modifier... yes
checking format of man pages... normal
checking for man page renaming... no
checking if man page aliases will be installed... yes
checking if man page symlinks should be used... yes
checking for man page tbl... no
checking for defines to add to ncursesw6-config script...  -D_DEFAULT_SOURCE -D_XOPEN_SOURCE=600
package: ncursesw
checking for linker search path... /usr/lib
configure: creating ./config.status
config.status: creating include/MKterm.h.awk
config.status: creating include/curses.head
config.status: creating include/ncurses_dll.h
config.status: creating include/nc_win32.h
config.status: creating include/termcap.h
config.status: creating include/unctrl.h
config.status: creating man/MKterminfo.tmp
config.status: creating man/man_db.renames
config.status: creating man/Makefile
config.status: creating include/Makefile
config.status: creating ncurses/Makefile
config.status: creating progs/Makefile
config.status: creating panel/Makefile
config.status: creating menu/Makefile
config.status: creating form/Makefile
config.status: creating test/Makefile
config.status: creating misc/Makefile
config.status: creating c++/Makefile
config.status: creating misc/run_tic.sh
config.status: creating misc/ncurses-config
config.status: creating man/ncursesw6-config.1
config.status: creating misc/gen-pkgconfig
config.status: creating Makefile
config.status: creating include/ncurses_cfg.h
Appending rules for shared model (ncurses: ticlib+termlib+ext_tinfo+base+widechar+ext_funcs)
Appending rules for normal model (ncurses: ticlib+termlib+ext_tinfo+base+widechar+ext_funcs)
Appending rules for debug model (ncurses: ticlib+termlib+ext_tinfo+base+widechar+ext_funcs)
Appending rules for shared model (progs: ticlib+termlib+ext_tinfo+base+widechar+ext_funcs)
Appending rules for normal model (progs: ticlib+termlib+ext_tinfo+base+widechar+ext_funcs)
Appending rules for debug model (progs: ticlib+termlib+ext_tinfo+base+widechar+ext_funcs)
Appending rules for shared model (panel: ticlib+termlib+ext_tinfo+base+widechar+ext_funcs)
Appending rules for normal model (panel: ticlib+termlib+ext_tinfo+base+widechar+ext_funcs)
Appending rules for debug model (panel: ticlib+termlib+ext_tinfo+base+widechar+ext_funcs)
Appending rules for shared model (menu: ticlib+termlib+ext_tinfo+base+widechar+ext_funcs)
Appending rules for normal model (menu: ticlib+termlib+ext_tinfo+base+widechar+ext_funcs)
Appending rules for debug model (menu: ticlib+termlib+ext_tinfo+base+widechar+ext_funcs)
Appending rules for shared model (form: ticlib+termlib+ext_tinfo+base+widechar+ext_funcs)
Appending rules for normal model (form: ticlib+termlib+ext_tinfo+base+widechar+ext_funcs)
Appending rules for debug model (form: ticlib+termlib+ext_tinfo+base+widechar+ext_funcs)
Appending rules for shared model (test: ticlib+termlib+ext_tinfo+base+widechar+ext_funcs)
Appending rules for normal model (test: ticlib+termlib+ext_tinfo+base+widechar+ext_funcs)
Appending rules for debug model (test: ticlib+termlib+ext_tinfo+base+widechar+ext_funcs)
Appending rules for shared model (c++: ticlib+termlib+ext_tinfo+base+widechar+ext_funcs)
Appending rules for normal model (c++: ticlib+termlib+ext_tinfo+base+widechar+ext_funcs)
Appending rules for debug model (c++: ticlib+termlib+ext_tinfo+base+widechar+ext_funcs)
creating headers.sh

** Configuration summary for NCURSES 6.6 20251230:

       extended funcs: yes
       xterm terminfo: xterm-new
           ABI suffix: w

        bin directory: /usr/bin
        lib directory: /usr/lib
    include directory: /usr/include
        man directory: /usr/share/man
   terminfo directory: /usr/share/terminfo
 pkg-config directory: /usr/lib/pkgconfig

( cd man && make DESTDIR="" RPATH_LIST="/usr/lib" all )
make[1]: Entering directory '/home/builder/build/src/ncurses/man'
/bin/sh MKterminfo.tmp ./terminfo.head ./../include/Caps ./../include/Caps-ncurses ./terminfo.tail >terminfo.5
make[1]: Leaving directory '/home/builder/build/src/ncurses/man'
( cd include && make DESTDIR="" RPATH_LIST="/usr/lib" all )
make[1]: Entering directory '/home/builder/build/src/ncurses/include'
cat curses.head >curses.h
/bin/sh ./MKhashsize.sh ./Caps ./Caps-ncurses >hashsize.h
AWK=gawk /bin/sh ./MKncurses_def.sh ./ncurses_defs >ncurses_def.h
AWK=gawk /bin/sh ./MKparametrized.sh ./Caps ./Caps-ncurses >parametrized.h
touch config.h
gawk -f MKterm.h.awk ./Caps ./Caps-ncurses > term.h
AWK=gawk /bin/sh ./MKkey_defs.sh ./Caps ./Caps-ncurses >>curses.h
/bin/sh ./edit_cfg.sh ../include/ncurses_cfg.h term.h
** edit: HAVE_TCGETATTR 1
** edit: HAVE_TERMIOS_H 1
** edit: HAVE_TERMIO_H 0
** edit: BROKEN_LINKER 0
/bin/sh -c 'if test "0" = "1" ; then cat ./curses.events >>curses.h ; fi'
/bin/sh -c 'if test "cchar_t" = "cchar_t" ; then cat ./curses.wide >>curses.h ; fi'
cat ./curses.tail >>curses.h
make[1]: Leaving directory '/home/builder/build/src/ncurses/include'
( cd ncurses && make DESTDIR="" RPATH_LIST="/usr/lib" all )
make[1]: Entering directory '/home/builder/build/src/ncurses/ncurses'
gawk -f ./tinfo/MKcodes.awk bigstrings=1 ../include/Caps ../include/Caps-ncurses >codes.c
clang -o make_hash -DHAVE_CONFIG_H -DUSE_BUILD_CC -I../ncurses -I. -I../include -I./../include -DHAVE_CONFIG_H -DBUILDING_NCURSES -I../ncurses -I. -I../include -D_DEFAULT_SOURCE -D_XOPEN_SOURCE=600 -DNDEBUG -march=x86-64-v3 -O2 -pipe -fno-plt -fexceptions -Wp,-D_FORTIFY_SOURCE=3 -fstack-clash-protection -fcf-protection -Qunused-arguments -Wno-error=implicit-function-declaration  ./tinfo/make_hash.c -Wl,-O1 -Wl,--sort-common -Wl,--as-needed -Wl,-z,relro -Wl,-z,now -Wl,--undefined-version -Wl,--hash-style=gnu -Wl,--compress-debug-sections=zstd  
/bin/sh -e ./tty/MKexpanded.sh "clang -E" -DHAVE_CONFIG_H -DBUILDING_NCURSES -I../ncurses -I. -I../include -D_DEFAULT_SOURCE -D_XOPEN_SOURCE=600 -DNDEBUG > expanded.c
/bin/sh -e ./tinfo/MKfallback.sh /usr/share/terminfo ../misc/terminfo.src "tic" "infocmp"  >fallback.c
FGREP="grep -F" /bin/sh -e ./base/MKlib_gen.sh "clang -E -DHAVE_CONFIG_H -DBUILDING_NCURSES -I../ncurses -I. -I../include -D_DEFAULT_SOURCE -D_XOPEN_SOURCE=600 -DNDEBUG" "gawk" generated <../include/curses.h >lib_gen.c
AWK=gawk USE_SIGWINCH=1 /bin/sh ./tinfo/MKkeys_list.sh ../include/Caps ../include/Caps-ncurses | LC_ALL=C sort >keys.list
FGREP="grep -F" /bin/sh -e ./base/MKlib_gen.sh "clang -E -DHAVE_CONFIG_H -DBUILDING_NCURSES -I../ncurses -I. -I../include -D_DEFAULT_SOURCE -D_XOPEN_SOURCE=600 -DNDEBUG" "gawk" implemented <../include/curses.h >link_test.c
gawk -f ./tinfo/MKnames.awk bigstrings=1 ../include/Caps ../include/Caps-ncurses >names.c
echo | gawk -f ./base/MKunctrl.awk bigstrings=1 >unctrl.c
gawk 'BEGIN { skip = 1; last=""; } /deprecated in ABI6/ { next; }{ sub("NCURSES([WT]+)?", "&6"); } { if ( last != "" && ( skip == 0 || $0 !~ /}/ ) ) { print last; } skip = 0; last = $0; } END { print last; }' < "../package/ncursesw.map" >resulting.map
clang -DHAVE_CONFIG_H -DBUILDING_NCURSES -I../ncurses -I. -I../include -D_DEFAULT_SOURCE -D_XOPEN_SOURCE=600 -DNDEBUG -march=x86-64-v3 -O2 -pipe -fno-plt -fexceptions -Wp,-D_FORTIFY_SOURCE=3 -fstack-clash-protection -fcf-protection -Qunused-arguments -Wno-error=implicit-function-declaration  -fPIC -c ../ncurses/./tty/hardscroll.c -o ../obj_s/hardscroll.o
clang -DHAVE_CONFIG_H -DBUILDING_NCURSES -I../ncurses -I. -I../include -D_DEFAULT_SOURCE -D_XOPEN_SOURCE=600 -DNDEBUG -march=x86-64-v3 -O2 -pipe -fno-plt -fexceptions -Wp,-D_FORTIFY_SOURCE=3 -fstack-clash-protection -fcf-protection -Qunused-arguments -Wno-error=implicit-function-declaration  -fPIC -c ../ncurses/./tty/hashmap.c -o ../obj_s/hashmap.o
clang -DHAVE_CONFIG_H -DBUILDING_NCURSES -I../ncurses -I. -I../include -D_DEFAULT_SOURCE -D_XOPEN_SOURCE=600 -DNDEBUG -march=x86-64-v3 -O2 -pipe -fno-plt -fexceptions -Wp,-D_FORTIFY_SOURCE=3 -fstack-clash-protection -fcf-protection -Qunused-arguments -Wno-error=implicit-function-declaration  -fPIC -c ../ncurses/./base/lib_addch.c -o ../obj_s/lib_addch.o
clang -DHAVE_CONFIG_H -DBUILDING_NCURSES -I../ncurses -I. -I../include -D_DEFAULT_SOURCE -D_XOPEN_SOURCE=600 -DNDEBUG -march=x86-64-v3 -O2 -pipe -fno-plt -fexceptions -Wp,-D_FORTIFY_SOURCE=3 -fstack-clash-protection -fcf-protection -Qunused-arguments -Wno-error=implicit-function-declaration  -fPIC -c ../ncurses/./base/lib_addstr.c -o ../obj_s/lib_addstr.o
clang -DHAVE_CONFIG_H -DBUILDING_NCURSES -I../ncurses -I. -I../include -D_DEFAULT_SOURCE -D_XOPEN_SOURCE=600 -DNDEBUG -march=x86-64-v3 -O2 -pipe -fno-plt -fexceptions -Wp,-D_FORTIFY_SOURCE=3 -fstack-clash-protection -fcf-protection -Qunused-arguments -Wno-error=implicit-function-declaration  -fPIC -c ../ncurses/./base/lib_beep.c -o ../obj_s/lib_beep.o
clang -DHAVE_CONFIG_H -DBUILDING_NCURSES -I../ncurses -I. -I../include -D_DEFAULT_SOURCE -D_XOPEN_SOURCE=600 -DNDEBUG -march=x86-64-v3 -O2 -pipe -fno-plt -fexceptions -Wp,-D_FORTIFY_SOURCE=3 -fstack-clash-protection -fcf-protection -Qunused-arguments -Wno-error=implicit-function-declaration  -fPIC -c ../ncurses/./base/lib_bkgd.c -o ../obj_s/lib_bkgd.o
clang -DHAVE_CONFIG_H -DBUILDING_NCURSES -I../ncurses -I. -I../include -D_DEFAULT_SOURCE -D_XOPEN_SOURCE=600 -DNDEBUG -march=x86-64-v3 -O2 -pipe -fno-plt -fexceptions -Wp,-D_FORTIFY_SOURCE=3 -fstack-clash-protection -fcf-protection -Qunused-arguments -Wno-error=implicit-function-declaration  -fPIC -c ../ncurses/./base/lib_box.c -o ../obj_s/lib_box.o
clang -DHAVE_CONFIG_H -DBUILDING_NCURSES -I../ncurses -I. -I../include -D_DEFAULT_SOURCE -D_XOPEN_SOURCE=600 -DNDEBUG -march=x86-64-v3 -O2 -pipe -fno-plt -fexceptions -Wp,-D_FORTIFY_SOURCE=3 -fstack-clash-protection -fcf-protection -Qunused-arguments -Wno-error=implicit-function-declaration  -fPIC -c ../ncurses/./base/lib_chgat.c -o ../obj_s/lib_chgat.o
clang -DHAVE_CONFIG_H -DBUILDING_NCURSES -I../ncurses -I. -I../include -D_DEFAULT_SOURCE -D_XOPEN_SOURCE=600 -DNDEBUG -march=x86-64-v3 -O2 -pipe -fno-plt -fexceptions -Wp,-D_FORTIFY_SOURCE=3 -fstack-clash-protection -fcf-protection -Qunused-arguments -Wno-error=implicit-function-declaration  -fPIC -c ../ncurses/./base/lib_clear.c -o ../obj_s/lib_clear.o
clang -DHAVE_CONFIG_H -DBUILDING_NCURSES -I../ncurses -I. -I../include -D_DEFAULT_SOURCE -D_XOPEN_SOURCE=600 -DNDEBUG -march=x86-64-v3 -O2 -pipe -fno-plt -fexceptions -Wp,-D_FORTIFY_SOURCE=3 -fstack-clash-protection -fcf-protection -Qunused-arguments -Wno-error=implicit-function-declaration  -fPIC -c ../ncurses/./base/lib_clearok.c -o ../obj_s/lib_clearok.o
clang -DHAVE_CONFIG_H -DBUILDING_NCURSES -I../ncurses -I. -I../include -D_DEFAULT_SOURCE -D_XOPEN_SOURCE=600 -DNDEBUG -march=x86-64-v3 -O2 -pipe -fno-plt -fexceptions -Wp,-D_FORTIFY_SOURCE=3 -fstack-clash-protection -fcf-protection -Qunused-arguments -Wno-error=implicit-function-declaration  -fPIC -c ../ncurses/./base/lib_clrbot.c -o ../obj_s/lib_clrbot.o
clang -DHAVE_CONFIG_H -DBUILDING_NCURSES -I../ncurses -I. -I../include -D_DEFAULT_SOURCE -D_XOPEN_SOURCE=600 -DNDEBUG -march=x86-64-v3 -O2 -pipe -fno-plt -fexceptions -Wp,-D_FORTIFY_SOURCE=3 -fstack-clash-protection -fcf-protection -Qunused-arguments -Wno-error=implicit-function-declaration  -fPIC -c ../ncurses/./base/lib_clreol.c -o ../obj_s/lib_clreol.o
clang -DHAVE_CONFIG_H -DBUILDING_NCURSES -I../ncurses -I. -I../include -D_DEFAULT_SOURCE -D_XOPEN_SOURCE=600 -DNDEBUG -march=x86-64-v3 -O2 -pipe -fno-plt -fexceptions -Wp,-D_FORTIFY_SOURCE=3 -fstack-clash-protection -fcf-protection -Qunused-arguments -Wno-error=implicit-function-declaration  -fPIC -c ../ncurses/./base/lib_color.c -o ../obj_s/lib_color.o
clang -DHAVE_CONFIG_H -DBUILDING_NCURSES -I../ncurses -I. -I../include -D_DEFAULT_SOURCE -D_XOPEN_SOURCE=600 -DNDEBUG -march=x86-64-v3 -O2 -pipe -fno-plt -fexceptions -Wp,-D_FORTIFY_SOURCE=3 -fstack-clash-protection -fcf-protection -Qunused-arguments -Wno-error=implicit-function-declaration  -fPIC -c ../ncurses/./base/lib_colorset.c -o ../obj_s/lib_colorset.o
clang -DHAVE_CONFIG_H -DBUILDING_NCURSES -I../ncurses -I. -I../include -D_DEFAULT_SOURCE -D_XOPEN_SOURCE=600 -DNDEBUG -march=x86-64-v3 -O2 -pipe -fno-plt -fexceptions -Wp,-D_FORTIFY_SOURCE=3 -fstack-clash-protection -fcf-protection -Qunused-arguments -Wno-error=implicit-function-declaration  -fPIC -c ../ncurses/./base/lib_delch.c -o ../obj_s/lib_delch.o
clang -DHAVE_CONFIG_H -DBUILDING_NCURSES -I../ncurses -I. -I../include -D_DEFAULT_SOURCE -D_XOPEN_SOURCE=600 -DNDEBUG -march=x86-64-v3 -O2 -pipe -fno-plt -fexceptions -Wp,-D_FORTIFY_SOURCE=3 -fstack-clash-protection -fcf-protection -Qunused-arguments -Wno-error=implicit-function-declaration  -fPIC -c ../ncurses/./base/lib_delwin.c -o ../obj_s/lib_delwin.o
clang -DHAVE_CONFIG_H -DBUILDING_NCURSES -I../ncurses -I. -I../include -D_DEFAULT_SOURCE -D_XOPEN_SOURCE=600 -DNDEBUG -march=x86-64-v3 -O2 -pipe -fno-plt -fexceptions -Wp,-D_FORTIFY_SOURCE=3 -fstack-clash-protection -fcf-protection -Qunused-arguments -Wno-error=implicit-function-declaration  -fPIC -c ../ncurses/./base/lib_echo.c -o ../obj_s/lib_echo.o
clang -DHAVE_CONFIG_H -DBUILDING_NCURSES -I../ncurses -I. -I../include -D_DEFAULT_SOURCE -D_XOPEN_SOURCE=600 -DNDEBUG -march=x86-64-v3 -O2 -pipe -fno-plt -fexceptions -Wp,-D_FORTIFY_SOURCE=3 -fstack-clash-protection -fcf-protection -Qunused-arguments -Wno-error=implicit-function-declaration  -fPIC -c ../ncurses/./base/lib_endwin.c -o ../obj_s/lib_endwin.o
clang -DHAVE_CONFIG_H -DBUILDING_NCURSES -I../ncurses -I. -I../include -D_DEFAULT_SOURCE -D_XOPEN_SOURCE=600 -DNDEBUG -march=x86-64-v3 -O2 -pipe -fno-plt -fexceptions -Wp,-D_FORTIFY_SOURCE=3 -fstack-clash-protection -fcf-protection -Qunused-arguments -Wno-error=implicit-function-declaration  -fPIC -c ../ncurses/./base/lib_erase.c -o ../obj_s/lib_erase.o
clang -DHAVE_CONFIG_H -DBUILDING_NCURSES -I../ncurses -I. -I../include -D_DEFAULT_SOURCE -D_XOPEN_SOURCE=600 -DNDEBUG -march=x86-64-v3 -O2 -pipe -fno-plt -fexceptions -Wp,-D_FORTIFY_SOURCE=3 -fstack-clash-protection -fcf-protection -Qunused-arguments -Wno-error=implicit-function-declaration  -fPIC -c ../ncurses/./base/lib_flash.c -o ../obj_s/lib_flash.o
clang -DHAVE_CONFIG_H -DBUILDING_NCURSES -I../ncurses -I. -I../include -D_DEFAULT_SOURCE -D_XOPEN_SOURCE=600 -DNDEBUG -march=x86-64-v3 -O2 -pipe -fno-plt -fexceptions -Wp,-D_FORTIFY_SOURCE=3 -fstack-clash-protection -fcf-protection -Qunused-arguments -Wno-error=implicit-function-declaration  -fPIC -c ../ncurses/./base/lib_getch.c -o ../obj_s/lib_getch.o
clang -DHAVE_CONFIG_H -DBUILDING_NCURSES -I../ncurses -I. -I../include -D_DEFAULT_SOURCE -D_XOPEN_SOURCE=600 -DNDEBUG -march=x86-64-v3 -O2 -pipe -fno-plt -fexceptions -Wp,-D_FORTIFY_SOURCE=3 -fstack-clash-protection -fcf-protection -Qunused-arguments -Wno-error=implicit-function-declaration  -fPIC -c ../ncurses/./base/lib_getstr.c -o ../obj_s/lib_getstr.o
clang -DHAVE_CONFIG_H -DBUILDING_NCURSES -I../ncurses -I. -I../include -D_DEFAULT_SOURCE -D_XOPEN_SOURCE=600 -DNDEBUG -march=x86-64-v3 -O2 -pipe -fno-plt -fexceptions -Wp,-D_FORTIFY_SOURCE=3 -fstack-clash-protection -fcf-protection -Qunused-arguments -Wno-error=implicit-function-declaration  -fPIC -c ../ncurses/./base/lib_hline.c -o ../obj_s/lib_hline.o
clang -DHAVE_CONFIG_H -DBUILDING_NCURSES -I../ncurses -I. -I../include -D_DEFAULT_SOURCE -D_XOPEN_SOURCE=600 -DNDEBUG -march=x86-64-v3 -O2 -pipe -fno-plt -fexceptions -Wp,-D_FORTIFY_SOURCE=3 -fstack-clash-protection -fcf-protection -Qunused-arguments -Wno-error=implicit-function-declaration  -fPIC -c ../ncurses/./base/lib_immedok.c -o ../obj_s/lib_immedok.o
clang -DHAVE_CONFIG_H -DBUILDING_NCURSES -I../ncurses -I. -I../include -D_DEFAULT_SOURCE -D_XOPEN_SOURCE=600 -DNDEBUG -march=x86-64-v3 -O2 -pipe -fno-plt -fexceptions -Wp,-D_FORTIFY_SOURCE=3 -fstack-clash-protection -fcf-protection -Qunused-arguments -Wno-error=implicit-function-declaration  -fPIC -c ../ncurses/./base/lib_inchstr.c -o ../obj_s/lib_inchstr.o
clang -DHAVE_CONFIG_H -DBUILDING_NCURSES -I../ncurses -I. -I../include -D_DEFAULT_SOURCE -D_XOPEN_SOURCE=600 -DNDEBUG -march=x86-64-v3 -O2 -pipe -fno-plt -fexceptions -Wp,-D_FORTIFY_SOURCE=3 -fstack-clash-protection -fcf-protection -Qunused-arguments -Wno-error=implicit-function-declaration  -fPIC -c ../ncurses/./base/lib_initscr.c -o ../obj_s/lib_initscr.o
clang -DHAVE_CONFIG_H -DBUILDING_NCURSES -I../ncurses -I. -I../include -D_DEFAULT_SOURCE -D_XOPEN_SOURCE=600 -DNDEBUG -march=x86-64-v3 -O2 -pipe -fno-plt -fexceptions -Wp,-D_FORTIFY_SOURCE=3 -fstack-clash-protection -fcf-protection -Qunused-arguments -Wno-error=implicit-function-declaration  -fPIC -c ../ncurses/./base/lib_insch.c -o ../obj_s/lib_insch.o
clang -DHAVE_CONFIG_H -DBUILDING_NCURSES -I../ncurses -I. -I../include -D_DEFAULT_SOURCE -D_XOPEN_SOURCE=600 -DNDEBUG -march=x86-64-v3 -O2 -pipe -fno-plt -fexceptions -Wp,-D_FORTIFY_SOURCE=3 -fstack-clash-protection -fcf-protection -Qunused-arguments -Wno-error=implicit-function-declaration  -fPIC -c ../ncurses/./base/lib_insdel.c -o ../obj_s/lib_insdel.o
clang -DHAVE_CONFIG_H -DBUILDING_NCURSES -I../ncurses -I. -I../include -D_DEFAULT_SOURCE -D_XOPEN_SOURCE=600 -DNDEBUG -march=x86-64-v3 -O2 -pipe -fno-plt -fexceptions -Wp,-D_FORTIFY_SOURCE=3 -fstack-clash-protection -fcf-protection -Qunused-arguments -Wno-error=implicit-function-declaration  -fPIC -c ../ncurses/./base/lib_insnstr.c -o ../obj_s/lib_insnstr.o
clang -DHAVE_CONFIG_H -DBUILDING_NCURSES -I../ncurses -I. -I../include -D_DEFAULT_SOURCE -D_XOPEN_SOURCE=600 -DNDEBUG -march=x86-64-v3 -O2 -pipe -fno-plt -fexceptions -Wp,-D_FORTIFY_SOURCE=3 -fstack-clash-protection -fcf-protection -Qunused-arguments -Wno-error=implicit-function-declaration  -fPIC -c ../ncurses/./base/lib_instr.c -o ../obj_s/lib_instr.o
clang -DHAVE_CONFIG_H -DBUILDING_NCURSES -I../ncurses -I. -I../include -D_DEFAULT_SOURCE -D_XOPEN_SOURCE=600 -DNDEBUG -march=x86-64-v3 -O2 -pipe -fno-plt -fexceptions -Wp,-D_FORTIFY_SOURCE=3 -fstack-clash-protection -fcf-protection -Qunused-arguments -Wno-error=implicit-function-declaration  -fPIC -c ../ncurses/./base/lib_isendwin.c -o ../obj_s/lib_isendwin.o
clang -DHAVE_CONFIG_H -DBUILDING_NCURSES -I../ncurses -I. -I../include -D_DEFAULT_SOURCE -D_XOPEN_SOURCE=600 -DNDEBUG -march=x86-64-v3 -O2 -pipe -fno-plt -fexceptions -Wp,-D_FORTIFY_SOURCE=3 -fstack-clash-protection -fcf-protection -Qunused-arguments -Wno-error=implicit-function-declaration  -fPIC -c ../ncurses/./base/lib_leaveok.c -o ../obj_s/lib_leaveok.o
... made make_hash
clang -DHAVE_CONFIG_H -DBUILDING_NCURSES -I../ncurses -I. -I../include -D_DEFAULT_SOURCE -D_XOPEN_SOURCE=600 -DNDEBUG -march=x86-64-v3 -O2 -pipe -fno-plt -fexceptions -Wp,-D_FORTIFY_SOURCE=3 -fstack-clash-protection -fcf-protection -Qunused-arguments -Wno-error=implicit-function-declaration  -fPIC -c ../ncurses/./base/lib_mouse.c -o ../obj_s/lib_mouse.o
clang -DHAVE_CONFIG_H -DBUILDING_NCURSES -I../ncurses -I. -I../include -D_DEFAULT_SOURCE -D_XOPEN_SOURCE=600 -DNDEBUG -march=x86-64-v3 -O2 -pipe -fno-plt -fexceptions -Wp,-D_FORTIFY_SOURCE=3 -fstack-clash-protection -fcf-protection -Qunused-arguments -Wno-error=implicit-function-declaration  -fPIC -c ../ncurses/./base/lib_move.c -o ../obj_s/lib_move.o
clang -DHAVE_CONFIG_H -DBUILDING_NCURSES -I../ncurses -I. -I../include -D_DEFAULT_SOURCE -D_XOPEN_SOURCE=600 -DNDEBUG -march=x86-64-v3 -O2 -pipe -fno-plt -fexceptions -Wp,-D_FORTIFY_SOURCE=3 -fstack-clash-protection -fcf-protection -Qunused-arguments -Wno-error=implicit-function-declaration  -fPIC -c ../ncurses/./tty/lib_mvcur.c -o ../obj_s/lib_mvcur.o
clang -DHAVE_CONFIG_H -DBUILDING_NCURSES -I../ncurses -I. -I../include -D_DEFAULT_SOURCE -D_XOPEN_SOURCE=600 -DNDEBUG -march=x86-64-v3 -O2 -pipe -fno-plt -fexceptions -Wp,-D_FORTIFY_SOURCE=3 -fstack-clash-protection -fcf-protection -Qunused-arguments -Wno-error=implicit-function-declaration  -fPIC -c ../ncurses/./base/lib_mvwin.c -o ../obj_s/lib_mvwin.o
clang -DHAVE_CONFIG_H -DBUILDING_NCURSES -I../ncurses -I. -I../include -D_DEFAULT_SOURCE -D_XOPEN_SOURCE=600 -DNDEBUG -march=x86-64-v3 -O2 -pipe -fno-plt -fexceptions -Wp,-D_FORTIFY_SOURCE=3 -fstack-clash-protection -fcf-protection -Qunused-arguments -Wno-error=implicit-function-declaration  -fPIC -c ../ncurses/./base/lib_newterm.c -o ../obj_s/lib_newterm.o
clang -DHAVE_CONFIG_H -DBUILDING_NCURSES -I../ncurses -I. -I../include -D_DEFAULT_SOURCE -D_XOPEN_SOURCE=600 -DNDEBUG -march=x86-64-v3 -O2 -pipe -fno-plt -fexceptions -Wp,-D_FORTIFY_SOURCE=3 -fstack-clash-protection -fcf-protection -Qunused-arguments -Wno-error=implicit-function-declaration  -fPIC -c ../ncurses/./base/lib_newwin.c -o ../obj_s/lib_newwin.o
clang -DHAVE_CONFIG_H -DBUILDING_NCURSES -I../ncurses -I. -I../include -D_DEFAULT_SOURCE -D_XOPEN_SOURCE=600 -DNDEBUG -march=x86-64-v3 -O2 -pipe -fno-plt -fexceptions -Wp,-D_FORTIFY_SOURCE=3 -fstack-clash-protection -fcf-protection -Qunused-arguments -Wno-error=implicit-function-declaration  -fPIC -c ../ncurses/./base/lib_nl.c -o ../obj_s/lib_nl.o
clang -DHAVE_CONFIG_H -DBUILDING_NCURSES -I../ncurses -I. -I../include -D_DEFAULT_SOURCE -D_XOPEN_SOURCE=600 -DNDEBUG -march=x86-64-v3 -O2 -pipe -fno-plt -fexceptions -Wp,-D_FORTIFY_SOURCE=3 -fstack-clash-protection -fcf-protection -Qunused-arguments -Wno-error=implicit-function-declaration  -fPIC -c ../ncurses/./base/lib_overlay.c -o ../obj_s/lib_overlay.o
clang -DHAVE_CONFIG_H -DBUILDING_NCURSES -I../ncurses -I. -I../include -D_DEFAULT_SOURCE -D_XOPEN_SOURCE=600 -DNDEBUG -march=x86-64-v3 -O2 -pipe -fno-plt -fexceptions -Wp,-D_FORTIFY_SOURCE=3 -fstack-clash-protection -fcf-protection -Qunused-arguments -Wno-error=implicit-function-declaration  -fPIC -c ../ncurses/./base/lib_pad.c -o ../obj_s/lib_pad.o
clang -DHAVE_CONFIG_H -DBUILDING_NCURSES -I../ncurses -I. -I../include -D_DEFAULT_SOURCE -D_XOPEN_SOURCE=600 -DNDEBUG -march=x86-64-v3 -O2 -pipe -fno-plt -fexceptions -Wp,-D_FORTIFY_SOURCE=3 -fstack-clash-protection -fcf-protection -Qunused-arguments -Wno-error=implicit-function-declaration  -fPIC -c ../ncurses/./base/lib_printw.c -o ../obj_s/lib_printw.o
clang -DHAVE_CONFIG_H -DBUILDING_NCURSES -I../ncurses -I. -I../include -D_DEFAULT_SOURCE -D_XOPEN_SOURCE=600 -DNDEBUG -march=x86-64-v3 -O2 -pipe -fno-plt -fexceptions -Wp,-D_FORTIFY_SOURCE=3 -fstack-clash-protection -fcf-protection -Qunused-arguments -Wno-error=implicit-function-declaration  -fPIC -c ../ncurses/./base/lib_redrawln.c -o ../obj_s/lib_redrawln.o
clang -DHAVE_CONFIG_H -DBUILDING_NCURSES -I../ncurses -I. -I../include -D_DEFAULT_SOURCE -D_XOPEN_SOURCE=600 -DNDEBUG -march=x86-64-v3 -O2 -pipe -fno-plt -fexceptions -Wp,-D_FORTIFY_SOURCE=3 -fstack-clash-protection -fcf-protection -Qunused-arguments -Wno-error=implicit-function-declaration  -fPIC -c ../ncurses/./base/lib_refresh.c -o ../obj_s/lib_refresh.o
clang -DHAVE_CONFIG_H -DBUILDING_NCURSES -I../ncurses -I. -I../include -D_DEFAULT_SOURCE -D_XOPEN_SOURCE=600 -DNDEBUG -march=x86-64-v3 -O2 -pipe -fno-plt -fexceptions -Wp,-D_FORTIFY_SOURCE=3 -fstack-clash-protection -fcf-protection -Qunused-arguments -Wno-error=implicit-function-declaration  -fPIC -c ../ncurses/./base/lib_restart.c -o ../obj_s/lib_restart.o
clang -DHAVE_CONFIG_H -DBUILDING_NCURSES -I../ncurses -I. -I../include -D_DEFAULT_SOURCE -D_XOPEN_SOURCE=600 -DNDEBUG -march=x86-64-v3 -O2 -pipe -fno-plt -fexceptions -Wp,-D_FORTIFY_SOURCE=3 -fstack-clash-protection -fcf-protection -Qunused-arguments -Wno-error=implicit-function-declaration  -fPIC -c ../ncurses/./base/lib_scanw.c -o ../obj_s/lib_scanw.o
clang -DHAVE_CONFIG_H -DBUILDING_NCURSES -I../ncurses -I. -I../include -D_DEFAULT_SOURCE -D_XOPEN_SOURCE=600 -DNDEBUG -march=x86-64-v3 -O2 -pipe -fno-plt -fexceptions -Wp,-D_FORTIFY_SOURCE=3 -fstack-clash-protection -fcf-protection -Qunused-arguments -Wno-error=implicit-function-declaration  -fPIC -c ../ncurses/./base/lib_screen.c -o ../obj_s/lib_screen.o
clang -DHAVE_CONFIG_H -DBUILDING_NCURSES -I../ncurses -I. -I../include -D_DEFAULT_SOURCE -D_XOPEN_SOURCE=600 -DNDEBUG -march=x86-64-v3 -O2 -pipe -fno-plt -fexceptions -Wp,-D_FORTIFY_SOURCE=3 -fstack-clash-protection -fcf-protection -Qunused-arguments -Wno-error=implicit-function-declaration  -fPIC -c ../ncurses/./base/lib_scroll.c -o ../obj_s/lib_scroll.o
clang -DHAVE_CONFIG_H -DBUILDING_NCURSES -I../ncurses -I. -I../include -D_DEFAULT_SOURCE -D_XOPEN_SOURCE=600 -DNDEBUG -march=x86-64-v3 -O2 -pipe -fno-plt -fexceptions -Wp,-D_FORTIFY_SOURCE=3 -fstack-clash-protection -fcf-protection -Qunused-arguments -Wno-error=implicit-function-declaration  -fPIC -c ../ncurses/./base/lib_scrollok.c -o ../obj_s/lib_scrollok.o
clang -DHAVE_CONFIG_H -DBUILDING_NCURSES -I../ncurses -I. -I../include -D_DEFAULT_SOURCE -D_XOPEN_SOURCE=600 -DNDEBUG -march=x86-64-v3 -O2 -pipe -fno-plt -fexceptions -Wp,-D_FORTIFY_SOURCE=3 -fstack-clash-protection -fcf-protection -Qunused-arguments -Wno-error=implicit-function-declaration  -fPIC -c ../ncurses/./base/lib_scrreg.c -o ../obj_s/lib_scrreg.o
clang -DHAVE_CONFIG_H -DBUILDING_NCURSES -I../ncurses -I. -I../include -D_DEFAULT_SOURCE -D_XOPEN_SOURCE=600 -DNDEBUG -march=x86-64-v3 -O2 -pipe -fno-plt -fexceptions -Wp,-D_FORTIFY_SOURCE=3 -fstack-clash-protection -fcf-protection -Qunused-arguments -Wno-error=implicit-function-declaration  -fPIC -c ../ncurses/./base/lib_set_term.c -o ../obj_s/lib_set_term.o
clang -DHAVE_CONFIG_H -DBUILDING_NCURSES -I../ncurses -I. -I../include -D_DEFAULT_SOURCE -D_XOPEN_SOURCE=600 -DNDEBUG -march=x86-64-v3 -O2 -pipe -fno-plt -fexceptions -Wp,-D_FORTIFY_SOURCE=3 -fstack-clash-protection -fcf-protection -Qunused-arguments -Wno-error=implicit-function-declaration  -fPIC -c ../ncurses/./base/lib_slk.c -o ../obj_s/lib_slk.o
clang -DHAVE_CONFIG_H -DBUILDING_NCURSES -I../ncurses -I. -I../include -D_DEFAULT_SOURCE -D_XOPEN_SOURCE=600 -DNDEBUG -march=x86-64-v3 -O2 -pipe -fno-plt -fexceptions -Wp,-D_FORTIFY_SOURCE=3 -fstack-clash-protection -fcf-protection -Qunused-arguments -Wno-error=implicit-function-declaration  -fPIC -c ../ncurses/./base/lib_slkatr_set.c -o ../obj_s/lib_slkatr_set.o
clang -DHAVE_CONFIG_H -DBUILDING_NCURSES -I../ncurses -I. -I../include -D_DEFAULT_SOURCE -D_XOPEN_SOURCE=600 -DNDEBUG -march=x86-64-v3 -O2 -pipe -fno-plt -fexceptions -Wp,-D_FORTIFY_SOURCE=3 -fstack-clash-protection -fcf-protection -Qunused-arguments -Wno-error=implicit-function-declaration  -fPIC -c ../ncurses/./base/lib_slkatrof.c -o ../obj_s/lib_slkatrof.o
clang -DHAVE_CONFIG_H -DBUILDING_NCURSES -I../ncurses -I. -I../include -D_DEFAULT_SOURCE -D_XOPEN_SOURCE=600 -DNDEBUG -march=x86-64-v3 -O2 -pipe -fno-plt -fexceptions -Wp,-D_FORTIFY_SOURCE=3 -fstack-clash-protection -fcf-protection -Qunused-arguments -Wno-error=implicit-function-declaration  -fPIC -c ../ncurses/./base/lib_slkatron.c -o ../obj_s/lib_slkatron.o
clang -DHAVE_CONFIG_H -DBUILDING_NCURSES -I../ncurses -I. -I../include -D_DEFAULT_SOURCE -D_XOPEN_SOURCE=600 -DNDEBUG -march=x86-64-v3 -O2 -pipe -fno-plt -fexceptions -Wp,-D_FORTIFY_SOURCE=3 -fstack-clash-protection -fcf-protection -Qunused-arguments -Wno-error=implicit-function-declaration  -fPIC -c ../ncurses/./base/lib_slkatrset.c -o ../obj_s/lib_slkatrset.o
clang -DHAVE_CONFIG_H -DBUILDING_NCURSES -I../ncurses -I. -I../include -D_DEFAULT_SOURCE -D_XOPEN_SOURCE=600 -DNDEBUG -march=x86-64-v3 -O2 -pipe -fno-plt -fexceptions -Wp,-D_FORTIFY_SOURCE=3 -fstack-clash-protection -fcf-protection -Qunused-arguments -Wno-error=implicit-function-declaration  -fPIC -c ../ncurses/./base/lib_slkattr.c -o ../obj_s/lib_slkattr.o
clang -DHAVE_CONFIG_H -DBUILDING_NCURSES -I../ncurses -I. -I../include -D_DEFAULT_SOURCE -D_XOPEN_SOURCE=600 -DNDEBUG -march=x86-64-v3 -O2 -pipe -fno-plt -fexceptions -Wp,-D_FORTIFY_SOURCE=3 -fstack-clash-protection -fcf-protection -Qunused-arguments -Wno-error=implicit-function-declaration  -fPIC -c ../ncurses/./base/lib_slkclear.c -o ../obj_s/lib_slkclear.o
clang -DHAVE_CONFIG_H -DBUILDING_NCURSES -I../ncurses -I. -I../include -D_DEFAULT_SOURCE -D_XOPEN_SOURCE=600 -DNDEBUG -march=x86-64-v3 -O2 -pipe -fno-plt -fexceptions -Wp,-D_FORTIFY_SOURCE=3 -fstack-clash-protection -fcf-protection -Qunused-arguments -Wno-error=implicit-function-declaration  -fPIC -c ../ncurses/./base/lib_slkcolor.c -o ../obj_s/lib_slkcolor.o
clang -DHAVE_CONFIG_H -DBUILDING_NCURSES -I../ncurses -I. -I../include -D_DEFAULT_SOURCE -D_XOPEN_SOURCE=600 -DNDEBUG -march=x86-64-v3 -O2 -pipe -fno-plt -fexceptions -Wp,-D_FORTIFY_SOURCE=3 -fstack-clash-protection -fcf-protection -Qunused-arguments -Wno-error=implicit-function-declaration  -fPIC -c ../ncurses/./base/lib_slkinit.c -o ../obj_s/lib_slkinit.o
clang -DHAVE_CONFIG_H -DBUILDING_NCURSES -I../ncurses -I. -I../include -D_DEFAULT_SOURCE -D_XOPEN_SOURCE=600 -DNDEBUG -march=x86-64-v3 -O2 -pipe -fno-plt -fexceptions -Wp,-D_FORTIFY_SOURCE=3 -fstack-clash-protection -fcf-protection -Qunused-arguments -Wno-error=implicit-function-declaration  -fPIC -c ../ncurses/./base/lib_slklab.c -o ../obj_s/lib_slklab.o
clang -DHAVE_CONFIG_H -DBUILDING_NCURSES -I../ncurses -I. -I../include -D_DEFAULT_SOURCE -D_XOPEN_SOURCE=600 -DNDEBUG -march=x86-64-v3 -O2 -pipe -fno-plt -fexceptions -Wp,-D_FORTIFY_SOURCE=3 -fstack-clash-protection -fcf-protection -Qunused-arguments -Wno-error=implicit-function-declaration  -fPIC -c ../ncurses/./base/lib_slkrefr.c -o ../obj_s/lib_slkrefr.o
clang -DHAVE_CONFIG_H -DBUILDING_NCURSES -I../ncurses -I. -I../include -D_DEFAULT_SOURCE -D_XOPEN_SOURCE=600 -DNDEBUG -march=x86-64-v3 -O2 -pipe -fno-plt -fexceptions -Wp,-D_FORTIFY_SOURCE=3 -fstack-clash-protection -fcf-protection -Qunused-arguments -Wno-error=implicit-function-declaration  -fPIC -c ../ncurses/./base/lib_slkset.c -o ../obj_s/lib_slkset.o
clang -DHAVE_CONFIG_H -DBUILDING_NCURSES -I../ncurses -I. -I../include -D_DEFAULT_SOURCE -D_XOPEN_SOURCE=600 -DNDEBUG -march=x86-64-v3 -O2 -pipe -fno-plt -fexceptions -Wp,-D_FORTIFY_SOURCE=3 -fstack-clash-protection -fcf-protection -Qunused-arguments -Wno-error=implicit-function-declaration  -fPIC -c ../ncurses/./base/lib_slktouch.c -o ../obj_s/lib_slktouch.o
clang -DHAVE_CONFIG_H -DBUILDING_NCURSES -I../ncurses -I. -I../include -D_DEFAULT_SOURCE -D_XOPEN_SOURCE=600 -DNDEBUG -march=x86-64-v3 -O2 -pipe -fno-plt -fexceptions -Wp,-D_FORTIFY_SOURCE=3 -fstack-clash-protection -fcf-protection -Qunused-arguments -Wno-error=implicit-function-declaration  -fPIC -c ../ncurses/./base/lib_touch.c -o ../obj_s/lib_touch.o
clang -DHAVE_CONFIG_H -DBUILDING_NCURSES -I../ncurses -I. -I../include -D_DEFAULT_SOURCE -D_XOPEN_SOURCE=600 -DNDEBUG -march=x86-64-v3 -O2 -pipe -fno-plt -fexceptions -Wp,-D_FORTIFY_SOURCE=3 -fstack-clash-protection -fcf-protection -Qunused-arguments -Wno-error=implicit-function-declaration  -fPIC -c ../ncurses/./tty/lib_tstp.c -o ../obj_s/lib_tstp.o
clang -DHAVE_CONFIG_H -DBUILDING_NCURSES -I../ncurses -I. -I../include -D_DEFAULT_SOURCE -D_XOPEN_SOURCE=600 -DNDEBUG -march=x86-64-v3 -O2 -pipe -fno-plt -fexceptions -Wp,-D_FORTIFY_SOURCE=3 -fstack-clash-protection -fcf-protection -Qunused-arguments -Wno-error=implicit-function-declaration  -fPIC -c ../ncurses/./base/lib_ungetch.c -o ../obj_s/lib_ungetch.o
clang -DHAVE_CONFIG_H -DBUILDING_NCURSES -I../ncurses -I. -I../include -D_DEFAULT_SOURCE -D_XOPEN_SOURCE=600 -DNDEBUG -march=x86-64-v3 -O2 -pipe -fno-plt -fexceptions -Wp,-D_FORTIFY_SOURCE=3 -fstack-clash-protection -fcf-protection -Qunused-arguments -Wno-error=implicit-function-declaration  -fPIC -c ../ncurses/./tty/lib_vidattr.c -o ../obj_s/lib_vidattr.o
clang -DHAVE_CONFIG_H -DBUILDING_NCURSES -I../ncurses -I. -I../include -D_DEFAULT_SOURCE -D_XOPEN_SOURCE=600 -DNDEBUG -march=x86-64-v3 -O2 -pipe -fno-plt -fexceptions -Wp,-D_FORTIFY_SOURCE=3 -fstack-clash-protection -fcf-protection -Qunused-arguments -Wno-error=implicit-function-declaration  -fPIC -c ../ncurses/./base/lib_vline.c -o ../obj_s/lib_vline.o
clang -DHAVE_CONFIG_H -DBUILDING_NCURSES -I../ncurses -I. -I../include -D_DEFAULT_SOURCE -D_XOPEN_SOURCE=600 -DNDEBUG -march=x86-64-v3 -O2 -pipe -fno-plt -fexceptions -Wp,-D_FORTIFY_SOURCE=3 -fstack-clash-protection -fcf-protection -Qunused-arguments -Wno-error=implicit-function-declaration  -fPIC -c ../ncurses/./base/lib_wattroff.c -o ../obj_s/lib_wattroff.o
clang -DHAVE_CONFIG_H -DBUILDING_NCURSES -I../ncurses -I. -I../include -D_DEFAULT_SOURCE -D_XOPEN_SOURCE=600 -DNDEBUG -march=x86-64-v3 -O2 -pipe -fno-plt -fexceptions -Wp,-D_FORTIFY_SOURCE=3 -fstack-clash-protection -fcf-protection -Qunused-arguments -Wno-error=implicit-function-declaration  -fPIC -c ../ncurses/./base/lib_wattron.c -o ../obj_s/lib_wattron.o
clang -DHAVE_CONFIG_H -DBUILDING_NCURSES -I../ncurses -I. -I../include -D_DEFAULT_SOURCE -D_XOPEN_SOURCE=600 -DNDEBUG -march=x86-64-v3 -O2 -pipe -fno-plt -fexceptions -Wp,-D_FORTIFY_SOURCE=3 -fstack-clash-protection -fcf-protection -Qunused-arguments -Wno-error=implicit-function-declaration  -fPIC -c ../ncurses/./base/lib_winch.c -o ../obj_s/lib_winch.o
clang -DHAVE_CONFIG_H -DBUILDING_NCURSES -I../ncurses -I. -I../include -D_DEFAULT_SOURCE -D_XOPEN_SOURCE=600 -DNDEBUG -march=x86-64-v3 -O2 -pipe -fno-plt -fexceptions -Wp,-D_FORTIFY_SOURCE=3 -fstack-clash-protection -fcf-protection -Qunused-arguments -Wno-error=implicit-function-declaration  -fPIC -c ../ncurses/./base/lib_window.c -o ../obj_s/lib_window.o
clang -DHAVE_CONFIG_H -DBUILDING_NCURSES -I../ncurses -I. -I../include -D_DEFAULT_SOURCE -D_XOPEN_SOURCE=600 -DNDEBUG -march=x86-64-v3 -O2 -pipe -fno-plt -fexceptions -Wp,-D_FORTIFY_SOURCE=3 -fstack-clash-protection -fcf-protection -Qunused-arguments -Wno-error=implicit-function-declaration  -fPIC -c ../ncurses/./base/nc_panel.c -o ../obj_s/nc_panel.o
clang -DHAVE_CONFIG_H -DBUILDING_NCURSES -I../ncurses -I. -I../include -D_DEFAULT_SOURCE -D_XOPEN_SOURCE=600 -DNDEBUG -march=x86-64-v3 -O2 -pipe -fno-plt -fexceptions -Wp,-D_FORTIFY_SOURCE=3 -fstack-clash-protection -fcf-protection -Qunused-arguments -Wno-error=implicit-function-declaration  -fPIC -c ../ncurses/./base/safe_sprintf.c -o ../obj_s/safe_sprintf.o
clang -DHAVE_CONFIG_H -DBUILDING_NCURSES -I../ncurses -I. -I../include -D_DEFAULT_SOURCE -D_XOPEN_SOURCE=600 -DNDEBUG -march=x86-64-v3 -O2 -pipe -fno-plt -fexceptions -Wp,-D_FORTIFY_SOURCE=3 -fstack-clash-protection -fcf-protection -Qunused-arguments -Wno-error=implicit-function-declaration  -fPIC -c ../ncurses/./tty/tty_update.c -o ../obj_s/tty_update.o
clang -DHAVE_CONFIG_H -DBUILDING_NCURSES -I../ncurses -I. -I../include -D_DEFAULT_SOURCE -D_XOPEN_SOURCE=600 -DNDEBUG -march=x86-64-v3 -O2 -pipe -fno-plt -fexceptions -Wp,-D_FORTIFY_SOURCE=3 -fstack-clash-protection -fcf-protection -Qunused-arguments -Wno-error=implicit-function-declaration  -fPIC -c ../ncurses/./trace/varargs.c -o ../obj_s/varargs.o
clang -DHAVE_CONFIG_H -DBUILDING_NCURSES -I../ncurses -I. -I../include -D_DEFAULT_SOURCE -D_XOPEN_SOURCE=600 -DNDEBUG -march=x86-64-v3 -O2 -pipe -fno-plt -fexceptions -Wp,-D_FORTIFY_SOURCE=3 -fstack-clash-protection -fcf-protection -Qunused-arguments -Wno-error=implicit-function-declaration  -fPIC -c ../ncurses/./base/vsscanf.c -o ../obj_s/vsscanf.o
clang -DHAVE_CONFIG_H -DBUILDING_NCURSES -I../ncurses -I. -I../include -D_DEFAULT_SOURCE -D_XOPEN_SOURCE=600 -DNDEBUG -march=x86-64-v3 -O2 -pipe -fno-plt -fexceptions -Wp,-D_FORTIFY_SOURCE=3 -fstack-clash-protection -fcf-protection -Qunused-arguments -Wno-error=implicit-function-declaration  -fPIC -c ../ncurses/./base/lib_freeall.c -o ../obj_s/lib_freeall.o
clang -DHAVE_CONFIG_H -DBUILDING_NCURSES -I../ncurses -I. -I../include -D_DEFAULT_SOURCE -D_XOPEN_SOURCE=600 -DNDEBUG -march=x86-64-v3 -O2 -pipe -fno-plt -fexceptions -Wp,-D_FORTIFY_SOURCE=3 -fstack-clash-protection -fcf-protection -Qunused-arguments -Wno-error=implicit-function-declaration  -fPIC -c ../ncurses/./widechar/charable.c -o ../obj_s/charable.o
clang -DHAVE_CONFIG_H -DBUILDING_NCURSES -I../ncurses -I. -I../include -D_DEFAULT_SOURCE -D_XOPEN_SOURCE=600 -DNDEBUG -march=x86-64-v3 -O2 -pipe -fno-plt -fexceptions -Wp,-D_FORTIFY_SOURCE=3 -fstack-clash-protection -fcf-protection -Qunused-arguments -Wno-error=implicit-function-declaration  -fPIC -c ../ncurses/./widechar/lib_add_wch.c -o ../obj_s/lib_add_wch.o
clang -DHAVE_CONFIG_H -DBUILDING_NCURSES -I../ncurses -I. -I../include -D_DEFAULT_SOURCE -D_XOPEN_SOURCE=600 -DNDEBUG -march=x86-64-v3 -O2 -pipe -fno-plt -fexceptions -Wp,-D_FORTIFY_SOURCE=3 -fstack-clash-protection -fcf-protection -Qunused-arguments -Wno-error=implicit-function-declaration  -fPIC -c ../ncurses/./widechar/lib_box_set.c -o ../obj_s/lib_box_set.o
clang -DHAVE_CONFIG_H -DBUILDING_NCURSES -I../ncurses -I. -I../include -D_DEFAULT_SOURCE -D_XOPEN_SOURCE=600 -DNDEBUG -march=x86-64-v3 -O2 -pipe -fno-plt -fexceptions -Wp,-D_FORTIFY_SOURCE=3 -fstack-clash-protection -fcf-protection -Qunused-arguments -Wno-error=implicit-function-declaration  -fPIC -c ../ncurses/./widechar/lib_cchar.c -o ../obj_s/lib_cchar.o
clang -DHAVE_CONFIG_H -DBUILDING_NCURSES -I../ncurses -I. -I../include -D_DEFAULT_SOURCE -D_XOPEN_SOURCE=600 -DNDEBUG -march=x86-64-v3 -O2 -pipe -fno-plt -fexceptions -Wp,-D_FORTIFY_SOURCE=3 -fstack-clash-protection -fcf-protection -Qunused-arguments -Wno-error=implicit-function-declaration  -fPIC -c ../ncurses/./widechar/lib_erasewchar.c -o ../obj_s/lib_erasewchar.o
clang -DHAVE_CONFIG_H -DBUILDING_NCURSES -I../ncurses -I. -I../include -D_DEFAULT_SOURCE -D_XOPEN_SOURCE=600 -DNDEBUG -march=x86-64-v3 -O2 -pipe -fno-plt -fexceptions -Wp,-D_FORTIFY_SOURCE=3 -fstack-clash-protection -fcf-protection -Qunused-arguments -Wno-error=implicit-function-declaration  -fPIC -c ../ncurses/./widechar/lib_get_wch.c -o ../obj_s/lib_get_wch.o
clang -DHAVE_CONFIG_H -DBUILDING_NCURSES -I../ncurses -I. -I../include -D_DEFAULT_SOURCE -D_XOPEN_SOURCE=600 -DNDEBUG -march=x86-64-v3 -O2 -pipe -fno-plt -fexceptions -Wp,-D_FORTIFY_SOURCE=3 -fstack-clash-protection -fcf-protection -Qunused-arguments -Wno-error=implicit-function-declaration  -fPIC -c ../ncurses/./widechar/lib_get_wstr.c -o ../obj_s/lib_get_wstr.o
clang -DHAVE_CONFIG_H -DBUILDING_NCURSES -I../ncurses -I. -I../include -D_DEFAULT_SOURCE -D_XOPEN_SOURCE=600 -DNDEBUG -march=x86-64-v3 -O2 -pipe -fno-plt -fexceptions -Wp,-D_FORTIFY_SOURCE=3 -fstack-clash-protection -fcf-protection -Qunused-arguments -Wno-error=implicit-function-declaration  -fPIC -c ../ncurses/./widechar/lib_hline_set.c -o ../obj_s/lib_hline_set.o
clang -DHAVE_CONFIG_H -DBUILDING_NCURSES -I../ncurses -I. -I../include -D_DEFAULT_SOURCE -D_XOPEN_SOURCE=600 -DNDEBUG -march=x86-64-v3 -O2 -pipe -fno-plt -fexceptions -Wp,-D_FORTIFY_SOURCE=3 -fstack-clash-protection -fcf-protection -Qunused-arguments -Wno-error=implicit-function-declaration  -fPIC -c ../ncurses/./widechar/lib_in_wch.c -o ../obj_s/lib_in_wch.o
clang -DHAVE_CONFIG_H -DBUILDING_NCURSES -I../ncurses -I. -I../include -D_DEFAULT_SOURCE -D_XOPEN_SOURCE=600 -DNDEBUG -march=x86-64-v3 -O2 -pipe -fno-plt -fexceptions -Wp,-D_FORTIFY_SOURCE=3 -fstack-clash-protection -fcf-protection -Qunused-arguments -Wno-error=implicit-function-declaration  -fPIC -c ../ncurses/./widechar/lib_in_wchnstr.c -o ../obj_s/lib_in_wchnstr.o
clang -DHAVE_CONFIG_H -DBUILDING_NCURSES -I../ncurses -I. -I../include -D_DEFAULT_SOURCE -D_XOPEN_SOURCE=600 -DNDEBUG -march=x86-64-v3 -O2 -pipe -fno-plt -fexceptions -Wp,-D_FORTIFY_SOURCE=3 -fstack-clash-protection -fcf-protection -Qunused-arguments -Wno-error=implicit-function-declaration  -fPIC -c ../ncurses/./widechar/lib_ins_wch.c -o ../obj_s/lib_ins_wch.o
clang -DHAVE_CONFIG_H -DBUILDING_NCURSES -I../ncurses -I. -I../include -D_DEFAULT_SOURCE -D_XOPEN_SOURCE=600 -DNDEBUG -march=x86-64-v3 -O2 -pipe -fno-plt -fexceptions -Wp,-D_FORTIFY_SOURCE=3 -fstack-clash-protection -fcf-protection -Qunused-arguments -Wno-error=implicit-function-declaration  -fPIC -c ../ncurses/./widechar/lib_inwstr.c -o ../obj_s/lib_inwstr.o
clang -DHAVE_CONFIG_H -DBUILDING_NCURSES -I../ncurses -I. -I../include -D_DEFAULT_SOURCE -D_XOPEN_SOURCE=600 -DNDEBUG -march=x86-64-v3 -O2 -pipe -fno-plt -fexceptions -Wp,-D_FORTIFY_SOURCE=3 -fstack-clash-protection -fcf-protection -Qunused-arguments -Wno-error=implicit-function-declaration  -fPIC -c ../ncurses/./widechar/lib_key_name.c -o ../obj_s/lib_key_name.o
clang -DHAVE_CONFIG_H -DBUILDING_NCURSES -I../ncurses -I. -I../include -D_DEFAULT_SOURCE -D_XOPEN_SOURCE=600 -DNDEBUG -march=x86-64-v3 -O2 -pipe -fno-plt -fexceptions -Wp,-D_FORTIFY_SOURCE=3 -fstack-clash-protection -fcf-protection -Qunused-arguments -Wno-error=implicit-function-declaration  -fPIC -c ../ncurses/./widechar/lib_pecho_wchar.c -o ../obj_s/lib_pecho_wchar.o
clang -DHAVE_CONFIG_H -DBUILDING_NCURSES -I../ncurses -I. -I../include -D_DEFAULT_SOURCE -D_XOPEN_SOURCE=600 -DNDEBUG -march=x86-64-v3 -O2 -pipe -fno-plt -fexceptions -Wp,-D_FORTIFY_SOURCE=3 -fstack-clash-protection -fcf-protection -Qunused-arguments -Wno-error=implicit-function-declaration  -fPIC -c ../ncurses/./widechar/lib_slk_wset.c -o ../obj_s/lib_slk_wset.o
clang -DHAVE_CONFIG_H -DBUILDING_NCURSES -I../ncurses -I. -I../include -D_DEFAULT_SOURCE -D_XOPEN_SOURCE=600 -DNDEBUG -march=x86-64-v3 -O2 -pipe -fno-plt -fexceptions -Wp,-D_FORTIFY_SOURCE=3 -fstack-clash-protection -fcf-protection -Qunused-arguments -Wno-error=implicit-function-declaration  -fPIC -c ../ncurses/./widechar/lib_unget_wch.c -o ../obj_s/lib_unget_wch.o
clang -DHAVE_CONFIG_H -DBUILDING_NCURSES -I../ncurses -I. -I../include -D_DEFAULT_SOURCE -D_XOPEN_SOURCE=600 -DNDEBUG -march=x86-64-v3 -O2 -pipe -fno-plt -fexceptions -Wp,-D_FORTIFY_SOURCE=3 -fstack-clash-protection -fcf-protection -Qunused-arguments -Wno-error=implicit-function-declaration  -fPIC -c ../ncurses/./widechar/lib_vid_attr.c -o ../obj_s/lib_vid_attr.o
clang -DHAVE_CONFIG_H -DBUILDING_NCURSES -I../ncurses -I. -I../include -D_DEFAULT_SOURCE -D_XOPEN_SOURCE=600 -DNDEBUG -march=x86-64-v3 -O2 -pipe -fno-plt -fexceptions -Wp,-D_FORTIFY_SOURCE=3 -fstack-clash-protection -fcf-protection -Qunused-arguments -Wno-error=implicit-function-declaration  -fPIC -c ../ncurses/./widechar/lib_vline_set.c -o ../obj_s/lib_vline_set.o
clang -DHAVE_CONFIG_H -DBUILDING_NCURSES -I../ncurses -I. -I../include -D_DEFAULT_SOURCE -D_XOPEN_SOURCE=600 -DNDEBUG -march=x86-64-v3 -O2 -pipe -fno-plt -fexceptions -Wp,-D_FORTIFY_SOURCE=3 -fstack-clash-protection -fcf-protection -Qunused-arguments -Wno-error=implicit-function-declaration  -fPIC -c ../ncurses/./widechar/lib_wacs.c -o ../obj_s/lib_wacs.o
clang -DHAVE_CONFIG_H -DBUILDING_NCURSES -I../ncurses -I. -I../include -D_DEFAULT_SOURCE -D_XOPEN_SOURCE=600 -DNDEBUG -march=x86-64-v3 -O2 -pipe -fno-plt -fexceptions -Wp,-D_FORTIFY_SOURCE=3 -fstack-clash-protection -fcf-protection -Qunused-arguments -Wno-error=implicit-function-declaration  -fPIC -c ../ncurses/./widechar/lib_wunctrl.c -o ../obj_s/lib_wunctrl.o
clang -DHAVE_CONFIG_H -DBUILDING_NCURSES -I../ncurses -I. -I../include -D_DEFAULT_SOURCE -D_XOPEN_SOURCE=600 -DNDEBUG -march=x86-64-v3 -O2 -pipe -fno-plt -fexceptions -Wp,-D_FORTIFY_SOURCE=3 -fstack-clash-protection -fcf-protection -Qunused-arguments -Wno-error=implicit-function-declaration  -fPIC -c ../ncurses/expanded.c -o ../obj_s/expanded.o
clang -DHAVE_CONFIG_H -DBUILDING_NCURSES -I../ncurses -I. -I../include -D_DEFAULT_SOURCE -D_XOPEN_SOURCE=600 -DNDEBUG -march=x86-64-v3 -O2 -pipe -fno-plt -fexceptions -Wp,-D_FORTIFY_SOURCE=3 -fstack-clash-protection -fcf-protection -Qunused-arguments -Wno-error=implicit-function-declaration  -fPIC -c ../ncurses/./base/legacy_coding.c -o ../obj_s/legacy_coding.o
clang -DHAVE_CONFIG_H -DBUILDING_NCURSES -I../ncurses -I. -I../include -D_DEFAULT_SOURCE -D_XOPEN_SOURCE=600 -DNDEBUG -march=x86-64-v3 -O2 -pipe -fno-plt -fexceptions -Wp,-D_FORTIFY_SOURCE=3 -fstack-clash-protection -fcf-protection -Qunused-arguments -Wno-error=implicit-function-declaration  -fPIC -c ../ncurses/./base/lib_dft_fgbg.c -o ../obj_s/lib_dft_fgbg.o
clang -DHAVE_CONFIG_H -DBUILDING_NCURSES -I../ncurses -I. -I../include -D_DEFAULT_SOURCE -D_XOPEN_SOURCE=600 -DNDEBUG -march=x86-64-v3 -O2 -pipe -fno-plt -fexceptions -Wp,-D_FORTIFY_SOURCE=3 -fstack-clash-protection -fcf-protection -Qunused-arguments -Wno-error=implicit-function-declaration  -fPIC -c ../ncurses/./tinfo/lib_print.c -o ../obj_s/lib_print.o
clang -DHAVE_CONFIG_H -DBUILDING_NCURSES -I../ncurses -I. -I../include -D_DEFAULT_SOURCE -D_XOPEN_SOURCE=600 -DNDEBUG -march=x86-64-v3 -O2 -pipe -fno-plt -fexceptions -Wp,-D_FORTIFY_SOURCE=3 -fstack-clash-protection -fcf-protection -Qunused-arguments -Wno-error=implicit-function-declaration  -fPIC -c ../ncurses/./base/new_pair.c -o ../obj_s/new_pair.o
clang -DHAVE_CONFIG_H -DBUILDING_NCURSES -I../ncurses -I. -I../include -D_DEFAULT_SOURCE -D_XOPEN_SOURCE=600 -DNDEBUG -march=x86-64-v3 -O2 -pipe -fno-plt -fexceptions -Wp,-D_FORTIFY_SOURCE=3 -fstack-clash-protection -fcf-protection -Qunused-arguments -Wno-error=implicit-function-declaration  -fPIC -c ../ncurses/./base/resizeterm.c -o ../obj_s/resizeterm.o
clang -DHAVE_CONFIG_H -DBUILDING_NCURSES -I../ncurses -I. -I../include -D_DEFAULT_SOURCE -D_XOPEN_SOURCE=600 -DNDEBUG -march=x86-64-v3 -O2 -pipe -fno-plt -fexceptions -Wp,-D_FORTIFY_SOURCE=3 -fstack-clash-protection -fcf-protection -Qunused-arguments -Wno-error=implicit-function-declaration  -fPIC -c ../ncurses/./tinfo/use_screen.c -o ../obj_s/use_screen.o
clang -DHAVE_CONFIG_H -DBUILDING_NCURSES -I../ncurses -I. -I../include -D_DEFAULT_SOURCE -D_XOPEN_SOURCE=600 -DNDEBUG -march=x86-64-v3 -O2 -pipe -fno-plt -fexceptions -Wp,-D_FORTIFY_SOURCE=3 -fstack-clash-protection -fcf-protection -Qunused-arguments -Wno-error=implicit-function-declaration  -fPIC -c ../ncurses/./base/use_window.c -o ../obj_s/use_window.o
clang -DHAVE_CONFIG_H -DBUILDING_NCURSES -I../ncurses -I. -I../include -D_DEFAULT_SOURCE -D_XOPEN_SOURCE=600 -DNDEBUG -march=x86-64-v3 -O2 -pipe -fno-plt -fexceptions -Wp,-D_FORTIFY_SOURCE=3 -fstack-clash-protection -fcf-protection -Qunused-arguments -Wno-error=implicit-function-declaration  -fPIC -c ../ncurses/./base/wresize.c -o ../obj_s/wresize.o
clang -DHAVE_CONFIG_H -DBUILDING_NCURSES -I../ncurses -I. -I../include -D_DEFAULT_SOURCE -D_XOPEN_SOURCE=600 -DNDEBUG -march=x86-64-v3 -O2 -pipe -fno-plt -fexceptions -Wp,-D_FORTIFY_SOURCE=3 -fstack-clash-protection -fcf-protection -Qunused-arguments -Wno-error=implicit-function-declaration  -fPIC -c ../ncurses/./tinfo/access.c -o ../obj_s/access.o
clang -DHAVE_CONFIG_H -DBUILDING_NCURSES -I../ncurses -I. -I../include -D_DEFAULT_SOURCE -D_XOPEN_SOURCE=600 -DNDEBUG -march=x86-64-v3 -O2 -pipe -fno-plt -fexceptions -Wp,-D_FORTIFY_SOURCE=3 -fstack-clash-protection -fcf-protection -Qunused-arguments -Wno-error=implicit-function-declaration  -fPIC -c ../ncurses/./tinfo/add_tries.c -o ../obj_s/add_tries.o
clang -DHAVE_CONFIG_H -DBUILDING_NCURSES -I../ncurses -I. -I../include -D_DEFAULT_SOURCE -D_XOPEN_SOURCE=600 -DNDEBUG -march=x86-64-v3 -O2 -pipe -fno-plt -fexceptions -Wp,-D_FORTIFY_SOURCE=3 -fstack-clash-protection -fcf-protection -Qunused-arguments -Wno-error=implicit-function-declaration  -fPIC -c ../ncurses/./tinfo/alloc_ttype.c -o ../obj_s/alloc_ttype.o
clang -DHAVE_CONFIG_H -DBUILDING_NCURSES -I../ncurses -I. -I../include -D_DEFAULT_SOURCE -D_XOPEN_SOURCE=600 -DNDEBUG -march=x86-64-v3 -O2 -pipe -fno-plt -fexceptions -Wp,-D_FORTIFY_SOURCE=3 -fstack-clash-protection -fcf-protection -Qunused-arguments -Wno-error=implicit-function-declaration  -fPIC -c ../ncurses/codes.c -o ../obj_s/codes.o
clang -DHAVE_CONFIG_H -DBUILDING_NCURSES -I../ncurses -I. -I../include -D_DEFAULT_SOURCE -D_XOPEN_SOURCE=600 -DNDEBUG -march=x86-64-v3 -O2 -pipe -fno-plt -fexceptions -Wp,-D_FORTIFY_SOURCE=3 -fstack-clash-protection -fcf-protection -Qunused-arguments -Wno-error=implicit-function-declaration  -fPIC -c ../ncurses/./tinfo/comp_error.c -o ../obj_s/comp_error.o
clang -DHAVE_CONFIG_H -DBUILDING_NCURSES -I../ncurses -I. -I../include -D_DEFAULT_SOURCE -D_XOPEN_SOURCE=600 -DNDEBUG -march=x86-64-v3 -O2 -pipe -fno-plt -fexceptions -Wp,-D_FORTIFY_SOURCE=3 -fstack-clash-protection -fcf-protection -Qunused-arguments -Wno-error=implicit-function-declaration  -fPIC -c ../ncurses/./tinfo/comp_hash.c -o ../obj_s/comp_hash.o
clang -DHAVE_CONFIG_H -DBUILDING_NCURSES -I../ncurses -I. -I../include -D_DEFAULT_SOURCE -D_XOPEN_SOURCE=600 -DNDEBUG -march=x86-64-v3 -O2 -pipe -fno-plt -fexceptions -Wp,-D_FORTIFY_SOURCE=3 -fstack-clash-protection -fcf-protection -Qunused-arguments -Wno-error=implicit-function-declaration  -fPIC -c ../ncurses/./tinfo/db_iterator.c -o ../obj_s/db_iterator.o
clang -DHAVE_CONFIG_H -DBUILDING_NCURSES -I../ncurses -I. -I../include -D_DEFAULT_SOURCE -D_XOPEN_SOURCE=600 -DNDEBUG -march=x86-64-v3 -O2 -pipe -fno-plt -fexceptions -Wp,-D_FORTIFY_SOURCE=3 -fstack-clash-protection -fcf-protection -Qunused-arguments -Wno-error=implicit-function-declaration  -fPIC -c ../ncurses/./tinfo/doalloc.c -o ../obj_s/doalloc.o
clang -DHAVE_CONFIG_H -DBUILDING_NCURSES -I../ncurses -I. -I../include -D_DEFAULT_SOURCE -D_XOPEN_SOURCE=600 -DNDEBUG -march=x86-64-v3 -O2 -pipe -fno-plt -fexceptions -Wp,-D_FORTIFY_SOURCE=3 -fstack-clash-protection -fcf-protection -Qunused-arguments -Wno-error=implicit-function-declaration  -fPIC -c ../ncurses/./tinfo/entries.c -o ../obj_s/entries.o
clang -DHAVE_CONFIG_H -DBUILDING_NCURSES -I../ncurses -I. -I../include -D_DEFAULT_SOURCE -D_XOPEN_SOURCE=600 -DNDEBUG -march=x86-64-v3 -O2 -pipe -fno-plt -fexceptions -Wp,-D_FORTIFY_SOURCE=3 -fstack-clash-protection -fcf-protection -Qunused-arguments -Wno-error=implicit-function-declaration  -fPIC -c ../ncurses/fallback.c -o ../obj_s/fallback.o
clang -DHAVE_CONFIG_H -DBUILDING_NCURSES -I../ncurses -I. -I../include -D_DEFAULT_SOURCE -D_XOPEN_SOURCE=600 -DNDEBUG -march=x86-64-v3 -O2 -pipe -fno-plt -fexceptions -Wp,-D_FORTIFY_SOURCE=3 -fstack-clash-protection -fcf-protection -Qunused-arguments -Wno-error=implicit-function-declaration  -fPIC -c ../ncurses/./tinfo/free_ttype.c -o ../obj_s/free_ttype.o
clang -DHAVE_CONFIG_H -DBUILDING_NCURSES -I../ncurses -I. -I../include -D_DEFAULT_SOURCE -D_XOPEN_SOURCE=600 -DNDEBUG -march=x86-64-v3 -O2 -pipe -fno-plt -fexceptions -Wp,-D_FORTIFY_SOURCE=3 -fstack-clash-protection -fcf-protection -Qunused-arguments -Wno-error=implicit-function-declaration  -fPIC -c ../ncurses/./tinfo/getenv_num.c -o ../obj_s/getenv_num.o
clang -DHAVE_CONFIG_H -DBUILDING_NCURSES -I../ncurses -I. -I../include -D_DEFAULT_SOURCE -D_XOPEN_SOURCE=600 -DNDEBUG -march=x86-64-v3 -O2 -pipe -fno-plt -fexceptions -Wp,-D_FORTIFY_SOURCE=3 -fstack-clash-protection -fcf-protection -Qunused-arguments -Wno-error=implicit-function-declaration  -fPIC -c ../ncurses/./tinfo/home_terminfo.c -o ../obj_s/home_terminfo.o
clang -DHAVE_CONFIG_H -DBUILDING_NCURSES -I../ncurses -I. -I../include -D_DEFAULT_SOURCE -D_XOPEN_SOURCE=600 -DNDEBUG -march=x86-64-v3 -O2 -pipe -fno-plt -fexceptions -Wp,-D_FORTIFY_SOURCE=3 -fstack-clash-protection -fcf-protection -Qunused-arguments -Wno-error=implicit-function-declaration  -fPIC -c ../ncurses/./tinfo/lib_acs.c -o ../obj_s/lib_acs.o
clang -DHAVE_CONFIG_H -DBUILDING_NCURSES -I../ncurses -I. -I../include -D_DEFAULT_SOURCE -D_XOPEN_SOURCE=600 -DNDEBUG -march=x86-64-v3 -O2 -pipe -fno-plt -fexceptions -Wp,-D_FORTIFY_SOURCE=3 -fstack-clash-protection -fcf-protection -Qunused-arguments -Wno-error=implicit-function-declaration  -fPIC -c ../ncurses/./tinfo/lib_baudrate.c -o ../obj_s/lib_baudrate.o
clang -DHAVE_CONFIG_H -DBUILDING_NCURSES -I../ncurses -I. -I../include -D_DEFAULT_SOURCE -D_XOPEN_SOURCE=600 -DNDEBUG -march=x86-64-v3 -O2 -pipe -fno-plt -fexceptions -Wp,-D_FORTIFY_SOURCE=3 -fstack-clash-protection -fcf-protection -Qunused-arguments -Wno-error=implicit-function-declaration  -fPIC -c ../ncurses/./tinfo/lib_cur_term.c -o ../obj_s/lib_cur_term.o
clang -DHAVE_CONFIG_H -DBUILDING_NCURSES -I../ncurses -I. -I../include -D_DEFAULT_SOURCE -D_XOPEN_SOURCE=600 -DNDEBUG -march=x86-64-v3 -O2 -pipe -fno-plt -fexceptions -Wp,-D_FORTIFY_SOURCE=3 -fstack-clash-protection -fcf-protection -Qunused-arguments -Wno-error=implicit-function-declaration  -fPIC -c ../ncurses/./tinfo/lib_data.c -o ../obj_s/lib_data.o
clang -DHAVE_CONFIG_H -DBUILDING_NCURSES -I../ncurses -I. -I../include -D_DEFAULT_SOURCE -D_XOPEN_SOURCE=600 -DNDEBUG -march=x86-64-v3 -O2 -pipe -fno-plt -fexceptions -Wp,-D_FORTIFY_SOURCE=3 -fstack-clash-protection -fcf-protection -Qunused-arguments -Wno-error=implicit-function-declaration  -fPIC -c ../ncurses/./tinfo/lib_has_cap.c -o ../obj_s/lib_has_cap.o
clang -DHAVE_CONFIG_H -DBUILDING_NCURSES -I../ncurses -I. -I../include -D_DEFAULT_SOURCE -D_XOPEN_SOURCE=600 -DNDEBUG -march=x86-64-v3 -O2 -pipe -fno-plt -fexceptions -Wp,-D_FORTIFY_SOURCE=3 -fstack-clash-protection -fcf-protection -Qunused-arguments -Wno-error=implicit-function-declaration  -fPIC -c ../ncurses/./tinfo/lib_kernel.c -o ../obj_s/lib_kernel.o
clang -DHAVE_CONFIG_H -DBUILDING_NCURSES -I../ncurses -I. -I../include -D_DEFAULT_SOURCE -D_XOPEN_SOURCE=600 -DNDEBUG -march=x86-64-v3 -O2 -pipe -fno-plt -fexceptions -Wp,-D_FORTIFY_SOURCE=3 -fstack-clash-protection -fcf-protection -Qunused-arguments -Wno-error=implicit-function-declaration  -fPIC -c ../ncurses/./tinfo/lib_longname.c -o ../obj_s/lib_longname.o
clang -DHAVE_CONFIG_H -DBUILDING_NCURSES -I../ncurses -I. -I../include -D_DEFAULT_SOURCE -D_XOPEN_SOURCE=600 -DNDEBUG -march=x86-64-v3 -O2 -pipe -fno-plt -fexceptions -Wp,-D_FORTIFY_SOURCE=3 -fstack-clash-protection -fcf-protection -Qunused-arguments -Wno-error=implicit-function-declaration  -fPIC -c ../ncurses/./tinfo/lib_napms.c -o ../obj_s/lib_napms.o
clang -DHAVE_CONFIG_H -DBUILDING_NCURSES -I../ncurses -I. -I../include -D_DEFAULT_SOURCE -D_XOPEN_SOURCE=600 -DNDEBUG -march=x86-64-v3 -O2 -pipe -fno-plt -fexceptions -Wp,-D_FORTIFY_SOURCE=3 -fstack-clash-protection -fcf-protection -Qunused-arguments -Wno-error=implicit-function-declaration  -fPIC -c ../ncurses/./tinfo/lib_options.c -o ../obj_s/lib_options.o
clang -DHAVE_CONFIG_H -DBUILDING_NCURSES -I../ncurses -I. -I../include -D_DEFAULT_SOURCE -D_XOPEN_SOURCE=600 -DNDEBUG -march=x86-64-v3 -O2 -pipe -fno-plt -fexceptions -Wp,-D_FORTIFY_SOURCE=3 -fstack-clash-protection -fcf-protection -Qunused-arguments -Wno-error=implicit-function-declaration  -fPIC -c ../ncurses/./tinfo/lib_raw.c -o ../obj_s/lib_raw.o
clang -DHAVE_CONFIG_H -DBUILDING_NCURSES -I../ncurses -I. -I../include -D_DEFAULT_SOURCE -D_XOPEN_SOURCE=600 -DNDEBUG -march=x86-64-v3 -O2 -pipe -fno-plt -fexceptions -Wp,-D_FORTIFY_SOURCE=3 -fstack-clash-protection -fcf-protection -Qunused-arguments -Wno-error=implicit-function-declaration  -fPIC -c ../ncurses/./tinfo/lib_setup.c -o ../obj_s/lib_setup.o
clang -DHAVE_CONFIG_H -DBUILDING_NCURSES -I../ncurses -I. -I../include -D_DEFAULT_SOURCE -D_XOPEN_SOURCE=600 -DNDEBUG -march=x86-64-v3 -O2 -pipe -fno-plt -fexceptions -Wp,-D_FORTIFY_SOURCE=3 -fstack-clash-protection -fcf-protection -Qunused-arguments -Wno-error=implicit-function-declaration  -fPIC -c ../ncurses/./tinfo/lib_termcap.c -o ../obj_s/lib_termcap.o
clang -DHAVE_CONFIG_H -DBUILDING_NCURSES -I../ncurses -I. -I../include -D_DEFAULT_SOURCE -D_XOPEN_SOURCE=600 -DNDEBUG -march=x86-64-v3 -O2 -pipe -fno-plt -fexceptions -Wp,-D_FORTIFY_SOURCE=3 -fstack-clash-protection -fcf-protection -Qunused-arguments -Wno-error=implicit-function-declaration  -fPIC -c ../ncurses/./tinfo/lib_termname.c -o ../obj_s/lib_termname.o
clang -DHAVE_CONFIG_H -DBUILDING_NCURSES -I../ncurses -I. -I../include -D_DEFAULT_SOURCE -D_XOPEN_SOURCE=600 -DNDEBUG -march=x86-64-v3 -O2 -pipe -fno-plt -fexceptions -Wp,-D_FORTIFY_SOURCE=3 -fstack-clash-protection -fcf-protection -Qunused-arguments -Wno-error=implicit-function-declaration  -fPIC -c ../ncurses/./tinfo/lib_tgoto.c -o ../obj_s/lib_tgoto.o
clang -DHAVE_CONFIG_H -DBUILDING_NCURSES -I../ncurses -I. -I../include -D_DEFAULT_SOURCE -D_XOPEN_SOURCE=600 -DNDEBUG -march=x86-64-v3 -O2 -pipe -fno-plt -fexceptions -Wp,-D_FORTIFY_SOURCE=3 -fstack-clash-protection -fcf-protection -Qunused-arguments -Wno-error=implicit-function-declaration  -fPIC -c ../ncurses/./tinfo/lib_ti.c -o ../obj_s/lib_ti.o
clang -DHAVE_CONFIG_H -DBUILDING_NCURSES -I../ncurses -I. -I../include -D_DEFAULT_SOURCE -D_XOPEN_SOURCE=600 -DNDEBUG -march=x86-64-v3 -O2 -pipe -fno-plt -fexceptions -Wp,-D_FORTIFY_SOURCE=3 -fstack-clash-protection -fcf-protection -Qunused-arguments -Wno-error=implicit-function-declaration  -fPIC -c ../ncurses/./tinfo/lib_tparm.c -o ../obj_s/lib_tparm.o
clang -DHAVE_CONFIG_H -DBUILDING_NCURSES -I../ncurses -I. -I../include -D_DEFAULT_SOURCE -D_XOPEN_SOURCE=600 -DNDEBUG -march=x86-64-v3 -O2 -pipe -fno-plt -fexceptions -Wp,-D_FORTIFY_SOURCE=3 -fstack-clash-protection -fcf-protection -Qunused-arguments -Wno-error=implicit-function-declaration  -fPIC -c ../ncurses/./tinfo/lib_tputs.c -o ../obj_s/lib_tputs.o
clang -DHAVE_CONFIG_H -DBUILDING_NCURSES -I../ncurses -I. -I../include -D_DEFAULT_SOURCE -D_XOPEN_SOURCE=600 -DNDEBUG -march=x86-64-v3 -O2 -pipe -fno-plt -fexceptions -Wp,-D_FORTIFY_SOURCE=3 -fstack-clash-protection -fcf-protection -Qunused-arguments -Wno-error=implicit-function-declaration  -fPIC -c ../ncurses/./trace/lib_trace.c -o ../obj_s/lib_trace.o
clang -DHAVE_CONFIG_H -DBUILDING_NCURSES -I../ncurses -I. -I../include -D_DEFAULT_SOURCE -D_XOPEN_SOURCE=600 -DNDEBUG -march=x86-64-v3 -O2 -pipe -fno-plt -fexceptions -Wp,-D_FORTIFY_SOURCE=3 -fstack-clash-protection -fcf-protection -Qunused-arguments -Wno-error=implicit-function-declaration  -fPIC -c ../ncurses/./tinfo/lib_ttyflags.c -o ../obj_s/lib_ttyflags.o
clang -DHAVE_CONFIG_H -DBUILDING_NCURSES -I../ncurses -I. -I../include -D_DEFAULT_SOURCE -D_XOPEN_SOURCE=600 -DNDEBUG -march=x86-64-v3 -O2 -pipe -fno-plt -fexceptions -Wp,-D_FORTIFY_SOURCE=3 -fstack-clash-protection -fcf-protection -Qunused-arguments -Wno-error=implicit-function-declaration  -fPIC -c ../ncurses/./tty/lib_twait.c -o ../obj_s/lib_twait.o
clang -DHAVE_CONFIG_H -DBUILDING_NCURSES -I../ncurses -I. -I../include -D_DEFAULT_SOURCE -D_XOPEN_SOURCE=600 -DNDEBUG -march=x86-64-v3 -O2 -pipe -fno-plt -fexceptions -Wp,-D_FORTIFY_SOURCE=3 -fstack-clash-protection -fcf-protection -Qunused-arguments -Wno-error=implicit-function-declaration  -fPIC -c ../ncurses/./tinfo/name_match.c -o ../obj_s/name_match.o
clang -DHAVE_CONFIG_H -DBUILDING_NCURSES -I../ncurses -I. -I../include -D_DEFAULT_SOURCE -D_XOPEN_SOURCE=600 -DNDEBUG -march=x86-64-v3 -O2 -pipe -fno-plt -fexceptions -Wp,-D_FORTIFY_SOURCE=3 -fstack-clash-protection -fcf-protection -Qunused-arguments -Wno-error=implicit-function-declaration  -fPIC -c ../ncurses/names.c -o ../obj_s/names.o
clang -DHAVE_CONFIG_H -DBUILDING_NCURSES -I../ncurses -I. -I../include -D_DEFAULT_SOURCE -D_XOPEN_SOURCE=600 -DNDEBUG -march=x86-64-v3 -O2 -pipe -fno-plt -fexceptions -Wp,-D_FORTIFY_SOURCE=3 -fstack-clash-protection -fcf-protection -Qunused-arguments -Wno-error=implicit-function-declaration  -fPIC -c ../ncurses/./tinfo/obsolete.c -o ../obj_s/obsolete.o
clang -DHAVE_CONFIG_H -DBUILDING_NCURSES -I../ncurses -I. -I../include -D_DEFAULT_SOURCE -D_XOPEN_SOURCE=600 -DNDEBUG -march=x86-64-v3 -O2 -pipe -fno-plt -fexceptions -Wp,-D_FORTIFY_SOURCE=3 -fstack-clash-protection -fcf-protection -Qunused-arguments -Wno-error=implicit-function-declaration  -fPIC -c ../ncurses/./tinfo/read_entry.c -o ../obj_s/read_entry.o
clang -DHAVE_CONFIG_H -DBUILDING_NCURSES -I../ncurses -I. -I../include -D_DEFAULT_SOURCE -D_XOPEN_SOURCE=600 -DNDEBUG -march=x86-64-v3 -O2 -pipe -fno-plt -fexceptions -Wp,-D_FORTIFY_SOURCE=3 -fstack-clash-protection -fcf-protection -Qunused-arguments -Wno-error=implicit-function-declaration  -fPIC -c ../ncurses/./tinfo/read_termcap.c -o ../obj_s/read_termcap.o
clang -DHAVE_CONFIG_H -DBUILDING_NCURSES -I../ncurses -I. -I../include -D_DEFAULT_SOURCE -D_XOPEN_SOURCE=600 -DNDEBUG -march=x86-64-v3 -O2 -pipe -fno-plt -fexceptions -Wp,-D_FORTIFY_SOURCE=3 -fstack-clash-protection -fcf-protection -Qunused-arguments -Wno-error=implicit-function-declaration  -fPIC -c ../ncurses/./tinfo/strings.c -o ../obj_s/strings.o
clang -DHAVE_CONFIG_H -DBUILDING_NCURSES -I../ncurses -I. -I../include -D_DEFAULT_SOURCE -D_XOPEN_SOURCE=600 -DNDEBUG -march=x86-64-v3 -O2 -pipe -fno-plt -fexceptions -Wp,-D_FORTIFY_SOURCE=3 -fstack-clash-protection -fcf-protection -Qunused-arguments -Wno-error=implicit-function-declaration  -fPIC -c ../ncurses/./base/tries.c -o ../obj_s/tries.o
clang -DHAVE_CONFIG_H -DBUILDING_NCURSES -I../ncurses -I. -I../include -D_DEFAULT_SOURCE -D_XOPEN_SOURCE=600 -DNDEBUG -march=x86-64-v3 -O2 -pipe -fno-plt -fexceptions -Wp,-D_FORTIFY_SOURCE=3 -fstack-clash-protection -fcf-protection -Qunused-arguments -Wno-error=implicit-function-declaration  -fPIC -c ../ncurses/./tinfo/trim_sgr0.c -o ../obj_s/trim_sgr0.o
clang -DHAVE_CONFIG_H -DBUILDING_NCURSES -I../ncurses -I. -I../include -D_DEFAULT_SOURCE -D_XOPEN_SOURCE=600 -DNDEBUG -march=x86-64-v3 -O2 -pipe -fno-plt -fexceptions -Wp,-D_FORTIFY_SOURCE=3 -fstack-clash-protection -fcf-protection -Qunused-arguments -Wno-error=implicit-function-declaration  -fPIC -c ../ncurses/unctrl.c -o ../obj_s/unctrl.o
clang -DHAVE_CONFIG_H -DBUILDING_NCURSES -I../ncurses -I. -I../include -D_DEFAULT_SOURCE -D_XOPEN_SOURCE=600 -DNDEBUG -march=x86-64-v3 -O2 -pipe -fno-plt -fexceptions -Wp,-D_FORTIFY_SOURCE=3 -fstack-clash-protection -fcf-protection -Qunused-arguments -Wno-error=implicit-function-declaration  -fPIC -c ../ncurses/./trace/visbuf.c -o ../obj_s/visbuf.o
clang -DHAVE_CONFIG_H -DBUILDING_NCURSES -I../ncurses -I. -I../include -D_DEFAULT_SOURCE -D_XOPEN_SOURCE=600 -DNDEBUG -march=x86-64-v3 -O2 -pipe -fno-plt -fexceptions -Wp,-D_FORTIFY_SOURCE=3 -fstack-clash-protection -fcf-protection -Qunused-arguments -Wno-error=implicit-function-declaration  -fPIC -c ../ncurses/./tinfo/alloc_entry.c -o ../obj_s/alloc_entry.o
clang -DHAVE_CONFIG_H -DBUILDING_NCURSES -I../ncurses -I. -I../include -D_DEFAULT_SOURCE -D_XOPEN_SOURCE=600 -DNDEBUG -march=x86-64-v3 -O2 -pipe -fno-plt -fexceptions -Wp,-D_FORTIFY_SOURCE=3 -fstack-clash-protection -fcf-protection -Qunused-arguments -Wno-error=implicit-function-declaration  -fPIC -c ../ncurses/./tinfo/captoinfo.c -o ../obj_s/captoinfo.o
clang -DHAVE_CONFIG_H -DBUILDING_NCURSES -I../ncurses -I. -I../include -D_DEFAULT_SOURCE -D_XOPEN_SOURCE=600 -DNDEBUG -march=x86-64-v3 -O2 -pipe -fno-plt -fexceptions -Wp,-D_FORTIFY_SOURCE=3 -fstack-clash-protection -fcf-protection -Qunused-arguments -Wno-error=implicit-function-declaration  -fPIC -c ../ncurses/./tinfo/comp_expand.c -o ../obj_s/comp_expand.o
clang -DHAVE_CONFIG_H -DBUILDING_NCURSES -I../ncurses -I. -I../include -D_DEFAULT_SOURCE -D_XOPEN_SOURCE=600 -DNDEBUG -march=x86-64-v3 -O2 -pipe -fno-plt -fexceptions -Wp,-D_FORTIFY_SOURCE=3 -fstack-clash-protection -fcf-protection -Qunused-arguments -Wno-error=implicit-function-declaration  -fPIC -c ../ncurses/./tinfo/comp_parse.c -o ../obj_s/comp_parse.o
clang -DHAVE_CONFIG_H -DBUILDING_NCURSES -I../ncurses -I. -I../include -D_DEFAULT_SOURCE -D_XOPEN_SOURCE=600 -DNDEBUG -march=x86-64-v3 -O2 -pipe -fno-plt -fexceptions -Wp,-D_FORTIFY_SOURCE=3 -fstack-clash-protection -fcf-protection -Qunused-arguments -Wno-error=implicit-function-declaration  -fPIC -c ../ncurses/./tinfo/comp_scan.c -o ../obj_s/comp_scan.o
clang -DHAVE_CONFIG_H -DBUILDING_NCURSES -I../ncurses -I. -I../include -D_DEFAULT_SOURCE -D_XOPEN_SOURCE=600 -DNDEBUG -march=x86-64-v3 -O2 -pipe -fno-plt -fexceptions -Wp,-D_FORTIFY_SOURCE=3 -fstack-clash-protection -fcf-protection -Qunused-arguments -Wno-error=implicit-function-declaration  -fPIC -c ../ncurses/./tinfo/parse_entry.c -o ../obj_s/parse_entry.o
clang -DHAVE_CONFIG_H -DBUILDING_NCURSES -I../ncurses -I. -I../include -D_DEFAULT_SOURCE -D_XOPEN_SOURCE=600 -DNDEBUG -march=x86-64-v3 -O2 -pipe -fno-plt -fexceptions -Wp,-D_FORTIFY_SOURCE=3 -fstack-clash-protection -fcf-protection -Qunused-arguments -Wno-error=implicit-function-declaration  -fPIC -c ../ncurses/./tinfo/write_entry.c -o ../obj_s/write_entry.o
clang -DHAVE_CONFIG_H -DBUILDING_NCURSES -I../ncurses -I. -I../include -D_DEFAULT_SOURCE -D_XOPEN_SOURCE=600 -DNDEBUG -march=x86-64-v3 -O2 -pipe -fno-plt -fexceptions -Wp,-D_FORTIFY_SOURCE=3 -fstack-clash-protection -fcf-protection -Qunused-arguments -Wno-error=implicit-function-declaration  -fPIC -c ../ncurses/./base/define_key.c -o ../obj_s/define_key.o
clang -DHAVE_CONFIG_H -DBUILDING_NCURSES -I../ncurses -I. -I../include -D_DEFAULT_SOURCE -D_XOPEN_SOURCE=600 -DNDEBUG -march=x86-64-v3 -O2 -pipe -fno-plt -fexceptions -Wp,-D_FORTIFY_SOURCE=3 -fstack-clash-protection -fcf-protection -Qunused-arguments -Wno-error=implicit-function-declaration  -fPIC -c ../ncurses/./tinfo/hashed_db.c -o ../obj_s/hashed_db.o
clang -DHAVE_CONFIG_H -DBUILDING_NCURSES -I../ncurses -I. -I../include -D_DEFAULT_SOURCE -D_XOPEN_SOURCE=600 -DNDEBUG -march=x86-64-v3 -O2 -pipe -fno-plt -fexceptions -Wp,-D_FORTIFY_SOURCE=3 -fstack-clash-protection -fcf-protection -Qunused-arguments -Wno-error=implicit-function-declaration  -fPIC -c ../ncurses/./base/key_defined.c -o ../obj_s/key_defined.o
clang -DHAVE_CONFIG_H -DBUILDING_NCURSES -I../ncurses -I. -I../include -D_DEFAULT_SOURCE -D_XOPEN_SOURCE=600 -DNDEBUG -march=x86-64-v3 -O2 -pipe -fno-plt -fexceptions -Wp,-D_FORTIFY_SOURCE=3 -fstack-clash-protection -fcf-protection -Qunused-arguments -Wno-error=implicit-function-declaration  -fPIC -c ../ncurses/./base/keybound.c -o ../obj_s/keybound.o
clang -DHAVE_CONFIG_H -DBUILDING_NCURSES -I../ncurses -I. -I../include -D_DEFAULT_SOURCE -D_XOPEN_SOURCE=600 -DNDEBUG -march=x86-64-v3 -O2 -pipe -fno-plt -fexceptions -Wp,-D_FORTIFY_SOURCE=3 -fstack-clash-protection -fcf-protection -Qunused-arguments -Wno-error=implicit-function-declaration  -fPIC -c ../ncurses/./base/keyok.c -o ../obj_s/keyok.o
clang -DHAVE_CONFIG_H -DBUILDING_NCURSES -I../ncurses -I. -I../include -D_DEFAULT_SOURCE -D_XOPEN_SOURCE=600 -DNDEBUG -march=x86-64-v3 -O2 -pipe -fno-plt -fexceptions -Wp,-D_FORTIFY_SOURCE=3 -fstack-clash-protection -fcf-protection -Qunused-arguments -Wno-error=implicit-function-declaration  -fPIC -c ../ncurses/./base/version.c -o ../obj_s/version.o
clang -DHAVE_CONFIG_H -DBUILDING_NCURSES -I../ncurses -I. -I../include -D_DEFAULT_SOURCE -D_XOPEN_SOURCE=600 -DNDEBUG -march=x86-64-v3 -O2 -pipe -fno-plt -fexceptions -Wp,-D_FORTIFY_SOURCE=3 -fstack-clash-protection -fcf-protection -Qunused-arguments -Wno-error=implicit-function-declaration  -DNCURSES_STATIC -c ../ncurses/./tty/hardscroll.c -o ../objects/hardscroll.o
clang -DHAVE_CONFIG_H -DBUILDING_NCURSES -I../ncurses -I. -I../include -D_DEFAULT_SOURCE -D_XOPEN_SOURCE=600 -DNDEBUG -march=x86-64-v3 -O2 -pipe -fno-plt -fexceptions -Wp,-D_FORTIFY_SOURCE=3 -fstack-clash-protection -fcf-protection -Qunused-arguments -Wno-error=implicit-function-declaration  -DNCURSES_STATIC -c ../ncurses/./tty/hashmap.c -o ../objects/hashmap.o
clang -DHAVE_CONFIG_H -DBUILDING_NCURSES -I../ncurses -I. -I../include -D_DEFAULT_SOURCE -D_XOPEN_SOURCE=600 -DNDEBUG -march=x86-64-v3 -O2 -pipe -fno-plt -fexceptions -Wp,-D_FORTIFY_SOURCE=3 -fstack-clash-protection -fcf-protection -Qunused-arguments -Wno-error=implicit-function-declaration  -DNCURSES_STATIC -c ../ncurses/./base/lib_addch.c -o ../objects/lib_addch.o
clang -DHAVE_CONFIG_H -DBUILDING_NCURSES -I../ncurses -I. -I../include -D_DEFAULT_SOURCE -D_XOPEN_SOURCE=600 -DNDEBUG -march=x86-64-v3 -O2 -pipe -fno-plt -fexceptions -Wp,-D_FORTIFY_SOURCE=3 -fstack-clash-protection -fcf-protection -Qunused-arguments -Wno-error=implicit-function-declaration  -DNCURSES_STATIC -c ../ncurses/./base/lib_addstr.c -o ../objects/lib_addstr.o
clang -DHAVE_CONFIG_H -DBUILDING_NCURSES -I../ncurses -I. -I../include -D_DEFAULT_SOURCE -D_XOPEN_SOURCE=600 -DNDEBUG -march=x86-64-v3 -O2 -pipe -fno-plt -fexceptions -Wp,-D_FORTIFY_SOURCE=3 -fstack-clash-protection -fcf-protection -Qunused-arguments -Wno-error=implicit-function-declaration  -DNCURSES_STATIC -c ../ncurses/./base/lib_beep.c -o ../objects/lib_beep.o
clang -DHAVE_CONFIG_H -DBUILDING_NCURSES -I../ncurses -I. -I../include -D_DEFAULT_SOURCE -D_XOPEN_SOURCE=600 -DNDEBUG -march=x86-64-v3 -O2 -pipe -fno-plt -fexceptions -Wp,-D_FORTIFY_SOURCE=3 -fstack-clash-protection -fcf-protection -Qunused-arguments -Wno-error=implicit-function-declaration  -DNCURSES_STATIC -c ../ncurses/./base/lib_bkgd.c -o ../objects/lib_bkgd.o
clang -DHAVE_CONFIG_H -DBUILDING_NCURSES -I../ncurses -I. -I../include -D_DEFAULT_SOURCE -D_XOPEN_SOURCE=600 -DNDEBUG -march=x86-64-v3 -O2 -pipe -fno-plt -fexceptions -Wp,-D_FORTIFY_SOURCE=3 -fstack-clash-protection -fcf-protection -Qunused-arguments -Wno-error=implicit-function-declaration  -DNCURSES_STATIC -c ../ncurses/./base/lib_box.c -o ../objects/lib_box.o
clang -DHAVE_CONFIG_H -DBUILDING_NCURSES -I../ncurses -I. -I../include -D_DEFAULT_SOURCE -D_XOPEN_SOURCE=600 -DNDEBUG -march=x86-64-v3 -O2 -pipe -fno-plt -fexceptions -Wp,-D_FORTIFY_SOURCE=3 -fstack-clash-protection -fcf-protection -Qunused-arguments -Wno-error=implicit-function-declaration  -DNCURSES_STATIC -c ../ncurses/./base/lib_chgat.c -o ../objects/lib_chgat.o
clang -DHAVE_CONFIG_H -DBUILDING_NCURSES -I../ncurses -I. -I../include -D_DEFAULT_SOURCE -D_XOPEN_SOURCE=600 -DNDEBUG -march=x86-64-v3 -O2 -pipe -fno-plt -fexceptions -Wp,-D_FORTIFY_SOURCE=3 -fstack-clash-protection -fcf-protection -Qunused-arguments -Wno-error=implicit-function-declaration  -DNCURSES_STATIC -c ../ncurses/./base/lib_clear.c -o ../objects/lib_clear.o
clang -DHAVE_CONFIG_H -DBUILDING_NCURSES -I../ncurses -I. -I../include -D_DEFAULT_SOURCE -D_XOPEN_SOURCE=600 -DNDEBUG -march=x86-64-v3 -O2 -pipe -fno-plt -fexceptions -Wp,-D_FORTIFY_SOURCE=3 -fstack-clash-protection -fcf-protection -Qunused-arguments -Wno-error=implicit-function-declaration  -DNCURSES_STATIC -c ../ncurses/./base/lib_clearok.c -o ../objects/lib_clearok.o
clang -DHAVE_CONFIG_H -DBUILDING_NCURSES -I../ncurses -I. -I../include -D_DEFAULT_SOURCE -D_XOPEN_SOURCE=600 -DNDEBUG -march=x86-64-v3 -O2 -pipe -fno-plt -fexceptions -Wp,-D_FORTIFY_SOURCE=3 -fstack-clash-protection -fcf-protection -Qunused-arguments -Wno-error=implicit-function-declaration  -DNCURSES_STATIC -c ../ncurses/./base/lib_clrbot.c -o ../objects/lib_clrbot.o
clang -DHAVE_CONFIG_H -DBUILDING_NCURSES -I../ncurses -I. -I../include -D_DEFAULT_SOURCE -D_XOPEN_SOURCE=600 -DNDEBUG -march=x86-64-v3 -O2 -pipe -fno-plt -fexceptions -Wp,-D_FORTIFY_SOURCE=3 -fstack-clash-protection -fcf-protection -Qunused-arguments -Wno-error=implicit-function-declaration  -DNCURSES_STATIC -c ../ncurses/./base/lib_clreol.c -o ../objects/lib_clreol.o
clang -DHAVE_CONFIG_H -DBUILDING_NCURSES -I../ncurses -I. -I../include -D_DEFAULT_SOURCE -D_XOPEN_SOURCE=600 -DNDEBUG -march=x86-64-v3 -O2 -pipe -fno-plt -fexceptions -Wp,-D_FORTIFY_SOURCE=3 -fstack-clash-protection -fcf-protection -Qunused-arguments -Wno-error=implicit-function-declaration  -DNCURSES_STATIC -c ../ncurses/./base/lib_color.c -o ../objects/lib_color.o
clang -DHAVE_CONFIG_H -DBUILDING_NCURSES -I../ncurses -I. -I../include -D_DEFAULT_SOURCE -D_XOPEN_SOURCE=600 -DNDEBUG -march=x86-64-v3 -O2 -pipe -fno-plt -fexceptions -Wp,-D_FORTIFY_SOURCE=3 -fstack-clash-protection -fcf-protection -Qunused-arguments -Wno-error=implicit-function-declaration  -DNCURSES_STATIC -c ../ncurses/./base/lib_colorset.c -o ../objects/lib_colorset.o
clang -DHAVE_CONFIG_H -DBUILDING_NCURSES -I../ncurses -I. -I../include -D_DEFAULT_SOURCE -D_XOPEN_SOURCE=600 -DNDEBUG -march=x86-64-v3 -O2 -pipe -fno-plt -fexceptions -Wp,-D_FORTIFY_SOURCE=3 -fstack-clash-protection -fcf-protection -Qunused-arguments -Wno-error=implicit-function-declaration  -DNCURSES_STATIC -c ../ncurses/./base/lib_delch.c -o ../objects/lib_delch.o
clang -DHAVE_CONFIG_H -DBUILDING_NCURSES -I../ncurses -I. -I../include -D_DEFAULT_SOURCE -D_XOPEN_SOURCE=600 -DNDEBUG -march=x86-64-v3 -O2 -pipe -fno-plt -fexceptions -Wp,-D_FORTIFY_SOURCE=3 -fstack-clash-protection -fcf-protection -Qunused-arguments -Wno-error=implicit-function-declaration  -DNCURSES_STATIC -c ../ncurses/./base/lib_delwin.c -o ../objects/lib_delwin.o
clang -DHAVE_CONFIG_H -DBUILDING_NCURSES -I../ncurses -I. -I../include -D_DEFAULT_SOURCE -D_XOPEN_SOURCE=600 -DNDEBUG -march=x86-64-v3 -O2 -pipe -fno-plt -fexceptions -Wp,-D_FORTIFY_SOURCE=3 -fstack-clash-protection -fcf-protection -Qunused-arguments -Wno-error=implicit-function-declaration  -DNCURSES_STATIC -c ../ncurses/./base/lib_echo.c -o ../objects/lib_echo.o
clang -DHAVE_CONFIG_H -DBUILDING_NCURSES -I../ncurses -I. -I../include -D_DEFAULT_SOURCE -D_XOPEN_SOURCE=600 -DNDEBUG -march=x86-64-v3 -O2 -pipe -fno-plt -fexceptions -Wp,-D_FORTIFY_SOURCE=3 -fstack-clash-protection -fcf-protection -Qunused-arguments -Wno-error=implicit-function-declaration  -DNCURSES_STATIC -c ../ncurses/./base/lib_endwin.c -o ../objects/lib_endwin.o
clang -DHAVE_CONFIG_H -DBUILDING_NCURSES -I../ncurses -I. -I../include -D_DEFAULT_SOURCE -D_XOPEN_SOURCE=600 -DNDEBUG -march=x86-64-v3 -O2 -pipe -fno-plt -fexceptions -Wp,-D_FORTIFY_SOURCE=3 -fstack-clash-protection -fcf-protection -Qunused-arguments -Wno-error=implicit-function-declaration  -DNCURSES_STATIC -c ../ncurses/./base/lib_erase.c -o ../objects/lib_erase.o
clang -DHAVE_CONFIG_H -DBUILDING_NCURSES -I../ncurses -I. -I../include -D_DEFAULT_SOURCE -D_XOPEN_SOURCE=600 -DNDEBUG -march=x86-64-v3 -O2 -pipe -fno-plt -fexceptions -Wp,-D_FORTIFY_SOURCE=3 -fstack-clash-protection -fcf-protection -Qunused-arguments -Wno-error=implicit-function-declaration  -DNCURSES_STATIC -c ../ncurses/./base/lib_flash.c -o ../objects/lib_flash.o
clang -DHAVE_CONFIG_H -DBUILDING_NCURSES -I../ncurses -I. -I../include -D_DEFAULT_SOURCE -D_XOPEN_SOURCE=600 -DNDEBUG -march=x86-64-v3 -O2 -pipe -fno-plt -fexceptions -Wp,-D_FORTIFY_SOURCE=3 -fstack-clash-protection -fcf-protection -Qunused-arguments -Wno-error=implicit-function-declaration  -DNCURSES_STATIC -c ../ncurses/lib_gen.c -o ../objects/lib_gen.o
clang -DHAVE_CONFIG_H -DBUILDING_NCURSES -I../ncurses -I. -I../include -D_DEFAULT_SOURCE -D_XOPEN_SOURCE=600 -DNDEBUG -march=x86-64-v3 -O2 -pipe -fno-plt -fexceptions -Wp,-D_FORTIFY_SOURCE=3 -fstack-clash-protection -fcf-protection -Qunused-arguments -Wno-error=implicit-function-declaration  -DNCURSES_STATIC -c ../ncurses/./base/lib_getch.c -o ../objects/lib_getch.o
clang -DHAVE_CONFIG_H -DBUILDING_NCURSES -I../ncurses -I. -I../include -D_DEFAULT_SOURCE -D_XOPEN_SOURCE=600 -DNDEBUG -march=x86-64-v3 -O2 -pipe -fno-plt -fexceptions -Wp,-D_FORTIFY_SOURCE=3 -fstack-clash-protection -fcf-protection -Qunused-arguments -Wno-error=implicit-function-declaration  -DNCURSES_STATIC -c ../ncurses/./base/lib_getstr.c -o ../objects/lib_getstr.o
clang -DHAVE_CONFIG_H -DBUILDING_NCURSES -I../ncurses -I. -I../include -D_DEFAULT_SOURCE -D_XOPEN_SOURCE=600 -DNDEBUG -march=x86-64-v3 -O2 -pipe -fno-plt -fexceptions -Wp,-D_FORTIFY_SOURCE=3 -fstack-clash-protection -fcf-protection -Qunused-arguments -Wno-error=implicit-function-declaration  -DNCURSES_STATIC -c ../ncurses/./base/lib_hline.c -o ../objects/lib_hline.o
clang -DHAVE_CONFIG_H -DBUILDING_NCURSES -I../ncurses -I. -I../include -D_DEFAULT_SOURCE -D_XOPEN_SOURCE=600 -DNDEBUG -march=x86-64-v3 -O2 -pipe -fno-plt -fexceptions -Wp,-D_FORTIFY_SOURCE=3 -fstack-clash-protection -fcf-protection -Qunused-arguments -Wno-error=implicit-function-declaration  -DNCURSES_STATIC -c ../ncurses/./base/lib_immedok.c -o ../objects/lib_immedok.o
clang -DHAVE_CONFIG_H -DBUILDING_NCURSES -I../ncurses -I. -I../include -D_DEFAULT_SOURCE -D_XOPEN_SOURCE=600 -DNDEBUG -march=x86-64-v3 -O2 -pipe -fno-plt -fexceptions -Wp,-D_FORTIFY_SOURCE=3 -fstack-clash-protection -fcf-protection -Qunused-arguments -Wno-error=implicit-function-declaration  -DNCURSES_STATIC -c ../ncurses/./base/lib_inchstr.c -o ../objects/lib_inchstr.o
clang -DHAVE_CONFIG_H -DBUILDING_NCURSES -I../ncurses -I. -I../include -D_DEFAULT_SOURCE -D_XOPEN_SOURCE=600 -DNDEBUG -march=x86-64-v3 -O2 -pipe -fno-plt -fexceptions -Wp,-D_FORTIFY_SOURCE=3 -fstack-clash-protection -fcf-protection -Qunused-arguments -Wno-error=implicit-function-declaration  -DNCURSES_STATIC -c ../ncurses/./base/lib_initscr.c -o ../objects/lib_initscr.o
clang -DHAVE_CONFIG_H -DBUILDING_NCURSES -I../ncurses -I. -I../include -D_DEFAULT_SOURCE -D_XOPEN_SOURCE=600 -DNDEBUG -march=x86-64-v3 -O2 -pipe -fno-plt -fexceptions -Wp,-D_FORTIFY_SOURCE=3 -fstack-clash-protection -fcf-protection -Qunused-arguments -Wno-error=implicit-function-declaration  -DNCURSES_STATIC -c ../ncurses/./base/lib_insch.c -o ../objects/lib_insch.o
clang -DHAVE_CONFIG_H -DBUILDING_NCURSES -I../ncurses -I. -I../include -D_DEFAULT_SOURCE -D_XOPEN_SOURCE=600 -DNDEBUG -march=x86-64-v3 -O2 -pipe -fno-plt -fexceptions -Wp,-D_FORTIFY_SOURCE=3 -fstack-clash-protection -fcf-protection -Qunused-arguments -Wno-error=implicit-function-declaration  -DNCURSES_STATIC -c ../ncurses/./base/lib_insdel.c -o ../objects/lib_insdel.o
clang -DHAVE_CONFIG_H -DBUILDING_NCURSES -I../ncurses -I. -I../include -D_DEFAULT_SOURCE -D_XOPEN_SOURCE=600 -DNDEBUG -march=x86-64-v3 -O2 -pipe -fno-plt -fexceptions -Wp,-D_FORTIFY_SOURCE=3 -fstack-clash-protection -fcf-protection -Qunused-arguments -Wno-error=implicit-function-declaration  -DNCURSES_STATIC -c ../ncurses/./base/lib_insnstr.c -o ../objects/lib_insnstr.o
clang -DHAVE_CONFIG_H -DBUILDING_NCURSES -I../ncurses -I. -I../include -D_DEFAULT_SOURCE -D_XOPEN_SOURCE=600 -DNDEBUG -march=x86-64-v3 -O2 -pipe -fno-plt -fexceptions -Wp,-D_FORTIFY_SOURCE=3 -fstack-clash-protection -fcf-protection -Qunused-arguments -Wno-error=implicit-function-declaration  -DNCURSES_STATIC -c ../ncurses/./base/lib_instr.c -o ../objects/lib_instr.o
clang -DHAVE_CONFIG_H -DBUILDING_NCURSES -I../ncurses -I. -I../include -D_DEFAULT_SOURCE -D_XOPEN_SOURCE=600 -DNDEBUG -march=x86-64-v3 -O2 -pipe -fno-plt -fexceptions -Wp,-D_FORTIFY_SOURCE=3 -fstack-clash-protection -fcf-protection -Qunused-arguments -Wno-error=implicit-function-declaration  -DNCURSES_STATIC -c ../ncurses/./base/lib_isendwin.c -o ../objects/lib_isendwin.o
clang -DHAVE_CONFIG_H -DBUILDING_NCURSES -I../ncurses -I. -I../include -D_DEFAULT_SOURCE -D_XOPEN_SOURCE=600 -DNDEBUG -march=x86-64-v3 -O2 -pipe -fno-plt -fexceptions -Wp,-D_FORTIFY_SOURCE=3 -fstack-clash-protection -fcf-protection -Qunused-arguments -Wno-error=implicit-function-declaration  -DNCURSES_STATIC -c ../ncurses/./base/lib_leaveok.c -o ../objects/lib_leaveok.o
clang -DHAVE_CONFIG_H -DBUILDING_NCURSES -I../ncurses -I. -I../include -D_DEFAULT_SOURCE -D_XOPEN_SOURCE=600 -DNDEBUG -march=x86-64-v3 -O2 -pipe -fno-plt -fexceptions -Wp,-D_FORTIFY_SOURCE=3 -fstack-clash-protection -fcf-protection -Qunused-arguments -Wno-error=implicit-function-declaration  -DNCURSES_STATIC -c ../ncurses/./base/lib_mouse.c -o ../objects/lib_mouse.o
clang -DHAVE_CONFIG_H -DBUILDING_NCURSES -I../ncurses -I. -I../include -D_DEFAULT_SOURCE -D_XOPEN_SOURCE=600 -DNDEBUG -march=x86-64-v3 -O2 -pipe -fno-plt -fexceptions -Wp,-D_FORTIFY_SOURCE=3 -fstack-clash-protection -fcf-protection -Qunused-arguments -Wno-error=implicit-function-declaration  -DNCURSES_STATIC -c ../ncurses/./base/lib_move.c -o ../objects/lib_move.o
clang -DHAVE_CONFIG_H -DBUILDING_NCURSES -I../ncurses -I. -I../include -D_DEFAULT_SOURCE -D_XOPEN_SOURCE=600 -DNDEBUG -march=x86-64-v3 -O2 -pipe -fno-plt -fexceptions -Wp,-D_FORTIFY_SOURCE=3 -fstack-clash-protection -fcf-protection -Qunused-arguments -Wno-error=implicit-function-declaration  -DNCURSES_STATIC -c ../ncurses/./tty/lib_mvcur.c -o ../objects/lib_mvcur.o
clang -DHAVE_CONFIG_H -DBUILDING_NCURSES -I../ncurses -I. -I../include -D_DEFAULT_SOURCE -D_XOPEN_SOURCE=600 -DNDEBUG -march=x86-64-v3 -O2 -pipe -fno-plt -fexceptions -Wp,-D_FORTIFY_SOURCE=3 -fstack-clash-protection -fcf-protection -Qunused-arguments -Wno-error=implicit-function-declaration  -DNCURSES_STATIC -c ../ncurses/./base/lib_mvwin.c -o ../objects/lib_mvwin.o
clang -DHAVE_CONFIG_H -DBUILDING_NCURSES -I../ncurses -I. -I../include -D_DEFAULT_SOURCE -D_XOPEN_SOURCE=600 -DNDEBUG -march=x86-64-v3 -O2 -pipe -fno-plt -fexceptions -Wp,-D_FORTIFY_SOURCE=3 -fstack-clash-protection -fcf-protection -Qunused-arguments -Wno-error=implicit-function-declaration  -DNCURSES_STATIC -c ../ncurses/./base/lib_newterm.c -o ../objects/lib_newterm.o
clang -DHAVE_CONFIG_H -DBUILDING_NCURSES -I../ncurses -I. -I../include -D_DEFAULT_SOURCE -D_XOPEN_SOURCE=600 -DNDEBUG -march=x86-64-v3 -O2 -pipe -fno-plt -fexceptions -Wp,-D_FORTIFY_SOURCE=3 -fstack-clash-protection -fcf-protection -Qunused-arguments -Wno-error=implicit-function-declaration  -DNCURSES_STATIC -c ../ncurses/./base/lib_newwin.c -o ../objects/lib_newwin.o
clang -DHAVE_CONFIG_H -DBUILDING_NCURSES -I../ncurses -I. -I../include -D_DEFAULT_SOURCE -D_XOPEN_SOURCE=600 -DNDEBUG -march=x86-64-v3 -O2 -pipe -fno-plt -fexceptions -Wp,-D_FORTIFY_SOURCE=3 -fstack-clash-protection -fcf-protection -Qunused-arguments -Wno-error=implicit-function-declaration  -DNCURSES_STATIC -c ../ncurses/./base/lib_nl.c -o ../objects/lib_nl.o
clang -DHAVE_CONFIG_H -DBUILDING_NCURSES -I../ncurses -I. -I../include -D_DEFAULT_SOURCE -D_XOPEN_SOURCE=600 -DNDEBUG -march=x86-64-v3 -O2 -pipe -fno-plt -fexceptions -Wp,-D_FORTIFY_SOURCE=3 -fstack-clash-protection -fcf-protection -Qunused-arguments -Wno-error=implicit-function-declaration  -DNCURSES_STATIC -c ../ncurses/./base/lib_overlay.c -o ../objects/lib_overlay.o
clang -DHAVE_CONFIG_H -DBUILDING_NCURSES -I../ncurses -I. -I../include -D_DEFAULT_SOURCE -D_XOPEN_SOURCE=600 -DNDEBUG -march=x86-64-v3 -O2 -pipe -fno-plt -fexceptions -Wp,-D_FORTIFY_SOURCE=3 -fstack-clash-protection -fcf-protection -Qunused-arguments -Wno-error=implicit-function-declaration  -DNCURSES_STATIC -c ../ncurses/./base/lib_pad.c -o ../objects/lib_pad.o
clang -DHAVE_CONFIG_H -DBUILDING_NCURSES -I../ncurses -I. -I../include -D_DEFAULT_SOURCE -D_XOPEN_SOURCE=600 -DNDEBUG -march=x86-64-v3 -O2 -pipe -fno-plt -fexceptions -Wp,-D_FORTIFY_SOURCE=3 -fstack-clash-protection -fcf-protection -Qunused-arguments -Wno-error=implicit-function-declaration  -DNCURSES_STATIC -c ../ncurses/./base/lib_printw.c -o ../objects/lib_printw.o
clang -DHAVE_CONFIG_H -DBUILDING_NCURSES -I../ncurses -I. -I../include -D_DEFAULT_SOURCE -D_XOPEN_SOURCE=600 -DNDEBUG -march=x86-64-v3 -O2 -pipe -fno-plt -fexceptions -Wp,-D_FORTIFY_SOURCE=3 -fstack-clash-protection -fcf-protection -Qunused-arguments -Wno-error=implicit-function-declaration  -DNCURSES_STATIC -c ../ncurses/./base/lib_redrawln.c -o ../objects/lib_redrawln.o
clang -DHAVE_CONFIG_H -DBUILDING_NCURSES -I../ncurses -I. -I../include -D_DEFAULT_SOURCE -D_XOPEN_SOURCE=600 -DNDEBUG -march=x86-64-v3 -O2 -pipe -fno-plt -fexceptions -Wp,-D_FORTIFY_SOURCE=3 -fstack-clash-protection -fcf-protection -Qunused-arguments -Wno-error=implicit-function-declaration  -DNCURSES_STATIC -c ../ncurses/./base/lib_refresh.c -o ../objects/lib_refresh.o
clang -DHAVE_CONFIG_H -DBUILDING_NCURSES -I../ncurses -I. -I../include -D_DEFAULT_SOURCE -D_XOPEN_SOURCE=600 -DNDEBUG -march=x86-64-v3 -O2 -pipe -fno-plt -fexceptions -Wp,-D_FORTIFY_SOURCE=3 -fstack-clash-protection -fcf-protection -Qunused-arguments -Wno-error=implicit-function-declaration  -DNCURSES_STATIC -c ../ncurses/./base/lib_restart.c -o ../objects/lib_restart.o
clang -DHAVE_CONFIG_H -DBUILDING_NCURSES -I../ncurses -I. -I../include -D_DEFAULT_SOURCE -D_XOPEN_SOURCE=600 -DNDEBUG -march=x86-64-v3 -O2 -pipe -fno-plt -fexceptions -Wp,-D_FORTIFY_SOURCE=3 -fstack-clash-protection -fcf-protection -Qunused-arguments -Wno-error=implicit-function-declaration  -DNCURSES_STATIC -c ../ncurses/./base/lib_scanw.c -o ../objects/lib_scanw.o
clang -DHAVE_CONFIG_H -DBUILDING_NCURSES -I../ncurses -I. -I../include -D_DEFAULT_SOURCE -D_XOPEN_SOURCE=600 -DNDEBUG -march=x86-64-v3 -O2 -pipe -fno-plt -fexceptions -Wp,-D_FORTIFY_SOURCE=3 -fstack-clash-protection -fcf-protection -Qunused-arguments -Wno-error=implicit-function-declaration  -DNCURSES_STATIC -c ../ncurses/./base/lib_screen.c -o ../objects/lib_screen.o
clang -DHAVE_CONFIG_H -DBUILDING_NCURSES -I../ncurses -I. -I../include -D_DEFAULT_SOURCE -D_XOPEN_SOURCE=600 -DNDEBUG -march=x86-64-v3 -O2 -pipe -fno-plt -fexceptions -Wp,-D_FORTIFY_SOURCE=3 -fstack-clash-protection -fcf-protection -Qunused-arguments -Wno-error=implicit-function-declaration  -DNCURSES_STATIC -c ../ncurses/./base/lib_scroll.c -o ../objects/lib_scroll.o
clang -DHAVE_CONFIG_H -DBUILDING_NCURSES -I../ncurses -I. -I../include -D_DEFAULT_SOURCE -D_XOPEN_SOURCE=600 -DNDEBUG -march=x86-64-v3 -O2 -pipe -fno-plt -fexceptions -Wp,-D_FORTIFY_SOURCE=3 -fstack-clash-protection -fcf-protection -Qunused-arguments -Wno-error=implicit-function-declaration  -DNCURSES_STATIC -c ../ncurses/./base/lib_scrollok.c -o ../objects/lib_scrollok.o
clang -DHAVE_CONFIG_H -DBUILDING_NCURSES -I../ncurses -I. -I../include -D_DEFAULT_SOURCE -D_XOPEN_SOURCE=600 -DNDEBUG -march=x86-64-v3 -O2 -pipe -fno-plt -fexceptions -Wp,-D_FORTIFY_SOURCE=3 -fstack-clash-protection -fcf-protection -Qunused-arguments -Wno-error=implicit-function-declaration  -DNCURSES_STATIC -c ../ncurses/./base/lib_scrreg.c -o ../objects/lib_scrreg.o
clang -DHAVE_CONFIG_H -DBUILDING_NCURSES -I../ncurses -I. -I../include -D_DEFAULT_SOURCE -D_XOPEN_SOURCE=600 -DNDEBUG -march=x86-64-v3 -O2 -pipe -fno-plt -fexceptions -Wp,-D_FORTIFY_SOURCE=3 -fstack-clash-protection -fcf-protection -Qunused-arguments -Wno-error=implicit-function-declaration  -DNCURSES_STATIC -c ../ncurses/./base/lib_set_term.c -o ../objects/lib_set_term.o
clang -DHAVE_CONFIG_H -DBUILDING_NCURSES -I../ncurses -I. -I../include -D_DEFAULT_SOURCE -D_XOPEN_SOURCE=600 -DNDEBUG -march=x86-64-v3 -O2 -pipe -fno-plt -fexceptions -Wp,-D_FORTIFY_SOURCE=3 -fstack-clash-protection -fcf-protection -Qunused-arguments -Wno-error=implicit-function-declaration  -DNCURSES_STATIC -c ../ncurses/./base/lib_slk.c -o ../objects/lib_slk.o
clang -DHAVE_CONFIG_H -DBUILDING_NCURSES -I../ncurses -I. -I../include -D_DEFAULT_SOURCE -D_XOPEN_SOURCE=600 -DNDEBUG -march=x86-64-v3 -O2 -pipe -fno-plt -fexceptions -Wp,-D_FORTIFY_SOURCE=3 -fstack-clash-protection -fcf-protection -Qunused-arguments -Wno-error=implicit-function-declaration  -DNCURSES_STATIC -c ../ncurses/./base/lib_slkatr_set.c -o ../objects/lib_slkatr_set.o
clang -DHAVE_CONFIG_H -DBUILDING_NCURSES -I../ncurses -I. -I../include -D_DEFAULT_SOURCE -D_XOPEN_SOURCE=600 -DNDEBUG -march=x86-64-v3 -O2 -pipe -fno-plt -fexceptions -Wp,-D_FORTIFY_SOURCE=3 -fstack-clash-protection -fcf-protection -Qunused-arguments -Wno-error=implicit-function-declaration  -DNCURSES_STATIC -c ../ncurses/./base/lib_slkatrof.c -o ../objects/lib_slkatrof.o
clang -DHAVE_CONFIG_H -DBUILDING_NCURSES -I../ncurses -I. -I../include -D_DEFAULT_SOURCE -D_XOPEN_SOURCE=600 -DNDEBUG -march=x86-64-v3 -O2 -pipe -fno-plt -fexceptions -Wp,-D_FORTIFY_SOURCE=3 -fstack-clash-protection -fcf-protection -Qunused-arguments -Wno-error=implicit-function-declaration  -DNCURSES_STATIC -c ../ncurses/./base/lib_slkatron.c -o ../objects/lib_slkatron.o
clang -DHAVE_CONFIG_H -DBUILDING_NCURSES -I../ncurses -I. -I../include -D_DEFAULT_SOURCE -D_XOPEN_SOURCE=600 -DNDEBUG -march=x86-64-v3 -O2 -pipe -fno-plt -fexceptions -Wp,-D_FORTIFY_SOURCE=3 -fstack-clash-protection -fcf-protection -Qunused-arguments -Wno-error=implicit-function-declaration  -DNCURSES_STATIC -c ../ncurses/./base/lib_slkatrset.c -o ../objects/lib_slkatrset.o
clang -DHAVE_CONFIG_H -DBUILDING_NCURSES -I../ncurses -I. -I../include -D_DEFAULT_SOURCE -D_XOPEN_SOURCE=600 -DNDEBUG -march=x86-64-v3 -O2 -pipe -fno-plt -fexceptions -Wp,-D_FORTIFY_SOURCE=3 -fstack-clash-protection -fcf-protection -Qunused-arguments -Wno-error=implicit-function-declaration  -DNCURSES_STATIC -c ../ncurses/./base/lib_slkattr.c -o ../objects/lib_slkattr.o
clang -DHAVE_CONFIG_H -DBUILDING_NCURSES -I../ncurses -I. -I../include -D_DEFAULT_SOURCE -D_XOPEN_SOURCE=600 -DNDEBUG -march=x86-64-v3 -O2 -pipe -fno-plt -fexceptions -Wp,-D_FORTIFY_SOURCE=3 -fstack-clash-protection -fcf-protection -Qunused-arguments -Wno-error=implicit-function-declaration  -DNCURSES_STATIC -c ../ncurses/./base/lib_slkclear.c -o ../objects/lib_slkclear.o
clang -DHAVE_CONFIG_H -DBUILDING_NCURSES -I../ncurses -I. -I../include -D_DEFAULT_SOURCE -D_XOPEN_SOURCE=600 -DNDEBUG -march=x86-64-v3 -O2 -pipe -fno-plt -fexceptions -Wp,-D_FORTIFY_SOURCE=3 -fstack-clash-protection -fcf-protection -Qunused-arguments -Wno-error=implicit-function-declaration  -DNCURSES_STATIC -c ../ncurses/./base/lib_slkcolor.c -o ../objects/lib_slkcolor.o
clang -DHAVE_CONFIG_H -DBUILDING_NCURSES -I../ncurses -I. -I../include -D_DEFAULT_SOURCE -D_XOPEN_SOURCE=600 -DNDEBUG -march=x86-64-v3 -O2 -pipe -fno-plt -fexceptions -Wp,-D_FORTIFY_SOURCE=3 -fstack-clash-protection -fcf-protection -Qunused-arguments -Wno-error=implicit-function-declaration  -DNCURSES_STATIC -c ../ncurses/./base/lib_slkinit.c -o ../objects/lib_slkinit.o
clang -DHAVE_CONFIG_H -DBUILDING_NCURSES -I../ncurses -I. -I../include -D_DEFAULT_SOURCE -D_XOPEN_SOURCE=600 -DNDEBUG -march=x86-64-v3 -O2 -pipe -fno-plt -fexceptions -Wp,-D_FORTIFY_SOURCE=3 -fstack-clash-protection -fcf-protection -Qunused-arguments -Wno-error=implicit-function-declaration  -DNCURSES_STATIC -c ../ncurses/./base/lib_slklab.c -o ../objects/lib_slklab.o
clang -DHAVE_CONFIG_H -DBUILDING_NCURSES -I../ncurses -I. -I../include -D_DEFAULT_SOURCE -D_XOPEN_SOURCE=600 -DNDEBUG -march=x86-64-v3 -O2 -pipe -fno-plt -fexceptions -Wp,-D_FORTIFY_SOURCE=3 -fstack-clash-protection -fcf-protection -Qunused-arguments -Wno-error=implicit-function-declaration  -DNCURSES_STATIC -c ../ncurses/./base/lib_slkrefr.c -o ../objects/lib_slkrefr.o
clang -DHAVE_CONFIG_H -DBUILDING_NCURSES -I../ncurses -I. -I../include -D_DEFAULT_SOURCE -D_XOPEN_SOURCE=600 -DNDEBUG -march=x86-64-v3 -O2 -pipe -fno-plt -fexceptions -Wp,-D_FORTIFY_SOURCE=3 -fstack-clash-protection -fcf-protection -Qunused-arguments -Wno-error=implicit-function-declaration  -DNCURSES_STATIC -c ../ncurses/./base/lib_slkset.c -o ../objects/lib_slkset.o
clang -DHAVE_CONFIG_H -DBUILDING_NCURSES -I../ncurses -I. -I../include -D_DEFAULT_SOURCE -D_XOPEN_SOURCE=600 -DNDEBUG -march=x86-64-v3 -O2 -pipe -fno-plt -fexceptions -Wp,-D_FORTIFY_SOURCE=3 -fstack-clash-protection -fcf-protection -Qunused-arguments -Wno-error=implicit-function-declaration  -DNCURSES_STATIC -c ../ncurses/./base/lib_slktouch.c -o ../objects/lib_slktouch.o
clang -DHAVE_CONFIG_H -DBUILDING_NCURSES -I../ncurses -I. -I../include -D_DEFAULT_SOURCE -D_XOPEN_SOURCE=600 -DNDEBUG -march=x86-64-v3 -O2 -pipe -fno-plt -fexceptions -Wp,-D_FORTIFY_SOURCE=3 -fstack-clash-protection -fcf-protection -Qunused-arguments -Wno-error=implicit-function-declaration  -DNCURSES_STATIC -c ../ncurses/./base/lib_touch.c -o ../objects/lib_touch.o
clang -DHAVE_CONFIG_H -DBUILDING_NCURSES -I../ncurses -I. -I../include -D_DEFAULT_SOURCE -D_XOPEN_SOURCE=600 -DNDEBUG -march=x86-64-v3 -O2 -pipe -fno-plt -fexceptions -Wp,-D_FORTIFY_SOURCE=3 -fstack-clash-protection -fcf-protection -Qunused-arguments -Wno-error=implicit-function-declaration  -DNCURSES_STATIC -c ../ncurses/./tty/lib_tstp.c -o ../objects/lib_tstp.o
clang -DHAVE_CONFIG_H -DBUILDING_NCURSES -I../ncurses -I. -I../include -D_DEFAULT_SOURCE -D_XOPEN_SOURCE=600 -DNDEBUG -march=x86-64-v3 -O2 -pipe -fno-plt -fexceptions -Wp,-D_FORTIFY_SOURCE=3 -fstack-clash-protection -fcf-protection -Qunused-arguments -Wno-error=implicit-function-declaration  -DNCURSES_STATIC -c ../ncurses/./base/lib_ungetch.c -o ../objects/lib_ungetch.o
clang -DHAVE_CONFIG_H -DBUILDING_NCURSES -I../ncurses -I. -I../include -D_DEFAULT_SOURCE -D_XOPEN_SOURCE=600 -DNDEBUG -march=x86-64-v3 -O2 -pipe -fno-plt -fexceptions -Wp,-D_FORTIFY_SOURCE=3 -fstack-clash-protection -fcf-protection -Qunused-arguments -Wno-error=implicit-function-declaration  -DNCURSES_STATIC -c ../ncurses/./tty/lib_vidattr.c -o ../objects/lib_vidattr.o
clang -DHAVE_CONFIG_H -DBUILDING_NCURSES -I../ncurses -I. -I../include -D_DEFAULT_SOURCE -D_XOPEN_SOURCE=600 -DNDEBUG -march=x86-64-v3 -O2 -pipe -fno-plt -fexceptions -Wp,-D_FORTIFY_SOURCE=3 -fstack-clash-protection -fcf-protection -Qunused-arguments -Wno-error=implicit-function-declaration  -DNCURSES_STATIC -c ../ncurses/./base/lib_vline.c -o ../objects/lib_vline.o
clang -DHAVE_CONFIG_H -DBUILDING_NCURSES -I../ncurses -I. -I../include -D_DEFAULT_SOURCE -D_XOPEN_SOURCE=600 -DNDEBUG -march=x86-64-v3 -O2 -pipe -fno-plt -fexceptions -Wp,-D_FORTIFY_SOURCE=3 -fstack-clash-protection -fcf-protection -Qunused-arguments -Wno-error=implicit-function-declaration  -DNCURSES_STATIC -c ../ncurses/./base/lib_wattroff.c -o ../objects/lib_wattroff.o
clang -DHAVE_CONFIG_H -DBUILDING_NCURSES -I../ncurses -I. -I../include -D_DEFAULT_SOURCE -D_XOPEN_SOURCE=600 -DNDEBUG -march=x86-64-v3 -O2 -pipe -fno-plt -fexceptions -Wp,-D_FORTIFY_SOURCE=3 -fstack-clash-protection -fcf-protection -Qunused-arguments -Wno-error=implicit-function-declaration  -DNCURSES_STATIC -c ../ncurses/./base/lib_wattron.c -o ../objects/lib_wattron.o
clang -DHAVE_CONFIG_H -DBUILDING_NCURSES -I../ncurses -I. -I../include -D_DEFAULT_SOURCE -D_XOPEN_SOURCE=600 -DNDEBUG -march=x86-64-v3 -O2 -pipe -fno-plt -fexceptions -Wp,-D_FORTIFY_SOURCE=3 -fstack-clash-protection -fcf-protection -Qunused-arguments -Wno-error=implicit-function-declaration  -DNCURSES_STATIC -c ../ncurses/./base/lib_winch.c -o ../objects/lib_winch.o
clang -DHAVE_CONFIG_H -DBUILDING_NCURSES -I../ncurses -I. -I../include -D_DEFAULT_SOURCE -D_XOPEN_SOURCE=600 -DNDEBUG -march=x86-64-v3 -O2 -pipe -fno-plt -fexceptions -Wp,-D_FORTIFY_SOURCE=3 -fstack-clash-protection -fcf-protection -Qunused-arguments -Wno-error=implicit-function-declaration  -DNCURSES_STATIC -c ../ncurses/./base/lib_window.c -o ../objects/lib_window.o
clang -DHAVE_CONFIG_H -DBUILDING_NCURSES -I../ncurses -I. -I../include -D_DEFAULT_SOURCE -D_XOPEN_SOURCE=600 -DNDEBUG -march=x86-64-v3 -O2 -pipe -fno-plt -fexceptions -Wp,-D_FORTIFY_SOURCE=3 -fstack-clash-protection -fcf-protection -Qunused-arguments -Wno-error=implicit-function-declaration  -DNCURSES_STATIC -c ../ncurses/./base/nc_panel.c -o ../objects/nc_panel.o
clang -DHAVE_CONFIG_H -DBUILDING_NCURSES -I../ncurses -I. -I../include -D_DEFAULT_SOURCE -D_XOPEN_SOURCE=600 -DNDEBUG -march=x86-64-v3 -O2 -pipe -fno-plt -fexceptions -Wp,-D_FORTIFY_SOURCE=3 -fstack-clash-protection -fcf-protection -Qunused-arguments -Wno-error=implicit-function-declaration  -DNCURSES_STATIC -c ../ncurses/./base/safe_sprintf.c -o ../objects/safe_sprintf.o
clang -DHAVE_CONFIG_H -DBUILDING_NCURSES -I../ncurses -I. -I../include -D_DEFAULT_SOURCE -D_XOPEN_SOURCE=600 -DNDEBUG -march=x86-64-v3 -O2 -pipe -fno-plt -fexceptions -Wp,-D_FORTIFY_SOURCE=3 -fstack-clash-protection -fcf-protection -Qunused-arguments -Wno-error=implicit-function-declaration  -DNCURSES_STATIC -c ../ncurses/./tty/tty_update.c -o ../objects/tty_update.o
clang -DHAVE_CONFIG_H -DBUILDING_NCURSES -I../ncurses -I. -I../include -D_DEFAULT_SOURCE -D_XOPEN_SOURCE=600 -DNDEBUG -march=x86-64-v3 -O2 -pipe -fno-plt -fexceptions -Wp,-D_FORTIFY_SOURCE=3 -fstack-clash-protection -fcf-protection -Qunused-arguments -Wno-error=implicit-function-declaration  -DNCURSES_STATIC -c ../ncurses/./trace/varargs.c -o ../objects/varargs.o
clang -DHAVE_CONFIG_H -DBUILDING_NCURSES -I../ncurses -I. -I../include -D_DEFAULT_SOURCE -D_XOPEN_SOURCE=600 -DNDEBUG -march=x86-64-v3 -O2 -pipe -fno-plt -fexceptions -Wp,-D_FORTIFY_SOURCE=3 -fstack-clash-protection -fcf-protection -Qunused-arguments -Wno-error=implicit-function-declaration  -DNCURSES_STATIC -c ../ncurses/./base/vsscanf.c -o ../objects/vsscanf.o
clang -DHAVE_CONFIG_H -DBUILDING_NCURSES -I../ncurses -I. -I../include -D_DEFAULT_SOURCE -D_XOPEN_SOURCE=600 -DNDEBUG -march=x86-64-v3 -O2 -pipe -fno-plt -fexceptions -Wp,-D_FORTIFY_SOURCE=3 -fstack-clash-protection -fcf-protection -Qunused-arguments -Wno-error=implicit-function-declaration  -DNCURSES_STATIC -c ../ncurses/./base/lib_freeall.c -o ../objects/lib_freeall.o
clang -DHAVE_CONFIG_H -DBUILDING_NCURSES -I../ncurses -I. -I../include -D_DEFAULT_SOURCE -D_XOPEN_SOURCE=600 -DNDEBUG -march=x86-64-v3 -O2 -pipe -fno-plt -fexceptions -Wp,-D_FORTIFY_SOURCE=3 -fstack-clash-protection -fcf-protection -Qunused-arguments -Wno-error=implicit-function-declaration  -DNCURSES_STATIC -c ../ncurses/./widechar/charable.c -o ../objects/charable.o
clang -DHAVE_CONFIG_H -DBUILDING_NCURSES -I../ncurses -I. -I../include -D_DEFAULT_SOURCE -D_XOPEN_SOURCE=600 -DNDEBUG -march=x86-64-v3 -O2 -pipe -fno-plt -fexceptions -Wp,-D_FORTIFY_SOURCE=3 -fstack-clash-protection -fcf-protection -Qunused-arguments -Wno-error=implicit-function-declaration  -DNCURSES_STATIC -c ../ncurses/./widechar/lib_add_wch.c -o ../objects/lib_add_wch.o
clang -DHAVE_CONFIG_H -DBUILDING_NCURSES -I../ncurses -I. -I../include -D_DEFAULT_SOURCE -D_XOPEN_SOURCE=600 -DNDEBUG -march=x86-64-v3 -O2 -pipe -fno-plt -fexceptions -Wp,-D_FORTIFY_SOURCE=3 -fstack-clash-protection -fcf-protection -Qunused-arguments -Wno-error=implicit-function-declaration  -DNCURSES_STATIC -c ../ncurses/./widechar/lib_box_set.c -o ../objects/lib_box_set.o
clang -DHAVE_CONFIG_H -DBUILDING_NCURSES -I../ncurses -I. -I../include -D_DEFAULT_SOURCE -D_XOPEN_SOURCE=600 -DNDEBUG -march=x86-64-v3 -O2 -pipe -fno-plt -fexceptions -Wp,-D_FORTIFY_SOURCE=3 -fstack-clash-protection -fcf-protection -Qunused-arguments -Wno-error=implicit-function-declaration  -DNCURSES_STATIC -c ../ncurses/./widechar/lib_cchar.c -o ../objects/lib_cchar.o
clang -DHAVE_CONFIG_H -DBUILDING_NCURSES -I../ncurses -I. -I../include -D_DEFAULT_SOURCE -D_XOPEN_SOURCE=600 -DNDEBUG -march=x86-64-v3 -O2 -pipe -fno-plt -fexceptions -Wp,-D_FORTIFY_SOURCE=3 -fstack-clash-protection -fcf-protection -Qunused-arguments -Wno-error=implicit-function-declaration  -DNCURSES_STATIC -c ../ncurses/./widechar/lib_erasewchar.c -o ../objects/lib_erasewchar.o
clang -DHAVE_CONFIG_H -DBUILDING_NCURSES -I../ncurses -I. -I../include -D_DEFAULT_SOURCE -D_XOPEN_SOURCE=600 -DNDEBUG -march=x86-64-v3 -O2 -pipe -fno-plt -fexceptions -Wp,-D_FORTIFY_SOURCE=3 -fstack-clash-protection -fcf-protection -Qunused-arguments -Wno-error=implicit-function-declaration  -DNCURSES_STATIC -c ../ncurses/./widechar/lib_get_wch.c -o ../objects/lib_get_wch.o
clang -DHAVE_CONFIG_H -DBUILDING_NCURSES -I../ncurses -I. -I../include -D_DEFAULT_SOURCE -D_XOPEN_SOURCE=600 -DNDEBUG -march=x86-64-v3 -O2 -pipe -fno-plt -fexceptions -Wp,-D_FORTIFY_SOURCE=3 -fstack-clash-protection -fcf-protection -Qunused-arguments -Wno-error=implicit-function-declaration  -DNCURSES_STATIC -c ../ncurses/./widechar/lib_get_wstr.c -o ../objects/lib_get_wstr.o
clang -DHAVE_CONFIG_H -DBUILDING_NCURSES -I../ncurses -I. -I../include -D_DEFAULT_SOURCE -D_XOPEN_SOURCE=600 -DNDEBUG -march=x86-64-v3 -O2 -pipe -fno-plt -fexceptions -Wp,-D_FORTIFY_SOURCE=3 -fstack-clash-protection -fcf-protection -Qunused-arguments -Wno-error=implicit-function-declaration  -DNCURSES_STATIC -c ../ncurses/./widechar/lib_hline_set.c -o ../objects/lib_hline_set.o
clang -DHAVE_CONFIG_H -DBUILDING_NCURSES -I../ncurses -I. -I../include -D_DEFAULT_SOURCE -D_XOPEN_SOURCE=600 -DNDEBUG -march=x86-64-v3 -O2 -pipe -fno-plt -fexceptions -Wp,-D_FORTIFY_SOURCE=3 -fstack-clash-protection -fcf-protection -Qunused-arguments -Wno-error=implicit-function-declaration  -DNCURSES_STATIC -c ../ncurses/./widechar/lib_in_wch.c -o ../objects/lib_in_wch.o
clang -DHAVE_CONFIG_H -DBUILDING_NCURSES -I../ncurses -I. -I../include -D_DEFAULT_SOURCE -D_XOPEN_SOURCE=600 -DNDEBUG -march=x86-64-v3 -O2 -pipe -fno-plt -fexceptions -Wp,-D_FORTIFY_SOURCE=3 -fstack-clash-protection -fcf-protection -Qunused-arguments -Wno-error=implicit-function-declaration  -DNCURSES_STATIC -c ../ncurses/./widechar/lib_in_wchnstr.c -o ../objects/lib_in_wchnstr.o
clang -DHAVE_CONFIG_H -DBUILDING_NCURSES -I../ncurses -I. -I../include -D_DEFAULT_SOURCE -D_XOPEN_SOURCE=600 -DNDEBUG -march=x86-64-v3 -O2 -pipe -fno-plt -fexceptions -Wp,-D_FORTIFY_SOURCE=3 -fstack-clash-protection -fcf-protection -Qunused-arguments -Wno-error=implicit-function-declaration  -DNCURSES_STATIC -c ../ncurses/./widechar/lib_ins_wch.c -o ../objects/lib_ins_wch.o
clang -DHAVE_CONFIG_H -DBUILDING_NCURSES -I../ncurses -I. -I../include -D_DEFAULT_SOURCE -D_XOPEN_SOURCE=600 -DNDEBUG -march=x86-64-v3 -O2 -pipe -fno-plt -fexceptions -Wp,-D_FORTIFY_SOURCE=3 -fstack-clash-protection -fcf-protection -Qunused-arguments -Wno-error=implicit-function-declaration  -DNCURSES_STATIC -c ../ncurses/./widechar/lib_inwstr.c -o ../objects/lib_inwstr.o
clang -DHAVE_CONFIG_H -DBUILDING_NCURSES -I../ncurses -I. -I../include -D_DEFAULT_SOURCE -D_XOPEN_SOURCE=600 -DNDEBUG -march=x86-64-v3 -O2 -pipe -fno-plt -fexceptions -Wp,-D_FORTIFY_SOURCE=3 -fstack-clash-protection -fcf-protection -Qunused-arguments -Wno-error=implicit-function-declaration  -DNCURSES_STATIC -c ../ncurses/./widechar/lib_key_name.c -o ../objects/lib_key_name.o
clang -DHAVE_CONFIG_H -DBUILDING_NCURSES -I../ncurses -I. -I../include -D_DEFAULT_SOURCE -D_XOPEN_SOURCE=600 -DNDEBUG -march=x86-64-v3 -O2 -pipe -fno-plt -fexceptions -Wp,-D_FORTIFY_SOURCE=3 -fstack-clash-protection -fcf-protection -Qunused-arguments -Wno-error=implicit-function-declaration  -DNCURSES_STATIC -c ../ncurses/./widechar/lib_pecho_wchar.c -o ../objects/lib_pecho_wchar.o
clang -DHAVE_CONFIG_H -DBUILDING_NCURSES -I../ncurses -I. -I../include -D_DEFAULT_SOURCE -D_XOPEN_SOURCE=600 -DNDEBUG -march=x86-64-v3 -O2 -pipe -fno-plt -fexceptions -Wp,-D_FORTIFY_SOURCE=3 -fstack-clash-protection -fcf-protection -Qunused-arguments -Wno-error=implicit-function-declaration  -DNCURSES_STATIC -c ../ncurses/./widechar/lib_slk_wset.c -o ../objects/lib_slk_wset.o
clang -DHAVE_CONFIG_H -DBUILDING_NCURSES -I../ncurses -I. -I../include -D_DEFAULT_SOURCE -D_XOPEN_SOURCE=600 -DNDEBUG -march=x86-64-v3 -O2 -pipe -fno-plt -fexceptions -Wp,-D_FORTIFY_SOURCE=3 -fstack-clash-protection -fcf-protection -Qunused-arguments -Wno-error=implicit-function-declaration  -DNCURSES_STATIC -c ../ncurses/./widechar/lib_unget_wch.c -o ../objects/lib_unget_wch.o
clang -DHAVE_CONFIG_H -DBUILDING_NCURSES -I../ncurses -I. -I../include -D_DEFAULT_SOURCE -D_XOPEN_SOURCE=600 -DNDEBUG -march=x86-64-v3 -O2 -pipe -fno-plt -fexceptions -Wp,-D_FORTIFY_SOURCE=3 -fstack-clash-protection -fcf-protection -Qunused-arguments -Wno-error=implicit-function-declaration  -DNCURSES_STATIC -c ../ncurses/./widechar/lib_vid_attr.c -o ../objects/lib_vid_attr.o
clang -DHAVE_CONFIG_H -DBUILDING_NCURSES -I../ncurses -I. -I../include -D_DEFAULT_SOURCE -D_XOPEN_SOURCE=600 -DNDEBUG -march=x86-64-v3 -O2 -pipe -fno-plt -fexceptions -Wp,-D_FORTIFY_SOURCE=3 -fstack-clash-protection -fcf-protection -Qunused-arguments -Wno-error=implicit-function-declaration  -DNCURSES_STATIC -c ../ncurses/./widechar/lib_vline_set.c -o ../objects/lib_vline_set.o
clang -DHAVE_CONFIG_H -DBUILDING_NCURSES -I../ncurses -I. -I../include -D_DEFAULT_SOURCE -D_XOPEN_SOURCE=600 -DNDEBUG -march=x86-64-v3 -O2 -pipe -fno-plt -fexceptions -Wp,-D_FORTIFY_SOURCE=3 -fstack-clash-protection -fcf-protection -Qunused-arguments -Wno-error=implicit-function-declaration  -DNCURSES_STATIC -c ../ncurses/./widechar/lib_wacs.c -o ../objects/lib_wacs.o
clang -DHAVE_CONFIG_H -DBUILDING_NCURSES -I../ncurses -I. -I../include -D_DEFAULT_SOURCE -D_XOPEN_SOURCE=600 -DNDEBUG -march=x86-64-v3 -O2 -pipe -fno-plt -fexceptions -Wp,-D_FORTIFY_SOURCE=3 -fstack-clash-protection -fcf-protection -Qunused-arguments -Wno-error=implicit-function-declaration  -DNCURSES_STATIC -c ../ncurses/./widechar/lib_wunctrl.c -o ../objects/lib_wunctrl.o
clang -DHAVE_CONFIG_H -DBUILDING_NCURSES -I../ncurses -I. -I../include -D_DEFAULT_SOURCE -D_XOPEN_SOURCE=600 -DNDEBUG -march=x86-64-v3 -O2 -pipe -fno-plt -fexceptions -Wp,-D_FORTIFY_SOURCE=3 -fstack-clash-protection -fcf-protection -Qunused-arguments -Wno-error=implicit-function-declaration  -DNCURSES_STATIC -c ../ncurses/expanded.c -o ../objects/expanded.o
clang -DHAVE_CONFIG_H -DBUILDING_NCURSES -I../ncurses -I. -I../include -D_DEFAULT_SOURCE -D_XOPEN_SOURCE=600 -DNDEBUG -march=x86-64-v3 -O2 -pipe -fno-plt -fexceptions -Wp,-D_FORTIFY_SOURCE=3 -fstack-clash-protection -fcf-protection -Qunused-arguments -Wno-error=implicit-function-declaration  -DNCURSES_STATIC -c ../ncurses/./base/legacy_coding.c -o ../objects/legacy_coding.o
clang -DHAVE_CONFIG_H -DBUILDING_NCURSES -I../ncurses -I. -I../include -D_DEFAULT_SOURCE -D_XOPEN_SOURCE=600 -DNDEBUG -march=x86-64-v3 -O2 -pipe -fno-plt -fexceptions -Wp,-D_FORTIFY_SOURCE=3 -fstack-clash-protection -fcf-protection -Qunused-arguments -Wno-error=implicit-function-declaration  -DNCURSES_STATIC -c ../ncurses/./base/lib_dft_fgbg.c -o ../objects/lib_dft_fgbg.o
clang -DHAVE_CONFIG_H -DBUILDING_NCURSES -I../ncurses -I. -I../include -D_DEFAULT_SOURCE -D_XOPEN_SOURCE=600 -DNDEBUG -march=x86-64-v3 -O2 -pipe -fno-plt -fexceptions -Wp,-D_FORTIFY_SOURCE=3 -fstack-clash-protection -fcf-protection -Qunused-arguments -Wno-error=implicit-function-declaration  -DNCURSES_STATIC -c ../ncurses/./tinfo/lib_print.c -o ../objects/lib_print.o
clang -DHAVE_CONFIG_H -DBUILDING_NCURSES -I../ncurses -I. -I../include -D_DEFAULT_SOURCE -D_XOPEN_SOURCE=600 -DNDEBUG -march=x86-64-v3 -O2 -pipe -fno-plt -fexceptions -Wp,-D_FORTIFY_SOURCE=3 -fstack-clash-protection -fcf-protection -Qunused-arguments -Wno-error=implicit-function-declaration  -DNCURSES_STATIC -c ../ncurses/./base/new_pair.c -o ../objects/new_pair.o
clang -DHAVE_CONFIG_H -DBUILDING_NCURSES -I../ncurses -I. -I../include -D_DEFAULT_SOURCE -D_XOPEN_SOURCE=600 -DNDEBUG -march=x86-64-v3 -O2 -pipe -fno-plt -fexceptions -Wp,-D_FORTIFY_SOURCE=3 -fstack-clash-protection -fcf-protection -Qunused-arguments -Wno-error=implicit-function-declaration  -DNCURSES_STATIC -c ../ncurses/./base/resizeterm.c -o ../objects/resizeterm.o
clang -DHAVE_CONFIG_H -DBUILDING_NCURSES -I../ncurses -I. -I../include -D_DEFAULT_SOURCE -D_XOPEN_SOURCE=600 -DNDEBUG -march=x86-64-v3 -O2 -pipe -fno-plt -fexceptions -Wp,-D_FORTIFY_SOURCE=3 -fstack-clash-protection -fcf-protection -Qunused-arguments -Wno-error=implicit-function-declaration  -DNCURSES_STATIC -c ../ncurses/./tinfo/use_screen.c -o ../objects/use_screen.o
clang -DHAVE_CONFIG_H -DBUILDING_NCURSES -I../ncurses -I. -I../include -D_DEFAULT_SOURCE -D_XOPEN_SOURCE=600 -DNDEBUG -march=x86-64-v3 -O2 -pipe -fno-plt -fexceptions -Wp,-D_FORTIFY_SOURCE=3 -fstack-clash-protection -fcf-protection -Qunused-arguments -Wno-error=implicit-function-declaration  -DNCURSES_STATIC -c ../ncurses/./base/use_window.c -o ../objects/use_window.o
clang -DHAVE_CONFIG_H -DBUILDING_NCURSES -I../ncurses -I. -I../include -D_DEFAULT_SOURCE -D_XOPEN_SOURCE=600 -DNDEBUG -march=x86-64-v3 -O2 -pipe -fno-plt -fexceptions -Wp,-D_FORTIFY_SOURCE=3 -fstack-clash-protection -fcf-protection -Qunused-arguments -Wno-error=implicit-function-declaration  -DNCURSES_STATIC -c ../ncurses/./base/wresize.c -o ../objects/wresize.o
clang -DHAVE_CONFIG_H -DBUILDING_NCURSES -I../ncurses -I. -I../include -D_DEFAULT_SOURCE -D_XOPEN_SOURCE=600 -DNDEBUG -march=x86-64-v3 -O2 -pipe -fno-plt -fexceptions -Wp,-D_FORTIFY_SOURCE=3 -fstack-clash-protection -fcf-protection -Qunused-arguments -Wno-error=implicit-function-declaration  -DNCURSES_STATIC -c ../ncurses/./tinfo/access.c -o ../objects/access.o
clang -DHAVE_CONFIG_H -DBUILDING_NCURSES -I../ncurses -I. -I../include -D_DEFAULT_SOURCE -D_XOPEN_SOURCE=600 -DNDEBUG -march=x86-64-v3 -O2 -pipe -fno-plt -fexceptions -Wp,-D_FORTIFY_SOURCE=3 -fstack-clash-protection -fcf-protection -Qunused-arguments -Wno-error=implicit-function-declaration  -DNCURSES_STATIC -c ../ncurses/./tinfo/add_tries.c -o ../objects/add_tries.o
clang -DHAVE_CONFIG_H -DBUILDING_NCURSES -I../ncurses -I. -I../include -D_DEFAULT_SOURCE -D_XOPEN_SOURCE=600 -DNDEBUG -march=x86-64-v3 -O2 -pipe -fno-plt -fexceptions -Wp,-D_FORTIFY_SOURCE=3 -fstack-clash-protection -fcf-protection -Qunused-arguments -Wno-error=implicit-function-declaration  -DNCURSES_STATIC -c ../ncurses/./tinfo/alloc_ttype.c -o ../objects/alloc_ttype.o
clang -DHAVE_CONFIG_H -DBUILDING_NCURSES -I../ncurses -I. -I../include -D_DEFAULT_SOURCE -D_XOPEN_SOURCE=600 -DNDEBUG -march=x86-64-v3 -O2 -pipe -fno-plt -fexceptions -Wp,-D_FORTIFY_SOURCE=3 -fstack-clash-protection -fcf-protection -Qunused-arguments -Wno-error=implicit-function-declaration  -DNCURSES_STATIC -c ../ncurses/codes.c -o ../objects/codes.o
clang -DHAVE_CONFIG_H -DBUILDING_NCURSES -I../ncurses -I. -I../include -D_DEFAULT_SOURCE -D_XOPEN_SOURCE=600 -DNDEBUG -march=x86-64-v3 -O2 -pipe -fno-plt -fexceptions -Wp,-D_FORTIFY_SOURCE=3 -fstack-clash-protection -fcf-protection -Qunused-arguments -Wno-error=implicit-function-declaration  -DNCURSES_STATIC -c ../ncurses/./tinfo/comp_error.c -o ../objects/comp_error.o
clang -DHAVE_CONFIG_H -DBUILDING_NCURSES -I../ncurses -I. -I../include -D_DEFAULT_SOURCE -D_XOPEN_SOURCE=600 -DNDEBUG -march=x86-64-v3 -O2 -pipe -fno-plt -fexceptions -Wp,-D_FORTIFY_SOURCE=3 -fstack-clash-protection -fcf-protection -Qunused-arguments -Wno-error=implicit-function-declaration  -DNCURSES_STATIC -c ../ncurses/./tinfo/comp_hash.c -o ../objects/comp_hash.o
clang -DHAVE_CONFIG_H -DBUILDING_NCURSES -I../ncurses -I. -I../include -D_DEFAULT_SOURCE -D_XOPEN_SOURCE=600 -DNDEBUG -march=x86-64-v3 -O2 -pipe -fno-plt -fexceptions -Wp,-D_FORTIFY_SOURCE=3 -fstack-clash-protection -fcf-protection -Qunused-arguments -Wno-error=implicit-function-declaration  -DNCURSES_STATIC -c ../ncurses/./tinfo/db_iterator.c -o ../objects/db_iterator.o
clang -DHAVE_CONFIG_H -DBUILDING_NCURSES -I../ncurses -I. -I../include -D_DEFAULT_SOURCE -D_XOPEN_SOURCE=600 -DNDEBUG -march=x86-64-v3 -O2 -pipe -fno-plt -fexceptions -Wp,-D_FORTIFY_SOURCE=3 -fstack-clash-protection -fcf-protection -Qunused-arguments -Wno-error=implicit-function-declaration  -DNCURSES_STATIC -c ../ncurses/./tinfo/doalloc.c -o ../objects/doalloc.o
clang -DHAVE_CONFIG_H -DBUILDING_NCURSES -I../ncurses -I. -I../include -D_DEFAULT_SOURCE -D_XOPEN_SOURCE=600 -DNDEBUG -march=x86-64-v3 -O2 -pipe -fno-plt -fexceptions -Wp,-D_FORTIFY_SOURCE=3 -fstack-clash-protection -fcf-protection -Qunused-arguments -Wno-error=implicit-function-declaration  -DNCURSES_STATIC -c ../ncurses/./tinfo/entries.c -o ../objects/entries.o
clang -DHAVE_CONFIG_H -DBUILDING_NCURSES -I../ncurses -I. -I../include -D_DEFAULT_SOURCE -D_XOPEN_SOURCE=600 -DNDEBUG -march=x86-64-v3 -O2 -pipe -fno-plt -fexceptions -Wp,-D_FORTIFY_SOURCE=3 -fstack-clash-protection -fcf-protection -Qunused-arguments -Wno-error=implicit-function-declaration  -DNCURSES_STATIC -c ../ncurses/fallback.c -o ../objects/fallback.o
clang -DHAVE_CONFIG_H -DBUILDING_NCURSES -I../ncurses -I. -I../include -D_DEFAULT_SOURCE -D_XOPEN_SOURCE=600 -DNDEBUG -march=x86-64-v3 -O2 -pipe -fno-plt -fexceptions -Wp,-D_FORTIFY_SOURCE=3 -fstack-clash-protection -fcf-protection -Qunused-arguments -Wno-error=implicit-function-declaration  -DNCURSES_STATIC -c ../ncurses/./tinfo/free_ttype.c -o ../objects/free_ttype.o
clang -DHAVE_CONFIG_H -DBUILDING_NCURSES -I../ncurses -I. -I../include -D_DEFAULT_SOURCE -D_XOPEN_SOURCE=600 -DNDEBUG -march=x86-64-v3 -O2 -pipe -fno-plt -fexceptions -Wp,-D_FORTIFY_SOURCE=3 -fstack-clash-protection -fcf-protection -Qunused-arguments -Wno-error=implicit-function-declaration  -DNCURSES_STATIC -c ../ncurses/./tinfo/getenv_num.c -o ../objects/getenv_num.o
clang -DHAVE_CONFIG_H -DBUILDING_NCURSES -I../ncurses -I. -I../include -D_DEFAULT_SOURCE -D_XOPEN_SOURCE=600 -DNDEBUG -march=x86-64-v3 -O2 -pipe -fno-plt -fexceptions -Wp,-D_FORTIFY_SOURCE=3 -fstack-clash-protection -fcf-protection -Qunused-arguments -Wno-error=implicit-function-declaration  -DNCURSES_STATIC -c ../ncurses/./tinfo/home_terminfo.c -o ../objects/home_terminfo.o
clang -DHAVE_CONFIG_H -DBUILDING_NCURSES -I../ncurses -I. -I../include -D_DEFAULT_SOURCE -D_XOPEN_SOURCE=600 -DNDEBUG -march=x86-64-v3 -O2 -pipe -fno-plt -fexceptions -Wp,-D_FORTIFY_SOURCE=3 -fstack-clash-protection -fcf-protection -Qunused-arguments -Wno-error=implicit-function-declaration  -DNCURSES_STATIC -c ../ncurses/./tinfo/lib_acs.c -o ../objects/lib_acs.o
clang -DHAVE_CONFIG_H -DBUILDING_NCURSES -I../ncurses -I. -I../include -D_DEFAULT_SOURCE -D_XOPEN_SOURCE=600 -DNDEBUG -march=x86-64-v3 -O2 -pipe -fno-plt -fexceptions -Wp,-D_FORTIFY_SOURCE=3 -fstack-clash-protection -fcf-protection -Qunused-arguments -Wno-error=implicit-function-declaration  -DNCURSES_STATIC -c ../ncurses/./tinfo/lib_baudrate.c -o ../objects/lib_baudrate.o
clang -DHAVE_CONFIG_H -DBUILDING_NCURSES -I../ncurses -I. -I../include -D_DEFAULT_SOURCE -D_XOPEN_SOURCE=600 -DNDEBUG -march=x86-64-v3 -O2 -pipe -fno-plt -fexceptions -Wp,-D_FORTIFY_SOURCE=3 -fstack-clash-protection -fcf-protection -Qunused-arguments -Wno-error=implicit-function-declaration  -DNCURSES_STATIC -c ../ncurses/./tinfo/lib_cur_term.c -o ../objects/lib_cur_term.o
clang -DHAVE_CONFIG_H -DBUILDING_NCURSES -I../ncurses -I. -I../include -D_DEFAULT_SOURCE -D_XOPEN_SOURCE=600 -DNDEBUG -march=x86-64-v3 -O2 -pipe -fno-plt -fexceptions -Wp,-D_FORTIFY_SOURCE=3 -fstack-clash-protection -fcf-protection -Qunused-arguments -Wno-error=implicit-function-declaration  -DNCURSES_STATIC -c ../ncurses/./tinfo/lib_data.c -o ../objects/lib_data.o
clang -DHAVE_CONFIG_H -DBUILDING_NCURSES -I../ncurses -I. -I../include -D_DEFAULT_SOURCE -D_XOPEN_SOURCE=600 -DNDEBUG -march=x86-64-v3 -O2 -pipe -fno-plt -fexceptions -Wp,-D_FORTIFY_SOURCE=3 -fstack-clash-protection -fcf-protection -Qunused-arguments -Wno-error=implicit-function-declaration  -DNCURSES_STATIC -c ../ncurses/./tinfo/lib_has_cap.c -o ../objects/lib_has_cap.o
clang -DHAVE_CONFIG_H -DBUILDING_NCURSES -I../ncurses -I. -I../include -D_DEFAULT_SOURCE -D_XOPEN_SOURCE=600 -DNDEBUG -march=x86-64-v3 -O2 -pipe -fno-plt -fexceptions -Wp,-D_FORTIFY_SOURCE=3 -fstack-clash-protection -fcf-protection -Qunused-arguments -Wno-error=implicit-function-declaration  -DNCURSES_STATIC -c ../ncurses/./tinfo/lib_kernel.c -o ../objects/lib_kernel.o
clang -DHAVE_CONFIG_H -DBUILDING_NCURSES -I../ncurses -I. -I../include -D_DEFAULT_SOURCE -D_XOPEN_SOURCE=600 -DNDEBUG -march=x86-64-v3 -O2 -pipe -fno-plt -fexceptions -Wp,-D_FORTIFY_SOURCE=3 -fstack-clash-protection -fcf-protection -Qunused-arguments -Wno-error=implicit-function-declaration  -DNCURSES_STATIC -c ../ncurses/./tinfo/lib_longname.c -o ../objects/lib_longname.o
clang -DHAVE_CONFIG_H -DBUILDING_NCURSES -I../ncurses -I. -I../include -D_DEFAULT_SOURCE -D_XOPEN_SOURCE=600 -DNDEBUG -march=x86-64-v3 -O2 -pipe -fno-plt -fexceptions -Wp,-D_FORTIFY_SOURCE=3 -fstack-clash-protection -fcf-protection -Qunused-arguments -Wno-error=implicit-function-declaration  -DNCURSES_STATIC -c ../ncurses/./tinfo/lib_napms.c -o ../objects/lib_napms.o
clang -DHAVE_CONFIG_H -DBUILDING_NCURSES -I../ncurses -I. -I../include -D_DEFAULT_SOURCE -D_XOPEN_SOURCE=600 -DNDEBUG -march=x86-64-v3 -O2 -pipe -fno-plt -fexceptions -Wp,-D_FORTIFY_SOURCE=3 -fstack-clash-protection -fcf-protection -Qunused-arguments -Wno-error=implicit-function-declaration  -DNCURSES_STATIC -c ../ncurses/./tinfo/lib_options.c -o ../objects/lib_options.o
clang -DHAVE_CONFIG_H -DBUILDING_NCURSES -I../ncurses -I. -I../include -D_DEFAULT_SOURCE -D_XOPEN_SOURCE=600 -DNDEBUG -march=x86-64-v3 -O2 -pipe -fno-plt -fexceptions -Wp,-D_FORTIFY_SOURCE=3 -fstack-clash-protection -fcf-protection -Qunused-arguments -Wno-error=implicit-function-declaration  -DNCURSES_STATIC -c ../ncurses/./tinfo/lib_raw.c -o ../objects/lib_raw.o
clang -DHAVE_CONFIG_H -DBUILDING_NCURSES -I../ncurses -I. -I../include -D_DEFAULT_SOURCE -D_XOPEN_SOURCE=600 -DNDEBUG -march=x86-64-v3 -O2 -pipe -fno-plt -fexceptions -Wp,-D_FORTIFY_SOURCE=3 -fstack-clash-protection -fcf-protection -Qunused-arguments -Wno-error=implicit-function-declaration  -DNCURSES_STATIC -c ../ncurses/./tinfo/lib_setup.c -o ../objects/lib_setup.o
clang -DHAVE_CONFIG_H -DBUILDING_NCURSES -I../ncurses -I. -I../include -D_DEFAULT_SOURCE -D_XOPEN_SOURCE=600 -DNDEBUG -march=x86-64-v3 -O2 -pipe -fno-plt -fexceptions -Wp,-D_FORTIFY_SOURCE=3 -fstack-clash-protection -fcf-protection -Qunused-arguments -Wno-error=implicit-function-declaration  -DNCURSES_STATIC -c ../ncurses/./tinfo/lib_termcap.c -o ../objects/lib_termcap.o
clang -DHAVE_CONFIG_H -DBUILDING_NCURSES -I../ncurses -I. -I../include -D_DEFAULT_SOURCE -D_XOPEN_SOURCE=600 -DNDEBUG -march=x86-64-v3 -O2 -pipe -fno-plt -fexceptions -Wp,-D_FORTIFY_SOURCE=3 -fstack-clash-protection -fcf-protection -Qunused-arguments -Wno-error=implicit-function-declaration  -DNCURSES_STATIC -c ../ncurses/./tinfo/lib_termname.c -o ../objects/lib_termname.o
clang -DHAVE_CONFIG_H -DBUILDING_NCURSES -I../ncurses -I. -I../include -D_DEFAULT_SOURCE -D_XOPEN_SOURCE=600 -DNDEBUG -march=x86-64-v3 -O2 -pipe -fno-plt -fexceptions -Wp,-D_FORTIFY_SOURCE=3 -fstack-clash-protection -fcf-protection -Qunused-arguments -Wno-error=implicit-function-declaration  -DNCURSES_STATIC -c ../ncurses/./tinfo/lib_tgoto.c -o ../objects/lib_tgoto.o
clang -DHAVE_CONFIG_H -DBUILDING_NCURSES -I../ncurses -I. -I../include -D_DEFAULT_SOURCE -D_XOPEN_SOURCE=600 -DNDEBUG -march=x86-64-v3 -O2 -pipe -fno-plt -fexceptions -Wp,-D_FORTIFY_SOURCE=3 -fstack-clash-protection -fcf-protection -Qunused-arguments -Wno-error=implicit-function-declaration  -DNCURSES_STATIC -c ../ncurses/./tinfo/lib_ti.c -o ../objects/lib_ti.o
clang -DHAVE_CONFIG_H -DBUILDING_NCURSES -I../ncurses -I. -I../include -D_DEFAULT_SOURCE -D_XOPEN_SOURCE=600 -DNDEBUG -march=x86-64-v3 -O2 -pipe -fno-plt -fexceptions -Wp,-D_FORTIFY_SOURCE=3 -fstack-clash-protection -fcf-protection -Qunused-arguments -Wno-error=implicit-function-declaration  -DNCURSES_STATIC -c ../ncurses/./tinfo/lib_tparm.c -o ../objects/lib_tparm.o
clang -DHAVE_CONFIG_H -DBUILDING_NCURSES -I../ncurses -I. -I../include -D_DEFAULT_SOURCE -D_XOPEN_SOURCE=600 -DNDEBUG -march=x86-64-v3 -O2 -pipe -fno-plt -fexceptions -Wp,-D_FORTIFY_SOURCE=3 -fstack-clash-protection -fcf-protection -Qunused-arguments -Wno-error=implicit-function-declaration  -DNCURSES_STATIC -c ../ncurses/./tinfo/lib_tputs.c -o ../objects/lib_tputs.o
clang -DHAVE_CONFIG_H -DBUILDING_NCURSES -I../ncurses -I. -I../include -D_DEFAULT_SOURCE -D_XOPEN_SOURCE=600 -DNDEBUG -march=x86-64-v3 -O2 -pipe -fno-plt -fexceptions -Wp,-D_FORTIFY_SOURCE=3 -fstack-clash-protection -fcf-protection -Qunused-arguments -Wno-error=implicit-function-declaration  -DNCURSES_STATIC -c ../ncurses/./trace/lib_trace.c -o ../objects/lib_trace.o
clang -DHAVE_CONFIG_H -DBUILDING_NCURSES -I../ncurses -I. -I../include -D_DEFAULT_SOURCE -D_XOPEN_SOURCE=600 -DNDEBUG -march=x86-64-v3 -O2 -pipe -fno-plt -fexceptions -Wp,-D_FORTIFY_SOURCE=3 -fstack-clash-protection -fcf-protection -Qunused-arguments -Wno-error=implicit-function-declaration  -DNCURSES_STATIC -c ../ncurses/./tinfo/lib_ttyflags.c -o ../objects/lib_ttyflags.o
clang -DHAVE_CONFIG_H -DBUILDING_NCURSES -I../ncurses -I. -I../include -D_DEFAULT_SOURCE -D_XOPEN_SOURCE=600 -DNDEBUG -march=x86-64-v3 -O2 -pipe -fno-plt -fexceptions -Wp,-D_FORTIFY_SOURCE=3 -fstack-clash-protection -fcf-protection -Qunused-arguments -Wno-error=implicit-function-declaration  -DNCURSES_STATIC -c ../ncurses/./tty/lib_twait.c -o ../objects/lib_twait.o
clang -DHAVE_CONFIG_H -DBUILDING_NCURSES -I../ncurses -I. -I../include -D_DEFAULT_SOURCE -D_XOPEN_SOURCE=600 -DNDEBUG -march=x86-64-v3 -O2 -pipe -fno-plt -fexceptions -Wp,-D_FORTIFY_SOURCE=3 -fstack-clash-protection -fcf-protection -Qunused-arguments -Wno-error=implicit-function-declaration  -DNCURSES_STATIC -c ../ncurses/./tinfo/name_match.c -o ../objects/name_match.o
clang -DHAVE_CONFIG_H -DBUILDING_NCURSES -I../ncurses -I. -I../include -D_DEFAULT_SOURCE -D_XOPEN_SOURCE=600 -DNDEBUG -march=x86-64-v3 -O2 -pipe -fno-plt -fexceptions -Wp,-D_FORTIFY_SOURCE=3 -fstack-clash-protection -fcf-protection -Qunused-arguments -Wno-error=implicit-function-declaration  -DNCURSES_STATIC -c ../ncurses/names.c -o ../objects/names.o
clang -DHAVE_CONFIG_H -DBUILDING_NCURSES -I../ncurses -I. -I../include -D_DEFAULT_SOURCE -D_XOPEN_SOURCE=600 -DNDEBUG -march=x86-64-v3 -O2 -pipe -fno-plt -fexceptions -Wp,-D_FORTIFY_SOURCE=3 -fstack-clash-protection -fcf-protection -Qunused-arguments -Wno-error=implicit-function-declaration  -DNCURSES_STATIC -c ../ncurses/./tinfo/obsolete.c -o ../objects/obsolete.o
clang -DHAVE_CONFIG_H -DBUILDING_NCURSES -I../ncurses -I. -I../include -D_DEFAULT_SOURCE -D_XOPEN_SOURCE=600 -DNDEBUG -march=x86-64-v3 -O2 -pipe -fno-plt -fexceptions -Wp,-D_FORTIFY_SOURCE=3 -fstack-clash-protection -fcf-protection -Qunused-arguments -Wno-error=implicit-function-declaration  -DNCURSES_STATIC -c ../ncurses/./tinfo/read_entry.c -o ../objects/read_entry.o
clang -DHAVE_CONFIG_H -DBUILDING_NCURSES -I../ncurses -I. -I../include -D_DEFAULT_SOURCE -D_XOPEN_SOURCE=600 -DNDEBUG -march=x86-64-v3 -O2 -pipe -fno-plt -fexceptions -Wp,-D_FORTIFY_SOURCE=3 -fstack-clash-protection -fcf-protection -Qunused-arguments -Wno-error=implicit-function-declaration  -DNCURSES_STATIC -c ../ncurses/./tinfo/read_termcap.c -o ../objects/read_termcap.o
clang -DHAVE_CONFIG_H -DBUILDING_NCURSES -I../ncurses -I. -I../include -D_DEFAULT_SOURCE -D_XOPEN_SOURCE=600 -DNDEBUG -march=x86-64-v3 -O2 -pipe -fno-plt -fexceptions -Wp,-D_FORTIFY_SOURCE=3 -fstack-clash-protection -fcf-protection -Qunused-arguments -Wno-error=implicit-function-declaration  -DNCURSES_STATIC -c ../ncurses/./tinfo/strings.c -o ../objects/strings.o
clang -DHAVE_CONFIG_H -DBUILDING_NCURSES -I../ncurses -I. -I../include -D_DEFAULT_SOURCE -D_XOPEN_SOURCE=600 -DNDEBUG -march=x86-64-v3 -O2 -pipe -fno-plt -fexceptions -Wp,-D_FORTIFY_SOURCE=3 -fstack-clash-protection -fcf-protection -Qunused-arguments -Wno-error=implicit-function-declaration  -DNCURSES_STATIC -c ../ncurses/./base/tries.c -o ../objects/tries.o
clang -DHAVE_CONFIG_H -DBUILDING_NCURSES -I../ncurses -I. -I../include -D_DEFAULT_SOURCE -D_XOPEN_SOURCE=600 -DNDEBUG -march=x86-64-v3 -O2 -pipe -fno-plt -fexceptions -Wp,-D_FORTIFY_SOURCE=3 -fstack-clash-protection -fcf-protection -Qunused-arguments -Wno-error=implicit-function-declaration  -DNCURSES_STATIC -c ../ncurses/./tinfo/trim_sgr0.c -o ../objects/trim_sgr0.o
clang -DHAVE_CONFIG_H -DBUILDING_NCURSES -I../ncurses -I. -I../include -D_DEFAULT_SOURCE -D_XOPEN_SOURCE=600 -DNDEBUG -march=x86-64-v3 -O2 -pipe -fno-plt -fexceptions -Wp,-D_FORTIFY_SOURCE=3 -fstack-clash-protection -fcf-protection -Qunused-arguments -Wno-error=implicit-function-declaration  -DNCURSES_STATIC -c ../ncurses/unctrl.c -o ../objects/unctrl.o
clang -DHAVE_CONFIG_H -DBUILDING_NCURSES -I../ncurses -I. -I../include -D_DEFAULT_SOURCE -D_XOPEN_SOURCE=600 -DNDEBUG -march=x86-64-v3 -O2 -pipe -fno-plt -fexceptions -Wp,-D_FORTIFY_SOURCE=3 -fstack-clash-protection -fcf-protection -Qunused-arguments -Wno-error=implicit-function-declaration  -DNCURSES_STATIC -c ../ncurses/./trace/visbuf.c -o ../objects/visbuf.o
clang -DHAVE_CONFIG_H -DBUILDING_NCURSES -I../ncurses -I. -I../include -D_DEFAULT_SOURCE -D_XOPEN_SOURCE=600 -DNDEBUG -march=x86-64-v3 -O2 -pipe -fno-plt -fexceptions -Wp,-D_FORTIFY_SOURCE=3 -fstack-clash-protection -fcf-protection -Qunused-arguments -Wno-error=implicit-function-declaration  -DNCURSES_STATIC -c ../ncurses/./tinfo/alloc_entry.c -o ../objects/alloc_entry.o
clang -DHAVE_CONFIG_H -DBUILDING_NCURSES -I../ncurses -I. -I../include -D_DEFAULT_SOURCE -D_XOPEN_SOURCE=600 -DNDEBUG -march=x86-64-v3 -O2 -pipe -fno-plt -fexceptions -Wp,-D_FORTIFY_SOURCE=3 -fstack-clash-protection -fcf-protection -Qunused-arguments -Wno-error=implicit-function-declaration  -DNCURSES_STATIC -c ../ncurses/./tinfo/captoinfo.c -o ../objects/captoinfo.o
clang -DHAVE_CONFIG_H -DBUILDING_NCURSES -I../ncurses -I. -I../include -D_DEFAULT_SOURCE -D_XOPEN_SOURCE=600 -DNDEBUG -march=x86-64-v3 -O2 -pipe -fno-plt -fexceptions -Wp,-D_FORTIFY_SOURCE=3 -fstack-clash-protection -fcf-protection -Qunused-arguments -Wno-error=implicit-function-declaration  -DNCURSES_STATIC -c ../ncurses/./tinfo/comp_expand.c -o ../objects/comp_expand.o
clang -DHAVE_CONFIG_H -DBUILDING_NCURSES -I../ncurses -I. -I../include -D_DEFAULT_SOURCE -D_XOPEN_SOURCE=600 -DNDEBUG -march=x86-64-v3 -O2 -pipe -fno-plt -fexceptions -Wp,-D_FORTIFY_SOURCE=3 -fstack-clash-protection -fcf-protection -Qunused-arguments -Wno-error=implicit-function-declaration  -DNCURSES_STATIC -c ../ncurses/./tinfo/comp_parse.c -o ../objects/comp_parse.o
clang -DHAVE_CONFIG_H -DBUILDING_NCURSES -I../ncurses -I. -I../include -D_DEFAULT_SOURCE -D_XOPEN_SOURCE=600 -DNDEBUG -march=x86-64-v3 -O2 -pipe -fno-plt -fexceptions -Wp,-D_FORTIFY_SOURCE=3 -fstack-clash-protection -fcf-protection -Qunused-arguments -Wno-error=implicit-function-declaration  -DNCURSES_STATIC -c ../ncurses/./tinfo/comp_scan.c -o ../objects/comp_scan.o
clang -DHAVE_CONFIG_H -DBUILDING_NCURSES -I../ncurses -I. -I../include -D_DEFAULT_SOURCE -D_XOPEN_SOURCE=600 -DNDEBUG -march=x86-64-v3 -O2 -pipe -fno-plt -fexceptions -Wp,-D_FORTIFY_SOURCE=3 -fstack-clash-protection -fcf-protection -Qunused-arguments -Wno-error=implicit-function-declaration  -DNCURSES_STATIC -c ../ncurses/./tinfo/parse_entry.c -o ../objects/parse_entry.o
clang -DHAVE_CONFIG_H -DBUILDING_NCURSES -I../ncurses -I. -I../include -D_DEFAULT_SOURCE -D_XOPEN_SOURCE=600 -DNDEBUG -march=x86-64-v3 -O2 -pipe -fno-plt -fexceptions -Wp,-D_FORTIFY_SOURCE=3 -fstack-clash-protection -fcf-protection -Qunused-arguments -Wno-error=implicit-function-declaration  -DNCURSES_STATIC -c ../ncurses/./tinfo/write_entry.c -o ../objects/write_entry.o
clang -DHAVE_CONFIG_H -DBUILDING_NCURSES -I../ncurses -I. -I../include -D_DEFAULT_SOURCE -D_XOPEN_SOURCE=600 -DNDEBUG -march=x86-64-v3 -O2 -pipe -fno-plt -fexceptions -Wp,-D_FORTIFY_SOURCE=3 -fstack-clash-protection -fcf-protection -Qunused-arguments -Wno-error=implicit-function-declaration  -DNCURSES_STATIC -c ../ncurses/./base/define_key.c -o ../objects/define_key.o
clang -DHAVE_CONFIG_H -DBUILDING_NCURSES -I../ncurses -I. -I../include -D_DEFAULT_SOURCE -D_XOPEN_SOURCE=600 -DNDEBUG -march=x86-64-v3 -O2 -pipe -fno-plt -fexceptions -Wp,-D_FORTIFY_SOURCE=3 -fstack-clash-protection -fcf-protection -Qunused-arguments -Wno-error=implicit-function-declaration  -DNCURSES_STATIC -c ../ncurses/./tinfo/hashed_db.c -o ../objects/hashed_db.o
clang -DHAVE_CONFIG_H -DBUILDING_NCURSES -I../ncurses -I. -I../include -D_DEFAULT_SOURCE -D_XOPEN_SOURCE=600 -DNDEBUG -march=x86-64-v3 -O2 -pipe -fno-plt -fexceptions -Wp,-D_FORTIFY_SOURCE=3 -fstack-clash-protection -fcf-protection -Qunused-arguments -Wno-error=implicit-function-declaration  -DNCURSES_STATIC -c ../ncurses/./base/key_defined.c -o ../objects/key_defined.o
clang -DHAVE_CONFIG_H -DBUILDING_NCURSES -I../ncurses -I. -I../include -D_DEFAULT_SOURCE -D_XOPEN_SOURCE=600 -DNDEBUG -march=x86-64-v3 -O2 -pipe -fno-plt -fexceptions -Wp,-D_FORTIFY_SOURCE=3 -fstack-clash-protection -fcf-protection -Qunused-arguments -Wno-error=implicit-function-declaration  -DNCURSES_STATIC -c ../ncurses/./base/keybound.c -o ../objects/keybound.o
clang -DHAVE_CONFIG_H -DBUILDING_NCURSES -I../ncurses -I. -I../include -D_DEFAULT_SOURCE -D_XOPEN_SOURCE=600 -DNDEBUG -march=x86-64-v3 -O2 -pipe -fno-plt -fexceptions -Wp,-D_FORTIFY_SOURCE=3 -fstack-clash-protection -fcf-protection -Qunused-arguments -Wno-error=implicit-function-declaration  -DNCURSES_STATIC -c ../ncurses/./base/keyok.c -o ../objects/keyok.o
clang -DHAVE_CONFIG_H -DBUILDING_NCURSES -I../ncurses -I. -I../include -D_DEFAULT_SOURCE -D_XOPEN_SOURCE=600 -DNDEBUG -march=x86-64-v3 -O2 -pipe -fno-plt -fexceptions -Wp,-D_FORTIFY_SOURCE=3 -fstack-clash-protection -fcf-protection -Qunused-arguments -Wno-error=implicit-function-declaration  -DNCURSES_STATIC -c ../ncurses/./base/version.c -o ../objects/version.o
clang -DHAVE_CONFIG_H -DBUILDING_NCURSES -I../ncurses -I. -I../include -D_DEFAULT_SOURCE -D_XOPEN_SOURCE=600 -DNDEBUG -march=x86-64-v3 -O2 -pipe -fno-plt -fexceptions -Wp,-D_FORTIFY_SOURCE=3 -fstack-clash-protection -fcf-protection -Qunused-arguments -Wno-error=implicit-function-declaration  -DNCURSES_STATIC -g -DTRACE -c ../ncurses/./tty/hardscroll.c -o ../obj_g/hardscroll.o
clang -DHAVE_CONFIG_H -DBUILDING_NCURSES -I../ncurses -I. -I../include -D_DEFAULT_SOURCE -D_XOPEN_SOURCE=600 -DNDEBUG -march=x86-64-v3 -O2 -pipe -fno-plt -fexceptions -Wp,-D_FORTIFY_SOURCE=3 -fstack-clash-protection -fcf-protection -Qunused-arguments -Wno-error=implicit-function-declaration  -DNCURSES_STATIC -g -DTRACE -c ../ncurses/./tty/hashmap.c -o ../obj_g/hashmap.o
clang -DHAVE_CONFIG_H -DBUILDING_NCURSES -I../ncurses -I. -I../include -D_DEFAULT_SOURCE -D_XOPEN_SOURCE=600 -DNDEBUG -march=x86-64-v3 -O2 -pipe -fno-plt -fexceptions -Wp,-D_FORTIFY_SOURCE=3 -fstack-clash-protection -fcf-protection -Qunused-arguments -Wno-error=implicit-function-declaration  -DNCURSES_STATIC -g -DTRACE -c ../ncurses/./base/lib_addch.c -o ../obj_g/lib_addch.o
clang -DHAVE_CONFIG_H -DBUILDING_NCURSES -I../ncurses -I. -I../include -D_DEFAULT_SOURCE -D_XOPEN_SOURCE=600 -DNDEBUG -march=x86-64-v3 -O2 -pipe -fno-plt -fexceptions -Wp,-D_FORTIFY_SOURCE=3 -fstack-clash-protection -fcf-protection -Qunused-arguments -Wno-error=implicit-function-declaration  -DNCURSES_STATIC -g -DTRACE -c ../ncurses/./base/lib_addstr.c -o ../obj_g/lib_addstr.o
clang -DHAVE_CONFIG_H -DBUILDING_NCURSES -I../ncurses -I. -I../include -D_DEFAULT_SOURCE -D_XOPEN_SOURCE=600 -DNDEBUG -march=x86-64-v3 -O2 -pipe -fno-plt -fexceptions -Wp,-D_FORTIFY_SOURCE=3 -fstack-clash-protection -fcf-protection -Qunused-arguments -Wno-error=implicit-function-declaration  -DNCURSES_STATIC -g -DTRACE -c ../ncurses/./base/lib_beep.c -o ../obj_g/lib_beep.o
clang -DHAVE_CONFIG_H -DBUILDING_NCURSES -I../ncurses -I. -I../include -D_DEFAULT_SOURCE -D_XOPEN_SOURCE=600 -DNDEBUG -march=x86-64-v3 -O2 -pipe -fno-plt -fexceptions -Wp,-D_FORTIFY_SOURCE=3 -fstack-clash-protection -fcf-protection -Qunused-arguments -Wno-error=implicit-function-declaration  -DNCURSES_STATIC -g -DTRACE -c ../ncurses/./base/lib_bkgd.c -o ../obj_g/lib_bkgd.o
clang -DHAVE_CONFIG_H -DBUILDING_NCURSES -I../ncurses -I. -I../include -D_DEFAULT_SOURCE -D_XOPEN_SOURCE=600 -DNDEBUG -march=x86-64-v3 -O2 -pipe -fno-plt -fexceptions -Wp,-D_FORTIFY_SOURCE=3 -fstack-clash-protection -fcf-protection -Qunused-arguments -Wno-error=implicit-function-declaration  -DNCURSES_STATIC -g -DTRACE -c ../ncurses/./base/lib_box.c -o ../obj_g/lib_box.o
clang -DHAVE_CONFIG_H -DBUILDING_NCURSES -I../ncurses -I. -I../include -D_DEFAULT_SOURCE -D_XOPEN_SOURCE=600 -DNDEBUG -march=x86-64-v3 -O2 -pipe -fno-plt -fexceptions -Wp,-D_FORTIFY_SOURCE=3 -fstack-clash-protection -fcf-protection -Qunused-arguments -Wno-error=implicit-function-declaration  -DNCURSES_STATIC -g -DTRACE -c ../ncurses/./base/lib_chgat.c -o ../obj_g/lib_chgat.o
clang -DHAVE_CONFIG_H -DBUILDING_NCURSES -I../ncurses -I. -I../include -D_DEFAULT_SOURCE -D_XOPEN_SOURCE=600 -DNDEBUG -march=x86-64-v3 -O2 -pipe -fno-plt -fexceptions -Wp,-D_FORTIFY_SOURCE=3 -fstack-clash-protection -fcf-protection -Qunused-arguments -Wno-error=implicit-function-declaration  -DNCURSES_STATIC -g -DTRACE -c ../ncurses/./base/lib_clear.c -o ../obj_g/lib_clear.o
clang -DHAVE_CONFIG_H -DBUILDING_NCURSES -I../ncurses -I. -I../include -D_DEFAULT_SOURCE -D_XOPEN_SOURCE=600 -DNDEBUG -march=x86-64-v3 -O2 -pipe -fno-plt -fexceptions -Wp,-D_FORTIFY_SOURCE=3 -fstack-clash-protection -fcf-protection -Qunused-arguments -Wno-error=implicit-function-declaration  -DNCURSES_STATIC -g -DTRACE -c ../ncurses/./base/lib_clearok.c -o ../obj_g/lib_clearok.o
clang -DHAVE_CONFIG_H -DBUILDING_NCURSES -I../ncurses -I. -I../include -D_DEFAULT_SOURCE -D_XOPEN_SOURCE=600 -DNDEBUG -march=x86-64-v3 -O2 -pipe -fno-plt -fexceptions -Wp,-D_FORTIFY_SOURCE=3 -fstack-clash-protection -fcf-protection -Qunused-arguments -Wno-error=implicit-function-declaration  -DNCURSES_STATIC -g -DTRACE -c ../ncurses/./base/lib_clrbot.c -o ../obj_g/lib_clrbot.o
clang -DHAVE_CONFIG_H -DBUILDING_NCURSES -I../ncurses -I. -I../include -D_DEFAULT_SOURCE -D_XOPEN_SOURCE=600 -DNDEBUG -march=x86-64-v3 -O2 -pipe -fno-plt -fexceptions -Wp,-D_FORTIFY_SOURCE=3 -fstack-clash-protection -fcf-protection -Qunused-arguments -Wno-error=implicit-function-declaration  -DNCURSES_STATIC -g -DTRACE -c ../ncurses/./base/lib_clreol.c -o ../obj_g/lib_clreol.o
clang -DHAVE_CONFIG_H -DBUILDING_NCURSES -I../ncurses -I. -I../include -D_DEFAULT_SOURCE -D_XOPEN_SOURCE=600 -DNDEBUG -march=x86-64-v3 -O2 -pipe -fno-plt -fexceptions -Wp,-D_FORTIFY_SOURCE=3 -fstack-clash-protection -fcf-protection -Qunused-arguments -Wno-error=implicit-function-declaration  -DNCURSES_STATIC -g -DTRACE -c ../ncurses/./base/lib_color.c -o ../obj_g/lib_color.o
clang -DHAVE_CONFIG_H -DBUILDING_NCURSES -I../ncurses -I. -I../include -D_DEFAULT_SOURCE -D_XOPEN_SOURCE=600 -DNDEBUG -march=x86-64-v3 -O2 -pipe -fno-plt -fexceptions -Wp,-D_FORTIFY_SOURCE=3 -fstack-clash-protection -fcf-protection -Qunused-arguments -Wno-error=implicit-function-declaration  -DNCURSES_STATIC -g -DTRACE -c ../ncurses/./base/lib_colorset.c -o ../obj_g/lib_colorset.o
clang -DHAVE_CONFIG_H -DBUILDING_NCURSES -I../ncurses -I. -I../include -D_DEFAULT_SOURCE -D_XOPEN_SOURCE=600 -DNDEBUG -march=x86-64-v3 -O2 -pipe -fno-plt -fexceptions -Wp,-D_FORTIFY_SOURCE=3 -fstack-clash-protection -fcf-protection -Qunused-arguments -Wno-error=implicit-function-declaration  -DNCURSES_STATIC -g -DTRACE -c ../ncurses/./base/lib_delch.c -o ../obj_g/lib_delch.o
clang -DHAVE_CONFIG_H -DBUILDING_NCURSES -I../ncurses -I. -I../include -D_DEFAULT_SOURCE -D_XOPEN_SOURCE=600 -DNDEBUG -march=x86-64-v3 -O2 -pipe -fno-plt -fexceptions -Wp,-D_FORTIFY_SOURCE=3 -fstack-clash-protection -fcf-protection -Qunused-arguments -Wno-error=implicit-function-declaration  -DNCURSES_STATIC -g -DTRACE -c ../ncurses/./base/lib_delwin.c -o ../obj_g/lib_delwin.o
clang -DHAVE_CONFIG_H -DBUILDING_NCURSES -I../ncurses -I. -I../include -D_DEFAULT_SOURCE -D_XOPEN_SOURCE=600 -DNDEBUG -march=x86-64-v3 -O2 -pipe -fno-plt -fexceptions -Wp,-D_FORTIFY_SOURCE=3 -fstack-clash-protection -fcf-protection -Qunused-arguments -Wno-error=implicit-function-declaration  -DNCURSES_STATIC -g -DTRACE -c ../ncurses/./base/lib_echo.c -o ../obj_g/lib_echo.o
clang -DHAVE_CONFIG_H -DBUILDING_NCURSES -I../ncurses -I. -I../include -D_DEFAULT_SOURCE -D_XOPEN_SOURCE=600 -DNDEBUG -march=x86-64-v3 -O2 -pipe -fno-plt -fexceptions -Wp,-D_FORTIFY_SOURCE=3 -fstack-clash-protection -fcf-protection -Qunused-arguments -Wno-error=implicit-function-declaration  -DNCURSES_STATIC -g -DTRACE -c ../ncurses/./base/lib_endwin.c -o ../obj_g/lib_endwin.o
clang -DHAVE_CONFIG_H -DBUILDING_NCURSES -I../ncurses -I. -I../include -D_DEFAULT_SOURCE -D_XOPEN_SOURCE=600 -DNDEBUG -march=x86-64-v3 -O2 -pipe -fno-plt -fexceptions -Wp,-D_FORTIFY_SOURCE=3 -fstack-clash-protection -fcf-protection -Qunused-arguments -Wno-error=implicit-function-declaration  -DNCURSES_STATIC -g -DTRACE -c ../ncurses/./base/lib_erase.c -o ../obj_g/lib_erase.o
clang -DHAVE_CONFIG_H -DBUILDING_NCURSES -I../ncurses -I. -I../include -D_DEFAULT_SOURCE -D_XOPEN_SOURCE=600 -DNDEBUG -march=x86-64-v3 -O2 -pipe -fno-plt -fexceptions -Wp,-D_FORTIFY_SOURCE=3 -fstack-clash-protection -fcf-protection -Qunused-arguments -Wno-error=implicit-function-declaration  -DNCURSES_STATIC -g -DTRACE -c ../ncurses/./base/lib_flash.c -o ../obj_g/lib_flash.o
clang -DHAVE_CONFIG_H -DBUILDING_NCURSES -I../ncurses -I. -I../include -D_DEFAULT_SOURCE -D_XOPEN_SOURCE=600 -DNDEBUG -march=x86-64-v3 -O2 -pipe -fno-plt -fexceptions -Wp,-D_FORTIFY_SOURCE=3 -fstack-clash-protection -fcf-protection -Qunused-arguments -Wno-error=implicit-function-declaration  -DNCURSES_STATIC -g -DTRACE -c ../ncurses/lib_gen.c -o ../obj_g/lib_gen.o
clang -DHAVE_CONFIG_H -DBUILDING_NCURSES -I../ncurses -I. -I../include -D_DEFAULT_SOURCE -D_XOPEN_SOURCE=600 -DNDEBUG -march=x86-64-v3 -O2 -pipe -fno-plt -fexceptions -Wp,-D_FORTIFY_SOURCE=3 -fstack-clash-protection -fcf-protection -Qunused-arguments -Wno-error=implicit-function-declaration  -DNCURSES_STATIC -g -DTRACE -c ../ncurses/./base/lib_getch.c -o ../obj_g/lib_getch.o
clang -DHAVE_CONFIG_H -DBUILDING_NCURSES -I../ncurses -I. -I../include -D_DEFAULT_SOURCE -D_XOPEN_SOURCE=600 -DNDEBUG -march=x86-64-v3 -O2 -pipe -fno-plt -fexceptions -Wp,-D_FORTIFY_SOURCE=3 -fstack-clash-protection -fcf-protection -Qunused-arguments -Wno-error=implicit-function-declaration  -DNCURSES_STATIC -g -DTRACE -c ../ncurses/./base/lib_getstr.c -o ../obj_g/lib_getstr.o
clang -DHAVE_CONFIG_H -DBUILDING_NCURSES -I../ncurses -I. -I../include -D_DEFAULT_SOURCE -D_XOPEN_SOURCE=600 -DNDEBUG -march=x86-64-v3 -O2 -pipe -fno-plt -fexceptions -Wp,-D_FORTIFY_SOURCE=3 -fstack-clash-protection -fcf-protection -Qunused-arguments -Wno-error=implicit-function-declaration  -DNCURSES_STATIC -g -DTRACE -c ../ncurses/./base/lib_hline.c -o ../obj_g/lib_hline.o
clang -DHAVE_CONFIG_H -DBUILDING_NCURSES -I../ncurses -I. -I../include -D_DEFAULT_SOURCE -D_XOPEN_SOURCE=600 -DNDEBUG -march=x86-64-v3 -O2 -pipe -fno-plt -fexceptions -Wp,-D_FORTIFY_SOURCE=3 -fstack-clash-protection -fcf-protection -Qunused-arguments -Wno-error=implicit-function-declaration  -DNCURSES_STATIC -g -DTRACE -c ../ncurses/./base/lib_immedok.c -o ../obj_g/lib_immedok.o
clang -DHAVE_CONFIG_H -DBUILDING_NCURSES -I../ncurses -I. -I../include -D_DEFAULT_SOURCE -D_XOPEN_SOURCE=600 -DNDEBUG -march=x86-64-v3 -O2 -pipe -fno-plt -fexceptions -Wp,-D_FORTIFY_SOURCE=3 -fstack-clash-protection -fcf-protection -Qunused-arguments -Wno-error=implicit-function-declaration  -DNCURSES_STATIC -g -DTRACE -c ../ncurses/./base/lib_inchstr.c -o ../obj_g/lib_inchstr.o
clang -DHAVE_CONFIG_H -DBUILDING_NCURSES -I../ncurses -I. -I../include -D_DEFAULT_SOURCE -D_XOPEN_SOURCE=600 -DNDEBUG -march=x86-64-v3 -O2 -pipe -fno-plt -fexceptions -Wp,-D_FORTIFY_SOURCE=3 -fstack-clash-protection -fcf-protection -Qunused-arguments -Wno-error=implicit-function-declaration  -DNCURSES_STATIC -g -DTRACE -c ../ncurses/./base/lib_initscr.c -o ../obj_g/lib_initscr.o
clang -DHAVE_CONFIG_H -DBUILDING_NCURSES -I../ncurses -I. -I../include -D_DEFAULT_SOURCE -D_XOPEN_SOURCE=600 -DNDEBUG -march=x86-64-v3 -O2 -pipe -fno-plt -fexceptions -Wp,-D_FORTIFY_SOURCE=3 -fstack-clash-protection -fcf-protection -Qunused-arguments -Wno-error=implicit-function-declaration  -DNCURSES_STATIC -g -DTRACE -c ../ncurses/./base/lib_insch.c -o ../obj_g/lib_insch.o
clang -DHAVE_CONFIG_H -DBUILDING_NCURSES -I../ncurses -I. -I../include -D_DEFAULT_SOURCE -D_XOPEN_SOURCE=600 -DNDEBUG -march=x86-64-v3 -O2 -pipe -fno-plt -fexceptions -Wp,-D_FORTIFY_SOURCE=3 -fstack-clash-protection -fcf-protection -Qunused-arguments -Wno-error=implicit-function-declaration  -DNCURSES_STATIC -g -DTRACE -c ../ncurses/./base/lib_insdel.c -o ../obj_g/lib_insdel.o
clang -DHAVE_CONFIG_H -DBUILDING_NCURSES -I../ncurses -I. -I../include -D_DEFAULT_SOURCE -D_XOPEN_SOURCE=600 -DNDEBUG -march=x86-64-v3 -O2 -pipe -fno-plt -fexceptions -Wp,-D_FORTIFY_SOURCE=3 -fstack-clash-protection -fcf-protection -Qunused-arguments -Wno-error=implicit-function-declaration  -DNCURSES_STATIC -g -DTRACE -c ../ncurses/./base/lib_insnstr.c -o ../obj_g/lib_insnstr.o
clang -DHAVE_CONFIG_H -DBUILDING_NCURSES -I../ncurses -I. -I../include -D_DEFAULT_SOURCE -D_XOPEN_SOURCE=600 -DNDEBUG -march=x86-64-v3 -O2 -pipe -fno-plt -fexceptions -Wp,-D_FORTIFY_SOURCE=3 -fstack-clash-protection -fcf-protection -Qunused-arguments -Wno-error=implicit-function-declaration  -DNCURSES_STATIC -g -DTRACE -c ../ncurses/./base/lib_instr.c -o ../obj_g/lib_instr.o
clang -DHAVE_CONFIG_H -DBUILDING_NCURSES -I../ncurses -I. -I../include -D_DEFAULT_SOURCE -D_XOPEN_SOURCE=600 -DNDEBUG -march=x86-64-v3 -O2 -pipe -fno-plt -fexceptions -Wp,-D_FORTIFY_SOURCE=3 -fstack-clash-protection -fcf-protection -Qunused-arguments -Wno-error=implicit-function-declaration  -DNCURSES_STATIC -g -DTRACE -c ../ncurses/./base/lib_isendwin.c -o ../obj_g/lib_isendwin.o
clang -DHAVE_CONFIG_H -DBUILDING_NCURSES -I../ncurses -I. -I../include -D_DEFAULT_SOURCE -D_XOPEN_SOURCE=600 -DNDEBUG -march=x86-64-v3 -O2 -pipe -fno-plt -fexceptions -Wp,-D_FORTIFY_SOURCE=3 -fstack-clash-protection -fcf-protection -Qunused-arguments -Wno-error=implicit-function-declaration  -DNCURSES_STATIC -g -DTRACE -c ../ncurses/./base/lib_leaveok.c -o ../obj_g/lib_leaveok.o
clang -DHAVE_CONFIG_H -DBUILDING_NCURSES -I../ncurses -I. -I../include -D_DEFAULT_SOURCE -D_XOPEN_SOURCE=600 -DNDEBUG -march=x86-64-v3 -O2 -pipe -fno-plt -fexceptions -Wp,-D_FORTIFY_SOURCE=3 -fstack-clash-protection -fcf-protection -Qunused-arguments -Wno-error=implicit-function-declaration  -DNCURSES_STATIC -g -DTRACE -c ../ncurses/./base/lib_mouse.c -o ../obj_g/lib_mouse.o
clang -DHAVE_CONFIG_H -DBUILDING_NCURSES -I../ncurses -I. -I../include -D_DEFAULT_SOURCE -D_XOPEN_SOURCE=600 -DNDEBUG -march=x86-64-v3 -O2 -pipe -fno-plt -fexceptions -Wp,-D_FORTIFY_SOURCE=3 -fstack-clash-protection -fcf-protection -Qunused-arguments -Wno-error=implicit-function-declaration  -DNCURSES_STATIC -g -DTRACE -c ../ncurses/./base/lib_move.c -o ../obj_g/lib_move.o
clang -DHAVE_CONFIG_H -DBUILDING_NCURSES -I../ncurses -I. -I../include -D_DEFAULT_SOURCE -D_XOPEN_SOURCE=600 -DNDEBUG -march=x86-64-v3 -O2 -pipe -fno-plt -fexceptions -Wp,-D_FORTIFY_SOURCE=3 -fstack-clash-protection -fcf-protection -Qunused-arguments -Wno-error=implicit-function-declaration  -DNCURSES_STATIC -g -DTRACE -c ../ncurses/./tty/lib_mvcur.c -o ../obj_g/lib_mvcur.o
clang -DHAVE_CONFIG_H -DBUILDING_NCURSES -I../ncurses -I. -I../include -D_DEFAULT_SOURCE -D_XOPEN_SOURCE=600 -DNDEBUG -march=x86-64-v3 -O2 -pipe -fno-plt -fexceptions -Wp,-D_FORTIFY_SOURCE=3 -fstack-clash-protection -fcf-protection -Qunused-arguments -Wno-error=implicit-function-declaration  -DNCURSES_STATIC -g -DTRACE -c ../ncurses/./base/lib_mvwin.c -o ../obj_g/lib_mvwin.o
clang -DHAVE_CONFIG_H -DBUILDING_NCURSES -I../ncurses -I. -I../include -D_DEFAULT_SOURCE -D_XOPEN_SOURCE=600 -DNDEBUG -march=x86-64-v3 -O2 -pipe -fno-plt -fexceptions -Wp,-D_FORTIFY_SOURCE=3 -fstack-clash-protection -fcf-protection -Qunused-arguments -Wno-error=implicit-function-declaration  -DNCURSES_STATIC -g -DTRACE -c ../ncurses/./base/lib_newterm.c -o ../obj_g/lib_newterm.o
clang -DHAVE_CONFIG_H -DBUILDING_NCURSES -I../ncurses -I. -I../include -D_DEFAULT_SOURCE -D_XOPEN_SOURCE=600 -DNDEBUG -march=x86-64-v3 -O2 -pipe -fno-plt -fexceptions -Wp,-D_FORTIFY_SOURCE=3 -fstack-clash-protection -fcf-protection -Qunused-arguments -Wno-error=implicit-function-declaration  -DNCURSES_STATIC -g -DTRACE -c ../ncurses/./base/lib_newwin.c -o ../obj_g/lib_newwin.o
clang -DHAVE_CONFIG_H -DBUILDING_NCURSES -I../ncurses -I. -I../include -D_DEFAULT_SOURCE -D_XOPEN_SOURCE=600 -DNDEBUG -march=x86-64-v3 -O2 -pipe -fno-plt -fexceptions -Wp,-D_FORTIFY_SOURCE=3 -fstack-clash-protection -fcf-protection -Qunused-arguments -Wno-error=implicit-function-declaration  -DNCURSES_STATIC -g -DTRACE -c ../ncurses/./base/lib_nl.c -o ../obj_g/lib_nl.o
clang -DHAVE_CONFIG_H -DBUILDING_NCURSES -I../ncurses -I. -I../include -D_DEFAULT_SOURCE -D_XOPEN_SOURCE=600 -DNDEBUG -march=x86-64-v3 -O2 -pipe -fno-plt -fexceptions -Wp,-D_FORTIFY_SOURCE=3 -fstack-clash-protection -fcf-protection -Qunused-arguments -Wno-error=implicit-function-declaration  -DNCURSES_STATIC -g -DTRACE -c ../ncurses/./base/lib_overlay.c -o ../obj_g/lib_overlay.o
clang -DHAVE_CONFIG_H -DBUILDING_NCURSES -I../ncurses -I. -I../include -D_DEFAULT_SOURCE -D_XOPEN_SOURCE=600 -DNDEBUG -march=x86-64-v3 -O2 -pipe -fno-plt -fexceptions -Wp,-D_FORTIFY_SOURCE=3 -fstack-clash-protection -fcf-protection -Qunused-arguments -Wno-error=implicit-function-declaration  -DNCURSES_STATIC -g -DTRACE -c ../ncurses/./base/lib_pad.c -o ../obj_g/lib_pad.o
clang -DHAVE_CONFIG_H -DBUILDING_NCURSES -I../ncurses -I. -I../include -D_DEFAULT_SOURCE -D_XOPEN_SOURCE=600 -DNDEBUG -march=x86-64-v3 -O2 -pipe -fno-plt -fexceptions -Wp,-D_FORTIFY_SOURCE=3 -fstack-clash-protection -fcf-protection -Qunused-arguments -Wno-error=implicit-function-declaration  -DNCURSES_STATIC -g -DTRACE -c ../ncurses/./base/lib_printw.c -o ../obj_g/lib_printw.o
clang -DHAVE_CONFIG_H -DBUILDING_NCURSES -I../ncurses -I. -I../include -D_DEFAULT_SOURCE -D_XOPEN_SOURCE=600 -DNDEBUG -march=x86-64-v3 -O2 -pipe -fno-plt -fexceptions -Wp,-D_FORTIFY_SOURCE=3 -fstack-clash-protection -fcf-protection -Qunused-arguments -Wno-error=implicit-function-declaration  -DNCURSES_STATIC -g -DTRACE -c ../ncurses/./base/lib_redrawln.c -o ../obj_g/lib_redrawln.o
clang -DHAVE_CONFIG_H -DBUILDING_NCURSES -I../ncurses -I. -I../include -D_DEFAULT_SOURCE -D_XOPEN_SOURCE=600 -DNDEBUG -march=x86-64-v3 -O2 -pipe -fno-plt -fexceptions -Wp,-D_FORTIFY_SOURCE=3 -fstack-clash-protection -fcf-protection -Qunused-arguments -Wno-error=implicit-function-declaration  -DNCURSES_STATIC -g -DTRACE -c ../ncurses/./base/lib_refresh.c -o ../obj_g/lib_refresh.o
clang -DHAVE_CONFIG_H -DBUILDING_NCURSES -I../ncurses -I. -I../include -D_DEFAULT_SOURCE -D_XOPEN_SOURCE=600 -DNDEBUG -march=x86-64-v3 -O2 -pipe -fno-plt -fexceptions -Wp,-D_FORTIFY_SOURCE=3 -fstack-clash-protection -fcf-protection -Qunused-arguments -Wno-error=implicit-function-declaration  -DNCURSES_STATIC -g -DTRACE -c ../ncurses/./base/lib_restart.c -o ../obj_g/lib_restart.o
clang -DHAVE_CONFIG_H -DBUILDING_NCURSES -I../ncurses -I. -I../include -D_DEFAULT_SOURCE -D_XOPEN_SOURCE=600 -DNDEBUG -march=x86-64-v3 -O2 -pipe -fno-plt -fexceptions -Wp,-D_FORTIFY_SOURCE=3 -fstack-clash-protection -fcf-protection -Qunused-arguments -Wno-error=implicit-function-declaration  -DNCURSES_STATIC -g -DTRACE -c ../ncurses/./base/lib_scanw.c -o ../obj_g/lib_scanw.o
clang -DHAVE_CONFIG_H -DBUILDING_NCURSES -I../ncurses -I. -I../include -D_DEFAULT_SOURCE -D_XOPEN_SOURCE=600 -DNDEBUG -march=x86-64-v3 -O2 -pipe -fno-plt -fexceptions -Wp,-D_FORTIFY_SOURCE=3 -fstack-clash-protection -fcf-protection -Qunused-arguments -Wno-error=implicit-function-declaration  -DNCURSES_STATIC -g -DTRACE -c ../ncurses/./base/lib_screen.c -o ../obj_g/lib_screen.o
clang -DHAVE_CONFIG_H -DBUILDING_NCURSES -I../ncurses -I. -I../include -D_DEFAULT_SOURCE -D_XOPEN_SOURCE=600 -DNDEBUG -march=x86-64-v3 -O2 -pipe -fno-plt -fexceptions -Wp,-D_FORTIFY_SOURCE=3 -fstack-clash-protection -fcf-protection -Qunused-arguments -Wno-error=implicit-function-declaration  -DNCURSES_STATIC -g -DTRACE -c ../ncurses/./base/lib_scroll.c -o ../obj_g/lib_scroll.o
clang -DHAVE_CONFIG_H -DBUILDING_NCURSES -I../ncurses -I. -I../include -D_DEFAULT_SOURCE -D_XOPEN_SOURCE=600 -DNDEBUG -march=x86-64-v3 -O2 -pipe -fno-plt -fexceptions -Wp,-D_FORTIFY_SOURCE=3 -fstack-clash-protection -fcf-protection -Qunused-arguments -Wno-error=implicit-function-declaration  -DNCURSES_STATIC -g -DTRACE -c ../ncurses/./base/lib_scrollok.c -o ../obj_g/lib_scrollok.o
clang -DHAVE_CONFIG_H -DBUILDING_NCURSES -I../ncurses -I. -I../include -D_DEFAULT_SOURCE -D_XOPEN_SOURCE=600 -DNDEBUG -march=x86-64-v3 -O2 -pipe -fno-plt -fexceptions -Wp,-D_FORTIFY_SOURCE=3 -fstack-clash-protection -fcf-protection -Qunused-arguments -Wno-error=implicit-function-declaration  -DNCURSES_STATIC -g -DTRACE -c ../ncurses/./base/lib_scrreg.c -o ../obj_g/lib_scrreg.o
clang -DHAVE_CONFIG_H -DBUILDING_NCURSES -I../ncurses -I. -I../include -D_DEFAULT_SOURCE -D_XOPEN_SOURCE=600 -DNDEBUG -march=x86-64-v3 -O2 -pipe -fno-plt -fexceptions -Wp,-D_FORTIFY_SOURCE=3 -fstack-clash-protection -fcf-protection -Qunused-arguments -Wno-error=implicit-function-declaration  -DNCURSES_STATIC -g -DTRACE -c ../ncurses/./base/lib_set_term.c -o ../obj_g/lib_set_term.o
clang -DHAVE_CONFIG_H -DBUILDING_NCURSES -I../ncurses -I. -I../include -D_DEFAULT_SOURCE -D_XOPEN_SOURCE=600 -DNDEBUG -march=x86-64-v3 -O2 -pipe -fno-plt -fexceptions -Wp,-D_FORTIFY_SOURCE=3 -fstack-clash-protection -fcf-protection -Qunused-arguments -Wno-error=implicit-function-declaration  -DNCURSES_STATIC -g -DTRACE -c ../ncurses/./base/lib_slk.c -o ../obj_g/lib_slk.o
clang -DHAVE_CONFIG_H -DBUILDING_NCURSES -I../ncurses -I. -I../include -D_DEFAULT_SOURCE -D_XOPEN_SOURCE=600 -DNDEBUG -march=x86-64-v3 -O2 -pipe -fno-plt -fexceptions -Wp,-D_FORTIFY_SOURCE=3 -fstack-clash-protection -fcf-protection -Qunused-arguments -Wno-error=implicit-function-declaration  -DNCURSES_STATIC -g -DTRACE -c ../ncurses/./base/lib_slkatr_set.c -o ../obj_g/lib_slkatr_set.o
clang -DHAVE_CONFIG_H -DBUILDING_NCURSES -I../ncurses -I. -I../include -D_DEFAULT_SOURCE -D_XOPEN_SOURCE=600 -DNDEBUG -march=x86-64-v3 -O2 -pipe -fno-plt -fexceptions -Wp,-D_FORTIFY_SOURCE=3 -fstack-clash-protection -fcf-protection -Qunused-arguments -Wno-error=implicit-function-declaration  -DNCURSES_STATIC -g -DTRACE -c ../ncurses/./base/lib_slkatrof.c -o ../obj_g/lib_slkatrof.o
clang -DHAVE_CONFIG_H -DBUILDING_NCURSES -I../ncurses -I. -I../include -D_DEFAULT_SOURCE -D_XOPEN_SOURCE=600 -DNDEBUG -march=x86-64-v3 -O2 -pipe -fno-plt -fexceptions -Wp,-D_FORTIFY_SOURCE=3 -fstack-clash-protection -fcf-protection -Qunused-arguments -Wno-error=implicit-function-declaration  -DNCURSES_STATIC -g -DTRACE -c ../ncurses/./base/lib_slkatron.c -o ../obj_g/lib_slkatron.o
clang -DHAVE_CONFIG_H -DBUILDING_NCURSES -I../ncurses -I. -I../include -D_DEFAULT_SOURCE -D_XOPEN_SOURCE=600 -DNDEBUG -march=x86-64-v3 -O2 -pipe -fno-plt -fexceptions -Wp,-D_FORTIFY_SOURCE=3 -fstack-clash-protection -fcf-protection -Qunused-arguments -Wno-error=implicit-function-declaration  -DNCURSES_STATIC -g -DTRACE -c ../ncurses/./base/lib_slkatrset.c -o ../obj_g/lib_slkatrset.o
clang -DHAVE_CONFIG_H -DBUILDING_NCURSES -I../ncurses -I. -I../include -D_DEFAULT_SOURCE -D_XOPEN_SOURCE=600 -DNDEBUG -march=x86-64-v3 -O2 -pipe -fno-plt -fexceptions -Wp,-D_FORTIFY_SOURCE=3 -fstack-clash-protection -fcf-protection -Qunused-arguments -Wno-error=implicit-function-declaration  -DNCURSES_STATIC -g -DTRACE -c ../ncurses/./base/lib_slkattr.c -o ../obj_g/lib_slkattr.o
clang -DHAVE_CONFIG_H -DBUILDING_NCURSES -I../ncurses -I. -I../include -D_DEFAULT_SOURCE -D_XOPEN_SOURCE=600 -DNDEBUG -march=x86-64-v3 -O2 -pipe -fno-plt -fexceptions -Wp,-D_FORTIFY_SOURCE=3 -fstack-clash-protection -fcf-protection -Qunused-arguments -Wno-error=implicit-function-declaration  -DNCURSES_STATIC -g -DTRACE -c ../ncurses/./base/lib_slkclear.c -o ../obj_g/lib_slkclear.o
clang -DHAVE_CONFIG_H -DBUILDING_NCURSES -I../ncurses -I. -I../include -D_DEFAULT_SOURCE -D_XOPEN_SOURCE=600 -DNDEBUG -march=x86-64-v3 -O2 -pipe -fno-plt -fexceptions -Wp,-D_FORTIFY_SOURCE=3 -fstack-clash-protection -fcf-protection -Qunused-arguments -Wno-error=implicit-function-declaration  -DNCURSES_STATIC -g -DTRACE -c ../ncurses/./base/lib_slkcolor.c -o ../obj_g/lib_slkcolor.o
clang -DHAVE_CONFIG_H -DBUILDING_NCURSES -I../ncurses -I. -I../include -D_DEFAULT_SOURCE -D_XOPEN_SOURCE=600 -DNDEBUG -march=x86-64-v3 -O2 -pipe -fno-plt -fexceptions -Wp,-D_FORTIFY_SOURCE=3 -fstack-clash-protection -fcf-protection -Qunused-arguments -Wno-error=implicit-function-declaration  -DNCURSES_STATIC -g -DTRACE -c ../ncurses/./base/lib_slkinit.c -o ../obj_g/lib_slkinit.o
clang -DHAVE_CONFIG_H -DBUILDING_NCURSES -I../ncurses -I. -I../include -D_DEFAULT_SOURCE -D_XOPEN_SOURCE=600 -DNDEBUG -march=x86-64-v3 -O2 -pipe -fno-plt -fexceptions -Wp,-D_FORTIFY_SOURCE=3 -fstack-clash-protection -fcf-protection -Qunused-arguments -Wno-error=implicit-function-declaration  -DNCURSES_STATIC -g -DTRACE -c ../ncurses/./base/lib_slklab.c -o ../obj_g/lib_slklab.o
clang -DHAVE_CONFIG_H -DBUILDING_NCURSES -I../ncurses -I. -I../include -D_DEFAULT_SOURCE -D_XOPEN_SOURCE=600 -DNDEBUG -march=x86-64-v3 -O2 -pipe -fno-plt -fexceptions -Wp,-D_FORTIFY_SOURCE=3 -fstack-clash-protection -fcf-protection -Qunused-arguments -Wno-error=implicit-function-declaration  -DNCURSES_STATIC -g -DTRACE -c ../ncurses/./base/lib_slkrefr.c -o ../obj_g/lib_slkrefr.o
clang -DHAVE_CONFIG_H -DBUILDING_NCURSES -I../ncurses -I. -I../include -D_DEFAULT_SOURCE -D_XOPEN_SOURCE=600 -DNDEBUG -march=x86-64-v3 -O2 -pipe -fno-plt -fexceptions -Wp,-D_FORTIFY_SOURCE=3 -fstack-clash-protection -fcf-protection -Qunused-arguments -Wno-error=implicit-function-declaration  -DNCURSES_STATIC -g -DTRACE -c ../ncurses/./base/lib_slkset.c -o ../obj_g/lib_slkset.o
clang -DHAVE_CONFIG_H -DBUILDING_NCURSES -I../ncurses -I. -I../include -D_DEFAULT_SOURCE -D_XOPEN_SOURCE=600 -DNDEBUG -march=x86-64-v3 -O2 -pipe -fno-plt -fexceptions -Wp,-D_FORTIFY_SOURCE=3 -fstack-clash-protection -fcf-protection -Qunused-arguments -Wno-error=implicit-function-declaration  -DNCURSES_STATIC -g -DTRACE -c ../ncurses/./base/lib_slktouch.c -o ../obj_g/lib_slktouch.o
clang -DHAVE_CONFIG_H -DBUILDING_NCURSES -I../ncurses -I. -I../include -D_DEFAULT_SOURCE -D_XOPEN_SOURCE=600 -DNDEBUG -march=x86-64-v3 -O2 -pipe -fno-plt -fexceptions -Wp,-D_FORTIFY_SOURCE=3 -fstack-clash-protection -fcf-protection -Qunused-arguments -Wno-error=implicit-function-declaration  -DNCURSES_STATIC -g -DTRACE -c ../ncurses/./base/lib_touch.c -o ../obj_g/lib_touch.o
clang -DHAVE_CONFIG_H -DBUILDING_NCURSES -I../ncurses -I. -I../include -D_DEFAULT_SOURCE -D_XOPEN_SOURCE=600 -DNDEBUG -march=x86-64-v3 -O2 -pipe -fno-plt -fexceptions -Wp,-D_FORTIFY_SOURCE=3 -fstack-clash-protection -fcf-protection -Qunused-arguments -Wno-error=implicit-function-declaration  -DNCURSES_STATIC -g -DTRACE -c ../ncurses/./trace/lib_tracedmp.c -o ../obj_g/lib_tracedmp.o
clang -DHAVE_CONFIG_H -DBUILDING_NCURSES -I../ncurses -I. -I../include -D_DEFAULT_SOURCE -D_XOPEN_SOURCE=600 -DNDEBUG -march=x86-64-v3 -O2 -pipe -fno-plt -fexceptions -Wp,-D_FORTIFY_SOURCE=3 -fstack-clash-protection -fcf-protection -Qunused-arguments -Wno-error=implicit-function-declaration  -DNCURSES_STATIC -g -DTRACE -c ../ncurses/./trace/lib_tracemse.c -o ../obj_g/lib_tracemse.o
clang -DHAVE_CONFIG_H -DBUILDING_NCURSES -I../ncurses -I. -I../include -D_DEFAULT_SOURCE -D_XOPEN_SOURCE=600 -DNDEBUG -march=x86-64-v3 -O2 -pipe -fno-plt -fexceptions -Wp,-D_FORTIFY_SOURCE=3 -fstack-clash-protection -fcf-protection -Qunused-arguments -Wno-error=implicit-function-declaration  -DNCURSES_STATIC -g -DTRACE -c ../ncurses/./tty/lib_tstp.c -o ../obj_g/lib_tstp.o
clang -DHAVE_CONFIG_H -DBUILDING_NCURSES -I../ncurses -I. -I../include -D_DEFAULT_SOURCE -D_XOPEN_SOURCE=600 -DNDEBUG -march=x86-64-v3 -O2 -pipe -fno-plt -fexceptions -Wp,-D_FORTIFY_SOURCE=3 -fstack-clash-protection -fcf-protection -Qunused-arguments -Wno-error=implicit-function-declaration  -DNCURSES_STATIC -g -DTRACE -c ../ncurses/./base/lib_ungetch.c -o ../obj_g/lib_ungetch.o
clang -DHAVE_CONFIG_H -DBUILDING_NCURSES -I../ncurses -I. -I../include -D_DEFAULT_SOURCE -D_XOPEN_SOURCE=600 -DNDEBUG -march=x86-64-v3 -O2 -pipe -fno-plt -fexceptions -Wp,-D_FORTIFY_SOURCE=3 -fstack-clash-protection -fcf-protection -Qunused-arguments -Wno-error=implicit-function-declaration  -DNCURSES_STATIC -g -DTRACE -c ../ncurses/./tty/lib_vidattr.c -o ../obj_g/lib_vidattr.o
clang -DHAVE_CONFIG_H -DBUILDING_NCURSES -I../ncurses -I. -I../include -D_DEFAULT_SOURCE -D_XOPEN_SOURCE=600 -DNDEBUG -march=x86-64-v3 -O2 -pipe -fno-plt -fexceptions -Wp,-D_FORTIFY_SOURCE=3 -fstack-clash-protection -fcf-protection -Qunused-arguments -Wno-error=implicit-function-declaration  -DNCURSES_STATIC -g -DTRACE -c ../ncurses/./base/lib_vline.c -o ../obj_g/lib_vline.o
clang -DHAVE_CONFIG_H -DBUILDING_NCURSES -I../ncurses -I. -I../include -D_DEFAULT_SOURCE -D_XOPEN_SOURCE=600 -DNDEBUG -march=x86-64-v3 -O2 -pipe -fno-plt -fexceptions -Wp,-D_FORTIFY_SOURCE=3 -fstack-clash-protection -fcf-protection -Qunused-arguments -Wno-error=implicit-function-declaration  -DNCURSES_STATIC -g -DTRACE -c ../ncurses/./base/lib_wattroff.c -o ../obj_g/lib_wattroff.o
clang -DHAVE_CONFIG_H -DBUILDING_NCURSES -I../ncurses -I. -I../include -D_DEFAULT_SOURCE -D_XOPEN_SOURCE=600 -DNDEBUG -march=x86-64-v3 -O2 -pipe -fno-plt -fexceptions -Wp,-D_FORTIFY_SOURCE=3 -fstack-clash-protection -fcf-protection -Qunused-arguments -Wno-error=implicit-function-declaration  -DNCURSES_STATIC -g -DTRACE -c ../ncurses/./base/lib_wattron.c -o ../obj_g/lib_wattron.o
clang -DHAVE_CONFIG_H -DBUILDING_NCURSES -I../ncurses -I. -I../include -D_DEFAULT_SOURCE -D_XOPEN_SOURCE=600 -DNDEBUG -march=x86-64-v3 -O2 -pipe -fno-plt -fexceptions -Wp,-D_FORTIFY_SOURCE=3 -fstack-clash-protection -fcf-protection -Qunused-arguments -Wno-error=implicit-function-declaration  -DNCURSES_STATIC -g -DTRACE -c ../ncurses/./base/lib_winch.c -o ../obj_g/lib_winch.o
clang -DHAVE_CONFIG_H -DBUILDING_NCURSES -I../ncurses -I. -I../include -D_DEFAULT_SOURCE -D_XOPEN_SOURCE=600 -DNDEBUG -march=x86-64-v3 -O2 -pipe -fno-plt -fexceptions -Wp,-D_FORTIFY_SOURCE=3 -fstack-clash-protection -fcf-protection -Qunused-arguments -Wno-error=implicit-function-declaration  -DNCURSES_STATIC -g -DTRACE -c ../ncurses/./base/lib_window.c -o ../obj_g/lib_window.o
clang -DHAVE_CONFIG_H -DBUILDING_NCURSES -I../ncurses -I. -I../include -D_DEFAULT_SOURCE -D_XOPEN_SOURCE=600 -DNDEBUG -march=x86-64-v3 -O2 -pipe -fno-plt -fexceptions -Wp,-D_FORTIFY_SOURCE=3 -fstack-clash-protection -fcf-protection -Qunused-arguments -Wno-error=implicit-function-declaration  -DNCURSES_STATIC -g -DTRACE -c ../ncurses/./base/nc_panel.c -o ../obj_g/nc_panel.o
clang -DHAVE_CONFIG_H -DBUILDING_NCURSES -I../ncurses -I. -I../include -D_DEFAULT_SOURCE -D_XOPEN_SOURCE=600 -DNDEBUG -march=x86-64-v3 -O2 -pipe -fno-plt -fexceptions -Wp,-D_FORTIFY_SOURCE=3 -fstack-clash-protection -fcf-protection -Qunused-arguments -Wno-error=implicit-function-declaration  -DNCURSES_STATIC -g -DTRACE -c ../ncurses/./base/safe_sprintf.c -o ../obj_g/safe_sprintf.o
clang -DHAVE_CONFIG_H -DBUILDING_NCURSES -I../ncurses -I. -I../include -D_DEFAULT_SOURCE -D_XOPEN_SOURCE=600 -DNDEBUG -march=x86-64-v3 -O2 -pipe -fno-plt -fexceptions -Wp,-D_FORTIFY_SOURCE=3 -fstack-clash-protection -fcf-protection -Qunused-arguments -Wno-error=implicit-function-declaration  -DNCURSES_STATIC -g -DTRACE -c ../ncurses/./tty/tty_update.c -o ../obj_g/tty_update.o
clang -DHAVE_CONFIG_H -DBUILDING_NCURSES -I../ncurses -I. -I../include -D_DEFAULT_SOURCE -D_XOPEN_SOURCE=600 -DNDEBUG -march=x86-64-v3 -O2 -pipe -fno-plt -fexceptions -Wp,-D_FORTIFY_SOURCE=3 -fstack-clash-protection -fcf-protection -Qunused-arguments -Wno-error=implicit-function-declaration  -DNCURSES_STATIC -g -DTRACE -c ../ncurses/./trace/varargs.c -o ../obj_g/varargs.o
clang -DHAVE_CONFIG_H -DBUILDING_NCURSES -I../ncurses -I. -I../include -D_DEFAULT_SOURCE -D_XOPEN_SOURCE=600 -DNDEBUG -march=x86-64-v3 -O2 -pipe -fno-plt -fexceptions -Wp,-D_FORTIFY_SOURCE=3 -fstack-clash-protection -fcf-protection -Qunused-arguments -Wno-error=implicit-function-declaration  -DNCURSES_STATIC -g -DTRACE -c ../ncurses/./base/vsscanf.c -o ../obj_g/vsscanf.o
clang -DHAVE_CONFIG_H -DBUILDING_NCURSES -I../ncurses -I. -I../include -D_DEFAULT_SOURCE -D_XOPEN_SOURCE=600 -DNDEBUG -march=x86-64-v3 -O2 -pipe -fno-plt -fexceptions -Wp,-D_FORTIFY_SOURCE=3 -fstack-clash-protection -fcf-protection -Qunused-arguments -Wno-error=implicit-function-declaration  -DNCURSES_STATIC -g -DTRACE -c ../ncurses/./base/lib_freeall.c -o ../obj_g/lib_freeall.o
clang -DHAVE_CONFIG_H -DBUILDING_NCURSES -I../ncurses -I. -I../include -D_DEFAULT_SOURCE -D_XOPEN_SOURCE=600 -DNDEBUG -march=x86-64-v3 -O2 -pipe -fno-plt -fexceptions -Wp,-D_FORTIFY_SOURCE=3 -fstack-clash-protection -fcf-protection -Qunused-arguments -Wno-error=implicit-function-declaration  -DNCURSES_STATIC -g -DTRACE -c ../ncurses/./widechar/charable.c -o ../obj_g/charable.o
clang -DHAVE_CONFIG_H -DBUILDING_NCURSES -I../ncurses -I. -I../include -D_DEFAULT_SOURCE -D_XOPEN_SOURCE=600 -DNDEBUG -march=x86-64-v3 -O2 -pipe -fno-plt -fexceptions -Wp,-D_FORTIFY_SOURCE=3 -fstack-clash-protection -fcf-protection -Qunused-arguments -Wno-error=implicit-function-declaration  -DNCURSES_STATIC -g -DTRACE -c ../ncurses/./widechar/lib_add_wch.c -o ../obj_g/lib_add_wch.o
clang -DHAVE_CONFIG_H -DBUILDING_NCURSES -I../ncurses -I. -I../include -D_DEFAULT_SOURCE -D_XOPEN_SOURCE=600 -DNDEBUG -march=x86-64-v3 -O2 -pipe -fno-plt -fexceptions -Wp,-D_FORTIFY_SOURCE=3 -fstack-clash-protection -fcf-protection -Qunused-arguments -Wno-error=implicit-function-declaration  -DNCURSES_STATIC -g -DTRACE -c ../ncurses/./widechar/lib_box_set.c -o ../obj_g/lib_box_set.o
clang -DHAVE_CONFIG_H -DBUILDING_NCURSES -I../ncurses -I. -I../include -D_DEFAULT_SOURCE -D_XOPEN_SOURCE=600 -DNDEBUG -march=x86-64-v3 -O2 -pipe -fno-plt -fexceptions -Wp,-D_FORTIFY_SOURCE=3 -fstack-clash-protection -fcf-protection -Qunused-arguments -Wno-error=implicit-function-declaration  -DNCURSES_STATIC -g -DTRACE -c ../ncurses/./widechar/lib_cchar.c -o ../obj_g/lib_cchar.o
clang -DHAVE_CONFIG_H -DBUILDING_NCURSES -I../ncurses -I. -I../include -D_DEFAULT_SOURCE -D_XOPEN_SOURCE=600 -DNDEBUG -march=x86-64-v3 -O2 -pipe -fno-plt -fexceptions -Wp,-D_FORTIFY_SOURCE=3 -fstack-clash-protection -fcf-protection -Qunused-arguments -Wno-error=implicit-function-declaration  -DNCURSES_STATIC -g -DTRACE -c ../ncurses/./widechar/lib_erasewchar.c -o ../obj_g/lib_erasewchar.o
clang -DHAVE_CONFIG_H -DBUILDING_NCURSES -I../ncurses -I. -I../include -D_DEFAULT_SOURCE -D_XOPEN_SOURCE=600 -DNDEBUG -march=x86-64-v3 -O2 -pipe -fno-plt -fexceptions -Wp,-D_FORTIFY_SOURCE=3 -fstack-clash-protection -fcf-protection -Qunused-arguments -Wno-error=implicit-function-declaration  -DNCURSES_STATIC -g -DTRACE -c ../ncurses/./widechar/lib_get_wch.c -o ../obj_g/lib_get_wch.o
clang -DHAVE_CONFIG_H -DBUILDING_NCURSES -I../ncurses -I. -I../include -D_DEFAULT_SOURCE -D_XOPEN_SOURCE=600 -DNDEBUG -march=x86-64-v3 -O2 -pipe -fno-plt -fexceptions -Wp,-D_FORTIFY_SOURCE=3 -fstack-clash-protection -fcf-protection -Qunused-arguments -Wno-error=implicit-function-declaration  -DNCURSES_STATIC -g -DTRACE -c ../ncurses/./widechar/lib_get_wstr.c -o ../obj_g/lib_get_wstr.o
clang -DHAVE_CONFIG_H -DBUILDING_NCURSES -I../ncurses -I. -I../include -D_DEFAULT_SOURCE -D_XOPEN_SOURCE=600 -DNDEBUG -march=x86-64-v3 -O2 -pipe -fno-plt -fexceptions -Wp,-D_FORTIFY_SOURCE=3 -fstack-clash-protection -fcf-protection -Qunused-arguments -Wno-error=implicit-function-declaration  -DNCURSES_STATIC -g -DTRACE -c ../ncurses/./widechar/lib_hline_set.c -o ../obj_g/lib_hline_set.o
clang -DHAVE_CONFIG_H -DBUILDING_NCURSES -I../ncurses -I. -I../include -D_DEFAULT_SOURCE -D_XOPEN_SOURCE=600 -DNDEBUG -march=x86-64-v3 -O2 -pipe -fno-plt -fexceptions -Wp,-D_FORTIFY_SOURCE=3 -fstack-clash-protection -fcf-protection -Qunused-arguments -Wno-error=implicit-function-declaration  -DNCURSES_STATIC -g -DTRACE -c ../ncurses/./widechar/lib_in_wch.c -o ../obj_g/lib_in_wch.o
clang -DHAVE_CONFIG_H -DBUILDING_NCURSES -I../ncurses -I. -I../include -D_DEFAULT_SOURCE -D_XOPEN_SOURCE=600 -DNDEBUG -march=x86-64-v3 -O2 -pipe -fno-plt -fexceptions -Wp,-D_FORTIFY_SOURCE=3 -fstack-clash-protection -fcf-protection -Qunused-arguments -Wno-error=implicit-function-declaration  -DNCURSES_STATIC -g -DTRACE -c ../ncurses/./widechar/lib_in_wchnstr.c -o ../obj_g/lib_in_wchnstr.o
clang -DHAVE_CONFIG_H -DBUILDING_NCURSES -I../ncurses -I. -I../include -D_DEFAULT_SOURCE -D_XOPEN_SOURCE=600 -DNDEBUG -march=x86-64-v3 -O2 -pipe -fno-plt -fexceptions -Wp,-D_FORTIFY_SOURCE=3 -fstack-clash-protection -fcf-protection -Qunused-arguments -Wno-error=implicit-function-declaration  -DNCURSES_STATIC -g -DTRACE -c ../ncurses/./widechar/lib_ins_wch.c -o ../obj_g/lib_ins_wch.o
clang -DHAVE_CONFIG_H -DBUILDING_NCURSES -I../ncurses -I. -I../include -D_DEFAULT_SOURCE -D_XOPEN_SOURCE=600 -DNDEBUG -march=x86-64-v3 -O2 -pipe -fno-plt -fexceptions -Wp,-D_FORTIFY_SOURCE=3 -fstack-clash-protection -fcf-protection -Qunused-arguments -Wno-error=implicit-function-declaration  -DNCURSES_STATIC -g -DTRACE -c ../ncurses/./widechar/lib_inwstr.c -o ../obj_g/lib_inwstr.o
clang -DHAVE_CONFIG_H -DBUILDING_NCURSES -I../ncurses -I. -I../include -D_DEFAULT_SOURCE -D_XOPEN_SOURCE=600 -DNDEBUG -march=x86-64-v3 -O2 -pipe -fno-plt -fexceptions -Wp,-D_FORTIFY_SOURCE=3 -fstack-clash-protection -fcf-protection -Qunused-arguments -Wno-error=implicit-function-declaration  -DNCURSES_STATIC -g -DTRACE -c ../ncurses/./widechar/lib_key_name.c -o ../obj_g/lib_key_name.o
clang -DHAVE_CONFIG_H -DBUILDING_NCURSES -I../ncurses -I. -I../include -D_DEFAULT_SOURCE -D_XOPEN_SOURCE=600 -DNDEBUG -march=x86-64-v3 -O2 -pipe -fno-plt -fexceptions -Wp,-D_FORTIFY_SOURCE=3 -fstack-clash-protection -fcf-protection -Qunused-arguments -Wno-error=implicit-function-declaration  -DNCURSES_STATIC -g -DTRACE -c ../ncurses/./widechar/lib_pecho_wchar.c -o ../obj_g/lib_pecho_wchar.o
clang -DHAVE_CONFIG_H -DBUILDING_NCURSES -I../ncurses -I. -I../include -D_DEFAULT_SOURCE -D_XOPEN_SOURCE=600 -DNDEBUG -march=x86-64-v3 -O2 -pipe -fno-plt -fexceptions -Wp,-D_FORTIFY_SOURCE=3 -fstack-clash-protection -fcf-protection -Qunused-arguments -Wno-error=implicit-function-declaration  -DNCURSES_STATIC -g -DTRACE -c ../ncurses/./widechar/lib_slk_wset.c -o ../obj_g/lib_slk_wset.o
clang -DHAVE_CONFIG_H -DBUILDING_NCURSES -I../ncurses -I. -I../include -D_DEFAULT_SOURCE -D_XOPEN_SOURCE=600 -DNDEBUG -march=x86-64-v3 -O2 -pipe -fno-plt -fexceptions -Wp,-D_FORTIFY_SOURCE=3 -fstack-clash-protection -fcf-protection -Qunused-arguments -Wno-error=implicit-function-declaration  -DNCURSES_STATIC -g -DTRACE -c ../ncurses/./widechar/lib_unget_wch.c -o ../obj_g/lib_unget_wch.o
clang -DHAVE_CONFIG_H -DBUILDING_NCURSES -I../ncurses -I. -I../include -D_DEFAULT_SOURCE -D_XOPEN_SOURCE=600 -DNDEBUG -march=x86-64-v3 -O2 -pipe -fno-plt -fexceptions -Wp,-D_FORTIFY_SOURCE=3 -fstack-clash-protection -fcf-protection -Qunused-arguments -Wno-error=implicit-function-declaration  -DNCURSES_STATIC -g -DTRACE -c ../ncurses/./widechar/lib_vid_attr.c -o ../obj_g/lib_vid_attr.o
clang -DHAVE_CONFIG_H -DBUILDING_NCURSES -I../ncurses -I. -I../include -D_DEFAULT_SOURCE -D_XOPEN_SOURCE=600 -DNDEBUG -march=x86-64-v3 -O2 -pipe -fno-plt -fexceptions -Wp,-D_FORTIFY_SOURCE=3 -fstack-clash-protection -fcf-protection -Qunused-arguments -Wno-error=implicit-function-declaration  -DNCURSES_STATIC -g -DTRACE -c ../ncurses/./widechar/lib_vline_set.c -o ../obj_g/lib_vline_set.o
clang -DHAVE_CONFIG_H -DBUILDING_NCURSES -I../ncurses -I. -I../include -D_DEFAULT_SOURCE -D_XOPEN_SOURCE=600 -DNDEBUG -march=x86-64-v3 -O2 -pipe -fno-plt -fexceptions -Wp,-D_FORTIFY_SOURCE=3 -fstack-clash-protection -fcf-protection -Qunused-arguments -Wno-error=implicit-function-declaration  -DNCURSES_STATIC -g -DTRACE -c ../ncurses/./widechar/lib_wacs.c -o ../obj_g/lib_wacs.o
clang -DHAVE_CONFIG_H -DBUILDING_NCURSES -I../ncurses -I. -I../include -D_DEFAULT_SOURCE -D_XOPEN_SOURCE=600 -DNDEBUG -march=x86-64-v3 -O2 -pipe -fno-plt -fexceptions -Wp,-D_FORTIFY_SOURCE=3 -fstack-clash-protection -fcf-protection -Qunused-arguments -Wno-error=implicit-function-declaration  -DNCURSES_STATIC -g -DTRACE -c ../ncurses/./widechar/lib_wunctrl.c -o ../obj_g/lib_wunctrl.o
clang -DHAVE_CONFIG_H -DBUILDING_NCURSES -I../ncurses -I. -I../include -D_DEFAULT_SOURCE -D_XOPEN_SOURCE=600 -DNDEBUG -march=x86-64-v3 -O2 -pipe -fno-plt -fexceptions -Wp,-D_FORTIFY_SOURCE=3 -fstack-clash-protection -fcf-protection -Qunused-arguments -Wno-error=implicit-function-declaration  -DNCURSES_STATIC -g -DTRACE -c ../ncurses/expanded.c -o ../obj_g/expanded.o
clang -DHAVE_CONFIG_H -DBUILDING_NCURSES -I../ncurses -I. -I../include -D_DEFAULT_SOURCE -D_XOPEN_SOURCE=600 -DNDEBUG -march=x86-64-v3 -O2 -pipe -fno-plt -fexceptions -Wp,-D_FORTIFY_SOURCE=3 -fstack-clash-protection -fcf-protection -Qunused-arguments -Wno-error=implicit-function-declaration  -DNCURSES_STATIC -g -DTRACE -c ../ncurses/./base/legacy_coding.c -o ../obj_g/legacy_coding.o
clang -DHAVE_CONFIG_H -DBUILDING_NCURSES -I../ncurses -I. -I../include -D_DEFAULT_SOURCE -D_XOPEN_SOURCE=600 -DNDEBUG -march=x86-64-v3 -O2 -pipe -fno-plt -fexceptions -Wp,-D_FORTIFY_SOURCE=3 -fstack-clash-protection -fcf-protection -Qunused-arguments -Wno-error=implicit-function-declaration  -DNCURSES_STATIC -g -DTRACE -c ../ncurses/./base/lib_dft_fgbg.c -o ../obj_g/lib_dft_fgbg.o
clang -DHAVE_CONFIG_H -DBUILDING_NCURSES -I../ncurses -I. -I../include -D_DEFAULT_SOURCE -D_XOPEN_SOURCE=600 -DNDEBUG -march=x86-64-v3 -O2 -pipe -fno-plt -fexceptions -Wp,-D_FORTIFY_SOURCE=3 -fstack-clash-protection -fcf-protection -Qunused-arguments -Wno-error=implicit-function-declaration  -DNCURSES_STATIC -g -DTRACE -c ../ncurses/./tinfo/lib_print.c -o ../obj_g/lib_print.o
clang -DHAVE_CONFIG_H -DBUILDING_NCURSES -I../ncurses -I. -I../include -D_DEFAULT_SOURCE -D_XOPEN_SOURCE=600 -DNDEBUG -march=x86-64-v3 -O2 -pipe -fno-plt -fexceptions -Wp,-D_FORTIFY_SOURCE=3 -fstack-clash-protection -fcf-protection -Qunused-arguments -Wno-error=implicit-function-declaration  -DNCURSES_STATIC -g -DTRACE -c ../ncurses/./base/new_pair.c -o ../obj_g/new_pair.o
clang -DHAVE_CONFIG_H -DBUILDING_NCURSES -I../ncurses -I. -I../include -D_DEFAULT_SOURCE -D_XOPEN_SOURCE=600 -DNDEBUG -march=x86-64-v3 -O2 -pipe -fno-plt -fexceptions -Wp,-D_FORTIFY_SOURCE=3 -fstack-clash-protection -fcf-protection -Qunused-arguments -Wno-error=implicit-function-declaration  -DNCURSES_STATIC -g -DTRACE -c ../ncurses/./base/resizeterm.c -o ../obj_g/resizeterm.o
clang -DHAVE_CONFIG_H -DBUILDING_NCURSES -I../ncurses -I. -I../include -D_DEFAULT_SOURCE -D_XOPEN_SOURCE=600 -DNDEBUG -march=x86-64-v3 -O2 -pipe -fno-plt -fexceptions -Wp,-D_FORTIFY_SOURCE=3 -fstack-clash-protection -fcf-protection -Qunused-arguments -Wno-error=implicit-function-declaration  -DNCURSES_STATIC -g -DTRACE -c ../ncurses/./trace/trace_xnames.c -o ../obj_g/trace_xnames.o
clang -DHAVE_CONFIG_H -DBUILDING_NCURSES -I../ncurses -I. -I../include -D_DEFAULT_SOURCE -D_XOPEN_SOURCE=600 -DNDEBUG -march=x86-64-v3 -O2 -pipe -fno-plt -fexceptions -Wp,-D_FORTIFY_SOURCE=3 -fstack-clash-protection -fcf-protection -Qunused-arguments -Wno-error=implicit-function-declaration  -DNCURSES_STATIC -g -DTRACE -c ../ncurses/./tinfo/use_screen.c -o ../obj_g/use_screen.o
clang -DHAVE_CONFIG_H -DBUILDING_NCURSES -I../ncurses -I. -I../include -D_DEFAULT_SOURCE -D_XOPEN_SOURCE=600 -DNDEBUG -march=x86-64-v3 -O2 -pipe -fno-plt -fexceptions -Wp,-D_FORTIFY_SOURCE=3 -fstack-clash-protection -fcf-protection -Qunused-arguments -Wno-error=implicit-function-declaration  -DNCURSES_STATIC -g -DTRACE -c ../ncurses/./base/use_window.c -o ../obj_g/use_window.o
clang -DHAVE_CONFIG_H -DBUILDING_NCURSES -I../ncurses -I. -I../include -D_DEFAULT_SOURCE -D_XOPEN_SOURCE=600 -DNDEBUG -march=x86-64-v3 -O2 -pipe -fno-plt -fexceptions -Wp,-D_FORTIFY_SOURCE=3 -fstack-clash-protection -fcf-protection -Qunused-arguments -Wno-error=implicit-function-declaration  -DNCURSES_STATIC -g -DTRACE -c ../ncurses/./base/wresize.c -o ../obj_g/wresize.o
clang -DHAVE_CONFIG_H -DBUILDING_NCURSES -I../ncurses -I. -I../include -D_DEFAULT_SOURCE -D_XOPEN_SOURCE=600 -DNDEBUG -march=x86-64-v3 -O2 -pipe -fno-plt -fexceptions -Wp,-D_FORTIFY_SOURCE=3 -fstack-clash-protection -fcf-protection -Qunused-arguments -Wno-error=implicit-function-declaration  -DNCURSES_STATIC -g -DTRACE -c ../ncurses/./tinfo/access.c -o ../obj_g/access.o
clang -DHAVE_CONFIG_H -DBUILDING_NCURSES -I../ncurses -I. -I../include -D_DEFAULT_SOURCE -D_XOPEN_SOURCE=600 -DNDEBUG -march=x86-64-v3 -O2 -pipe -fno-plt -fexceptions -Wp,-D_FORTIFY_SOURCE=3 -fstack-clash-protection -fcf-protection -Qunused-arguments -Wno-error=implicit-function-declaration  -DNCURSES_STATIC -g -DTRACE -c ../ncurses/./tinfo/add_tries.c -o ../obj_g/add_tries.o
clang -DHAVE_CONFIG_H -DBUILDING_NCURSES -I../ncurses -I. -I../include -D_DEFAULT_SOURCE -D_XOPEN_SOURCE=600 -DNDEBUG -march=x86-64-v3 -O2 -pipe -fno-plt -fexceptions -Wp,-D_FORTIFY_SOURCE=3 -fstack-clash-protection -fcf-protection -Qunused-arguments -Wno-error=implicit-function-declaration  -DNCURSES_STATIC -g -DTRACE -c ../ncurses/./tinfo/alloc_ttype.c -o ../obj_g/alloc_ttype.o
clang -DHAVE_CONFIG_H -DBUILDING_NCURSES -I../ncurses -I. -I../include -D_DEFAULT_SOURCE -D_XOPEN_SOURCE=600 -DNDEBUG -march=x86-64-v3 -O2 -pipe -fno-plt -fexceptions -Wp,-D_FORTIFY_SOURCE=3 -fstack-clash-protection -fcf-protection -Qunused-arguments -Wno-error=implicit-function-declaration  -DNCURSES_STATIC -g -DTRACE -c ../ncurses/codes.c -o ../obj_g/codes.o
clang -DHAVE_CONFIG_H -DBUILDING_NCURSES -I../ncurses -I. -I../include -D_DEFAULT_SOURCE -D_XOPEN_SOURCE=600 -DNDEBUG -march=x86-64-v3 -O2 -pipe -fno-plt -fexceptions -Wp,-D_FORTIFY_SOURCE=3 -fstack-clash-protection -fcf-protection -Qunused-arguments -Wno-error=implicit-function-declaration  -DNCURSES_STATIC -g -DTRACE -c ../ncurses/./tinfo/comp_error.c -o ../obj_g/comp_error.o
clang -DHAVE_CONFIG_H -DBUILDING_NCURSES -I../ncurses -I. -I../include -D_DEFAULT_SOURCE -D_XOPEN_SOURCE=600 -DNDEBUG -march=x86-64-v3 -O2 -pipe -fno-plt -fexceptions -Wp,-D_FORTIFY_SOURCE=3 -fstack-clash-protection -fcf-protection -Qunused-arguments -Wno-error=implicit-function-declaration  -DNCURSES_STATIC -g -DTRACE -c ../ncurses/./tinfo/comp_hash.c -o ../obj_g/comp_hash.o
clang -DHAVE_CONFIG_H -DBUILDING_NCURSES -I../ncurses -I. -I../include -D_DEFAULT_SOURCE -D_XOPEN_SOURCE=600 -DNDEBUG -march=x86-64-v3 -O2 -pipe -fno-plt -fexceptions -Wp,-D_FORTIFY_SOURCE=3 -fstack-clash-protection -fcf-protection -Qunused-arguments -Wno-error=implicit-function-declaration  -DNCURSES_STATIC -g -DTRACE -c ../ncurses/./tinfo/db_iterator.c -o ../obj_g/db_iterator.o
clang -DHAVE_CONFIG_H -DBUILDING_NCURSES -I../ncurses -I. -I../include -D_DEFAULT_SOURCE -D_XOPEN_SOURCE=600 -DNDEBUG -march=x86-64-v3 -O2 -pipe -fno-plt -fexceptions -Wp,-D_FORTIFY_SOURCE=3 -fstack-clash-protection -fcf-protection -Qunused-arguments -Wno-error=implicit-function-declaration  -DNCURSES_STATIC -g -DTRACE -c ../ncurses/./tinfo/doalloc.c -o ../obj_g/doalloc.o
clang -DHAVE_CONFIG_H -DBUILDING_NCURSES -I../ncurses -I. -I../include -D_DEFAULT_SOURCE -D_XOPEN_SOURCE=600 -DNDEBUG -march=x86-64-v3 -O2 -pipe -fno-plt -fexceptions -Wp,-D_FORTIFY_SOURCE=3 -fstack-clash-protection -fcf-protection -Qunused-arguments -Wno-error=implicit-function-declaration  -DNCURSES_STATIC -g -DTRACE -c ../ncurses/./tinfo/entries.c -o ../obj_g/entries.o
clang -DHAVE_CONFIG_H -DBUILDING_NCURSES -I../ncurses -I. -I../include -D_DEFAULT_SOURCE -D_XOPEN_SOURCE=600 -DNDEBUG -march=x86-64-v3 -O2 -pipe -fno-plt -fexceptions -Wp,-D_FORTIFY_SOURCE=3 -fstack-clash-protection -fcf-protection -Qunused-arguments -Wno-error=implicit-function-declaration  -DNCURSES_STATIC -g -DTRACE -c ../ncurses/fallback.c -o ../obj_g/fallback.o
clang -DHAVE_CONFIG_H -DBUILDING_NCURSES -I../ncurses -I. -I../include -D_DEFAULT_SOURCE -D_XOPEN_SOURCE=600 -DNDEBUG -march=x86-64-v3 -O2 -pipe -fno-plt -fexceptions -Wp,-D_FORTIFY_SOURCE=3 -fstack-clash-protection -fcf-protection -Qunused-arguments -Wno-error=implicit-function-declaration  -DNCURSES_STATIC -g -DTRACE -c ../ncurses/./tinfo/free_ttype.c -o ../obj_g/free_ttype.o
clang -DHAVE_CONFIG_H -DBUILDING_NCURSES -I../ncurses -I. -I../include -D_DEFAULT_SOURCE -D_XOPEN_SOURCE=600 -DNDEBUG -march=x86-64-v3 -O2 -pipe -fno-plt -fexceptions -Wp,-D_FORTIFY_SOURCE=3 -fstack-clash-protection -fcf-protection -Qunused-arguments -Wno-error=implicit-function-declaration  -DNCURSES_STATIC -g -DTRACE -c ../ncurses/./tinfo/getenv_num.c -o ../obj_g/getenv_num.o
clang -DHAVE_CONFIG_H -DBUILDING_NCURSES -I../ncurses -I. -I../include -D_DEFAULT_SOURCE -D_XOPEN_SOURCE=600 -DNDEBUG -march=x86-64-v3 -O2 -pipe -fno-plt -fexceptions -Wp,-D_FORTIFY_SOURCE=3 -fstack-clash-protection -fcf-protection -Qunused-arguments -Wno-error=implicit-function-declaration  -DNCURSES_STATIC -g -DTRACE -c ../ncurses/./tinfo/home_terminfo.c -o ../obj_g/home_terminfo.o
clang -DHAVE_CONFIG_H -DBUILDING_NCURSES -I../ncurses -I. -I../include -D_DEFAULT_SOURCE -D_XOPEN_SOURCE=600 -DNDEBUG -march=x86-64-v3 -O2 -pipe -fno-plt -fexceptions -Wp,-D_FORTIFY_SOURCE=3 -fstack-clash-protection -fcf-protection -Qunused-arguments -Wno-error=implicit-function-declaration  -DNCURSES_STATIC -g -DTRACE -c ../ncurses/./tinfo/lib_acs.c -o ../obj_g/lib_acs.o
clang -DHAVE_CONFIG_H -DBUILDING_NCURSES -I../ncurses -I. -I../include -D_DEFAULT_SOURCE -D_XOPEN_SOURCE=600 -DNDEBUG -march=x86-64-v3 -O2 -pipe -fno-plt -fexceptions -Wp,-D_FORTIFY_SOURCE=3 -fstack-clash-protection -fcf-protection -Qunused-arguments -Wno-error=implicit-function-declaration  -DNCURSES_STATIC -g -DTRACE -c ../ncurses/./tinfo/lib_baudrate.c -o ../obj_g/lib_baudrate.o
clang -DHAVE_CONFIG_H -DBUILDING_NCURSES -I../ncurses -I. -I../include -D_DEFAULT_SOURCE -D_XOPEN_SOURCE=600 -DNDEBUG -march=x86-64-v3 -O2 -pipe -fno-plt -fexceptions -Wp,-D_FORTIFY_SOURCE=3 -fstack-clash-protection -fcf-protection -Qunused-arguments -Wno-error=implicit-function-declaration  -DNCURSES_STATIC -g -DTRACE -c ../ncurses/./tinfo/lib_cur_term.c -o ../obj_g/lib_cur_term.o
clang -DHAVE_CONFIG_H -DBUILDING_NCURSES -I../ncurses -I. -I../include -D_DEFAULT_SOURCE -D_XOPEN_SOURCE=600 -DNDEBUG -march=x86-64-v3 -O2 -pipe -fno-plt -fexceptions -Wp,-D_FORTIFY_SOURCE=3 -fstack-clash-protection -fcf-protection -Qunused-arguments -Wno-error=implicit-function-declaration  -DNCURSES_STATIC -g -DTRACE -c ../ncurses/./tinfo/lib_data.c -o ../obj_g/lib_data.o
clang -DHAVE_CONFIG_H -DBUILDING_NCURSES -I../ncurses -I. -I../include -D_DEFAULT_SOURCE -D_XOPEN_SOURCE=600 -DNDEBUG -march=x86-64-v3 -O2 -pipe -fno-plt -fexceptions -Wp,-D_FORTIFY_SOURCE=3 -fstack-clash-protection -fcf-protection -Qunused-arguments -Wno-error=implicit-function-declaration  -DNCURSES_STATIC -g -DTRACE -c ../ncurses/./tinfo/lib_has_cap.c -o ../obj_g/lib_has_cap.o
clang -DHAVE_CONFIG_H -DBUILDING_NCURSES -I../ncurses -I. -I../include -D_DEFAULT_SOURCE -D_XOPEN_SOURCE=600 -DNDEBUG -march=x86-64-v3 -O2 -pipe -fno-plt -fexceptions -Wp,-D_FORTIFY_SOURCE=3 -fstack-clash-protection -fcf-protection -Qunused-arguments -Wno-error=implicit-function-declaration  -DNCURSES_STATIC -g -DTRACE -c ../ncurses/./tinfo/lib_kernel.c -o ../obj_g/lib_kernel.o
clang -DHAVE_CONFIG_H -DBUILDING_NCURSES -I../ncurses -I. -I../include -D_DEFAULT_SOURCE -D_XOPEN_SOURCE=600 -DNDEBUG -march=x86-64-v3 -O2 -pipe -fno-plt -fexceptions -Wp,-D_FORTIFY_SOURCE=3 -fstack-clash-protection -fcf-protection -Qunused-arguments -Wno-error=implicit-function-declaration  -DNCURSES_STATIC -g -DTRACE -c ../ncurses/./tinfo/lib_longname.c -o ../obj_g/lib_longname.o
clang -DHAVE_CONFIG_H -DBUILDING_NCURSES -I../ncurses -I. -I../include -D_DEFAULT_SOURCE -D_XOPEN_SOURCE=600 -DNDEBUG -march=x86-64-v3 -O2 -pipe -fno-plt -fexceptions -Wp,-D_FORTIFY_SOURCE=3 -fstack-clash-protection -fcf-protection -Qunused-arguments -Wno-error=implicit-function-declaration  -DNCURSES_STATIC -g -DTRACE -c ../ncurses/./tinfo/lib_napms.c -o ../obj_g/lib_napms.o
clang -DHAVE_CONFIG_H -DBUILDING_NCURSES -I../ncurses -I. -I../include -D_DEFAULT_SOURCE -D_XOPEN_SOURCE=600 -DNDEBUG -march=x86-64-v3 -O2 -pipe -fno-plt -fexceptions -Wp,-D_FORTIFY_SOURCE=3 -fstack-clash-protection -fcf-protection -Qunused-arguments -Wno-error=implicit-function-declaration  -DNCURSES_STATIC -g -DTRACE -c ../ncurses/./tinfo/lib_options.c -o ../obj_g/lib_options.o
clang -DHAVE_CONFIG_H -DBUILDING_NCURSES -I../ncurses -I. -I../include -D_DEFAULT_SOURCE -D_XOPEN_SOURCE=600 -DNDEBUG -march=x86-64-v3 -O2 -pipe -fno-plt -fexceptions -Wp,-D_FORTIFY_SOURCE=3 -fstack-clash-protection -fcf-protection -Qunused-arguments -Wno-error=implicit-function-declaration  -DNCURSES_STATIC -g -DTRACE -c ../ncurses/./tinfo/lib_raw.c -o ../obj_g/lib_raw.o
clang -DHAVE_CONFIG_H -DBUILDING_NCURSES -I../ncurses -I. -I../include -D_DEFAULT_SOURCE -D_XOPEN_SOURCE=600 -DNDEBUG -march=x86-64-v3 -O2 -pipe -fno-plt -fexceptions -Wp,-D_FORTIFY_SOURCE=3 -fstack-clash-protection -fcf-protection -Qunused-arguments -Wno-error=implicit-function-declaration  -DNCURSES_STATIC -g -DTRACE -c ../ncurses/./tinfo/lib_setup.c -o ../obj_g/lib_setup.o
clang -DHAVE_CONFIG_H -DBUILDING_NCURSES -I../ncurses -I. -I../include -D_DEFAULT_SOURCE -D_XOPEN_SOURCE=600 -DNDEBUG -march=x86-64-v3 -O2 -pipe -fno-plt -fexceptions -Wp,-D_FORTIFY_SOURCE=3 -fstack-clash-protection -fcf-protection -Qunused-arguments -Wno-error=implicit-function-declaration  -DNCURSES_STATIC -g -DTRACE -c ../ncurses/./tinfo/lib_termcap.c -o ../obj_g/lib_termcap.o
clang -DHAVE_CONFIG_H -DBUILDING_NCURSES -I../ncurses -I. -I../include -D_DEFAULT_SOURCE -D_XOPEN_SOURCE=600 -DNDEBUG -march=x86-64-v3 -O2 -pipe -fno-plt -fexceptions -Wp,-D_FORTIFY_SOURCE=3 -fstack-clash-protection -fcf-protection -Qunused-arguments -Wno-error=implicit-function-declaration  -DNCURSES_STATIC -g -DTRACE -c ../ncurses/./tinfo/lib_termname.c -o ../obj_g/lib_termname.o
clang -DHAVE_CONFIG_H -DBUILDING_NCURSES -I../ncurses -I. -I../include -D_DEFAULT_SOURCE -D_XOPEN_SOURCE=600 -DNDEBUG -march=x86-64-v3 -O2 -pipe -fno-plt -fexceptions -Wp,-D_FORTIFY_SOURCE=3 -fstack-clash-protection -fcf-protection -Qunused-arguments -Wno-error=implicit-function-declaration  -DNCURSES_STATIC -g -DTRACE -c ../ncurses/./tinfo/lib_tgoto.c -o ../obj_g/lib_tgoto.o
clang -DHAVE_CONFIG_H -DBUILDING_NCURSES -I../ncurses -I. -I../include -D_DEFAULT_SOURCE -D_XOPEN_SOURCE=600 -DNDEBUG -march=x86-64-v3 -O2 -pipe -fno-plt -fexceptions -Wp,-D_FORTIFY_SOURCE=3 -fstack-clash-protection -fcf-protection -Qunused-arguments -Wno-error=implicit-function-declaration  -DNCURSES_STATIC -g -DTRACE -c ../ncurses/./tinfo/lib_ti.c -o ../obj_g/lib_ti.o
clang -DHAVE_CONFIG_H -DBUILDING_NCURSES -I../ncurses -I. -I../include -D_DEFAULT_SOURCE -D_XOPEN_SOURCE=600 -DNDEBUG -march=x86-64-v3 -O2 -pipe -fno-plt -fexceptions -Wp,-D_FORTIFY_SOURCE=3 -fstack-clash-protection -fcf-protection -Qunused-arguments -Wno-error=implicit-function-declaration  -DNCURSES_STATIC -g -DTRACE -c ../ncurses/./tinfo/lib_tparm.c -o ../obj_g/lib_tparm.o
clang -DHAVE_CONFIG_H -DBUILDING_NCURSES -I../ncurses -I. -I../include -D_DEFAULT_SOURCE -D_XOPEN_SOURCE=600 -DNDEBUG -march=x86-64-v3 -O2 -pipe -fno-plt -fexceptions -Wp,-D_FORTIFY_SOURCE=3 -fstack-clash-protection -fcf-protection -Qunused-arguments -Wno-error=implicit-function-declaration  -DNCURSES_STATIC -g -DTRACE -c ../ncurses/./tinfo/lib_tputs.c -o ../obj_g/lib_tputs.o
clang -DHAVE_CONFIG_H -DBUILDING_NCURSES -I../ncurses -I. -I../include -D_DEFAULT_SOURCE -D_XOPEN_SOURCE=600 -DNDEBUG -march=x86-64-v3 -O2 -pipe -fno-plt -fexceptions -Wp,-D_FORTIFY_SOURCE=3 -fstack-clash-protection -fcf-protection -Qunused-arguments -Wno-error=implicit-function-declaration  -DNCURSES_STATIC -g -DTRACE -c ../ncurses/./trace/lib_trace.c -o ../obj_g/lib_trace.o
clang -DHAVE_CONFIG_H -DBUILDING_NCURSES -I../ncurses -I. -I../include -D_DEFAULT_SOURCE -D_XOPEN_SOURCE=600 -DNDEBUG -march=x86-64-v3 -O2 -pipe -fno-plt -fexceptions -Wp,-D_FORTIFY_SOURCE=3 -fstack-clash-protection -fcf-protection -Qunused-arguments -Wno-error=implicit-function-declaration  -DNCURSES_STATIC -g -DTRACE -c ../ncurses/./trace/lib_traceatr.c -o ../obj_g/lib_traceatr.o
clang -DHAVE_CONFIG_H -DBUILDING_NCURSES -I../ncurses -I. -I../include -D_DEFAULT_SOURCE -D_XOPEN_SOURCE=600 -DNDEBUG -march=x86-64-v3 -O2 -pipe -fno-plt -fexceptions -Wp,-D_FORTIFY_SOURCE=3 -fstack-clash-protection -fcf-protection -Qunused-arguments -Wno-error=implicit-function-declaration  -DNCURSES_STATIC -g -DTRACE -c ../ncurses/./trace/lib_tracebits.c -o ../obj_g/lib_tracebits.o
clang -DHAVE_CONFIG_H -DBUILDING_NCURSES -I../ncurses -I. -I../include -D_DEFAULT_SOURCE -D_XOPEN_SOURCE=600 -DNDEBUG -march=x86-64-v3 -O2 -pipe -fno-plt -fexceptions -Wp,-D_FORTIFY_SOURCE=3 -fstack-clash-protection -fcf-protection -Qunused-arguments -Wno-error=implicit-function-declaration  -DNCURSES_STATIC -g -DTRACE -c ../ncurses/./trace/lib_tracechr.c -o ../obj_g/lib_tracechr.o
clang -DHAVE_CONFIG_H -DBUILDING_NCURSES -I../ncurses -I. -I../include -D_DEFAULT_SOURCE -D_XOPEN_SOURCE=600 -DNDEBUG -march=x86-64-v3 -O2 -pipe -fno-plt -fexceptions -Wp,-D_FORTIFY_SOURCE=3 -fstack-clash-protection -fcf-protection -Qunused-arguments -Wno-error=implicit-function-declaration  -DNCURSES_STATIC -g -DTRACE -c ../ncurses/./tinfo/lib_ttyflags.c -o ../obj_g/lib_ttyflags.o
clang -DHAVE_CONFIG_H -DBUILDING_NCURSES -I../ncurses -I. -I../include -D_DEFAULT_SOURCE -D_XOPEN_SOURCE=600 -DNDEBUG -march=x86-64-v3 -O2 -pipe -fno-plt -fexceptions -Wp,-D_FORTIFY_SOURCE=3 -fstack-clash-protection -fcf-protection -Qunused-arguments -Wno-error=implicit-function-declaration  -DNCURSES_STATIC -g -DTRACE -c ../ncurses/./tty/lib_twait.c -o ../obj_g/lib_twait.o
clang -DHAVE_CONFIG_H -DBUILDING_NCURSES -I../ncurses -I. -I../include -D_DEFAULT_SOURCE -D_XOPEN_SOURCE=600 -DNDEBUG -march=x86-64-v3 -O2 -pipe -fno-plt -fexceptions -Wp,-D_FORTIFY_SOURCE=3 -fstack-clash-protection -fcf-protection -Qunused-arguments -Wno-error=implicit-function-declaration  -DNCURSES_STATIC -g -DTRACE -c ../ncurses/./tinfo/name_match.c -o ../obj_g/name_match.o
clang -DHAVE_CONFIG_H -DBUILDING_NCURSES -I../ncurses -I. -I../include -D_DEFAULT_SOURCE -D_XOPEN_SOURCE=600 -DNDEBUG -march=x86-64-v3 -O2 -pipe -fno-plt -fexceptions -Wp,-D_FORTIFY_SOURCE=3 -fstack-clash-protection -fcf-protection -Qunused-arguments -Wno-error=implicit-function-declaration  -DNCURSES_STATIC -g -DTRACE -c ../ncurses/names.c -o ../obj_g/names.o
clang -DHAVE_CONFIG_H -DBUILDING_NCURSES -I../ncurses -I. -I../include -D_DEFAULT_SOURCE -D_XOPEN_SOURCE=600 -DNDEBUG -march=x86-64-v3 -O2 -pipe -fno-plt -fexceptions -Wp,-D_FORTIFY_SOURCE=3 -fstack-clash-protection -fcf-protection -Qunused-arguments -Wno-error=implicit-function-declaration  -DNCURSES_STATIC -g -DTRACE -c ../ncurses/./tinfo/obsolete.c -o ../obj_g/obsolete.o
clang -DHAVE_CONFIG_H -DBUILDING_NCURSES -I../ncurses -I. -I../include -D_DEFAULT_SOURCE -D_XOPEN_SOURCE=600 -DNDEBUG -march=x86-64-v3 -O2 -pipe -fno-plt -fexceptions -Wp,-D_FORTIFY_SOURCE=3 -fstack-clash-protection -fcf-protection -Qunused-arguments -Wno-error=implicit-function-declaration  -DNCURSES_STATIC -g -DTRACE -c ../ncurses/./tinfo/read_entry.c -o ../obj_g/read_entry.o
clang -DHAVE_CONFIG_H -DBUILDING_NCURSES -I../ncurses -I. -I../include -D_DEFAULT_SOURCE -D_XOPEN_SOURCE=600 -DNDEBUG -march=x86-64-v3 -O2 -pipe -fno-plt -fexceptions -Wp,-D_FORTIFY_SOURCE=3 -fstack-clash-protection -fcf-protection -Qunused-arguments -Wno-error=implicit-function-declaration  -DNCURSES_STATIC -g -DTRACE -c ../ncurses/./tinfo/read_termcap.c -o ../obj_g/read_termcap.o
clang -DHAVE_CONFIG_H -DBUILDING_NCURSES -I../ncurses -I. -I../include -D_DEFAULT_SOURCE -D_XOPEN_SOURCE=600 -DNDEBUG -march=x86-64-v3 -O2 -pipe -fno-plt -fexceptions -Wp,-D_FORTIFY_SOURCE=3 -fstack-clash-protection -fcf-protection -Qunused-arguments -Wno-error=implicit-function-declaration  -DNCURSES_STATIC -g -DTRACE -c ../ncurses/./tinfo/strings.c -o ../obj_g/strings.o
clang -DHAVE_CONFIG_H -DBUILDING_NCURSES -I../ncurses -I. -I../include -D_DEFAULT_SOURCE -D_XOPEN_SOURCE=600 -DNDEBUG -march=x86-64-v3 -O2 -pipe -fno-plt -fexceptions -Wp,-D_FORTIFY_SOURCE=3 -fstack-clash-protection -fcf-protection -Qunused-arguments -Wno-error=implicit-function-declaration  -DNCURSES_STATIC -g -DTRACE -c ../ncurses/./trace/trace_buf.c -o ../obj_g/trace_buf.o
clang -DHAVE_CONFIG_H -DBUILDING_NCURSES -I../ncurses -I. -I../include -D_DEFAULT_SOURCE -D_XOPEN_SOURCE=600 -DNDEBUG -march=x86-64-v3 -O2 -pipe -fno-plt -fexceptions -Wp,-D_FORTIFY_SOURCE=3 -fstack-clash-protection -fcf-protection -Qunused-arguments -Wno-error=implicit-function-declaration  -DNCURSES_STATIC -g -DTRACE -c ../ncurses/./trace/trace_tries.c -o ../obj_g/trace_tries.o
clang -DHAVE_CONFIG_H -DBUILDING_NCURSES -I../ncurses -I. -I../include -D_DEFAULT_SOURCE -D_XOPEN_SOURCE=600 -DNDEBUG -march=x86-64-v3 -O2 -pipe -fno-plt -fexceptions -Wp,-D_FORTIFY_SOURCE=3 -fstack-clash-protection -fcf-protection -Qunused-arguments -Wno-error=implicit-function-declaration  -DNCURSES_STATIC -g -DTRACE -c ../ncurses/./base/tries.c -o ../obj_g/tries.o
clang -DHAVE_CONFIG_H -DBUILDING_NCURSES -I../ncurses -I. -I../include -D_DEFAULT_SOURCE -D_XOPEN_SOURCE=600 -DNDEBUG -march=x86-64-v3 -O2 -pipe -fno-plt -fexceptions -Wp,-D_FORTIFY_SOURCE=3 -fstack-clash-protection -fcf-protection -Qunused-arguments -Wno-error=implicit-function-declaration  -DNCURSES_STATIC -g -DTRACE -c ../ncurses/./tinfo/trim_sgr0.c -o ../obj_g/trim_sgr0.o
clang -DHAVE_CONFIG_H -DBUILDING_NCURSES -I../ncurses -I. -I../include -D_DEFAULT_SOURCE -D_XOPEN_SOURCE=600 -DNDEBUG -march=x86-64-v3 -O2 -pipe -fno-plt -fexceptions -Wp,-D_FORTIFY_SOURCE=3 -fstack-clash-protection -fcf-protection -Qunused-arguments -Wno-error=implicit-function-declaration  -DNCURSES_STATIC -g -DTRACE -c ../ncurses/unctrl.c -o ../obj_g/unctrl.o
clang -DHAVE_CONFIG_H -DBUILDING_NCURSES -I../ncurses -I. -I../include -D_DEFAULT_SOURCE -D_XOPEN_SOURCE=600 -DNDEBUG -march=x86-64-v3 -O2 -pipe -fno-plt -fexceptions -Wp,-D_FORTIFY_SOURCE=3 -fstack-clash-protection -fcf-protection -Qunused-arguments -Wno-error=implicit-function-declaration  -DNCURSES_STATIC -g -DTRACE -c ../ncurses/./trace/visbuf.c -o ../obj_g/visbuf.o
clang -DHAVE_CONFIG_H -DBUILDING_NCURSES -I../ncurses -I. -I../include -D_DEFAULT_SOURCE -D_XOPEN_SOURCE=600 -DNDEBUG -march=x86-64-v3 -O2 -pipe -fno-plt -fexceptions -Wp,-D_FORTIFY_SOURCE=3 -fstack-clash-protection -fcf-protection -Qunused-arguments -Wno-error=implicit-function-declaration  -DNCURSES_STATIC -g -DTRACE -c ../ncurses/./tinfo/alloc_entry.c -o ../obj_g/alloc_entry.o
clang -DHAVE_CONFIG_H -DBUILDING_NCURSES -I../ncurses -I. -I../include -D_DEFAULT_SOURCE -D_XOPEN_SOURCE=600 -DNDEBUG -march=x86-64-v3 -O2 -pipe -fno-plt -fexceptions -Wp,-D_FORTIFY_SOURCE=3 -fstack-clash-protection -fcf-protection -Qunused-arguments -Wno-error=implicit-function-declaration  -DNCURSES_STATIC -g -DTRACE -c ../ncurses/./tinfo/captoinfo.c -o ../obj_g/captoinfo.o
clang -DHAVE_CONFIG_H -DBUILDING_NCURSES -I../ncurses -I. -I../include -D_DEFAULT_SOURCE -D_XOPEN_SOURCE=600 -DNDEBUG -march=x86-64-v3 -O2 -pipe -fno-plt -fexceptions -Wp,-D_FORTIFY_SOURCE=3 -fstack-clash-protection -fcf-protection -Qunused-arguments -Wno-error=implicit-function-declaration  -DNCURSES_STATIC -g -DTRACE -c ../ncurses/./tinfo/comp_expand.c -o ../obj_g/comp_expand.o
clang -DHAVE_CONFIG_H -DBUILDING_NCURSES -I../ncurses -I. -I../include -D_DEFAULT_SOURCE -D_XOPEN_SOURCE=600 -DNDEBUG -march=x86-64-v3 -O2 -pipe -fno-plt -fexceptions -Wp,-D_FORTIFY_SOURCE=3 -fstack-clash-protection -fcf-protection -Qunused-arguments -Wno-error=implicit-function-declaration  -DNCURSES_STATIC -g -DTRACE -c ../ncurses/./tinfo/comp_parse.c -o ../obj_g/comp_parse.o
clang -DHAVE_CONFIG_H -DBUILDING_NCURSES -I../ncurses -I. -I../include -D_DEFAULT_SOURCE -D_XOPEN_SOURCE=600 -DNDEBUG -march=x86-64-v3 -O2 -pipe -fno-plt -fexceptions -Wp,-D_FORTIFY_SOURCE=3 -fstack-clash-protection -fcf-protection -Qunused-arguments -Wno-error=implicit-function-declaration  -DNCURSES_STATIC -g -DTRACE -c ../ncurses/./tinfo/comp_scan.c -o ../obj_g/comp_scan.o
clang -DHAVE_CONFIG_H -DBUILDING_NCURSES -I../ncurses -I. -I../include -D_DEFAULT_SOURCE -D_XOPEN_SOURCE=600 -DNDEBUG -march=x86-64-v3 -O2 -pipe -fno-plt -fexceptions -Wp,-D_FORTIFY_SOURCE=3 -fstack-clash-protection -fcf-protection -Qunused-arguments -Wno-error=implicit-function-declaration  -DNCURSES_STATIC -g -DTRACE -c ../ncurses/./tinfo/parse_entry.c -o ../obj_g/parse_entry.o
clang -DHAVE_CONFIG_H -DBUILDING_NCURSES -I../ncurses -I. -I../include -D_DEFAULT_SOURCE -D_XOPEN_SOURCE=600 -DNDEBUG -march=x86-64-v3 -O2 -pipe -fno-plt -fexceptions -Wp,-D_FORTIFY_SOURCE=3 -fstack-clash-protection -fcf-protection -Qunused-arguments -Wno-error=implicit-function-declaration  -DNCURSES_STATIC -g -DTRACE -c ../ncurses/./tinfo/write_entry.c -o ../obj_g/write_entry.o
clang -DHAVE_CONFIG_H -DBUILDING_NCURSES -I../ncurses -I. -I../include -D_DEFAULT_SOURCE -D_XOPEN_SOURCE=600 -DNDEBUG -march=x86-64-v3 -O2 -pipe -fno-plt -fexceptions -Wp,-D_FORTIFY_SOURCE=3 -fstack-clash-protection -fcf-protection -Qunused-arguments -Wno-error=implicit-function-declaration  -DNCURSES_STATIC -g -DTRACE -c ../ncurses/./base/define_key.c -o ../obj_g/define_key.o
clang -DHAVE_CONFIG_H -DBUILDING_NCURSES -I../ncurses -I. -I../include -D_DEFAULT_SOURCE -D_XOPEN_SOURCE=600 -DNDEBUG -march=x86-64-v3 -O2 -pipe -fno-plt -fexceptions -Wp,-D_FORTIFY_SOURCE=3 -fstack-clash-protection -fcf-protection -Qunused-arguments -Wno-error=implicit-function-declaration  -DNCURSES_STATIC -g -DTRACE -c ../ncurses/./tinfo/hashed_db.c -o ../obj_g/hashed_db.o
clang -DHAVE_CONFIG_H -DBUILDING_NCURSES -I../ncurses -I. -I../include -D_DEFAULT_SOURCE -D_XOPEN_SOURCE=600 -DNDEBUG -march=x86-64-v3 -O2 -pipe -fno-plt -fexceptions -Wp,-D_FORTIFY_SOURCE=3 -fstack-clash-protection -fcf-protection -Qunused-arguments -Wno-error=implicit-function-declaration  -DNCURSES_STATIC -g -DTRACE -c ../ncurses/./base/key_defined.c -o ../obj_g/key_defined.o
clang -DHAVE_CONFIG_H -DBUILDING_NCURSES -I../ncurses -I. -I../include -D_DEFAULT_SOURCE -D_XOPEN_SOURCE=600 -DNDEBUG -march=x86-64-v3 -O2 -pipe -fno-plt -fexceptions -Wp,-D_FORTIFY_SOURCE=3 -fstack-clash-protection -fcf-protection -Qunused-arguments -Wno-error=implicit-function-declaration  -DNCURSES_STATIC -g -DTRACE -c ../ncurses/./base/keybound.c -o ../obj_g/keybound.o
clang -DHAVE_CONFIG_H -DBUILDING_NCURSES -I../ncurses -I. -I../include -D_DEFAULT_SOURCE -D_XOPEN_SOURCE=600 -DNDEBUG -march=x86-64-v3 -O2 -pipe -fno-plt -fexceptions -Wp,-D_FORTIFY_SOURCE=3 -fstack-clash-protection -fcf-protection -Qunused-arguments -Wno-error=implicit-function-declaration  -DNCURSES_STATIC -g -DTRACE -c ../ncurses/./base/keyok.c -o ../obj_g/keyok.o
clang -DHAVE_CONFIG_H -DBUILDING_NCURSES -I../ncurses -I. -I../include -D_DEFAULT_SOURCE -D_XOPEN_SOURCE=600 -DNDEBUG -march=x86-64-v3 -O2 -pipe -fno-plt -fexceptions -Wp,-D_FORTIFY_SOURCE=3 -fstack-clash-protection -fcf-protection -Qunused-arguments -Wno-error=implicit-function-declaration  -DNCURSES_STATIC -g -DTRACE -c ../ncurses/./base/version.c -o ../obj_g/version.o
/bin/sh -e ./tinfo/MKcaptab.sh gawk 1 ./tinfo/MKcaptab.awk ../include/Caps ../include/Caps-ncurses > comp_captab.c
/bin/sh -e ./tinfo/MKuserdefs.sh gawk 1 ../include/Caps ../include/Caps-ncurses > comp_userdefs.c
gawk -f ./base/MKkeyname.awk use_sigwinch=1 bigstrings=1 keys.list > lib_keyname.c
clang -o make_keys -DHAVE_CONFIG_H -DUSE_BUILD_CC -I../ncurses -I. -I../include -I./../include -DHAVE_CONFIG_H -DBUILDING_NCURSES -I../ncurses -I. -I../include -D_DEFAULT_SOURCE -D_XOPEN_SOURCE=600 -DNDEBUG -march=x86-64-v3 -O2 -pipe -fno-plt -fexceptions -Wp,-D_FORTIFY_SOURCE=3 -fstack-clash-protection -fcf-protection -Qunused-arguments -Wno-error=implicit-function-declaration  ./tinfo/make_keys.c -Wl,-O1 -Wl,--sort-common -Wl,--as-needed -Wl,-z,relro -Wl,-z,now -Wl,--undefined-version -Wl,--hash-style=gnu -Wl,--compress-debug-sections=zstd  
clang -DHAVE_CONFIG_H -DBUILDING_NCURSES -I../ncurses -I. -I../include -D_DEFAULT_SOURCE -D_XOPEN_SOURCE=600 -DNDEBUG -march=x86-64-v3 -O2 -pipe -fno-plt -fexceptions -Wp,-D_FORTIFY_SOURCE=3 -fstack-clash-protection -fcf-protection -Qunused-arguments -Wno-error=implicit-function-declaration  -fPIC -c ../ncurses/lib_gen.c -o ../obj_s/lib_gen.o
clang -DHAVE_CONFIG_H -DBUILDING_NCURSES -I../ncurses -I. -I../include -D_DEFAULT_SOURCE -D_XOPEN_SOURCE=600 -DNDEBUG -march=x86-64-v3 -O2 -pipe -fno-plt -fexceptions -Wp,-D_FORTIFY_SOURCE=3 -fstack-clash-protection -fcf-protection -Qunused-arguments -Wno-error=implicit-function-declaration  -fPIC -c ../ncurses/comp_userdefs.c -o ../obj_s/comp_userdefs.o
clang -DHAVE_CONFIG_H -DBUILDING_NCURSES -I../ncurses -I. -I../include -D_DEFAULT_SOURCE -D_XOPEN_SOURCE=600 -DNDEBUG -march=x86-64-v3 -O2 -pipe -fno-plt -fexceptions -Wp,-D_FORTIFY_SOURCE=3 -fstack-clash-protection -fcf-protection -Qunused-arguments -Wno-error=implicit-function-declaration  -fPIC -c ../ncurses/lib_keyname.c -o ../obj_s/lib_keyname.o
clang -DHAVE_CONFIG_H -DBUILDING_NCURSES -I../ncurses -I. -I../include -D_DEFAULT_SOURCE -D_XOPEN_SOURCE=600 -DNDEBUG -march=x86-64-v3 -O2 -pipe -fno-plt -fexceptions -Wp,-D_FORTIFY_SOURCE=3 -fstack-clash-protection -fcf-protection -Qunused-arguments -Wno-error=implicit-function-declaration  -DNCURSES_STATIC -c ../ncurses/comp_captab.c -o ../objects/comp_captab.o
clang -DHAVE_CONFIG_H -DBUILDING_NCURSES -I../ncurses -I. -I../include -D_DEFAULT_SOURCE -D_XOPEN_SOURCE=600 -DNDEBUG -march=x86-64-v3 -O2 -pipe -fno-plt -fexceptions -Wp,-D_FORTIFY_SOURCE=3 -fstack-clash-protection -fcf-protection -Qunused-arguments -Wno-error=implicit-function-declaration  -DNCURSES_STATIC -c ../ncurses/comp_userdefs.c -o ../objects/comp_userdefs.o
clang -DHAVE_CONFIG_H -DBUILDING_NCURSES -I../ncurses -I. -I../include -D_DEFAULT_SOURCE -D_XOPEN_SOURCE=600 -DNDEBUG -march=x86-64-v3 -O2 -pipe -fno-plt -fexceptions -Wp,-D_FORTIFY_SOURCE=3 -fstack-clash-protection -fcf-protection -Qunused-arguments -Wno-error=implicit-function-declaration  -DNCURSES_STATIC -c ../ncurses/lib_keyname.c -o ../objects/lib_keyname.o
clang -DHAVE_CONFIG_H -DBUILDING_NCURSES -I../ncurses -I. -I../include -D_DEFAULT_SOURCE -D_XOPEN_SOURCE=600 -DNDEBUG -march=x86-64-v3 -O2 -pipe -fno-plt -fexceptions -Wp,-D_FORTIFY_SOURCE=3 -fstack-clash-protection -fcf-protection -Qunused-arguments -Wno-error=implicit-function-declaration  -DNCURSES_STATIC -g -DTRACE -c ../ncurses/comp_captab.c -o ../obj_g/comp_captab.o
clang -DHAVE_CONFIG_H -DBUILDING_NCURSES -I../ncurses -I. -I../include -D_DEFAULT_SOURCE -D_XOPEN_SOURCE=600 -DNDEBUG -march=x86-64-v3 -O2 -pipe -fno-plt -fexceptions -Wp,-D_FORTIFY_SOURCE=3 -fstack-clash-protection -fcf-protection -Qunused-arguments -Wno-error=implicit-function-declaration  -DNCURSES_STATIC -g -DTRACE -c ../ncurses/comp_userdefs.c -o ../obj_g/comp_userdefs.o
clang -DHAVE_CONFIG_H -DBUILDING_NCURSES -I../ncurses -I. -I../include -D_DEFAULT_SOURCE -D_XOPEN_SOURCE=600 -DNDEBUG -march=x86-64-v3 -O2 -pipe -fno-plt -fexceptions -Wp,-D_FORTIFY_SOURCE=3 -fstack-clash-protection -fcf-protection -Qunused-arguments -Wno-error=implicit-function-declaration  -DNCURSES_STATIC -g -DTRACE -c ../ncurses/lib_keyname.c -o ../obj_g/lib_keyname.o
clang -DHAVE_CONFIG_H -DBUILDING_NCURSES -I../ncurses -I. -I../include -D_DEFAULT_SOURCE -D_XOPEN_SOURCE=600 -DNDEBUG -march=x86-64-v3 -O2 -pipe -fno-plt -fexceptions -Wp,-D_FORTIFY_SOURCE=3 -fstack-clash-protection -fcf-protection -Qunused-arguments -Wno-error=implicit-function-declaration  -fPIC -c ../ncurses/comp_captab.c -o ../obj_s/comp_captab.o
... made make_keys
./make_keys keys.list > init_keytry.h
clang -DHAVE_CONFIG_H -DBUILDING_NCURSES -I../ncurses -I. -I../include -D_DEFAULT_SOURCE -D_XOPEN_SOURCE=600 -DNDEBUG -march=x86-64-v3 -O2 -pipe -fno-plt -fexceptions -Wp,-D_FORTIFY_SOURCE=3 -fstack-clash-protection -fcf-protection -Qunused-arguments -Wno-error=implicit-function-declaration  -fPIC -c ../ncurses/./tinfo/init_keytry.c -o ../obj_s/init_keytry.o
clang -DHAVE_CONFIG_H -DBUILDING_NCURSES -I../ncurses -I. -I../include -D_DEFAULT_SOURCE -D_XOPEN_SOURCE=600 -DNDEBUG -march=x86-64-v3 -O2 -pipe -fno-plt -fexceptions -Wp,-D_FORTIFY_SOURCE=3 -fstack-clash-protection -fcf-protection -Qunused-arguments -Wno-error=implicit-function-declaration  -DNCURSES_STATIC -c ../ncurses/./tinfo/init_keytry.c -o ../objects/init_keytry.o
clang -DHAVE_CONFIG_H -DBUILDING_NCURSES -I../ncurses -I. -I../include -D_DEFAULT_SOURCE -D_XOPEN_SOURCE=600 -DNDEBUG -march=x86-64-v3 -O2 -pipe -fno-plt -fexceptions -Wp,-D_FORTIFY_SOURCE=3 -fstack-clash-protection -fcf-protection -Qunused-arguments -Wno-error=implicit-function-declaration  -DNCURSES_STATIC -g -DTRACE -c ../ncurses/./tinfo/init_keytry.c -o ../obj_g/init_keytry.o
llvm-ar -curvU ../lib/libncursesw.a ../objects/hardscroll.o ../objects/hashmap.o ../objects/lib_addch.o ../objects/lib_addstr.o ../objects/lib_beep.o ../objects/lib_bkgd.o ../objects/lib_box.o ../objects/lib_chgat.o ../objects/lib_clear.o ../objects/lib_clearok.o ../objects/lib_clrbot.o ../objects/lib_clreol.o ../objects/lib_color.o ../objects/lib_colorset.o ../objects/lib_delch.o ../objects/lib_delwin.o ../objects/lib_echo.o ../objects/lib_endwin.o ../objects/lib_erase.o ../objects/lib_flash.o ../objects/lib_gen.o ../objects/lib_getch.o ../objects/lib_getstr.o ../objects/lib_hline.o ../objects/lib_immedok.o ../objects/lib_inchstr.o ../objects/lib_initscr.o ../objects/lib_insch.o ../objects/lib_insdel.o ../objects/lib_insnstr.o ../objects/lib_instr.o ../objects/lib_isendwin.o ../objects/lib_leaveok.o ../objects/lib_mouse.o ../objects/lib_move.o ../objects/lib_mvcur.o ../objects/lib_mvwin.o ../objects/lib_newterm.o ../objects/lib_newwin.o ../objects/lib_nl.o ../objects/lib_overlay.o ../objects/lib_pad.o ../objects/lib_printw.o ../objects/lib_redrawln.o ../objects/lib_refresh.o ../objects/lib_restart.o ../objects/lib_scanw.o ../objects/lib_screen.o ../objects/lib_scroll.o ../objects/lib_scrollok.o ../objects/lib_scrreg.o ../objects/lib_set_term.o ../objects/lib_slk.o ../objects/lib_slkatr_set.o ../objects/lib_slkatrof.o ../objects/lib_slkatron.o ../objects/lib_slkatrset.o ../objects/lib_slkattr.o ../objects/lib_slkclear.o ../objects/lib_slkcolor.o ../objects/lib_slkinit.o ../objects/lib_slklab.o ../objects/lib_slkrefr.o ../objects/lib_slkset.o ../objects/lib_slktouch.o ../objects/lib_touch.o ../objects/lib_tstp.o ../objects/lib_ungetch.o ../objects/lib_vidattr.o ../objects/lib_vline.o ../objects/lib_wattroff.o ../objects/lib_wattron.o ../objects/lib_winch.o ../objects/lib_window.o ../objects/nc_panel.o ../objects/safe_sprintf.o ../objects/tty_update.o ../objects/varargs.o ../objects/vsscanf.o ../objects/lib_freeall.o ../objects/charable.o ../objects/lib_add_wch.o ../objects/lib_box_set.o ../objects/lib_cchar.o ../objects/lib_erasewchar.o ../objects/lib_get_wch.o ../objects/lib_get_wstr.o ../objects/lib_hline_set.o ../objects/lib_in_wch.o ../objects/lib_in_wchnstr.o ../objects/lib_ins_wch.o ../objects/lib_inwstr.o ../objects/lib_key_name.o ../objects/lib_pecho_wchar.o ../objects/lib_slk_wset.o ../objects/lib_unget_wch.o ../objects/lib_vid_attr.o ../objects/lib_vline_set.o ../objects/lib_wacs.o ../objects/lib_wunctrl.o ../objects/expanded.o ../objects/legacy_coding.o ../objects/lib_dft_fgbg.o ../objects/lib_print.o ../objects/new_pair.o ../objects/resizeterm.o ../objects/use_screen.o ../objects/use_window.o ../objects/wresize.o ../objects/access.o ../objects/add_tries.o ../objects/alloc_ttype.o ../objects/codes.o ../objects/comp_captab.o ../objects/comp_error.o ../objects/comp_hash.o ../objects/comp_userdefs.o ../objects/db_iterator.o ../objects/doalloc.o ../objects/entries.o ../objects/fallback.o ../objects/free_ttype.o ../objects/getenv_num.o ../objects/home_terminfo.o ../objects/init_keytry.o ../objects/lib_acs.o ../objects/lib_baudrate.o ../objects/lib_cur_term.o ../objects/lib_data.o ../objects/lib_has_cap.o ../objects/lib_kernel.o ../objects/lib_keyname.o ../objects/lib_longname.o ../objects/lib_napms.o ../objects/lib_options.o ../objects/lib_raw.o ../objects/lib_setup.o ../objects/lib_termcap.o ../objects/lib_termname.o ../objects/lib_tgoto.o ../objects/lib_ti.o ../objects/lib_tparm.o ../objects/lib_tputs.o ../objects/lib_trace.o ../objects/lib_ttyflags.o ../objects/lib_twait.o ../objects/name_match.o ../objects/names.o ../objects/obsolete.o ../objects/read_entry.o ../objects/read_termcap.o ../objects/strings.o ../objects/tries.o ../objects/trim_sgr0.o ../objects/unctrl.o ../objects/visbuf.o ../objects/alloc_entry.o ../objects/captoinfo.o ../objects/comp_expand.o ../objects/comp_parse.o ../objects/comp_scan.o ../objects/parse_entry.o ../objects/write_entry.o ../objects/define_key.o ../objects/hashed_db.o ../objects/key_defined.o ../objects/keybound.o ../objects/keyok.o ../objects/version.o
linking ../lib/libncursesw.so.6.6
llvm-ranlib ../lib/libncursesw.a
clang -Wl,-O1 -Wl,--sort-common -Wl,--as-needed -Wl,-z,relro -Wl,-z,now -Wl,--undefined-version -Wl,--hash-style=gnu -Wl,--compress-debug-sections=zstd  -march=x86-64-v3 -O2 -pipe -fno-plt -fexceptions -Wp,-D_FORTIFY_SOURCE=3 -fstack-clash-protection -fcf-protection -Qunused-arguments -Wno-error=implicit-function-declaration  -shared -Wl,--version-script,resulting.map -Wl,-soname,`basename ../lib/libncursesw.so.6.6 .6.6`.6,-stats,-lc -o ../lib/libncursesw.so.6.6 ../obj_s/hardscroll.o ../obj_s/hashmap.o ../obj_s/lib_addch.o ../obj_s/lib_addstr.o ../obj_s/lib_beep.o ../obj_s/lib_bkgd.o ../obj_s/lib_box.o ../obj_s/lib_chgat.o ../obj_s/lib_clear.o ../obj_s/lib_clearok.o ../obj_s/lib_clrbot.o ../obj_s/lib_clreol.o ../obj_s/lib_color.o ../obj_s/lib_colorset.o ../obj_s/lib_delch.o ../obj_s/lib_delwin.o ../obj_s/lib_echo.o ../obj_s/lib_endwin.o ../obj_s/lib_erase.o ../obj_s/lib_flash.o ../obj_s/lib_gen.o ../obj_s/lib_getch.o ../obj_s/lib_getstr.o ../obj_s/lib_hline.o ../obj_s/lib_immedok.o ../obj_s/lib_inchstr.o ../obj_s/lib_initscr.o ../obj_s/lib_insch.o ../obj_s/lib_insdel.o ../obj_s/lib_insnstr.o ../obj_s/lib_instr.o ../obj_s/lib_isendwin.o ../obj_s/lib_leaveok.o ../obj_s/lib_mouse.o ../obj_s/lib_move.o ../obj_s/lib_mvcur.o ../obj_s/lib_mvwin.o ../obj_s/lib_newterm.o ../obj_s/lib_newwin.o ../obj_s/lib_nl.o ../obj_s/lib_overlay.o ../obj_s/lib_pad.o ../obj_s/lib_printw.o ../obj_s/lib_redrawln.o ../obj_s/lib_refresh.o ../obj_s/lib_restart.o ../obj_s/lib_scanw.o ../obj_s/lib_screen.o ../obj_s/lib_scroll.o ../obj_s/lib_scrollok.o ../obj_s/lib_scrreg.o ../obj_s/lib_set_term.o ../obj_s/lib_slk.o ../obj_s/lib_slkatr_set.o ../obj_s/lib_slkatrof.o ../obj_s/lib_slkatron.o ../obj_s/lib_slkatrset.o ../obj_s/lib_slkattr.o ../obj_s/lib_slkclear.o ../obj_s/lib_slkcolor.o ../obj_s/lib_slkinit.o ../obj_s/lib_slklab.o ../obj_s/lib_slkrefr.o ../obj_s/lib_slkset.o ../obj_s/lib_slktouch.o ../obj_s/lib_touch.o ../obj_s/lib_tstp.o ../obj_s/lib_ungetch.o ../obj_s/lib_vidattr.o ../obj_s/lib_vline.o ../obj_s/lib_wattroff.o ../obj_s/lib_wattron.o ../obj_s/lib_winch.o ../obj_s/lib_window.o ../obj_s/nc_panel.o ../obj_s/safe_sprintf.o ../obj_s/tty_update.o ../obj_s/varargs.o ../obj_s/vsscanf.o ../obj_s/lib_freeall.o ../obj_s/charable.o ../obj_s/lib_add_wch.o ../obj_s/lib_box_set.o ../obj_s/lib_cchar.o ../obj_s/lib_erasewchar.o ../obj_s/lib_get_wch.o ../obj_s/lib_get_wstr.o ../obj_s/lib_hline_set.o ../obj_s/lib_in_wch.o ../obj_s/lib_in_wchnstr.o ../obj_s/lib_ins_wch.o ../obj_s/lib_inwstr.o ../obj_s/lib_key_name.o ../obj_s/lib_pecho_wchar.o ../obj_s/lib_slk_wset.o ../obj_s/lib_unget_wch.o ../obj_s/lib_vid_attr.o ../obj_s/lib_vline_set.o ../obj_s/lib_wacs.o ../obj_s/lib_wunctrl.o ../obj_s/expanded.o ../obj_s/legacy_coding.o ../obj_s/lib_dft_fgbg.o ../obj_s/lib_print.o ../obj_s/new_pair.o ../obj_s/resizeterm.o ../obj_s/use_screen.o ../obj_s/use_window.o ../obj_s/wresize.o ../obj_s/access.o ../obj_s/add_tries.o ../obj_s/alloc_ttype.o ../obj_s/codes.o ../obj_s/comp_captab.o ../obj_s/comp_error.o ../obj_s/comp_hash.o ../obj_s/comp_userdefs.o ../obj_s/db_iterator.o ../obj_s/doalloc.o ../obj_s/entries.o ../obj_s/fallback.o ../obj_s/free_ttype.o ../obj_s/getenv_num.o ../obj_s/home_terminfo.o ../obj_s/init_keytry.o ../obj_s/lib_acs.o ../obj_s/lib_baudrate.o ../obj_s/lib_cur_term.o ../obj_s/lib_data.o ../obj_s/lib_has_cap.o ../obj_s/lib_kernel.o ../obj_s/lib_keyname.o ../obj_s/lib_longname.o ../obj_s/lib_napms.o ../obj_s/lib_options.o ../obj_s/lib_raw.o ../obj_s/lib_setup.o ../obj_s/lib_termcap.o ../obj_s/lib_termname.o ../obj_s/lib_tgoto.o ../obj_s/lib_ti.o ../obj_s/lib_tparm.o ../obj_s/lib_tputs.o ../obj_s/lib_trace.o ../obj_s/lib_ttyflags.o ../obj_s/lib_twait.o ../obj_s/name_match.o ../obj_s/names.o ../obj_s/obsolete.o ../obj_s/read_entry.o ../obj_s/read_termcap.o ../obj_s/strings.o ../obj_s/tries.o ../obj_s/trim_sgr0.o ../obj_s/unctrl.o ../obj_s/visbuf.o ../obj_s/alloc_entry.o ../obj_s/captoinfo.o ../obj_s/comp_expand.o ../obj_s/comp_parse.o ../obj_s/comp_scan.o ../obj_s/parse_entry.o ../obj_s/write_entry.o ../obj_s/define_key.o ../obj_s/hashed_db.o ../obj_s/key_defined.o ../obj_s/keybound.o ../obj_s/keyok.o ../obj_s/version.o -L../lib  
cd ../lib && (ln -s -f libncursesw.so.6.6 libncursesw.so.6; ln -s -f libncursesw.so.6 libncursesw.so; )
llvm-ar -curvU ../lib/libncursesw_g.a ../obj_g/hardscroll.o ../obj_g/hashmap.o ../obj_g/lib_addch.o ../obj_g/lib_addstr.o ../obj_g/lib_beep.o ../obj_g/lib_bkgd.o ../obj_g/lib_box.o ../obj_g/lib_chgat.o ../obj_g/lib_clear.o ../obj_g/lib_clearok.o ../obj_g/lib_clrbot.o ../obj_g/lib_clreol.o ../obj_g/lib_color.o ../obj_g/lib_colorset.o ../obj_g/lib_delch.o ../obj_g/lib_delwin.o ../obj_g/lib_echo.o ../obj_g/lib_endwin.o ../obj_g/lib_erase.o ../obj_g/lib_flash.o ../obj_g/lib_gen.o ../obj_g/lib_getch.o ../obj_g/lib_getstr.o ../obj_g/lib_hline.o ../obj_g/lib_immedok.o ../obj_g/lib_inchstr.o ../obj_g/lib_initscr.o ../obj_g/lib_insch.o ../obj_g/lib_insdel.o ../obj_g/lib_insnstr.o ../obj_g/lib_instr.o ../obj_g/lib_isendwin.o ../obj_g/lib_leaveok.o ../obj_g/lib_mouse.o ../obj_g/lib_move.o ../obj_g/lib_mvcur.o ../obj_g/lib_mvwin.o ../obj_g/lib_newterm.o ../obj_g/lib_newwin.o ../obj_g/lib_nl.o ../obj_g/lib_overlay.o ../obj_g/lib_pad.o ../obj_g/lib_printw.o ../obj_g/lib_redrawln.o ../obj_g/lib_refresh.o ../obj_g/lib_restart.o ../obj_g/lib_scanw.o ../obj_g/lib_screen.o ../obj_g/lib_scroll.o ../obj_g/lib_scrollok.o ../obj_g/lib_scrreg.o ../obj_g/lib_set_term.o ../obj_g/lib_slk.o ../obj_g/lib_slkatr_set.o ../obj_g/lib_slkatrof.o ../obj_g/lib_slkatron.o ../obj_g/lib_slkatrset.o ../obj_g/lib_slkattr.o ../obj_g/lib_slkclear.o ../obj_g/lib_slkcolor.o ../obj_g/lib_slkinit.o ../obj_g/lib_slklab.o ../obj_g/lib_slkrefr.o ../obj_g/lib_slkset.o ../obj_g/lib_slktouch.o ../obj_g/lib_touch.o ../obj_g/lib_tracedmp.o ../obj_g/lib_tracemse.o ../obj_g/lib_tstp.o ../obj_g/lib_ungetch.o ../obj_g/lib_vidattr.o ../obj_g/lib_vline.o ../obj_g/lib_wattroff.o ../obj_g/lib_wattron.o ../obj_g/lib_winch.o ../obj_g/lib_window.o ../obj_g/nc_panel.o ../obj_g/safe_sprintf.o ../obj_g/tty_update.o ../obj_g/varargs.o ../obj_g/vsscanf.o ../obj_g/lib_freeall.o ../obj_g/charable.o ../obj_g/lib_add_wch.o ../obj_g/lib_box_set.o ../obj_g/lib_cchar.o ../obj_g/lib_erasewchar.o ../obj_g/lib_get_wch.o ../obj_g/lib_get_wstr.o ../obj_g/lib_hline_set.o ../obj_g/lib_in_wch.o ../obj_g/lib_in_wchnstr.o ../obj_g/lib_ins_wch.o ../obj_g/lib_inwstr.o ../obj_g/lib_key_name.o ../obj_g/lib_pecho_wchar.o ../obj_g/lib_slk_wset.o ../obj_g/lib_unget_wch.o ../obj_g/lib_vid_attr.o ../obj_g/lib_vline_set.o ../obj_g/lib_wacs.o ../obj_g/lib_wunctrl.o ../obj_g/expanded.o ../obj_g/legacy_coding.o ../obj_g/lib_dft_fgbg.o ../obj_g/lib_print.o ../obj_g/new_pair.o ../obj_g/resizeterm.o ../obj_g/trace_xnames.o ../obj_g/use_screen.o ../obj_g/use_window.o ../obj_g/wresize.o ../obj_g/access.o ../obj_g/add_tries.o ../obj_g/alloc_ttype.o ../obj_g/codes.o ../obj_g/comp_captab.o ../obj_g/comp_error.o ../obj_g/comp_hash.o ../obj_g/comp_userdefs.o ../obj_g/db_iterator.o ../obj_g/doalloc.o ../obj_g/entries.o ../obj_g/fallback.o ../obj_g/free_ttype.o ../obj_g/getenv_num.o ../obj_g/home_terminfo.o ../obj_g/init_keytry.o ../obj_g/lib_acs.o ../obj_g/lib_baudrate.o ../obj_g/lib_cur_term.o ../obj_g/lib_data.o ../obj_g/lib_has_cap.o ../obj_g/lib_kernel.o ../obj_g/lib_keyname.o ../obj_g/lib_longname.o ../obj_g/lib_napms.o ../obj_g/lib_options.o ../obj_g/lib_raw.o ../obj_g/lib_setup.o ../obj_g/lib_termcap.o ../obj_g/lib_termname.o ../obj_g/lib_tgoto.o ../obj_g/lib_ti.o ../obj_g/lib_tparm.o ../obj_g/lib_tputs.o ../obj_g/lib_trace.o ../obj_g/lib_traceatr.o ../obj_g/lib_tracebits.o ../obj_g/lib_tracechr.o ../obj_g/lib_ttyflags.o ../obj_g/lib_twait.o ../obj_g/name_match.o ../obj_g/names.o ../obj_g/obsolete.o ../obj_g/read_entry.o ../obj_g/read_termcap.o ../obj_g/strings.o ../obj_g/trace_buf.o ../obj_g/trace_tries.o ../obj_g/tries.o ../obj_g/trim_sgr0.o ../obj_g/unctrl.o ../obj_g/visbuf.o ../obj_g/alloc_entry.o ../obj_g/captoinfo.o ../obj_g/comp_expand.o ../obj_g/comp_parse.o ../obj_g/comp_scan.o ../obj_g/parse_entry.o ../obj_g/write_entry.o ../obj_g/define_key.o ../obj_g/hashed_db.o ../obj_g/key_defined.o ../obj_g/keybound.o ../obj_g/keyok.o ../obj_g/version.o
llvm-ranlib ../lib/libncursesw_g.a
clang -o report_offsets -DHAVE_CONFIG_H -DUSE_BUILD_CC -I../ncurses -I. -I../include -I./../include -DHAVE_CONFIG_H -DBUILDING_NCURSES -I../ncurses -I. -I../include -D_DEFAULT_SOURCE -D_XOPEN_SOURCE=600 -DNDEBUG -march=x86-64-v3 -O2 -pipe -fno-plt -fexceptions -Wp,-D_FORTIFY_SOURCE=3 -fstack-clash-protection -fcf-protection -Qunused-arguments -Wno-error=implicit-function-declaration  ./report_offsets.c -Wl,-O1 -Wl,--sort-common -Wl,--as-needed -Wl,-z,relro -Wl,-z,now -Wl,--undefined-version -Wl,--hash-style=gnu -Wl,--compress-debug-sections=zstd  
... made report_offsets
./report_offsets
Size/offsets of data structures:
    4   attr_t
    4   chtype
   28   cchar_t
   28   color_t
   20   colorpair_t
    4   mmask_t
    4   rgb_bits_t
   20   MEVENT
    1   NCURSES_BOOL
   24   TRIES

Sizes of buffers/arrays:
    5   CCHARW_MAX
    8   EV_MAX
  137   FIFO_SIZE
  256   NAMESIZE
   16   MB_LEN_MAX
 4096   PATH_MAX

 1576   SCREEN
    0   SCREEN._ifd
  172   SCREEN._fifo
  720   SCREEN._fifohead
  940   SCREEN._direct_color
 1272   SCREEN._panelHook
 1368   SCREEN.jump
 1496   SCREEN.rsp
 1508 + SCREEN._no_padding
 1509 + SCREEN._use_ritm
 1510 + SCREEN._assumed_color
 1528 + SCREEN._resize
 1544 n SCREEN._windowlist
 1552 s SCREEN.use_tioctl
 1553 w SCREEN._screen_acs_fix
 1560 c SCREEN._ordered_pairs

  760   TERMINAL
    0   TERMINAL.type
   72   TERMINAL.Filedes
   76   TERMINAL.Ottyb
  136   TERMINAL.Nttyb
  196   TERMINAL._baudrate
  200   TERMINAL._termname
  208   TERMINAL.tparm_state
  688 c TERMINAL.type2

   72   TERMTYPE
   40 + TERMTYPE.ext_str_table
   66 + TERMTYPE.ext_Strings

  480   TPARM_STATE
    8   TPARM_STATE.stack
  328   TPARM_STATE.stack_ptr
  336   TPARM_STATE.out_buff
  360   TPARM_STATE.fmt_buff
  376   TPARM_STATE.static_vars

  120   WINDOW
   88 w WINDOW._bkgrnd
  116 c WINDOW._color

  480   NCURSES_GLOBALS
   12   NCURSES_GLOBALS.init_signals
  112   NCURSES_GLOBALS.tgetent_cache
  328   NCURSES_GLOBALS.dbd_vars
  424   NCURSES_GLOBALS.cached_tparm
  440 + NCURSES_GLOBALS.home_terminfo
  452 + NCURSES_GLOBALS.safeprint_rows
  456 w NCURSES_GLOBALS.key_name

  656   NCURSES_PRESCREEN
   16   NCURSES_PRESCREEN.tparm_state
  496   NCURSES_PRESCREEN.saved_tty
  504   NCURSES_PRESCREEN.use_tioctl
  512   NCURSES_PRESCREEN._outch
  520 n NCURSES_PRESCREEN.rippedoff
  648 + NCURSES_PRESCREEN._no_padding
make[1]: Leaving directory '/home/builder/build/src/ncurses/ncurses'
( cd progs && make DESTDIR="" RPATH_LIST="/usr/lib" all )
make[1]: Entering directory '/home/builder/build/src/ncurses/progs'
/bin/sh ./MKtermsort.sh gawk ./../include/Caps >termsort.h
echo "#ifndef __TRANSFORM_H"					>transform.h
clang -DHAVE_CONFIG_H -DACTUAL_TIC="\"`echo tic|       sed 's/$//'|sed 's,x,x,'|sed 's/$//'`\"" -I../progs -I../ncurses -I../ncurses -I. -I../include -D_DEFAULT_SOURCE -D_XOPEN_SOURCE=600 -DNDEBUG -march=x86-64-v3 -O2 -pipe -fno-plt -fexceptions -Wp,-D_FORTIFY_SOURCE=3 -fstack-clash-protection -fcf-protection -Qunused-arguments -Wno-error=implicit-function-declaration  -fPIC -c ../progs/tparm_type.c -o ../obj_s/tparm_type.o
clang -DHAVE_CONFIG_H -DACTUAL_TIC="\"`echo tic|       sed 's/$//'|sed 's,x,x,'|sed 's/$//'`\"" -I../progs -I../ncurses -I../ncurses -I. -I../include -D_DEFAULT_SOURCE -D_XOPEN_SOURCE=600 -DNDEBUG -march=x86-64-v3 -O2 -pipe -fno-plt -fexceptions -Wp,-D_FORTIFY_SOURCE=3 -fstack-clash-protection -fcf-protection -Qunused-arguments -Wno-error=implicit-function-declaration  -fPIC -c ../progs/infocmp.c -o ../obj_s/infocmp.o
clang -DHAVE_CONFIG_H -DACTUAL_TIC="\"`echo tic|       sed 's/$//'|sed 's,x,x,'|sed 's/$//'`\"" -I../progs -I../ncurses -I../ncurses -I. -I../include -D_DEFAULT_SOURCE -D_XOPEN_SOURCE=600 -DNDEBUG -march=x86-64-v3 -O2 -pipe -fno-plt -fexceptions -Wp,-D_FORTIFY_SOURCE=3 -fstack-clash-protection -fcf-protection -Qunused-arguments -Wno-error=implicit-function-declaration  -fPIC -c ../progs/clear.c -o ../obj_s/clear.o
clang -DHAVE_CONFIG_H -DACTUAL_TIC="\"`echo tic|       sed 's/$//'|sed 's,x,x,'|sed 's/$//'`\"" -I../progs -I../ncurses -I../ncurses -I. -I../include -D_DEFAULT_SOURCE -D_XOPEN_SOURCE=600 -DNDEBUG -march=x86-64-v3 -O2 -pipe -fno-plt -fexceptions -Wp,-D_FORTIFY_SOURCE=3 -fstack-clash-protection -fcf-protection -Qunused-arguments -Wno-error=implicit-function-declaration  -fPIC -c ../progs/clear_cmd.c -o ../obj_s/clear_cmd.o
echo "#define __TRANSFORM_H 1"					>>transform.h
clang -DHAVE_CONFIG_H -DACTUAL_TIC="\"`echo tic|       sed 's/$//'|sed 's,x,x,'|sed 's/$//'`\"" -I../progs -I../ncurses -I../ncurses -I. -I../include -D_DEFAULT_SOURCE -D_XOPEN_SOURCE=600 -DNDEBUG -march=x86-64-v3 -O2 -pipe -fno-plt -fexceptions -Wp,-D_FORTIFY_SOURCE=3 -fstack-clash-protection -fcf-protection -Qunused-arguments -Wno-error=implicit-function-declaration  -fPIC -c ../progs/tty_settings.c -o ../obj_s/tty_settings.o
clang -DHAVE_CONFIG_H -DACTUAL_TIC="\"`echo tic|       sed 's/$//'|sed 's,x,x,'|sed 's/$//'`\"" -I../progs -I../ncurses -I../ncurses -I. -I../include -D_DEFAULT_SOURCE -D_XOPEN_SOURCE=600 -DNDEBUG -march=x86-64-v3 -O2 -pipe -fno-plt -fexceptions -Wp,-D_FORTIFY_SOURCE=3 -fstack-clash-protection -fcf-protection -Qunused-arguments -Wno-error=implicit-function-declaration  -fPIC -c ../progs/tabs.c -o ../obj_s/tabs.o
clang -DHAVE_CONFIG_H -DACTUAL_TIC="\"`echo tic|       sed 's/$//'|sed 's,x,x,'|sed 's/$//'`\"" -I../progs -I../ncurses -I../ncurses -I. -I../include -D_DEFAULT_SOURCE -D_XOPEN_SOURCE=600 -DNDEBUG -march=x86-64-v3 -O2 -pipe -fno-plt -fexceptions -Wp,-D_FORTIFY_SOURCE=3 -fstack-clash-protection -fcf-protection -Qunused-arguments -Wno-error=implicit-function-declaration  -fPIC -c ../progs/reset_cmd.c -o ../obj_s/reset_cmd.o
clang -DHAVE_CONFIG_H -DACTUAL_TIC="\"`echo tic|       sed 's/$//'|sed 's,x,x,'|sed 's/$//'`\"" -I../progs -I../ncurses -I../ncurses -I. -I../include -D_DEFAULT_SOURCE -D_XOPEN_SOURCE=600 -DNDEBUG -march=x86-64-v3 -O2 -pipe -fno-plt -fexceptions -Wp,-D_FORTIFY_SOURCE=3 -fstack-clash-protection -fcf-protection -Qunused-arguments -Wno-error=implicit-function-declaration  -fPIC -c ../progs/toe.c -o ../obj_s/toe.o
echo "#include <progs.priv.h>"					>>transform.h
echo "extern bool same_program(const char *, const char *);"	>>transform.h
/bin/sh -c 'if test -n "" ; then echo "#define SUFFIX_IGNORED \"\"">>transform.h; fi'
echo "#define PROG_CAPTOINFO \"`echo captoinfo|   sed 's/$//'|sed 's,x,x,'|sed 's/$//'`\""		>>transform.h
echo "#define PROG_INFOTOCAP \"`echo infotocap|   sed 's/$//'|sed 's,x,x,'|sed 's/$//'`\""		>>transform.h
echo "#define PROG_CLEAR     \"`echo clear|       sed 's/$//'|sed 's,x,x,'|sed 's/$//'`\""		>>transform.h
echo "#define PROG_RESET     \"`echo reset|       sed 's/$//'|sed 's,x,x,'|sed 's/$//'`\""		>>transform.h
echo "#define PROG_INIT      \"`echo init|        sed 's/$//'|sed 's,x,x,'|sed 's/$//'`\""		>>transform.h
echo "#endif /* __TRANSFORM_H */"				>>transform.h
clang -DHAVE_CONFIG_H -DACTUAL_TIC="\"`echo tic|       sed 's/$//'|sed 's,x,x,'|sed 's/$//'`\"" -I../progs -I../ncurses -I../ncurses -I. -I../include -D_DEFAULT_SOURCE -D_XOPEN_SOURCE=600 -DNDEBUG -march=x86-64-v3 -O2 -pipe -fno-plt -fexceptions -Wp,-D_FORTIFY_SOURCE=3 -fstack-clash-protection -fcf-protection -Qunused-arguments -Wno-error=implicit-function-declaration  -fPIC -c ../progs/tic.c -o ../obj_s/tic.o
clang -DHAVE_CONFIG_H -DACTUAL_TIC="\"`echo tic|       sed 's/$//'|sed 's,x,x,'|sed 's/$//'`\"" -I../progs -I../ncurses -I../ncurses -I. -I../include -D_DEFAULT_SOURCE -D_XOPEN_SOURCE=600 -DNDEBUG -march=x86-64-v3 -O2 -pipe -fno-plt -fexceptions -Wp,-D_FORTIFY_SOURCE=3 -fstack-clash-protection -fcf-protection -Qunused-arguments -Wno-error=implicit-function-declaration  -fPIC -c ../progs/transform.c -o ../obj_s/transform.o
clang -DHAVE_CONFIG_H -DACTUAL_TIC="\"`echo tic|       sed 's/$//'|sed 's,x,x,'|sed 's/$//'`\"" -I../progs -I../ncurses -I../ncurses -I. -I../include -D_DEFAULT_SOURCE -D_XOPEN_SOURCE=600 -DNDEBUG -march=x86-64-v3 -O2 -pipe -fno-plt -fexceptions -Wp,-D_FORTIFY_SOURCE=3 -fstack-clash-protection -fcf-protection -Qunused-arguments -Wno-error=implicit-function-declaration  -fPIC -c ../progs/tput.c -o ../obj_s/tput.o
clang -DHAVE_CONFIG_H -DACTUAL_TIC="\"`echo tic|       sed 's/$//'|sed 's,x,x,'|sed 's/$//'`\"" -I../progs -I../ncurses -I../ncurses -I. -I../include -D_DEFAULT_SOURCE -D_XOPEN_SOURCE=600 -DNDEBUG -march=x86-64-v3 -O2 -pipe -fno-plt -fexceptions -Wp,-D_FORTIFY_SOURCE=3 -fstack-clash-protection -fcf-protection -Qunused-arguments -Wno-error=implicit-function-declaration  -fPIC -c ../progs/tset.c -o ../obj_s/tset.o
clang -DHAVE_CONFIG_H -DACTUAL_TIC="\"`echo tic|       sed 's/$//'|sed 's,x,x,'|sed 's/$//'`\"" -I../progs -I../ncurses -I../ncurses -I. -I../include -D_DEFAULT_SOURCE -D_XOPEN_SOURCE=600 -DNDEBUG -march=x86-64-v3 -O2 -pipe -fno-plt -fexceptions -Wp,-D_FORTIFY_SOURCE=3 -fstack-clash-protection -fcf-protection -Qunused-arguments -Wno-error=implicit-function-declaration  -fPIC -c ../progs/dump_entry.c -o ../obj_s/dump_entry.o
clang ../obj_s/clear.o ../obj_s/clear_cmd.o ../obj_s/tty_settings.o -L../lib -Wl,-O1 -Wl,--sort-common -Wl,--as-needed -Wl,-z,relro -Wl,-z,now -Wl,--undefined-version -Wl,--hash-style=gnu -Wl,--compress-debug-sections=zstd -DHAVE_CONFIG_H -DACTUAL_TIC="\"`echo tic|       sed 's/$//'|sed 's,x,x,'|sed 's/$//'`\"" -I../progs -I../ncurses -I../ncurses -I. -I../include -D_DEFAULT_SOURCE -D_XOPEN_SOURCE=600 -DNDEBUG -march=x86-64-v3 -O2 -pipe -fno-plt -fexceptions -Wp,-D_FORTIFY_SOURCE=3 -fstack-clash-protection -fcf-protection -Qunused-arguments -Wno-error=implicit-function-declaration  -fPIC  -lncursesw    -o clear
clang ../obj_s/tabs.o ../obj_s/tty_settings.o -L../lib -Wl,-O1 -Wl,--sort-common -Wl,--as-needed -Wl,-z,relro -Wl,-z,now -Wl,--undefined-version -Wl,--hash-style=gnu -Wl,--compress-debug-sections=zstd -DHAVE_CONFIG_H -DACTUAL_TIC="\"`echo tic|       sed 's/$//'|sed 's,x,x,'|sed 's/$//'`\"" -I../progs -I../ncurses -I../ncurses -I. -I../include -D_DEFAULT_SOURCE -D_XOPEN_SOURCE=600 -DNDEBUG -march=x86-64-v3 -O2 -pipe -fno-plt -fexceptions -Wp,-D_FORTIFY_SOURCE=3 -fstack-clash-protection -fcf-protection -Qunused-arguments -Wno-error=implicit-function-declaration  -fPIC  -lncursesw    -o tabs
clang ../obj_s/toe.o -L../lib -Wl,-O1 -Wl,--sort-common -Wl,--as-needed -Wl,-z,relro -Wl,-z,now -Wl,--undefined-version -Wl,--hash-style=gnu -Wl,--compress-debug-sections=zstd -DHAVE_CONFIG_H -DACTUAL_TIC="\"`echo tic|       sed 's/$//'|sed 's,x,x,'|sed 's/$//'`\"" -I../progs -I../ncurses -I../ncurses -I. -I../include -D_DEFAULT_SOURCE -D_XOPEN_SOURCE=600 -DNDEBUG -march=x86-64-v3 -O2 -pipe -fno-plt -fexceptions -Wp,-D_FORTIFY_SOURCE=3 -fstack-clash-protection -fcf-protection -Qunused-arguments -Wno-error=implicit-function-declaration  -fPIC  -L../lib  -lncursesw -lncursesw    -o toe
clang ../obj_s/tput.o ../obj_s/clear_cmd.o ../obj_s/reset_cmd.o ../obj_s/tparm_type.o ../obj_s/transform.o ../obj_s/tty_settings.o -L../lib -Wl,-O1 -Wl,--sort-common -Wl,--as-needed -Wl,-z,relro -Wl,-z,now -Wl,--undefined-version -Wl,--hash-style=gnu -Wl,--compress-debug-sections=zstd -DHAVE_CONFIG_H -DACTUAL_TIC="\"`echo tic|       sed 's/$//'|sed 's,x,x,'|sed 's/$//'`\"" -I../progs -I../ncurses -I../ncurses -I. -I../include -D_DEFAULT_SOURCE -D_XOPEN_SOURCE=600 -DNDEBUG -march=x86-64-v3 -O2 -pipe -fno-plt -fexceptions -Wp,-D_FORTIFY_SOURCE=3 -fstack-clash-protection -fcf-protection -Qunused-arguments -Wno-error=implicit-function-declaration  -fPIC  -lncursesw    -o tput
clang ../obj_s/tset.o ../obj_s/reset_cmd.o ../obj_s/transform.o ../obj_s/tty_settings.o -L../lib -Wl,-O1 -Wl,--sort-common -Wl,--as-needed -Wl,-z,relro -Wl,-z,now -Wl,--undefined-version -Wl,--hash-style=gnu -Wl,--compress-debug-sections=zstd -DHAVE_CONFIG_H -DACTUAL_TIC="\"`echo tic|       sed 's/$//'|sed 's,x,x,'|sed 's/$//'`\"" -I../progs -I../ncurses -I../ncurses -I. -I../include -D_DEFAULT_SOURCE -D_XOPEN_SOURCE=600 -DNDEBUG -march=x86-64-v3 -O2 -pipe -fno-plt -fexceptions -Wp,-D_FORTIFY_SOURCE=3 -fstack-clash-protection -fcf-protection -Qunused-arguments -Wno-error=implicit-function-declaration  -fPIC  -lncursesw    -o tset
clang ../obj_s/infocmp.o ../obj_s/dump_entry.o -L../lib -Wl,-O1 -Wl,--sort-common -Wl,--as-needed -Wl,-z,relro -Wl,-z,now -Wl,--undefined-version -Wl,--hash-style=gnu -Wl,--compress-debug-sections=zstd -DHAVE_CONFIG_H -DACTUAL_TIC="\"`echo tic|       sed 's/$//'|sed 's,x,x,'|sed 's/$//'`\"" -I../progs -I../ncurses -I../ncurses -I. -I../include -D_DEFAULT_SOURCE -D_XOPEN_SOURCE=600 -DNDEBUG -march=x86-64-v3 -O2 -pipe -fno-plt -fexceptions -Wp,-D_FORTIFY_SOURCE=3 -fstack-clash-protection -fcf-protection -Qunused-arguments -Wno-error=implicit-function-declaration  -fPIC  -L../lib  -lncursesw -lncursesw    -o infocmp
clang ../obj_s/tic.o ../obj_s/dump_entry.o ../obj_s/tparm_type.o ../obj_s/transform.o -L../lib -Wl,-O1 -Wl,--sort-common -Wl,--as-needed -Wl,-z,relro -Wl,-z,now -Wl,--undefined-version -Wl,--hash-style=gnu -Wl,--compress-debug-sections=zstd -DHAVE_CONFIG_H -DACTUAL_TIC="\"`echo tic|       sed 's/$//'|sed 's,x,x,'|sed 's/$//'`\"" -I../progs -I../ncurses -I../ncurses -I. -I../include -D_DEFAULT_SOURCE -D_XOPEN_SOURCE=600 -DNDEBUG -march=x86-64-v3 -O2 -pipe -fno-plt -fexceptions -Wp,-D_FORTIFY_SOURCE=3 -fstack-clash-protection -fcf-protection -Qunused-arguments -Wno-error=implicit-function-declaration  -fPIC  -L../lib  -lncursesw -lncursesw    -o tic
make[1]: Leaving directory '/home/builder/build/src/ncurses/progs'
( cd panel && make DESTDIR="" RPATH_LIST="/usr/lib" all )
make[1]: Entering directory '/home/builder/build/src/ncurses/panel'
rm -f ../include/panel.h
gawk 'BEGIN { skip = 1; last=""; } /deprecated in ABI6/ { next; }{ sub("NCURSES([WT]+)?", "&6"); } { if ( last != "" && ( skip == 0 || $0 !~ /}/ ) ) { print last; } skip = 0; last = $0; } END { print last; }' < "../package/ncursesw.map" >resulting.map
clang -I../ncurses -DHAVE_CONFIG_H -DBUILDING_PANEL -I. -I../include -D_DEFAULT_SOURCE -D_XOPEN_SOURCE=600 -DNDEBUG -march=x86-64-v3 -O2 -pipe -fno-plt -fexceptions -Wp,-D_FORTIFY_SOURCE=3 -fstack-clash-protection -fcf-protection -Qunused-arguments -Wno-error=implicit-function-declaration  -fPIC -c ../panel/panel.c -o ../obj_s/panel.o
clang -I../ncurses -DHAVE_CONFIG_H -DBUILDING_PANEL -I. -I../include -D_DEFAULT_SOURCE -D_XOPEN_SOURCE=600 -DNDEBUG -march=x86-64-v3 -O2 -pipe -fno-plt -fexceptions -Wp,-D_FORTIFY_SOURCE=3 -fstack-clash-protection -fcf-protection -Qunused-arguments -Wno-error=implicit-function-declaration  -fPIC -c ../panel/p_above.c -o ../obj_s/p_above.o
clang -I../ncurses -DHAVE_CONFIG_H -DBUILDING_PANEL -I. -I../include -D_DEFAULT_SOURCE -D_XOPEN_SOURCE=600 -DNDEBUG -march=x86-64-v3 -O2 -pipe -fno-plt -fexceptions -Wp,-D_FORTIFY_SOURCE=3 -fstack-clash-protection -fcf-protection -Qunused-arguments -Wno-error=implicit-function-declaration  -fPIC -c ../panel/p_below.c -o ../obj_s/p_below.o
clang -I../ncurses -DHAVE_CONFIG_H -DBUILDING_PANEL -I. -I../include -D_DEFAULT_SOURCE -D_XOPEN_SOURCE=600 -DNDEBUG -march=x86-64-v3 -O2 -pipe -fno-plt -fexceptions -Wp,-D_FORTIFY_SOURCE=3 -fstack-clash-protection -fcf-protection -Qunused-arguments -Wno-error=implicit-function-declaration  -fPIC -c ../panel/p_bottom.c -o ../obj_s/p_bottom.o
clang -I../ncurses -DHAVE_CONFIG_H -DBUILDING_PANEL -I. -I../include -D_DEFAULT_SOURCE -D_XOPEN_SOURCE=600 -DNDEBUG -march=x86-64-v3 -O2 -pipe -fno-plt -fexceptions -Wp,-D_FORTIFY_SOURCE=3 -fstack-clash-protection -fcf-protection -Qunused-arguments -Wno-error=implicit-function-declaration  -fPIC -c ../panel/p_delete.c -o ../obj_s/p_delete.o
clang -I../ncurses -DHAVE_CONFIG_H -DBUILDING_PANEL -I. -I../include -D_DEFAULT_SOURCE -D_XOPEN_SOURCE=600 -DNDEBUG -march=x86-64-v3 -O2 -pipe -fno-plt -fexceptions -Wp,-D_FORTIFY_SOURCE=3 -fstack-clash-protection -fcf-protection -Qunused-arguments -Wno-error=implicit-function-declaration  -fPIC -c ../panel/p_hide.c -o ../obj_s/p_hide.o
clang -I../ncurses -DHAVE_CONFIG_H -DBUILDING_PANEL -I. -I../include -D_DEFAULT_SOURCE -D_XOPEN_SOURCE=600 -DNDEBUG -march=x86-64-v3 -O2 -pipe -fno-plt -fexceptions -Wp,-D_FORTIFY_SOURCE=3 -fstack-clash-protection -fcf-protection -Qunused-arguments -Wno-error=implicit-function-declaration  -fPIC -c ../panel/p_hidden.c -o ../obj_s/p_hidden.o
clang -I../ncurses -DHAVE_CONFIG_H -DBUILDING_PANEL -I. -I../include -D_DEFAULT_SOURCE -D_XOPEN_SOURCE=600 -DNDEBUG -march=x86-64-v3 -O2 -pipe -fno-plt -fexceptions -Wp,-D_FORTIFY_SOURCE=3 -fstack-clash-protection -fcf-protection -Qunused-arguments -Wno-error=implicit-function-declaration  -fPIC -c ../panel/p_move.c -o ../obj_s/p_move.o
clang -I../ncurses -DHAVE_CONFIG_H -DBUILDING_PANEL -I. -I../include -D_DEFAULT_SOURCE -D_XOPEN_SOURCE=600 -DNDEBUG -march=x86-64-v3 -O2 -pipe -fno-plt -fexceptions -Wp,-D_FORTIFY_SOURCE=3 -fstack-clash-protection -fcf-protection -Qunused-arguments -Wno-error=implicit-function-declaration  -fPIC -c ../panel/p_new.c -o ../obj_s/p_new.o
cp ./panel.h ../include/panel.h
clang -I../ncurses -DHAVE_CONFIG_H -DBUILDING_PANEL -I. -I../include -D_DEFAULT_SOURCE -D_XOPEN_SOURCE=600 -DNDEBUG -march=x86-64-v3 -O2 -pipe -fno-plt -fexceptions -Wp,-D_FORTIFY_SOURCE=3 -fstack-clash-protection -fcf-protection -Qunused-arguments -Wno-error=implicit-function-declaration  -fPIC -c ../panel/p_replace.c -o ../obj_s/p_replace.o
clang -I../ncurses -DHAVE_CONFIG_H -DBUILDING_PANEL -I. -I../include -D_DEFAULT_SOURCE -D_XOPEN_SOURCE=600 -DNDEBUG -march=x86-64-v3 -O2 -pipe -fno-plt -fexceptions -Wp,-D_FORTIFY_SOURCE=3 -fstack-clash-protection -fcf-protection -Qunused-arguments -Wno-error=implicit-function-declaration  -fPIC -c ../panel/p_show.c -o ../obj_s/p_show.o
clang -I../ncurses -DHAVE_CONFIG_H -DBUILDING_PANEL -I. -I../include -D_DEFAULT_SOURCE -D_XOPEN_SOURCE=600 -DNDEBUG -march=x86-64-v3 -O2 -pipe -fno-plt -fexceptions -Wp,-D_FORTIFY_SOURCE=3 -fstack-clash-protection -fcf-protection -Qunused-arguments -Wno-error=implicit-function-declaration  -fPIC -c ../panel/p_top.c -o ../obj_s/p_top.o
clang -I../ncurses -DHAVE_CONFIG_H -DBUILDING_PANEL -I. -I../include -D_DEFAULT_SOURCE -D_XOPEN_SOURCE=600 -DNDEBUG -march=x86-64-v3 -O2 -pipe -fno-plt -fexceptions -Wp,-D_FORTIFY_SOURCE=3 -fstack-clash-protection -fcf-protection -Qunused-arguments -Wno-error=implicit-function-declaration  -fPIC -c ../panel/p_update.c -o ../obj_s/p_update.o
clang -I../ncurses -DHAVE_CONFIG_H -DBUILDING_PANEL -I. -I../include -D_DEFAULT_SOURCE -D_XOPEN_SOURCE=600 -DNDEBUG -march=x86-64-v3 -O2 -pipe -fno-plt -fexceptions -Wp,-D_FORTIFY_SOURCE=3 -fstack-clash-protection -fcf-protection -Qunused-arguments -Wno-error=implicit-function-declaration  -fPIC -c ../panel/p_user.c -o ../obj_s/p_user.o
clang -I../ncurses -DHAVE_CONFIG_H -DBUILDING_PANEL -I. -I../include -D_DEFAULT_SOURCE -D_XOPEN_SOURCE=600 -DNDEBUG -march=x86-64-v3 -O2 -pipe -fno-plt -fexceptions -Wp,-D_FORTIFY_SOURCE=3 -fstack-clash-protection -fcf-protection -Qunused-arguments -Wno-error=implicit-function-declaration  -fPIC -c ../panel/p_win.c -o ../obj_s/p_win.o
clang -I../ncurses -DHAVE_CONFIG_H -DBUILDING_PANEL -I. -I../include -D_DEFAULT_SOURCE -D_XOPEN_SOURCE=600 -DNDEBUG -march=x86-64-v3 -O2 -pipe -fno-plt -fexceptions -Wp,-D_FORTIFY_SOURCE=3 -fstack-clash-protection -fcf-protection -Qunused-arguments -Wno-error=implicit-function-declaration  -DNCURSES_STATIC -c ../panel/panel.c -o ../objects/panel.o
clang -I../ncurses -DHAVE_CONFIG_H -DBUILDING_PANEL -I. -I../include -D_DEFAULT_SOURCE -D_XOPEN_SOURCE=600 -DNDEBUG -march=x86-64-v3 -O2 -pipe -fno-plt -fexceptions -Wp,-D_FORTIFY_SOURCE=3 -fstack-clash-protection -fcf-protection -Qunused-arguments -Wno-error=implicit-function-declaration  -DNCURSES_STATIC -c ../panel/p_above.c -o ../objects/p_above.o
clang -I../ncurses -DHAVE_CONFIG_H -DBUILDING_PANEL -I. -I../include -D_DEFAULT_SOURCE -D_XOPEN_SOURCE=600 -DNDEBUG -march=x86-64-v3 -O2 -pipe -fno-plt -fexceptions -Wp,-D_FORTIFY_SOURCE=3 -fstack-clash-protection -fcf-protection -Qunused-arguments -Wno-error=implicit-function-declaration  -DNCURSES_STATIC -c ../panel/p_below.c -o ../objects/p_below.o
clang -I../ncurses -DHAVE_CONFIG_H -DBUILDING_PANEL -I. -I../include -D_DEFAULT_SOURCE -D_XOPEN_SOURCE=600 -DNDEBUG -march=x86-64-v3 -O2 -pipe -fno-plt -fexceptions -Wp,-D_FORTIFY_SOURCE=3 -fstack-clash-protection -fcf-protection -Qunused-arguments -Wno-error=implicit-function-declaration  -DNCURSES_STATIC -c ../panel/p_bottom.c -o ../objects/p_bottom.o
clang -I../ncurses -DHAVE_CONFIG_H -DBUILDING_PANEL -I. -I../include -D_DEFAULT_SOURCE -D_XOPEN_SOURCE=600 -DNDEBUG -march=x86-64-v3 -O2 -pipe -fno-plt -fexceptions -Wp,-D_FORTIFY_SOURCE=3 -fstack-clash-protection -fcf-protection -Qunused-arguments -Wno-error=implicit-function-declaration  -DNCURSES_STATIC -c ../panel/p_delete.c -o ../objects/p_delete.o
clang -I../ncurses -DHAVE_CONFIG_H -DBUILDING_PANEL -I. -I../include -D_DEFAULT_SOURCE -D_XOPEN_SOURCE=600 -DNDEBUG -march=x86-64-v3 -O2 -pipe -fno-plt -fexceptions -Wp,-D_FORTIFY_SOURCE=3 -fstack-clash-protection -fcf-protection -Qunused-arguments -Wno-error=implicit-function-declaration  -DNCURSES_STATIC -c ../panel/p_hide.c -o ../objects/p_hide.o
clang -I../ncurses -DHAVE_CONFIG_H -DBUILDING_PANEL -I. -I../include -D_DEFAULT_SOURCE -D_XOPEN_SOURCE=600 -DNDEBUG -march=x86-64-v3 -O2 -pipe -fno-plt -fexceptions -Wp,-D_FORTIFY_SOURCE=3 -fstack-clash-protection -fcf-protection -Qunused-arguments -Wno-error=implicit-function-declaration  -DNCURSES_STATIC -c ../panel/p_hidden.c -o ../objects/p_hidden.o
clang -I../ncurses -DHAVE_CONFIG_H -DBUILDING_PANEL -I. -I../include -D_DEFAULT_SOURCE -D_XOPEN_SOURCE=600 -DNDEBUG -march=x86-64-v3 -O2 -pipe -fno-plt -fexceptions -Wp,-D_FORTIFY_SOURCE=3 -fstack-clash-protection -fcf-protection -Qunused-arguments -Wno-error=implicit-function-declaration  -DNCURSES_STATIC -c ../panel/p_move.c -o ../objects/p_move.o
clang -I../ncurses -DHAVE_CONFIG_H -DBUILDING_PANEL -I. -I../include -D_DEFAULT_SOURCE -D_XOPEN_SOURCE=600 -DNDEBUG -march=x86-64-v3 -O2 -pipe -fno-plt -fexceptions -Wp,-D_FORTIFY_SOURCE=3 -fstack-clash-protection -fcf-protection -Qunused-arguments -Wno-error=implicit-function-declaration  -DNCURSES_STATIC -c ../panel/p_new.c -o ../objects/p_new.o
clang -I../ncurses -DHAVE_CONFIG_H -DBUILDING_PANEL -I. -I../include -D_DEFAULT_SOURCE -D_XOPEN_SOURCE=600 -DNDEBUG -march=x86-64-v3 -O2 -pipe -fno-plt -fexceptions -Wp,-D_FORTIFY_SOURCE=3 -fstack-clash-protection -fcf-protection -Qunused-arguments -Wno-error=implicit-function-declaration  -DNCURSES_STATIC -c ../panel/p_replace.c -o ../objects/p_replace.o
clang -I../ncurses -DHAVE_CONFIG_H -DBUILDING_PANEL -I. -I../include -D_DEFAULT_SOURCE -D_XOPEN_SOURCE=600 -DNDEBUG -march=x86-64-v3 -O2 -pipe -fno-plt -fexceptions -Wp,-D_FORTIFY_SOURCE=3 -fstack-clash-protection -fcf-protection -Qunused-arguments -Wno-error=implicit-function-declaration  -DNCURSES_STATIC -c ../panel/p_show.c -o ../objects/p_show.o
clang -I../ncurses -DHAVE_CONFIG_H -DBUILDING_PANEL -I. -I../include -D_DEFAULT_SOURCE -D_XOPEN_SOURCE=600 -DNDEBUG -march=x86-64-v3 -O2 -pipe -fno-plt -fexceptions -Wp,-D_FORTIFY_SOURCE=3 -fstack-clash-protection -fcf-protection -Qunused-arguments -Wno-error=implicit-function-declaration  -DNCURSES_STATIC -c ../panel/p_top.c -o ../objects/p_top.o
clang -I../ncurses -DHAVE_CONFIG_H -DBUILDING_PANEL -I. -I../include -D_DEFAULT_SOURCE -D_XOPEN_SOURCE=600 -DNDEBUG -march=x86-64-v3 -O2 -pipe -fno-plt -fexceptions -Wp,-D_FORTIFY_SOURCE=3 -fstack-clash-protection -fcf-protection -Qunused-arguments -Wno-error=implicit-function-declaration  -DNCURSES_STATIC -c ../panel/p_update.c -o ../objects/p_update.o
clang -I../ncurses -DHAVE_CONFIG_H -DBUILDING_PANEL -I. -I../include -D_DEFAULT_SOURCE -D_XOPEN_SOURCE=600 -DNDEBUG -march=x86-64-v3 -O2 -pipe -fno-plt -fexceptions -Wp,-D_FORTIFY_SOURCE=3 -fstack-clash-protection -fcf-protection -Qunused-arguments -Wno-error=implicit-function-declaration  -DNCURSES_STATIC -c ../panel/p_user.c -o ../objects/p_user.o
clang -I../ncurses -DHAVE_CONFIG_H -DBUILDING_PANEL -I. -I../include -D_DEFAULT_SOURCE -D_XOPEN_SOURCE=600 -DNDEBUG -march=x86-64-v3 -O2 -pipe -fno-plt -fexceptions -Wp,-D_FORTIFY_SOURCE=3 -fstack-clash-protection -fcf-protection -Qunused-arguments -Wno-error=implicit-function-declaration  -DNCURSES_STATIC -c ../panel/p_win.c -o ../objects/p_win.o
clang -I../ncurses -DHAVE_CONFIG_H -DBUILDING_PANEL -I. -I../include -D_DEFAULT_SOURCE -D_XOPEN_SOURCE=600 -DNDEBUG -march=x86-64-v3 -O2 -pipe -fno-plt -fexceptions -Wp,-D_FORTIFY_SOURCE=3 -fstack-clash-protection -fcf-protection -Qunused-arguments -Wno-error=implicit-function-declaration  -DNCURSES_STATIC -g -DTRACE -c ../panel/panel.c -o ../obj_g/panel.o
clang -I../ncurses -DHAVE_CONFIG_H -DBUILDING_PANEL -I. -I../include -D_DEFAULT_SOURCE -D_XOPEN_SOURCE=600 -DNDEBUG -march=x86-64-v3 -O2 -pipe -fno-plt -fexceptions -Wp,-D_FORTIFY_SOURCE=3 -fstack-clash-protection -fcf-protection -Qunused-arguments -Wno-error=implicit-function-declaration  -DNCURSES_STATIC -g -DTRACE -c ../panel/p_above.c -o ../obj_g/p_above.o
clang -I../ncurses -DHAVE_CONFIG_H -DBUILDING_PANEL -I. -I../include -D_DEFAULT_SOURCE -D_XOPEN_SOURCE=600 -DNDEBUG -march=x86-64-v3 -O2 -pipe -fno-plt -fexceptions -Wp,-D_FORTIFY_SOURCE=3 -fstack-clash-protection -fcf-protection -Qunused-arguments -Wno-error=implicit-function-declaration  -DNCURSES_STATIC -g -DTRACE -c ../panel/p_below.c -o ../obj_g/p_below.o
clang -I../ncurses -DHAVE_CONFIG_H -DBUILDING_PANEL -I. -I../include -D_DEFAULT_SOURCE -D_XOPEN_SOURCE=600 -DNDEBUG -march=x86-64-v3 -O2 -pipe -fno-plt -fexceptions -Wp,-D_FORTIFY_SOURCE=3 -fstack-clash-protection -fcf-protection -Qunused-arguments -Wno-error=implicit-function-declaration  -DNCURSES_STATIC -g -DTRACE -c ../panel/p_bottom.c -o ../obj_g/p_bottom.o
clang -I../ncurses -DHAVE_CONFIG_H -DBUILDING_PANEL -I. -I../include -D_DEFAULT_SOURCE -D_XOPEN_SOURCE=600 -DNDEBUG -march=x86-64-v3 -O2 -pipe -fno-plt -fexceptions -Wp,-D_FORTIFY_SOURCE=3 -fstack-clash-protection -fcf-protection -Qunused-arguments -Wno-error=implicit-function-declaration  -DNCURSES_STATIC -g -DTRACE -c ../panel/p_delete.c -o ../obj_g/p_delete.o
clang -I../ncurses -DHAVE_CONFIG_H -DBUILDING_PANEL -I. -I../include -D_DEFAULT_SOURCE -D_XOPEN_SOURCE=600 -DNDEBUG -march=x86-64-v3 -O2 -pipe -fno-plt -fexceptions -Wp,-D_FORTIFY_SOURCE=3 -fstack-clash-protection -fcf-protection -Qunused-arguments -Wno-error=implicit-function-declaration  -DNCURSES_STATIC -g -DTRACE -c ../panel/p_hide.c -o ../obj_g/p_hide.o
clang -I../ncurses -DHAVE_CONFIG_H -DBUILDING_PANEL -I. -I../include -D_DEFAULT_SOURCE -D_XOPEN_SOURCE=600 -DNDEBUG -march=x86-64-v3 -O2 -pipe -fno-plt -fexceptions -Wp,-D_FORTIFY_SOURCE=3 -fstack-clash-protection -fcf-protection -Qunused-arguments -Wno-error=implicit-function-declaration  -DNCURSES_STATIC -g -DTRACE -c ../panel/p_hidden.c -o ../obj_g/p_hidden.o
clang -I../ncurses -DHAVE_CONFIG_H -DBUILDING_PANEL -I. -I../include -D_DEFAULT_SOURCE -D_XOPEN_SOURCE=600 -DNDEBUG -march=x86-64-v3 -O2 -pipe -fno-plt -fexceptions -Wp,-D_FORTIFY_SOURCE=3 -fstack-clash-protection -fcf-protection -Qunused-arguments -Wno-error=implicit-function-declaration  -DNCURSES_STATIC -g -DTRACE -c ../panel/p_move.c -o ../obj_g/p_move.o
clang -I../ncurses -DHAVE_CONFIG_H -DBUILDING_PANEL -I. -I../include -D_DEFAULT_SOURCE -D_XOPEN_SOURCE=600 -DNDEBUG -march=x86-64-v3 -O2 -pipe -fno-plt -fexceptions -Wp,-D_FORTIFY_SOURCE=3 -fstack-clash-protection -fcf-protection -Qunused-arguments -Wno-error=implicit-function-declaration  -DNCURSES_STATIC -g -DTRACE -c ../panel/p_new.c -o ../obj_g/p_new.o
clang -I../ncurses -DHAVE_CONFIG_H -DBUILDING_PANEL -I. -I../include -D_DEFAULT_SOURCE -D_XOPEN_SOURCE=600 -DNDEBUG -march=x86-64-v3 -O2 -pipe -fno-plt -fexceptions -Wp,-D_FORTIFY_SOURCE=3 -fstack-clash-protection -fcf-protection -Qunused-arguments -Wno-error=implicit-function-declaration  -DNCURSES_STATIC -g -DTRACE -c ../panel/p_replace.c -o ../obj_g/p_replace.o
clang -I../ncurses -DHAVE_CONFIG_H -DBUILDING_PANEL -I. -I../include -D_DEFAULT_SOURCE -D_XOPEN_SOURCE=600 -DNDEBUG -march=x86-64-v3 -O2 -pipe -fno-plt -fexceptions -Wp,-D_FORTIFY_SOURCE=3 -fstack-clash-protection -fcf-protection -Qunused-arguments -Wno-error=implicit-function-declaration  -DNCURSES_STATIC -g -DTRACE -c ../panel/p_show.c -o ../obj_g/p_show.o
clang -I../ncurses -DHAVE_CONFIG_H -DBUILDING_PANEL -I. -I../include -D_DEFAULT_SOURCE -D_XOPEN_SOURCE=600 -DNDEBUG -march=x86-64-v3 -O2 -pipe -fno-plt -fexceptions -Wp,-D_FORTIFY_SOURCE=3 -fstack-clash-protection -fcf-protection -Qunused-arguments -Wno-error=implicit-function-declaration  -DNCURSES_STATIC -g -DTRACE -c ../panel/p_top.c -o ../obj_g/p_top.o
clang -I../ncurses -DHAVE_CONFIG_H -DBUILDING_PANEL -I. -I../include -D_DEFAULT_SOURCE -D_XOPEN_SOURCE=600 -DNDEBUG -march=x86-64-v3 -O2 -pipe -fno-plt -fexceptions -Wp,-D_FORTIFY_SOURCE=3 -fstack-clash-protection -fcf-protection -Qunused-arguments -Wno-error=implicit-function-declaration  -DNCURSES_STATIC -g -DTRACE -c ../panel/p_update.c -o ../obj_g/p_update.o
clang -I../ncurses -DHAVE_CONFIG_H -DBUILDING_PANEL -I. -I../include -D_DEFAULT_SOURCE -D_XOPEN_SOURCE=600 -DNDEBUG -march=x86-64-v3 -O2 -pipe -fno-plt -fexceptions -Wp,-D_FORTIFY_SOURCE=3 -fstack-clash-protection -fcf-protection -Qunused-arguments -Wno-error=implicit-function-declaration  -DNCURSES_STATIC -g -DTRACE -c ../panel/p_user.c -o ../obj_g/p_user.o
clang -I../ncurses -DHAVE_CONFIG_H -DBUILDING_PANEL -I. -I../include -D_DEFAULT_SOURCE -D_XOPEN_SOURCE=600 -DNDEBUG -march=x86-64-v3 -O2 -pipe -fno-plt -fexceptions -Wp,-D_FORTIFY_SOURCE=3 -fstack-clash-protection -fcf-protection -Qunused-arguments -Wno-error=implicit-function-declaration  -DNCURSES_STATIC -g -DTRACE -c ../panel/p_win.c -o ../obj_g/p_win.o
llvm-ar -curvU ../lib/libpanelw.a ../objects/panel.o ../objects/p_above.o ../objects/p_below.o ../objects/p_bottom.o ../objects/p_delete.o ../objects/p_hide.o ../objects/p_hidden.o ../objects/p_move.o ../objects/p_new.o ../objects/p_replace.o ../objects/p_show.o ../objects/p_top.o ../objects/p_update.o ../objects/p_user.o ../objects/p_win.o
linking ../lib/libpanelw.so.6.6
clang -Wl,-O1 -Wl,--sort-common -Wl,--as-needed -Wl,-z,relro -Wl,-z,now -Wl,--undefined-version -Wl,--hash-style=gnu -Wl,--compress-debug-sections=zstd   -march=x86-64-v3 -O2 -pipe -fno-plt -fexceptions -Wp,-D_FORTIFY_SOURCE=3 -fstack-clash-protection -fcf-protection -Qunused-arguments -Wno-error=implicit-function-declaration  -shared -Wl,--version-script,resulting.map -Wl,-soname,`basename ../lib/libpanelw.so.6.6 .6.6`.6,-stats,-lc -o ../lib/libpanelw.so.6.6 ../obj_s/panel.o ../obj_s/p_above.o ../obj_s/p_below.o ../obj_s/p_bottom.o ../obj_s/p_delete.o ../obj_s/p_hide.o ../obj_s/p_hidden.o ../obj_s/p_move.o ../obj_s/p_new.o ../obj_s/p_replace.o ../obj_s/p_show.o ../obj_s/p_top.o ../obj_s/p_update.o ../obj_s/p_user.o ../obj_s/p_win.o -L../lib -lncursesw
llvm-ranlib ../lib/libpanelw.a
cd ../lib && (ln -s -f libpanelw.so.6.6 libpanelw.so.6; ln -s -f libpanelw.so.6 libpanelw.so; )
llvm-ar -curvU ../lib/libpanelw_g.a ../obj_g/panel.o ../obj_g/p_above.o ../obj_g/p_below.o ../obj_g/p_bottom.o ../obj_g/p_delete.o ../obj_g/p_hide.o ../obj_g/p_hidden.o ../obj_g/p_move.o ../obj_g/p_new.o ../obj_g/p_replace.o ../obj_g/p_show.o ../obj_g/p_top.o ../obj_g/p_update.o ../obj_g/p_user.o ../obj_g/p_win.o
llvm-ranlib ../lib/libpanelw_g.a
make[1]: Leaving directory '/home/builder/build/src/ncurses/panel'
( cd menu && make DESTDIR="" RPATH_LIST="/usr/lib" all )
make[1]: Entering directory '/home/builder/build/src/ncurses/menu'
rm -f ../include/menu.h
rm -f ../include/eti.h
rm -f ../include/mf_common.h
gawk 'BEGIN { skip = 1; last=""; } /deprecated in ABI6/ { next; }{ sub("NCURSES([WT]+)?", "&6"); } { if ( last != "" && ( skip == 0 || $0 !~ /}/ ) ) { print last; } skip = 0; last = $0; } END { print last; }' < "../package/ncursesw.map" >resulting.map
cp ./menu.h ../include/menu.h
cp ./eti.h ../include/eti.h
cp ./mf_common.h ../include/mf_common.h
clang -I../ncurses -DHAVE_CONFIG_H -DBUILDING_MENU -I. -I../include -D_DEFAULT_SOURCE -D_XOPEN_SOURCE=600 -DNDEBUG -march=x86-64-v3 -O2 -pipe -fno-plt -fexceptions -Wp,-D_FORTIFY_SOURCE=3 -fstack-clash-protection -fcf-protection -Qunused-arguments -Wno-error=implicit-function-declaration  -fPIC -c ../menu/m_attribs.c -o ../obj_s/m_attribs.o
clang -I../ncurses -DHAVE_CONFIG_H -DBUILDING_MENU -I. -I../include -D_DEFAULT_SOURCE -D_XOPEN_SOURCE=600 -DNDEBUG -march=x86-64-v3 -O2 -pipe -fno-plt -fexceptions -Wp,-D_FORTIFY_SOURCE=3 -fstack-clash-protection -fcf-protection -Qunused-arguments -Wno-error=implicit-function-declaration  -fPIC -c ../menu/m_cursor.c -o ../obj_s/m_cursor.o
clang -I../ncurses -DHAVE_CONFIG_H -DBUILDING_MENU -I. -I../include -D_DEFAULT_SOURCE -D_XOPEN_SOURCE=600 -DNDEBUG -march=x86-64-v3 -O2 -pipe -fno-plt -fexceptions -Wp,-D_FORTIFY_SOURCE=3 -fstack-clash-protection -fcf-protection -Qunused-arguments -Wno-error=implicit-function-declaration  -fPIC -c ../menu/m_driver.c -o ../obj_s/m_driver.o
clang -I../ncurses -DHAVE_CONFIG_H -DBUILDING_MENU -I. -I../include -D_DEFAULT_SOURCE -D_XOPEN_SOURCE=600 -DNDEBUG -march=x86-64-v3 -O2 -pipe -fno-plt -fexceptions -Wp,-D_FORTIFY_SOURCE=3 -fstack-clash-protection -fcf-protection -Qunused-arguments -Wno-error=implicit-function-declaration  -fPIC -c ../menu/m_format.c -o ../obj_s/m_format.o
clang -I../ncurses -DHAVE_CONFIG_H -DBUILDING_MENU -I. -I../include -D_DEFAULT_SOURCE -D_XOPEN_SOURCE=600 -DNDEBUG -march=x86-64-v3 -O2 -pipe -fno-plt -fexceptions -Wp,-D_FORTIFY_SOURCE=3 -fstack-clash-protection -fcf-protection -Qunused-arguments -Wno-error=implicit-function-declaration  -fPIC -c ../menu/m_global.c -o ../obj_s/m_global.o
clang -I../ncurses -DHAVE_CONFIG_H -DBUILDING_MENU -I. -I../include -D_DEFAULT_SOURCE -D_XOPEN_SOURCE=600 -DNDEBUG -march=x86-64-v3 -O2 -pipe -fno-plt -fexceptions -Wp,-D_FORTIFY_SOURCE=3 -fstack-clash-protection -fcf-protection -Qunused-arguments -Wno-error=implicit-function-declaration  -fPIC -c ../menu/m_hook.c -o ../obj_s/m_hook.o
clang -I../ncurses -DHAVE_CONFIG_H -DBUILDING_MENU -I. -I../include -D_DEFAULT_SOURCE -D_XOPEN_SOURCE=600 -DNDEBUG -march=x86-64-v3 -O2 -pipe -fno-plt -fexceptions -Wp,-D_FORTIFY_SOURCE=3 -fstack-clash-protection -fcf-protection -Qunused-arguments -Wno-error=implicit-function-declaration  -fPIC -c ../menu/m_item_cur.c -o ../obj_s/m_item_cur.o
clang -I../ncurses -DHAVE_CONFIG_H -DBUILDING_MENU -I. -I../include -D_DEFAULT_SOURCE -D_XOPEN_SOURCE=600 -DNDEBUG -march=x86-64-v3 -O2 -pipe -fno-plt -fexceptions -Wp,-D_FORTIFY_SOURCE=3 -fstack-clash-protection -fcf-protection -Qunused-arguments -Wno-error=implicit-function-declaration  -fPIC -c ../menu/m_item_nam.c -o ../obj_s/m_item_nam.o
clang -I../ncurses -DHAVE_CONFIG_H -DBUILDING_MENU -I. -I../include -D_DEFAULT_SOURCE -D_XOPEN_SOURCE=600 -DNDEBUG -march=x86-64-v3 -O2 -pipe -fno-plt -fexceptions -Wp,-D_FORTIFY_SOURCE=3 -fstack-clash-protection -fcf-protection -Qunused-arguments -Wno-error=implicit-function-declaration  -fPIC -c ../menu/m_item_new.c -o ../obj_s/m_item_new.o
clang -I../ncurses -DHAVE_CONFIG_H -DBUILDING_MENU -I. -I../include -D_DEFAULT_SOURCE -D_XOPEN_SOURCE=600 -DNDEBUG -march=x86-64-v3 -O2 -pipe -fno-plt -fexceptions -Wp,-D_FORTIFY_SOURCE=3 -fstack-clash-protection -fcf-protection -Qunused-arguments -Wno-error=implicit-function-declaration  -fPIC -c ../menu/m_item_opt.c -o ../obj_s/m_item_opt.o
clang -I../ncurses -DHAVE_CONFIG_H -DBUILDING_MENU -I. -I../include -D_DEFAULT_SOURCE -D_XOPEN_SOURCE=600 -DNDEBUG -march=x86-64-v3 -O2 -pipe -fno-plt -fexceptions -Wp,-D_FORTIFY_SOURCE=3 -fstack-clash-protection -fcf-protection -Qunused-arguments -Wno-error=implicit-function-declaration  -fPIC -c ../menu/m_item_top.c -o ../obj_s/m_item_top.o
clang -I../ncurses -DHAVE_CONFIG_H -DBUILDING_MENU -I. -I../include -D_DEFAULT_SOURCE -D_XOPEN_SOURCE=600 -DNDEBUG -march=x86-64-v3 -O2 -pipe -fno-plt -fexceptions -Wp,-D_FORTIFY_SOURCE=3 -fstack-clash-protection -fcf-protection -Qunused-arguments -Wno-error=implicit-function-declaration  -fPIC -c ../menu/m_item_use.c -o ../obj_s/m_item_use.o
clang -I../ncurses -DHAVE_CONFIG_H -DBUILDING_MENU -I. -I../include -D_DEFAULT_SOURCE -D_XOPEN_SOURCE=600 -DNDEBUG -march=x86-64-v3 -O2 -pipe -fno-plt -fexceptions -Wp,-D_FORTIFY_SOURCE=3 -fstack-clash-protection -fcf-protection -Qunused-arguments -Wno-error=implicit-function-declaration  -fPIC -c ../menu/m_item_val.c -o ../obj_s/m_item_val.o
clang -I../ncurses -DHAVE_CONFIG_H -DBUILDING_MENU -I. -I../include -D_DEFAULT_SOURCE -D_XOPEN_SOURCE=600 -DNDEBUG -march=x86-64-v3 -O2 -pipe -fno-plt -fexceptions -Wp,-D_FORTIFY_SOURCE=3 -fstack-clash-protection -fcf-protection -Qunused-arguments -Wno-error=implicit-function-declaration  -fPIC -c ../menu/m_item_vis.c -o ../obj_s/m_item_vis.o
clang -I../ncurses -DHAVE_CONFIG_H -DBUILDING_MENU -I. -I../include -D_DEFAULT_SOURCE -D_XOPEN_SOURCE=600 -DNDEBUG -march=x86-64-v3 -O2 -pipe -fno-plt -fexceptions -Wp,-D_FORTIFY_SOURCE=3 -fstack-clash-protection -fcf-protection -Qunused-arguments -Wno-error=implicit-function-declaration  -fPIC -c ../menu/m_items.c -o ../obj_s/m_items.o
clang -I../ncurses -DHAVE_CONFIG_H -DBUILDING_MENU -I. -I../include -D_DEFAULT_SOURCE -D_XOPEN_SOURCE=600 -DNDEBUG -march=x86-64-v3 -O2 -pipe -fno-plt -fexceptions -Wp,-D_FORTIFY_SOURCE=3 -fstack-clash-protection -fcf-protection -Qunused-arguments -Wno-error=implicit-function-declaration  -fPIC -c ../menu/m_new.c -o ../obj_s/m_new.o
clang -I../ncurses -DHAVE_CONFIG_H -DBUILDING_MENU -I. -I../include -D_DEFAULT_SOURCE -D_XOPEN_SOURCE=600 -DNDEBUG -march=x86-64-v3 -O2 -pipe -fno-plt -fexceptions -Wp,-D_FORTIFY_SOURCE=3 -fstack-clash-protection -fcf-protection -Qunused-arguments -Wno-error=implicit-function-declaration  -fPIC -c ../menu/m_opts.c -o ../obj_s/m_opts.o
clang -I../ncurses -DHAVE_CONFIG_H -DBUILDING_MENU -I. -I../include -D_DEFAULT_SOURCE -D_XOPEN_SOURCE=600 -DNDEBUG -march=x86-64-v3 -O2 -pipe -fno-plt -fexceptions -Wp,-D_FORTIFY_SOURCE=3 -fstack-clash-protection -fcf-protection -Qunused-arguments -Wno-error=implicit-function-declaration  -fPIC -c ../menu/m_pad.c -o ../obj_s/m_pad.o
clang -I../ncurses -DHAVE_CONFIG_H -DBUILDING_MENU -I. -I../include -D_DEFAULT_SOURCE -D_XOPEN_SOURCE=600 -DNDEBUG -march=x86-64-v3 -O2 -pipe -fno-plt -fexceptions -Wp,-D_FORTIFY_SOURCE=3 -fstack-clash-protection -fcf-protection -Qunused-arguments -Wno-error=implicit-function-declaration  -fPIC -c ../menu/m_pattern.c -o ../obj_s/m_pattern.o
clang -I../ncurses -DHAVE_CONFIG_H -DBUILDING_MENU -I. -I../include -D_DEFAULT_SOURCE -D_XOPEN_SOURCE=600 -DNDEBUG -march=x86-64-v3 -O2 -pipe -fno-plt -fexceptions -Wp,-D_FORTIFY_SOURCE=3 -fstack-clash-protection -fcf-protection -Qunused-arguments -Wno-error=implicit-function-declaration  -fPIC -c ../menu/m_post.c -o ../obj_s/m_post.o
clang -I../ncurses -DHAVE_CONFIG_H -DBUILDING_MENU -I. -I../include -D_DEFAULT_SOURCE -D_XOPEN_SOURCE=600 -DNDEBUG -march=x86-64-v3 -O2 -pipe -fno-plt -fexceptions -Wp,-D_FORTIFY_SOURCE=3 -fstack-clash-protection -fcf-protection -Qunused-arguments -Wno-error=implicit-function-declaration  -fPIC -c ../menu/m_req_name.c -o ../obj_s/m_req_name.o
clang -I../ncurses -DHAVE_CONFIG_H -DBUILDING_MENU -I. -I../include -D_DEFAULT_SOURCE -D_XOPEN_SOURCE=600 -DNDEBUG -march=x86-64-v3 -O2 -pipe -fno-plt -fexceptions -Wp,-D_FORTIFY_SOURCE=3 -fstack-clash-protection -fcf-protection -Qunused-arguments -Wno-error=implicit-function-declaration  -fPIC -c ../menu/m_scale.c -o ../obj_s/m_scale.o
clang -I../ncurses -DHAVE_CONFIG_H -DBUILDING_MENU -I. -I../include -D_DEFAULT_SOURCE -D_XOPEN_SOURCE=600 -DNDEBUG -march=x86-64-v3 -O2 -pipe -fno-plt -fexceptions -Wp,-D_FORTIFY_SOURCE=3 -fstack-clash-protection -fcf-protection -Qunused-arguments -Wno-error=implicit-function-declaration  -fPIC -c ../menu/m_spacing.c -o ../obj_s/m_spacing.o
clang -I../ncurses -DHAVE_CONFIG_H -DBUILDING_MENU -I. -I../include -D_DEFAULT_SOURCE -D_XOPEN_SOURCE=600 -DNDEBUG -march=x86-64-v3 -O2 -pipe -fno-plt -fexceptions -Wp,-D_FORTIFY_SOURCE=3 -fstack-clash-protection -fcf-protection -Qunused-arguments -Wno-error=implicit-function-declaration  -fPIC -c ../menu/m_sub.c -o ../obj_s/m_sub.o
clang -I../ncurses -DHAVE_CONFIG_H -DBUILDING_MENU -I. -I../include -D_DEFAULT_SOURCE -D_XOPEN_SOURCE=600 -DNDEBUG -march=x86-64-v3 -O2 -pipe -fno-plt -fexceptions -Wp,-D_FORTIFY_SOURCE=3 -fstack-clash-protection -fcf-protection -Qunused-arguments -Wno-error=implicit-function-declaration  -fPIC -c ../menu/m_userptr.c -o ../obj_s/m_userptr.o
clang -I../ncurses -DHAVE_CONFIG_H -DBUILDING_MENU -I. -I../include -D_DEFAULT_SOURCE -D_XOPEN_SOURCE=600 -DNDEBUG -march=x86-64-v3 -O2 -pipe -fno-plt -fexceptions -Wp,-D_FORTIFY_SOURCE=3 -fstack-clash-protection -fcf-protection -Qunused-arguments -Wno-error=implicit-function-declaration  -fPIC -c ../menu/m_win.c -o ../obj_s/m_win.o
clang -I../ncurses -DHAVE_CONFIG_H -DBUILDING_MENU -I. -I../include -D_DEFAULT_SOURCE -D_XOPEN_SOURCE=600 -DNDEBUG -march=x86-64-v3 -O2 -pipe -fno-plt -fexceptions -Wp,-D_FORTIFY_SOURCE=3 -fstack-clash-protection -fcf-protection -Qunused-arguments -Wno-error=implicit-function-declaration  -DNCURSES_STATIC -c ../menu/m_attribs.c -o ../objects/m_attribs.o
clang -I../ncurses -DHAVE_CONFIG_H -DBUILDING_MENU -I. -I../include -D_DEFAULT_SOURCE -D_XOPEN_SOURCE=600 -DNDEBUG -march=x86-64-v3 -O2 -pipe -fno-plt -fexceptions -Wp,-D_FORTIFY_SOURCE=3 -fstack-clash-protection -fcf-protection -Qunused-arguments -Wno-error=implicit-function-declaration  -DNCURSES_STATIC -c ../menu/m_cursor.c -o ../objects/m_cursor.o
clang -I../ncurses -DHAVE_CONFIG_H -DBUILDING_MENU -I. -I../include -D_DEFAULT_SOURCE -D_XOPEN_SOURCE=600 -DNDEBUG -march=x86-64-v3 -O2 -pipe -fno-plt -fexceptions -Wp,-D_FORTIFY_SOURCE=3 -fstack-clash-protection -fcf-protection -Qunused-arguments -Wno-error=implicit-function-declaration  -DNCURSES_STATIC -c ../menu/m_driver.c -o ../objects/m_driver.o
clang -I../ncurses -DHAVE_CONFIG_H -DBUILDING_MENU -I. -I../include -D_DEFAULT_SOURCE -D_XOPEN_SOURCE=600 -DNDEBUG -march=x86-64-v3 -O2 -pipe -fno-plt -fexceptions -Wp,-D_FORTIFY_SOURCE=3 -fstack-clash-protection -fcf-protection -Qunused-arguments -Wno-error=implicit-function-declaration  -DNCURSES_STATIC -c ../menu/m_format.c -o ../objects/m_format.o
clang -I../ncurses -DHAVE_CONFIG_H -DBUILDING_MENU -I. -I../include -D_DEFAULT_SOURCE -D_XOPEN_SOURCE=600 -DNDEBUG -march=x86-64-v3 -O2 -pipe -fno-plt -fexceptions -Wp,-D_FORTIFY_SOURCE=3 -fstack-clash-protection -fcf-protection -Qunused-arguments -Wno-error=implicit-function-declaration  -DNCURSES_STATIC -c ../menu/m_global.c -o ../objects/m_global.o
clang -I../ncurses -DHAVE_CONFIG_H -DBUILDING_MENU -I. -I../include -D_DEFAULT_SOURCE -D_XOPEN_SOURCE=600 -DNDEBUG -march=x86-64-v3 -O2 -pipe -fno-plt -fexceptions -Wp,-D_FORTIFY_SOURCE=3 -fstack-clash-protection -fcf-protection -Qunused-arguments -Wno-error=implicit-function-declaration  -DNCURSES_STATIC -c ../menu/m_hook.c -o ../objects/m_hook.o
clang -I../ncurses -DHAVE_CONFIG_H -DBUILDING_MENU -I. -I../include -D_DEFAULT_SOURCE -D_XOPEN_SOURCE=600 -DNDEBUG -march=x86-64-v3 -O2 -pipe -fno-plt -fexceptions -Wp,-D_FORTIFY_SOURCE=3 -fstack-clash-protection -fcf-protection -Qunused-arguments -Wno-error=implicit-function-declaration  -DNCURSES_STATIC -c ../menu/m_item_cur.c -o ../objects/m_item_cur.o
clang -I../ncurses -DHAVE_CONFIG_H -DBUILDING_MENU -I. -I../include -D_DEFAULT_SOURCE -D_XOPEN_SOURCE=600 -DNDEBUG -march=x86-64-v3 -O2 -pipe -fno-plt -fexceptions -Wp,-D_FORTIFY_SOURCE=3 -fstack-clash-protection -fcf-protection -Qunused-arguments -Wno-error=implicit-function-declaration  -DNCURSES_STATIC -c ../menu/m_item_nam.c -o ../objects/m_item_nam.o
clang -I../ncurses -DHAVE_CONFIG_H -DBUILDING_MENU -I. -I../include -D_DEFAULT_SOURCE -D_XOPEN_SOURCE=600 -DNDEBUG -march=x86-64-v3 -O2 -pipe -fno-plt -fexceptions -Wp,-D_FORTIFY_SOURCE=3 -fstack-clash-protection -fcf-protection -Qunused-arguments -Wno-error=implicit-function-declaration  -DNCURSES_STATIC -c ../menu/m_item_new.c -o ../objects/m_item_new.o
clang -I../ncurses -DHAVE_CONFIG_H -DBUILDING_MENU -I. -I../include -D_DEFAULT_SOURCE -D_XOPEN_SOURCE=600 -DNDEBUG -march=x86-64-v3 -O2 -pipe -fno-plt -fexceptions -Wp,-D_FORTIFY_SOURCE=3 -fstack-clash-protection -fcf-protection -Qunused-arguments -Wno-error=implicit-function-declaration  -DNCURSES_STATIC -c ../menu/m_item_opt.c -o ../objects/m_item_opt.o
clang -I../ncurses -DHAVE_CONFIG_H -DBUILDING_MENU -I. -I../include -D_DEFAULT_SOURCE -D_XOPEN_SOURCE=600 -DNDEBUG -march=x86-64-v3 -O2 -pipe -fno-plt -fexceptions -Wp,-D_FORTIFY_SOURCE=3 -fstack-clash-protection -fcf-protection -Qunused-arguments -Wno-error=implicit-function-declaration  -DNCURSES_STATIC -c ../menu/m_item_top.c -o ../objects/m_item_top.o
clang -I../ncurses -DHAVE_CONFIG_H -DBUILDING_MENU -I. -I../include -D_DEFAULT_SOURCE -D_XOPEN_SOURCE=600 -DNDEBUG -march=x86-64-v3 -O2 -pipe -fno-plt -fexceptions -Wp,-D_FORTIFY_SOURCE=3 -fstack-clash-protection -fcf-protection -Qunused-arguments -Wno-error=implicit-function-declaration  -DNCURSES_STATIC -c ../menu/m_item_use.c -o ../objects/m_item_use.o
clang -I../ncurses -DHAVE_CONFIG_H -DBUILDING_MENU -I. -I../include -D_DEFAULT_SOURCE -D_XOPEN_SOURCE=600 -DNDEBUG -march=x86-64-v3 -O2 -pipe -fno-plt -fexceptions -Wp,-D_FORTIFY_SOURCE=3 -fstack-clash-protection -fcf-protection -Qunused-arguments -Wno-error=implicit-function-declaration  -DNCURSES_STATIC -c ../menu/m_item_val.c -o ../objects/m_item_val.o
clang -I../ncurses -DHAVE_CONFIG_H -DBUILDING_MENU -I. -I../include -D_DEFAULT_SOURCE -D_XOPEN_SOURCE=600 -DNDEBUG -march=x86-64-v3 -O2 -pipe -fno-plt -fexceptions -Wp,-D_FORTIFY_SOURCE=3 -fstack-clash-protection -fcf-protection -Qunused-arguments -Wno-error=implicit-function-declaration  -DNCURSES_STATIC -c ../menu/m_item_vis.c -o ../objects/m_item_vis.o
clang -I../ncurses -DHAVE_CONFIG_H -DBUILDING_MENU -I. -I../include -D_DEFAULT_SOURCE -D_XOPEN_SOURCE=600 -DNDEBUG -march=x86-64-v3 -O2 -pipe -fno-plt -fexceptions -Wp,-D_FORTIFY_SOURCE=3 -fstack-clash-protection -fcf-protection -Qunused-arguments -Wno-error=implicit-function-declaration  -DNCURSES_STATIC -c ../menu/m_items.c -o ../objects/m_items.o
clang -I../ncurses -DHAVE_CONFIG_H -DBUILDING_MENU -I. -I../include -D_DEFAULT_SOURCE -D_XOPEN_SOURCE=600 -DNDEBUG -march=x86-64-v3 -O2 -pipe -fno-plt -fexceptions -Wp,-D_FORTIFY_SOURCE=3 -fstack-clash-protection -fcf-protection -Qunused-arguments -Wno-error=implicit-function-declaration  -DNCURSES_STATIC -c ../menu/m_new.c -o ../objects/m_new.o
clang -I../ncurses -DHAVE_CONFIG_H -DBUILDING_MENU -I. -I../include -D_DEFAULT_SOURCE -D_XOPEN_SOURCE=600 -DNDEBUG -march=x86-64-v3 -O2 -pipe -fno-plt -fexceptions -Wp,-D_FORTIFY_SOURCE=3 -fstack-clash-protection -fcf-protection -Qunused-arguments -Wno-error=implicit-function-declaration  -DNCURSES_STATIC -c ../menu/m_opts.c -o ../objects/m_opts.o
clang -I../ncurses -DHAVE_CONFIG_H -DBUILDING_MENU -I. -I../include -D_DEFAULT_SOURCE -D_XOPEN_SOURCE=600 -DNDEBUG -march=x86-64-v3 -O2 -pipe -fno-plt -fexceptions -Wp,-D_FORTIFY_SOURCE=3 -fstack-clash-protection -fcf-protection -Qunused-arguments -Wno-error=implicit-function-declaration  -DNCURSES_STATIC -c ../menu/m_pad.c -o ../objects/m_pad.o
clang -I../ncurses -DHAVE_CONFIG_H -DBUILDING_MENU -I. -I../include -D_DEFAULT_SOURCE -D_XOPEN_SOURCE=600 -DNDEBUG -march=x86-64-v3 -O2 -pipe -fno-plt -fexceptions -Wp,-D_FORTIFY_SOURCE=3 -fstack-clash-protection -fcf-protection -Qunused-arguments -Wno-error=implicit-function-declaration  -DNCURSES_STATIC -c ../menu/m_pattern.c -o ../objects/m_pattern.o
clang -I../ncurses -DHAVE_CONFIG_H -DBUILDING_MENU -I. -I../include -D_DEFAULT_SOURCE -D_XOPEN_SOURCE=600 -DNDEBUG -march=x86-64-v3 -O2 -pipe -fno-plt -fexceptions -Wp,-D_FORTIFY_SOURCE=3 -fstack-clash-protection -fcf-protection -Qunused-arguments -Wno-error=implicit-function-declaration  -DNCURSES_STATIC -c ../menu/m_post.c -o ../objects/m_post.o
clang -I../ncurses -DHAVE_CONFIG_H -DBUILDING_MENU -I. -I../include -D_DEFAULT_SOURCE -D_XOPEN_SOURCE=600 -DNDEBUG -march=x86-64-v3 -O2 -pipe -fno-plt -fexceptions -Wp,-D_FORTIFY_SOURCE=3 -fstack-clash-protection -fcf-protection -Qunused-arguments -Wno-error=implicit-function-declaration  -DNCURSES_STATIC -c ../menu/m_req_name.c -o ../objects/m_req_name.o
clang -I../ncurses -DHAVE_CONFIG_H -DBUILDING_MENU -I. -I../include -D_DEFAULT_SOURCE -D_XOPEN_SOURCE=600 -DNDEBUG -march=x86-64-v3 -O2 -pipe -fno-plt -fexceptions -Wp,-D_FORTIFY_SOURCE=3 -fstack-clash-protection -fcf-protection -Qunused-arguments -Wno-error=implicit-function-declaration  -DNCURSES_STATIC -c ../menu/m_scale.c -o ../objects/m_scale.o
clang -I../ncurses -DHAVE_CONFIG_H -DBUILDING_MENU -I. -I../include -D_DEFAULT_SOURCE -D_XOPEN_SOURCE=600 -DNDEBUG -march=x86-64-v3 -O2 -pipe -fno-plt -fexceptions -Wp,-D_FORTIFY_SOURCE=3 -fstack-clash-protection -fcf-protection -Qunused-arguments -Wno-error=implicit-function-declaration  -DNCURSES_STATIC -c ../menu/m_spacing.c -o ../objects/m_spacing.o
clang -I../ncurses -DHAVE_CONFIG_H -DBUILDING_MENU -I. -I../include -D_DEFAULT_SOURCE -D_XOPEN_SOURCE=600 -DNDEBUG -march=x86-64-v3 -O2 -pipe -fno-plt -fexceptions -Wp,-D_FORTIFY_SOURCE=3 -fstack-clash-protection -fcf-protection -Qunused-arguments -Wno-error=implicit-function-declaration  -DNCURSES_STATIC -c ../menu/m_sub.c -o ../objects/m_sub.o
clang -I../ncurses -DHAVE_CONFIG_H -DBUILDING_MENU -I. -I../include -D_DEFAULT_SOURCE -D_XOPEN_SOURCE=600 -DNDEBUG -march=x86-64-v3 -O2 -pipe -fno-plt -fexceptions -Wp,-D_FORTIFY_SOURCE=3 -fstack-clash-protection -fcf-protection -Qunused-arguments -Wno-error=implicit-function-declaration  -DNCURSES_STATIC -c ../menu/m_userptr.c -o ../objects/m_userptr.o
clang -I../ncurses -DHAVE_CONFIG_H -DBUILDING_MENU -I. -I../include -D_DEFAULT_SOURCE -D_XOPEN_SOURCE=600 -DNDEBUG -march=x86-64-v3 -O2 -pipe -fno-plt -fexceptions -Wp,-D_FORTIFY_SOURCE=3 -fstack-clash-protection -fcf-protection -Qunused-arguments -Wno-error=implicit-function-declaration  -DNCURSES_STATIC -c ../menu/m_win.c -o ../objects/m_win.o
clang -I../ncurses -DHAVE_CONFIG_H -DBUILDING_MENU -I. -I../include -D_DEFAULT_SOURCE -D_XOPEN_SOURCE=600 -DNDEBUG -march=x86-64-v3 -O2 -pipe -fno-plt -fexceptions -Wp,-D_FORTIFY_SOURCE=3 -fstack-clash-protection -fcf-protection -Qunused-arguments -Wno-error=implicit-function-declaration  -DNCURSES_STATIC -g -DTRACE -c ../menu/m_attribs.c -o ../obj_g/m_attribs.o
clang -I../ncurses -DHAVE_CONFIG_H -DBUILDING_MENU -I. -I../include -D_DEFAULT_SOURCE -D_XOPEN_SOURCE=600 -DNDEBUG -march=x86-64-v3 -O2 -pipe -fno-plt -fexceptions -Wp,-D_FORTIFY_SOURCE=3 -fstack-clash-protection -fcf-protection -Qunused-arguments -Wno-error=implicit-function-declaration  -DNCURSES_STATIC -g -DTRACE -c ../menu/m_cursor.c -o ../obj_g/m_cursor.o
clang -I../ncurses -DHAVE_CONFIG_H -DBUILDING_MENU -I. -I../include -D_DEFAULT_SOURCE -D_XOPEN_SOURCE=600 -DNDEBUG -march=x86-64-v3 -O2 -pipe -fno-plt -fexceptions -Wp,-D_FORTIFY_SOURCE=3 -fstack-clash-protection -fcf-protection -Qunused-arguments -Wno-error=implicit-function-declaration  -DNCURSES_STATIC -g -DTRACE -c ../menu/m_driver.c -o ../obj_g/m_driver.o
clang -I../ncurses -DHAVE_CONFIG_H -DBUILDING_MENU -I. -I../include -D_DEFAULT_SOURCE -D_XOPEN_SOURCE=600 -DNDEBUG -march=x86-64-v3 -O2 -pipe -fno-plt -fexceptions -Wp,-D_FORTIFY_SOURCE=3 -fstack-clash-protection -fcf-protection -Qunused-arguments -Wno-error=implicit-function-declaration  -DNCURSES_STATIC -g -DTRACE -c ../menu/m_format.c -o ../obj_g/m_format.o
clang -I../ncurses -DHAVE_CONFIG_H -DBUILDING_MENU -I. -I../include -D_DEFAULT_SOURCE -D_XOPEN_SOURCE=600 -DNDEBUG -march=x86-64-v3 -O2 -pipe -fno-plt -fexceptions -Wp,-D_FORTIFY_SOURCE=3 -fstack-clash-protection -fcf-protection -Qunused-arguments -Wno-error=implicit-function-declaration  -DNCURSES_STATIC -g -DTRACE -c ../menu/m_global.c -o ../obj_g/m_global.o
clang -I../ncurses -DHAVE_CONFIG_H -DBUILDING_MENU -I. -I../include -D_DEFAULT_SOURCE -D_XOPEN_SOURCE=600 -DNDEBUG -march=x86-64-v3 -O2 -pipe -fno-plt -fexceptions -Wp,-D_FORTIFY_SOURCE=3 -fstack-clash-protection -fcf-protection -Qunused-arguments -Wno-error=implicit-function-declaration  -DNCURSES_STATIC -g -DTRACE -c ../menu/m_hook.c -o ../obj_g/m_hook.o
clang -I../ncurses -DHAVE_CONFIG_H -DBUILDING_MENU -I. -I../include -D_DEFAULT_SOURCE -D_XOPEN_SOURCE=600 -DNDEBUG -march=x86-64-v3 -O2 -pipe -fno-plt -fexceptions -Wp,-D_FORTIFY_SOURCE=3 -fstack-clash-protection -fcf-protection -Qunused-arguments -Wno-error=implicit-function-declaration  -DNCURSES_STATIC -g -DTRACE -c ../menu/m_item_cur.c -o ../obj_g/m_item_cur.o
clang -I../ncurses -DHAVE_CONFIG_H -DBUILDING_MENU -I. -I../include -D_DEFAULT_SOURCE -D_XOPEN_SOURCE=600 -DNDEBUG -march=x86-64-v3 -O2 -pipe -fno-plt -fexceptions -Wp,-D_FORTIFY_SOURCE=3 -fstack-clash-protection -fcf-protection -Qunused-arguments -Wno-error=implicit-function-declaration  -DNCURSES_STATIC -g -DTRACE -c ../menu/m_item_nam.c -o ../obj_g/m_item_nam.o
clang -I../ncurses -DHAVE_CONFIG_H -DBUILDING_MENU -I. -I../include -D_DEFAULT_SOURCE -D_XOPEN_SOURCE=600 -DNDEBUG -march=x86-64-v3 -O2 -pipe -fno-plt -fexceptions -Wp,-D_FORTIFY_SOURCE=3 -fstack-clash-protection -fcf-protection -Qunused-arguments -Wno-error=implicit-function-declaration  -DNCURSES_STATIC -g -DTRACE -c ../menu/m_item_new.c -o ../obj_g/m_item_new.o
clang -I../ncurses -DHAVE_CONFIG_H -DBUILDING_MENU -I. -I../include -D_DEFAULT_SOURCE -D_XOPEN_SOURCE=600 -DNDEBUG -march=x86-64-v3 -O2 -pipe -fno-plt -fexceptions -Wp,-D_FORTIFY_SOURCE=3 -fstack-clash-protection -fcf-protection -Qunused-arguments -Wno-error=implicit-function-declaration  -DNCURSES_STATIC -g -DTRACE -c ../menu/m_item_opt.c -o ../obj_g/m_item_opt.o
clang -I../ncurses -DHAVE_CONFIG_H -DBUILDING_MENU -I. -I../include -D_DEFAULT_SOURCE -D_XOPEN_SOURCE=600 -DNDEBUG -march=x86-64-v3 -O2 -pipe -fno-plt -fexceptions -Wp,-D_FORTIFY_SOURCE=3 -fstack-clash-protection -fcf-protection -Qunused-arguments -Wno-error=implicit-function-declaration  -DNCURSES_STATIC -g -DTRACE -c ../menu/m_item_top.c -o ../obj_g/m_item_top.o
clang -I../ncurses -DHAVE_CONFIG_H -DBUILDING_MENU -I. -I../include -D_DEFAULT_SOURCE -D_XOPEN_SOURCE=600 -DNDEBUG -march=x86-64-v3 -O2 -pipe -fno-plt -fexceptions -Wp,-D_FORTIFY_SOURCE=3 -fstack-clash-protection -fcf-protection -Qunused-arguments -Wno-error=implicit-function-declaration  -DNCURSES_STATIC -g -DTRACE -c ../menu/m_item_use.c -o ../obj_g/m_item_use.o
clang -I../ncurses -DHAVE_CONFIG_H -DBUILDING_MENU -I. -I../include -D_DEFAULT_SOURCE -D_XOPEN_SOURCE=600 -DNDEBUG -march=x86-64-v3 -O2 -pipe -fno-plt -fexceptions -Wp,-D_FORTIFY_SOURCE=3 -fstack-clash-protection -fcf-protection -Qunused-arguments -Wno-error=implicit-function-declaration  -DNCURSES_STATIC -g -DTRACE -c ../menu/m_item_val.c -o ../obj_g/m_item_val.o
clang -I../ncurses -DHAVE_CONFIG_H -DBUILDING_MENU -I. -I../include -D_DEFAULT_SOURCE -D_XOPEN_SOURCE=600 -DNDEBUG -march=x86-64-v3 -O2 -pipe -fno-plt -fexceptions -Wp,-D_FORTIFY_SOURCE=3 -fstack-clash-protection -fcf-protection -Qunused-arguments -Wno-error=implicit-function-declaration  -DNCURSES_STATIC -g -DTRACE -c ../menu/m_item_vis.c -o ../obj_g/m_item_vis.o
clang -I../ncurses -DHAVE_CONFIG_H -DBUILDING_MENU -I. -I../include -D_DEFAULT_SOURCE -D_XOPEN_SOURCE=600 -DNDEBUG -march=x86-64-v3 -O2 -pipe -fno-plt -fexceptions -Wp,-D_FORTIFY_SOURCE=3 -fstack-clash-protection -fcf-protection -Qunused-arguments -Wno-error=implicit-function-declaration  -DNCURSES_STATIC -g -DTRACE -c ../menu/m_items.c -o ../obj_g/m_items.o
clang -I../ncurses -DHAVE_CONFIG_H -DBUILDING_MENU -I. -I../include -D_DEFAULT_SOURCE -D_XOPEN_SOURCE=600 -DNDEBUG -march=x86-64-v3 -O2 -pipe -fno-plt -fexceptions -Wp,-D_FORTIFY_SOURCE=3 -fstack-clash-protection -fcf-protection -Qunused-arguments -Wno-error=implicit-function-declaration  -DNCURSES_STATIC -g -DTRACE -c ../menu/m_new.c -o ../obj_g/m_new.o
clang -I../ncurses -DHAVE_CONFIG_H -DBUILDING_MENU -I. -I../include -D_DEFAULT_SOURCE -D_XOPEN_SOURCE=600 -DNDEBUG -march=x86-64-v3 -O2 -pipe -fno-plt -fexceptions -Wp,-D_FORTIFY_SOURCE=3 -fstack-clash-protection -fcf-protection -Qunused-arguments -Wno-error=implicit-function-declaration  -DNCURSES_STATIC -g -DTRACE -c ../menu/m_opts.c -o ../obj_g/m_opts.o
clang -I../ncurses -DHAVE_CONFIG_H -DBUILDING_MENU -I. -I../include -D_DEFAULT_SOURCE -D_XOPEN_SOURCE=600 -DNDEBUG -march=x86-64-v3 -O2 -pipe -fno-plt -fexceptions -Wp,-D_FORTIFY_SOURCE=3 -fstack-clash-protection -fcf-protection -Qunused-arguments -Wno-error=implicit-function-declaration  -DNCURSES_STATIC -g -DTRACE -c ../menu/m_pad.c -o ../obj_g/m_pad.o
clang -I../ncurses -DHAVE_CONFIG_H -DBUILDING_MENU -I. -I../include -D_DEFAULT_SOURCE -D_XOPEN_SOURCE=600 -DNDEBUG -march=x86-64-v3 -O2 -pipe -fno-plt -fexceptions -Wp,-D_FORTIFY_SOURCE=3 -fstack-clash-protection -fcf-protection -Qunused-arguments -Wno-error=implicit-function-declaration  -DNCURSES_STATIC -g -DTRACE -c ../menu/m_pattern.c -o ../obj_g/m_pattern.o
clang -I../ncurses -DHAVE_CONFIG_H -DBUILDING_MENU -I. -I../include -D_DEFAULT_SOURCE -D_XOPEN_SOURCE=600 -DNDEBUG -march=x86-64-v3 -O2 -pipe -fno-plt -fexceptions -Wp,-D_FORTIFY_SOURCE=3 -fstack-clash-protection -fcf-protection -Qunused-arguments -Wno-error=implicit-function-declaration  -DNCURSES_STATIC -g -DTRACE -c ../menu/m_post.c -o ../obj_g/m_post.o
clang -I../ncurses -DHAVE_CONFIG_H -DBUILDING_MENU -I. -I../include -D_DEFAULT_SOURCE -D_XOPEN_SOURCE=600 -DNDEBUG -march=x86-64-v3 -O2 -pipe -fno-plt -fexceptions -Wp,-D_FORTIFY_SOURCE=3 -fstack-clash-protection -fcf-protection -Qunused-arguments -Wno-error=implicit-function-declaration  -DNCURSES_STATIC -g -DTRACE -c ../menu/m_req_name.c -o ../obj_g/m_req_name.o
clang -I../ncurses -DHAVE_CONFIG_H -DBUILDING_MENU -I. -I../include -D_DEFAULT_SOURCE -D_XOPEN_SOURCE=600 -DNDEBUG -march=x86-64-v3 -O2 -pipe -fno-plt -fexceptions -Wp,-D_FORTIFY_SOURCE=3 -fstack-clash-protection -fcf-protection -Qunused-arguments -Wno-error=implicit-function-declaration  -DNCURSES_STATIC -g -DTRACE -c ../menu/m_scale.c -o ../obj_g/m_scale.o
clang -I../ncurses -DHAVE_CONFIG_H -DBUILDING_MENU -I. -I../include -D_DEFAULT_SOURCE -D_XOPEN_SOURCE=600 -DNDEBUG -march=x86-64-v3 -O2 -pipe -fno-plt -fexceptions -Wp,-D_FORTIFY_SOURCE=3 -fstack-clash-protection -fcf-protection -Qunused-arguments -Wno-error=implicit-function-declaration  -DNCURSES_STATIC -g -DTRACE -c ../menu/m_spacing.c -o ../obj_g/m_spacing.o
clang -I../ncurses -DHAVE_CONFIG_H -DBUILDING_MENU -I. -I../include -D_DEFAULT_SOURCE -D_XOPEN_SOURCE=600 -DNDEBUG -march=x86-64-v3 -O2 -pipe -fno-plt -fexceptions -Wp,-D_FORTIFY_SOURCE=3 -fstack-clash-protection -fcf-protection -Qunused-arguments -Wno-error=implicit-function-declaration  -DNCURSES_STATIC -g -DTRACE -c ../menu/m_sub.c -o ../obj_g/m_sub.o
clang -I../ncurses -DHAVE_CONFIG_H -DBUILDING_MENU -I. -I../include -D_DEFAULT_SOURCE -D_XOPEN_SOURCE=600 -DNDEBUG -march=x86-64-v3 -O2 -pipe -fno-plt -fexceptions -Wp,-D_FORTIFY_SOURCE=3 -fstack-clash-protection -fcf-protection -Qunused-arguments -Wno-error=implicit-function-declaration  -DNCURSES_STATIC -g -DTRACE -c ../menu/m_trace.c -o ../obj_g/m_trace.o
clang -I../ncurses -DHAVE_CONFIG_H -DBUILDING_MENU -I. -I../include -D_DEFAULT_SOURCE -D_XOPEN_SOURCE=600 -DNDEBUG -march=x86-64-v3 -O2 -pipe -fno-plt -fexceptions -Wp,-D_FORTIFY_SOURCE=3 -fstack-clash-protection -fcf-protection -Qunused-arguments -Wno-error=implicit-function-declaration  -DNCURSES_STATIC -g -DTRACE -c ../menu/m_userptr.c -o ../obj_g/m_userptr.o
clang -I../ncurses -DHAVE_CONFIG_H -DBUILDING_MENU -I. -I../include -D_DEFAULT_SOURCE -D_XOPEN_SOURCE=600 -DNDEBUG -march=x86-64-v3 -O2 -pipe -fno-plt -fexceptions -Wp,-D_FORTIFY_SOURCE=3 -fstack-clash-protection -fcf-protection -Qunused-arguments -Wno-error=implicit-function-declaration  -DNCURSES_STATIC -g -DTRACE -c ../menu/m_win.c -o ../obj_g/m_win.o
llvm-ar -curvU ../lib/libmenuw.a ../objects/m_attribs.o ../objects/m_cursor.o ../objects/m_driver.o ../objects/m_format.o ../objects/m_global.o ../objects/m_hook.o ../objects/m_item_cur.o ../objects/m_item_nam.o ../objects/m_item_new.o ../objects/m_item_opt.o ../objects/m_item_top.o ../objects/m_item_use.o ../objects/m_item_val.o ../objects/m_item_vis.o ../objects/m_items.o ../objects/m_new.o ../objects/m_opts.o ../objects/m_pad.o ../objects/m_pattern.o ../objects/m_post.o ../objects/m_req_name.o ../objects/m_scale.o ../objects/m_spacing.o ../objects/m_sub.o ../objects/m_userptr.o ../objects/m_win.o
linking ../lib/libmenuw.so.6.6
clang -Wl,-O1 -Wl,--sort-common -Wl,--as-needed -Wl,-z,relro -Wl,-z,now -Wl,--undefined-version -Wl,--hash-style=gnu -Wl,--compress-debug-sections=zstd   -march=x86-64-v3 -O2 -pipe -fno-plt -fexceptions -Wp,-D_FORTIFY_SOURCE=3 -fstack-clash-protection -fcf-protection -Qunused-arguments -Wno-error=implicit-function-declaration  -shared -Wl,--version-script,resulting.map -Wl,-soname,`basename ../lib/libmenuw.so.6.6 .6.6`.6,-stats,-lc -o ../lib/libmenuw.so.6.6 ../obj_s/m_attribs.o ../obj_s/m_cursor.o ../obj_s/m_driver.o ../obj_s/m_format.o ../obj_s/m_global.o ../obj_s/m_hook.o ../obj_s/m_item_cur.o ../obj_s/m_item_nam.o ../obj_s/m_item_new.o ../obj_s/m_item_opt.o ../obj_s/m_item_top.o ../obj_s/m_item_use.o ../obj_s/m_item_val.o ../obj_s/m_item_vis.o ../obj_s/m_items.o ../obj_s/m_new.o ../obj_s/m_opts.o ../obj_s/m_pad.o ../obj_s/m_pattern.o ../obj_s/m_post.o ../obj_s/m_req_name.o ../obj_s/m_scale.o ../obj_s/m_spacing.o ../obj_s/m_sub.o ../obj_s/m_userptr.o ../obj_s/m_win.o -L../lib -lncursesw
llvm-ranlib ../lib/libmenuw.a
cd ../lib && (ln -s -f libmenuw.so.6.6 libmenuw.so.6; ln -s -f libmenuw.so.6 libmenuw.so; )
llvm-ar -curvU ../lib/libmenuw_g.a ../obj_g/m_attribs.o ../obj_g/m_cursor.o ../obj_g/m_driver.o ../obj_g/m_format.o ../obj_g/m_global.o ../obj_g/m_hook.o ../obj_g/m_item_cur.o ../obj_g/m_item_nam.o ../obj_g/m_item_new.o ../obj_g/m_item_opt.o ../obj_g/m_item_top.o ../obj_g/m_item_use.o ../obj_g/m_item_val.o ../obj_g/m_item_vis.o ../obj_g/m_items.o ../obj_g/m_new.o ../obj_g/m_opts.o ../obj_g/m_pad.o ../obj_g/m_pattern.o ../obj_g/m_post.o ../obj_g/m_req_name.o ../obj_g/m_scale.o ../obj_g/m_spacing.o ../obj_g/m_sub.o ../obj_g/m_trace.o ../obj_g/m_userptr.o ../obj_g/m_win.o
llvm-ranlib ../lib/libmenuw_g.a
make[1]: Leaving directory '/home/builder/build/src/ncurses/menu'
( cd form && make DESTDIR="" RPATH_LIST="/usr/lib" all )
make[1]: Entering directory '/home/builder/build/src/ncurses/form'
rm -f ../include/form.h
gawk 'BEGIN { skip = 1; last=""; } /deprecated in ABI6/ { next; }{ sub("NCURSES([WT]+)?", "&6"); } { if ( last != "" && ( skip == 0 || $0 !~ /}/ ) ) { print last; } skip = 0; last = $0; } END { print last; }' < "../package/ncursesw.map" >resulting.map
clang -I../ncurses -DHAVE_CONFIG_H -DBUILDING_FORM -I. -I../include -D_DEFAULT_SOURCE -D_XOPEN_SOURCE=600 -DNDEBUG -march=x86-64-v3 -O2 -pipe -fno-plt -fexceptions -Wp,-D_FORTIFY_SOURCE=3 -fstack-clash-protection -fcf-protection -Qunused-arguments -Wno-error=implicit-function-declaration  -fPIC -c ../form/fld_arg.c -o ../obj_s/fld_arg.o
clang -I../ncurses -DHAVE_CONFIG_H -DBUILDING_FORM -I. -I../include -D_DEFAULT_SOURCE -D_XOPEN_SOURCE=600 -DNDEBUG -march=x86-64-v3 -O2 -pipe -fno-plt -fexceptions -Wp,-D_FORTIFY_SOURCE=3 -fstack-clash-protection -fcf-protection -Qunused-arguments -Wno-error=implicit-function-declaration  -fPIC -c ../form/fld_attr.c -o ../obj_s/fld_attr.o
clang -I../ncurses -DHAVE_CONFIG_H -DBUILDING_FORM -I. -I../include -D_DEFAULT_SOURCE -D_XOPEN_SOURCE=600 -DNDEBUG -march=x86-64-v3 -O2 -pipe -fno-plt -fexceptions -Wp,-D_FORTIFY_SOURCE=3 -fstack-clash-protection -fcf-protection -Qunused-arguments -Wno-error=implicit-function-declaration  -fPIC -c ../form/fld_current.c -o ../obj_s/fld_current.o
clang -I../ncurses -DHAVE_CONFIG_H -DBUILDING_FORM -I. -I../include -D_DEFAULT_SOURCE -D_XOPEN_SOURCE=600 -DNDEBUG -march=x86-64-v3 -O2 -pipe -fno-plt -fexceptions -Wp,-D_FORTIFY_SOURCE=3 -fstack-clash-protection -fcf-protection -Qunused-arguments -Wno-error=implicit-function-declaration  -fPIC -c ../form/fld_def.c -o ../obj_s/fld_def.o
clang -I../ncurses -DHAVE_CONFIG_H -DBUILDING_FORM -I. -I../include -D_DEFAULT_SOURCE -D_XOPEN_SOURCE=600 -DNDEBUG -march=x86-64-v3 -O2 -pipe -fno-plt -fexceptions -Wp,-D_FORTIFY_SOURCE=3 -fstack-clash-protection -fcf-protection -Qunused-arguments -Wno-error=implicit-function-declaration  -fPIC -c ../form/fld_dup.c -o ../obj_s/fld_dup.o
clang -I../ncurses -DHAVE_CONFIG_H -DBUILDING_FORM -I. -I../include -D_DEFAULT_SOURCE -D_XOPEN_SOURCE=600 -DNDEBUG -march=x86-64-v3 -O2 -pipe -fno-plt -fexceptions -Wp,-D_FORTIFY_SOURCE=3 -fstack-clash-protection -fcf-protection -Qunused-arguments -Wno-error=implicit-function-declaration  -fPIC -c ../form/fld_ftchoice.c -o ../obj_s/fld_ftchoice.o
clang -I../ncurses -DHAVE_CONFIG_H -DBUILDING_FORM -I. -I../include -D_DEFAULT_SOURCE -D_XOPEN_SOURCE=600 -DNDEBUG -march=x86-64-v3 -O2 -pipe -fno-plt -fexceptions -Wp,-D_FORTIFY_SOURCE=3 -fstack-clash-protection -fcf-protection -Qunused-arguments -Wno-error=implicit-function-declaration  -fPIC -c ../form/fld_ftlink.c -o ../obj_s/fld_ftlink.o
cp ./form.h ../include/form.h
clang -I../ncurses -DHAVE_CONFIG_H -DBUILDING_FORM -I. -I../include -D_DEFAULT_SOURCE -D_XOPEN_SOURCE=600 -DNDEBUG -march=x86-64-v3 -O2 -pipe -fno-plt -fexceptions -Wp,-D_FORTIFY_SOURCE=3 -fstack-clash-protection -fcf-protection -Qunused-arguments -Wno-error=implicit-function-declaration  -fPIC -c ../form/fld_info.c -o ../obj_s/fld_info.o
clang -I../ncurses -DHAVE_CONFIG_H -DBUILDING_FORM -I. -I../include -D_DEFAULT_SOURCE -D_XOPEN_SOURCE=600 -DNDEBUG -march=x86-64-v3 -O2 -pipe -fno-plt -fexceptions -Wp,-D_FORTIFY_SOURCE=3 -fstack-clash-protection -fcf-protection -Qunused-arguments -Wno-error=implicit-function-declaration  -fPIC -c ../form/fld_just.c -o ../obj_s/fld_just.o
clang -I../ncurses -DHAVE_CONFIG_H -DBUILDING_FORM -I. -I../include -D_DEFAULT_SOURCE -D_XOPEN_SOURCE=600 -DNDEBUG -march=x86-64-v3 -O2 -pipe -fno-plt -fexceptions -Wp,-D_FORTIFY_SOURCE=3 -fstack-clash-protection -fcf-protection -Qunused-arguments -Wno-error=implicit-function-declaration  -fPIC -c ../form/fld_link.c -o ../obj_s/fld_link.o
clang -I../ncurses -DHAVE_CONFIG_H -DBUILDING_FORM -I. -I../include -D_DEFAULT_SOURCE -D_XOPEN_SOURCE=600 -DNDEBUG -march=x86-64-v3 -O2 -pipe -fno-plt -fexceptions -Wp,-D_FORTIFY_SOURCE=3 -fstack-clash-protection -fcf-protection -Qunused-arguments -Wno-error=implicit-function-declaration  -fPIC -c ../form/fld_max.c -o ../obj_s/fld_max.o
clang -I../ncurses -DHAVE_CONFIG_H -DBUILDING_FORM -I. -I../include -D_DEFAULT_SOURCE -D_XOPEN_SOURCE=600 -DNDEBUG -march=x86-64-v3 -O2 -pipe -fno-plt -fexceptions -Wp,-D_FORTIFY_SOURCE=3 -fstack-clash-protection -fcf-protection -Qunused-arguments -Wno-error=implicit-function-declaration  -fPIC -c ../form/fld_move.c -o ../obj_s/fld_move.o
clang -I../ncurses -DHAVE_CONFIG_H -DBUILDING_FORM -I. -I../include -D_DEFAULT_SOURCE -D_XOPEN_SOURCE=600 -DNDEBUG -march=x86-64-v3 -O2 -pipe -fno-plt -fexceptions -Wp,-D_FORTIFY_SOURCE=3 -fstack-clash-protection -fcf-protection -Qunused-arguments -Wno-error=implicit-function-declaration  -fPIC -c ../form/fld_newftyp.c -o ../obj_s/fld_newftyp.o
clang -I../ncurses -DHAVE_CONFIG_H -DBUILDING_FORM -I. -I../include -D_DEFAULT_SOURCE -D_XOPEN_SOURCE=600 -DNDEBUG -march=x86-64-v3 -O2 -pipe -fno-plt -fexceptions -Wp,-D_FORTIFY_SOURCE=3 -fstack-clash-protection -fcf-protection -Qunused-arguments -Wno-error=implicit-function-declaration  -fPIC -c ../form/fld_opts.c -o ../obj_s/fld_opts.o
clang -I../ncurses -DHAVE_CONFIG_H -DBUILDING_FORM -I. -I../include -D_DEFAULT_SOURCE -D_XOPEN_SOURCE=600 -DNDEBUG -march=x86-64-v3 -O2 -pipe -fno-plt -fexceptions -Wp,-D_FORTIFY_SOURCE=3 -fstack-clash-protection -fcf-protection -Qunused-arguments -Wno-error=implicit-function-declaration  -fPIC -c ../form/fld_pad.c -o ../obj_s/fld_pad.o
clang -I../ncurses -DHAVE_CONFIG_H -DBUILDING_FORM -I. -I../include -D_DEFAULT_SOURCE -D_XOPEN_SOURCE=600 -DNDEBUG -march=x86-64-v3 -O2 -pipe -fno-plt -fexceptions -Wp,-D_FORTIFY_SOURCE=3 -fstack-clash-protection -fcf-protection -Qunused-arguments -Wno-error=implicit-function-declaration  -fPIC -c ../form/fld_page.c -o ../obj_s/fld_page.o
clang -I../ncurses -DHAVE_CONFIG_H -DBUILDING_FORM -I. -I../include -D_DEFAULT_SOURCE -D_XOPEN_SOURCE=600 -DNDEBUG -march=x86-64-v3 -O2 -pipe -fno-plt -fexceptions -Wp,-D_FORTIFY_SOURCE=3 -fstack-clash-protection -fcf-protection -Qunused-arguments -Wno-error=implicit-function-declaration  -fPIC -c ../form/fld_stat.c -o ../obj_s/fld_stat.o
clang -I../ncurses -DHAVE_CONFIG_H -DBUILDING_FORM -I. -I../include -D_DEFAULT_SOURCE -D_XOPEN_SOURCE=600 -DNDEBUG -march=x86-64-v3 -O2 -pipe -fno-plt -fexceptions -Wp,-D_FORTIFY_SOURCE=3 -fstack-clash-protection -fcf-protection -Qunused-arguments -Wno-error=implicit-function-declaration  -fPIC -c ../form/fld_type.c -o ../obj_s/fld_type.o
clang -I../ncurses -DHAVE_CONFIG_H -DBUILDING_FORM -I. -I../include -D_DEFAULT_SOURCE -D_XOPEN_SOURCE=600 -DNDEBUG -march=x86-64-v3 -O2 -pipe -fno-plt -fexceptions -Wp,-D_FORTIFY_SOURCE=3 -fstack-clash-protection -fcf-protection -Qunused-arguments -Wno-error=implicit-function-declaration  -fPIC -c ../form/fld_user.c -o ../obj_s/fld_user.o
clang -I../ncurses -DHAVE_CONFIG_H -DBUILDING_FORM -I. -I../include -D_DEFAULT_SOURCE -D_XOPEN_SOURCE=600 -DNDEBUG -march=x86-64-v3 -O2 -pipe -fno-plt -fexceptions -Wp,-D_FORTIFY_SOURCE=3 -fstack-clash-protection -fcf-protection -Qunused-arguments -Wno-error=implicit-function-declaration  -fPIC -c ../form/frm_cursor.c -o ../obj_s/frm_cursor.o
clang -I../ncurses -DHAVE_CONFIG_H -DBUILDING_FORM -I. -I../include -D_DEFAULT_SOURCE -D_XOPEN_SOURCE=600 -DNDEBUG -march=x86-64-v3 -O2 -pipe -fno-plt -fexceptions -Wp,-D_FORTIFY_SOURCE=3 -fstack-clash-protection -fcf-protection -Qunused-arguments -Wno-error=implicit-function-declaration  -fPIC -c ../form/frm_data.c -o ../obj_s/frm_data.o
clang -I../ncurses -DHAVE_CONFIG_H -DBUILDING_FORM -I. -I../include -D_DEFAULT_SOURCE -D_XOPEN_SOURCE=600 -DNDEBUG -march=x86-64-v3 -O2 -pipe -fno-plt -fexceptions -Wp,-D_FORTIFY_SOURCE=3 -fstack-clash-protection -fcf-protection -Qunused-arguments -Wno-error=implicit-function-declaration  -fPIC -c ../form/frm_def.c -o ../obj_s/frm_def.o
clang -I../ncurses -DHAVE_CONFIG_H -DBUILDING_FORM -I. -I../include -D_DEFAULT_SOURCE -D_XOPEN_SOURCE=600 -DNDEBUG -march=x86-64-v3 -O2 -pipe -fno-plt -fexceptions -Wp,-D_FORTIFY_SOURCE=3 -fstack-clash-protection -fcf-protection -Qunused-arguments -Wno-error=implicit-function-declaration  -fPIC -c ../form/frm_driver.c -o ../obj_s/frm_driver.o
clang -I../ncurses -DHAVE_CONFIG_H -DBUILDING_FORM -I. -I../include -D_DEFAULT_SOURCE -D_XOPEN_SOURCE=600 -DNDEBUG -march=x86-64-v3 -O2 -pipe -fno-plt -fexceptions -Wp,-D_FORTIFY_SOURCE=3 -fstack-clash-protection -fcf-protection -Qunused-arguments -Wno-error=implicit-function-declaration  -fPIC -c ../form/frm_hook.c -o ../obj_s/frm_hook.o
clang -I../ncurses -DHAVE_CONFIG_H -DBUILDING_FORM -I. -I../include -D_DEFAULT_SOURCE -D_XOPEN_SOURCE=600 -DNDEBUG -march=x86-64-v3 -O2 -pipe -fno-plt -fexceptions -Wp,-D_FORTIFY_SOURCE=3 -fstack-clash-protection -fcf-protection -Qunused-arguments -Wno-error=implicit-function-declaration  -fPIC -c ../form/frm_opts.c -o ../obj_s/frm_opts.o
clang -I../ncurses -DHAVE_CONFIG_H -DBUILDING_FORM -I. -I../include -D_DEFAULT_SOURCE -D_XOPEN_SOURCE=600 -DNDEBUG -march=x86-64-v3 -O2 -pipe -fno-plt -fexceptions -Wp,-D_FORTIFY_SOURCE=3 -fstack-clash-protection -fcf-protection -Qunused-arguments -Wno-error=implicit-function-declaration  -fPIC -c ../form/frm_page.c -o ../obj_s/frm_page.o
clang -I../ncurses -DHAVE_CONFIG_H -DBUILDING_FORM -I. -I../include -D_DEFAULT_SOURCE -D_XOPEN_SOURCE=600 -DNDEBUG -march=x86-64-v3 -O2 -pipe -fno-plt -fexceptions -Wp,-D_FORTIFY_SOURCE=3 -fstack-clash-protection -fcf-protection -Qunused-arguments -Wno-error=implicit-function-declaration  -fPIC -c ../form/frm_post.c -o ../obj_s/frm_post.o
clang -I../ncurses -DHAVE_CONFIG_H -DBUILDING_FORM -I. -I../include -D_DEFAULT_SOURCE -D_XOPEN_SOURCE=600 -DNDEBUG -march=x86-64-v3 -O2 -pipe -fno-plt -fexceptions -Wp,-D_FORTIFY_SOURCE=3 -fstack-clash-protection -fcf-protection -Qunused-arguments -Wno-error=implicit-function-declaration  -fPIC -c ../form/frm_req_name.c -o ../obj_s/frm_req_name.o
clang -I../ncurses -DHAVE_CONFIG_H -DBUILDING_FORM -I. -I../include -D_DEFAULT_SOURCE -D_XOPEN_SOURCE=600 -DNDEBUG -march=x86-64-v3 -O2 -pipe -fno-plt -fexceptions -Wp,-D_FORTIFY_SOURCE=3 -fstack-clash-protection -fcf-protection -Qunused-arguments -Wno-error=implicit-function-declaration  -fPIC -c ../form/frm_scale.c -o ../obj_s/frm_scale.o
clang -I../ncurses -DHAVE_CONFIG_H -DBUILDING_FORM -I. -I../include -D_DEFAULT_SOURCE -D_XOPEN_SOURCE=600 -DNDEBUG -march=x86-64-v3 -O2 -pipe -fno-plt -fexceptions -Wp,-D_FORTIFY_SOURCE=3 -fstack-clash-protection -fcf-protection -Qunused-arguments -Wno-error=implicit-function-declaration  -fPIC -c ../form/frm_sub.c -o ../obj_s/frm_sub.o
clang -I../ncurses -DHAVE_CONFIG_H -DBUILDING_FORM -I. -I../include -D_DEFAULT_SOURCE -D_XOPEN_SOURCE=600 -DNDEBUG -march=x86-64-v3 -O2 -pipe -fno-plt -fexceptions -Wp,-D_FORTIFY_SOURCE=3 -fstack-clash-protection -fcf-protection -Qunused-arguments -Wno-error=implicit-function-declaration  -fPIC -c ../form/frm_user.c -o ../obj_s/frm_user.o
clang -I../ncurses -DHAVE_CONFIG_H -DBUILDING_FORM -I. -I../include -D_DEFAULT_SOURCE -D_XOPEN_SOURCE=600 -DNDEBUG -march=x86-64-v3 -O2 -pipe -fno-plt -fexceptions -Wp,-D_FORTIFY_SOURCE=3 -fstack-clash-protection -fcf-protection -Qunused-arguments -Wno-error=implicit-function-declaration  -fPIC -c ../form/frm_win.c -o ../obj_s/frm_win.o
clang -I../ncurses -DHAVE_CONFIG_H -DBUILDING_FORM -I. -I../include -D_DEFAULT_SOURCE -D_XOPEN_SOURCE=600 -DNDEBUG -march=x86-64-v3 -O2 -pipe -fno-plt -fexceptions -Wp,-D_FORTIFY_SOURCE=3 -fstack-clash-protection -fcf-protection -Qunused-arguments -Wno-error=implicit-function-declaration  -fPIC -c ../form/fty_alnum.c -o ../obj_s/fty_alnum.o
clang -I../ncurses -DHAVE_CONFIG_H -DBUILDING_FORM -I. -I../include -D_DEFAULT_SOURCE -D_XOPEN_SOURCE=600 -DNDEBUG -march=x86-64-v3 -O2 -pipe -fno-plt -fexceptions -Wp,-D_FORTIFY_SOURCE=3 -fstack-clash-protection -fcf-protection -Qunused-arguments -Wno-error=implicit-function-declaration  -fPIC -c ../form/fty_alpha.c -o ../obj_s/fty_alpha.o
clang -I../ncurses -DHAVE_CONFIG_H -DBUILDING_FORM -I. -I../include -D_DEFAULT_SOURCE -D_XOPEN_SOURCE=600 -DNDEBUG -march=x86-64-v3 -O2 -pipe -fno-plt -fexceptions -Wp,-D_FORTIFY_SOURCE=3 -fstack-clash-protection -fcf-protection -Qunused-arguments -Wno-error=implicit-function-declaration  -fPIC -c ../form/fty_enum.c -o ../obj_s/fty_enum.o
clang -I../ncurses -DHAVE_CONFIG_H -DBUILDING_FORM -I. -I../include -D_DEFAULT_SOURCE -D_XOPEN_SOURCE=600 -DNDEBUG -march=x86-64-v3 -O2 -pipe -fno-plt -fexceptions -Wp,-D_FORTIFY_SOURCE=3 -fstack-clash-protection -fcf-protection -Qunused-arguments -Wno-error=implicit-function-declaration  -fPIC -c ../form/fty_generic.c -o ../obj_s/fty_generic.o
clang -I../ncurses -DHAVE_CONFIG_H -DBUILDING_FORM -I. -I../include -D_DEFAULT_SOURCE -D_XOPEN_SOURCE=600 -DNDEBUG -march=x86-64-v3 -O2 -pipe -fno-plt -fexceptions -Wp,-D_FORTIFY_SOURCE=3 -fstack-clash-protection -fcf-protection -Qunused-arguments -Wno-error=implicit-function-declaration  -fPIC -c ../form/fty_int.c -o ../obj_s/fty_int.o
clang -I../ncurses -DHAVE_CONFIG_H -DBUILDING_FORM -I. -I../include -D_DEFAULT_SOURCE -D_XOPEN_SOURCE=600 -DNDEBUG -march=x86-64-v3 -O2 -pipe -fno-plt -fexceptions -Wp,-D_FORTIFY_SOURCE=3 -fstack-clash-protection -fcf-protection -Qunused-arguments -Wno-error=implicit-function-declaration  -fPIC -c ../form/fty_ipv4.c -o ../obj_s/fty_ipv4.o
clang -I../ncurses -DHAVE_CONFIG_H -DBUILDING_FORM -I. -I../include -D_DEFAULT_SOURCE -D_XOPEN_SOURCE=600 -DNDEBUG -march=x86-64-v3 -O2 -pipe -fno-plt -fexceptions -Wp,-D_FORTIFY_SOURCE=3 -fstack-clash-protection -fcf-protection -Qunused-arguments -Wno-error=implicit-function-declaration  -fPIC -c ../form/fty_num.c -o ../obj_s/fty_num.o
clang -I../ncurses -DHAVE_CONFIG_H -DBUILDING_FORM -I. -I../include -D_DEFAULT_SOURCE -D_XOPEN_SOURCE=600 -DNDEBUG -march=x86-64-v3 -O2 -pipe -fno-plt -fexceptions -Wp,-D_FORTIFY_SOURCE=3 -fstack-clash-protection -fcf-protection -Qunused-arguments -Wno-error=implicit-function-declaration  -fPIC -c ../form/fty_regex.c -o ../obj_s/fty_regex.o
clang -I../ncurses -DHAVE_CONFIG_H -DBUILDING_FORM -I. -I../include -D_DEFAULT_SOURCE -D_XOPEN_SOURCE=600 -DNDEBUG -march=x86-64-v3 -O2 -pipe -fno-plt -fexceptions -Wp,-D_FORTIFY_SOURCE=3 -fstack-clash-protection -fcf-protection -Qunused-arguments -Wno-error=implicit-function-declaration  -DNCURSES_STATIC -c ../form/fld_arg.c -o ../objects/fld_arg.o
clang -I../ncurses -DHAVE_CONFIG_H -DBUILDING_FORM -I. -I../include -D_DEFAULT_SOURCE -D_XOPEN_SOURCE=600 -DNDEBUG -march=x86-64-v3 -O2 -pipe -fno-plt -fexceptions -Wp,-D_FORTIFY_SOURCE=3 -fstack-clash-protection -fcf-protection -Qunused-arguments -Wno-error=implicit-function-declaration  -DNCURSES_STATIC -c ../form/fld_attr.c -o ../objects/fld_attr.o
clang -I../ncurses -DHAVE_CONFIG_H -DBUILDING_FORM -I. -I../include -D_DEFAULT_SOURCE -D_XOPEN_SOURCE=600 -DNDEBUG -march=x86-64-v3 -O2 -pipe -fno-plt -fexceptions -Wp,-D_FORTIFY_SOURCE=3 -fstack-clash-protection -fcf-protection -Qunused-arguments -Wno-error=implicit-function-declaration  -DNCURSES_STATIC -c ../form/fld_current.c -o ../objects/fld_current.o
clang -I../ncurses -DHAVE_CONFIG_H -DBUILDING_FORM -I. -I../include -D_DEFAULT_SOURCE -D_XOPEN_SOURCE=600 -DNDEBUG -march=x86-64-v3 -O2 -pipe -fno-plt -fexceptions -Wp,-D_FORTIFY_SOURCE=3 -fstack-clash-protection -fcf-protection -Qunused-arguments -Wno-error=implicit-function-declaration  -DNCURSES_STATIC -c ../form/fld_def.c -o ../objects/fld_def.o
clang -I../ncurses -DHAVE_CONFIG_H -DBUILDING_FORM -I. -I../include -D_DEFAULT_SOURCE -D_XOPEN_SOURCE=600 -DNDEBUG -march=x86-64-v3 -O2 -pipe -fno-plt -fexceptions -Wp,-D_FORTIFY_SOURCE=3 -fstack-clash-protection -fcf-protection -Qunused-arguments -Wno-error=implicit-function-declaration  -DNCURSES_STATIC -c ../form/fld_dup.c -o ../objects/fld_dup.o
clang -I../ncurses -DHAVE_CONFIG_H -DBUILDING_FORM -I. -I../include -D_DEFAULT_SOURCE -D_XOPEN_SOURCE=600 -DNDEBUG -march=x86-64-v3 -O2 -pipe -fno-plt -fexceptions -Wp,-D_FORTIFY_SOURCE=3 -fstack-clash-protection -fcf-protection -Qunused-arguments -Wno-error=implicit-function-declaration  -DNCURSES_STATIC -c ../form/fld_ftchoice.c -o ../objects/fld_ftchoice.o
clang -I../ncurses -DHAVE_CONFIG_H -DBUILDING_FORM -I. -I../include -D_DEFAULT_SOURCE -D_XOPEN_SOURCE=600 -DNDEBUG -march=x86-64-v3 -O2 -pipe -fno-plt -fexceptions -Wp,-D_FORTIFY_SOURCE=3 -fstack-clash-protection -fcf-protection -Qunused-arguments -Wno-error=implicit-function-declaration  -DNCURSES_STATIC -c ../form/fld_ftlink.c -o ../objects/fld_ftlink.o
clang -I../ncurses -DHAVE_CONFIG_H -DBUILDING_FORM -I. -I../include -D_DEFAULT_SOURCE -D_XOPEN_SOURCE=600 -DNDEBUG -march=x86-64-v3 -O2 -pipe -fno-plt -fexceptions -Wp,-D_FORTIFY_SOURCE=3 -fstack-clash-protection -fcf-protection -Qunused-arguments -Wno-error=implicit-function-declaration  -DNCURSES_STATIC -c ../form/fld_info.c -o ../objects/fld_info.o
clang -I../ncurses -DHAVE_CONFIG_H -DBUILDING_FORM -I. -I../include -D_DEFAULT_SOURCE -D_XOPEN_SOURCE=600 -DNDEBUG -march=x86-64-v3 -O2 -pipe -fno-plt -fexceptions -Wp,-D_FORTIFY_SOURCE=3 -fstack-clash-protection -fcf-protection -Qunused-arguments -Wno-error=implicit-function-declaration  -DNCURSES_STATIC -c ../form/fld_just.c -o ../objects/fld_just.o
clang -I../ncurses -DHAVE_CONFIG_H -DBUILDING_FORM -I. -I../include -D_DEFAULT_SOURCE -D_XOPEN_SOURCE=600 -DNDEBUG -march=x86-64-v3 -O2 -pipe -fno-plt -fexceptions -Wp,-D_FORTIFY_SOURCE=3 -fstack-clash-protection -fcf-protection -Qunused-arguments -Wno-error=implicit-function-declaration  -DNCURSES_STATIC -c ../form/fld_link.c -o ../objects/fld_link.o
clang -I../ncurses -DHAVE_CONFIG_H -DBUILDING_FORM -I. -I../include -D_DEFAULT_SOURCE -D_XOPEN_SOURCE=600 -DNDEBUG -march=x86-64-v3 -O2 -pipe -fno-plt -fexceptions -Wp,-D_FORTIFY_SOURCE=3 -fstack-clash-protection -fcf-protection -Qunused-arguments -Wno-error=implicit-function-declaration  -DNCURSES_STATIC -c ../form/fld_max.c -o ../objects/fld_max.o
clang -I../ncurses -DHAVE_CONFIG_H -DBUILDING_FORM -I. -I../include -D_DEFAULT_SOURCE -D_XOPEN_SOURCE=600 -DNDEBUG -march=x86-64-v3 -O2 -pipe -fno-plt -fexceptions -Wp,-D_FORTIFY_SOURCE=3 -fstack-clash-protection -fcf-protection -Qunused-arguments -Wno-error=implicit-function-declaration  -DNCURSES_STATIC -c ../form/fld_move.c -o ../objects/fld_move.o
clang -I../ncurses -DHAVE_CONFIG_H -DBUILDING_FORM -I. -I../include -D_DEFAULT_SOURCE -D_XOPEN_SOURCE=600 -DNDEBUG -march=x86-64-v3 -O2 -pipe -fno-plt -fexceptions -Wp,-D_FORTIFY_SOURCE=3 -fstack-clash-protection -fcf-protection -Qunused-arguments -Wno-error=implicit-function-declaration  -DNCURSES_STATIC -c ../form/fld_newftyp.c -o ../objects/fld_newftyp.o
clang -I../ncurses -DHAVE_CONFIG_H -DBUILDING_FORM -I. -I../include -D_DEFAULT_SOURCE -D_XOPEN_SOURCE=600 -DNDEBUG -march=x86-64-v3 -O2 -pipe -fno-plt -fexceptions -Wp,-D_FORTIFY_SOURCE=3 -fstack-clash-protection -fcf-protection -Qunused-arguments -Wno-error=implicit-function-declaration  -DNCURSES_STATIC -c ../form/fld_opts.c -o ../objects/fld_opts.o
clang -I../ncurses -DHAVE_CONFIG_H -DBUILDING_FORM -I. -I../include -D_DEFAULT_SOURCE -D_XOPEN_SOURCE=600 -DNDEBUG -march=x86-64-v3 -O2 -pipe -fno-plt -fexceptions -Wp,-D_FORTIFY_SOURCE=3 -fstack-clash-protection -fcf-protection -Qunused-arguments -Wno-error=implicit-function-declaration  -DNCURSES_STATIC -c ../form/fld_pad.c -o ../objects/fld_pad.o
clang -I../ncurses -DHAVE_CONFIG_H -DBUILDING_FORM -I. -I../include -D_DEFAULT_SOURCE -D_XOPEN_SOURCE=600 -DNDEBUG -march=x86-64-v3 -O2 -pipe -fno-plt -fexceptions -Wp,-D_FORTIFY_SOURCE=3 -fstack-clash-protection -fcf-protection -Qunused-arguments -Wno-error=implicit-function-declaration  -DNCURSES_STATIC -c ../form/fld_page.c -o ../objects/fld_page.o
clang -I../ncurses -DHAVE_CONFIG_H -DBUILDING_FORM -I. -I../include -D_DEFAULT_SOURCE -D_XOPEN_SOURCE=600 -DNDEBUG -march=x86-64-v3 -O2 -pipe -fno-plt -fexceptions -Wp,-D_FORTIFY_SOURCE=3 -fstack-clash-protection -fcf-protection -Qunused-arguments -Wno-error=implicit-function-declaration  -DNCURSES_STATIC -c ../form/fld_stat.c -o ../objects/fld_stat.o
clang -I../ncurses -DHAVE_CONFIG_H -DBUILDING_FORM -I. -I../include -D_DEFAULT_SOURCE -D_XOPEN_SOURCE=600 -DNDEBUG -march=x86-64-v3 -O2 -pipe -fno-plt -fexceptions -Wp,-D_FORTIFY_SOURCE=3 -fstack-clash-protection -fcf-protection -Qunused-arguments -Wno-error=implicit-function-declaration  -DNCURSES_STATIC -c ../form/fld_type.c -o ../objects/fld_type.o
clang -I../ncurses -DHAVE_CONFIG_H -DBUILDING_FORM -I. -I../include -D_DEFAULT_SOURCE -D_XOPEN_SOURCE=600 -DNDEBUG -march=x86-64-v3 -O2 -pipe -fno-plt -fexceptions -Wp,-D_FORTIFY_SOURCE=3 -fstack-clash-protection -fcf-protection -Qunused-arguments -Wno-error=implicit-function-declaration  -DNCURSES_STATIC -c ../form/fld_user.c -o ../objects/fld_user.o
clang -I../ncurses -DHAVE_CONFIG_H -DBUILDING_FORM -I. -I../include -D_DEFAULT_SOURCE -D_XOPEN_SOURCE=600 -DNDEBUG -march=x86-64-v3 -O2 -pipe -fno-plt -fexceptions -Wp,-D_FORTIFY_SOURCE=3 -fstack-clash-protection -fcf-protection -Qunused-arguments -Wno-error=implicit-function-declaration  -DNCURSES_STATIC -c ../form/frm_cursor.c -o ../objects/frm_cursor.o
clang -I../ncurses -DHAVE_CONFIG_H -DBUILDING_FORM -I. -I../include -D_DEFAULT_SOURCE -D_XOPEN_SOURCE=600 -DNDEBUG -march=x86-64-v3 -O2 -pipe -fno-plt -fexceptions -Wp,-D_FORTIFY_SOURCE=3 -fstack-clash-protection -fcf-protection -Qunused-arguments -Wno-error=implicit-function-declaration  -DNCURSES_STATIC -c ../form/frm_data.c -o ../objects/frm_data.o
clang -I../ncurses -DHAVE_CONFIG_H -DBUILDING_FORM -I. -I../include -D_DEFAULT_SOURCE -D_XOPEN_SOURCE=600 -DNDEBUG -march=x86-64-v3 -O2 -pipe -fno-plt -fexceptions -Wp,-D_FORTIFY_SOURCE=3 -fstack-clash-protection -fcf-protection -Qunused-arguments -Wno-error=implicit-function-declaration  -DNCURSES_STATIC -c ../form/frm_def.c -o ../objects/frm_def.o
clang -I../ncurses -DHAVE_CONFIG_H -DBUILDING_FORM -I. -I../include -D_DEFAULT_SOURCE -D_XOPEN_SOURCE=600 -DNDEBUG -march=x86-64-v3 -O2 -pipe -fno-plt -fexceptions -Wp,-D_FORTIFY_SOURCE=3 -fstack-clash-protection -fcf-protection -Qunused-arguments -Wno-error=implicit-function-declaration  -DNCURSES_STATIC -c ../form/frm_driver.c -o ../objects/frm_driver.o
clang -I../ncurses -DHAVE_CONFIG_H -DBUILDING_FORM -I. -I../include -D_DEFAULT_SOURCE -D_XOPEN_SOURCE=600 -DNDEBUG -march=x86-64-v3 -O2 -pipe -fno-plt -fexceptions -Wp,-D_FORTIFY_SOURCE=3 -fstack-clash-protection -fcf-protection -Qunused-arguments -Wno-error=implicit-function-declaration  -DNCURSES_STATIC -c ../form/frm_hook.c -o ../objects/frm_hook.o
clang -I../ncurses -DHAVE_CONFIG_H -DBUILDING_FORM -I. -I../include -D_DEFAULT_SOURCE -D_XOPEN_SOURCE=600 -DNDEBUG -march=x86-64-v3 -O2 -pipe -fno-plt -fexceptions -Wp,-D_FORTIFY_SOURCE=3 -fstack-clash-protection -fcf-protection -Qunused-arguments -Wno-error=implicit-function-declaration  -DNCURSES_STATIC -c ../form/frm_opts.c -o ../objects/frm_opts.o
clang -I../ncurses -DHAVE_CONFIG_H -DBUILDING_FORM -I. -I../include -D_DEFAULT_SOURCE -D_XOPEN_SOURCE=600 -DNDEBUG -march=x86-64-v3 -O2 -pipe -fno-plt -fexceptions -Wp,-D_FORTIFY_SOURCE=3 -fstack-clash-protection -fcf-protection -Qunused-arguments -Wno-error=implicit-function-declaration  -DNCURSES_STATIC -c ../form/frm_page.c -o ../objects/frm_page.o
clang -I../ncurses -DHAVE_CONFIG_H -DBUILDING_FORM -I. -I../include -D_DEFAULT_SOURCE -D_XOPEN_SOURCE=600 -DNDEBUG -march=x86-64-v3 -O2 -pipe -fno-plt -fexceptions -Wp,-D_FORTIFY_SOURCE=3 -fstack-clash-protection -fcf-protection -Qunused-arguments -Wno-error=implicit-function-declaration  -DNCURSES_STATIC -c ../form/frm_post.c -o ../objects/frm_post.o
clang -I../ncurses -DHAVE_CONFIG_H -DBUILDING_FORM -I. -I../include -D_DEFAULT_SOURCE -D_XOPEN_SOURCE=600 -DNDEBUG -march=x86-64-v3 -O2 -pipe -fno-plt -fexceptions -Wp,-D_FORTIFY_SOURCE=3 -fstack-clash-protection -fcf-protection -Qunused-arguments -Wno-error=implicit-function-declaration  -DNCURSES_STATIC -c ../form/frm_req_name.c -o ../objects/frm_req_name.o
clang -I../ncurses -DHAVE_CONFIG_H -DBUILDING_FORM -I. -I../include -D_DEFAULT_SOURCE -D_XOPEN_SOURCE=600 -DNDEBUG -march=x86-64-v3 -O2 -pipe -fno-plt -fexceptions -Wp,-D_FORTIFY_SOURCE=3 -fstack-clash-protection -fcf-protection -Qunused-arguments -Wno-error=implicit-function-declaration  -DNCURSES_STATIC -c ../form/frm_scale.c -o ../objects/frm_scale.o
clang -I../ncurses -DHAVE_CONFIG_H -DBUILDING_FORM -I. -I../include -D_DEFAULT_SOURCE -D_XOPEN_SOURCE=600 -DNDEBUG -march=x86-64-v3 -O2 -pipe -fno-plt -fexceptions -Wp,-D_FORTIFY_SOURCE=3 -fstack-clash-protection -fcf-protection -Qunused-arguments -Wno-error=implicit-function-declaration  -DNCURSES_STATIC -c ../form/frm_sub.c -o ../objects/frm_sub.o
clang -I../ncurses -DHAVE_CONFIG_H -DBUILDING_FORM -I. -I../include -D_DEFAULT_SOURCE -D_XOPEN_SOURCE=600 -DNDEBUG -march=x86-64-v3 -O2 -pipe -fno-plt -fexceptions -Wp,-D_FORTIFY_SOURCE=3 -fstack-clash-protection -fcf-protection -Qunused-arguments -Wno-error=implicit-function-declaration  -DNCURSES_STATIC -c ../form/frm_user.c -o ../objects/frm_user.o
clang -I../ncurses -DHAVE_CONFIG_H -DBUILDING_FORM -I. -I../include -D_DEFAULT_SOURCE -D_XOPEN_SOURCE=600 -DNDEBUG -march=x86-64-v3 -O2 -pipe -fno-plt -fexceptions -Wp,-D_FORTIFY_SOURCE=3 -fstack-clash-protection -fcf-protection -Qunused-arguments -Wno-error=implicit-function-declaration  -DNCURSES_STATIC -c ../form/frm_win.c -o ../objects/frm_win.o
clang -I../ncurses -DHAVE_CONFIG_H -DBUILDING_FORM -I. -I../include -D_DEFAULT_SOURCE -D_XOPEN_SOURCE=600 -DNDEBUG -march=x86-64-v3 -O2 -pipe -fno-plt -fexceptions -Wp,-D_FORTIFY_SOURCE=3 -fstack-clash-protection -fcf-protection -Qunused-arguments -Wno-error=implicit-function-declaration  -DNCURSES_STATIC -c ../form/fty_alnum.c -o ../objects/fty_alnum.o
clang -I../ncurses -DHAVE_CONFIG_H -DBUILDING_FORM -I. -I../include -D_DEFAULT_SOURCE -D_XOPEN_SOURCE=600 -DNDEBUG -march=x86-64-v3 -O2 -pipe -fno-plt -fexceptions -Wp,-D_FORTIFY_SOURCE=3 -fstack-clash-protection -fcf-protection -Qunused-arguments -Wno-error=implicit-function-declaration  -DNCURSES_STATIC -c ../form/fty_alpha.c -o ../objects/fty_alpha.o
clang -I../ncurses -DHAVE_CONFIG_H -DBUILDING_FORM -I. -I../include -D_DEFAULT_SOURCE -D_XOPEN_SOURCE=600 -DNDEBUG -march=x86-64-v3 -O2 -pipe -fno-plt -fexceptions -Wp,-D_FORTIFY_SOURCE=3 -fstack-clash-protection -fcf-protection -Qunused-arguments -Wno-error=implicit-function-declaration  -DNCURSES_STATIC -c ../form/fty_enum.c -o ../objects/fty_enum.o
clang -I../ncurses -DHAVE_CONFIG_H -DBUILDING_FORM -I. -I../include -D_DEFAULT_SOURCE -D_XOPEN_SOURCE=600 -DNDEBUG -march=x86-64-v3 -O2 -pipe -fno-plt -fexceptions -Wp,-D_FORTIFY_SOURCE=3 -fstack-clash-protection -fcf-protection -Qunused-arguments -Wno-error=implicit-function-declaration  -DNCURSES_STATIC -c ../form/fty_generic.c -o ../objects/fty_generic.o
clang -I../ncurses -DHAVE_CONFIG_H -DBUILDING_FORM -I. -I../include -D_DEFAULT_SOURCE -D_XOPEN_SOURCE=600 -DNDEBUG -march=x86-64-v3 -O2 -pipe -fno-plt -fexceptions -Wp,-D_FORTIFY_SOURCE=3 -fstack-clash-protection -fcf-protection -Qunused-arguments -Wno-error=implicit-function-declaration  -DNCURSES_STATIC -c ../form/fty_int.c -o ../objects/fty_int.o
clang -I../ncurses -DHAVE_CONFIG_H -DBUILDING_FORM -I. -I../include -D_DEFAULT_SOURCE -D_XOPEN_SOURCE=600 -DNDEBUG -march=x86-64-v3 -O2 -pipe -fno-plt -fexceptions -Wp,-D_FORTIFY_SOURCE=3 -fstack-clash-protection -fcf-protection -Qunused-arguments -Wno-error=implicit-function-declaration  -DNCURSES_STATIC -c ../form/fty_ipv4.c -o ../objects/fty_ipv4.o
clang -I../ncurses -DHAVE_CONFIG_H -DBUILDING_FORM -I. -I../include -D_DEFAULT_SOURCE -D_XOPEN_SOURCE=600 -DNDEBUG -march=x86-64-v3 -O2 -pipe -fno-plt -fexceptions -Wp,-D_FORTIFY_SOURCE=3 -fstack-clash-protection -fcf-protection -Qunused-arguments -Wno-error=implicit-function-declaration  -DNCURSES_STATIC -c ../form/fty_num.c -o ../objects/fty_num.o
clang -I../ncurses -DHAVE_CONFIG_H -DBUILDING_FORM -I. -I../include -D_DEFAULT_SOURCE -D_XOPEN_SOURCE=600 -DNDEBUG -march=x86-64-v3 -O2 -pipe -fno-plt -fexceptions -Wp,-D_FORTIFY_SOURCE=3 -fstack-clash-protection -fcf-protection -Qunused-arguments -Wno-error=implicit-function-declaration  -DNCURSES_STATIC -c ../form/fty_regex.c -o ../objects/fty_regex.o
clang -I../ncurses -DHAVE_CONFIG_H -DBUILDING_FORM -I. -I../include -D_DEFAULT_SOURCE -D_XOPEN_SOURCE=600 -DNDEBUG -march=x86-64-v3 -O2 -pipe -fno-plt -fexceptions -Wp,-D_FORTIFY_SOURCE=3 -fstack-clash-protection -fcf-protection -Qunused-arguments -Wno-error=implicit-function-declaration  -DNCURSES_STATIC -g -DTRACE -c ../form/f_trace.c -o ../obj_g/f_trace.o
clang -I../ncurses -DHAVE_CONFIG_H -DBUILDING_FORM -I. -I../include -D_DEFAULT_SOURCE -D_XOPEN_SOURCE=600 -DNDEBUG -march=x86-64-v3 -O2 -pipe -fno-plt -fexceptions -Wp,-D_FORTIFY_SOURCE=3 -fstack-clash-protection -fcf-protection -Qunused-arguments -Wno-error=implicit-function-declaration  -DNCURSES_STATIC -g -DTRACE -c ../form/fld_arg.c -o ../obj_g/fld_arg.o
clang -I../ncurses -DHAVE_CONFIG_H -DBUILDING_FORM -I. -I../include -D_DEFAULT_SOURCE -D_XOPEN_SOURCE=600 -DNDEBUG -march=x86-64-v3 -O2 -pipe -fno-plt -fexceptions -Wp,-D_FORTIFY_SOURCE=3 -fstack-clash-protection -fcf-protection -Qunused-arguments -Wno-error=implicit-function-declaration  -DNCURSES_STATIC -g -DTRACE -c ../form/fld_attr.c -o ../obj_g/fld_attr.o
clang -I../ncurses -DHAVE_CONFIG_H -DBUILDING_FORM -I. -I../include -D_DEFAULT_SOURCE -D_XOPEN_SOURCE=600 -DNDEBUG -march=x86-64-v3 -O2 -pipe -fno-plt -fexceptions -Wp,-D_FORTIFY_SOURCE=3 -fstack-clash-protection -fcf-protection -Qunused-arguments -Wno-error=implicit-function-declaration  -DNCURSES_STATIC -g -DTRACE -c ../form/fld_current.c -o ../obj_g/fld_current.o
clang -I../ncurses -DHAVE_CONFIG_H -DBUILDING_FORM -I. -I../include -D_DEFAULT_SOURCE -D_XOPEN_SOURCE=600 -DNDEBUG -march=x86-64-v3 -O2 -pipe -fno-plt -fexceptions -Wp,-D_FORTIFY_SOURCE=3 -fstack-clash-protection -fcf-protection -Qunused-arguments -Wno-error=implicit-function-declaration  -DNCURSES_STATIC -g -DTRACE -c ../form/fld_def.c -o ../obj_g/fld_def.o
clang -I../ncurses -DHAVE_CONFIG_H -DBUILDING_FORM -I. -I../include -D_DEFAULT_SOURCE -D_XOPEN_SOURCE=600 -DNDEBUG -march=x86-64-v3 -O2 -pipe -fno-plt -fexceptions -Wp,-D_FORTIFY_SOURCE=3 -fstack-clash-protection -fcf-protection -Qunused-arguments -Wno-error=implicit-function-declaration  -DNCURSES_STATIC -g -DTRACE -c ../form/fld_dup.c -o ../obj_g/fld_dup.o
clang -I../ncurses -DHAVE_CONFIG_H -DBUILDING_FORM -I. -I../include -D_DEFAULT_SOURCE -D_XOPEN_SOURCE=600 -DNDEBUG -march=x86-64-v3 -O2 -pipe -fno-plt -fexceptions -Wp,-D_FORTIFY_SOURCE=3 -fstack-clash-protection -fcf-protection -Qunused-arguments -Wno-error=implicit-function-declaration  -DNCURSES_STATIC -g -DTRACE -c ../form/fld_ftchoice.c -o ../obj_g/fld_ftchoice.o
clang -I../ncurses -DHAVE_CONFIG_H -DBUILDING_FORM -I. -I../include -D_DEFAULT_SOURCE -D_XOPEN_SOURCE=600 -DNDEBUG -march=x86-64-v3 -O2 -pipe -fno-plt -fexceptions -Wp,-D_FORTIFY_SOURCE=3 -fstack-clash-protection -fcf-protection -Qunused-arguments -Wno-error=implicit-function-declaration  -DNCURSES_STATIC -g -DTRACE -c ../form/fld_ftlink.c -o ../obj_g/fld_ftlink.o
clang -I../ncurses -DHAVE_CONFIG_H -DBUILDING_FORM -I. -I../include -D_DEFAULT_SOURCE -D_XOPEN_SOURCE=600 -DNDEBUG -march=x86-64-v3 -O2 -pipe -fno-plt -fexceptions -Wp,-D_FORTIFY_SOURCE=3 -fstack-clash-protection -fcf-protection -Qunused-arguments -Wno-error=implicit-function-declaration  -DNCURSES_STATIC -g -DTRACE -c ../form/fld_info.c -o ../obj_g/fld_info.o
clang -I../ncurses -DHAVE_CONFIG_H -DBUILDING_FORM -I. -I../include -D_DEFAULT_SOURCE -D_XOPEN_SOURCE=600 -DNDEBUG -march=x86-64-v3 -O2 -pipe -fno-plt -fexceptions -Wp,-D_FORTIFY_SOURCE=3 -fstack-clash-protection -fcf-protection -Qunused-arguments -Wno-error=implicit-function-declaration  -DNCURSES_STATIC -g -DTRACE -c ../form/fld_just.c -o ../obj_g/fld_just.o
clang -I../ncurses -DHAVE_CONFIG_H -DBUILDING_FORM -I. -I../include -D_DEFAULT_SOURCE -D_XOPEN_SOURCE=600 -DNDEBUG -march=x86-64-v3 -O2 -pipe -fno-plt -fexceptions -Wp,-D_FORTIFY_SOURCE=3 -fstack-clash-protection -fcf-protection -Qunused-arguments -Wno-error=implicit-function-declaration  -DNCURSES_STATIC -g -DTRACE -c ../form/fld_link.c -o ../obj_g/fld_link.o
clang -I../ncurses -DHAVE_CONFIG_H -DBUILDING_FORM -I. -I../include -D_DEFAULT_SOURCE -D_XOPEN_SOURCE=600 -DNDEBUG -march=x86-64-v3 -O2 -pipe -fno-plt -fexceptions -Wp,-D_FORTIFY_SOURCE=3 -fstack-clash-protection -fcf-protection -Qunused-arguments -Wno-error=implicit-function-declaration  -DNCURSES_STATIC -g -DTRACE -c ../form/fld_max.c -o ../obj_g/fld_max.o
clang -I../ncurses -DHAVE_CONFIG_H -DBUILDING_FORM -I. -I../include -D_DEFAULT_SOURCE -D_XOPEN_SOURCE=600 -DNDEBUG -march=x86-64-v3 -O2 -pipe -fno-plt -fexceptions -Wp,-D_FORTIFY_SOURCE=3 -fstack-clash-protection -fcf-protection -Qunused-arguments -Wno-error=implicit-function-declaration  -DNCURSES_STATIC -g -DTRACE -c ../form/fld_move.c -o ../obj_g/fld_move.o
clang -I../ncurses -DHAVE_CONFIG_H -DBUILDING_FORM -I. -I../include -D_DEFAULT_SOURCE -D_XOPEN_SOURCE=600 -DNDEBUG -march=x86-64-v3 -O2 -pipe -fno-plt -fexceptions -Wp,-D_FORTIFY_SOURCE=3 -fstack-clash-protection -fcf-protection -Qunused-arguments -Wno-error=implicit-function-declaration  -DNCURSES_STATIC -g -DTRACE -c ../form/fld_newftyp.c -o ../obj_g/fld_newftyp.o
clang -I../ncurses -DHAVE_CONFIG_H -DBUILDING_FORM -I. -I../include -D_DEFAULT_SOURCE -D_XOPEN_SOURCE=600 -DNDEBUG -march=x86-64-v3 -O2 -pipe -fno-plt -fexceptions -Wp,-D_FORTIFY_SOURCE=3 -fstack-clash-protection -fcf-protection -Qunused-arguments -Wno-error=implicit-function-declaration  -DNCURSES_STATIC -g -DTRACE -c ../form/fld_opts.c -o ../obj_g/fld_opts.o
clang -I../ncurses -DHAVE_CONFIG_H -DBUILDING_FORM -I. -I../include -D_DEFAULT_SOURCE -D_XOPEN_SOURCE=600 -DNDEBUG -march=x86-64-v3 -O2 -pipe -fno-plt -fexceptions -Wp,-D_FORTIFY_SOURCE=3 -fstack-clash-protection -fcf-protection -Qunused-arguments -Wno-error=implicit-function-declaration  -DNCURSES_STATIC -g -DTRACE -c ../form/fld_pad.c -o ../obj_g/fld_pad.o
clang -I../ncurses -DHAVE_CONFIG_H -DBUILDING_FORM -I. -I../include -D_DEFAULT_SOURCE -D_XOPEN_SOURCE=600 -DNDEBUG -march=x86-64-v3 -O2 -pipe -fno-plt -fexceptions -Wp,-D_FORTIFY_SOURCE=3 -fstack-clash-protection -fcf-protection -Qunused-arguments -Wno-error=implicit-function-declaration  -DNCURSES_STATIC -g -DTRACE -c ../form/fld_page.c -o ../obj_g/fld_page.o
clang -I../ncurses -DHAVE_CONFIG_H -DBUILDING_FORM -I. -I../include -D_DEFAULT_SOURCE -D_XOPEN_SOURCE=600 -DNDEBUG -march=x86-64-v3 -O2 -pipe -fno-plt -fexceptions -Wp,-D_FORTIFY_SOURCE=3 -fstack-clash-protection -fcf-protection -Qunused-arguments -Wno-error=implicit-function-declaration  -DNCURSES_STATIC -g -DTRACE -c ../form/fld_stat.c -o ../obj_g/fld_stat.o
clang -I../ncurses -DHAVE_CONFIG_H -DBUILDING_FORM -I. -I../include -D_DEFAULT_SOURCE -D_XOPEN_SOURCE=600 -DNDEBUG -march=x86-64-v3 -O2 -pipe -fno-plt -fexceptions -Wp,-D_FORTIFY_SOURCE=3 -fstack-clash-protection -fcf-protection -Qunused-arguments -Wno-error=implicit-function-declaration  -DNCURSES_STATIC -g -DTRACE -c ../form/fld_type.c -o ../obj_g/fld_type.o
clang -I../ncurses -DHAVE_CONFIG_H -DBUILDING_FORM -I. -I../include -D_DEFAULT_SOURCE -D_XOPEN_SOURCE=600 -DNDEBUG -march=x86-64-v3 -O2 -pipe -fno-plt -fexceptions -Wp,-D_FORTIFY_SOURCE=3 -fstack-clash-protection -fcf-protection -Qunused-arguments -Wno-error=implicit-function-declaration  -DNCURSES_STATIC -g -DTRACE -c ../form/fld_user.c -o ../obj_g/fld_user.o
clang -I../ncurses -DHAVE_CONFIG_H -DBUILDING_FORM -I. -I../include -D_DEFAULT_SOURCE -D_XOPEN_SOURCE=600 -DNDEBUG -march=x86-64-v3 -O2 -pipe -fno-plt -fexceptions -Wp,-D_FORTIFY_SOURCE=3 -fstack-clash-protection -fcf-protection -Qunused-arguments -Wno-error=implicit-function-declaration  -DNCURSES_STATIC -g -DTRACE -c ../form/frm_cursor.c -o ../obj_g/frm_cursor.o
clang -I../ncurses -DHAVE_CONFIG_H -DBUILDING_FORM -I. -I../include -D_DEFAULT_SOURCE -D_XOPEN_SOURCE=600 -DNDEBUG -march=x86-64-v3 -O2 -pipe -fno-plt -fexceptions -Wp,-D_FORTIFY_SOURCE=3 -fstack-clash-protection -fcf-protection -Qunused-arguments -Wno-error=implicit-function-declaration  -DNCURSES_STATIC -g -DTRACE -c ../form/frm_data.c -o ../obj_g/frm_data.o
clang -I../ncurses -DHAVE_CONFIG_H -DBUILDING_FORM -I. -I../include -D_DEFAULT_SOURCE -D_XOPEN_SOURCE=600 -DNDEBUG -march=x86-64-v3 -O2 -pipe -fno-plt -fexceptions -Wp,-D_FORTIFY_SOURCE=3 -fstack-clash-protection -fcf-protection -Qunused-arguments -Wno-error=implicit-function-declaration  -DNCURSES_STATIC -g -DTRACE -c ../form/frm_def.c -o ../obj_g/frm_def.o
clang -I../ncurses -DHAVE_CONFIG_H -DBUILDING_FORM -I. -I../include -D_DEFAULT_SOURCE -D_XOPEN_SOURCE=600 -DNDEBUG -march=x86-64-v3 -O2 -pipe -fno-plt -fexceptions -Wp,-D_FORTIFY_SOURCE=3 -fstack-clash-protection -fcf-protection -Qunused-arguments -Wno-error=implicit-function-declaration  -DNCURSES_STATIC -g -DTRACE -c ../form/frm_driver.c -o ../obj_g/frm_driver.o
clang -I../ncurses -DHAVE_CONFIG_H -DBUILDING_FORM -I. -I../include -D_DEFAULT_SOURCE -D_XOPEN_SOURCE=600 -DNDEBUG -march=x86-64-v3 -O2 -pipe -fno-plt -fexceptions -Wp,-D_FORTIFY_SOURCE=3 -fstack-clash-protection -fcf-protection -Qunused-arguments -Wno-error=implicit-function-declaration  -DNCURSES_STATIC -g -DTRACE -c ../form/frm_hook.c -o ../obj_g/frm_hook.o
clang -I../ncurses -DHAVE_CONFIG_H -DBUILDING_FORM -I. -I../include -D_DEFAULT_SOURCE -D_XOPEN_SOURCE=600 -DNDEBUG -march=x86-64-v3 -O2 -pipe -fno-plt -fexceptions -Wp,-D_FORTIFY_SOURCE=3 -fstack-clash-protection -fcf-protection -Qunused-arguments -Wno-error=implicit-function-declaration  -DNCURSES_STATIC -g -DTRACE -c ../form/frm_opts.c -o ../obj_g/frm_opts.o
clang -I../ncurses -DHAVE_CONFIG_H -DBUILDING_FORM -I. -I../include -D_DEFAULT_SOURCE -D_XOPEN_SOURCE=600 -DNDEBUG -march=x86-64-v3 -O2 -pipe -fno-plt -fexceptions -Wp,-D_FORTIFY_SOURCE=3 -fstack-clash-protection -fcf-protection -Qunused-arguments -Wno-error=implicit-function-declaration  -DNCURSES_STATIC -g -DTRACE -c ../form/frm_page.c -o ../obj_g/frm_page.o
clang -I../ncurses -DHAVE_CONFIG_H -DBUILDING_FORM -I. -I../include -D_DEFAULT_SOURCE -D_XOPEN_SOURCE=600 -DNDEBUG -march=x86-64-v3 -O2 -pipe -fno-plt -fexceptions -Wp,-D_FORTIFY_SOURCE=3 -fstack-clash-protection -fcf-protection -Qunused-arguments -Wno-error=implicit-function-declaration  -DNCURSES_STATIC -g -DTRACE -c ../form/frm_post.c -o ../obj_g/frm_post.o
clang -I../ncurses -DHAVE_CONFIG_H -DBUILDING_FORM -I. -I../include -D_DEFAULT_SOURCE -D_XOPEN_SOURCE=600 -DNDEBUG -march=x86-64-v3 -O2 -pipe -fno-plt -fexceptions -Wp,-D_FORTIFY_SOURCE=3 -fstack-clash-protection -fcf-protection -Qunused-arguments -Wno-error=implicit-function-declaration  -DNCURSES_STATIC -g -DTRACE -c ../form/frm_req_name.c -o ../obj_g/frm_req_name.o
clang -I../ncurses -DHAVE_CONFIG_H -DBUILDING_FORM -I. -I../include -D_DEFAULT_SOURCE -D_XOPEN_SOURCE=600 -DNDEBUG -march=x86-64-v3 -O2 -pipe -fno-plt -fexceptions -Wp,-D_FORTIFY_SOURCE=3 -fstack-clash-protection -fcf-protection -Qunused-arguments -Wno-error=implicit-function-declaration  -DNCURSES_STATIC -g -DTRACE -c ../form/frm_scale.c -o ../obj_g/frm_scale.o
clang -I../ncurses -DHAVE_CONFIG_H -DBUILDING_FORM -I. -I../include -D_DEFAULT_SOURCE -D_XOPEN_SOURCE=600 -DNDEBUG -march=x86-64-v3 -O2 -pipe -fno-plt -fexceptions -Wp,-D_FORTIFY_SOURCE=3 -fstack-clash-protection -fcf-protection -Qunused-arguments -Wno-error=implicit-function-declaration  -DNCURSES_STATIC -g -DTRACE -c ../form/frm_sub.c -o ../obj_g/frm_sub.o
clang -I../ncurses -DHAVE_CONFIG_H -DBUILDING_FORM -I. -I../include -D_DEFAULT_SOURCE -D_XOPEN_SOURCE=600 -DNDEBUG -march=x86-64-v3 -O2 -pipe -fno-plt -fexceptions -Wp,-D_FORTIFY_SOURCE=3 -fstack-clash-protection -fcf-protection -Qunused-arguments -Wno-error=implicit-function-declaration  -DNCURSES_STATIC -g -DTRACE -c ../form/frm_user.c -o ../obj_g/frm_user.o
clang -I../ncurses -DHAVE_CONFIG_H -DBUILDING_FORM -I. -I../include -D_DEFAULT_SOURCE -D_XOPEN_SOURCE=600 -DNDEBUG -march=x86-64-v3 -O2 -pipe -fno-plt -fexceptions -Wp,-D_FORTIFY_SOURCE=3 -fstack-clash-protection -fcf-protection -Qunused-arguments -Wno-error=implicit-function-declaration  -DNCURSES_STATIC -g -DTRACE -c ../form/frm_win.c -o ../obj_g/frm_win.o
clang -I../ncurses -DHAVE_CONFIG_H -DBUILDING_FORM -I. -I../include -D_DEFAULT_SOURCE -D_XOPEN_SOURCE=600 -DNDEBUG -march=x86-64-v3 -O2 -pipe -fno-plt -fexceptions -Wp,-D_FORTIFY_SOURCE=3 -fstack-clash-protection -fcf-protection -Qunused-arguments -Wno-error=implicit-function-declaration  -DNCURSES_STATIC -g -DTRACE -c ../form/fty_alnum.c -o ../obj_g/fty_alnum.o
clang -I../ncurses -DHAVE_CONFIG_H -DBUILDING_FORM -I. -I../include -D_DEFAULT_SOURCE -D_XOPEN_SOURCE=600 -DNDEBUG -march=x86-64-v3 -O2 -pipe -fno-plt -fexceptions -Wp,-D_FORTIFY_SOURCE=3 -fstack-clash-protection -fcf-protection -Qunused-arguments -Wno-error=implicit-function-declaration  -DNCURSES_STATIC -g -DTRACE -c ../form/fty_alpha.c -o ../obj_g/fty_alpha.o
clang -I../ncurses -DHAVE_CONFIG_H -DBUILDING_FORM -I. -I../include -D_DEFAULT_SOURCE -D_XOPEN_SOURCE=600 -DNDEBUG -march=x86-64-v3 -O2 -pipe -fno-plt -fexceptions -Wp,-D_FORTIFY_SOURCE=3 -fstack-clash-protection -fcf-protection -Qunused-arguments -Wno-error=implicit-function-declaration  -DNCURSES_STATIC -g -DTRACE -c ../form/fty_enum.c -o ../obj_g/fty_enum.o
clang -I../ncurses -DHAVE_CONFIG_H -DBUILDING_FORM -I. -I../include -D_DEFAULT_SOURCE -D_XOPEN_SOURCE=600 -DNDEBUG -march=x86-64-v3 -O2 -pipe -fno-plt -fexceptions -Wp,-D_FORTIFY_SOURCE=3 -fstack-clash-protection -fcf-protection -Qunused-arguments -Wno-error=implicit-function-declaration  -DNCURSES_STATIC -g -DTRACE -c ../form/fty_generic.c -o ../obj_g/fty_generic.o
clang -I../ncurses -DHAVE_CONFIG_H -DBUILDING_FORM -I. -I../include -D_DEFAULT_SOURCE -D_XOPEN_SOURCE=600 -DNDEBUG -march=x86-64-v3 -O2 -pipe -fno-plt -fexceptions -Wp,-D_FORTIFY_SOURCE=3 -fstack-clash-protection -fcf-protection -Qunused-arguments -Wno-error=implicit-function-declaration  -DNCURSES_STATIC -g -DTRACE -c ../form/fty_int.c -o ../obj_g/fty_int.o
clang -I../ncurses -DHAVE_CONFIG_H -DBUILDING_FORM -I. -I../include -D_DEFAULT_SOURCE -D_XOPEN_SOURCE=600 -DNDEBUG -march=x86-64-v3 -O2 -pipe -fno-plt -fexceptions -Wp,-D_FORTIFY_SOURCE=3 -fstack-clash-protection -fcf-protection -Qunused-arguments -Wno-error=implicit-function-declaration  -DNCURSES_STATIC -g -DTRACE -c ../form/fty_ipv4.c -o ../obj_g/fty_ipv4.o
clang -I../ncurses -DHAVE_CONFIG_H -DBUILDING_FORM -I. -I../include -D_DEFAULT_SOURCE -D_XOPEN_SOURCE=600 -DNDEBUG -march=x86-64-v3 -O2 -pipe -fno-plt -fexceptions -Wp,-D_FORTIFY_SOURCE=3 -fstack-clash-protection -fcf-protection -Qunused-arguments -Wno-error=implicit-function-declaration  -DNCURSES_STATIC -g -DTRACE -c ../form/fty_num.c -o ../obj_g/fty_num.o
clang -I../ncurses -DHAVE_CONFIG_H -DBUILDING_FORM -I. -I../include -D_DEFAULT_SOURCE -D_XOPEN_SOURCE=600 -DNDEBUG -march=x86-64-v3 -O2 -pipe -fno-plt -fexceptions -Wp,-D_FORTIFY_SOURCE=3 -fstack-clash-protection -fcf-protection -Qunused-arguments -Wno-error=implicit-function-declaration  -DNCURSES_STATIC -g -DTRACE -c ../form/fty_regex.c -o ../obj_g/fty_regex.o
linking ../lib/libformw.so.6.6
clang -Wl,-O1 -Wl,--sort-common -Wl,--as-needed -Wl,-z,relro -Wl,-z,now -Wl,--undefined-version -Wl,--hash-style=gnu -Wl,--compress-debug-sections=zstd   -march=x86-64-v3 -O2 -pipe -fno-plt -fexceptions -Wp,-D_FORTIFY_SOURCE=3 -fstack-clash-protection -fcf-protection -Qunused-arguments -Wno-error=implicit-function-declaration  -shared -Wl,--version-script,resulting.map -Wl,-soname,`basename ../lib/libformw.so.6.6 .6.6`.6,-stats,-lc -o ../lib/libformw.so.6.6 ../obj_s/fld_arg.o ../obj_s/fld_attr.o ../obj_s/fld_current.o ../obj_s/fld_def.o ../obj_s/fld_dup.o ../obj_s/fld_ftchoice.o ../obj_s/fld_ftlink.o ../obj_s/fld_info.o ../obj_s/fld_just.o ../obj_s/fld_link.o ../obj_s/fld_max.o ../obj_s/fld_move.o ../obj_s/fld_newftyp.o ../obj_s/fld_opts.o ../obj_s/fld_pad.o ../obj_s/fld_page.o ../obj_s/fld_stat.o ../obj_s/fld_type.o ../obj_s/fld_user.o ../obj_s/frm_cursor.o ../obj_s/frm_data.o ../obj_s/frm_def.o ../obj_s/frm_driver.o ../obj_s/frm_hook.o ../obj_s/frm_opts.o ../obj_s/frm_page.o ../obj_s/frm_post.o ../obj_s/frm_req_name.o ../obj_s/frm_scale.o ../obj_s/frm_sub.o ../obj_s/frm_user.o ../obj_s/frm_win.o ../obj_s/fty_alnum.o ../obj_s/fty_alpha.o ../obj_s/fty_enum.o ../obj_s/fty_generic.o ../obj_s/fty_int.o ../obj_s/fty_ipv4.o ../obj_s/fty_num.o ../obj_s/fty_regex.o -L../lib -lncursesw
cd ../lib && (ln -s -f libformw.so.6.6 libformw.so.6; ln -s -f libformw.so.6 libformw.so; )
llvm-ar -curvU ../lib/libformw.a ../objects/fld_arg.o ../objects/fld_attr.o ../objects/fld_current.o ../objects/fld_def.o ../objects/fld_dup.o ../objects/fld_ftchoice.o ../objects/fld_ftlink.o ../objects/fld_info.o ../objects/fld_just.o ../objects/fld_link.o ../objects/fld_max.o ../objects/fld_move.o ../objects/fld_newftyp.o ../objects/fld_opts.o ../objects/fld_pad.o ../objects/fld_page.o ../objects/fld_stat.o ../objects/fld_type.o ../objects/fld_user.o ../objects/frm_cursor.o ../objects/frm_data.o ../objects/frm_def.o ../objects/frm_driver.o ../objects/frm_hook.o ../objects/frm_opts.o ../objects/frm_page.o ../objects/frm_post.o ../objects/frm_req_name.o ../objects/frm_scale.o ../objects/frm_sub.o ../objects/frm_user.o ../objects/frm_win.o ../objects/fty_alnum.o ../objects/fty_alpha.o ../objects/fty_enum.o ../objects/fty_generic.o ../objects/fty_int.o ../objects/fty_ipv4.o ../objects/fty_num.o ../objects/fty_regex.o
llvm-ranlib ../lib/libformw.a
llvm-ar -curvU ../lib/libformw_g.a ../obj_g/f_trace.o ../obj_g/fld_arg.o ../obj_g/fld_attr.o ../obj_g/fld_current.o ../obj_g/fld_def.o ../obj_g/fld_dup.o ../obj_g/fld_ftchoice.o ../obj_g/fld_ftlink.o ../obj_g/fld_info.o ../obj_g/fld_just.o ../obj_g/fld_link.o ../obj_g/fld_max.o ../obj_g/fld_move.o ../obj_g/fld_newftyp.o ../obj_g/fld_opts.o ../obj_g/fld_pad.o ../obj_g/fld_page.o ../obj_g/fld_stat.o ../obj_g/fld_type.o ../obj_g/fld_user.o ../obj_g/frm_cursor.o ../obj_g/frm_data.o ../obj_g/frm_def.o ../obj_g/frm_driver.o ../obj_g/frm_hook.o ../obj_g/frm_opts.o ../obj_g/frm_page.o ../obj_g/frm_post.o ../obj_g/frm_req_name.o ../obj_g/frm_scale.o ../obj_g/frm_sub.o ../obj_g/frm_user.o ../obj_g/frm_win.o ../obj_g/fty_alnum.o ../obj_g/fty_alpha.o ../obj_g/fty_enum.o ../obj_g/fty_generic.o ../obj_g/fty_int.o ../obj_g/fty_ipv4.o ../obj_g/fty_num.o ../obj_g/fty_regex.o
llvm-ranlib ../lib/libformw_g.a
make[1]: Leaving directory '/home/builder/build/src/ncurses/form'
( cd test && make DESTDIR="" RPATH_LIST="/usr/lib" all )
make[1]: Entering directory '/home/builder/build/src/ncurses/test'
clang -I. -I. -I../test -DHAVE_CONFIG_H -DDATA_DIR=\"/usr/share\" -I. -I../include -D_DEFAULT_SOURCE -D_XOPEN_SOURCE=600 -DNDEBUG -march=x86-64-v3 -O2 -pipe -fno-plt -fexceptions -Wp,-D_FORTIFY_SOURCE=3 -fstack-clash-protection -fcf-protection -Qunused-arguments -Wno-error=implicit-function-declaration  -fPIC -c ../test/back_ground.c -o ../obj_s/back_ground.o
clang -I. -I. -I../test -DHAVE_CONFIG_H -DDATA_DIR=\"/usr/share\" -I. -I../include -D_DEFAULT_SOURCE -D_XOPEN_SOURCE=600 -DNDEBUG -march=x86-64-v3 -O2 -pipe -fno-plt -fexceptions -Wp,-D_FORTIFY_SOURCE=3 -fstack-clash-protection -fcf-protection -Qunused-arguments -Wno-error=implicit-function-declaration  -fPIC -c ../test/dump_window.c -o ../obj_s/dump_window.o
clang -I. -I. -I../test -DHAVE_CONFIG_H -DDATA_DIR=\"/usr/share\" -I. -I../include -D_DEFAULT_SOURCE -D_XOPEN_SOURCE=600 -DNDEBUG -march=x86-64-v3 -O2 -pipe -fno-plt -fexceptions -Wp,-D_FORTIFY_SOURCE=3 -fstack-clash-protection -fcf-protection -Qunused-arguments -Wno-error=implicit-function-declaration  -fPIC -c ../test/background.c -o ../obj_s/background.o
clang -I. -I. -I../test -DHAVE_CONFIG_H -DDATA_DIR=\"/usr/share\" -I. -I../include -D_DEFAULT_SOURCE -D_XOPEN_SOURCE=600 -DNDEBUG -march=x86-64-v3 -O2 -pipe -fno-plt -fexceptions -Wp,-D_FORTIFY_SOURCE=3 -fstack-clash-protection -fcf-protection -Qunused-arguments -Wno-error=implicit-function-declaration  -fPIC -c ../test/blue.c -o ../obj_s/blue.o
clang -I. -I. -I../test -DHAVE_CONFIG_H -DDATA_DIR=\"/usr/share\" -I. -I../include -D_DEFAULT_SOURCE -D_XOPEN_SOURCE=600 -DNDEBUG -march=x86-64-v3 -O2 -pipe -fno-plt -fexceptions -Wp,-D_FORTIFY_SOURCE=3 -fstack-clash-protection -fcf-protection -Qunused-arguments -Wno-error=implicit-function-declaration  -fPIC -c ../test/bs.c -o ../obj_s/bs.o
clang -I. -I. -I../test -DHAVE_CONFIG_H -DDATA_DIR=\"/usr/share\" -I. -I../include -D_DEFAULT_SOURCE -D_XOPEN_SOURCE=600 -DNDEBUG -march=x86-64-v3 -O2 -pipe -fno-plt -fexceptions -Wp,-D_FORTIFY_SOURCE=3 -fstack-clash-protection -fcf-protection -Qunused-arguments -Wno-error=implicit-function-declaration  -fPIC -c ../test/cardfile.c -o ../obj_s/cardfile.o
clang -I. -I. -I../test -DHAVE_CONFIG_H -DDATA_DIR=\"/usr/share\" -I. -I../include -D_DEFAULT_SOURCE -D_XOPEN_SOURCE=600 -DNDEBUG -march=x86-64-v3 -O2 -pipe -fno-plt -fexceptions -Wp,-D_FORTIFY_SOURCE=3 -fstack-clash-protection -fcf-protection -Qunused-arguments -Wno-error=implicit-function-declaration  -fPIC -c ../test/chgat.c -o ../obj_s/chgat.o
clang -I. -I. -I../test -DHAVE_CONFIG_H -DDATA_DIR=\"/usr/share\" -I. -I../include -D_DEFAULT_SOURCE -D_XOPEN_SOURCE=600 -DNDEBUG -march=x86-64-v3 -O2 -pipe -fno-plt -fexceptions -Wp,-D_FORTIFY_SOURCE=3 -fstack-clash-protection -fcf-protection -Qunused-arguments -Wno-error=implicit-function-declaration  -fPIC -c ../test/popup_msg.c -o ../obj_s/popup_msg.o
clang -I. -I. -I../test -DHAVE_CONFIG_H -DDATA_DIR=\"/usr/share\" -I. -I../include -D_DEFAULT_SOURCE -D_XOPEN_SOURCE=600 -DNDEBUG -march=x86-64-v3 -O2 -pipe -fno-plt -fexceptions -Wp,-D_FORTIFY_SOURCE=3 -fstack-clash-protection -fcf-protection -Qunused-arguments -Wno-error=implicit-function-declaration  -fPIC -c ../test/clip_printw.c -o ../obj_s/clip_printw.o
clang -I. -I. -I../test -DHAVE_CONFIG_H -DDATA_DIR=\"/usr/share\" -I. -I../include -D_DEFAULT_SOURCE -D_XOPEN_SOURCE=600 -DNDEBUG -march=x86-64-v3 -O2 -pipe -fno-plt -fexceptions -Wp,-D_FORTIFY_SOURCE=3 -fstack-clash-protection -fcf-protection -Qunused-arguments -Wno-error=implicit-function-declaration  -fPIC -c ../test/color_content.c -o ../obj_s/color_content.o
clang -I. -I. -I../test -DHAVE_CONFIG_H -DDATA_DIR=\"/usr/share\" -I. -I../include -D_DEFAULT_SOURCE -D_XOPEN_SOURCE=600 -DNDEBUG -march=x86-64-v3 -O2 -pipe -fno-plt -fexceptions -Wp,-D_FORTIFY_SOURCE=3 -fstack-clash-protection -fcf-protection -Qunused-arguments -Wno-error=implicit-function-declaration  -fPIC -c ../test/color_set.c -o ../obj_s/color_set.o
clang -I. -I. -I../test -DHAVE_CONFIG_H -DDATA_DIR=\"/usr/share\" -I. -I../include -D_DEFAULT_SOURCE -D_XOPEN_SOURCE=600 -DNDEBUG -march=x86-64-v3 -O2 -pipe -fno-plt -fexceptions -Wp,-D_FORTIFY_SOURCE=3 -fstack-clash-protection -fcf-protection -Qunused-arguments -Wno-error=implicit-function-declaration  -fPIC -c ../test/combine.c -o ../obj_s/combine.o
clang -I. -I. -I../test -DHAVE_CONFIG_H -DDATA_DIR=\"/usr/share\" -I. -I../include -D_DEFAULT_SOURCE -D_XOPEN_SOURCE=600 -DNDEBUG -march=x86-64-v3 -O2 -pipe -fno-plt -fexceptions -Wp,-D_FORTIFY_SOURCE=3 -fstack-clash-protection -fcf-protection -Qunused-arguments -Wno-error=implicit-function-declaration  -fPIC -c ../test/demo_altkeys.c -o ../obj_s/demo_altkeys.o
clang -I. -I. -I../test -DHAVE_CONFIG_H -DDATA_DIR=\"/usr/share\" -I. -I../include -D_DEFAULT_SOURCE -D_XOPEN_SOURCE=600 -DNDEBUG -march=x86-64-v3 -O2 -pipe -fno-plt -fexceptions -Wp,-D_FORTIFY_SOURCE=3 -fstack-clash-protection -fcf-protection -Qunused-arguments -Wno-error=implicit-function-declaration  -fPIC -c ../test/demo_defkey.c -o ../obj_s/demo_defkey.o
clang -I. -I. -I../test -DHAVE_CONFIG_H -DDATA_DIR=\"/usr/share\" -I. -I../include -D_DEFAULT_SOURCE -D_XOPEN_SOURCE=600 -DNDEBUG -march=x86-64-v3 -O2 -pipe -fno-plt -fexceptions -Wp,-D_FORTIFY_SOURCE=3 -fstack-clash-protection -fcf-protection -Qunused-arguments -Wno-error=implicit-function-declaration  -fPIC -c ../test/demo_forms.c -o ../obj_s/demo_forms.o
clang -I. -I. -I../test -DHAVE_CONFIG_H -DDATA_DIR=\"/usr/share\" -I. -I../include -D_DEFAULT_SOURCE -D_XOPEN_SOURCE=600 -DNDEBUG -march=x86-64-v3 -O2 -pipe -fno-plt -fexceptions -Wp,-D_FORTIFY_SOURCE=3 -fstack-clash-protection -fcf-protection -Qunused-arguments -Wno-error=implicit-function-declaration  -fPIC -c ../test/edit_field.c -o ../obj_s/edit_field.o
clang -I. -I. -I../test -DHAVE_CONFIG_H -DDATA_DIR=\"/usr/share\" -I. -I../include -D_DEFAULT_SOURCE -D_XOPEN_SOURCE=600 -DNDEBUG -march=x86-64-v3 -O2 -pipe -fno-plt -fexceptions -Wp,-D_FORTIFY_SOURCE=3 -fstack-clash-protection -fcf-protection -Qunused-arguments -Wno-error=implicit-function-declaration  -fPIC -c ../test/demo_keyok.c -o ../obj_s/demo_keyok.o
clang -I. -I. -I../test -DHAVE_CONFIG_H -DDATA_DIR=\"/usr/share\" -I. -I../include -D_DEFAULT_SOURCE -D_XOPEN_SOURCE=600 -DNDEBUG -march=x86-64-v3 -O2 -pipe -fno-plt -fexceptions -Wp,-D_FORTIFY_SOURCE=3 -fstack-clash-protection -fcf-protection -Qunused-arguments -Wno-error=implicit-function-declaration  -fPIC -c ../test/demo_menus.c -o ../obj_s/demo_menus.o
clang -I. -I. -I../test -DHAVE_CONFIG_H -DDATA_DIR=\"/usr/share\" -I. -I../include -D_DEFAULT_SOURCE -D_XOPEN_SOURCE=600 -DNDEBUG -march=x86-64-v3 -O2 -pipe -fno-plt -fexceptions -Wp,-D_FORTIFY_SOURCE=3 -fstack-clash-protection -fcf-protection -Qunused-arguments -Wno-error=implicit-function-declaration  -fPIC -c ../test/demo_new_pair.c -o ../obj_s/demo_new_pair.o
clang -I. -I. -I../test -DHAVE_CONFIG_H -DDATA_DIR=\"/usr/share\" -I. -I../include -D_DEFAULT_SOURCE -D_XOPEN_SOURCE=600 -DNDEBUG -march=x86-64-v3 -O2 -pipe -fno-plt -fexceptions -Wp,-D_FORTIFY_SOURCE=3 -fstack-clash-protection -fcf-protection -Qunused-arguments -Wno-error=implicit-function-declaration  -fPIC -c ../test/demo_panels.c -o ../obj_s/demo_panels.o
clang -I. -I. -I../test -DHAVE_CONFIG_H -DDATA_DIR=\"/usr/share\" -I. -I../include -D_DEFAULT_SOURCE -D_XOPEN_SOURCE=600 -DNDEBUG -march=x86-64-v3 -O2 -pipe -fno-plt -fexceptions -Wp,-D_FORTIFY_SOURCE=3 -fstack-clash-protection -fcf-protection -Qunused-arguments -Wno-error=implicit-function-declaration  -fPIC -c ../test/demo_tabs.c -o ../obj_s/demo_tabs.o
clang -I. -I. -I../test -DHAVE_CONFIG_H -DDATA_DIR=\"/usr/share\" -I. -I../include -D_DEFAULT_SOURCE -D_XOPEN_SOURCE=600 -DNDEBUG -march=x86-64-v3 -O2 -pipe -fno-plt -fexceptions -Wp,-D_FORTIFY_SOURCE=3 -fstack-clash-protection -fcf-protection -Qunused-arguments -Wno-error=implicit-function-declaration  -fPIC -c ../test/demo_termcap.c -o ../obj_s/demo_termcap.o
clang -I. -I. -I../test -DHAVE_CONFIG_H -DDATA_DIR=\"/usr/share\" -I. -I../include -D_DEFAULT_SOURCE -D_XOPEN_SOURCE=600 -DNDEBUG -march=x86-64-v3 -O2 -pipe -fno-plt -fexceptions -Wp,-D_FORTIFY_SOURCE=3 -fstack-clash-protection -fcf-protection -Qunused-arguments -Wno-error=implicit-function-declaration  -fPIC -c ../test/demo_terminfo.c -o ../obj_s/demo_terminfo.o
clang -I. -I. -I../test -DHAVE_CONFIG_H -DDATA_DIR=\"/usr/share\" -I. -I../include -D_DEFAULT_SOURCE -D_XOPEN_SOURCE=600 -DNDEBUG -march=x86-64-v3 -O2 -pipe -fno-plt -fexceptions -Wp,-D_FORTIFY_SOURCE=3 -fstack-clash-protection -fcf-protection -Qunused-arguments -Wno-error=implicit-function-declaration  -fPIC -c ../test/ditto.c -o ../obj_s/ditto.o
clang -I. -I. -I../test -DHAVE_CONFIG_H -DDATA_DIR=\"/usr/share\" -I. -I../include -D_DEFAULT_SOURCE -D_XOPEN_SOURCE=600 -DNDEBUG -march=x86-64-v3 -O2 -pipe -fno-plt -fexceptions -Wp,-D_FORTIFY_SOURCE=3 -fstack-clash-protection -fcf-protection -Qunused-arguments -Wno-error=implicit-function-declaration  -fPIC -c ../test/dots.c -o ../obj_s/dots.o
clang -I. -I. -I../test -DHAVE_CONFIG_H -DDATA_DIR=\"/usr/share\" -I. -I../include -D_DEFAULT_SOURCE -D_XOPEN_SOURCE=600 -DNDEBUG -march=x86-64-v3 -O2 -pipe -fno-plt -fexceptions -Wp,-D_FORTIFY_SOURCE=3 -fstack-clash-protection -fcf-protection -Qunused-arguments -Wno-error=implicit-function-declaration  -fPIC -c ../test/dots_curses.c -o ../obj_s/dots_curses.o
clang -I. -I. -I../test -DHAVE_CONFIG_H -DDATA_DIR=\"/usr/share\" -I. -I../include -D_DEFAULT_SOURCE -D_XOPEN_SOURCE=600 -DNDEBUG -march=x86-64-v3 -O2 -pipe -fno-plt -fexceptions -Wp,-D_FORTIFY_SOURCE=3 -fstack-clash-protection -fcf-protection -Qunused-arguments -Wno-error=implicit-function-declaration  -fPIC -c ../test/dots_mvcur.c -o ../obj_s/dots_mvcur.o
clang -I. -I. -I../test -DHAVE_CONFIG_H -DDATA_DIR=\"/usr/share\" -I. -I../include -D_DEFAULT_SOURCE -D_XOPEN_SOURCE=600 -DNDEBUG -march=x86-64-v3 -O2 -pipe -fno-plt -fexceptions -Wp,-D_FORTIFY_SOURCE=3 -fstack-clash-protection -fcf-protection -Qunused-arguments -Wno-error=implicit-function-declaration  -fPIC -c ../test/dots_termcap.c -o ../obj_s/dots_termcap.o
clang -I. -I. -I../test -DHAVE_CONFIG_H -DDATA_DIR=\"/usr/share\" -I. -I../include -D_DEFAULT_SOURCE -D_XOPEN_SOURCE=600 -DNDEBUG -march=x86-64-v3 -O2 -pipe -fno-plt -fexceptions -Wp,-D_FORTIFY_SOURCE=3 -fstack-clash-protection -fcf-protection -Qunused-arguments -Wno-error=implicit-function-declaration  -fPIC -c ../test/dots_xcurses.c -o ../obj_s/dots_xcurses.o
clang -I. -I. -I../test -DHAVE_CONFIG_H -DDATA_DIR=\"/usr/share\" -I. -I../include -D_DEFAULT_SOURCE -D_XOPEN_SOURCE=600 -DNDEBUG -march=x86-64-v3 -O2 -pipe -fno-plt -fexceptions -Wp,-D_FORTIFY_SOURCE=3 -fstack-clash-protection -fcf-protection -Qunused-arguments -Wno-error=implicit-function-declaration  -fPIC -c ../test/dup_field.c -o ../obj_s/dup_field.o
clang -I. -I. -I../test -DHAVE_CONFIG_H -DDATA_DIR=\"/usr/share\" -I. -I../include -D_DEFAULT_SOURCE -D_XOPEN_SOURCE=600 -DNDEBUG -march=x86-64-v3 -O2 -pipe -fno-plt -fexceptions -Wp,-D_FORTIFY_SOURCE=3 -fstack-clash-protection -fcf-protection -Qunused-arguments -Wno-error=implicit-function-declaration  -fPIC -c ../test/echochar.c -o ../obj_s/echochar.o
clang -I. -I. -I../test -DHAVE_CONFIG_H -DDATA_DIR=\"/usr/share\" -I. -I../include -D_DEFAULT_SOURCE -D_XOPEN_SOURCE=600 -DNDEBUG -march=x86-64-v3 -O2 -pipe -fno-plt -fexceptions -Wp,-D_FORTIFY_SOURCE=3 -fstack-clash-protection -fcf-protection -Qunused-arguments -Wno-error=implicit-function-declaration  -fPIC -c ../test/extended_color.c -o ../obj_s/extended_color.o
clang -I. -I. -I../test -DHAVE_CONFIG_H -DDATA_DIR=\"/usr/share\" -I. -I../include -D_DEFAULT_SOURCE -D_XOPEN_SOURCE=600 -DNDEBUG -march=x86-64-v3 -O2 -pipe -fno-plt -fexceptions -Wp,-D_FORTIFY_SOURCE=3 -fstack-clash-protection -fcf-protection -Qunused-arguments -Wno-error=implicit-function-declaration  -fPIC -c ../test/filter.c -o ../obj_s/filter.o
clang -I. -I. -I../test -DHAVE_CONFIG_H -DDATA_DIR=\"/usr/share\" -I. -I../include -D_DEFAULT_SOURCE -D_XOPEN_SOURCE=600 -DNDEBUG -march=x86-64-v3 -O2 -pipe -fno-plt -fexceptions -Wp,-D_FORTIFY_SOURCE=3 -fstack-clash-protection -fcf-protection -Qunused-arguments -Wno-error=implicit-function-declaration  -fPIC -c ../test/firework.c -o ../obj_s/firework.o
clang -I. -I. -I../test -DHAVE_CONFIG_H -DDATA_DIR=\"/usr/share\" -I. -I../include -D_DEFAULT_SOURCE -D_XOPEN_SOURCE=600 -DNDEBUG -march=x86-64-v3 -O2 -pipe -fno-plt -fexceptions -Wp,-D_FORTIFY_SOURCE=3 -fstack-clash-protection -fcf-protection -Qunused-arguments -Wno-error=implicit-function-declaration  -fPIC -c ../test/firstlast.c -o ../obj_s/firstlast.o
clang -I. -I. -I../test -DHAVE_CONFIG_H -DDATA_DIR=\"/usr/share\" -I. -I../include -D_DEFAULT_SOURCE -D_XOPEN_SOURCE=600 -DNDEBUG -march=x86-64-v3 -O2 -pipe -fno-plt -fexceptions -Wp,-D_FORTIFY_SOURCE=3 -fstack-clash-protection -fcf-protection -Qunused-arguments -Wno-error=implicit-function-declaration  -fPIC -c ../test/foldkeys.c -o ../obj_s/foldkeys.o
clang -I. -I. -I../test -DHAVE_CONFIG_H -DDATA_DIR=\"/usr/share\" -I. -I../include -D_DEFAULT_SOURCE -D_XOPEN_SOURCE=600 -DNDEBUG -march=x86-64-v3 -O2 -pipe -fno-plt -fexceptions -Wp,-D_FORTIFY_SOURCE=3 -fstack-clash-protection -fcf-protection -Qunused-arguments -Wno-error=implicit-function-declaration  -fPIC -c ../test/form_driver_w.c -o ../obj_s/form_driver_w.o
clang -I. -I. -I../test -DHAVE_CONFIG_H -DDATA_DIR=\"/usr/share\" -I. -I../include -D_DEFAULT_SOURCE -D_XOPEN_SOURCE=600 -DNDEBUG -march=x86-64-v3 -O2 -pipe -fno-plt -fexceptions -Wp,-D_FORTIFY_SOURCE=3 -fstack-clash-protection -fcf-protection -Qunused-arguments -Wno-error=implicit-function-declaration  -fPIC -c ../test/gdc.c -o ../obj_s/gdc.o
clang -I. -I. -I../test -DHAVE_CONFIG_H -DDATA_DIR=\"/usr/share\" -I. -I../include -D_DEFAULT_SOURCE -D_XOPEN_SOURCE=600 -DNDEBUG -march=x86-64-v3 -O2 -pipe -fno-plt -fexceptions -Wp,-D_FORTIFY_SOURCE=3 -fstack-clash-protection -fcf-protection -Qunused-arguments -Wno-error=implicit-function-declaration  -fPIC -c ../test/hanoi.c -o ../obj_s/hanoi.o
clang -I. -I. -I../test -DHAVE_CONFIG_H -DDATA_DIR=\"/usr/share\" -I. -I../include -D_DEFAULT_SOURCE -D_XOPEN_SOURCE=600 -DNDEBUG -march=x86-64-v3 -O2 -pipe -fno-plt -fexceptions -Wp,-D_FORTIFY_SOURCE=3 -fstack-clash-protection -fcf-protection -Qunused-arguments -Wno-error=implicit-function-declaration  -fPIC -c ../test/hashtest.c -o ../obj_s/hashtest.o
clang -I. -I. -I../test -DHAVE_CONFIG_H -DDATA_DIR=\"/usr/share\" -I. -I../include -D_DEFAULT_SOURCE -D_XOPEN_SOURCE=600 -DNDEBUG -march=x86-64-v3 -O2 -pipe -fno-plt -fexceptions -Wp,-D_FORTIFY_SOURCE=3 -fstack-clash-protection -fcf-protection -Qunused-arguments -Wno-error=implicit-function-declaration  -fPIC -c ../test/inch_wide.c -o ../obj_s/inch_wide.o
clang -I. -I. -I../test -DHAVE_CONFIG_H -DDATA_DIR=\"/usr/share\" -I. -I../include -D_DEFAULT_SOURCE -D_XOPEN_SOURCE=600 -DNDEBUG -march=x86-64-v3 -O2 -pipe -fno-plt -fexceptions -Wp,-D_FORTIFY_SOURCE=3 -fstack-clash-protection -fcf-protection -Qunused-arguments -Wno-error=implicit-function-declaration  -fPIC -c ../test/inchs.c -o ../obj_s/inchs.o
clang -I. -I. -I../test -DHAVE_CONFIG_H -DDATA_DIR=\"/usr/share\" -I. -I../include -D_DEFAULT_SOURCE -D_XOPEN_SOURCE=600 -DNDEBUG -march=x86-64-v3 -O2 -pipe -fno-plt -fexceptions -Wp,-D_FORTIFY_SOURCE=3 -fstack-clash-protection -fcf-protection -Qunused-arguments -Wno-error=implicit-function-declaration  -fPIC -c ../test/ins_wide.c -o ../obj_s/ins_wide.o
clang -I. -I. -I../test -DHAVE_CONFIG_H -DDATA_DIR=\"/usr/share\" -I. -I../include -D_DEFAULT_SOURCE -D_XOPEN_SOURCE=600 -DNDEBUG -march=x86-64-v3 -O2 -pipe -fno-plt -fexceptions -Wp,-D_FORTIFY_SOURCE=3 -fstack-clash-protection -fcf-protection -Qunused-arguments -Wno-error=implicit-function-declaration  -fPIC -c ../test/insdelln.c -o ../obj_s/insdelln.o
clang -I. -I. -I../test -DHAVE_CONFIG_H -DDATA_DIR=\"/usr/share\" -I. -I../include -D_DEFAULT_SOURCE -D_XOPEN_SOURCE=600 -DNDEBUG -march=x86-64-v3 -O2 -pipe -fno-plt -fexceptions -Wp,-D_FORTIFY_SOURCE=3 -fstack-clash-protection -fcf-protection -Qunused-arguments -Wno-error=implicit-function-declaration  -fPIC -c ../test/inserts.c -o ../obj_s/inserts.o
clang -I. -I. -I../test -DHAVE_CONFIG_H -DDATA_DIR=\"/usr/share\" -I. -I../include -D_DEFAULT_SOURCE -D_XOPEN_SOURCE=600 -DNDEBUG -march=x86-64-v3 -O2 -pipe -fno-plt -fexceptions -Wp,-D_FORTIFY_SOURCE=3 -fstack-clash-protection -fcf-protection -Qunused-arguments -Wno-error=implicit-function-declaration  -fPIC -c ../test/key_names.c -o ../obj_s/key_names.o
clang -I. -I. -I../test -DHAVE_CONFIG_H -DDATA_DIR=\"/usr/share\" -I. -I../include -D_DEFAULT_SOURCE -D_XOPEN_SOURCE=600 -DNDEBUG -march=x86-64-v3 -O2 -pipe -fno-plt -fexceptions -Wp,-D_FORTIFY_SOURCE=3 -fstack-clash-protection -fcf-protection -Qunused-arguments -Wno-error=implicit-function-declaration  -fPIC -c ../test/keynames.c -o ../obj_s/keynames.o
clang -I. -I. -I../test -DHAVE_CONFIG_H -DDATA_DIR=\"/usr/share\" -I. -I../include -D_DEFAULT_SOURCE -D_XOPEN_SOURCE=600 -DNDEBUG -march=x86-64-v3 -O2 -pipe -fno-plt -fexceptions -Wp,-D_FORTIFY_SOURCE=3 -fstack-clash-protection -fcf-protection -Qunused-arguments -Wno-error=implicit-function-declaration  -fPIC -c ../test/knight.c -o ../obj_s/knight.o
clang -I. -I. -I../test -DHAVE_CONFIG_H -DDATA_DIR=\"/usr/share\" -I. -I../include -D_DEFAULT_SOURCE -D_XOPEN_SOURCE=600 -DNDEBUG -march=x86-64-v3 -O2 -pipe -fno-plt -fexceptions -Wp,-D_FORTIFY_SOURCE=3 -fstack-clash-protection -fcf-protection -Qunused-arguments -Wno-error=implicit-function-declaration  -fPIC -c ../test/list_keys.c -o ../obj_s/list_keys.o
clang -I. -I. -I../test -DHAVE_CONFIG_H -DDATA_DIR=\"/usr/share\" -I. -I../include -D_DEFAULT_SOURCE -D_XOPEN_SOURCE=600 -DNDEBUG -march=x86-64-v3 -O2 -pipe -fno-plt -fexceptions -Wp,-D_FORTIFY_SOURCE=3 -fstack-clash-protection -fcf-protection -Qunused-arguments -Wno-error=implicit-function-declaration  -fPIC -c ../test/lrtest.c -o ../obj_s/lrtest.o
clang -I. -I. -I../test -DHAVE_CONFIG_H -DDATA_DIR=\"/usr/share\" -I. -I../include -D_DEFAULT_SOURCE -D_XOPEN_SOURCE=600 -DNDEBUG -march=x86-64-v3 -O2 -pipe -fno-plt -fexceptions -Wp,-D_FORTIFY_SOURCE=3 -fstack-clash-protection -fcf-protection -Qunused-arguments -Wno-error=implicit-function-declaration  -fPIC -c ../test/move_field.c -o ../obj_s/move_field.o
clang -I. -I. -I../test -DHAVE_CONFIG_H -DDATA_DIR=\"/usr/share\" -I. -I../include -D_DEFAULT_SOURCE -D_XOPEN_SOURCE=600 -DNDEBUG -march=x86-64-v3 -O2 -pipe -fno-plt -fexceptions -Wp,-D_FORTIFY_SOURCE=3 -fstack-clash-protection -fcf-protection -Qunused-arguments -Wno-error=implicit-function-declaration  -fPIC -c ../test/movewindow.c -o ../obj_s/movewindow.o
clang -I. -I. -I../test -DHAVE_CONFIG_H -DDATA_DIR=\"/usr/share\" -I. -I../include -D_DEFAULT_SOURCE -D_XOPEN_SOURCE=600 -DNDEBUG -march=x86-64-v3 -O2 -pipe -fno-plt -fexceptions -Wp,-D_FORTIFY_SOURCE=3 -fstack-clash-protection -fcf-protection -Qunused-arguments -Wno-error=implicit-function-declaration  -fPIC -c ../test/ncurses.c -o ../obj_s/ncurses.o
clang -I. -I. -I../test -DHAVE_CONFIG_H -DDATA_DIR=\"/usr/share\" -I. -I../include -D_DEFAULT_SOURCE -D_XOPEN_SOURCE=600 -DNDEBUG -march=x86-64-v3 -O2 -pipe -fno-plt -fexceptions -Wp,-D_FORTIFY_SOURCE=3 -fstack-clash-protection -fcf-protection -Qunused-arguments -Wno-error=implicit-function-declaration  -fPIC -c ../test/newdemo.c -o ../obj_s/newdemo.o
clang -I. -I. -I../test -DHAVE_CONFIG_H -DDATA_DIR=\"/usr/share\" -I. -I../include -D_DEFAULT_SOURCE -D_XOPEN_SOURCE=600 -DNDEBUG -march=x86-64-v3 -O2 -pipe -fno-plt -fexceptions -Wp,-D_FORTIFY_SOURCE=3 -fstack-clash-protection -fcf-protection -Qunused-arguments -Wno-error=implicit-function-declaration  -fPIC -c ../test/padview.c -o ../obj_s/padview.o
clang -I. -I. -I../test -DHAVE_CONFIG_H -DDATA_DIR=\"/usr/share\" -I. -I../include -D_DEFAULT_SOURCE -D_XOPEN_SOURCE=600 -DNDEBUG -march=x86-64-v3 -O2 -pipe -fno-plt -fexceptions -Wp,-D_FORTIFY_SOURCE=3 -fstack-clash-protection -fcf-protection -Qunused-arguments -Wno-error=implicit-function-declaration  -fPIC -c ../test/pair_content.c -o ../obj_s/pair_content.o
clang -I. -I. -I../test -DHAVE_CONFIG_H -DDATA_DIR=\"/usr/share\" -I. -I../include -D_DEFAULT_SOURCE -D_XOPEN_SOURCE=600 -DNDEBUG -march=x86-64-v3 -O2 -pipe -fno-plt -fexceptions -Wp,-D_FORTIFY_SOURCE=3 -fstack-clash-protection -fcf-protection -Qunused-arguments -Wno-error=implicit-function-declaration  -fPIC -c ../test/picsmap.c -o ../obj_s/picsmap.o
clang -I. -I. -I../test -DHAVE_CONFIG_H -DDATA_DIR=\"/usr/share\" -I. -I../include -D_DEFAULT_SOURCE -D_XOPEN_SOURCE=600 -DNDEBUG -march=x86-64-v3 -O2 -pipe -fno-plt -fexceptions -Wp,-D_FORTIFY_SOURCE=3 -fstack-clash-protection -fcf-protection -Qunused-arguments -Wno-error=implicit-function-declaration  -fPIC -c ../test/railroad.c -o ../obj_s/railroad.o
clang -I. -I. -I../test -DHAVE_CONFIG_H -DDATA_DIR=\"/usr/share\" -I. -I../include -D_DEFAULT_SOURCE -D_XOPEN_SOURCE=600 -DNDEBUG -march=x86-64-v3 -O2 -pipe -fno-plt -fexceptions -Wp,-D_FORTIFY_SOURCE=3 -fstack-clash-protection -fcf-protection -Qunused-arguments -Wno-error=implicit-function-declaration  -fPIC -c ../test/rain.c -o ../obj_s/rain.o
clang -I. -I. -I../test -DHAVE_CONFIG_H -DDATA_DIR=\"/usr/share\" -I. -I../include -D_DEFAULT_SOURCE -D_XOPEN_SOURCE=600 -DNDEBUG -march=x86-64-v3 -O2 -pipe -fno-plt -fexceptions -Wp,-D_FORTIFY_SOURCE=3 -fstack-clash-protection -fcf-protection -Qunused-arguments -Wno-error=implicit-function-declaration  -fPIC -c ../test/redraw.c -o ../obj_s/redraw.o
clang -I. -I. -I../test -DHAVE_CONFIG_H -DDATA_DIR=\"/usr/share\" -I. -I../include -D_DEFAULT_SOURCE -D_XOPEN_SOURCE=600 -DNDEBUG -march=x86-64-v3 -O2 -pipe -fno-plt -fexceptions -Wp,-D_FORTIFY_SOURCE=3 -fstack-clash-protection -fcf-protection -Qunused-arguments -Wno-error=implicit-function-declaration  -fPIC -c ../test/savescreen.c -o ../obj_s/savescreen.o
clang -I. -I. -I../test -DHAVE_CONFIG_H -DDATA_DIR=\"/usr/share\" -I. -I../include -D_DEFAULT_SOURCE -D_XOPEN_SOURCE=600 -DNDEBUG -march=x86-64-v3 -O2 -pipe -fno-plt -fexceptions -Wp,-D_FORTIFY_SOURCE=3 -fstack-clash-protection -fcf-protection -Qunused-arguments -Wno-error=implicit-function-declaration  -fPIC -c ../test/sp_tinfo.c -o ../obj_s/sp_tinfo.o
clang -I. -I. -I../test -DHAVE_CONFIG_H -DDATA_DIR=\"/usr/share\" -I. -I../include -D_DEFAULT_SOURCE -D_XOPEN_SOURCE=600 -DNDEBUG -march=x86-64-v3 -O2 -pipe -fno-plt -fexceptions -Wp,-D_FORTIFY_SOURCE=3 -fstack-clash-protection -fcf-protection -Qunused-arguments -Wno-error=implicit-function-declaration  -fPIC -c ../test/tclock.c -o ../obj_s/tclock.o
clang -I. -I. -I../test -DHAVE_CONFIG_H -DDATA_DIR=\"/usr/share\" -I. -I../include -D_DEFAULT_SOURCE -D_XOPEN_SOURCE=600 -DNDEBUG -march=x86-64-v3 -O2 -pipe -fno-plt -fexceptions -Wp,-D_FORTIFY_SOURCE=3 -fstack-clash-protection -fcf-protection -Qunused-arguments -Wno-error=implicit-function-declaration  -fPIC -c ../test/test_add_wchstr.c -o ../obj_s/test_add_wchstr.o
clang -I. -I. -I../test -DHAVE_CONFIG_H -DDATA_DIR=\"/usr/share\" -I. -I../include -D_DEFAULT_SOURCE -D_XOPEN_SOURCE=600 -DNDEBUG -march=x86-64-v3 -O2 -pipe -fno-plt -fexceptions -Wp,-D_FORTIFY_SOURCE=3 -fstack-clash-protection -fcf-protection -Qunused-arguments -Wno-error=implicit-function-declaration  -fPIC -c ../test/test_addchstr.c -o ../obj_s/test_addchstr.o
clang -I. -I. -I../test -DHAVE_CONFIG_H -DDATA_DIR=\"/usr/share\" -I. -I../include -D_DEFAULT_SOURCE -D_XOPEN_SOURCE=600 -DNDEBUG -march=x86-64-v3 -O2 -pipe -fno-plt -fexceptions -Wp,-D_FORTIFY_SOURCE=3 -fstack-clash-protection -fcf-protection -Qunused-arguments -Wno-error=implicit-function-declaration  -fPIC -c ../test/test_addstr.c -o ../obj_s/test_addstr.o
clang -I. -I. -I../test -DHAVE_CONFIG_H -DDATA_DIR=\"/usr/share\" -I. -I../include -D_DEFAULT_SOURCE -D_XOPEN_SOURCE=600 -DNDEBUG -march=x86-64-v3 -O2 -pipe -fno-plt -fexceptions -Wp,-D_FORTIFY_SOURCE=3 -fstack-clash-protection -fcf-protection -Qunused-arguments -Wno-error=implicit-function-declaration  -fPIC -c ../test/test_addwstr.c -o ../obj_s/test_addwstr.o
clang -I. -I. -I../test -DHAVE_CONFIG_H -DDATA_DIR=\"/usr/share\" -I. -I../include -D_DEFAULT_SOURCE -D_XOPEN_SOURCE=600 -DNDEBUG -march=x86-64-v3 -O2 -pipe -fno-plt -fexceptions -Wp,-D_FORTIFY_SOURCE=3 -fstack-clash-protection -fcf-protection -Qunused-arguments -Wno-error=implicit-function-declaration  -fPIC -c ../test/test_arrays.c -o ../obj_s/test_arrays.o
clang -I. -I. -I../test -DHAVE_CONFIG_H -DDATA_DIR=\"/usr/share\" -I. -I../include -D_DEFAULT_SOURCE -D_XOPEN_SOURCE=600 -DNDEBUG -march=x86-64-v3 -O2 -pipe -fno-plt -fexceptions -Wp,-D_FORTIFY_SOURCE=3 -fstack-clash-protection -fcf-protection -Qunused-arguments -Wno-error=implicit-function-declaration  -fPIC -c ../test/test_delwin.c -o ../obj_s/test_delwin.o
clang -I. -I. -I../test -DHAVE_CONFIG_H -DDATA_DIR=\"/usr/share\" -I. -I../include -D_DEFAULT_SOURCE -D_XOPEN_SOURCE=600 -DNDEBUG -march=x86-64-v3 -O2 -pipe -fno-plt -fexceptions -Wp,-D_FORTIFY_SOURCE=3 -fstack-clash-protection -fcf-protection -Qunused-arguments -Wno-error=implicit-function-declaration  -fPIC -c ../test/test_endwin.c -o ../obj_s/test_endwin.o
clang -I. -I. -I../test -DHAVE_CONFIG_H -DDATA_DIR=\"/usr/share\" -I. -I../include -D_DEFAULT_SOURCE -D_XOPEN_SOURCE=600 -DNDEBUG -march=x86-64-v3 -O2 -pipe -fno-plt -fexceptions -Wp,-D_FORTIFY_SOURCE=3 -fstack-clash-protection -fcf-protection -Qunused-arguments -Wno-error=implicit-function-declaration  -fPIC -c ../test/test_get_wstr.c -o ../obj_s/test_get_wstr.o
clang -I. -I. -I../test -DHAVE_CONFIG_H -DDATA_DIR=\"/usr/share\" -I. -I../include -D_DEFAULT_SOURCE -D_XOPEN_SOURCE=600 -DNDEBUG -march=x86-64-v3 -O2 -pipe -fno-plt -fexceptions -Wp,-D_FORTIFY_SOURCE=3 -fstack-clash-protection -fcf-protection -Qunused-arguments -Wno-error=implicit-function-declaration  -fPIC -c ../test/test_getstr.c -o ../obj_s/test_getstr.o
clang -I. -I. -I../test -DHAVE_CONFIG_H -DDATA_DIR=\"/usr/share\" -I. -I../include -D_DEFAULT_SOURCE -D_XOPEN_SOURCE=600 -DNDEBUG -march=x86-64-v3 -O2 -pipe -fno-plt -fexceptions -Wp,-D_FORTIFY_SOURCE=3 -fstack-clash-protection -fcf-protection -Qunused-arguments -Wno-error=implicit-function-declaration  -fPIC -c ../test/test_instr.c -o ../obj_s/test_instr.o
clang -I. -I. -I../test -DHAVE_CONFIG_H -DDATA_DIR=\"/usr/share\" -I. -I../include -D_DEFAULT_SOURCE -D_XOPEN_SOURCE=600 -DNDEBUG -march=x86-64-v3 -O2 -pipe -fno-plt -fexceptions -Wp,-D_FORTIFY_SOURCE=3 -fstack-clash-protection -fcf-protection -Qunused-arguments -Wno-error=implicit-function-declaration  -fPIC -c ../test/test_inwstr.c -o ../obj_s/test_inwstr.o
clang -I. -I. -I../test -DHAVE_CONFIG_H -DDATA_DIR=\"/usr/share\" -I. -I../include -D_DEFAULT_SOURCE -D_XOPEN_SOURCE=600 -DNDEBUG -march=x86-64-v3 -O2 -pipe -fno-plt -fexceptions -Wp,-D_FORTIFY_SOURCE=3 -fstack-clash-protection -fcf-protection -Qunused-arguments -Wno-error=implicit-function-declaration  -fPIC -c ../test/test_mouse.c -o ../obj_s/test_mouse.o
clang -I. -I. -I../test -DHAVE_CONFIG_H -DDATA_DIR=\"/usr/share\" -I. -I../include -D_DEFAULT_SOURCE -D_XOPEN_SOURCE=600 -DNDEBUG -march=x86-64-v3 -O2 -pipe -fno-plt -fexceptions -Wp,-D_FORTIFY_SOURCE=3 -fstack-clash-protection -fcf-protection -Qunused-arguments -Wno-error=implicit-function-declaration  -fPIC -c ../test/test_opaque.c -o ../obj_s/test_opaque.o
clang -I. -I. -I../test -DHAVE_CONFIG_H -DDATA_DIR=\"/usr/share\" -I. -I../include -D_DEFAULT_SOURCE -D_XOPEN_SOURCE=600 -DNDEBUG -march=x86-64-v3 -O2 -pipe -fno-plt -fexceptions -Wp,-D_FORTIFY_SOURCE=3 -fstack-clash-protection -fcf-protection -Qunused-arguments -Wno-error=implicit-function-declaration  -fPIC -c ../test/test_setupterm.c -o ../obj_s/test_setupterm.o
clang -I. -I. -I../test -DHAVE_CONFIG_H -DDATA_DIR=\"/usr/share\" -I. -I../include -D_DEFAULT_SOURCE -D_XOPEN_SOURCE=600 -DNDEBUG -march=x86-64-v3 -O2 -pipe -fno-plt -fexceptions -Wp,-D_FORTIFY_SOURCE=3 -fstack-clash-protection -fcf-protection -Qunused-arguments -Wno-error=implicit-function-declaration  -fPIC -c ../test/test_sgr.c -o ../obj_s/test_sgr.o
clang -I. -I. -I../test -DHAVE_CONFIG_H -DDATA_DIR=\"/usr/share\" -I. -I../include -D_DEFAULT_SOURCE -D_XOPEN_SOURCE=600 -DNDEBUG -march=x86-64-v3 -O2 -pipe -fno-plt -fexceptions -Wp,-D_FORTIFY_SOURCE=3 -fstack-clash-protection -fcf-protection -Qunused-arguments -Wno-error=implicit-function-declaration  -fPIC -c ../test/test_termattrs.c -o ../obj_s/test_termattrs.o
clang -I. -I. -I../test -DHAVE_CONFIG_H -DDATA_DIR=\"/usr/share\" -I. -I../include -D_DEFAULT_SOURCE -D_XOPEN_SOURCE=600 -DNDEBUG -march=x86-64-v3 -O2 -pipe -fno-plt -fexceptions -Wp,-D_FORTIFY_SOURCE=3 -fstack-clash-protection -fcf-protection -Qunused-arguments -Wno-error=implicit-function-declaration  -fPIC -c ../test/test_tparm.c -o ../obj_s/test_tparm.o
clang -I. -I. -I../test -DHAVE_CONFIG_H -DDATA_DIR=\"/usr/share\" -I. -I../include -D_DEFAULT_SOURCE -D_XOPEN_SOURCE=600 -DNDEBUG -march=x86-64-v3 -O2 -pipe -fno-plt -fexceptions -Wp,-D_FORTIFY_SOURCE=3 -fstack-clash-protection -fcf-protection -Qunused-arguments -Wno-error=implicit-function-declaration  -fPIC -c ../test/test_unget_wch.c -o ../obj_s/test_unget_wch.o
clang -I. -I. -I../test -DHAVE_CONFIG_H -DDATA_DIR=\"/usr/share\" -I. -I../include -D_DEFAULT_SOURCE -D_XOPEN_SOURCE=600 -DNDEBUG -march=x86-64-v3 -O2 -pipe -fno-plt -fexceptions -Wp,-D_FORTIFY_SOURCE=3 -fstack-clash-protection -fcf-protection -Qunused-arguments -Wno-error=implicit-function-declaration  -fPIC -c ../test/test_vid_puts.c -o ../obj_s/test_vid_puts.o
clang -I. -I. -I../test -DHAVE_CONFIG_H -DDATA_DIR=\"/usr/share\" -I. -I../include -D_DEFAULT_SOURCE -D_XOPEN_SOURCE=600 -DNDEBUG -march=x86-64-v3 -O2 -pipe -fno-plt -fexceptions -Wp,-D_FORTIFY_SOURCE=3 -fstack-clash-protection -fcf-protection -Qunused-arguments -Wno-error=implicit-function-declaration  -fPIC -c ../test/test_vidputs.c -o ../obj_s/test_vidputs.o
clang -I. -I. -I../test -DHAVE_CONFIG_H -DDATA_DIR=\"/usr/share\" -I. -I../include -D_DEFAULT_SOURCE -D_XOPEN_SOURCE=600 -DNDEBUG -march=x86-64-v3 -O2 -pipe -fno-plt -fexceptions -Wp,-D_FORTIFY_SOURCE=3 -fstack-clash-protection -fcf-protection -Qunused-arguments -Wno-error=implicit-function-declaration  -fPIC -c ../test/testaddch.c -o ../obj_s/testaddch.o
clang -I. -I. -I../test -DHAVE_CONFIG_H -DDATA_DIR=\"/usr/share\" -I. -I../include -D_DEFAULT_SOURCE -D_XOPEN_SOURCE=600 -DNDEBUG -march=x86-64-v3 -O2 -pipe -fno-plt -fexceptions -Wp,-D_FORTIFY_SOURCE=3 -fstack-clash-protection -fcf-protection -Qunused-arguments -Wno-error=implicit-function-declaration  -fPIC -c ../test/testcurs.c -o ../obj_s/testcurs.o
clang -I. -I. -I../test -DHAVE_CONFIG_H -DDATA_DIR=\"/usr/share\" -I. -I../include -D_DEFAULT_SOURCE -D_XOPEN_SOURCE=600 -DNDEBUG -march=x86-64-v3 -O2 -pipe -fno-plt -fexceptions -Wp,-D_FORTIFY_SOURCE=3 -fstack-clash-protection -fcf-protection -Qunused-arguments -Wno-error=implicit-function-declaration  -fPIC -c ../test/testscanw.c -o ../obj_s/testscanw.o
clang -I. -I. -I../test -DHAVE_CONFIG_H -DDATA_DIR=\"/usr/share\" -I. -I../include -D_DEFAULT_SOURCE -D_XOPEN_SOURCE=600 -DNDEBUG -march=x86-64-v3 -O2 -pipe -fno-plt -fexceptions -Wp,-D_FORTIFY_SOURCE=3 -fstack-clash-protection -fcf-protection -Qunused-arguments -Wno-error=implicit-function-declaration  -fPIC -c ../test/view.c -o ../obj_s/view.o
clang -I. -I. -I../test -DHAVE_CONFIG_H -DDATA_DIR=\"/usr/share\" -I. -I../include -D_DEFAULT_SOURCE -D_XOPEN_SOURCE=600 -DNDEBUG -march=x86-64-v3 -O2 -pipe -fno-plt -fexceptions -Wp,-D_FORTIFY_SOURCE=3 -fstack-clash-protection -fcf-protection -Qunused-arguments -Wno-error=implicit-function-declaration  -fPIC -c ../test/worm.c -o ../obj_s/worm.o
clang -I. -I. -I../test -DHAVE_CONFIG_H -DDATA_DIR=\"/usr/share\" -I. -I../include -D_DEFAULT_SOURCE -D_XOPEN_SOURCE=600 -DNDEBUG -march=x86-64-v3 -O2 -pipe -fno-plt -fexceptions -Wp,-D_FORTIFY_SOURCE=3 -fstack-clash-protection -fcf-protection -Qunused-arguments -Wno-error=implicit-function-declaration  -fPIC -c ../test/xmas.c -o ../obj_s/xmas.o
clang -march=x86-64-v3 -O2 -pipe -fno-plt -fexceptions -Wp,-D_FORTIFY_SOURCE=3 -fstack-clash-protection -fcf-protection -Qunused-arguments -Wno-error=implicit-function-declaration  -o back_ground ../obj_s/back_ground.o ../obj_s/dump_window.o -Wl,-O1 -Wl,--sort-common -Wl,--as-needed -Wl,-z,relro -Wl,-z,now -Wl,--undefined-version -Wl,--hash-style=gnu -Wl,--compress-debug-sections=zstd -I. -I. -I../test -DHAVE_CONFIG_H -DDATA_DIR=\"/usr/share\" -I. -I../include -D_DEFAULT_SOURCE -D_XOPEN_SOURCE=600 -DNDEBUG -march=x86-64-v3 -O2 -pipe -fno-plt -fexceptions -Wp,-D_FORTIFY_SOURCE=3 -fstack-clash-protection -fcf-protection -Qunused-arguments -Wno-error=implicit-function-declaration  -fPIC  `echo "-L../lib -lformw -lmenuw -lpanelw -lncursesw   " | sed -e 's/-lform.*-lpanel[^ ]*//'` -lutil 
clang -march=x86-64-v3 -O2 -pipe -fno-plt -fexceptions -Wp,-D_FORTIFY_SOURCE=3 -fstack-clash-protection -fcf-protection -Qunused-arguments -Wno-error=implicit-function-declaration  -o background ../obj_s/background.o ../obj_s/dump_window.o -Wl,-O1 -Wl,--sort-common -Wl,--as-needed -Wl,-z,relro -Wl,-z,now -Wl,--undefined-version -Wl,--hash-style=gnu -Wl,--compress-debug-sections=zstd -I. -I. -I../test -DHAVE_CONFIG_H -DDATA_DIR=\"/usr/share\" -I. -I../include -D_DEFAULT_SOURCE -D_XOPEN_SOURCE=600 -DNDEBUG -march=x86-64-v3 -O2 -pipe -fno-plt -fexceptions -Wp,-D_FORTIFY_SOURCE=3 -fstack-clash-protection -fcf-protection -Qunused-arguments -Wno-error=implicit-function-declaration  -fPIC  `echo "-L../lib -lformw -lmenuw -lpanelw -lncursesw   " | sed -e 's/-lform.*-lpanel[^ ]*//'` -lutil 
clang -march=x86-64-v3 -O2 -pipe -fno-plt -fexceptions -Wp,-D_FORTIFY_SOURCE=3 -fstack-clash-protection -fcf-protection -Qunused-arguments -Wno-error=implicit-function-declaration  -o blue ../obj_s/blue.o -Wl,-O1 -Wl,--sort-common -Wl,--as-needed -Wl,-z,relro -Wl,-z,now -Wl,--undefined-version -Wl,--hash-style=gnu -Wl,--compress-debug-sections=zstd -I. -I. -I../test -DHAVE_CONFIG_H -DDATA_DIR=\"/usr/share\" -I. -I../include -D_DEFAULT_SOURCE -D_XOPEN_SOURCE=600 -DNDEBUG -march=x86-64-v3 -O2 -pipe -fno-plt -fexceptions -Wp,-D_FORTIFY_SOURCE=3 -fstack-clash-protection -fcf-protection -Qunused-arguments -Wno-error=implicit-function-declaration  -fPIC  `echo "-L../lib -lformw -lmenuw -lpanelw -lncursesw   " | sed -e 's/-lform.*-lpanel[^ ]*//'` -lutil 
clang -march=x86-64-v3 -O2 -pipe -fno-plt -fexceptions -Wp,-D_FORTIFY_SOURCE=3 -fstack-clash-protection -fcf-protection -Qunused-arguments -Wno-error=implicit-function-declaration  -o bs ../obj_s/bs.o -Wl,-O1 -Wl,--sort-common -Wl,--as-needed -Wl,-z,relro -Wl,-z,now -Wl,--undefined-version -Wl,--hash-style=gnu -Wl,--compress-debug-sections=zstd -I. -I. -I../test -DHAVE_CONFIG_H -DDATA_DIR=\"/usr/share\" -I. -I../include -D_DEFAULT_SOURCE -D_XOPEN_SOURCE=600 -DNDEBUG -march=x86-64-v3 -O2 -pipe -fno-plt -fexceptions -Wp,-D_FORTIFY_SOURCE=3 -fstack-clash-protection -fcf-protection -Qunused-arguments -Wno-error=implicit-function-declaration  -fPIC  `echo "-L../lib -lformw -lmenuw -lpanelw -lncursesw   " | sed -e 's/-lform.*-lpanel[^ ]*//'` -lutil 
clang -march=x86-64-v3 -O2 -pipe -fno-plt -fexceptions -Wp,-D_FORTIFY_SOURCE=3 -fstack-clash-protection -fcf-protection -Qunused-arguments -Wno-error=implicit-function-declaration  -o cardfile ../obj_s/cardfile.o -Wl,-O1 -Wl,--sort-common -Wl,--as-needed -Wl,-z,relro -Wl,-z,now -Wl,--undefined-version -Wl,--hash-style=gnu -Wl,--compress-debug-sections=zstd -I. -I. -I../test -DHAVE_CONFIG_H -DDATA_DIR=\"/usr/share\" -I. -I../include -D_DEFAULT_SOURCE -D_XOPEN_SOURCE=600 -DNDEBUG -march=x86-64-v3 -O2 -pipe -fno-plt -fexceptions -Wp,-D_FORTIFY_SOURCE=3 -fstack-clash-protection -fcf-protection -Qunused-arguments -Wno-error=implicit-function-declaration  -fPIC  -L../lib -lformw -lmenuw -lpanelw -lncursesw    -lutil 
clang -march=x86-64-v3 -O2 -pipe -fno-plt -fexceptions -Wp,-D_FORTIFY_SOURCE=3 -fstack-clash-protection -fcf-protection -Qunused-arguments -Wno-error=implicit-function-declaration  -o chgat ../obj_s/chgat.o ../obj_s/popup_msg.o -Wl,-O1 -Wl,--sort-common -Wl,--as-needed -Wl,-z,relro -Wl,-z,now -Wl,--undefined-version -Wl,--hash-style=gnu -Wl,--compress-debug-sections=zstd -I. -I. -I../test -DHAVE_CONFIG_H -DDATA_DIR=\"/usr/share\" -I. -I../include -D_DEFAULT_SOURCE -D_XOPEN_SOURCE=600 -DNDEBUG -march=x86-64-v3 -O2 -pipe -fno-plt -fexceptions -Wp,-D_FORTIFY_SOURCE=3 -fstack-clash-protection -fcf-protection -Qunused-arguments -Wno-error=implicit-function-declaration  -fPIC  `echo "-L../lib -lformw -lmenuw -lpanelw -lncursesw   " | sed -e 's/-lform.*-lpanel[^ ]*//'` -lutil 
clang -march=x86-64-v3 -O2 -pipe -fno-plt -fexceptions -Wp,-D_FORTIFY_SOURCE=3 -fstack-clash-protection -fcf-protection -Qunused-arguments -Wno-error=implicit-function-declaration  -o clip_printw ../obj_s/clip_printw.o ../obj_s/popup_msg.o -Wl,-O1 -Wl,--sort-common -Wl,--as-needed -Wl,-z,relro -Wl,-z,now -Wl,--undefined-version -Wl,--hash-style=gnu -Wl,--compress-debug-sections=zstd -I. -I. -I../test -DHAVE_CONFIG_H -DDATA_DIR=\"/usr/share\" -I. -I../include -D_DEFAULT_SOURCE -D_XOPEN_SOURCE=600 -DNDEBUG -march=x86-64-v3 -O2 -pipe -fno-plt -fexceptions -Wp,-D_FORTIFY_SOURCE=3 -fstack-clash-protection -fcf-protection -Qunused-arguments -Wno-error=implicit-function-declaration  -fPIC  `echo "-L../lib -lformw -lmenuw -lpanelw -lncursesw   " | sed -e 's/-lform.*-lpanel[^ ]*//'` -lutil 
clang -march=x86-64-v3 -O2 -pipe -fno-plt -fexceptions -Wp,-D_FORTIFY_SOURCE=3 -fstack-clash-protection -fcf-protection -Qunused-arguments -Wno-error=implicit-function-declaration  -o color_content ../obj_s/color_content.o -Wl,-O1 -Wl,--sort-common -Wl,--as-needed -Wl,-z,relro -Wl,-z,now -Wl,--undefined-version -Wl,--hash-style=gnu -Wl,--compress-debug-sections=zstd -I. -I. -I../test -DHAVE_CONFIG_H -DDATA_DIR=\"/usr/share\" -I. -I../include -D_DEFAULT_SOURCE -D_XOPEN_SOURCE=600 -DNDEBUG -march=x86-64-v3 -O2 -pipe -fno-plt -fexceptions -Wp,-D_FORTIFY_SOURCE=3 -fstack-clash-protection -fcf-protection -Qunused-arguments -Wno-error=implicit-function-declaration  -fPIC  `echo "-L../lib -lformw -lmenuw -lpanelw -lncursesw   " | sed -e 's/-lform.*-lpanel[^ ]*//'` -lutil 
clang -march=x86-64-v3 -O2 -pipe -fno-plt -fexceptions -Wp,-D_FORTIFY_SOURCE=3 -fstack-clash-protection -fcf-protection -Qunused-arguments -Wno-error=implicit-function-declaration  -o color_set ../obj_s/color_set.o -Wl,-O1 -Wl,--sort-common -Wl,--as-needed -Wl,-z,relro -Wl,-z,now -Wl,--undefined-version -Wl,--hash-style=gnu -Wl,--compress-debug-sections=zstd -I. -I. -I../test -DHAVE_CONFIG_H -DDATA_DIR=\"/usr/share\" -I. -I../include -D_DEFAULT_SOURCE -D_XOPEN_SOURCE=600 -DNDEBUG -march=x86-64-v3 -O2 -pipe -fno-plt -fexceptions -Wp,-D_FORTIFY_SOURCE=3 -fstack-clash-protection -fcf-protection -Qunused-arguments -Wno-error=implicit-function-declaration  -fPIC  `echo "-L../lib -lformw -lmenuw -lpanelw -lncursesw   " | sed -e 's/-lform.*-lpanel[^ ]*//'` -lutil 
clang -march=x86-64-v3 -O2 -pipe -fno-plt -fexceptions -Wp,-D_FORTIFY_SOURCE=3 -fstack-clash-protection -fcf-protection -Qunused-arguments -Wno-error=implicit-function-declaration  -o combine ../obj_s/combine.o ../obj_s/dump_window.o ../obj_s/popup_msg.o -Wl,-O1 -Wl,--sort-common -Wl,--as-needed -Wl,-z,relro -Wl,-z,now -Wl,--undefined-version -Wl,--hash-style=gnu -Wl,--compress-debug-sections=zstd -I. -I. -I../test -DHAVE_CONFIG_H -DDATA_DIR=\"/usr/share\" -I. -I../include -D_DEFAULT_SOURCE -D_XOPEN_SOURCE=600 -DNDEBUG -march=x86-64-v3 -O2 -pipe -fno-plt -fexceptions -Wp,-D_FORTIFY_SOURCE=3 -fstack-clash-protection -fcf-protection -Qunused-arguments -Wno-error=implicit-function-declaration  -fPIC  `echo "-L../lib -lformw -lmenuw -lpanelw -lncursesw   " | sed -e 's/-lform.*-lpanel[^ ]*//'` -lutil 
clang -march=x86-64-v3 -O2 -pipe -fno-plt -fexceptions -Wp,-D_FORTIFY_SOURCE=3 -fstack-clash-protection -fcf-protection -Qunused-arguments -Wno-error=implicit-function-declaration  -o demo_altkeys ../obj_s/demo_altkeys.o -Wl,-O1 -Wl,--sort-common -Wl,--as-needed -Wl,-z,relro -Wl,-z,now -Wl,--undefined-version -Wl,--hash-style=gnu -Wl,--compress-debug-sections=zstd -I. -I. -I../test -DHAVE_CONFIG_H -DDATA_DIR=\"/usr/share\" -I. -I../include -D_DEFAULT_SOURCE -D_XOPEN_SOURCE=600 -DNDEBUG -march=x86-64-v3 -O2 -pipe -fno-plt -fexceptions -Wp,-D_FORTIFY_SOURCE=3 -fstack-clash-protection -fcf-protection -Qunused-arguments -Wno-error=implicit-function-declaration  -fPIC  `echo "-L../lib -lformw -lmenuw -lpanelw -lncursesw   " | sed -e 's/-lform.*-lpanel[^ ]*//'` -lutil 
clang -march=x86-64-v3 -O2 -pipe -fno-plt -fexceptions -Wp,-D_FORTIFY_SOURCE=3 -fstack-clash-protection -fcf-protection -Qunused-arguments -Wno-error=implicit-function-declaration  -o demo_defkey ../obj_s/demo_defkey.o -Wl,-O1 -Wl,--sort-common -Wl,--as-needed -Wl,-z,relro -Wl,-z,now -Wl,--undefined-version -Wl,--hash-style=gnu -Wl,--compress-debug-sections=zstd -I. -I. -I../test -DHAVE_CONFIG_H -DDATA_DIR=\"/usr/share\" -I. -I../include -D_DEFAULT_SOURCE -D_XOPEN_SOURCE=600 -DNDEBUG -march=x86-64-v3 -O2 -pipe -fno-plt -fexceptions -Wp,-D_FORTIFY_SOURCE=3 -fstack-clash-protection -fcf-protection -Qunused-arguments -Wno-error=implicit-function-declaration  -fPIC  `echo "-L../lib -lformw -lmenuw -lpanelw -lncursesw   " | sed -e 's/-lform.*-lpanel[^ ]*//'` -lutil 
clang -march=x86-64-v3 -O2 -pipe -fno-plt -fexceptions -Wp,-D_FORTIFY_SOURCE=3 -fstack-clash-protection -fcf-protection -Qunused-arguments -Wno-error=implicit-function-declaration  -o demo_forms ../obj_s/demo_forms.o ../obj_s/edit_field.o ../obj_s/popup_msg.o -Wl,-O1 -Wl,--sort-common -Wl,--as-needed -Wl,-z,relro -Wl,-z,now -Wl,--undefined-version -Wl,--hash-style=gnu -Wl,--compress-debug-sections=zstd -I. -I. -I../test -DHAVE_CONFIG_H -DDATA_DIR=\"/usr/share\" -I. -I../include -D_DEFAULT_SOURCE -D_XOPEN_SOURCE=600 -DNDEBUG -march=x86-64-v3 -O2 -pipe -fno-plt -fexceptions -Wp,-D_FORTIFY_SOURCE=3 -fstack-clash-protection -fcf-protection -Qunused-arguments -Wno-error=implicit-function-declaration  -fPIC  -L../lib -lformw -lmenuw -lpanelw -lncursesw    -lutil 
clang -march=x86-64-v3 -O2 -pipe -fno-plt -fexceptions -Wp,-D_FORTIFY_SOURCE=3 -fstack-clash-protection -fcf-protection -Qunused-arguments -Wno-error=implicit-function-declaration  -o demo_keyok ../obj_s/demo_keyok.o -Wl,-O1 -Wl,--sort-common -Wl,--as-needed -Wl,-z,relro -Wl,-z,now -Wl,--undefined-version -Wl,--hash-style=gnu -Wl,--compress-debug-sections=zstd -I. -I. -I../test -DHAVE_CONFIG_H -DDATA_DIR=\"/usr/share\" -I. -I../include -D_DEFAULT_SOURCE -D_XOPEN_SOURCE=600 -DNDEBUG -march=x86-64-v3 -O2 -pipe -fno-plt -fexceptions -Wp,-D_FORTIFY_SOURCE=3 -fstack-clash-protection -fcf-protection -Qunused-arguments -Wno-error=implicit-function-declaration  -fPIC  `echo "-L../lib -lformw -lmenuw -lpanelw -lncursesw   " | sed -e 's/-lform.*-lpanel[^ ]*//'` -lutil 
clang -march=x86-64-v3 -O2 -pipe -fno-plt -fexceptions -Wp,-D_FORTIFY_SOURCE=3 -fstack-clash-protection -fcf-protection -Qunused-arguments -Wno-error=implicit-function-declaration  -o demo_menus ../obj_s/demo_menus.o -Wl,-O1 -Wl,--sort-common -Wl,--as-needed -Wl,-z,relro -Wl,-z,now -Wl,--undefined-version -Wl,--hash-style=gnu -Wl,--compress-debug-sections=zstd -I. -I. -I../test -DHAVE_CONFIG_H -DDATA_DIR=\"/usr/share\" -I. -I../include -D_DEFAULT_SOURCE -D_XOPEN_SOURCE=600 -DNDEBUG -march=x86-64-v3 -O2 -pipe -fno-plt -fexceptions -Wp,-D_FORTIFY_SOURCE=3 -fstack-clash-protection -fcf-protection -Qunused-arguments -Wno-error=implicit-function-declaration  -fPIC  -L../lib -lformw -lmenuw -lpanelw -lncursesw    -lutil 
clang -march=x86-64-v3 -O2 -pipe -fno-plt -fexceptions -Wp,-D_FORTIFY_SOURCE=3 -fstack-clash-protection -fcf-protection -Qunused-arguments -Wno-error=implicit-function-declaration  -o demo_new_pair ../obj_s/demo_new_pair.o ../obj_s/popup_msg.o -Wl,-O1 -Wl,--sort-common -Wl,--as-needed -Wl,-z,relro -Wl,-z,now -Wl,--undefined-version -Wl,--hash-style=gnu -Wl,--compress-debug-sections=zstd -I. -I. -I../test -DHAVE_CONFIG_H -DDATA_DIR=\"/usr/share\" -I. -I../include -D_DEFAULT_SOURCE -D_XOPEN_SOURCE=600 -DNDEBUG -march=x86-64-v3 -O2 -pipe -fno-plt -fexceptions -Wp,-D_FORTIFY_SOURCE=3 -fstack-clash-protection -fcf-protection -Qunused-arguments -Wno-error=implicit-function-declaration  -fPIC  -L../lib -lformw -lmenuw -lpanelw -lncursesw    -lutil 
clang -march=x86-64-v3 -O2 -pipe -fno-plt -fexceptions -Wp,-D_FORTIFY_SOURCE=3 -fstack-clash-protection -fcf-protection -Qunused-arguments -Wno-error=implicit-function-declaration  -o demo_panels ../obj_s/demo_panels.o -Wl,-O1 -Wl,--sort-common -Wl,--as-needed -Wl,-z,relro -Wl,-z,now -Wl,--undefined-version -Wl,--hash-style=gnu -Wl,--compress-debug-sections=zstd -I. -I. -I../test -DHAVE_CONFIG_H -DDATA_DIR=\"/usr/share\" -I. -I../include -D_DEFAULT_SOURCE -D_XOPEN_SOURCE=600 -DNDEBUG -march=x86-64-v3 -O2 -pipe -fno-plt -fexceptions -Wp,-D_FORTIFY_SOURCE=3 -fstack-clash-protection -fcf-protection -Qunused-arguments -Wno-error=implicit-function-declaration  -fPIC  -L../lib -lformw -lmenuw -lpanelw -lncursesw    -lutil 
clang -march=x86-64-v3 -O2 -pipe -fno-plt -fexceptions -Wp,-D_FORTIFY_SOURCE=3 -fstack-clash-protection -fcf-protection -Qunused-arguments -Wno-error=implicit-function-declaration  -o demo_tabs ../obj_s/demo_tabs.o -Wl,-O1 -Wl,--sort-common -Wl,--as-needed -Wl,-z,relro -Wl,-z,now -Wl,--undefined-version -Wl,--hash-style=gnu -Wl,--compress-debug-sections=zstd -I. -I. -I../test -DHAVE_CONFIG_H -DDATA_DIR=\"/usr/share\" -I. -I../include -D_DEFAULT_SOURCE -D_XOPEN_SOURCE=600 -DNDEBUG -march=x86-64-v3 -O2 -pipe -fno-plt -fexceptions -Wp,-D_FORTIFY_SOURCE=3 -fstack-clash-protection -fcf-protection -Qunused-arguments -Wno-error=implicit-function-declaration  -fPIC  `echo "-L../lib -lformw -lmenuw -lpanelw -lncursesw   " | sed -e 's/-lform.*-lpanel[^ ]*//'` -lutil 
clang -march=x86-64-v3 -O2 -pipe -fno-plt -fexceptions -Wp,-D_FORTIFY_SOURCE=3 -fstack-clash-protection -fcf-protection -Qunused-arguments -Wno-error=implicit-function-declaration  -o demo_termcap ../obj_s/demo_termcap.o -L../lib -Wl,-O1 -Wl,--sort-common -Wl,--as-needed -Wl,-z,relro -Wl,-z,now -Wl,--undefined-version -Wl,--hash-style=gnu -Wl,--compress-debug-sections=zstd -I. -I. -I../test -DHAVE_CONFIG_H -DDATA_DIR=\"/usr/share\" -I. -I../include -D_DEFAULT_SOURCE -D_XOPEN_SOURCE=600 -DNDEBUG -march=x86-64-v3 -O2 -pipe -fno-plt -fexceptions -Wp,-D_FORTIFY_SOURCE=3 -fstack-clash-protection -fcf-protection -Qunused-arguments -Wno-error=implicit-function-declaration  -fPIC  -lncursesw   -lutil 
clang -march=x86-64-v3 -O2 -pipe -fno-plt -fexceptions -Wp,-D_FORTIFY_SOURCE=3 -fstack-clash-protection -fcf-protection -Qunused-arguments -Wno-error=implicit-function-declaration  -o demo_terminfo ../obj_s/demo_terminfo.o -L../lib -Wl,-O1 -Wl,--sort-common -Wl,--as-needed -Wl,-z,relro -Wl,-z,now -Wl,--undefined-version -Wl,--hash-style=gnu -Wl,--compress-debug-sections=zstd -I. -I. -I../test -DHAVE_CONFIG_H -DDATA_DIR=\"/usr/share\" -I. -I../include -D_DEFAULT_SOURCE -D_XOPEN_SOURCE=600 -DNDEBUG -march=x86-64-v3 -O2 -pipe -fno-plt -fexceptions -Wp,-D_FORTIFY_SOURCE=3 -fstack-clash-protection -fcf-protection -Qunused-arguments -Wno-error=implicit-function-declaration  -fPIC  -lncursesw   -lutil 
clang -march=x86-64-v3 -O2 -pipe -fno-plt -fexceptions -Wp,-D_FORTIFY_SOURCE=3 -fstack-clash-protection -fcf-protection -Qunused-arguments -Wno-error=implicit-function-declaration  -o ditto ../obj_s/ditto.o -Wl,-O1 -Wl,--sort-common -Wl,--as-needed -Wl,-z,relro -Wl,-z,now -Wl,--undefined-version -Wl,--hash-style=gnu -Wl,--compress-debug-sections=zstd -I. -I. -I../test -DHAVE_CONFIG_H -DDATA_DIR=\"/usr/share\" -I. -I../include -D_DEFAULT_SOURCE -D_XOPEN_SOURCE=600 -DNDEBUG -march=x86-64-v3 -O2 -pipe -fno-plt -fexceptions -Wp,-D_FORTIFY_SOURCE=3 -fstack-clash-protection -fcf-protection -Qunused-arguments -Wno-error=implicit-function-declaration  -fPIC  `echo "-L../lib -lformw -lmenuw -lpanelw -lncursesw   " | sed -e 's/-lform.*-lpanel[^ ]*//'` -lutil  
clang -march=x86-64-v3 -O2 -pipe -fno-plt -fexceptions -Wp,-D_FORTIFY_SOURCE=3 -fstack-clash-protection -fcf-protection -Qunused-arguments -Wno-error=implicit-function-declaration  -o dots ../obj_s/dots.o -L../lib -Wl,-O1 -Wl,--sort-common -Wl,--as-needed -Wl,-z,relro -Wl,-z,now -Wl,--undefined-version -Wl,--hash-style=gnu -Wl,--compress-debug-sections=zstd -I. -I. -I../test -DHAVE_CONFIG_H -DDATA_DIR=\"/usr/share\" -I. -I../include -D_DEFAULT_SOURCE -D_XOPEN_SOURCE=600 -DNDEBUG -march=x86-64-v3 -O2 -pipe -fno-plt -fexceptions -Wp,-D_FORTIFY_SOURCE=3 -fstack-clash-protection -fcf-protection -Qunused-arguments -Wno-error=implicit-function-declaration  -fPIC  -lncursesw   -lutil 
clang -march=x86-64-v3 -O2 -pipe -fno-plt -fexceptions -Wp,-D_FORTIFY_SOURCE=3 -fstack-clash-protection -fcf-protection -Qunused-arguments -Wno-error=implicit-function-declaration  -o dots_curses ../obj_s/dots_curses.o -Wl,-O1 -Wl,--sort-common -Wl,--as-needed -Wl,-z,relro -Wl,-z,now -Wl,--undefined-version -Wl,--hash-style=gnu -Wl,--compress-debug-sections=zstd -I. -I. -I../test -DHAVE_CONFIG_H -DDATA_DIR=\"/usr/share\" -I. -I../include -D_DEFAULT_SOURCE -D_XOPEN_SOURCE=600 -DNDEBUG -march=x86-64-v3 -O2 -pipe -fno-plt -fexceptions -Wp,-D_FORTIFY_SOURCE=3 -fstack-clash-protection -fcf-protection -Qunused-arguments -Wno-error=implicit-function-declaration  -fPIC  `echo "-L../lib -lformw -lmenuw -lpanelw -lncursesw   " | sed -e 's/-lform.*-lpanel[^ ]*//'` -lutil 
clang -march=x86-64-v3 -O2 -pipe -fno-plt -fexceptions -Wp,-D_FORTIFY_SOURCE=3 -fstack-clash-protection -fcf-protection -Qunused-arguments -Wno-error=implicit-function-declaration  -o dots_mvcur ../obj_s/dots_mvcur.o -Wl,-O1 -Wl,--sort-common -Wl,--as-needed -Wl,-z,relro -Wl,-z,now -Wl,--undefined-version -Wl,--hash-style=gnu -Wl,--compress-debug-sections=zstd -I. -I. -I../test -DHAVE_CONFIG_H -DDATA_DIR=\"/usr/share\" -I. -I../include -D_DEFAULT_SOURCE -D_XOPEN_SOURCE=600 -DNDEBUG -march=x86-64-v3 -O2 -pipe -fno-plt -fexceptions -Wp,-D_FORTIFY_SOURCE=3 -fstack-clash-protection -fcf-protection -Qunused-arguments -Wno-error=implicit-function-declaration  -fPIC  `echo "-L../lib -lformw -lmenuw -lpanelw -lncursesw   " | sed -e 's/-lform.*-lpanel[^ ]*//'` -lutil 
clang -march=x86-64-v3 -O2 -pipe -fno-plt -fexceptions -Wp,-D_FORTIFY_SOURCE=3 -fstack-clash-protection -fcf-protection -Qunused-arguments -Wno-error=implicit-function-declaration  -o dots_termcap ../obj_s/dots_termcap.o -L../lib -Wl,-O1 -Wl,--sort-common -Wl,--as-needed -Wl,-z,relro -Wl,-z,now -Wl,--undefined-version -Wl,--hash-style=gnu -Wl,--compress-debug-sections=zstd -I. -I. -I../test -DHAVE_CONFIG_H -DDATA_DIR=\"/usr/share\" -I. -I../include -D_DEFAULT_SOURCE -D_XOPEN_SOURCE=600 -DNDEBUG -march=x86-64-v3 -O2 -pipe -fno-plt -fexceptions -Wp,-D_FORTIFY_SOURCE=3 -fstack-clash-protection -fcf-protection -Qunused-arguments -Wno-error=implicit-function-declaration  -fPIC  -lncursesw   -lutil 
clang -march=x86-64-v3 -O2 -pipe -fno-plt -fexceptions -Wp,-D_FORTIFY_SOURCE=3 -fstack-clash-protection -fcf-protection -Qunused-arguments -Wno-error=implicit-function-declaration  -o dots_xcurses ../obj_s/dots_xcurses.o -Wl,-O1 -Wl,--sort-common -Wl,--as-needed -Wl,-z,relro -Wl,-z,now -Wl,--undefined-version -Wl,--hash-style=gnu -Wl,--compress-debug-sections=zstd -I. -I. -I../test -DHAVE_CONFIG_H -DDATA_DIR=\"/usr/share\" -I. -I../include -D_DEFAULT_SOURCE -D_XOPEN_SOURCE=600 -DNDEBUG -march=x86-64-v3 -O2 -pipe -fno-plt -fexceptions -Wp,-D_FORTIFY_SOURCE=3 -fstack-clash-protection -fcf-protection -Qunused-arguments -Wno-error=implicit-function-declaration  -fPIC  `echo "-L../lib -lformw -lmenuw -lpanelw -lncursesw   " | sed -e 's/-lform.*-lpanel[^ ]*//'` -lutil 
clang -march=x86-64-v3 -O2 -pipe -fno-plt -fexceptions -Wp,-D_FORTIFY_SOURCE=3 -fstack-clash-protection -fcf-protection -Qunused-arguments -Wno-error=implicit-function-declaration  -o dup_field ../obj_s/dup_field.o ../obj_s/edit_field.o ../obj_s/popup_msg.o -Wl,-O1 -Wl,--sort-common -Wl,--as-needed -Wl,-z,relro -Wl,-z,now -Wl,--undefined-version -Wl,--hash-style=gnu -Wl,--compress-debug-sections=zstd -I. -I. -I../test -DHAVE_CONFIG_H -DDATA_DIR=\"/usr/share\" -I. -I../include -D_DEFAULT_SOURCE -D_XOPEN_SOURCE=600 -DNDEBUG -march=x86-64-v3 -O2 -pipe -fno-plt -fexceptions -Wp,-D_FORTIFY_SOURCE=3 -fstack-clash-protection -fcf-protection -Qunused-arguments -Wno-error=implicit-function-declaration  -fPIC  -L../lib -lformw -lmenuw -lpanelw -lncursesw    -lutil 
clang -march=x86-64-v3 -O2 -pipe -fno-plt -fexceptions -Wp,-D_FORTIFY_SOURCE=3 -fstack-clash-protection -fcf-protection -Qunused-arguments -Wno-error=implicit-function-declaration  -o echochar ../obj_s/echochar.o -Wl,-O1 -Wl,--sort-common -Wl,--as-needed -Wl,-z,relro -Wl,-z,now -Wl,--undefined-version -Wl,--hash-style=gnu -Wl,--compress-debug-sections=zstd -I. -I. -I../test -DHAVE_CONFIG_H -DDATA_DIR=\"/usr/share\" -I. -I../include -D_DEFAULT_SOURCE -D_XOPEN_SOURCE=600 -DNDEBUG -march=x86-64-v3 -O2 -pipe -fno-plt -fexceptions -Wp,-D_FORTIFY_SOURCE=3 -fstack-clash-protection -fcf-protection -Qunused-arguments -Wno-error=implicit-function-declaration  -fPIC  `echo "-L../lib -lformw -lmenuw -lpanelw -lncursesw   " | sed -e 's/-lform.*-lpanel[^ ]*//'` -lutil 
clang -march=x86-64-v3 -O2 -pipe -fno-plt -fexceptions -Wp,-D_FORTIFY_SOURCE=3 -fstack-clash-protection -fcf-protection -Qunused-arguments -Wno-error=implicit-function-declaration  -o extended_color ../obj_s/extended_color.o -Wl,-O1 -Wl,--sort-common -Wl,--as-needed -Wl,-z,relro -Wl,-z,now -Wl,--undefined-version -Wl,--hash-style=gnu -Wl,--compress-debug-sections=zstd -I. -I. -I../test -DHAVE_CONFIG_H -DDATA_DIR=\"/usr/share\" -I. -I../include -D_DEFAULT_SOURCE -D_XOPEN_SOURCE=600 -DNDEBUG -march=x86-64-v3 -O2 -pipe -fno-plt -fexceptions -Wp,-D_FORTIFY_SOURCE=3 -fstack-clash-protection -fcf-protection -Qunused-arguments -Wno-error=implicit-function-declaration  -fPIC  `echo "-L../lib -lformw -lmenuw -lpanelw -lncursesw   " | sed -e 's/-lform.*-lpanel[^ ]*//'` -lutil 
clang -march=x86-64-v3 -O2 -pipe -fno-plt -fexceptions -Wp,-D_FORTIFY_SOURCE=3 -fstack-clash-protection -fcf-protection -Qunused-arguments -Wno-error=implicit-function-declaration  -o filter ../obj_s/filter.o -Wl,-O1 -Wl,--sort-common -Wl,--as-needed -Wl,-z,relro -Wl,-z,now -Wl,--undefined-version -Wl,--hash-style=gnu -Wl,--compress-debug-sections=zstd -I. -I. -I../test -DHAVE_CONFIG_H -DDATA_DIR=\"/usr/share\" -I. -I../include -D_DEFAULT_SOURCE -D_XOPEN_SOURCE=600 -DNDEBUG -march=x86-64-v3 -O2 -pipe -fno-plt -fexceptions -Wp,-D_FORTIFY_SOURCE=3 -fstack-clash-protection -fcf-protection -Qunused-arguments -Wno-error=implicit-function-declaration  -fPIC  `echo "-L../lib -lformw -lmenuw -lpanelw -lncursesw   " | sed -e 's/-lform.*-lpanel[^ ]*//'` -lutil 
clang -march=x86-64-v3 -O2 -pipe -fno-plt -fexceptions -Wp,-D_FORTIFY_SOURCE=3 -fstack-clash-protection -fcf-protection -Qunused-arguments -Wno-error=implicit-function-declaration  -o firework ../obj_s/firework.o -Wl,-O1 -Wl,--sort-common -Wl,--as-needed -Wl,-z,relro -Wl,-z,now -Wl,--undefined-version -Wl,--hash-style=gnu -Wl,--compress-debug-sections=zstd -I. -I. -I../test -DHAVE_CONFIG_H -DDATA_DIR=\"/usr/share\" -I. -I../include -D_DEFAULT_SOURCE -D_XOPEN_SOURCE=600 -DNDEBUG -march=x86-64-v3 -O2 -pipe -fno-plt -fexceptions -Wp,-D_FORTIFY_SOURCE=3 -fstack-clash-protection -fcf-protection -Qunused-arguments -Wno-error=implicit-function-declaration  -fPIC  `echo "-L../lib -lformw -lmenuw -lpanelw -lncursesw   " | sed -e 's/-lform.*-lpanel[^ ]*//'` -lutil 
clang -march=x86-64-v3 -O2 -pipe -fno-plt -fexceptions -Wp,-D_FORTIFY_SOURCE=3 -fstack-clash-protection -fcf-protection -Qunused-arguments -Wno-error=implicit-function-declaration  -o firstlast ../obj_s/firstlast.o -Wl,-O1 -Wl,--sort-common -Wl,--as-needed -Wl,-z,relro -Wl,-z,now -Wl,--undefined-version -Wl,--hash-style=gnu -Wl,--compress-debug-sections=zstd -I. -I. -I../test -DHAVE_CONFIG_H -DDATA_DIR=\"/usr/share\" -I. -I../include -D_DEFAULT_SOURCE -D_XOPEN_SOURCE=600 -DNDEBUG -march=x86-64-v3 -O2 -pipe -fno-plt -fexceptions -Wp,-D_FORTIFY_SOURCE=3 -fstack-clash-protection -fcf-protection -Qunused-arguments -Wno-error=implicit-function-declaration  -fPIC  -L../lib -lformw -lmenuw -lpanelw -lncursesw    -lutil 
clang -march=x86-64-v3 -O2 -pipe -fno-plt -fexceptions -Wp,-D_FORTIFY_SOURCE=3 -fstack-clash-protection -fcf-protection -Qunused-arguments -Wno-error=implicit-function-declaration  -o foldkeys ../obj_s/foldkeys.o -Wl,-O1 -Wl,--sort-common -Wl,--as-needed -Wl,-z,relro -Wl,-z,now -Wl,--undefined-version -Wl,--hash-style=gnu -Wl,--compress-debug-sections=zstd -I. -I. -I../test -DHAVE_CONFIG_H -DDATA_DIR=\"/usr/share\" -I. -I../include -D_DEFAULT_SOURCE -D_XOPEN_SOURCE=600 -DNDEBUG -march=x86-64-v3 -O2 -pipe -fno-plt -fexceptions -Wp,-D_FORTIFY_SOURCE=3 -fstack-clash-protection -fcf-protection -Qunused-arguments -Wno-error=implicit-function-declaration  -fPIC  `echo "-L../lib -lformw -lmenuw -lpanelw -lncursesw   " | sed -e 's/-lform.*-lpanel[^ ]*//'` -lutil 
clang -march=x86-64-v3 -O2 -pipe -fno-plt -fexceptions -Wp,-D_FORTIFY_SOURCE=3 -fstack-clash-protection -fcf-protection -Qunused-arguments -Wno-error=implicit-function-declaration  -o form_driver_w ../obj_s/form_driver_w.o ../obj_s/popup_msg.o -Wl,-O1 -Wl,--sort-common -Wl,--as-needed -Wl,-z,relro -Wl,-z,now -Wl,--undefined-version -Wl,--hash-style=gnu -Wl,--compress-debug-sections=zstd -I. -I. -I../test -DHAVE_CONFIG_H -DDATA_DIR=\"/usr/share\" -I. -I../include -D_DEFAULT_SOURCE -D_XOPEN_SOURCE=600 -DNDEBUG -march=x86-64-v3 -O2 -pipe -fno-plt -fexceptions -Wp,-D_FORTIFY_SOURCE=3 -fstack-clash-protection -fcf-protection -Qunused-arguments -Wno-error=implicit-function-declaration  -fPIC  -L../lib -lformw -lmenuw -lpanelw -lncursesw    -lutil 
clang -march=x86-64-v3 -O2 -pipe -fno-plt -fexceptions -Wp,-D_FORTIFY_SOURCE=3 -fstack-clash-protection -fcf-protection -Qunused-arguments -Wno-error=implicit-function-declaration  -o gdc ../obj_s/gdc.o -Wl,-O1 -Wl,--sort-common -Wl,--as-needed -Wl,-z,relro -Wl,-z,now -Wl,--undefined-version -Wl,--hash-style=gnu -Wl,--compress-debug-sections=zstd -I. -I. -I../test -DHAVE_CONFIG_H -DDATA_DIR=\"/usr/share\" -I. -I../include -D_DEFAULT_SOURCE -D_XOPEN_SOURCE=600 -DNDEBUG -march=x86-64-v3 -O2 -pipe -fno-plt -fexceptions -Wp,-D_FORTIFY_SOURCE=3 -fstack-clash-protection -fcf-protection -Qunused-arguments -Wno-error=implicit-function-declaration  -fPIC  `echo "-L../lib -lformw -lmenuw -lpanelw -lncursesw   " | sed -e 's/-lform.*-lpanel[^ ]*//'` -lutil 
clang -march=x86-64-v3 -O2 -pipe -fno-plt -fexceptions -Wp,-D_FORTIFY_SOURCE=3 -fstack-clash-protection -fcf-protection -Qunused-arguments -Wno-error=implicit-function-declaration  -o hanoi ../obj_s/hanoi.o -Wl,-O1 -Wl,--sort-common -Wl,--as-needed -Wl,-z,relro -Wl,-z,now -Wl,--undefined-version -Wl,--hash-style=gnu -Wl,--compress-debug-sections=zstd -I. -I. -I../test -DHAVE_CONFIG_H -DDATA_DIR=\"/usr/share\" -I. -I../include -D_DEFAULT_SOURCE -D_XOPEN_SOURCE=600 -DNDEBUG -march=x86-64-v3 -O2 -pipe -fno-plt -fexceptions -Wp,-D_FORTIFY_SOURCE=3 -fstack-clash-protection -fcf-protection -Qunused-arguments -Wno-error=implicit-function-declaration  -fPIC  `echo "-L../lib -lformw -lmenuw -lpanelw -lncursesw   " | sed -e 's/-lform.*-lpanel[^ ]*//'` -lutil  -lm
clang -march=x86-64-v3 -O2 -pipe -fno-plt -fexceptions -Wp,-D_FORTIFY_SOURCE=3 -fstack-clash-protection -fcf-protection -Qunused-arguments -Wno-error=implicit-function-declaration  -o hashtest ../obj_s/hashtest.o -Wl,-O1 -Wl,--sort-common -Wl,--as-needed -Wl,-z,relro -Wl,-z,now -Wl,--undefined-version -Wl,--hash-style=gnu -Wl,--compress-debug-sections=zstd -I. -I. -I../test -DHAVE_CONFIG_H -DDATA_DIR=\"/usr/share\" -I. -I../include -D_DEFAULT_SOURCE -D_XOPEN_SOURCE=600 -DNDEBUG -march=x86-64-v3 -O2 -pipe -fno-plt -fexceptions -Wp,-D_FORTIFY_SOURCE=3 -fstack-clash-protection -fcf-protection -Qunused-arguments -Wno-error=implicit-function-declaration  -fPIC  `echo "-L../lib -lformw -lmenuw -lpanelw -lncursesw   " | sed -e 's/-lform.*-lpanel[^ ]*//'` -lutil 
clang -march=x86-64-v3 -O2 -pipe -fno-plt -fexceptions -Wp,-D_FORTIFY_SOURCE=3 -fstack-clash-protection -fcf-protection -Qunused-arguments -Wno-error=implicit-function-declaration  -o inch_wide ../obj_s/inch_wide.o ../obj_s/popup_msg.o -Wl,-O1 -Wl,--sort-common -Wl,--as-needed -Wl,-z,relro -Wl,-z,now -Wl,--undefined-version -Wl,--hash-style=gnu -Wl,--compress-debug-sections=zstd -I. -I. -I../test -DHAVE_CONFIG_H -DDATA_DIR=\"/usr/share\" -I. -I../include -D_DEFAULT_SOURCE -D_XOPEN_SOURCE=600 -DNDEBUG -march=x86-64-v3 -O2 -pipe -fno-plt -fexceptions -Wp,-D_FORTIFY_SOURCE=3 -fstack-clash-protection -fcf-protection -Qunused-arguments -Wno-error=implicit-function-declaration  -fPIC  `echo "-L../lib -lformw -lmenuw -lpanelw -lncursesw   " | sed -e 's/-lform.*-lpanel[^ ]*//'` -lutil 
clang -march=x86-64-v3 -O2 -pipe -fno-plt -fexceptions -Wp,-D_FORTIFY_SOURCE=3 -fstack-clash-protection -fcf-protection -Qunused-arguments -Wno-error=implicit-function-declaration  -o inchs ../obj_s/inchs.o ../obj_s/popup_msg.o -Wl,-O1 -Wl,--sort-common -Wl,--as-needed -Wl,-z,relro -Wl,-z,now -Wl,--undefined-version -Wl,--hash-style=gnu -Wl,--compress-debug-sections=zstd -I. -I. -I../test -DHAVE_CONFIG_H -DDATA_DIR=\"/usr/share\" -I. -I../include -D_DEFAULT_SOURCE -D_XOPEN_SOURCE=600 -DNDEBUG -march=x86-64-v3 -O2 -pipe -fno-plt -fexceptions -Wp,-D_FORTIFY_SOURCE=3 -fstack-clash-protection -fcf-protection -Qunused-arguments -Wno-error=implicit-function-declaration  -fPIC  `echo "-L../lib -lformw -lmenuw -lpanelw -lncursesw   " | sed -e 's/-lform.*-lpanel[^ ]*//'` -lutil 
clang -march=x86-64-v3 -O2 -pipe -fno-plt -fexceptions -Wp,-D_FORTIFY_SOURCE=3 -fstack-clash-protection -fcf-protection -Qunused-arguments -Wno-error=implicit-function-declaration  -o ins_wide ../obj_s/ins_wide.o -Wl,-O1 -Wl,--sort-common -Wl,--as-needed -Wl,-z,relro -Wl,-z,now -Wl,--undefined-version -Wl,--hash-style=gnu -Wl,--compress-debug-sections=zstd -I. -I. -I../test -DHAVE_CONFIG_H -DDATA_DIR=\"/usr/share\" -I. -I../include -D_DEFAULT_SOURCE -D_XOPEN_SOURCE=600 -DNDEBUG -march=x86-64-v3 -O2 -pipe -fno-plt -fexceptions -Wp,-D_FORTIFY_SOURCE=3 -fstack-clash-protection -fcf-protection -Qunused-arguments -Wno-error=implicit-function-declaration  -fPIC  `echo "-L../lib -lformw -lmenuw -lpanelw -lncursesw   " | sed -e 's/-lform.*-lpanel[^ ]*//'` -lutil 
clang -march=x86-64-v3 -O2 -pipe -fno-plt -fexceptions -Wp,-D_FORTIFY_SOURCE=3 -fstack-clash-protection -fcf-protection -Qunused-arguments -Wno-error=implicit-function-declaration  -o insdelln ../obj_s/insdelln.o ../obj_s/popup_msg.o -Wl,-O1 -Wl,--sort-common -Wl,--as-needed -Wl,-z,relro -Wl,-z,now -Wl,--undefined-version -Wl,--hash-style=gnu -Wl,--compress-debug-sections=zstd -I. -I. -I../test -DHAVE_CONFIG_H -DDATA_DIR=\"/usr/share\" -I. -I../include -D_DEFAULT_SOURCE -D_XOPEN_SOURCE=600 -DNDEBUG -march=x86-64-v3 -O2 -pipe -fno-plt -fexceptions -Wp,-D_FORTIFY_SOURCE=3 -fstack-clash-protection -fcf-protection -Qunused-arguments -Wno-error=implicit-function-declaration  -fPIC  `echo "-L../lib -lformw -lmenuw -lpanelw -lncursesw   " | sed -e 's/-lform.*-lpanel[^ ]*//'` -lutil 
clang -march=x86-64-v3 -O2 -pipe -fno-plt -fexceptions -Wp,-D_FORTIFY_SOURCE=3 -fstack-clash-protection -fcf-protection -Qunused-arguments -Wno-error=implicit-function-declaration  -o inserts ../obj_s/inserts.o -Wl,-O1 -Wl,--sort-common -Wl,--as-needed -Wl,-z,relro -Wl,-z,now -Wl,--undefined-version -Wl,--hash-style=gnu -Wl,--compress-debug-sections=zstd -I. -I. -I../test -DHAVE_CONFIG_H -DDATA_DIR=\"/usr/share\" -I. -I../include -D_DEFAULT_SOURCE -D_XOPEN_SOURCE=600 -DNDEBUG -march=x86-64-v3 -O2 -pipe -fno-plt -fexceptions -Wp,-D_FORTIFY_SOURCE=3 -fstack-clash-protection -fcf-protection -Qunused-arguments -Wno-error=implicit-function-declaration  -fPIC  `echo "-L../lib -lformw -lmenuw -lpanelw -lncursesw   " | sed -e 's/-lform.*-lpanel[^ ]*//'` -lutil 
clang -march=x86-64-v3 -O2 -pipe -fno-plt -fexceptions -Wp,-D_FORTIFY_SOURCE=3 -fstack-clash-protection -fcf-protection -Qunused-arguments -Wno-error=implicit-function-declaration  -o key_names ../obj_s/key_names.o -Wl,-O1 -Wl,--sort-common -Wl,--as-needed -Wl,-z,relro -Wl,-z,now -Wl,--undefined-version -Wl,--hash-style=gnu -Wl,--compress-debug-sections=zstd -I. -I. -I../test -DHAVE_CONFIG_H -DDATA_DIR=\"/usr/share\" -I. -I../include -D_DEFAULT_SOURCE -D_XOPEN_SOURCE=600 -DNDEBUG -march=x86-64-v3 -O2 -pipe -fno-plt -fexceptions -Wp,-D_FORTIFY_SOURCE=3 -fstack-clash-protection -fcf-protection -Qunused-arguments -Wno-error=implicit-function-declaration  -fPIC  `echo "-L../lib -lformw -lmenuw -lpanelw -lncursesw   " | sed -e 's/-lform.*-lpanel[^ ]*//'` -lutil 
clang -march=x86-64-v3 -O2 -pipe -fno-plt -fexceptions -Wp,-D_FORTIFY_SOURCE=3 -fstack-clash-protection -fcf-protection -Qunused-arguments -Wno-error=implicit-function-declaration  -o keynames ../obj_s/keynames.o -Wl,-O1 -Wl,--sort-common -Wl,--as-needed -Wl,-z,relro -Wl,-z,now -Wl,--undefined-version -Wl,--hash-style=gnu -Wl,--compress-debug-sections=zstd -I. -I. -I../test -DHAVE_CONFIG_H -DDATA_DIR=\"/usr/share\" -I. -I../include -D_DEFAULT_SOURCE -D_XOPEN_SOURCE=600 -DNDEBUG -march=x86-64-v3 -O2 -pipe -fno-plt -fexceptions -Wp,-D_FORTIFY_SOURCE=3 -fstack-clash-protection -fcf-protection -Qunused-arguments -Wno-error=implicit-function-declaration  -fPIC  `echo "-L../lib -lformw -lmenuw -lpanelw -lncursesw   " | sed -e 's/-lform.*-lpanel[^ ]*//'` -lutil 
clang -march=x86-64-v3 -O2 -pipe -fno-plt -fexceptions -Wp,-D_FORTIFY_SOURCE=3 -fstack-clash-protection -fcf-protection -Qunused-arguments -Wno-error=implicit-function-declaration  -o knight ../obj_s/knight.o -Wl,-O1 -Wl,--sort-common -Wl,--as-needed -Wl,-z,relro -Wl,-z,now -Wl,--undefined-version -Wl,--hash-style=gnu -Wl,--compress-debug-sections=zstd -I. -I. -I../test -DHAVE_CONFIG_H -DDATA_DIR=\"/usr/share\" -I. -I../include -D_DEFAULT_SOURCE -D_XOPEN_SOURCE=600 -DNDEBUG -march=x86-64-v3 -O2 -pipe -fno-plt -fexceptions -Wp,-D_FORTIFY_SOURCE=3 -fstack-clash-protection -fcf-protection -Qunused-arguments -Wno-error=implicit-function-declaration  -fPIC  `echo "-L../lib -lformw -lmenuw -lpanelw -lncursesw   " | sed -e 's/-lform.*-lpanel[^ ]*//'` -lutil 
clang -march=x86-64-v3 -O2 -pipe -fno-plt -fexceptions -Wp,-D_FORTIFY_SOURCE=3 -fstack-clash-protection -fcf-protection -Qunused-arguments -Wno-error=implicit-function-declaration  -o list_keys ../obj_s/list_keys.o -L../lib -Wl,-O1 -Wl,--sort-common -Wl,--as-needed -Wl,-z,relro -Wl,-z,now -Wl,--undefined-version -Wl,--hash-style=gnu -Wl,--compress-debug-sections=zstd -I. -I. -I../test -DHAVE_CONFIG_H -DDATA_DIR=\"/usr/share\" -I. -I../include -D_DEFAULT_SOURCE -D_XOPEN_SOURCE=600 -DNDEBUG -march=x86-64-v3 -O2 -pipe -fno-plt -fexceptions -Wp,-D_FORTIFY_SOURCE=3 -fstack-clash-protection -fcf-protection -Qunused-arguments -Wno-error=implicit-function-declaration  -fPIC  -lncursesw   -lutil 
clang -march=x86-64-v3 -O2 -pipe -fno-plt -fexceptions -Wp,-D_FORTIFY_SOURCE=3 -fstack-clash-protection -fcf-protection -Qunused-arguments -Wno-error=implicit-function-declaration  -o lrtest ../obj_s/lrtest.o -Wl,-O1 -Wl,--sort-common -Wl,--as-needed -Wl,-z,relro -Wl,-z,now -Wl,--undefined-version -Wl,--hash-style=gnu -Wl,--compress-debug-sections=zstd -I. -I. -I../test -DHAVE_CONFIG_H -DDATA_DIR=\"/usr/share\" -I. -I../include -D_DEFAULT_SOURCE -D_XOPEN_SOURCE=600 -DNDEBUG -march=x86-64-v3 -O2 -pipe -fno-plt -fexceptions -Wp,-D_FORTIFY_SOURCE=3 -fstack-clash-protection -fcf-protection -Qunused-arguments -Wno-error=implicit-function-declaration  -fPIC  `echo "-L../lib -lformw -lmenuw -lpanelw -lncursesw   " | sed -e 's/-lform.*-lpanel[^ ]*//'` -lutil 
clang -march=x86-64-v3 -O2 -pipe -fno-plt -fexceptions -Wp,-D_FORTIFY_SOURCE=3 -fstack-clash-protection -fcf-protection -Qunused-arguments -Wno-error=implicit-function-declaration  -o move_field ../obj_s/move_field.o ../obj_s/edit_field.o ../obj_s/popup_msg.o -Wl,-O1 -Wl,--sort-common -Wl,--as-needed -Wl,-z,relro -Wl,-z,now -Wl,--undefined-version -Wl,--hash-style=gnu -Wl,--compress-debug-sections=zstd -I. -I. -I../test -DHAVE_CONFIG_H -DDATA_DIR=\"/usr/share\" -I. -I../include -D_DEFAULT_SOURCE -D_XOPEN_SOURCE=600 -DNDEBUG -march=x86-64-v3 -O2 -pipe -fno-plt -fexceptions -Wp,-D_FORTIFY_SOURCE=3 -fstack-clash-protection -fcf-protection -Qunused-arguments -Wno-error=implicit-function-declaration  -fPIC  -L../lib -lformw -lmenuw -lpanelw -lncursesw    -lutil 
clang -march=x86-64-v3 -O2 -pipe -fno-plt -fexceptions -Wp,-D_FORTIFY_SOURCE=3 -fstack-clash-protection -fcf-protection -Qunused-arguments -Wno-error=implicit-function-declaration  -o movewindow ../obj_s/movewindow.o ../obj_s/popup_msg.o -Wl,-O1 -Wl,--sort-common -Wl,--as-needed -Wl,-z,relro -Wl,-z,now -Wl,--undefined-version -Wl,--hash-style=gnu -Wl,--compress-debug-sections=zstd -I. -I. -I../test -DHAVE_CONFIG_H -DDATA_DIR=\"/usr/share\" -I. -I../include -D_DEFAULT_SOURCE -D_XOPEN_SOURCE=600 -DNDEBUG -march=x86-64-v3 -O2 -pipe -fno-plt -fexceptions -Wp,-D_FORTIFY_SOURCE=3 -fstack-clash-protection -fcf-protection -Qunused-arguments -Wno-error=implicit-function-declaration  -fPIC  `echo "-L../lib -lformw -lmenuw -lpanelw -lncursesw   " | sed -e 's/-lform.*-lpanel[^ ]*//'` -lutil 
clang -march=x86-64-v3 -O2 -pipe -fno-plt -fexceptions -Wp,-D_FORTIFY_SOURCE=3 -fstack-clash-protection -fcf-protection -Qunused-arguments -Wno-error=implicit-function-declaration  -o newdemo ../obj_s/newdemo.o -Wl,-O1 -Wl,--sort-common -Wl,--as-needed -Wl,-z,relro -Wl,-z,now -Wl,--undefined-version -Wl,--hash-style=gnu -Wl,--compress-debug-sections=zstd -I. -I. -I../test -DHAVE_CONFIG_H -DDATA_DIR=\"/usr/share\" -I. -I../include -D_DEFAULT_SOURCE -D_XOPEN_SOURCE=600 -DNDEBUG -march=x86-64-v3 -O2 -pipe -fno-plt -fexceptions -Wp,-D_FORTIFY_SOURCE=3 -fstack-clash-protection -fcf-protection -Qunused-arguments -Wno-error=implicit-function-declaration  -fPIC  `echo "-L../lib -lformw -lmenuw -lpanelw -lncursesw   " | sed -e 's/-lform.*-lpanel[^ ]*//'` -lutil 
clang -march=x86-64-v3 -O2 -pipe -fno-plt -fexceptions -Wp,-D_FORTIFY_SOURCE=3 -fstack-clash-protection -fcf-protection -Qunused-arguments -Wno-error=implicit-function-declaration  -o padview ../obj_s/padview.o ../obj_s/popup_msg.o -Wl,-O1 -Wl,--sort-common -Wl,--as-needed -Wl,-z,relro -Wl,-z,now -Wl,--undefined-version -Wl,--hash-style=gnu -Wl,--compress-debug-sections=zstd -I. -I. -I../test -DHAVE_CONFIG_H -DDATA_DIR=\"/usr/share\" -I. -I../include -D_DEFAULT_SOURCE -D_XOPEN_SOURCE=600 -DNDEBUG -march=x86-64-v3 -O2 -pipe -fno-plt -fexceptions -Wp,-D_FORTIFY_SOURCE=3 -fstack-clash-protection -fcf-protection -Qunused-arguments -Wno-error=implicit-function-declaration  -fPIC  `echo "-L../lib -lformw -lmenuw -lpanelw -lncursesw   " | sed -e 's/-lform.*-lpanel[^ ]*//'` -lutil 
clang -march=x86-64-v3 -O2 -pipe -fno-plt -fexceptions -Wp,-D_FORTIFY_SOURCE=3 -fstack-clash-protection -fcf-protection -Qunused-arguments -Wno-error=implicit-function-declaration  -o pair_content ../obj_s/pair_content.o -Wl,-O1 -Wl,--sort-common -Wl,--as-needed -Wl,-z,relro -Wl,-z,now -Wl,--undefined-version -Wl,--hash-style=gnu -Wl,--compress-debug-sections=zstd -I. -I. -I../test -DHAVE_CONFIG_H -DDATA_DIR=\"/usr/share\" -I. -I../include -D_DEFAULT_SOURCE -D_XOPEN_SOURCE=600 -DNDEBUG -march=x86-64-v3 -O2 -pipe -fno-plt -fexceptions -Wp,-D_FORTIFY_SOURCE=3 -fstack-clash-protection -fcf-protection -Qunused-arguments -Wno-error=implicit-function-declaration  -fPIC  `echo "-L../lib -lformw -lmenuw -lpanelw -lncursesw   " | sed -e 's/-lform.*-lpanel[^ ]*//'` -lutil 
clang -march=x86-64-v3 -O2 -pipe -fno-plt -fexceptions -Wp,-D_FORTIFY_SOURCE=3 -fstack-clash-protection -fcf-protection -Qunused-arguments -Wno-error=implicit-function-declaration  -o picsmap ../obj_s/picsmap.o -Wl,-O1 -Wl,--sort-common -Wl,--as-needed -Wl,-z,relro -Wl,-z,now -Wl,--undefined-version -Wl,--hash-style=gnu -Wl,--compress-debug-sections=zstd -I. -I. -I../test -DHAVE_CONFIG_H -DDATA_DIR=\"/usr/share\" -I. -I../include -D_DEFAULT_SOURCE -D_XOPEN_SOURCE=600 -DNDEBUG -march=x86-64-v3 -O2 -pipe -fno-plt -fexceptions -Wp,-D_FORTIFY_SOURCE=3 -fstack-clash-protection -fcf-protection -Qunused-arguments -Wno-error=implicit-function-declaration  -fPIC  `echo "-L../lib -lformw -lmenuw -lpanelw -lncursesw   " | sed -e 's/-lform.*-lpanel[^ ]*//'` -lutil 
clang -march=x86-64-v3 -O2 -pipe -fno-plt -fexceptions -Wp,-D_FORTIFY_SOURCE=3 -fstack-clash-protection -fcf-protection -Qunused-arguments -Wno-error=implicit-function-declaration  -o railroad ../obj_s/railroad.o -L../lib -Wl,-O1 -Wl,--sort-common -Wl,--as-needed -Wl,-z,relro -Wl,-z,now -Wl,--undefined-version -Wl,--hash-style=gnu -Wl,--compress-debug-sections=zstd -I. -I. -I../test -DHAVE_CONFIG_H -DDATA_DIR=\"/usr/share\" -I. -I../include -D_DEFAULT_SOURCE -D_XOPEN_SOURCE=600 -DNDEBUG -march=x86-64-v3 -O2 -pipe -fno-plt -fexceptions -Wp,-D_FORTIFY_SOURCE=3 -fstack-clash-protection -fcf-protection -Qunused-arguments -Wno-error=implicit-function-declaration  -fPIC  -lncursesw   -lutil 
clang -march=x86-64-v3 -O2 -pipe -fno-plt -fexceptions -Wp,-D_FORTIFY_SOURCE=3 -fstack-clash-protection -fcf-protection -Qunused-arguments -Wno-error=implicit-function-declaration  -o rain ../obj_s/rain.o ../obj_s/popup_msg.o -Wl,-O1 -Wl,--sort-common -Wl,--as-needed -Wl,-z,relro -Wl,-z,now -Wl,--undefined-version -Wl,--hash-style=gnu -Wl,--compress-debug-sections=zstd -I. -I. -I../test -DHAVE_CONFIG_H -DDATA_DIR=\"/usr/share\" -I. -I../include -D_DEFAULT_SOURCE -D_XOPEN_SOURCE=600 -DNDEBUG -march=x86-64-v3 -O2 -pipe -fno-plt -fexceptions -Wp,-D_FORTIFY_SOURCE=3 -fstack-clash-protection -fcf-protection -Qunused-arguments -Wno-error=implicit-function-declaration  -fPIC  `echo "-L../lib -lformw -lmenuw -lpanelw -lncursesw   " | sed -e 's/-lform.*-lpanel[^ ]*//'` -lutil  
clang -march=x86-64-v3 -O2 -pipe -fno-plt -fexceptions -Wp,-D_FORTIFY_SOURCE=3 -fstack-clash-protection -fcf-protection -Qunused-arguments -Wno-error=implicit-function-declaration  -o redraw ../obj_s/redraw.o ../obj_s/popup_msg.o -Wl,-O1 -Wl,--sort-common -Wl,--as-needed -Wl,-z,relro -Wl,-z,now -Wl,--undefined-version -Wl,--hash-style=gnu -Wl,--compress-debug-sections=zstd -I. -I. -I../test -DHAVE_CONFIG_H -DDATA_DIR=\"/usr/share\" -I. -I../include -D_DEFAULT_SOURCE -D_XOPEN_SOURCE=600 -DNDEBUG -march=x86-64-v3 -O2 -pipe -fno-plt -fexceptions -Wp,-D_FORTIFY_SOURCE=3 -fstack-clash-protection -fcf-protection -Qunused-arguments -Wno-error=implicit-function-declaration  -fPIC  `echo "-L../lib -lformw -lmenuw -lpanelw -lncursesw   " | sed -e 's/-lform.*-lpanel[^ ]*//'` -lutil 
clang -march=x86-64-v3 -O2 -pipe -fno-plt -fexceptions -Wp,-D_FORTIFY_SOURCE=3 -fstack-clash-protection -fcf-protection -Qunused-arguments -Wno-error=implicit-function-declaration  -o savescreen ../obj_s/savescreen.o ../obj_s/popup_msg.o -Wl,-O1 -Wl,--sort-common -Wl,--as-needed -Wl,-z,relro -Wl,-z,now -Wl,--undefined-version -Wl,--hash-style=gnu -Wl,--compress-debug-sections=zstd -I. -I. -I../test -DHAVE_CONFIG_H -DDATA_DIR=\"/usr/share\" -I. -I../include -D_DEFAULT_SOURCE -D_XOPEN_SOURCE=600 -DNDEBUG -march=x86-64-v3 -O2 -pipe -fno-plt -fexceptions -Wp,-D_FORTIFY_SOURCE=3 -fstack-clash-protection -fcf-protection -Qunused-arguments -Wno-error=implicit-function-declaration  -fPIC  `echo "-L../lib -lformw -lmenuw -lpanelw -lncursesw   " | sed -e 's/-lform.*-lpanel[^ ]*//'` -lutil 
clang -march=x86-64-v3 -O2 -pipe -fno-plt -fexceptions -Wp,-D_FORTIFY_SOURCE=3 -fstack-clash-protection -fcf-protection -Qunused-arguments -Wno-error=implicit-function-declaration  -o sp_tinfo ../obj_s/sp_tinfo.o -L../lib -Wl,-O1 -Wl,--sort-common -Wl,--as-needed -Wl,-z,relro -Wl,-z,now -Wl,--undefined-version -Wl,--hash-style=gnu -Wl,--compress-debug-sections=zstd -I. -I. -I../test -DHAVE_CONFIG_H -DDATA_DIR=\"/usr/share\" -I. -I../include -D_DEFAULT_SOURCE -D_XOPEN_SOURCE=600 -DNDEBUG -march=x86-64-v3 -O2 -pipe -fno-plt -fexceptions -Wp,-D_FORTIFY_SOURCE=3 -fstack-clash-protection -fcf-protection -Qunused-arguments -Wno-error=implicit-function-declaration  -fPIC  -lncursesw   -lutil 
clang -march=x86-64-v3 -O2 -pipe -fno-plt -fexceptions -Wp,-D_FORTIFY_SOURCE=3 -fstack-clash-protection -fcf-protection -Qunused-arguments -Wno-error=implicit-function-declaration  -o tclock ../obj_s/tclock.o -Wl,-O1 -Wl,--sort-common -Wl,--as-needed -Wl,-z,relro -Wl,-z,now -Wl,--undefined-version -Wl,--hash-style=gnu -Wl,--compress-debug-sections=zstd -I. -I. -I../test -DHAVE_CONFIG_H -DDATA_DIR=\"/usr/share\" -I. -I../include -D_DEFAULT_SOURCE -D_XOPEN_SOURCE=600 -DNDEBUG -march=x86-64-v3 -O2 -pipe -fno-plt -fexceptions -Wp,-D_FORTIFY_SOURCE=3 -fstack-clash-protection -fcf-protection -Qunused-arguments -Wno-error=implicit-function-declaration  -fPIC  `echo "-L../lib -lformw -lmenuw -lpanelw -lncursesw   " | sed -e 's/-lform.*-lpanel[^ ]*//'` -lutil  -lm
clang -march=x86-64-v3 -O2 -pipe -fno-plt -fexceptions -Wp,-D_FORTIFY_SOURCE=3 -fstack-clash-protection -fcf-protection -Qunused-arguments -Wno-error=implicit-function-declaration  -o test_add_wchstr ../obj_s/test_add_wchstr.o -Wl,-O1 -Wl,--sort-common -Wl,--as-needed -Wl,-z,relro -Wl,-z,now -Wl,--undefined-version -Wl,--hash-style=gnu -Wl,--compress-debug-sections=zstd -I. -I. -I../test -DHAVE_CONFIG_H -DDATA_DIR=\"/usr/share\" -I. -I../include -D_DEFAULT_SOURCE -D_XOPEN_SOURCE=600 -DNDEBUG -march=x86-64-v3 -O2 -pipe -fno-plt -fexceptions -Wp,-D_FORTIFY_SOURCE=3 -fstack-clash-protection -fcf-protection -Qunused-arguments -Wno-error=implicit-function-declaration  -fPIC  `echo "-L../lib -lformw -lmenuw -lpanelw -lncursesw   " | sed -e 's/-lform.*-lpanel[^ ]*//'` -lutil 
clang -march=x86-64-v3 -O2 -pipe -fno-plt -fexceptions -Wp,-D_FORTIFY_SOURCE=3 -fstack-clash-protection -fcf-protection -Qunused-arguments -Wno-error=implicit-function-declaration  -o test_addchstr ../obj_s/test_addchstr.o -Wl,-O1 -Wl,--sort-common -Wl,--as-needed -Wl,-z,relro -Wl,-z,now -Wl,--undefined-version -Wl,--hash-style=gnu -Wl,--compress-debug-sections=zstd -I. -I. -I../test -DHAVE_CONFIG_H -DDATA_DIR=\"/usr/share\" -I. -I../include -D_DEFAULT_SOURCE -D_XOPEN_SOURCE=600 -DNDEBUG -march=x86-64-v3 -O2 -pipe -fno-plt -fexceptions -Wp,-D_FORTIFY_SOURCE=3 -fstack-clash-protection -fcf-protection -Qunused-arguments -Wno-error=implicit-function-declaration  -fPIC  `echo "-L../lib -lformw -lmenuw -lpanelw -lncursesw   " | sed -e 's/-lform.*-lpanel[^ ]*//'` -lutil 
clang -march=x86-64-v3 -O2 -pipe -fno-plt -fexceptions -Wp,-D_FORTIFY_SOURCE=3 -fstack-clash-protection -fcf-protection -Qunused-arguments -Wno-error=implicit-function-declaration  -o test_addstr ../obj_s/test_addstr.o -Wl,-O1 -Wl,--sort-common -Wl,--as-needed -Wl,-z,relro -Wl,-z,now -Wl,--undefined-version -Wl,--hash-style=gnu -Wl,--compress-debug-sections=zstd -I. -I. -I../test -DHAVE_CONFIG_H -DDATA_DIR=\"/usr/share\" -I. -I../include -D_DEFAULT_SOURCE -D_XOPEN_SOURCE=600 -DNDEBUG -march=x86-64-v3 -O2 -pipe -fno-plt -fexceptions -Wp,-D_FORTIFY_SOURCE=3 -fstack-clash-protection -fcf-protection -Qunused-arguments -Wno-error=implicit-function-declaration  -fPIC  `echo "-L../lib -lformw -lmenuw -lpanelw -lncursesw   " | sed -e 's/-lform.*-lpanel[^ ]*//'` -lutil 
clang -march=x86-64-v3 -O2 -pipe -fno-plt -fexceptions -Wp,-D_FORTIFY_SOURCE=3 -fstack-clash-protection -fcf-protection -Qunused-arguments -Wno-error=implicit-function-declaration  -o test_addwstr ../obj_s/test_addwstr.o -Wl,-O1 -Wl,--sort-common -Wl,--as-needed -Wl,-z,relro -Wl,-z,now -Wl,--undefined-version -Wl,--hash-style=gnu -Wl,--compress-debug-sections=zstd -I. -I. -I../test -DHAVE_CONFIG_H -DDATA_DIR=\"/usr/share\" -I. -I../include -D_DEFAULT_SOURCE -D_XOPEN_SOURCE=600 -DNDEBUG -march=x86-64-v3 -O2 -pipe -fno-plt -fexceptions -Wp,-D_FORTIFY_SOURCE=3 -fstack-clash-protection -fcf-protection -Qunused-arguments -Wno-error=implicit-function-declaration  -fPIC  `echo "-L../lib -lformw -lmenuw -lpanelw -lncursesw   " | sed -e 's/-lform.*-lpanel[^ ]*//'` -lutil 
clang -march=x86-64-v3 -O2 -pipe -fno-plt -fexceptions -Wp,-D_FORTIFY_SOURCE=3 -fstack-clash-protection -fcf-protection -Qunused-arguments -Wno-error=implicit-function-declaration  -o test_arrays ../obj_s/test_arrays.o -L../lib -Wl,-O1 -Wl,--sort-common -Wl,--as-needed -Wl,-z,relro -Wl,-z,now -Wl,--undefined-version -Wl,--hash-style=gnu -Wl,--compress-debug-sections=zstd -I. -I. -I../test -DHAVE_CONFIG_H -DDATA_DIR=\"/usr/share\" -I. -I../include -D_DEFAULT_SOURCE -D_XOPEN_SOURCE=600 -DNDEBUG -march=x86-64-v3 -O2 -pipe -fno-plt -fexceptions -Wp,-D_FORTIFY_SOURCE=3 -fstack-clash-protection -fcf-protection -Qunused-arguments -Wno-error=implicit-function-declaration  -fPIC  -lncursesw   -lutil 
clang -march=x86-64-v3 -O2 -pipe -fno-plt -fexceptions -Wp,-D_FORTIFY_SOURCE=3 -fstack-clash-protection -fcf-protection -Qunused-arguments -Wno-error=implicit-function-declaration  -o test_delwin ../obj_s/test_delwin.o -Wl,-O1 -Wl,--sort-common -Wl,--as-needed -Wl,-z,relro -Wl,-z,now -Wl,--undefined-version -Wl,--hash-style=gnu -Wl,--compress-debug-sections=zstd -I. -I. -I../test -DHAVE_CONFIG_H -DDATA_DIR=\"/usr/share\" -I. -I../include -D_DEFAULT_SOURCE -D_XOPEN_SOURCE=600 -DNDEBUG -march=x86-64-v3 -O2 -pipe -fno-plt -fexceptions -Wp,-D_FORTIFY_SOURCE=3 -fstack-clash-protection -fcf-protection -Qunused-arguments -Wno-error=implicit-function-declaration  -fPIC  `echo "-L../lib -lformw -lmenuw -lpanelw -lncursesw   " | sed -e 's/-lform.*-lpanel[^ ]*//'` -lutil 
clang -march=x86-64-v3 -O2 -pipe -fno-plt -fexceptions -Wp,-D_FORTIFY_SOURCE=3 -fstack-clash-protection -fcf-protection -Qunused-arguments -Wno-error=implicit-function-declaration  -o test_endwin ../obj_s/test_endwin.o -Wl,-O1 -Wl,--sort-common -Wl,--as-needed -Wl,-z,relro -Wl,-z,now -Wl,--undefined-version -Wl,--hash-style=gnu -Wl,--compress-debug-sections=zstd -I. -I. -I../test -DHAVE_CONFIG_H -DDATA_DIR=\"/usr/share\" -I. -I../include -D_DEFAULT_SOURCE -D_XOPEN_SOURCE=600 -DNDEBUG -march=x86-64-v3 -O2 -pipe -fno-plt -fexceptions -Wp,-D_FORTIFY_SOURCE=3 -fstack-clash-protection -fcf-protection -Qunused-arguments -Wno-error=implicit-function-declaration  -fPIC  `echo "-L../lib -lformw -lmenuw -lpanelw -lncursesw   " | sed -e 's/-lform.*-lpanel[^ ]*//'` -lutil 
clang -march=x86-64-v3 -O2 -pipe -fno-plt -fexceptions -Wp,-D_FORTIFY_SOURCE=3 -fstack-clash-protection -fcf-protection -Qunused-arguments -Wno-error=implicit-function-declaration  -o test_get_wstr ../obj_s/test_get_wstr.o ../obj_s/popup_msg.o -Wl,-O1 -Wl,--sort-common -Wl,--as-needed -Wl,-z,relro -Wl,-z,now -Wl,--undefined-version -Wl,--hash-style=gnu -Wl,--compress-debug-sections=zstd -I. -I. -I../test -DHAVE_CONFIG_H -DDATA_DIR=\"/usr/share\" -I. -I../include -D_DEFAULT_SOURCE -D_XOPEN_SOURCE=600 -DNDEBUG -march=x86-64-v3 -O2 -pipe -fno-plt -fexceptions -Wp,-D_FORTIFY_SOURCE=3 -fstack-clash-protection -fcf-protection -Qunused-arguments -Wno-error=implicit-function-declaration  -fPIC  `echo "-L../lib -lformw -lmenuw -lpanelw -lncursesw   " | sed -e 's/-lform.*-lpanel[^ ]*//'` -lutil 
clang -march=x86-64-v3 -O2 -pipe -fno-plt -fexceptions -Wp,-D_FORTIFY_SOURCE=3 -fstack-clash-protection -fcf-protection -Qunused-arguments -Wno-error=implicit-function-declaration  -o test_getstr ../obj_s/test_getstr.o ../obj_s/popup_msg.o -Wl,-O1 -Wl,--sort-common -Wl,--as-needed -Wl,-z,relro -Wl,-z,now -Wl,--undefined-version -Wl,--hash-style=gnu -Wl,--compress-debug-sections=zstd -I. -I. -I../test -DHAVE_CONFIG_H -DDATA_DIR=\"/usr/share\" -I. -I../include -D_DEFAULT_SOURCE -D_XOPEN_SOURCE=600 -DNDEBUG -march=x86-64-v3 -O2 -pipe -fno-plt -fexceptions -Wp,-D_FORTIFY_SOURCE=3 -fstack-clash-protection -fcf-protection -Qunused-arguments -Wno-error=implicit-function-declaration  -fPIC  `echo "-L../lib -lformw -lmenuw -lpanelw -lncursesw   " | sed -e 's/-lform.*-lpanel[^ ]*//'` -lutil 
clang -march=x86-64-v3 -O2 -pipe -fno-plt -fexceptions -Wp,-D_FORTIFY_SOURCE=3 -fstack-clash-protection -fcf-protection -Qunused-arguments -Wno-error=implicit-function-declaration  -o test_instr ../obj_s/test_instr.o ../obj_s/popup_msg.o -Wl,-O1 -Wl,--sort-common -Wl,--as-needed -Wl,-z,relro -Wl,-z,now -Wl,--undefined-version -Wl,--hash-style=gnu -Wl,--compress-debug-sections=zstd -I. -I. -I../test -DHAVE_CONFIG_H -DDATA_DIR=\"/usr/share\" -I. -I../include -D_DEFAULT_SOURCE -D_XOPEN_SOURCE=600 -DNDEBUG -march=x86-64-v3 -O2 -pipe -fno-plt -fexceptions -Wp,-D_FORTIFY_SOURCE=3 -fstack-clash-protection -fcf-protection -Qunused-arguments -Wno-error=implicit-function-declaration  -fPIC  `echo "-L../lib -lformw -lmenuw -lpanelw -lncursesw   " | sed -e 's/-lform.*-lpanel[^ ]*//'` -lutil 
clang -march=x86-64-v3 -O2 -pipe -fno-plt -fexceptions -Wp,-D_FORTIFY_SOURCE=3 -fstack-clash-protection -fcf-protection -Qunused-arguments -Wno-error=implicit-function-declaration  -o test_inwstr ../obj_s/test_inwstr.o ../obj_s/popup_msg.o -Wl,-O1 -Wl,--sort-common -Wl,--as-needed -Wl,-z,relro -Wl,-z,now -Wl,--undefined-version -Wl,--hash-style=gnu -Wl,--compress-debug-sections=zstd -I. -I. -I../test -DHAVE_CONFIG_H -DDATA_DIR=\"/usr/share\" -I. -I../include -D_DEFAULT_SOURCE -D_XOPEN_SOURCE=600 -DNDEBUG -march=x86-64-v3 -O2 -pipe -fno-plt -fexceptions -Wp,-D_FORTIFY_SOURCE=3 -fstack-clash-protection -fcf-protection -Qunused-arguments -Wno-error=implicit-function-declaration  -fPIC  `echo "-L../lib -lformw -lmenuw -lpanelw -lncursesw   " | sed -e 's/-lform.*-lpanel[^ ]*//'` -lutil 
clang -march=x86-64-v3 -O2 -pipe -fno-plt -fexceptions -Wp,-D_FORTIFY_SOURCE=3 -fstack-clash-protection -fcf-protection -Qunused-arguments -Wno-error=implicit-function-declaration  -o test_mouse ../obj_s/test_mouse.o -Wl,-O1 -Wl,--sort-common -Wl,--as-needed -Wl,-z,relro -Wl,-z,now -Wl,--undefined-version -Wl,--hash-style=gnu -Wl,--compress-debug-sections=zstd -I. -I. -I../test -DHAVE_CONFIG_H -DDATA_DIR=\"/usr/share\" -I. -I../include -D_DEFAULT_SOURCE -D_XOPEN_SOURCE=600 -DNDEBUG -march=x86-64-v3 -O2 -pipe -fno-plt -fexceptions -Wp,-D_FORTIFY_SOURCE=3 -fstack-clash-protection -fcf-protection -Qunused-arguments -Wno-error=implicit-function-declaration  -fPIC  `echo "-L../lib -lformw -lmenuw -lpanelw -lncursesw   " | sed -e 's/-lform.*-lpanel[^ ]*//'` -lutil 
clang -march=x86-64-v3 -O2 -pipe -fno-plt -fexceptions -Wp,-D_FORTIFY_SOURCE=3 -fstack-clash-protection -fcf-protection -Qunused-arguments -Wno-error=implicit-function-declaration  -o test_opaque ../obj_s/test_opaque.o -Wl,-O1 -Wl,--sort-common -Wl,--as-needed -Wl,-z,relro -Wl,-z,now -Wl,--undefined-version -Wl,--hash-style=gnu -Wl,--compress-debug-sections=zstd -I. -I. -I../test -DHAVE_CONFIG_H -DDATA_DIR=\"/usr/share\" -I. -I../include -D_DEFAULT_SOURCE -D_XOPEN_SOURCE=600 -DNDEBUG -march=x86-64-v3 -O2 -pipe -fno-plt -fexceptions -Wp,-D_FORTIFY_SOURCE=3 -fstack-clash-protection -fcf-protection -Qunused-arguments -Wno-error=implicit-function-declaration  -fPIC  `echo "-L../lib -lformw -lmenuw -lpanelw -lncursesw   " | sed -e 's/-lform.*-lpanel[^ ]*//'` -lutil 
clang -march=x86-64-v3 -O2 -pipe -fno-plt -fexceptions -Wp,-D_FORTIFY_SOURCE=3 -fstack-clash-protection -fcf-protection -Qunused-arguments -Wno-error=implicit-function-declaration  -o test_setupterm ../obj_s/test_setupterm.o -Wl,-O1 -Wl,--sort-common -Wl,--as-needed -Wl,-z,relro -Wl,-z,now -Wl,--undefined-version -Wl,--hash-style=gnu -Wl,--compress-debug-sections=zstd -I. -I. -I../test -DHAVE_CONFIG_H -DDATA_DIR=\"/usr/share\" -I. -I../include -D_DEFAULT_SOURCE -D_XOPEN_SOURCE=600 -DNDEBUG -march=x86-64-v3 -O2 -pipe -fno-plt -fexceptions -Wp,-D_FORTIFY_SOURCE=3 -fstack-clash-protection -fcf-protection -Qunused-arguments -Wno-error=implicit-function-declaration  -fPIC  `echo "-L../lib -lformw -lmenuw -lpanelw -lncursesw   " | sed -e 's/-lform.*-lpanel[^ ]*//'` -lutil 
clang -march=x86-64-v3 -O2 -pipe -fno-plt -fexceptions -Wp,-D_FORTIFY_SOURCE=3 -fstack-clash-protection -fcf-protection -Qunused-arguments -Wno-error=implicit-function-declaration  -o test_sgr ../obj_s/test_sgr.o -L../lib -Wl,-O1 -Wl,--sort-common -Wl,--as-needed -Wl,-z,relro -Wl,-z,now -Wl,--undefined-version -Wl,--hash-style=gnu -Wl,--compress-debug-sections=zstd -I. -I. -I../test -DHAVE_CONFIG_H -DDATA_DIR=\"/usr/share\" -I. -I../include -D_DEFAULT_SOURCE -D_XOPEN_SOURCE=600 -DNDEBUG -march=x86-64-v3 -O2 -pipe -fno-plt -fexceptions -Wp,-D_FORTIFY_SOURCE=3 -fstack-clash-protection -fcf-protection -Qunused-arguments -Wno-error=implicit-function-declaration  -fPIC  -lncursesw   -lutil 
clang -march=x86-64-v3 -O2 -pipe -fno-plt -fexceptions -Wp,-D_FORTIFY_SOURCE=3 -fstack-clash-protection -fcf-protection -Qunused-arguments -Wno-error=implicit-function-declaration  -o test_termattrs ../obj_s/test_termattrs.o -Wl,-O1 -Wl,--sort-common -Wl,--as-needed -Wl,-z,relro -Wl,-z,now -Wl,--undefined-version -Wl,--hash-style=gnu -Wl,--compress-debug-sections=zstd -I. -I. -I../test -DHAVE_CONFIG_H -DDATA_DIR=\"/usr/share\" -I. -I../include -D_DEFAULT_SOURCE -D_XOPEN_SOURCE=600 -DNDEBUG -march=x86-64-v3 -O2 -pipe -fno-plt -fexceptions -Wp,-D_FORTIFY_SOURCE=3 -fstack-clash-protection -fcf-protection -Qunused-arguments -Wno-error=implicit-function-declaration  -fPIC  `echo "-L../lib -lformw -lmenuw -lpanelw -lncursesw   " | sed -e 's/-lform.*-lpanel[^ ]*//'` -lutil 
clang -march=x86-64-v3 -O2 -pipe -fno-plt -fexceptions -Wp,-D_FORTIFY_SOURCE=3 -fstack-clash-protection -fcf-protection -Qunused-arguments -Wno-error=implicit-function-declaration  -o test_unget_wch ../obj_s/test_unget_wch.o -Wl,-O1 -Wl,--sort-common -Wl,--as-needed -Wl,-z,relro -Wl,-z,now -Wl,--undefined-version -Wl,--hash-style=gnu -Wl,--compress-debug-sections=zstd -I. -I. -I../test -DHAVE_CONFIG_H -DDATA_DIR=\"/usr/share\" -I. -I../include -D_DEFAULT_SOURCE -D_XOPEN_SOURCE=600 -DNDEBUG -march=x86-64-v3 -O2 -pipe -fno-plt -fexceptions -Wp,-D_FORTIFY_SOURCE=3 -fstack-clash-protection -fcf-protection -Qunused-arguments -Wno-error=implicit-function-declaration  -fPIC  `echo "-L../lib -lformw -lmenuw -lpanelw -lncursesw   " | sed -e 's/-lform.*-lpanel[^ ]*//'` -lutil 
clang -march=x86-64-v3 -O2 -pipe -fno-plt -fexceptions -Wp,-D_FORTIFY_SOURCE=3 -fstack-clash-protection -fcf-protection -Qunused-arguments -Wno-error=implicit-function-declaration  -o test_vid_puts ../obj_s/test_vid_puts.o -Wl,-O1 -Wl,--sort-common -Wl,--as-needed -Wl,-z,relro -Wl,-z,now -Wl,--undefined-version -Wl,--hash-style=gnu -Wl,--compress-debug-sections=zstd -I. -I. -I../test -DHAVE_CONFIG_H -DDATA_DIR=\"/usr/share\" -I. -I../include -D_DEFAULT_SOURCE -D_XOPEN_SOURCE=600 -DNDEBUG -march=x86-64-v3 -O2 -pipe -fno-plt -fexceptions -Wp,-D_FORTIFY_SOURCE=3 -fstack-clash-protection -fcf-protection -Qunused-arguments -Wno-error=implicit-function-declaration  -fPIC  `echo "-L../lib -lformw -lmenuw -lpanelw -lncursesw   " | sed -e 's/-lform.*-lpanel[^ ]*//'` -lutil 
clang -march=x86-64-v3 -O2 -pipe -fno-plt -fexceptions -Wp,-D_FORTIFY_SOURCE=3 -fstack-clash-protection -fcf-protection -Qunused-arguments -Wno-error=implicit-function-declaration  -o test_vidputs ../obj_s/test_vidputs.o -Wl,-O1 -Wl,--sort-common -Wl,--as-needed -Wl,-z,relro -Wl,-z,now -Wl,--undefined-version -Wl,--hash-style=gnu -Wl,--compress-debug-sections=zstd -I. -I. -I../test -DHAVE_CONFIG_H -DDATA_DIR=\"/usr/share\" -I. -I../include -D_DEFAULT_SOURCE -D_XOPEN_SOURCE=600 -DNDEBUG -march=x86-64-v3 -O2 -pipe -fno-plt -fexceptions -Wp,-D_FORTIFY_SOURCE=3 -fstack-clash-protection -fcf-protection -Qunused-arguments -Wno-error=implicit-function-declaration  -fPIC  `echo "-L../lib -lformw -lmenuw -lpanelw -lncursesw   " | sed -e 's/-lform.*-lpanel[^ ]*//'` -lutil 
clang -march=x86-64-v3 -O2 -pipe -fno-plt -fexceptions -Wp,-D_FORTIFY_SOURCE=3 -fstack-clash-protection -fcf-protection -Qunused-arguments -Wno-error=implicit-function-declaration  -o testaddch ../obj_s/testaddch.o -Wl,-O1 -Wl,--sort-common -Wl,--as-needed -Wl,-z,relro -Wl,-z,now -Wl,--undefined-version -Wl,--hash-style=gnu -Wl,--compress-debug-sections=zstd -I. -I. -I../test -DHAVE_CONFIG_H -DDATA_DIR=\"/usr/share\" -I. -I../include -D_DEFAULT_SOURCE -D_XOPEN_SOURCE=600 -DNDEBUG -march=x86-64-v3 -O2 -pipe -fno-plt -fexceptions -Wp,-D_FORTIFY_SOURCE=3 -fstack-clash-protection -fcf-protection -Qunused-arguments -Wno-error=implicit-function-declaration  -fPIC  `echo "-L../lib -lformw -lmenuw -lpanelw -lncursesw   " | sed -e 's/-lform.*-lpanel[^ ]*//'` -lutil 
clang -march=x86-64-v3 -O2 -pipe -fno-plt -fexceptions -Wp,-D_FORTIFY_SOURCE=3 -fstack-clash-protection -fcf-protection -Qunused-arguments -Wno-error=implicit-function-declaration  -o testcurs ../obj_s/testcurs.o -Wl,-O1 -Wl,--sort-common -Wl,--as-needed -Wl,-z,relro -Wl,-z,now -Wl,--undefined-version -Wl,--hash-style=gnu -Wl,--compress-debug-sections=zstd -I. -I. -I../test -DHAVE_CONFIG_H -DDATA_DIR=\"/usr/share\" -I. -I../include -D_DEFAULT_SOURCE -D_XOPEN_SOURCE=600 -DNDEBUG -march=x86-64-v3 -O2 -pipe -fno-plt -fexceptions -Wp,-D_FORTIFY_SOURCE=3 -fstack-clash-protection -fcf-protection -Qunused-arguments -Wno-error=implicit-function-declaration  -fPIC  `echo "-L../lib -lformw -lmenuw -lpanelw -lncursesw   " | sed -e 's/-lform.*-lpanel[^ ]*//'` -lutil 
clang -march=x86-64-v3 -O2 -pipe -fno-plt -fexceptions -Wp,-D_FORTIFY_SOURCE=3 -fstack-clash-protection -fcf-protection -Qunused-arguments -Wno-error=implicit-function-declaration  -o testscanw ../obj_s/testscanw.o -Wl,-O1 -Wl,--sort-common -Wl,--as-needed -Wl,-z,relro -Wl,-z,now -Wl,--undefined-version -Wl,--hash-style=gnu -Wl,--compress-debug-sections=zstd -I. -I. -I../test -DHAVE_CONFIG_H -DDATA_DIR=\"/usr/share\" -I. -I../include -D_DEFAULT_SOURCE -D_XOPEN_SOURCE=600 -DNDEBUG -march=x86-64-v3 -O2 -pipe -fno-plt -fexceptions -Wp,-D_FORTIFY_SOURCE=3 -fstack-clash-protection -fcf-protection -Qunused-arguments -Wno-error=implicit-function-declaration  -fPIC  `echo "-L../lib -lformw -lmenuw -lpanelw -lncursesw   " | sed -e 's/-lform.*-lpanel[^ ]*//'` -lutil 
clang -march=x86-64-v3 -O2 -pipe -fno-plt -fexceptions -Wp,-D_FORTIFY_SOURCE=3 -fstack-clash-protection -fcf-protection -Qunused-arguments -Wno-error=implicit-function-declaration  -o view ../obj_s/view.o ../obj_s/popup_msg.o -Wl,-O1 -Wl,--sort-common -Wl,--as-needed -Wl,-z,relro -Wl,-z,now -Wl,--undefined-version -Wl,--hash-style=gnu -Wl,--compress-debug-sections=zstd -I. -I. -I../test -DHAVE_CONFIG_H -DDATA_DIR=\"/usr/share\" -I. -I../include -D_DEFAULT_SOURCE -D_XOPEN_SOURCE=600 -DNDEBUG -march=x86-64-v3 -O2 -pipe -fno-plt -fexceptions -Wp,-D_FORTIFY_SOURCE=3 -fstack-clash-protection -fcf-protection -Qunused-arguments -Wno-error=implicit-function-declaration  -fPIC  `echo "-L../lib -lformw -lmenuw -lpanelw -lncursesw   " | sed -e 's/-lform.*-lpanel[^ ]*//'` -lutil 
clang -march=x86-64-v3 -O2 -pipe -fno-plt -fexceptions -Wp,-D_FORTIFY_SOURCE=3 -fstack-clash-protection -fcf-protection -Qunused-arguments -Wno-error=implicit-function-declaration  -o worm ../obj_s/worm.o -Wl,-O1 -Wl,--sort-common -Wl,--as-needed -Wl,-z,relro -Wl,-z,now -Wl,--undefined-version -Wl,--hash-style=gnu -Wl,--compress-debug-sections=zstd -I. -I. -I../test -DHAVE_CONFIG_H -DDATA_DIR=\"/usr/share\" -I. -I../include -D_DEFAULT_SOURCE -D_XOPEN_SOURCE=600 -DNDEBUG -march=x86-64-v3 -O2 -pipe -fno-plt -fexceptions -Wp,-D_FORTIFY_SOURCE=3 -fstack-clash-protection -fcf-protection -Qunused-arguments -Wno-error=implicit-function-declaration  -fPIC  `echo "-L../lib -lformw -lmenuw -lpanelw -lncursesw   " | sed -e 's/-lform.*-lpanel[^ ]*//'` -lutil  
clang -march=x86-64-v3 -O2 -pipe -fno-plt -fexceptions -Wp,-D_FORTIFY_SOURCE=3 -fstack-clash-protection -fcf-protection -Qunused-arguments -Wno-error=implicit-function-declaration  -o test_tparm ../obj_s/test_tparm.o -L../lib -Wl,-O1 -Wl,--sort-common -Wl,--as-needed -Wl,-z,relro -Wl,-z,now -Wl,--undefined-version -Wl,--hash-style=gnu -Wl,--compress-debug-sections=zstd -I. -I. -I../test -DHAVE_CONFIG_H -DDATA_DIR=\"/usr/share\" -I. -I../include -D_DEFAULT_SOURCE -D_XOPEN_SOURCE=600 -DNDEBUG -march=x86-64-v3 -O2 -pipe -fno-plt -fexceptions -Wp,-D_FORTIFY_SOURCE=3 -fstack-clash-protection -fcf-protection -Qunused-arguments -Wno-error=implicit-function-declaration  -fPIC  -lncursesw   -lutil 
clang -march=x86-64-v3 -O2 -pipe -fno-plt -fexceptions -Wp,-D_FORTIFY_SOURCE=3 -fstack-clash-protection -fcf-protection -Qunused-arguments -Wno-error=implicit-function-declaration  -o xmas ../obj_s/xmas.o -Wl,-O1 -Wl,--sort-common -Wl,--as-needed -Wl,-z,relro -Wl,-z,now -Wl,--undefined-version -Wl,--hash-style=gnu -Wl,--compress-debug-sections=zstd -I. -I. -I../test -DHAVE_CONFIG_H -DDATA_DIR=\"/usr/share\" -I. -I../include -D_DEFAULT_SOURCE -D_XOPEN_SOURCE=600 -DNDEBUG -march=x86-64-v3 -O2 -pipe -fno-plt -fexceptions -Wp,-D_FORTIFY_SOURCE=3 -fstack-clash-protection -fcf-protection -Qunused-arguments -Wno-error=implicit-function-declaration  -fPIC  `echo "-L../lib -lformw -lmenuw -lpanelw -lncursesw   " | sed -e 's/-lform.*-lpanel[^ ]*//'` -lutil 
clang -march=x86-64-v3 -O2 -pipe -fno-plt -fexceptions -Wp,-D_FORTIFY_SOURCE=3 -fstack-clash-protection -fcf-protection -Qunused-arguments -Wno-error=implicit-function-declaration  -o ncurses ../obj_s/ncurses.o -Wl,-O1 -Wl,--sort-common -Wl,--as-needed -Wl,-z,relro -Wl,-z,now -Wl,--undefined-version -Wl,--hash-style=gnu -Wl,--compress-debug-sections=zstd -I. -I. -I../test -DHAVE_CONFIG_H -DDATA_DIR=\"/usr/share\" -I. -I../include -D_DEFAULT_SOURCE -D_XOPEN_SOURCE=600 -DNDEBUG -march=x86-64-v3 -O2 -pipe -fno-plt -fexceptions -Wp,-D_FORTIFY_SOURCE=3 -fstack-clash-protection -fcf-protection -Qunused-arguments -Wno-error=implicit-function-declaration  -fPIC  -L../lib -lformw -lmenuw -lpanelw -lncursesw    -lutil 
make[1]: Leaving directory '/home/builder/build/src/ncurses/test'
( cd misc && make DESTDIR="" RPATH_LIST="/usr/lib" all )
make[1]: Entering directory '/home/builder/build/src/ncurses/misc'
WHICH_XTERM=xterm-new \
XTERM_KBS=DEL \
datadir=/usr/share \
/bin/sh ./gen_edit.sh >run_tic.sed
** using DEL for XTerm backspace-key
echo '** adjusting tabset paths'
** adjusting tabset paths
sed -f run_tic.sed ../misc/terminfo.src >terminfo.tmp
/bin/sh ./gen-pkgconfig
** creating ncursesw.pc
** creating panelw.pc
** creating menuw.pc
** creating formw.pc
** creating ncurses++w.pc
touch pc-files
make[1]: Leaving directory '/home/builder/build/src/ncurses/misc'
( cd c++ && make DESTDIR="" RPATH_LIST="/usr/lib" all )
make[1]: Entering directory '/home/builder/build/src/ncurses/c++'
cp ./etip.h.in etip.h
/bin/sh ./edit_cfg.sh ../include/ncurses_cfg.h etip.h
substituting autoconf'd values from ../include/ncurses_cfg.h into etip.h
... CPP_HAS_PARAM_INIT 0
... CPP_HAS_STATIC_CAST 1
... ETIP_NEEDS_MATH_EXCEPTION 0
... ETIP_NEEDS_MATH_H 0
... HAVE_BUILTIN_H 0
... HAVE_GPP_BUILTIN_H 0
... HAVE_GXX_BUILTIN_H 0
... HAVE_EXCEPTION 1
... HAVE_IOSTREAM 1
... HAVE_NEW 1
... HAVE_TYPEINFO 1
... HAVE_VALUES_H 0
... IOSTREAM_NAMESPACE 1
clang++ -DHAVE_CONFIG_H -DBUILDING_NCURSES_CXX -I../c++ -I. -I../include -D_DEFAULT_SOURCE -D_XOPEN_SOURCE=600 -DNDEBUG -march=x86-64-v3 -O2 -pipe -fno-plt -fexceptions         -Wp,-D_FORTIFY_SOURCE=3 -fstack-clash-protection -fcf-protection  -fPIC -c ../c++/cursesf.cc -o ../obj_s/cursesf.o
clang++ -DHAVE_CONFIG_H -DBUILDING_NCURSES_CXX -I../c++ -I. -I../include -D_DEFAULT_SOURCE -D_XOPEN_SOURCE=600 -DNDEBUG -march=x86-64-v3 -O2 -pipe -fno-plt -fexceptions         -Wp,-D_FORTIFY_SOURCE=3 -fstack-clash-protection -fcf-protection  -fPIC -c ../c++/cursesm.cc -o ../obj_s/cursesm.o
clang++ -DHAVE_CONFIG_H -DBUILDING_NCURSES_CXX -I../c++ -I. -I../include -D_DEFAULT_SOURCE -D_XOPEN_SOURCE=600 -DNDEBUG -march=x86-64-v3 -O2 -pipe -fno-plt -fexceptions         -Wp,-D_FORTIFY_SOURCE=3 -fstack-clash-protection -fcf-protection  -fPIC -c ../c++/cursesw.cc -o ../obj_s/cursesw.o
clang++ -DHAVE_CONFIG_H -DBUILDING_NCURSES_CXX -I../c++ -I. -I../include -D_DEFAULT_SOURCE -D_XOPEN_SOURCE=600 -DNDEBUG -march=x86-64-v3 -O2 -pipe -fno-plt -fexceptions         -Wp,-D_FORTIFY_SOURCE=3 -fstack-clash-protection -fcf-protection  -fPIC -c ../c++/cursespad.cc -o ../obj_s/cursespad.o
clang++ -DHAVE_CONFIG_H -DBUILDING_NCURSES_CXX -I../c++ -I. -I../include -D_DEFAULT_SOURCE -D_XOPEN_SOURCE=600 -DNDEBUG -march=x86-64-v3 -O2 -pipe -fno-plt -fexceptions         -Wp,-D_FORTIFY_SOURCE=3 -fstack-clash-protection -fcf-protection  -fPIC -c ../c++/cursesp.cc -o ../obj_s/cursesp.o
clang++ -DHAVE_CONFIG_H -DBUILDING_NCURSES_CXX -I../c++ -I. -I../include -D_DEFAULT_SOURCE -D_XOPEN_SOURCE=600 -DNDEBUG -march=x86-64-v3 -O2 -pipe -fno-plt -fexceptions         -Wp,-D_FORTIFY_SOURCE=3 -fstack-clash-protection -fcf-protection  -fPIC -c ../c++/cursslk.cc -o ../obj_s/cursslk.o
clang++ -DHAVE_CONFIG_H -DBUILDING_NCURSES_CXX -I../c++ -I. -I../include -D_DEFAULT_SOURCE -D_XOPEN_SOURCE=600 -DNDEBUG -march=x86-64-v3 -O2 -pipe -fno-plt -fexceptions         -Wp,-D_FORTIFY_SOURCE=3 -fstack-clash-protection -fcf-protection  -fPIC -c ../c++/cursesapp.cc -o ../obj_s/cursesapp.o
clang++ -DHAVE_CONFIG_H -DBUILDING_NCURSES_CXX -I../c++ -I. -I../include -D_DEFAULT_SOURCE -D_XOPEN_SOURCE=600 -DNDEBUG -march=x86-64-v3 -O2 -pipe -fno-plt -fexceptions         -Wp,-D_FORTIFY_SOURCE=3 -fstack-clash-protection -fcf-protection  -fPIC -c ../c++/cursesmain.cc -o ../obj_s/cursesmain.o
clang++ -DHAVE_CONFIG_H -DBUILDING_NCURSES_CXX -I../c++ -I. -I../include -D_DEFAULT_SOURCE -D_XOPEN_SOURCE=600 -DNDEBUG -march=x86-64-v3 -O2 -pipe -fno-plt -fexceptions         -Wp,-D_FORTIFY_SOURCE=3 -fstack-clash-protection -fcf-protection  -DNCURSES_STATIC -c ../c++/cursesf.cc -o ../objects/cursesf.o
clang++ -DHAVE_CONFIG_H -DBUILDING_NCURSES_CXX -I../c++ -I. -I../include -D_DEFAULT_SOURCE -D_XOPEN_SOURCE=600 -DNDEBUG -march=x86-64-v3 -O2 -pipe -fno-plt -fexceptions         -Wp,-D_FORTIFY_SOURCE=3 -fstack-clash-protection -fcf-protection  -DNCURSES_STATIC -c ../c++/cursesm.cc -o ../objects/cursesm.o
clang++ -DHAVE_CONFIG_H -DBUILDING_NCURSES_CXX -I../c++ -I. -I../include -D_DEFAULT_SOURCE -D_XOPEN_SOURCE=600 -DNDEBUG -march=x86-64-v3 -O2 -pipe -fno-plt -fexceptions         -Wp,-D_FORTIFY_SOURCE=3 -fstack-clash-protection -fcf-protection  -DNCURSES_STATIC -c ../c++/cursesw.cc -o ../objects/cursesw.o
clang++ -DHAVE_CONFIG_H -DBUILDING_NCURSES_CXX -I../c++ -I. -I../include -D_DEFAULT_SOURCE -D_XOPEN_SOURCE=600 -DNDEBUG -march=x86-64-v3 -O2 -pipe -fno-plt -fexceptions         -Wp,-D_FORTIFY_SOURCE=3 -fstack-clash-protection -fcf-protection  -DNCURSES_STATIC -c ../c++/cursespad.cc -o ../objects/cursespad.o
clang++ -DHAVE_CONFIG_H -DBUILDING_NCURSES_CXX -I../c++ -I. -I../include -D_DEFAULT_SOURCE -D_XOPEN_SOURCE=600 -DNDEBUG -march=x86-64-v3 -O2 -pipe -fno-plt -fexceptions         -Wp,-D_FORTIFY_SOURCE=3 -fstack-clash-protection -fcf-protection  -DNCURSES_STATIC -c ../c++/cursesp.cc -o ../objects/cursesp.o
clang++ -DHAVE_CONFIG_H -DBUILDING_NCURSES_CXX -I../c++ -I. -I../include -D_DEFAULT_SOURCE -D_XOPEN_SOURCE=600 -DNDEBUG -march=x86-64-v3 -O2 -pipe -fno-plt -fexceptions         -Wp,-D_FORTIFY_SOURCE=3 -fstack-clash-protection -fcf-protection  -DNCURSES_STATIC -c ../c++/cursslk.cc -o ../objects/cursslk.o
clang++ -DHAVE_CONFIG_H -DBUILDING_NCURSES_CXX -I../c++ -I. -I../include -D_DEFAULT_SOURCE -D_XOPEN_SOURCE=600 -DNDEBUG -march=x86-64-v3 -O2 -pipe -fno-plt -fexceptions         -Wp,-D_FORTIFY_SOURCE=3 -fstack-clash-protection -fcf-protection  -DNCURSES_STATIC -c ../c++/cursesapp.cc -o ../objects/cursesapp.o
clang++ -DHAVE_CONFIG_H -DBUILDING_NCURSES_CXX -I../c++ -I. -I../include -D_DEFAULT_SOURCE -D_XOPEN_SOURCE=600 -DNDEBUG -march=x86-64-v3 -O2 -pipe -fno-plt -fexceptions         -Wp,-D_FORTIFY_SOURCE=3 -fstack-clash-protection -fcf-protection  -DNCURSES_STATIC -c ../c++/cursesmain.cc -o ../objects/cursesmain.o
clang++ -DHAVE_CONFIG_H -DBUILDING_NCURSES_CXX -I../c++ -I. -I../include -D_DEFAULT_SOURCE -D_XOPEN_SOURCE=600 -DNDEBUG -march=x86-64-v3 -O2 -pipe -fno-plt -fexceptions         -Wp,-D_FORTIFY_SOURCE=3 -fstack-clash-protection -fcf-protection  -DNCURSES_STATIC -g -DTRACE -c ../c++/cursesf.cc -o ../obj_g/cursesf.o
clang++ -DHAVE_CONFIG_H -DBUILDING_NCURSES_CXX -I../c++ -I. -I../include -D_DEFAULT_SOURCE -D_XOPEN_SOURCE=600 -DNDEBUG -march=x86-64-v3 -O2 -pipe -fno-plt -fexceptions         -Wp,-D_FORTIFY_SOURCE=3 -fstack-clash-protection -fcf-protection  -DNCURSES_STATIC -g -DTRACE -c ../c++/cursesm.cc -o ../obj_g/cursesm.o
clang++ -DHAVE_CONFIG_H -DBUILDING_NCURSES_CXX -I../c++ -I. -I../include -D_DEFAULT_SOURCE -D_XOPEN_SOURCE=600 -DNDEBUG -march=x86-64-v3 -O2 -pipe -fno-plt -fexceptions         -Wp,-D_FORTIFY_SOURCE=3 -fstack-clash-protection -fcf-protection  -DNCURSES_STATIC -g -DTRACE -c ../c++/cursesw.cc -o ../obj_g/cursesw.o
clang++ -DHAVE_CONFIG_H -DBUILDING_NCURSES_CXX -I../c++ -I. -I../include -D_DEFAULT_SOURCE -D_XOPEN_SOURCE=600 -DNDEBUG -march=x86-64-v3 -O2 -pipe -fno-plt -fexceptions         -Wp,-D_FORTIFY_SOURCE=3 -fstack-clash-protection -fcf-protection  -DNCURSES_STATIC -g -DTRACE -c ../c++/cursespad.cc -o ../obj_g/cursespad.o
clang++ -DHAVE_CONFIG_H -DBUILDING_NCURSES_CXX -I../c++ -I. -I../include -D_DEFAULT_SOURCE -D_XOPEN_SOURCE=600 -DNDEBUG -march=x86-64-v3 -O2 -pipe -fno-plt -fexceptions         -Wp,-D_FORTIFY_SOURCE=3 -fstack-clash-protection -fcf-protection  -DNCURSES_STATIC -g -DTRACE -c ../c++/cursesp.cc -o ../obj_g/cursesp.o
clang++ -DHAVE_CONFIG_H -DBUILDING_NCURSES_CXX -I../c++ -I. -I../include -D_DEFAULT_SOURCE -D_XOPEN_SOURCE=600 -DNDEBUG -march=x86-64-v3 -O2 -pipe -fno-plt -fexceptions         -Wp,-D_FORTIFY_SOURCE=3 -fstack-clash-protection -fcf-protection  -DNCURSES_STATIC -g -DTRACE -c ../c++/cursslk.cc -o ../obj_g/cursslk.o
clang++ -DHAVE_CONFIG_H -DBUILDING_NCURSES_CXX -I../c++ -I. -I../include -D_DEFAULT_SOURCE -D_XOPEN_SOURCE=600 -DNDEBUG -march=x86-64-v3 -O2 -pipe -fno-plt -fexceptions         -Wp,-D_FORTIFY_SOURCE=3 -fstack-clash-protection -fcf-protection  -DNCURSES_STATIC -g -DTRACE -c ../c++/cursesapp.cc -o ../obj_g/cursesapp.o
clang++ -DHAVE_CONFIG_H -DBUILDING_NCURSES_CXX -I../c++ -I. -I../include -D_DEFAULT_SOURCE -D_XOPEN_SOURCE=600 -DNDEBUG -march=x86-64-v3 -O2 -pipe -fno-plt -fexceptions         -Wp,-D_FORTIFY_SOURCE=3 -fstack-clash-protection -fcf-protection  -DNCURSES_STATIC -g -DTRACE -c ../c++/cursesmain.cc -o ../obj_g/cursesmain.o
llvm-ar -curvU ../lib/libncurses++w.a ../objects/cursesf.o ../objects/cursesm.o ../objects/cursesw.o ../objects/cursespad.o ../objects/cursesp.o ../objects/cursslk.o ../objects/cursesapp.o ../objects/cursesmain.o
llvm-ranlib ../lib/libncurses++w.a
linking ../lib/libncurses++w.so.6.6
clang++ -L../lib -lformw -lmenuw -lpanelw -lncursesw   -Wl,-O1 -Wl,--sort-common -Wl,--as-needed -Wl,-z,relro -Wl,-z,now -Wl,--undefined-version -Wl,--hash-style=gnu -Wl,--compress-debug-sections=zstd  -march=x86-64-v3 -O2 -pipe -fno-plt -fexceptions         -Wp,-D_FORTIFY_SOURCE=3 -fstack-clash-protection -fcf-protection -shared  -Wl,-soname,`basename ../lib/libncurses++w.so.6.6 .6.6`.6,-stats,-lc -o ../lib/libncurses++w.so.6.6 ../obj_s/cursesf.o ../obj_s/cursesm.o ../obj_s/cursesw.o ../obj_s/cursespad.o ../obj_s/cursesp.o ../obj_s/cursslk.o ../obj_s/cursesapp.o ../obj_s/cursesmain.o -L../lib -lformw -lmenuw -lpanelw -lncursesw
cd ../lib && (ln -s -f libncurses++w.so.6.6 libncurses++w.so.6; ln -s -f libncurses++w.so.6 libncurses++w.so; )
llvm-ar -curvU ../lib/libncurses++w_g.a ../obj_g/cursesf.o ../obj_g/cursesm.o ../obj_g/cursesw.o ../obj_g/cursespad.o ../obj_g/cursesp.o ../obj_g/cursslk.o ../obj_g/cursesapp.o ../obj_g/cursesmain.o
llvm-ranlib ../lib/libncurses++w_g.a
compiling demo (obj_s)
clang++  -o demo ../obj_s/demo.o -L../lib -lncurses++w -L../lib -lformw -lmenuw -lpanelw -lncursesw   -Wl,-O1 -Wl,--sort-common -Wl,--as-needed -Wl,-z,relro -Wl,-z,now -Wl,--undefined-version -Wl,--hash-style=gnu -Wl,--compress-debug-sections=zstd -lutil     -DHAVE_CONFIG_H -DBUILDING_NCURSES_CXX -I../c++ -I. -I../include -D_DEFAULT_SOURCE -D_XOPEN_SOURCE=600 -DNDEBUG -march=x86-64-v3 -O2 -pipe -fno-plt -fexceptions         -Wp,-D_FORTIFY_SOURCE=3 -fstack-clash-protection -fcf-protection  -fPIC 
make[1]: Leaving directory '/home/builder/build/src/ncurses/c++'
==> Entering fakeroot environment...
==> Starting package()...
make: Entering directory '/home/builder/build/src/ncurses'
( cd man && make DESTDIR="/home/builder/build/pkg/ncurses" RPATH_LIST="/usr/lib" install )
make[1]: Entering directory '/home/builder/build/src/ncurses/man'
mkdir -p /home/builder/build/pkg/ncurses/usr/share/man
/bin/sh ../edit_man.sh normal installing /home/builder/build/pkg/ncurses/usr/share/man . terminfo.5 *-config.1 ./*.[0-9]*
...made /home/builder/build/src/ncurses/man_alias.sed
installing /home/builder/build/pkg/ncurses/usr/share/man/man5/terminfo.5
installing /home/builder/build/pkg/ncurses/usr/share/man/man1/ncursesw6-config.1
installing /home/builder/build/pkg/ncurses/usr/share/man/man1/captoinfo.1m
installing /home/builder/build/pkg/ncurses/usr/share/man/man1/clear.1
installing /home/builder/build/pkg/ncurses/usr/share/man/man3/curs_add_wch.3x
.. installing alias add_wch.3x
.. installing alias echo_wchar.3x
.. installing alias mvadd_wch.3x
.. installing alias mvwadd_wch.3x
.. installing alias wadd_wch.3x
.. installing alias wecho_wchar.3x
installing /home/builder/build/pkg/ncurses/usr/share/man/man3/curs_add_wchstr.3x
.. installing alias add_wchnstr.3x
.. installing alias add_wchstr.3x
.. installing alias mvadd_wchnstr.3x
.. installing alias mvadd_wchstr.3x
.. installing alias mvwadd_wchnstr.3x
.. installing alias mvwadd_wchstr.3x
.. installing alias wadd_wchnstr.3x
.. installing alias wadd_wchstr.3x
installing /home/builder/build/pkg/ncurses/usr/share/man/man3/curs_addch.3x
.. installing alias addch.3x
.. installing alias echochar.3x
.. installing alias mvaddch.3x
.. installing alias mvwaddch.3x
.. installing alias waddch.3x
.. installing alias wechochar.3x
installing /home/builder/build/pkg/ncurses/usr/share/man/man3/curs_addchstr.3x
.. installing alias addchnstr.3x
.. installing alias addchstr.3x
.. installing alias mvaddchnstr.3x
.. installing alias mvaddchstr.3x
.. installing alias mvwaddchnstr.3x
.. installing alias mvwaddchstr.3x
.. installing alias waddchnstr.3x
.. installing alias waddchstr.3x
installing /home/builder/build/pkg/ncurses/usr/share/man/man3/curs_addstr.3x
.. installing alias addnstr.3x
.. installing alias addstr.3x
.. installing alias mvaddnstr.3x
.. installing alias mvaddstr.3x
.. installing alias mvwaddnstr.3x
.. installing alias mvwaddstr.3x
.. installing alias waddnstr.3x
.. installing alias waddstr.3x
installing /home/builder/build/pkg/ncurses/usr/share/man/man3/curs_addwstr.3x
.. installing alias addnwstr.3x
.. installing alias addwstr.3x
.. installing alias mvaddnwstr.3x
.. installing alias mvaddwstr.3x
.. installing alias mvwaddnwstr.3x
.. installing alias mvwaddwstr.3x
.. installing alias waddnwstr.3x
.. installing alias waddwstr.3x
installing /home/builder/build/pkg/ncurses/usr/share/man/man3/curs_attr.3x
.. installing alias attr_get.3x
.. installing alias attr_off.3x
.. installing alias attr_on.3x
.. installing alias attr_set.3x
.. installing alias attroff.3x
.. installing alias attron.3x
.. installing alias attrset.3x
.. installing alias chgat.3x
.. installing alias color_set.3x
.. installing alias mvchgat.3x
.. installing alias mvwchgat.3x
.. installing alias standend.3x
.. installing alias standout.3x
.. installing alias wattr_get.3x
.. installing alias wattr_off.3x
.. installing alias wattr_on.3x
.. installing alias wattr_set.3x
.. installing alias wattroff.3x
.. installing alias wattron.3x
.. installing alias wattrset.3x
.. installing alias wchgat.3x
.. installing alias wcolor_set.3x
.. installing alias wstandend.3x
.. installing alias wstandout.3x
installing /home/builder/build/pkg/ncurses/usr/share/man/man3/curs_beep.3x
.. installing alias beep.3x
.. installing alias flash.3x
installing /home/builder/build/pkg/ncurses/usr/share/man/man3/curs_bkgd.3x
.. installing alias bkgd.3x
.. installing alias bkgdset.3x
.. installing alias getbkgd.3x
.. installing alias wbkgd.3x
.. installing alias wbkgdset.3x
installing /home/builder/build/pkg/ncurses/usr/share/man/man3/curs_bkgrnd.3x
.. installing alias bkgrnd.3x
.. installing alias bkgrndset.3x
.. installing alias getbkgrnd.3x
.. installing alias wbkgrnd.3x
.. installing alias wbkgrndset.3x
.. installing alias wgetbkgrnd.3x
installing /home/builder/build/pkg/ncurses/usr/share/man/man3/curs_border.3x
.. installing alias border.3x
.. installing alias box.3x
.. installing alias hline.3x
.. installing alias mvhline.3x
.. installing alias mvvline.3x
.. installing alias mvwhline.3x
.. installing alias mvwvline.3x
.. installing alias vline.3x
.. installing alias wborder.3x
.. installing alias whline.3x
.. installing alias wvline.3x
installing /home/builder/build/pkg/ncurses/usr/share/man/man3/curs_border_set.3x
.. installing alias border_set.3x
.. installing alias box_set.3x
.. installing alias hline_set.3x
.. installing alias mvhline_set.3x
.. installing alias mvvline_set.3x
.. installing alias mvwhline_set.3x
.. installing alias mvwvline_set.3x
.. installing alias vline_set.3x
.. installing alias wborder_set.3x
.. installing alias whline_set.3x
.. installing alias wvline_set.3x
installing /home/builder/build/pkg/ncurses/usr/share/man/man3/curs_clear.3x
.. installing alias clear.3x
.. installing alias clrtobot.3x
.. installing alias clrtoeol.3x
.. installing alias erase.3x
.. installing alias wclear.3x
.. installing alias wclrtobot.3x
.. installing alias wclrtoeol.3x
.. installing alias werase.3x
installing /home/builder/build/pkg/ncurses/usr/share/man/man3/curs_color.3x
.. installing alias A_COLOR.3x
.. installing alias COLORS.3x
.. installing alias COLOR_BLACK.3x
.. installing alias COLOR_BLUE.3x
.. installing alias COLOR_CYAN.3x
.. installing alias COLOR_GREEN.3x
.. installing alias COLOR_MAGENTA.3x
.. installing alias COLOR_PAIR.3x
.. installing alias COLOR_PAIRS.3x
.. installing alias COLOR_RED.3x
.. installing alias COLOR_WHITE.3x
.. installing alias COLOR_YELLOW.3x
.. installing alias PAIR_NUMBER.3x
.. installing alias can_change_color.3x
.. installing alias color_content.3x
.. installing alias extended_color_content.3x
.. installing alias extended_pair_content.3x
.. installing alias has_colors.3x
.. installing alias init_color.3x
.. installing alias init_extended_color.3x
.. installing alias init_extended_pair.3x
.. installing alias init_pair.3x
.. installing alias pair_content.3x
.. installing alias reset_color_pairs.3x
.. installing alias start_color.3x
installing /home/builder/build/pkg/ncurses/usr/share/man/man3/curs_delch.3x
.. installing alias delch.3x
.. installing alias mvdelch.3x
.. installing alias mvwdelch.3x
.. installing alias wdelch.3x
installing /home/builder/build/pkg/ncurses/usr/share/man/man3/curs_deleteln.3x
.. installing alias deleteln.3x
.. installing alias insdelln.3x
.. installing alias insertln.3x
.. installing alias wdeleteln.3x
.. installing alias winsdelln.3x
.. installing alias winsertln.3x
installing /home/builder/build/pkg/ncurses/usr/share/man/man3/curs_extend.3x
.. installing alias curses_version.3x
.. installing alias use_extended_names.3x
installing /home/builder/build/pkg/ncurses/usr/share/man/man3/curs_get_wch.3x
.. installing alias get_wch.3x
.. installing alias mvget_wch.3x
.. installing alias mvwget_wch.3x
.. installing alias unget_wch.3x
.. installing alias wget_wch.3x
installing /home/builder/build/pkg/ncurses/usr/share/man/man3/curs_get_wstr.3x
.. installing alias get_wstr.3x
.. installing alias getn_wstr.3x
.. installing alias mvget_wstr.3x
.. installing alias mvgetn_wstr.3x
.. installing alias mvwget_wstr.3x
.. installing alias mvwgetn_wstr.3x
.. installing alias wget_wstr.3x
.. installing alias wgetn_wstr.3x
installing /home/builder/build/pkg/ncurses/usr/share/man/man3/curs_getcchar.3x
.. installing alias getcchar.3x
.. installing alias setcchar.3x
installing /home/builder/build/pkg/ncurses/usr/share/man/man3/curs_getch.3x
.. installing alias getch.3x
.. installing alias has_key.3x
.. installing alias mvgetch.3x
.. installing alias mvwgetch.3x
.. installing alias ungetch.3x
.. installing alias wgetch.3x
installing /home/builder/build/pkg/ncurses/usr/share/man/man3/curs_getstr.3x
.. installing alias getnstr.3x
.. installing alias getstr.3x
.. installing alias mvgetnstr.3x
.. installing alias mvgetstr.3x
.. installing alias mvwgetnstr.3x
.. installing alias mvwgetstr.3x
.. installing alias wgetnstr.3x
.. installing alias wgetstr.3x
installing /home/builder/build/pkg/ncurses/usr/share/man/man3/curs_getyx.3x
.. installing alias getbegyx.3x
.. installing alias getmaxyx.3x
.. installing alias getparyx.3x
.. installing alias getyx.3x
installing /home/builder/build/pkg/ncurses/usr/share/man/man3/curs_in_wch.3x
.. installing alias in_wch.3x
.. installing alias mvin_wch.3x
.. installing alias mvwin_wch.3x
.. installing alias win_wch.3x
installing /home/builder/build/pkg/ncurses/usr/share/man/man3/curs_in_wchstr.3x
.. installing alias in_wchnstr.3x
.. installing alias in_wchstr.3x
.. installing alias mvin_wchnstr.3x
.. installing alias mvin_wchstr.3x
.. installing alias mvwin_wchnstr.3x
.. installing alias mvwin_wchstr.3x
.. installing alias win_wchnstr.3x
.. installing alias win_wchstr.3x
installing /home/builder/build/pkg/ncurses/usr/share/man/man3/curs_inch.3x
.. installing alias inch.3x
.. installing alias mvinch.3x
.. installing alias mvwinch.3x
.. installing alias winch.3x
installing /home/builder/build/pkg/ncurses/usr/share/man/man3/curs_inchstr.3x
.. installing alias inchnstr.3x
.. installing alias inchstr.3x
.. installing alias mvinchnstr.3x
.. installing alias mvinchstr.3x
.. installing alias mvwinchnstr.3x
.. installing alias mvwinchstr.3x
.. installing alias winchnstr.3x
.. installing alias winchstr.3x
installing /home/builder/build/pkg/ncurses/usr/share/man/man3/curs_initscr.3x
.. installing alias delscreen.3x
.. installing alias endwin.3x
.. installing alias initscr.3x
.. installing alias isendwin.3x
.. installing alias newterm.3x
.. installing alias set_term.3x
installing /home/builder/build/pkg/ncurses/usr/share/man/man3/curs_inopts.3x
.. installing alias cbreak.3x
.. installing alias echo.3x
.. installing alias halfdelay.3x
.. installing alias intrflush.3x
.. installing alias is_cbreak.3x
.. installing alias is_echo.3x
.. installing alias is_nl.3x
.. installing alias is_raw.3x
.. installing alias keypad.3x
.. installing alias meta.3x
.. installing alias nl.3x
.. installing alias nocbreak.3x
.. installing alias nodelay.3x
.. installing alias noecho.3x
.. installing alias nonl.3x
.. installing alias noqiflush.3x
.. installing alias noraw.3x
.. installing alias notimeout.3x
.. installing alias qiflush.3x
.. installing alias raw.3x
.. installing alias timeout.3x
.. installing alias typeahead.3x
.. installing alias wtimeout.3x
installing /home/builder/build/pkg/ncurses/usr/share/man/man3/curs_ins_wch.3x
.. installing alias ins_wch.3x
.. installing alias mvins_wch.3x
.. installing alias mvwins_wch.3x
.. installing alias wins_wch.3x
installing /home/builder/build/pkg/ncurses/usr/share/man/man3/curs_ins_wstr.3x
.. installing alias ins_nwstr.3x
.. installing alias ins_wstr.3x
.. installing alias mvins_nwstr.3x
.. installing alias mvins_wstr.3x
.. installing alias mvwins_nwstr.3x
.. installing alias mvwins_wstr.3x
.. installing alias wins_nwstr.3x
.. installing alias wins_wstr.3x
installing /home/builder/build/pkg/ncurses/usr/share/man/man3/curs_insch.3x
.. installing alias insch.3x
.. installing alias mvinsch.3x
.. installing alias mvwinsch.3x
.. installing alias winsch.3x
installing /home/builder/build/pkg/ncurses/usr/share/man/man3/curs_insstr.3x
.. installing alias insnstr.3x
.. installing alias insstr.3x
.. installing alias mvinsnstr.3x
.. installing alias mvinsstr.3x
.. installing alias mvwinsnstr.3x
.. installing alias mvwinsstr.3x
.. installing alias winsnstr.3x
.. installing alias winsstr.3x
installing /home/builder/build/pkg/ncurses/usr/share/man/man3/curs_instr.3x
.. installing alias innstr.3x
.. installing alias instr.3x
.. installing alias mvinnstr.3x
.. installing alias mvinstr.3x
.. installing alias mvwinnstr.3x
.. installing alias mvwinstr.3x
.. installing alias winnstr.3x
.. installing alias winstr.3x
installing /home/builder/build/pkg/ncurses/usr/share/man/man3/curs_inwstr.3x
.. installing alias innwstr.3x
.. installing alias inwstr.3x
.. installing alias mvinnwstr.3x
.. installing alias mvinwstr.3x
.. installing alias mvwinnwstr.3x
.. installing alias mvwinwstr.3x
.. installing alias winnwstr.3x
.. installing alias winwstr.3x
installing /home/builder/build/pkg/ncurses/usr/share/man/man3/curs_kernel.3x
.. installing alias curs_set.3x
.. installing alias def_prog_mode.3x
.. installing alias def_shell_mode.3x
.. installing alias getsyx.3x
.. installing alias mvcur.3x
.. installing alias napms.3x
.. installing alias reset_prog_mode.3x
.. installing alias reset_shell_mode.3x
.. installing alias resetty.3x
.. installing alias ripoffline.3x
.. installing alias savetty.3x
.. installing alias setsyx.3x
installing /home/builder/build/pkg/ncurses/usr/share/man/man3/curs_legacy.3x
.. installing alias getattrs.3x
.. installing alias getbegx.3x
.. installing alias getbegy.3x
.. installing alias getcurx.3x
.. installing alias getcury.3x
.. installing alias getmaxx.3x
.. installing alias getmaxy.3x
.. installing alias getparx.3x
.. installing alias getpary.3x
installing /home/builder/build/pkg/ncurses/usr/share/man/man3/curs_memleaks.3x
.. installing alias _nc_free_and_exit.3x
.. installing alias _nc_free_tinfo.3x
.. installing alias _nc_freeall.3x
.. installing alias exit_curses.3x
.. installing alias exit_terminfo.3x
installing /home/builder/build/pkg/ncurses/usr/share/man/man3/curs_mouse.3x
.. installing alias MEVENT.3x
.. installing alias getmouse.3x
.. installing alias has_mouse.3x
.. installing alias mmask_t.3x
.. installing alias mouse_trafo.3x
.. installing alias mouseinterval.3x
.. installing alias mousemask.3x
.. installing alias ungetmouse.3x
.. installing alias wenclose.3x
.. installing alias wmouse_trafo.3x
installing /home/builder/build/pkg/ncurses/usr/share/man/man3/curs_move.3x
.. installing alias move.3x
.. installing alias wmove.3x
installing /home/builder/build/pkg/ncurses/usr/share/man/man3/curs_opaque.3x
.. installing alias is_cleared.3x
.. installing alias is_idcok.3x
.. installing alias is_idlok.3x
.. installing alias is_immedok.3x
.. installing alias is_keypad.3x
.. installing alias is_leaveok.3x
.. installing alias is_nodelay.3x
.. installing alias is_notimeout.3x
.. installing alias is_pad.3x
.. installing alias is_scrollok.3x
.. installing alias is_subwin.3x
.. installing alias is_syncok.3x
.. installing alias wgetdelay.3x
.. installing alias wgetparent.3x
.. installing alias wgetscrreg.3x
installing /home/builder/build/pkg/ncurses/usr/share/man/man3/curs_outopts.3x
.. installing alias clearok.3x
.. installing alias idcok.3x
.. installing alias idlok.3x
.. installing alias immedok.3x
.. installing alias leaveok.3x
.. installing alias scrollok.3x
.. installing alias setscrreg.3x
.. installing alias wsetscrreg.3x
installing /home/builder/build/pkg/ncurses/usr/share/man/man3/curs_overlay.3x
.. installing alias copywin.3x
.. installing alias overlay.3x
.. installing alias overwrite.3x
installing /home/builder/build/pkg/ncurses/usr/share/man/man3/curs_pad.3x
.. installing alias newpad.3x
.. installing alias pecho_wchar.3x
.. installing alias pechochar.3x
.. installing alias pnoutrefresh.3x
.. installing alias prefresh.3x
.. installing alias subpad.3x
installing /home/builder/build/pkg/ncurses/usr/share/man/man3/curs_print.3x
.. installing alias mcprint.3x
installing /home/builder/build/pkg/ncurses/usr/share/man/man3/curs_printw.3x
.. installing alias mvprintw.3x
.. installing alias mvwprintw.3x
.. installing alias printw.3x
.. installing alias vw_printw.3x
.. installing alias vwprintw.3x
.. installing alias wprintw.3x
installing /home/builder/build/pkg/ncurses/usr/share/man/man3/curs_refresh.3x
.. installing alias doupdate.3x
.. installing alias redrawwin.3x
.. installing alias refresh.3x
.. installing alias wnoutrefresh.3x
.. installing alias wredrawln.3x
.. installing alias wrefresh.3x
installing /home/builder/build/pkg/ncurses/usr/share/man/man3/curs_scanw.3x
.. installing alias mvscanw.3x
.. installing alias mvwscanw.3x
.. installing alias scanw.3x
.. installing alias vw_scanw.3x
.. installing alias vwscanw.3x
.. installing alias wscanw.3x
installing /home/builder/build/pkg/ncurses/usr/share/man/man3/curs_scr_dump.3x
.. installing alias scr_dump.3x
.. installing alias scr_init.3x
.. installing alias scr_restore.3x
.. installing alias scr_set.3x
installing /home/builder/build/pkg/ncurses/usr/share/man/man3/curs_scroll.3x
.. installing alias scrl.3x
.. installing alias scroll.3x
.. installing alias wscrl.3x
installing /home/builder/build/pkg/ncurses/usr/share/man/man3/curs_slk.3x
.. installing alias extended_slk_color.3x
.. installing alias slk_attr.3x
.. installing alias slk_attr_off.3x
.. installing alias slk_attr_on.3x
.. installing alias slk_attr_set.3x
.. installing alias slk_attroff.3x
.. installing alias slk_attron.3x
.. installing alias slk_attrset.3x
.. installing alias slk_clear.3x
.. installing alias slk_color.3x
.. installing alias slk_init.3x
.. installing alias slk_label.3x
.. installing alias slk_noutrefresh.3x
.. installing alias slk_refresh.3x
.. installing alias slk_restore.3x
.. installing alias slk_set.3x
.. installing alias slk_touch.3x
.. installing alias slk_wset.3x
installing /home/builder/build/pkg/ncurses/usr/share/man/man3/curs_sp_funcs.3x
.. installing alias alloc_pair_sp.3x
.. installing alias assume_default_colors_sp.3x
.. installing alias baudrate_sp.3x
.. installing alias beep_sp.3x
.. installing alias can_change_color_sp.3x
.. installing alias cbreak_sp.3x
.. installing alias ceiling_panel.3x
.. installing alias color_content_sp.3x
.. installing alias curs_set_sp.3x
.. installing alias def_prog_mode_sp.3x
.. installing alias def_shell_mode_sp.3x
.. installing alias define_key_sp.3x
.. installing alias del_curterm_sp.3x
.. installing alias delay_output_sp.3x
.. installing alias doupdate_sp.3x
.. installing alias echo_sp.3x
.. installing alias endwin_sp.3x
.. installing alias erasechar_sp.3x
.. installing alias erasewchar_sp.3x
.. installing alias extended_color_content_sp.3x
.. installing alias extended_pair_content_sp.3x
.. installing alias extended_slk_color_sp.3x
.. installing alias filter_sp.3x
.. installing alias find_pair_sp.3x
.. installing alias flash_sp.3x
.. installing alias flushinp_sp.3x
.. installing alias free_pair_sp.3x
.. installing alias get_escdelay_sp.3x
.. installing alias getmouse_sp.3x
.. installing alias getwin_sp.3x
.. installing alias ground_panel.3x
.. installing alias halfdelay_sp.3x
.. installing alias has_colors_sp.3x
.. installing alias has_ic_sp.3x
.. installing alias has_il_sp.3x
.. installing alias has_key_sp.3x
.. installing alias has_mouse_sp.3x
.. installing alias init_color_sp.3x
.. installing alias init_extended_color_sp.3x
.. installing alias init_extended_pair_sp.3x
.. installing alias init_pair_sp.3x
.. installing alias intrflush_sp.3x
.. installing alias is_cbreak_sp.3x
.. installing alias is_echo_sp.3x
.. installing alias is_nl_sp.3x
.. installing alias is_raw_sp.3x
.. installing alias is_term_resized_sp.3x
.. installing alias isendwin_sp.3x
.. installing alias key_defined_sp.3x
.. installing alias keybound_sp.3x
.. installing alias keyname_sp.3x
.. installing alias keyok_sp.3x
.. installing alias killchar_sp.3x
.. installing alias killwchar_sp.3x
.. installing alias longname_sp.3x
.. installing alias mcprint_sp.3x
.. installing alias mouseinterval_sp.3x
.. installing alias mousemask_sp.3x
.. installing alias mvcur_sp.3x
.. installing alias napms_sp.3x
.. installing alias new_form_sp.3x
.. installing alias new_menu_sp.3x
.. installing alias new_prescr.3x
.. installing alias newpad_sp.3x
.. installing alias newterm_sp.3x
.. installing alias newwin_sp.3x
.. installing alias nl_sp.3x
.. installing alias nocbreak_sp.3x
.. installing alias noecho_sp.3x
.. installing alias nofilter_sp.3x
.. installing alias nonl_sp.3x
.. installing alias noqiflush_sp.3x
.. installing alias noraw_sp.3x
.. installing alias pair_content_sp.3x
.. installing alias putp_sp.3x
.. installing alias qiflush_sp.3x
.. installing alias raw_sp.3x
.. installing alias reset_color_pairs_sp.3x
.. installing alias reset_prog_mode_sp.3x
.. installing alias reset_shell_mode_sp.3x
.. installing alias resetty_sp.3x
.. installing alias resize_term_sp.3x
.. installing alias resizeterm_sp.3x
.. installing alias restartterm_sp.3x
.. installing alias ripoffline_sp.3x
.. installing alias savetty_sp.3x
.. installing alias scr_init_sp.3x
.. installing alias scr_restore_sp.3x
.. installing alias scr_set_sp.3x
.. installing alias set_curterm_sp.3x
.. installing alias set_escdelay_sp.3x
.. installing alias set_tabsize_sp.3x
.. installing alias slk_attr_set_sp.3x
.. installing alias slk_attr_sp.3x
.. installing alias slk_attroff_sp.3x
.. installing alias slk_attron_sp.3x
.. installing alias slk_attrset_sp.3x
.. installing alias slk_clear_sp.3x
.. installing alias slk_color_sp.3x
.. installing alias slk_init_sp.3x
.. installing alias slk_label_sp.3x
.. installing alias slk_noutrefresh_sp.3x
.. installing alias slk_refresh_sp.3x
.. installing alias slk_restore_sp.3x
.. installing alias slk_set_sp.3x
.. installing alias slk_touch_sp.3x
.. installing alias start_color_sp.3x
.. installing alias term_attrs_sp.3x
.. installing alias termattrs_sp.3x
.. installing alias termname_sp.3x
.. installing alias tgetent_sp.3x
.. installing alias tgetflag_sp.3x
.. installing alias tgetnum_sp.3x
.. installing alias tgetstr_sp.3x
.. installing alias tgoto_sp.3x
.. installing alias tigetflag_sp.3x
.. installing alias tigetnum_sp.3x
.. installing alias tigetstr_sp.3x
.. installing alias tparm_sp.3x
.. installing alias tputs_sp.3x
.. installing alias typeahead_sp.3x
.. installing alias unctrl_sp.3x
.. installing alias unget_wch_sp.3x
.. installing alias ungetch_sp.3x
.. installing alias ungetmouse_sp.3x
.. installing alias update_panels_sp.3x
.. installing alias use_default_colors_sp.3x
.. installing alias use_env_sp.3x
.. installing alias use_legacy_coding_sp.3x
.. installing alias use_tioctl_sp.3x
.. installing alias vid_attr_sp.3x
.. installing alias vid_puts_sp.3x
.. installing alias vidattr_sp.3x
.. installing alias vidputs_sp.3x
.. installing alias wunctrl_sp.3x
installing /home/builder/build/pkg/ncurses/usr/share/man/man3/curs_termattrs.3x
.. installing alias baudrate.3x
.. installing alias erasechar.3x
.. installing alias erasewchar.3x
.. installing alias has_ic.3x
.. installing alias has_il.3x
.. installing alias killchar.3x
.. installing alias killwchar.3x
.. installing alias longname.3x
.. installing alias term_attrs.3x
.. installing alias termattrs.3x
.. installing alias termname.3x
installing /home/builder/build/pkg/ncurses/usr/share/man/man3/curs_termcap.3x
.. installing alias BC.3x
.. installing alias PC.3x
.. installing alias UP.3x
.. installing alias ospeed.3x
.. installing alias tgetent.3x
.. installing alias tgetflag.3x
.. installing alias tgetnum.3x
.. installing alias tgetstr.3x
.. installing alias tgoto.3x
.. installing alias tputs.3x
installing /home/builder/build/pkg/ncurses/usr/share/man/man3/curs_terminfo.3x
.. installing alias del_curterm.3x
.. installing alias putp.3x
.. installing alias restartterm.3x
.. installing alias set_curterm.3x
.. installing alias setterm.3x
.. installing alias setupterm.3x
.. installing alias tigetflag.3x
.. installing alias tigetnum.3x
.. installing alias tigetstr.3x
.. installing alias tiparm.3x
.. installing alias tiparm_s.3x
.. installing alias tiscan_s.3x
.. installing alias tparm.3x
.. installing alias tputs.3x
.. installing alias vid_attr.3x
.. installing alias vid_puts.3x
.. installing alias vidattr.3x
.. installing alias vidputs.3x
installing /home/builder/build/pkg/ncurses/usr/share/man/man3/curs_threads.3x
.. installing alias NCURSES_SCREEN_CB.3x
.. installing alias NCURSES_WINDOW_CB.3x
.. installing alias get_escdelay.3x
.. installing alias set_escdelay.3x
.. installing alias set_tabsize.3x
.. installing alias use_screen.3x
.. installing alias use_window.3x
installing /home/builder/build/pkg/ncurses/usr/share/man/man3/curs_touch.3x
.. installing alias is_linetouched.3x
.. installing alias is_wintouched.3x
.. installing alias touchline.3x
.. installing alias touchwin.3x
.. installing alias untouchwin.3x
.. installing alias wtouchln.3x
installing /home/builder/build/pkg/ncurses/usr/share/man/man3/curs_trace.3x
.. installing alias _nc_tracebits.3x
.. installing alias _traceattr.3x
.. installing alias _traceattr2.3x
.. installing alias _tracecchar_t.3x
.. installing alias _tracecchar_t2.3x
.. installing alias _tracechar.3x
.. installing alias _tracechtype.3x
.. installing alias _tracechtype2.3x
.. installing alias _tracedump.3x
.. installing alias _tracef.3x
.. installing alias _tracemouse.3x
.. installing alias curses_trace.3x
.. installing alias trace.3x
installing /home/builder/build/pkg/ncurses/usr/share/man/man3/curs_util.3x
.. installing alias delay_output.3x
.. installing alias filter.3x
.. installing alias flushinp.3x
.. installing alias getwin.3x
.. installing alias key_name.3x
.. installing alias keyname.3x
.. installing alias nofilter.3x
.. installing alias putwin.3x
.. installing alias unctrl.3x
.. installing alias use_env.3x
.. installing alias use_tioctl.3x
.. installing alias wunctrl.3x
installing /home/builder/build/pkg/ncurses/usr/share/man/man3/curs_variables.3x
.. installing alias CCHARW_MAX.3x
.. installing alias COLORS.3x
.. installing alias COLOR_PAIRS.3x
.. installing alias COLS.3x
.. installing alias ERR.3x
.. installing alias ESCDELAY.3x
.. installing alias FALSE.3x
.. installing alias LINES.3x
.. installing alias OK.3x
.. installing alias SCREEN.3x
.. installing alias TABSIZE.3x
.. installing alias TRUE.3x
.. installing alias WINDOW.3x
.. installing alias attr_t.3x
.. installing alias bool.3x
.. installing alias cchar_t.3x
.. installing alias chtype.3x
.. installing alias curscr.3x
.. installing alias newscr.3x
.. installing alias stdscr.3x
installing /home/builder/build/pkg/ncurses/usr/share/man/man3/curs_window.3x
.. installing alias delwin.3x
.. installing alias derwin.3x
.. installing alias dupwin.3x
.. installing alias mvderwin.3x
.. installing alias mvwin.3x
.. installing alias newwin.3x
.. installing alias subwin.3x
.. installing alias syncok.3x
.. installing alias wcursyncup.3x
.. installing alias wsyncdown.3x
.. installing alias wsyncup.3x
installing /home/builder/build/pkg/ncurses/usr/share/man/man3/default_colors.3x
.. installing alias assume_default_colors.3x
.. installing alias use_default_colors.3x
installing /home/builder/build/pkg/ncurses/usr/share/man/man3/define_key.3x
installing /home/builder/build/pkg/ncurses/usr/share/man/man3/form.3x
installing /home/builder/build/pkg/ncurses/usr/share/man/man3/form_cursor.3x
.. installing alias pos_form_cursor.3x
installing /home/builder/build/pkg/ncurses/usr/share/man/man3/form_data.3x
.. installing alias data_ahead.3x
.. installing alias data_behind.3x
installing /home/builder/build/pkg/ncurses/usr/share/man/man3/form_driver.3x
.. installing alias form_driver_w.3x
installing /home/builder/build/pkg/ncurses/usr/share/man/man3/form_field.3x
.. installing alias field_count.3x
.. installing alias form_fields.3x
.. installing alias move_field.3x
.. installing alias set_form_fields.3x
installing /home/builder/build/pkg/ncurses/usr/share/man/man3/form_field_attributes.3x
.. installing alias field_back.3x
.. installing alias field_fore.3x
.. installing alias field_pad.3x
.. installing alias set_field_back.3x
.. installing alias set_field_fore.3x
.. installing alias set_field_pad.3x
installing /home/builder/build/pkg/ncurses/usr/share/man/man3/form_field_buffer.3x
.. installing alias field_buffer.3x
.. installing alias field_status.3x
.. installing alias set_field_buffer.3x
.. installing alias set_field_status.3x
.. installing alias set_max_field.3x
installing /home/builder/build/pkg/ncurses/usr/share/man/man3/form_field_info.3x
.. installing alias dynamic_field_info.3x
.. installing alias field_info.3x
installing /home/builder/build/pkg/ncurses/usr/share/man/man3/form_field_just.3x
.. installing alias field_just.3x
.. installing alias set_field_just.3x
installing /home/builder/build/pkg/ncurses/usr/share/man/man3/form_field_new.3x
.. installing alias dup_field.3x
.. installing alias free_field.3x
.. installing alias link_field.3x
.. installing alias new_field.3x
installing /home/builder/build/pkg/ncurses/usr/share/man/man3/form_field_opts.3x
.. installing alias field_opts.3x
.. installing alias field_opts_off.3x
.. installing alias field_opts_on.3x
.. installing alias set_field_opts.3x
installing /home/builder/build/pkg/ncurses/usr/share/man/man3/form_field_userptr.3x
.. installing alias field_userptr.3x
.. installing alias set_field_userptr.3x
installing /home/builder/build/pkg/ncurses/usr/share/man/man3/form_field_validation.3x
.. installing alias field_arg.3x
.. installing alias field_type.3x
.. installing alias set_field_type.3x
installing /home/builder/build/pkg/ncurses/usr/share/man/man3/form_fieldtype.3x
.. installing alias free_fieldtype.3x
.. installing alias link_fieldtype.3x
.. installing alias new_fieldtype.3x
.. installing alias set_fieldtype_arg.3x
.. installing alias set_fieldtype_choice.3x
installing /home/builder/build/pkg/ncurses/usr/share/man/man3/form_hook.3x
.. installing alias field_init.3x
.. installing alias field_term.3x
.. installing alias form_init.3x
.. installing alias form_term.3x
.. installing alias set_field_init.3x
.. installing alias set_field_term.3x
.. installing alias set_form_init.3x
.. installing alias set_form_term.3x
installing /home/builder/build/pkg/ncurses/usr/share/man/man3/form_new.3x
.. installing alias free_form.3x
.. installing alias new_form.3x
installing /home/builder/build/pkg/ncurses/usr/share/man/man3/form_new_page.3x
.. installing alias new_page.3x
.. installing alias set_new_page.3x
installing /home/builder/build/pkg/ncurses/usr/share/man/man3/form_opts.3x
.. installing alias form_opts_off.3x
.. installing alias form_opts_on.3x
.. installing alias set_form_opts.3x
installing /home/builder/build/pkg/ncurses/usr/share/man/man3/form_page.3x
.. installing alias current_field.3x
.. installing alias field_index.3x
.. installing alias set_current_field.3x
.. installing alias set_form_page.3x
.. installing alias unfocus_current_field.3x
installing /home/builder/build/pkg/ncurses/usr/share/man/man3/form_post.3x
.. installing alias post_form.3x
.. installing alias unpost_form.3x
installing /home/builder/build/pkg/ncurses/usr/share/man/man3/form_requestname.3x
.. installing alias form_request_by_name.3x
.. installing alias form_request_name.3x
installing /home/builder/build/pkg/ncurses/usr/share/man/man3/form_userptr.3x
.. installing alias set_form_userptr.3x
installing /home/builder/build/pkg/ncurses/usr/share/man/man3/form_variables.3x
.. installing alias TYPE_ALNUM.3x
.. installing alias TYPE_ALPHA.3x
.. installing alias TYPE_ENUM.3x
.. installing alias TYPE_INTEGER.3x
.. installing alias TYPE_IPV4.3x
.. installing alias TYPE_NUMERIC.3x
.. installing alias TYPE_REGEXP.3x
installing /home/builder/build/pkg/ncurses/usr/share/man/man3/form_win.3x
.. installing alias form_sub.3x
.. installing alias scale_form.3x
.. installing alias set_form_sub.3x
.. installing alias set_form_win.3x
installing /home/builder/build/pkg/ncurses/usr/share/man/man1/infocmp.1m
installing /home/builder/build/pkg/ncurses/usr/share/man/man1/infotocap.1m
installing /home/builder/build/pkg/ncurses/usr/share/man/man3/key_defined.3x
installing /home/builder/build/pkg/ncurses/usr/share/man/man3/keybound.3x
installing /home/builder/build/pkg/ncurses/usr/share/man/man3/keyok.3x
installing /home/builder/build/pkg/ncurses/usr/share/man/man3/legacy_coding.3x
.. installing alias use_legacy_coding.3x
installing /home/builder/build/pkg/ncurses/usr/share/man/man3/menu.3x
installing /home/builder/build/pkg/ncurses/usr/share/man/man3/menu_attributes.3x
.. installing alias menu_back.3x
.. installing alias menu_fore.3x
.. installing alias menu_grey.3x
.. installing alias menu_pad.3x
.. installing alias set_menu_back.3x
.. installing alias set_menu_fore.3x
.. installing alias set_menu_grey.3x
.. installing alias set_menu_pad.3x
installing /home/builder/build/pkg/ncurses/usr/share/man/man3/menu_cursor.3x
.. installing alias pos_menu_cursor.3x
installing /home/builder/build/pkg/ncurses/usr/share/man/man3/menu_driver.3x
installing /home/builder/build/pkg/ncurses/usr/share/man/man3/menu_format.3x
.. installing alias set_menu_format.3x
installing /home/builder/build/pkg/ncurses/usr/share/man/man3/menu_hook.3x
.. installing alias item_init.3x
.. installing alias item_term.3x
.. installing alias menu_init.3x
.. installing alias menu_term.3x
.. installing alias set_item_init.3x
.. installing alias set_item_term.3x
.. installing alias set_menu_init.3x
.. installing alias set_menu_term.3x
installing /home/builder/build/pkg/ncurses/usr/share/man/man3/menu_items.3x
.. installing alias item_count.3x
.. installing alias set_menu_items.3x
installing /home/builder/build/pkg/ncurses/usr/share/man/man3/menu_mark.3x
.. installing alias set_menu_mark.3x
installing /home/builder/build/pkg/ncurses/usr/share/man/man3/menu_new.3x
.. installing alias free_menu.3x
.. installing alias new_menu.3x
installing /home/builder/build/pkg/ncurses/usr/share/man/man3/menu_opts.3x
.. installing alias menu_opts_off.3x
.. installing alias menu_opts_on.3x
.. installing alias set_menu_opts.3x
installing /home/builder/build/pkg/ncurses/usr/share/man/man3/menu_pattern.3x
.. installing alias set_menu_pattern.3x
installing /home/builder/build/pkg/ncurses/usr/share/man/man3/menu_post.3x
.. installing alias post_menu.3x
.. installing alias unpost_menu.3x
installing /home/builder/build/pkg/ncurses/usr/share/man/man3/menu_requestname.3x
.. installing alias menu_request_by_name.3x
.. installing alias menu_request_name.3x
installing /home/builder/build/pkg/ncurses/usr/share/man/man3/menu_spacing.3x
.. installing alias set_menu_spacing.3x
installing /home/builder/build/pkg/ncurses/usr/share/man/man3/menu_userptr.3x
.. installing alias set_menu_userptr.3x
installing /home/builder/build/pkg/ncurses/usr/share/man/man3/menu_win.3x
.. installing alias menu_sub.3x
.. installing alias scale_menu.3x
.. installing alias set_menu_sub.3x
.. installing alias set_menu_win.3x
installing /home/builder/build/pkg/ncurses/usr/share/man/man3/mitem_current.3x
.. installing alias current_item.3x
.. installing alias item_index.3x
.. installing alias set_current_item.3x
.. installing alias set_top_row.3x
.. installing alias top_row.3x
installing /home/builder/build/pkg/ncurses/usr/share/man/man3/mitem_name.3x
.. installing alias item_description.3x
.. installing alias item_name.3x
installing /home/builder/build/pkg/ncurses/usr/share/man/man3/mitem_new.3x
.. installing alias free_item.3x
.. installing alias new_item.3x
installing /home/builder/build/pkg/ncurses/usr/share/man/man3/mitem_opts.3x
.. installing alias item_opts.3x
.. installing alias item_opts_off.3x
.. installing alias item_opts_on.3x
.. installing alias set_item_opts.3x
installing /home/builder/build/pkg/ncurses/usr/share/man/man3/mitem_userptr.3x
.. installing alias item_userptr.3x
.. installing alias set_item_userptr.3x
installing /home/builder/build/pkg/ncurses/usr/share/man/man3/mitem_value.3x
.. installing alias item_value.3x
.. installing alias set_item_value.3x
installing /home/builder/build/pkg/ncurses/usr/share/man/man3/mitem_visible.3x
.. installing alias item_visible.3x
installing /home/builder/build/pkg/ncurses/usr/share/man/man3/ncurses.3x
.. installing alias curses.3x
installing /home/builder/build/pkg/ncurses/usr/share/man/man1/ncursesw6-config.1
installing /home/builder/build/pkg/ncurses/usr/share/man/man3/new_pair.3x
.. installing alias alloc_pair.3x
.. installing alias find_pair.3x
.. installing alias free_pair.3x
installing /home/builder/build/pkg/ncurses/usr/share/man/man3/panel.3x
.. installing alias bottom_panel.3x
.. installing alias ceiling_panel.3x
.. installing alias del_panel.3x
.. installing alias ground_panel.3x
.. installing alias hide_panel.3x
.. installing alias move_panel.3x
.. installing alias new_panel.3x
.. installing alias panel_above.3x
.. installing alias panel_below.3x
.. installing alias panel_hidden.3x
.. installing alias panel_userptr.3x
.. installing alias panel_window.3x
.. installing alias replace_panel.3x
.. installing alias set_panel_userptr.3x
.. installing alias show_panel.3x
.. installing alias top_panel.3x
.. installing alias update_panels.3x
installing /home/builder/build/pkg/ncurses/usr/share/man/man3/resizeterm.3x
.. installing alias is_term_resized.3x
.. installing alias resize_term.3x
installing /home/builder/build/pkg/ncurses/usr/share/man/man5/scr_dump.5
installing /home/builder/build/pkg/ncurses/usr/share/man/man1/tabs.1
installing /home/builder/build/pkg/ncurses/usr/share/man/man5/term.5
installing /home/builder/build/pkg/ncurses/usr/share/man/man7/term.7
installing /home/builder/build/pkg/ncurses/usr/share/man/man3/term_variables.3x
.. installing alias SP.3x
.. installing alias acs_map.3x
.. installing alias boolcodes.3x
.. installing alias boolfnames.3x
.. installing alias boolnames.3x
.. installing alias cur_term.3x
.. installing alias numcodes.3x
.. installing alias numfnames.3x
.. installing alias numnames.3x
.. installing alias strcodes.3x
.. installing alias strfnames.3x
.. installing alias strnames.3x
.. installing alias ttytype.3x
installing /home/builder/build/pkg/ncurses/usr/share/man/man5/terminfo.5
installing /home/builder/build/pkg/ncurses/usr/share/man/man1/tic.1m
installing /home/builder/build/pkg/ncurses/usr/share/man/man1/toe.1m
installing /home/builder/build/pkg/ncurses/usr/share/man/man1/tput.1
installing /home/builder/build/pkg/ncurses/usr/share/man/man1/tset.1
.. installing alias reset.1
installing /home/builder/build/pkg/ncurses/usr/share/man/man5/user_caps.5
installing /home/builder/build/pkg/ncurses/usr/share/man/man3/wresize.3x
make[1]: Leaving directory '/home/builder/build/src/ncurses/man'
( cd include && make DESTDIR="/home/builder/build/pkg/ncurses" RPATH_LIST="/usr/lib" install )
make[1]: Entering directory '/home/builder/build/src/ncurses/include'
mkdir -p /home/builder/build/pkg/ncurses/usr/include
installing curses.h in /home/builder/build/pkg/ncurses/usr/include
installing unctrl.h in /home/builder/build/pkg/ncurses/usr/include
installing ncurses_dll.h in /home/builder/build/pkg/ncurses/usr/include
installing term.h in /home/builder/build/pkg/ncurses/usr/include
installing termcap.h in /home/builder/build/pkg/ncurses/usr/include
installing ./term_entry.h in /home/builder/build/pkg/ncurses/usr/include
make[1]: Leaving directory '/home/builder/build/src/ncurses/include'
( cd ncurses && make DESTDIR="/home/builder/build/pkg/ncurses" RPATH_LIST="/usr/lib" install )
make[1]: Entering directory '/home/builder/build/src/ncurses/ncurses'
linking /home/builder/build/pkg/ncurses/usr/lib/libncursesw.so.6.6
clang -Wl,-O1 -Wl,--sort-common -Wl,--as-needed -Wl,-z,relro -Wl,-z,now -Wl,--undefined-version -Wl,--hash-style=gnu -Wl,--compress-debug-sections=zstd  -march=x86-64-v3 -O2 -pipe -fno-plt -fexceptions -Wp,-D_FORTIFY_SOURCE=3 -fstack-clash-protection -fcf-protection -Qunused-arguments -Wno-error=implicit-function-declaration  -shared -Wl,--version-script,resulting.map -Wl,-soname,`basename /home/builder/build/pkg/ncurses/usr/lib/libncursesw.so.6.6 .6.6`.6,-stats,-lc -o /home/builder/build/pkg/ncurses/usr/lib/libncursesw.so.6.6 ../obj_s/hardscroll.o ../obj_s/hashmap.o ../obj_s/lib_addch.o ../obj_s/lib_addstr.o ../obj_s/lib_beep.o ../obj_s/lib_bkgd.o ../obj_s/lib_box.o ../obj_s/lib_chgat.o ../obj_s/lib_clear.o ../obj_s/lib_clearok.o ../obj_s/lib_clrbot.o ../obj_s/lib_clreol.o ../obj_s/lib_color.o ../obj_s/lib_colorset.o ../obj_s/lib_delch.o ../obj_s/lib_delwin.o ../obj_s/lib_echo.o ../obj_s/lib_endwin.o ../obj_s/lib_erase.o ../obj_s/lib_flash.o ../obj_s/lib_gen.o ../obj_s/lib_getch.o ../obj_s/lib_getstr.o ../obj_s/lib_hline.o ../obj_s/lib_immedok.o ../obj_s/lib_inchstr.o ../obj_s/lib_initscr.o ../obj_s/lib_insch.o ../obj_s/lib_insdel.o ../obj_s/lib_insnstr.o ../obj_s/lib_instr.o ../obj_s/lib_isendwin.o ../obj_s/lib_leaveok.o ../obj_s/lib_mouse.o ../obj_s/lib_move.o ../obj_s/lib_mvcur.o ../obj_s/lib_mvwin.o ../obj_s/lib_newterm.o ../obj_s/lib_newwin.o ../obj_s/lib_nl.o ../obj_s/lib_overlay.o ../obj_s/lib_pad.o ../obj_s/lib_printw.o ../obj_s/lib_redrawln.o ../obj_s/lib_refresh.o ../obj_s/lib_restart.o ../obj_s/lib_scanw.o ../obj_s/lib_screen.o ../obj_s/lib_scroll.o ../obj_s/lib_scrollok.o ../obj_s/lib_scrreg.o ../obj_s/lib_set_term.o ../obj_s/lib_slk.o ../obj_s/lib_slkatr_set.o ../obj_s/lib_slkatrof.o ../obj_s/lib_slkatron.o ../obj_s/lib_slkatrset.o ../obj_s/lib_slkattr.o ../obj_s/lib_slkclear.o ../obj_s/lib_slkcolor.o ../obj_s/lib_slkinit.o ../obj_s/lib_slklab.o ../obj_s/lib_slkrefr.o ../obj_s/lib_slkset.o ../obj_s/lib_slktouch.o ../obj_s/lib_touch.o ../obj_s/lib_tstp.o ../obj_s/lib_ungetch.o ../obj_s/lib_vidattr.o ../obj_s/lib_vline.o ../obj_s/lib_wattroff.o ../obj_s/lib_wattron.o ../obj_s/lib_winch.o ../obj_s/lib_window.o ../obj_s/nc_panel.o ../obj_s/safe_sprintf.o ../obj_s/tty_update.o ../obj_s/varargs.o ../obj_s/vsscanf.o ../obj_s/lib_freeall.o ../obj_s/charable.o ../obj_s/lib_add_wch.o ../obj_s/lib_box_set.o ../obj_s/lib_cchar.o ../obj_s/lib_erasewchar.o ../obj_s/lib_get_wch.o ../obj_s/lib_get_wstr.o ../obj_s/lib_hline_set.o ../obj_s/lib_in_wch.o ../obj_s/lib_in_wchnstr.o ../obj_s/lib_ins_wch.o ../obj_s/lib_inwstr.o ../obj_s/lib_key_name.o ../obj_s/lib_pecho_wchar.o ../obj_s/lib_slk_wset.o ../obj_s/lib_unget_wch.o ../obj_s/lib_vid_attr.o ../obj_s/lib_vline_set.o ../obj_s/lib_wacs.o ../obj_s/lib_wunctrl.o ../obj_s/expanded.o ../obj_s/legacy_coding.o ../obj_s/lib_dft_fgbg.o ../obj_s/lib_print.o ../obj_s/new_pair.o ../obj_s/resizeterm.o ../obj_s/use_screen.o ../obj_s/use_window.o ../obj_s/wresize.o ../obj_s/access.o ../obj_s/add_tries.o ../obj_s/alloc_ttype.o ../obj_s/codes.o ../obj_s/comp_captab.o ../obj_s/comp_error.o ../obj_s/comp_hash.o ../obj_s/comp_userdefs.o ../obj_s/db_iterator.o ../obj_s/doalloc.o ../obj_s/entries.o ../obj_s/fallback.o ../obj_s/free_ttype.o ../obj_s/getenv_num.o ../obj_s/home_terminfo.o ../obj_s/init_keytry.o ../obj_s/lib_acs.o ../obj_s/lib_baudrate.o ../obj_s/lib_cur_term.o ../obj_s/lib_data.o ../obj_s/lib_has_cap.o ../obj_s/lib_kernel.o ../obj_s/lib_keyname.o ../obj_s/lib_longname.o ../obj_s/lib_napms.o ../obj_s/lib_options.o ../obj_s/lib_raw.o ../obj_s/lib_setup.o ../obj_s/lib_termcap.o ../obj_s/lib_termname.o ../obj_s/lib_tgoto.o ../obj_s/lib_ti.o ../obj_s/lib_tparm.o ../obj_s/lib_tputs.o ../obj_s/lib_trace.o ../obj_s/lib_ttyflags.o ../obj_s/lib_twait.o ../obj_s/name_match.o ../obj_s/names.o ../obj_s/obsolete.o ../obj_s/read_entry.o ../obj_s/read_termcap.o ../obj_s/strings.o ../obj_s/tries.o ../obj_s/trim_sgr0.o ../obj_s/unctrl.o ../obj_s/visbuf.o ../obj_s/alloc_entry.o ../obj_s/captoinfo.o ../obj_s/comp_expand.o ../obj_s/comp_parse.o ../obj_s/comp_scan.o ../obj_s/parse_entry.o ../obj_s/write_entry.o ../obj_s/define_key.o ../obj_s/hashed_db.o ../obj_s/key_defined.o ../obj_s/keybound.o ../obj_s/keyok.o ../obj_s/version.o -L../lib  
cd /home/builder/build/pkg/ncurses/usr/lib && (ln -s -f libncursesw.so.6.6 libncursesw.so.6; ln -s -f libncursesw.so.6 libncursesw.so; )
test -z "/home/builder/build/pkg/ncurses" && /usr/sbin/ldconfig
make[1]: [Makefile:1017: /home/builder/build/pkg/ncurses/usr/lib/libncursesw.so.6.6] Error 1 (ignored)
installing ../lib/libncursesw.a as /home/builder/build/pkg/ncurses/usr/lib/libncursesw.a
/usr/bin/install -c -m 644 ../lib/libncursesw.a /home/builder/build/pkg/ncurses/usr/lib/libncursesw.a
llvm-ranlib /home/builder/build/pkg/ncurses/usr/lib/libncursesw.a
installing ../lib/libncursesw_g.a as /home/builder/build/pkg/ncurses/usr/lib/libncursesw_g.a
/usr/bin/install -c -m 644 ../lib/libncursesw_g.a /home/builder/build/pkg/ncurses/usr/lib/libncursesw_g.a
llvm-ranlib /home/builder/build/pkg/ncurses/usr/lib/libncursesw_g.a
make[1]: Leaving directory '/home/builder/build/src/ncurses/ncurses'
( cd progs && make DESTDIR="/home/builder/build/pkg/ncurses" RPATH_LIST="/usr/lib" install )
make[1]: Entering directory '/home/builder/build/src/ncurses/progs'
mkdir -p /home/builder/build/pkg/ncurses/usr/bin
/usr/bin/install -c -s tic     /home/builder/build/pkg/ncurses/usr/bin/`echo tic|       sed 's/$//'|sed 's,x,x,'|sed 's/$//'`
/usr/bin/install -c -s toe     /home/builder/build/pkg/ncurses/usr/bin/`echo toe|       sed 's/$//'|sed 's,x,x,'|sed 's/$//'`
linking infotocap to tic
( cd /home/builder/build/pkg/ncurses/usr/bin && ln -s -f `echo tic|       sed 's/$//'|sed 's,x,x,'|sed 's/$//'` `echo infotocap| sed 's/$//'|sed 's,x,x,'|sed 's/$//'` )
linking captoinfo to tic
( cd /home/builder/build/pkg/ncurses/usr/bin && ln -s -f `echo tic|       sed 's/$//'|sed 's,x,x,'|sed 's/$//'` `echo captoinfo| sed 's/$//'|sed 's,x,x,'|sed 's/$//'` )
/usr/bin/install -c -s infocmp /home/builder/build/pkg/ncurses/usr/bin/`echo infocmp|   sed 's/$//'|sed 's,x,x,'|sed 's/$//'`
/usr/bin/install -c -s clear   /home/builder/build/pkg/ncurses/usr/bin/`echo clear|     sed 's/$//'|sed 's,x,x,'|sed 's/$//'`
/usr/bin/install -c -s tabs    /home/builder/build/pkg/ncurses/usr/bin/`echo tabs|      sed 's/$//'|sed 's,x,x,'|sed 's/$//'`
/usr/bin/install -c -s tput    /home/builder/build/pkg/ncurses/usr/bin/`echo tput|      sed 's/$//'|sed 's,x,x,'|sed 's/$//'`
/usr/bin/install -c -s tset    /home/builder/build/pkg/ncurses/usr/bin/`echo tset|      sed 's/$//'|sed 's,x,x,'|sed 's/$//'`
linking reset to tset
( cd /home/builder/build/pkg/ncurses/usr/bin && ln -s -f `echo tset|      sed 's/$//'|sed 's,x,x,'|sed 's/$//'` `echo reset|     sed 's/$//'|sed 's,x,x,'|sed 's/$//'` )
make[1]: Leaving directory '/home/builder/build/src/ncurses/progs'
( cd panel && make DESTDIR="/home/builder/build/pkg/ncurses" RPATH_LIST="/usr/lib" install )
make[1]: Entering directory '/home/builder/build/src/ncurses/panel'
linking /home/builder/build/pkg/ncurses/usr/lib/libpanelw.so.6.6
clang -Wl,-O1 -Wl,--sort-common -Wl,--as-needed -Wl,-z,relro -Wl,-z,now -Wl,--undefined-version -Wl,--hash-style=gnu -Wl,--compress-debug-sections=zstd   -march=x86-64-v3 -O2 -pipe -fno-plt -fexceptions -Wp,-D_FORTIFY_SOURCE=3 -fstack-clash-protection -fcf-protection -Qunused-arguments -Wno-error=implicit-function-declaration  -shared -Wl,--version-script,resulting.map -Wl,-soname,`basename /home/builder/build/pkg/ncurses/usr/lib/libpanelw.so.6.6 .6.6`.6,-stats,-lc -o /home/builder/build/pkg/ncurses/usr/lib/libpanelw.so.6.6 ../obj_s/panel.o ../obj_s/p_above.o ../obj_s/p_below.o ../obj_s/p_bottom.o ../obj_s/p_delete.o ../obj_s/p_hide.o ../obj_s/p_hidden.o ../obj_s/p_move.o ../obj_s/p_new.o ../obj_s/p_replace.o ../obj_s/p_show.o ../obj_s/p_top.o ../obj_s/p_update.o ../obj_s/p_user.o ../obj_s/p_win.o -L../lib -lncursesw
cd /home/builder/build/pkg/ncurses/usr/lib && (ln -s -f libpanelw.so.6.6 libpanelw.so.6; ln -s -f libpanelw.so.6 libpanelw.so; )
test -z "/home/builder/build/pkg/ncurses" && /usr/sbin/ldconfig
make[1]: [Makefile:357: /home/builder/build/pkg/ncurses/usr/lib/libpanelw.so.6.6] Error 1 (ignored)
installing ../lib/libpanelw.a as /home/builder/build/pkg/ncurses/usr/lib/libpanelw.a
/usr/bin/install -c -m 644 ../lib/libpanelw.a /home/builder/build/pkg/ncurses/usr/lib/libpanelw.a
llvm-ranlib /home/builder/build/pkg/ncurses/usr/lib/libpanelw.a
installing ../lib/libpanelw_g.a as /home/builder/build/pkg/ncurses/usr/lib/libpanelw_g.a
/usr/bin/install -c -m 644 ../lib/libpanelw_g.a /home/builder/build/pkg/ncurses/usr/lib/libpanelw_g.a
llvm-ranlib /home/builder/build/pkg/ncurses/usr/lib/libpanelw_g.a
installing ./panel.h in /home/builder/build/pkg/ncurses/usr/include
make[1]: Leaving directory '/home/builder/build/src/ncurses/panel'
( cd menu && make DESTDIR="/home/builder/build/pkg/ncurses" RPATH_LIST="/usr/lib" install )
make[1]: Entering directory '/home/builder/build/src/ncurses/menu'
linking /home/builder/build/pkg/ncurses/usr/lib/libmenuw.so.6.6
clang -Wl,-O1 -Wl,--sort-common -Wl,--as-needed -Wl,-z,relro -Wl,-z,now -Wl,--undefined-version -Wl,--hash-style=gnu -Wl,--compress-debug-sections=zstd   -march=x86-64-v3 -O2 -pipe -fno-plt -fexceptions -Wp,-D_FORTIFY_SOURCE=3 -fstack-clash-protection -fcf-protection -Qunused-arguments -Wno-error=implicit-function-declaration  -shared -Wl,--version-script,resulting.map -Wl,-soname,`basename /home/builder/build/pkg/ncurses/usr/lib/libmenuw.so.6.6 .6.6`.6,-stats,-lc -o /home/builder/build/pkg/ncurses/usr/lib/libmenuw.so.6.6 ../obj_s/m_attribs.o ../obj_s/m_cursor.o ../obj_s/m_driver.o ../obj_s/m_format.o ../obj_s/m_global.o ../obj_s/m_hook.o ../obj_s/m_item_cur.o ../obj_s/m_item_nam.o ../obj_s/m_item_new.o ../obj_s/m_item_opt.o ../obj_s/m_item_top.o ../obj_s/m_item_use.o ../obj_s/m_item_val.o ../obj_s/m_item_vis.o ../obj_s/m_items.o ../obj_s/m_new.o ../obj_s/m_opts.o ../obj_s/m_pad.o ../obj_s/m_pattern.o ../obj_s/m_post.o ../obj_s/m_req_name.o ../obj_s/m_scale.o ../obj_s/m_spacing.o ../obj_s/m_sub.o ../obj_s/m_userptr.o ../obj_s/m_win.o -L../lib -lncursesw
cd /home/builder/build/pkg/ncurses/usr/lib && (ln -s -f libmenuw.so.6.6 libmenuw.so.6; ln -s -f libmenuw.so.6 libmenuw.so; )
test -z "/home/builder/build/pkg/ncurses" && /usr/sbin/ldconfig
make[1]: [Makefile:398: /home/builder/build/pkg/ncurses/usr/lib/libmenuw.so.6.6] Error 1 (ignored)
installing ../lib/libmenuw.a as /home/builder/build/pkg/ncurses/usr/lib/libmenuw.a
/usr/bin/install -c -m 644 ../lib/libmenuw.a /home/builder/build/pkg/ncurses/usr/lib/libmenuw.a
llvm-ranlib /home/builder/build/pkg/ncurses/usr/lib/libmenuw.a
installing ../lib/libmenuw_g.a as /home/builder/build/pkg/ncurses/usr/lib/libmenuw_g.a
/usr/bin/install -c -m 644 ../lib/libmenuw_g.a /home/builder/build/pkg/ncurses/usr/lib/libmenuw_g.a
llvm-ranlib /home/builder/build/pkg/ncurses/usr/lib/libmenuw_g.a
installing ./eti.h in /home/builder/build/pkg/ncurses/usr/include
installing ./menu.h in /home/builder/build/pkg/ncurses/usr/include
make[1]: Leaving directory '/home/builder/build/src/ncurses/menu'
( cd form && make DESTDIR="/home/builder/build/pkg/ncurses" RPATH_LIST="/usr/lib" install )
make[1]: Entering directory '/home/builder/build/src/ncurses/form'
linking /home/builder/build/pkg/ncurses/usr/lib/libformw.so.6.6
clang -Wl,-O1 -Wl,--sort-common -Wl,--as-needed -Wl,-z,relro -Wl,-z,now -Wl,--undefined-version -Wl,--hash-style=gnu -Wl,--compress-debug-sections=zstd   -march=x86-64-v3 -O2 -pipe -fno-plt -fexceptions -Wp,-D_FORTIFY_SOURCE=3 -fstack-clash-protection -fcf-protection -Qunused-arguments -Wno-error=implicit-function-declaration  -shared -Wl,--version-script,resulting.map -Wl,-soname,`basename /home/builder/build/pkg/ncurses/usr/lib/libformw.so.6.6 .6.6`.6,-stats,-lc -o /home/builder/build/pkg/ncurses/usr/lib/libformw.so.6.6 ../obj_s/fld_arg.o ../obj_s/fld_attr.o ../obj_s/fld_current.o ../obj_s/fld_def.o ../obj_s/fld_dup.o ../obj_s/fld_ftchoice.o ../obj_s/fld_ftlink.o ../obj_s/fld_info.o ../obj_s/fld_just.o ../obj_s/fld_link.o ../obj_s/fld_max.o ../obj_s/fld_move.o ../obj_s/fld_newftyp.o ../obj_s/fld_opts.o ../obj_s/fld_pad.o ../obj_s/fld_page.o ../obj_s/fld_stat.o ../obj_s/fld_type.o ../obj_s/fld_user.o ../obj_s/frm_cursor.o ../obj_s/frm_data.o ../obj_s/frm_def.o ../obj_s/frm_driver.o ../obj_s/frm_hook.o ../obj_s/frm_opts.o ../obj_s/frm_page.o ../obj_s/frm_post.o ../obj_s/frm_req_name.o ../obj_s/frm_scale.o ../obj_s/frm_sub.o ../obj_s/frm_user.o ../obj_s/frm_win.o ../obj_s/fty_alnum.o ../obj_s/fty_alpha.o ../obj_s/fty_enum.o ../obj_s/fty_generic.o ../obj_s/fty_int.o ../obj_s/fty_ipv4.o ../obj_s/fty_num.o ../obj_s/fty_regex.o -L../lib -lncursesw
cd /home/builder/build/pkg/ncurses/usr/lib && (ln -s -f libformw.so.6.6 libformw.so.6; ln -s -f libformw.so.6 libformw.so; )
test -z "/home/builder/build/pkg/ncurses" && /usr/sbin/ldconfig
make[1]: [Makefile:438: /home/builder/build/pkg/ncurses/usr/lib/libformw.so.6.6] Error 1 (ignored)
installing ../lib/libformw.a as /home/builder/build/pkg/ncurses/usr/lib/libformw.a
/usr/bin/install -c -m 644 ../lib/libformw.a /home/builder/build/pkg/ncurses/usr/lib/libformw.a
llvm-ranlib /home/builder/build/pkg/ncurses/usr/lib/libformw.a
installing ../lib/libformw_g.a as /home/builder/build/pkg/ncurses/usr/lib/libformw_g.a
/usr/bin/install -c -m 644 ../lib/libformw_g.a /home/builder/build/pkg/ncurses/usr/lib/libformw_g.a
llvm-ranlib /home/builder/build/pkg/ncurses/usr/lib/libformw_g.a
installing ./form.h in /home/builder/build/pkg/ncurses/usr/include
make[1]: Leaving directory '/home/builder/build/src/ncurses/form'
( cd test && make DESTDIR="/home/builder/build/pkg/ncurses" RPATH_LIST="/usr/lib" install )
make[1]: Entering directory '/home/builder/build/src/ncurses/test'
make[1]: Nothing to be done for 'install'.
make[1]: Leaving directory '/home/builder/build/src/ncurses/test'
( cd misc && make DESTDIR="/home/builder/build/pkg/ncurses" RPATH_LIST="/usr/lib" install )
make[1]: Entering directory '/home/builder/build/src/ncurses/misc'
mkdir -p /home/builder/build/pkg/ncurses/usr/share/tabset
INSTALL_PREFIX=/home/builder/build/pkg/ncurses/usr \
TICDIR=/home/builder/build/pkg/ncurses/usr/share/terminfo \
BINDIR=/home/builder/build/pkg/ncurses/usr/bin \
tic_source=terminfo.tmp \
/bin/sh ./run_tic.sh
** Building terminfo database, please wait...
Running sh ./shlib tic to install /home/builder/build/pkg/ncurses/usr/share/terminfo ...

	You may see messages regarding extended capabilities, e.g., AX.
	These are extended terminal capabilities which are compiled
	using
		sh ./shlib tic -x
	If you have ncurses 4.2 applications, you should read the INSTALL
	document, and install the terminfo without the -x option.

ncurses 6.6.20251230
1861 entries written to /home/builder/build/pkg/ncurses/usr/share/terminfo
** built new /home/builder/build/pkg/ncurses/usr/share/terminfo
** assuming we can make symbolic links to a directory
** sym-linked /home/builder/build/pkg/ncurses/usr/lib/terminfo for compatibility
installing std
installing stdcrt
installing vt100
installing vt300
finished install.data
/usr/bin/install -c ncurses-config /home/builder/build/pkg/ncurses/usr/bin/ncursesw6-config
installing ncursesw.pc
installing ncursesw.pc
installing panelw.pc
installing menuw.pc
installing formw.pc
installing ncurses++w.pc
make[1]: Leaving directory '/home/builder/build/src/ncurses/misc'
( cd c++ && make DESTDIR="/home/builder/build/pkg/ncurses" RPATH_LIST="/usr/lib" install )
make[1]: Entering directory '/home/builder/build/src/ncurses/c++'
linking /home/builder/build/pkg/ncurses/usr/lib/libncurses++w.so.6.6
clang++ -L../lib -lformw -lmenuw -lpanelw -lncursesw   -Wl,-O1 -Wl,--sort-common -Wl,--as-needed -Wl,-z,relro -Wl,-z,now -Wl,--undefined-version -Wl,--hash-style=gnu -Wl,--compress-debug-sections=zstd  -march=x86-64-v3 -O2 -pipe -fno-plt -fexceptions         -Wp,-D_FORTIFY_SOURCE=3 -fstack-clash-protection -fcf-protection -shared  -Wl,-soname,`basename /home/builder/build/pkg/ncurses/usr/lib/libncurses++w.so.6.6 .6.6`.6,-stats,-lc -o /home/builder/build/pkg/ncurses/usr/lib/libncurses++w.so.6.6 ../obj_s/cursesf.o ../obj_s/cursesm.o ../obj_s/cursesw.o ../obj_s/cursespad.o ../obj_s/cursesp.o ../obj_s/cursslk.o ../obj_s/cursesapp.o ../obj_s/cursesmain.o -L../lib -lformw -lmenuw -lpanelw -lncursesw
cd /home/builder/build/pkg/ncurses/usr/lib && (ln -s -f libncurses++w.so.6.6 libncurses++w.so.6; ln -s -f libncurses++w.so.6 libncurses++w.so; )
test -z "/home/builder/build/pkg/ncurses" && /usr/sbin/ldconfig
make[1]: [Makefile:397: /home/builder/build/pkg/ncurses/usr/lib/libncurses++w.so.6.6] Error 1 (ignored)
installing ../lib/libncurses++w.a as /home/builder/build/pkg/ncurses/usr/lib/libncurses++w.a
/usr/bin/install -c -m 644 ../lib/libncurses++w.a /home/builder/build/pkg/ncurses/usr/lib/libncurses++w.a
llvm-ranlib /home/builder/build/pkg/ncurses/usr/lib/libncurses++w.a
installing ../lib/libncurses++w_g.a as /home/builder/build/pkg/ncurses/usr/lib/libncurses++w_g.a
/usr/bin/install -c -m 644 ../lib/libncurses++w_g.a /home/builder/build/pkg/ncurses/usr/lib/libncurses++w_g.a
llvm-ranlib /home/builder/build/pkg/ncurses/usr/lib/libncurses++w_g.a
installing ./cursesapp.h in /home/builder/build/pkg/ncurses/usr/include
installing ./cursesf.h in /home/builder/build/pkg/ncurses/usr/include
installing ./cursesm.h in /home/builder/build/pkg/ncurses/usr/include
installing ./cursesp.h in /home/builder/build/pkg/ncurses/usr/include
installing ./cursesw.h in /home/builder/build/pkg/ncurses/usr/include
installing ./cursslk.h in /home/builder/build/pkg/ncurses/usr/include
installing etip.h in /home/builder/build/pkg/ncurses/usr/include
make[1]: Leaving directory '/home/builder/build/src/ncurses/c++'
make: Leaving directory '/home/builder/build/src/ncurses'
install: creating directory '/home/builder/build/pkg/ncurses/usr/share/licenses'
install: creating directory '/home/builder/build/pkg/ncurses/usr/share/licenses/ncurses'
'ncurses/COPYING' -> '/home/builder/build/pkg/ncurses/usr/share/licenses/ncurses/COPYING'
'/home/builder/build/pkg/ncurses/usr/lib/pkgconfig/ncurses.pc' -> 'ncursesw.pc'
'/home/builder/build/pkg/ncurses/usr/lib/pkgconfig/ncurses++.pc' -> 'ncurses++w.pc'
'/home/builder/build/pkg/ncurses/usr/lib/pkgconfig/form.pc' -> 'formw.pc'
'/home/builder/build/pkg/ncurses/usr/lib/pkgconfig/panel.pc' -> 'panelw.pc'
'/home/builder/build/pkg/ncurses/usr/lib/pkgconfig/menu.pc' -> 'menuw.pc'
'/home/builder/build/pkg/ncurses/usr/lib/libcurses.so' -> 'libncurses.so'
'/home/builder/build/pkg/ncurses/usr/lib/libtic.so.6' -> 'libncursesw.so.6'
'/home/builder/build/pkg/ncurses/usr/lib/pkgconfig/tic.pc' -> 'ncursesw.pc'
'/home/builder/build/pkg/ncurses/usr/lib/libtinfo.so.6' -> 'libncursesw.so.6'
'/home/builder/build/pkg/ncurses/usr/lib/pkgconfig/tinfo.pc' -> 'ncursesw.pc'
==> Tidying install...
  -> Removing libtool files...
  -> Removing static library files...
  -> Purging unwanted files...
  -> Stripping unneeded symbols from binaries and libraries...
==> Checking for packaging issues...
==> Creating package "ncurses"...
  -> Generating .PKGINFO file...
warning: Public keyring not found; have you run 'pacman-key --init'?
error: kashira-v3: key "E4DF524F75FE51DD5FB0C7BA1925D86CD662878E" is unknown
error: keyring is not writable
warning: base: unknown key '%INSTALLED_DB%' in local database
warning: base-devel: unknown key '%INSTALLED_DB%' in local database
warning: Public keyring not found; have you run 'pacman-key --init'?
error: kashira-v3: key "E4DF524F75FE51DD5FB0C7BA1925D86CD662878E" is unknown
error: keyring is not writable
warning: base: unknown key '%INSTALLED_DB%' in local database
warning: base-devel: unknown key '%INSTALLED_DB%' in local database
warning: Public keyring not found; have you run 'pacman-key --init'?
error: kashira-v3: key "E4DF524F75FE51DD5FB0C7BA1925D86CD662878E" is unknown
error: keyring is not writable
warning: base: unknown key '%INSTALLED_DB%' in local database
warning: base-devel: unknown key '%INSTALLED_DB%' in local database
warning: Public keyring not found; have you run 'pacman-key --init'?
error: kashira-v3: key "E4DF524F75FE51DD5FB0C7BA1925D86CD662878E" is unknown
error: keyring is not writable
warning: base: unknown key '%INSTALLED_DB%' in local database
warning: base-devel: unknown key '%INSTALLED_DB%' in local database
warning: Public keyring not found; have you run 'pacman-key --init'?
error: kashira-v3: key "E4DF524F75FE51DD5FB0C7BA1925D86CD662878E" is unknown
error: keyring is not writable
warning: base: unknown key '%INSTALLED_DB%' in local database
warning: base-devel: unknown key '%INSTALLED_DB%' in local database
warning: Public keyring not found; have you run 'pacman-key --init'?
error: kashira-v3: key "E4DF524F75FE51DD5FB0C7BA1925D86CD662878E" is unknown
error: keyring is not writable
warning: base: unknown key '%INSTALLED_DB%' in local database
warning: base-devel: unknown key '%INSTALLED_DB%' in local database
warning: Public keyring not found; have you run 'pacman-key --init'?
error: kashira-v3: key "E4DF524F75FE51DD5FB0C7BA1925D86CD662878E" is unknown
error: keyring is not writable
warning: base: unknown key '%INSTALLED_DB%' in local database
warning: base-devel: unknown key '%INSTALLED_DB%' in local database
warning: Public keyring not found; have you run 'pacman-key --init'?
error: kashira-v3: key "E4DF524F75FE51DD5FB0C7BA1925D86CD662878E" is unknown
error: keyring is not writable
warning: base: unknown key '%INSTALLED_DB%' in local database
warning: base-devel: unknown key '%INSTALLED_DB%' in local database
warning: Public keyring not found; have you run 'pacman-key --init'?
error: kashira-v3: key "E4DF524F75FE51DD5FB0C7BA1925D86CD662878E" is unknown
error: keyring is not writable
warning: base: unknown key '%INSTALLED_DB%' in local database
warning: base-devel: unknown key '%INSTALLED_DB%' in local database
warning: Public keyring not found; have you run 'pacman-key --init'?
error: kashira-v3: key "E4DF524F75FE51DD5FB0C7BA1925D86CD662878E" is unknown
error: keyring is not writable
warning: base: unknown key '%INSTALLED_DB%' in local database
warning: base-devel: unknown key '%INSTALLED_DB%' in local database
warning: Public keyring not found; have you run 'pacman-key --init'?
error: kashira-v3: key "E4DF524F75FE51DD5FB0C7BA1925D86CD662878E" is unknown
error: keyring is not writable
warning: base: unknown key '%INSTALLED_DB%' in local database
warning: base-devel: unknown key '%INSTALLED_DB%' in local database
warning: Public keyring not found; have you run 'pacman-key --init'?
error: kashira-v3: key "E4DF524F75FE51DD5FB0C7BA1925D86CD662878E" is unknown
error: keyring is not writable
warning: base: unknown key '%INSTALLED_DB%' in local database
warning: base-devel: unknown key '%INSTALLED_DB%' in local database
warning: Public keyring not found; have you run 'pacman-key --init'?
error: kashira-v3: key "E4DF524F75FE51DD5FB0C7BA1925D86CD662878E" is unknown
error: keyring is not writable
warning: base: unknown key '%INSTALLED_DB%' in local database
warning: base-devel: unknown key '%INSTALLED_DB%' in local database
  -> Generating .BUILDINFO file...
warning: Public keyring not found; have you run 'pacman-key --init'?
error: kashira-v3: key "E4DF524F75FE51DD5FB0C7BA1925D86CD662878E" is unknown
error: keyring is not writable
warning: base: unknown key '%INSTALLED_DB%' in local database
warning: base-devel: unknown key '%INSTALLED_DB%' in local database
  -> Generating .MTREE file...
  -> Compressing package...
==> Leaving fakeroot environment.
==> Finished making: ncurses 6.6-2 (Sat Sep 19 20:31:00 2026)
