== build perl-unicode-linebreak (deps: libthai perl perl-mime-charset )
resolving dependencies...
warning: perl-5.44.0-2 is up to date -- skipping
warning: base: unknown key '%INSTALLED_DB%' in local database
warning: base-devel: unknown key '%INSTALLED_DB%' in local database
looking for conflicting packages...

Packages (3) libdatrie-0.2.14-1  libthai-0.1.30-1  perl-mime-charset-1.013.1-6

Total Download Size:   0.30 MiB
Total Installed Size:  1.51 MiB

:: Proceed with installation? [Y/n] 
:: Retrieving packages...
 libthai-0.1.30-1-x86_64 downloading...
 libdatrie-0.2.14-1-x86_64 downloading...
 perl-mime-charset-1.013.1-6-any downloading...
checking keyring...
checking package integrity...
loading package files...
checking for file conflicts...
:: Processing package changes...
installing libdatrie...
installing libthai...
installing perl-mime-charset...
:: Running post-transaction hooks...
(1/1) Arming ConditionNeedsUpdate...
==> Making package: perl-unicode-linebreak 2019.001-9 (Sun Sep 20 01:29:00 2026)
==> WARNING: Skipping dependency checks.
==> Retrieving sources...
  -> Found Unicode-LineBreak-2019.001.tar.gz
  -> Found LineBreakTest-8.0.0.txt
  -> Found GraphemeBreakTest-8.0.0.txt
==> WARNING: Skipping verification of source file PGP signatures.
==> Validating source files with md5sums...
    Unicode-LineBreak-2019.001.tar.gz ... Passed
    LineBreakTest-8.0.0.txt ... Passed
    GraphemeBreakTest-8.0.0.txt ... Passed
==> Validating source files with sha256sums...
    Unicode-LineBreak-2019.001.tar.gz ... Passed
    LineBreakTest-8.0.0.txt ... Passed
    GraphemeBreakTest-8.0.0.txt ... Passed
==> Extracting sources...
  -> Extracting Unicode-LineBreak-2019.001.tar.gz with bsdtar
==> Starting prepare()...
removed '/home/builder/build/src/Unicode-LineBreak-2019.001/test-data/LineBreakTest.txt'
'/home/builder/build/src/LineBreakTest-8.0.0.txt' -> '/home/builder/build/src/Unicode-LineBreak-2019.001/test-data/LineBreakTest.txt'
removed '/home/builder/build/src/Unicode-LineBreak-2019.001/test-data/GraphemeBreakTest.txt'
'/home/builder/build/src/GraphemeBreakTest-8.0.0.txt' -> '/home/builder/build/src/Unicode-LineBreak-2019.001/test-data/GraphemeBreakTest.txt'
==> Starting build()...
Use libthai 0.1.30
Use bundled sombok 2.4.0 with Unicode 8.0.0
which: no wget in (/usr/local/sbin:/usr/local/bin:/usr/sbin:/usr/bin:/sbin:/bin)
W: Required test dependency not found: wget
Checking if your kit is complete...
Looks good
Writing MYMETA.yml and MYMETA.json
Generating a Unix-style Makefile
Writing Makefile for Unicode::LineBreak
Writing MYMETA.yml and MYMETA.json
cd sombok && make all
"/usr/bin/perl" "/usr/lib/perl5/5.44/core_perl/ExtUtils/xsubpp" -noprototypes -typemap '/usr/lib/perl5/5.44/core_perl/ExtUtils/typemap' -typemap '/home/builder/build/src/Unicode-LineBreak-2019.001/typemap'  LineBreak.xs > LineBreak.xsc
Running Mkbootstrap for LineBreak ()
make[1]: Entering directory '/home/builder/build/src/Unicode-LineBreak-2019.001/sombok'
cd lib && clang -c  "-I/usr/lib/perl5/5.44/core_perl/CORE" "-I/home/builder/build/src/Unicode-LineBreak-2019.001/sombok/include"  -D_REENTRANT -D_GNU_SOURCE -fno-strict-aliasing -fwrapv -pipe -fstack-protector-strong -I/usr/include/db5.3 -D_LARGEFILE_SOURCE -D_FILE_OFFSET_BITS=64 -O2   -DVERSION=\"\" -DXS_VERSION=\"\" -fPIC "-I/usr/lib/perl5/5.44/core_perl/CORE"   ../lib/8.0.0.c
cd lib && clang -c  "-I/usr/lib/perl5/5.44/core_perl/CORE" "-I/home/builder/build/src/Unicode-LineBreak-2019.001/sombok/include"  -D_REENTRANT -D_GNU_SOURCE -fno-strict-aliasing -fwrapv -pipe -fstack-protector-strong -I/usr/include/db5.3 -D_LARGEFILE_SOURCE -D_FILE_OFFSET_BITS=64 -O2   -DVERSION=\"\" -DXS_VERSION=\"\" -fPIC "-I/usr/lib/perl5/5.44/core_perl/CORE"   ../lib/break.c
cd lib && clang -c  "-I/usr/lib/perl5/5.44/core_perl/CORE" "-I/home/builder/build/src/Unicode-LineBreak-2019.001/sombok/include"  -D_REENTRANT -D_GNU_SOURCE -fno-strict-aliasing -fwrapv -pipe -fstack-protector-strong -I/usr/include/db5.3 -D_LARGEFILE_SOURCE -D_FILE_OFFSET_BITS=64 -O2   -DVERSION=\"\" -DXS_VERSION=\"\" -fPIC "-I/usr/lib/perl5/5.44/core_perl/CORE"   ../lib/charprop.c
cd lib && clang -c  "-I/usr/lib/perl5/5.44/core_perl/CORE" "-I/home/builder/build/src/Unicode-LineBreak-2019.001/sombok/include"  -D_REENTRANT -D_GNU_SOURCE -fno-strict-aliasing -fwrapv -pipe -fstack-protector-strong -I/usr/include/db5.3 -D_LARGEFILE_SOURCE -D_FILE_OFFSET_BITS=64 -O2   -DVERSION=\"\" -DXS_VERSION=\"\" -fPIC "-I/usr/lib/perl5/5.44/core_perl/CORE"   ../lib/gcstring.c
cd lib && clang -c  "-I/usr/lib/perl5/5.44/core_perl/CORE" "-I/home/builder/build/src/Unicode-LineBreak-2019.001/sombok/include"  -D_REENTRANT -D_GNU_SOURCE -fno-strict-aliasing -fwrapv -pipe -fstack-protector-strong -I/usr/include/db5.3 -D_LARGEFILE_SOURCE -D_FILE_OFFSET_BITS=64 -O2   -DVERSION=\"\" -DXS_VERSION=\"\" -fPIC "-I/usr/lib/perl5/5.44/core_perl/CORE"   ../lib/linebreak.c
cd lib && clang -c  "-I/usr/lib/perl5/5.44/core_perl/CORE" "-I/home/builder/build/src/Unicode-LineBreak-2019.001/sombok/include"  -D_REENTRANT -D_GNU_SOURCE -fno-strict-aliasing -fwrapv -pipe -fstack-protector-strong -I/usr/include/db5.3 -D_LARGEFILE_SOURCE -D_FILE_OFFSET_BITS=64 -O2   -DVERSION=\"\" -DXS_VERSION=\"\" -fPIC "-I/usr/lib/perl5/5.44/core_perl/CORE"   ../lib/southeastasian.c
cd lib && clang -c  "-I/usr/lib/perl5/5.44/core_perl/CORE" "-I/home/builder/build/src/Unicode-LineBreak-2019.001/sombok/include"  -D_REENTRANT -D_GNU_SOURCE -fno-strict-aliasing -fwrapv -pipe -fstack-protector-strong -I/usr/include/db5.3 -D_LARGEFILE_SOURCE -D_FILE_OFFSET_BITS=64 -O2   -DVERSION=\"\" -DXS_VERSION=\"\" -fPIC "-I/usr/lib/perl5/5.44/core_perl/CORE"   ../lib/utf8.c
cd lib && clang -c  "-I/usr/lib/perl5/5.44/core_perl/CORE" "-I/home/builder/build/src/Unicode-LineBreak-2019.001/sombok/include"  -D_REENTRANT -D_GNU_SOURCE -fno-strict-aliasing -fwrapv -pipe -fstack-protector-strong -I/usr/include/db5.3 -D_LARGEFILE_SOURCE -D_FILE_OFFSET_BITS=64 -O2   -DVERSION=\"\" -DXS_VERSION=\"\" -fPIC "-I/usr/lib/perl5/5.44/core_perl/CORE"   ../lib/utils.c
chmod 644 "LineBreak.bs"
"/usr/bin/perl" -MExtUtils::Command::MM -e 'cp_nonempty' -- LineBreak.bs blib/arch/auto/Unicode/LineBreak/LineBreak.bs 644
cp lib/Unicode/LineBreak.pm blib/lib/Unicode/LineBreak.pm
cp lib/Unicode/GCString.pm blib/lib/Unicode/GCString.pm
cp lib/POD2/JA/Unicode/LineBreak.pod blib/lib/POD2/JA/Unicode/LineBreak.pod
cp lib/Unicode/GCString.pod blib/lib/Unicode/GCString.pod
cp lib/Unicode/LineBreak/Constants.pm blib/lib/Unicode/LineBreak/Constants.pm
cp lib/POD2/JA/Text/LineFold.pod blib/lib/POD2/JA/Text/LineFold.pod
cp lib/POD2/JA/Unicode/GCString.pod blib/lib/POD2/JA/Unicode/GCString.pod
cp lib/Text/LineFold.pm blib/lib/Text/LineFold.pm
cp lib/Unicode/LineBreak.pod blib/lib/Unicode/LineBreak.pod
cp lib/Unicode/LineBreak/Defaults.pm.sample blib/lib/Unicode/LineBreak/Defaults.pm.sample
../lib/charprop.c:156:10: warning: assigning to 'propval_t *' (aka 'unsigned char *') from 'const propval_t *' (aka 'const unsigned char *') discards qualifiers [-Wincompatible-pointer-types-discards-qualifiers]
  156 |             ent =
      |                 ^
  157 |                 linebreak_prop_array + (linebreak_prop_index[c >> BLKLEN] +
      |                 ~~~~~~~~~~~~~~~~~~~~~~~~~~~~~~~~~~~~~~~~~~~~~~~~~~~~~~~~~~~
  158 |                                         (c & ((1 << BLKLEN) - 1))) * 4;
      |                                         ~~~~~~~~~~~~~~~~~~~~~~~~~~~~~~
mv LineBreak.xsc LineBreak.c
1 warning generated.
../lib/southeastasian.c:68:35: warning: 'th_wbrk' is deprecated [-Wdeprecated-declarations]
   68 |     for (i = 0, j = 0; j < len && th_wbrk(buf + j, &brk, 1) == 1; j += brk) {
      |                                   ^
/usr/include/thai/thwbrk.h:46:1: note: 'th_wbrk' has been explicitly marked deprecated here
   46 | TH_DEPRECATED_FOR(th_brk_wc_find_breaks)
      | ^
/usr/include/thai/thailib.h:56:30: note: expanded from macro 'TH_DEPRECATED_FOR'
   56 | #define TH_DEPRECATED_FOR(f) TH_DEPRECATED
      |                              ^
/usr/include/thai/thailib.h:44:38: note: expanded from macro 'TH_DEPRECATED'
   44 | #define TH_DEPRECATED __attribute__((__deprecated__))
      |                                      ^
1 warning generated.
rm -f "libsombok.a"
/usr/bin/ar cr "libsombok.a" lib/8.0.0.o lib/break.o lib/charprop.o lib/gcstring.o lib/linebreak.o lib/southeastasian.o lib/utf8.o lib/utils.o
: "libsombok.a"
chmod 755 libsombok.a
make[1]: Leaving directory '/home/builder/build/src/Unicode-LineBreak-2019.001/sombok'
clang -c  -Isombok/include  -D_REENTRANT -D_GNU_SOURCE -fno-strict-aliasing -fwrapv -pipe -fstack-protector-strong -I/usr/include/db5.3 -D_LARGEFILE_SOURCE -D_FILE_OFFSET_BITS=64 -O2   -DVERSION=\"2019.001\" -DXS_VERSION=\"2019.001\" -fPIC "-I/usr/lib/perl5/5.44/core_perl/CORE"   LineBreak.c
make[1]: Entering directory '/home/builder/build/src/Unicode-LineBreak-2019.001/sombok'
make[1]: Leaving directory '/home/builder/build/src/Unicode-LineBreak-2019.001/sombok'
LineBreak.xs:196:5: warning: '(' and '{' tokens introducing statement expression appear in different macro expansion contexts [-Wcompound-token-split-by-macro]
  196 |     setCtoPerl(sv, klass, obj);  
      |     ^~~~~~~~~~~~~~~~~~~~~~~~~~
LineBreak.xs:186:5: note: expanded from macro 'setCtoPerl'
  186 |     STMT_START { \
      |     ^~~~~~~~~~
./ppport.h:3826:28: note: expanded from macro 'STMT_START'
 3826 | #  define STMT_START    (void)( /* gcc supports ``({ STATEMENTS; })'' */
      |                               ^
LineBreak.xs:196:5: note: '{' token is here
  196 |     setCtoPerl(sv, klass, obj);  
      |     ^~~~~~~~~~~~~~~~~~~~~~~~~~
LineBreak.xs:186:16: note: expanded from macro 'setCtoPerl'
  186 |     STMT_START { \
      |                ^
LineBreak.xs:196:5: warning: '}' and ')' tokens terminating statement expression appear in different macro expansion contexts [-Wcompound-token-split-by-macro]
  196 |     setCtoPerl(sv, klass, obj);  
      |     ^~~~~~~~~~~~~~~~~~~~~~~~~~
LineBreak.xs:189:5: note: expanded from macro 'setCtoPerl'
  189 |     } STMT_END
      |     ^
LineBreak.xs:196:5: note: ')' token is here
  196 |     setCtoPerl(sv, klass, obj);  
      |     ^~~~~~~~~~~~~~~~~~~~~~~~~~
LineBreak.xs:189:7: note: expanded from macro 'setCtoPerl'
  189 |     } STMT_END
      |       ^~~~~~~~
./ppport.h:3827:20: note: expanded from macro 'STMT_END'
 3827 | #  define STMT_END      )
      |                         ^
LineBreak.xs:360:2: warning: '(' and '{' tokens introducing statement expression appear in different macro expansion contexts [-Wcompound-token-split-by-macro]
  360 |         PUSHMARK(SP);
      |         ^~~~~~~~~~~~
/usr/lib/perl5/5.44/core_perl/CORE/pp.h:120:5: note: expanded from macro 'PUSHMARK'
  120 |     STMT_START {                                                      \
      |     ^~~~~~~~~~
./ppport.h:3826:28: note: expanded from macro 'STMT_START'
 3826 | #  define STMT_START    (void)( /* gcc supports ``({ STATEMENTS; })'' */
      |                               ^
LineBreak.xs:360:2: note: '{' token is here
  360 |         PUSHMARK(SP);
      |         ^~~~~~~~~~~~
/usr/lib/perl5/5.44/core_perl/CORE/pp.h:120:16: note: expanded from macro 'PUSHMARK'
  120 |     STMT_START {                                                      \
      |                ^
LineBreak.xs:360:2: warning: '}' and ')' tokens terminating statement expression appear in different macro expansion contexts [-Wcompound-token-split-by-macro]
  360 |         PUSHMARK(SP);
      |         ^~~~~~~~~~~~
/usr/lib/perl5/5.44/core_perl/CORE/pp.h:129:5: note: expanded from macro 'PUSHMARK'
  129 |     } STMT_END
      |     ^
LineBreak.xs:360:2: note: ')' token is here
  360 |         PUSHMARK(SP);
      |         ^~~~~~~~~~~~
/usr/lib/perl5/5.44/core_perl/CORE/pp.h:129:7: note: expanded from macro 'PUSHMARK'
  129 |     } STMT_END
      |       ^~~~~~~~
./ppport.h:3827:20: note: expanded from macro 'STMT_END'
 3827 | #  define STMT_END      )
      |                         ^
LineBreak.xs:362:2: warning: '(' and '{' tokens introducing statement expression appear in different macro expansion contexts [-Wcompound-token-split-by-macro]
  362 |         XPUSHs(sv_2mortal(CtoPerl("Unicode::LineBreak", lbobj)));
      |         ^~~~~~~~~~~~~~~~~~~~~~~~~~~~~~~~~~~~~~~~~~~~~~~~~~~~~~~~
/usr/lib/perl5/5.44/core_perl/CORE/pp.h:558:19: note: expanded from macro 'XPUSHs'
  558 | #define XPUSHs(s)       STMT_START { EXTEND(sp,1); PUSHs(s); } STMT_END
      |                         ^~~~~~~~~~
./ppport.h:3826:28: note: expanded from macro 'STMT_START'
 3826 | #  define STMT_START    (void)( /* gcc supports ``({ STATEMENTS; })'' */
      |                               ^
LineBreak.xs:362:2: note: '{' token is here
  362 |         XPUSHs(sv_2mortal(CtoPerl("Unicode::LineBreak", lbobj)));
      |         ^~~~~~~~~~~~~~~~~~~~~~~~~~~~~~~~~~~~~~~~~~~~~~~~~~~~~~~~
/usr/lib/perl5/5.44/core_perl/CORE/pp.h:558:30: note: expanded from macro 'XPUSHs'
  558 | #define XPUSHs(s)       STMT_START { EXTEND(sp,1); PUSHs(s); } STMT_END
      |                                    ^
LineBreak.xs:362:2: warning: '(' and '{' tokens introducing statement expression appear in different macro expansion contexts [-Wcompound-token-split-by-macro]
  362 |         XPUSHs(sv_2mortal(CtoPerl("Unicode::LineBreak", lbobj)));
      |         ^~~~~~~~~~~~~~~~~~~~~~~~~~~~~~~~~~~~~~~~~~~~~~~~~~~~~~~~
/usr/lib/perl5/5.44/core_perl/CORE/pp.h:558:32: note: expanded from macro 'XPUSHs'
  558 | #define XPUSHs(s)       STMT_START { EXTEND(sp,1); PUSHs(s); } STMT_END
      |                                      ^~~~~~~~~~~~
/usr/lib/perl5/5.44/core_perl/CORE/pp.h:459:25: note: expanded from macro 'EXTEND'
  459 | #  define EXTEND(p,n)   STMT_START {                                    \
      |                         ^~~~~~~~~~
./ppport.h:3826:28: note: expanded from macro 'STMT_START'
 3826 | #  define STMT_START    (void)( /* gcc supports ``({ STATEMENTS; })'' */
      |                               ^
LineBreak.xs:362:2: note: '{' token is here
  362 |         XPUSHs(sv_2mortal(CtoPerl("Unicode::LineBreak", lbobj)));
      |         ^~~~~~~~~~~~~~~~~~~~~~~~~~~~~~~~~~~~~~~~~~~~~~~~~~~~~~~~
/usr/lib/perl5/5.44/core_perl/CORE/pp.h:558:32: note: expanded from macro 'XPUSHs'
  558 | #define XPUSHs(s)       STMT_START { EXTEND(sp,1); PUSHs(s); } STMT_END
      |                                      ^~~~~~~~~~~~
/usr/lib/perl5/5.44/core_perl/CORE/pp.h:459:36: note: expanded from macro 'EXTEND'
  459 | #  define EXTEND(p,n)   STMT_START {                                    \
      |                                    ^
LineBreak.xs:362:2: warning: '}' and ')' tokens terminating statement expression appear in different macro expansion contexts [-Wcompound-token-split-by-macro]
  362 |         XPUSHs(sv_2mortal(CtoPerl("Unicode::LineBreak", lbobj)));
      |         ^~~~~~~~~~~~~~~~~~~~~~~~~~~~~~~~~~~~~~~~~~~~~~~~~~~~~~~~
/usr/lib/perl5/5.44/core_perl/CORE/pp.h:558:32: note: expanded from macro 'XPUSHs'
  558 | #define XPUSHs(s)       STMT_START { EXTEND(sp,1); PUSHs(s); } STMT_END
      |                                      ^~~~~~~~~~~~
/usr/lib/perl5/5.44/core_perl/CORE/pp.h:465:25: note: expanded from macro 'EXTEND'
  465 |                         } STMT_END
      |                         ^
LineBreak.xs:362:2: note: ')' token is here
  362 |         XPUSHs(sv_2mortal(CtoPerl("Unicode::LineBreak", lbobj)));
      |         ^~~~~~~~~~~~~~~~~~~~~~~~~~~~~~~~~~~~~~~~~~~~~~~~~~~~~~~~
/usr/lib/perl5/5.44/core_perl/CORE/pp.h:558:32: note: expanded from macro 'XPUSHs'
  558 | #define XPUSHs(s)       STMT_START { EXTEND(sp,1); PUSHs(s); } STMT_END
      |                                      ^~~~~~~~~~~~
/usr/lib/perl5/5.44/core_perl/CORE/pp.h:465:27: note: expanded from macro 'EXTEND'
  465 |                         } STMT_END
      |                           ^~~~~~~~
./ppport.h:3827:20: note: expanded from macro 'STMT_END'
 3827 | #  define STMT_END      )
      |                         ^
LineBreak.xs:362:2: warning: '}' and ')' tokens terminating statement expression appear in different macro expansion contexts [-Wcompound-token-split-by-macro]
  362 |         XPUSHs(sv_2mortal(CtoPerl("Unicode::LineBreak", lbobj)));
      |         ^~~~~~~~~~~~~~~~~~~~~~~~~~~~~~~~~~~~~~~~~~~~~~~~~~~~~~~~
/usr/lib/perl5/5.44/core_perl/CORE/pp.h:558:56: note: expanded from macro 'XPUSHs'
  558 | #define XPUSHs(s)       STMT_START { EXTEND(sp,1); PUSHs(s); } STMT_END
      |                                                              ^
LineBreak.xs:362:2: note: ')' token is here
  362 |         XPUSHs(sv_2mortal(CtoPerl("Unicode::LineBreak", lbobj)));
      |         ^~~~~~~~~~~~~~~~~~~~~~~~~~~~~~~~~~~~~~~~~~~~~~~~~~~~~~~~
/usr/lib/perl5/5.44/core_perl/CORE/pp.h:558:58: note: expanded from macro 'XPUSHs'
  558 | #define XPUSHs(s)       STMT_START { EXTEND(sp,1); PUSHs(s); } STMT_END
      |                                                                ^~~~~~~~
./ppport.h:3827:20: note: expanded from macro 'STMT_END'
 3827 | #  define STMT_END      )
      |                         ^
LineBreak.xs:363:2: warning: '(' and '{' tokens introducing statement expression appear in different macro expansion contexts [-Wcompound-token-split-by-macro]
  363 |         XPUSHs(sv_2mortal(unistrtoSV(str, 0, str->len)));
      |         ^~~~~~~~~~~~~~~~~~~~~~~~~~~~~~~~~~~~~~~~~~~~~~~~
/usr/lib/perl5/5.44/core_perl/CORE/pp.h:558:19: note: expanded from macro 'XPUSHs'
  558 | #define XPUSHs(s)       STMT_START { EXTEND(sp,1); PUSHs(s); } STMT_END
      |                         ^~~~~~~~~~
./ppport.h:3826:28: note: expanded from macro 'STMT_START'
 3826 | #  define STMT_START    (void)( /* gcc supports ``({ STATEMENTS; })'' */
      |                               ^
LineBreak.xs:363:2: note: '{' token is here
  363 |         XPUSHs(sv_2mortal(unistrtoSV(str, 0, str->len)));
      |         ^~~~~~~~~~~~~~~~~~~~~~~~~~~~~~~~~~~~~~~~~~~~~~~~
/usr/lib/perl5/5.44/core_perl/CORE/pp.h:558:30: note: expanded from macro 'XPUSHs'
  558 | #define XPUSHs(s)       STMT_START { EXTEND(sp,1); PUSHs(s); } STMT_END
      |                                    ^
LineBreak.xs:363:2: warning: '(' and '{' tokens introducing statement expression appear in different macro expansion contexts [-Wcompound-token-split-by-macro]
  363 |         XPUSHs(sv_2mortal(unistrtoSV(str, 0, str->len)));
      |         ^~~~~~~~~~~~~~~~~~~~~~~~~~~~~~~~~~~~~~~~~~~~~~~~
/usr/lib/perl5/5.44/core_perl/CORE/pp.h:558:32: note: expanded from macro 'XPUSHs'
  558 | #define XPUSHs(s)       STMT_START { EXTEND(sp,1); PUSHs(s); } STMT_END
      |                                      ^~~~~~~~~~~~
/usr/lib/perl5/5.44/core_perl/CORE/pp.h:459:25: note: expanded from macro 'EXTEND'
  459 | #  define EXTEND(p,n)   STMT_START {                                    \
      |                         ^~~~~~~~~~
./ppport.h:3826:28: note: expanded from macro 'STMT_START'
 3826 | #  define STMT_START    (void)( /* gcc supports ``({ STATEMENTS; })'' */
      |                               ^
LineBreak.xs:363:2: note: '{' token is here
  363 |         XPUSHs(sv_2mortal(unistrtoSV(str, 0, str->len)));
      |         ^~~~~~~~~~~~~~~~~~~~~~~~~~~~~~~~~~~~~~~~~~~~~~~~
/usr/lib/perl5/5.44/core_perl/CORE/pp.h:558:32: note: expanded from macro 'XPUSHs'
  558 | #define XPUSHs(s)       STMT_START { EXTEND(sp,1); PUSHs(s); } STMT_END
      |                                      ^~~~~~~~~~~~
/usr/lib/perl5/5.44/core_perl/CORE/pp.h:459:36: note: expanded from macro 'EXTEND'
  459 | #  define EXTEND(p,n)   STMT_START {                                    \
      |                                    ^
LineBreak.xs:363:2: warning: '}' and ')' tokens terminating statement expression appear in different macro expansion contexts [-Wcompound-token-split-by-macro]
  363 |         XPUSHs(sv_2mortal(unistrtoSV(str, 0, str->len)));
      |         ^~~~~~~~~~~~~~~~~~~~~~~~~~~~~~~~~~~~~~~~~~~~~~~~
/usr/lib/perl5/5.44/core_perl/CORE/pp.h:558:32: note: expanded from macro 'XPUSHs'
  558 | #define XPUSHs(s)       STMT_START { EXTEND(sp,1); PUSHs(s); } STMT_END
      |                                      ^~~~~~~~~~~~
/usr/lib/perl5/5.44/core_perl/CORE/pp.h:465:25: note: expanded from macro 'EXTEND'
  465 |                         } STMT_END
      |                         ^
LineBreak.xs:363:2: note: ')' token is here
  363 |         XPUSHs(sv_2mortal(unistrtoSV(str, 0, str->len)));
      |         ^~~~~~~~~~~~~~~~~~~~~~~~~~~~~~~~~~~~~~~~~~~~~~~~
/usr/lib/perl5/5.44/core_perl/CORE/pp.h:558:32: note: expanded from macro 'XPUSHs'
  558 | #define XPUSHs(s)       STMT_START { EXTEND(sp,1); PUSHs(s); } STMT_END
      |                                      ^~~~~~~~~~~~
/usr/lib/perl5/5.44/core_perl/CORE/pp.h:465:27: note: expanded from macro 'EXTEND'
  465 |                         } STMT_END
      |                           ^~~~~~~~
./ppport.h:3827:20: note: expanded from macro 'STMT_END'
 3827 | #  define STMT_END      )
      |                         ^
LineBreak.xs:363:2: warning: '}' and ')' tokens terminating statement expression appear in different macro expansion contexts [-Wcompound-token-split-by-macro]
  363 |         XPUSHs(sv_2mortal(unistrtoSV(str, 0, str->len)));
      |         ^~~~~~~~~~~~~~~~~~~~~~~~~~~~~~~~~~~~~~~~~~~~~~~~
/usr/lib/perl5/5.44/core_perl/CORE/pp.h:558:56: note: expanded from macro 'XPUSHs'
  558 | #define XPUSHs(s)       STMT_START { EXTEND(sp,1); PUSHs(s); } STMT_END
      |                                                              ^
LineBreak.xs:363:2: note: ')' token is here
  363 |         XPUSHs(sv_2mortal(unistrtoSV(str, 0, str->len)));
      |         ^~~~~~~~~~~~~~~~~~~~~~~~~~~~~~~~~~~~~~~~~~~~~~~~
/usr/lib/perl5/5.44/core_perl/CORE/pp.h:558:58: note: expanded from macro 'XPUSHs'
  558 | #define XPUSHs(s)       STMT_START { EXTEND(sp,1); PUSHs(s); } STMT_END
      |                                                                ^~~~~~~~
./ppport.h:3827:20: note: expanded from macro 'STMT_END'
 3827 | #  define STMT_END      )
      |                         ^
LineBreak.xs:429:5: warning: '(' and '{' tokens introducing statement expression appear in different macro expansion contexts [-Wcompound-token-split-by-macro]
  429 |     PUSHMARK(SP);
      |     ^~~~~~~~~~~~
/usr/lib/perl5/5.44/core_perl/CORE/pp.h:120:5: note: expanded from macro 'PUSHMARK'
  120 |     STMT_START {                                                      \
      |     ^~~~~~~~~~
./ppport.h:3826:28: note: expanded from macro 'STMT_START'
 3826 | #  define STMT_START    (void)( /* gcc supports ``({ STATEMENTS; })'' */
      |                               ^
LineBreak.xs:429:5: note: '{' token is here
  429 |     PUSHMARK(SP);
      |     ^~~~~~~~~~~~
/usr/lib/perl5/5.44/core_perl/CORE/pp.h:120:16: note: expanded from macro 'PUSHMARK'
  120 |     STMT_START {                                                      \
      |                ^
LineBreak.xs:429:5: warning: '}' and ')' tokens terminating statement expression appear in different macro expansion contexts [-Wcompound-token-split-by-macro]
  429 |     PUSHMARK(SP);
      |     ^~~~~~~~~~~~
/usr/lib/perl5/5.44/core_perl/CORE/pp.h:129:5: note: expanded from macro 'PUSHMARK'
  129 |     } STMT_END
      |     ^
LineBreak.xs:429:5: note: ')' token is here
  429 |     PUSHMARK(SP);
      |     ^~~~~~~~~~~~
/usr/lib/perl5/5.44/core_perl/CORE/pp.h:129:7: note: expanded from macro 'PUSHMARK'
  129 |     } STMT_END
      |       ^~~~~~~~
./ppport.h:3827:20: note: expanded from macro 'STMT_END'
 3827 | #  define STMT_END      )
      |                         ^
LineBreak.xs:431:5: warning: '(' and '{' tokens introducing statement expression appear in different macro expansion contexts [-Wcompound-token-split-by-macro]
  431 |     XPUSHs(sv_2mortal(CtoPerl("Unicode::LineBreak", lbobj)));
      |     ^~~~~~~~~~~~~~~~~~~~~~~~~~~~~~~~~~~~~~~~~~~~~~~~~~~~~~~~
/usr/lib/perl5/5.44/core_perl/CORE/pp.h:558:19: note: expanded from macro 'XPUSHs'
  558 | #define XPUSHs(s)       STMT_START { EXTEND(sp,1); PUSHs(s); } STMT_END
      |                         ^~~~~~~~~~
./ppport.h:3826:28: note: expanded from macro 'STMT_START'
 3826 | #  define STMT_START    (void)( /* gcc supports ``({ STATEMENTS; })'' */
      |                               ^
LineBreak.xs:431:5: note: '{' token is here
  431 |     XPUSHs(sv_2mortal(CtoPerl("Unicode::LineBreak", lbobj)));
      |     ^~~~~~~~~~~~~~~~~~~~~~~~~~~~~~~~~~~~~~~~~~~~~~~~~~~~~~~~
/usr/lib/perl5/5.44/core_perl/CORE/pp.h:558:30: note: expanded from macro 'XPUSHs'
  558 | #define XPUSHs(s)       STMT_START { EXTEND(sp,1); PUSHs(s); } STMT_END
      |                                    ^
LineBreak.xs:431:5: warning: '(' and '{' tokens introducing statement expression appear in different macro expansion contexts [-Wcompound-token-split-by-macro]
  431 |     XPUSHs(sv_2mortal(CtoPerl("Unicode::LineBreak", lbobj)));
      |     ^~~~~~~~~~~~~~~~~~~~~~~~~~~~~~~~~~~~~~~~~~~~~~~~~~~~~~~~
/usr/lib/perl5/5.44/core_perl/CORE/pp.h:558:32: note: expanded from macro 'XPUSHs'
  558 | #define XPUSHs(s)       STMT_START { EXTEND(sp,1); PUSHs(s); } STMT_END
      |                                      ^~~~~~~~~~~~
/usr/lib/perl5/5.44/core_perl/CORE/pp.h:459:25: note: expanded from macro 'EXTEND'
  459 | #  define EXTEND(p,n)   STMT_START {                                    \
      |                         ^~~~~~~~~~
./ppport.h:3826:28: note: expanded from macro 'STMT_START'
 3826 | #  define STMT_START    (void)( /* gcc supports ``({ STATEMENTS; })'' */
      |                               ^
LineBreak.xs:431:5: note: '{' token is here
  431 |     XPUSHs(sv_2mortal(CtoPerl("Unicode::LineBreak", lbobj)));
      |     ^~~~~~~~~~~~~~~~~~~~~~~~~~~~~~~~~~~~~~~~~~~~~~~~~~~~~~~~
/usr/lib/perl5/5.44/core_perl/CORE/pp.h:558:32: note: expanded from macro 'XPUSHs'
  558 | #define XPUSHs(s)       STMT_START { EXTEND(sp,1); PUSHs(s); } STMT_END
      |                                      ^~~~~~~~~~~~
/usr/lib/perl5/5.44/core_perl/CORE/pp.h:459:36: note: expanded from macro 'EXTEND'
  459 | #  define EXTEND(p,n)   STMT_START {                                    \
      |                                    ^
LineBreak.xs:431:5: warning: '}' and ')' tokens terminating statement expression appear in different macro expansion contexts [-Wcompound-token-split-by-macro]
  431 |     XPUSHs(sv_2mortal(CtoPerl("Unicode::LineBreak", lbobj)));
      |     ^~~~~~~~~~~~~~~~~~~~~~~~~~~~~~~~~~~~~~~~~~~~~~~~~~~~~~~~
/usr/lib/perl5/5.44/core_perl/CORE/pp.h:558:32: note: expanded from macro 'XPUSHs'
  558 | #define XPUSHs(s)       STMT_START { EXTEND(sp,1); PUSHs(s); } STMT_END
      |                                      ^~~~~~~~~~~~
/usr/lib/perl5/5.44/core_perl/CORE/pp.h:465:25: note: expanded from macro 'EXTEND'
  465 |                         } STMT_END
      |                         ^
LineBreak.xs:431:5: note: ')' token is here
  431 |     XPUSHs(sv_2mortal(CtoPerl("Unicode::LineBreak", lbobj)));
      |     ^~~~~~~~~~~~~~~~~~~~~~~~~~~~~~~~~~~~~~~~~~~~~~~~~~~~~~~~
/usr/lib/perl5/5.44/core_perl/CORE/pp.h:558:32: note: expanded from macro 'XPUSHs'
  558 | #define XPUSHs(s)       STMT_START { EXTEND(sp,1); PUSHs(s); } STMT_END
      |                                      ^~~~~~~~~~~~
/usr/lib/perl5/5.44/core_perl/CORE/pp.h:465:27: note: expanded from macro 'EXTEND'
  465 |                         } STMT_END
      |                           ^~~~~~~~
./ppport.h:3827:20: note: expanded from macro 'STMT_END'
 3827 | #  define STMT_END      )
      |                         ^
LineBreak.xs:431:5: warning: '}' and ')' tokens terminating statement expression appear in different macro expansion contexts [-Wcompound-token-split-by-macro]
  431 |     XPUSHs(sv_2mortal(CtoPerl("Unicode::LineBreak", lbobj)));
      |     ^~~~~~~~~~~~~~~~~~~~~~~~~~~~~~~~~~~~~~~~~~~~~~~~~~~~~~~~
/usr/lib/perl5/5.44/core_perl/CORE/pp.h:558:56: note: expanded from macro 'XPUSHs'
  558 | #define XPUSHs(s)       STMT_START { EXTEND(sp,1); PUSHs(s); } STMT_END
      |                                                              ^
LineBreak.xs:431:5: note: ')' token is here
  431 |     XPUSHs(sv_2mortal(CtoPerl("Unicode::LineBreak", lbobj)));
      |     ^~~~~~~~~~~~~~~~~~~~~~~~~~~~~~~~~~~~~~~~~~~~~~~~~~~~~~~~
/usr/lib/perl5/5.44/core_perl/CORE/pp.h:558:58: note: expanded from macro 'XPUSHs'
  558 | #define XPUSHs(s)       STMT_START { EXTEND(sp,1); PUSHs(s); } STMT_END
      |                                                                ^~~~~~~~
./ppport.h:3827:20: note: expanded from macro 'STMT_END'
 3827 | #  define STMT_END      )
      |                         ^
LineBreak.xs:432:5: warning: '(' and '{' tokens introducing statement expression appear in different macro expansion contexts [-Wcompound-token-split-by-macro]
  432 |     XPUSHs(sv_2mortal(newSVpv(actionstr, 0)));
      |     ^~~~~~~~~~~~~~~~~~~~~~~~~~~~~~~~~~~~~~~~~
/usr/lib/perl5/5.44/core_perl/CORE/pp.h:558:19: note: expanded from macro 'XPUSHs'
  558 | #define XPUSHs(s)       STMT_START { EXTEND(sp,1); PUSHs(s); } STMT_END
      |                         ^~~~~~~~~~
./ppport.h:3826:28: note: expanded from macro 'STMT_START'
 3826 | #  define STMT_START    (void)( /* gcc supports ``({ STATEMENTS; })'' */
      |                               ^
LineBreak.xs:432:5: note: '{' token is here
  432 |     XPUSHs(sv_2mortal(newSVpv(actionstr, 0)));
      |     ^~~~~~~~~~~~~~~~~~~~~~~~~~~~~~~~~~~~~~~~~
/usr/lib/perl5/5.44/core_perl/CORE/pp.h:558:30: note: expanded from macro 'XPUSHs'
  558 | #define XPUSHs(s)       STMT_START { EXTEND(sp,1); PUSHs(s); } STMT_END
      |                                    ^
LineBreak.xs:432:5: warning: '(' and '{' tokens introducing statement expression appear in different macro expansion contexts [-Wcompound-token-split-by-macro]
  432 |     XPUSHs(sv_2mortal(newSVpv(actionstr, 0)));
      |     ^~~~~~~~~~~~~~~~~~~~~~~~~~~~~~~~~~~~~~~~~
/usr/lib/perl5/5.44/core_perl/CORE/pp.h:558:32: note: expanded from macro 'XPUSHs'
  558 | #define XPUSHs(s)       STMT_START { EXTEND(sp,1); PUSHs(s); } STMT_END
      |                                      ^~~~~~~~~~~~
/usr/lib/perl5/5.44/core_perl/CORE/pp.h:459:25: note: expanded from macro 'EXTEND'
  459 | #  define EXTEND(p,n)   STMT_START {                                    \
      |                         ^~~~~~~~~~
./ppport.h:3826:28: note: expanded from macro 'STMT_START'
 3826 | #  define STMT_START    (void)( /* gcc supports ``({ STATEMENTS; })'' */
      |                               ^
LineBreak.xs:432:5: note: '{' token is here
  432 |     XPUSHs(sv_2mortal(newSVpv(actionstr, 0)));
      |     ^~~~~~~~~~~~~~~~~~~~~~~~~~~~~~~~~~~~~~~~~
/usr/lib/perl5/5.44/core_perl/CORE/pp.h:558:32: note: expanded from macro 'XPUSHs'
  558 | #define XPUSHs(s)       STMT_START { EXTEND(sp,1); PUSHs(s); } STMT_END
      |                                      ^~~~~~~~~~~~
/usr/lib/perl5/5.44/core_perl/CORE/pp.h:459:36: note: expanded from macro 'EXTEND'
  459 | #  define EXTEND(p,n)   STMT_START {                                    \
      |                                    ^
LineBreak.xs:432:5: warning: '}' and ')' tokens terminating statement expression appear in different macro expansion contexts [-Wcompound-token-split-by-macro]
  432 |     XPUSHs(sv_2mortal(newSVpv(actionstr, 0)));
      |     ^~~~~~~~~~~~~~~~~~~~~~~~~~~~~~~~~~~~~~~~~
/usr/lib/perl5/5.44/core_perl/CORE/pp.h:558:32: note: expanded from macro 'XPUSHs'
  558 | #define XPUSHs(s)       STMT_START { EXTEND(sp,1); PUSHs(s); } STMT_END
      |                                      ^~~~~~~~~~~~
/usr/lib/perl5/5.44/core_perl/CORE/pp.h:465:25: note: expanded from macro 'EXTEND'
  465 |                         } STMT_END
      |                         ^
LineBreak.xs:432:5: note: ')' token is here
  432 |     XPUSHs(sv_2mortal(newSVpv(actionstr, 0)));
      |     ^~~~~~~~~~~~~~~~~~~~~~~~~~~~~~~~~~~~~~~~~
/usr/lib/perl5/5.44/core_perl/CORE/pp.h:558:32: note: expanded from macro 'XPUSHs'
  558 | #define XPUSHs(s)       STMT_START { EXTEND(sp,1); PUSHs(s); } STMT_END
      |                                      ^~~~~~~~~~~~
/usr/lib/perl5/5.44/core_perl/CORE/pp.h:465:27: note: expanded from macro 'EXTEND'
  465 |                         } STMT_END
      |                           ^~~~~~~~
./ppport.h:3827:20: note: expanded from macro 'STMT_END'
 3827 | #  define STMT_END      )
      |                         ^
LineBreak.xs:432:5: warning: '}' and ')' tokens terminating statement expression appear in different macro expansion contexts [-Wcompound-token-split-by-macro]
  432 |     XPUSHs(sv_2mortal(newSVpv(actionstr, 0)));
      |     ^~~~~~~~~~~~~~~~~~~~~~~~~~~~~~~~~~~~~~~~~
/usr/lib/perl5/5.44/core_perl/CORE/pp.h:558:56: note: expanded from macro 'XPUSHs'
  558 | #define XPUSHs(s)       STMT_START { EXTEND(sp,1); PUSHs(s); } STMT_END
      |                                                              ^
LineBreak.xs:432:5: note: ')' token is here
  432 |     XPUSHs(sv_2mortal(newSVpv(actionstr, 0)));
      |     ^~~~~~~~~~~~~~~~~~~~~~~~~~~~~~~~~~~~~~~~~
/usr/lib/perl5/5.44/core_perl/CORE/pp.h:558:58: note: expanded from macro 'XPUSHs'
  558 | #define XPUSHs(s)       STMT_START { EXTEND(sp,1); PUSHs(s); } STMT_END
      |                                                                ^~~~~~~~
./ppport.h:3827:20: note: expanded from macro 'STMT_END'
 3827 | #  define STMT_END      )
      |                         ^
LineBreak.xs:433:5: warning: '(' and '{' tokens introducing statement expression appear in different macro expansion contexts [-Wcompound-token-split-by-macro]
  433 |     XPUSHs(sv_2mortal(CtoPerl("Unicode::GCString", gcstring_copy(str))));
      |     ^~~~~~~~~~~~~~~~~~~~~~~~~~~~~~~~~~~~~~~~~~~~~~~~~~~~~~~~~~~~~~~~~~~~
/usr/lib/perl5/5.44/core_perl/CORE/pp.h:558:19: note: expanded from macro 'XPUSHs'
  558 | #define XPUSHs(s)       STMT_START { EXTEND(sp,1); PUSHs(s); } STMT_END
      |                         ^~~~~~~~~~
./ppport.h:3826:28: note: expanded from macro 'STMT_START'
 3826 | #  define STMT_START    (void)( /* gcc supports ``({ STATEMENTS; })'' */
      |                               ^
LineBreak.xs:433:5: note: '{' token is here
  433 |     XPUSHs(sv_2mortal(CtoPerl("Unicode::GCString", gcstring_copy(str))));
      |     ^~~~~~~~~~~~~~~~~~~~~~~~~~~~~~~~~~~~~~~~~~~~~~~~~~~~~~~~~~~~~~~~~~~~
/usr/lib/perl5/5.44/core_perl/CORE/pp.h:558:30: note: expanded from macro 'XPUSHs'
  558 | #define XPUSHs(s)       STMT_START { EXTEND(sp,1); PUSHs(s); } STMT_END
      |                                    ^
LineBreak.xs:433:5: warning: '(' and '{' tokens introducing statement expression appear in different macro expansion contexts [-Wcompound-token-split-by-macro]
  433 |     XPUSHs(sv_2mortal(CtoPerl("Unicode::GCString", gcstring_copy(str))));
      |     ^~~~~~~~~~~~~~~~~~~~~~~~~~~~~~~~~~~~~~~~~~~~~~~~~~~~~~~~~~~~~~~~~~~~
/usr/lib/perl5/5.44/core_perl/CORE/pp.h:558:32: note: expanded from macro 'XPUSHs'
  558 | #define XPUSHs(s)       STMT_START { EXTEND(sp,1); PUSHs(s); } STMT_END
      |                                      ^~~~~~~~~~~~
/usr/lib/perl5/5.44/core_perl/CORE/pp.h:459:25: note: expanded from macro 'EXTEND'
  459 | #  define EXTEND(p,n)   STMT_START {                                    \
      |                         ^~~~~~~~~~
./ppport.h:3826:28: note: expanded from macro 'STMT_START'
 3826 | #  define STMT_START    (void)( /* gcc supports ``({ STATEMENTS; })'' */
      |                               ^
LineBreak.xs:433:5: note: '{' token is here
  433 |     XPUSHs(sv_2mortal(CtoPerl("Unicode::GCString", gcstring_copy(str))));
      |     ^~~~~~~~~~~~~~~~~~~~~~~~~~~~~~~~~~~~~~~~~~~~~~~~~~~~~~~~~~~~~~~~~~~~
/usr/lib/perl5/5.44/core_perl/CORE/pp.h:558:32: note: expanded from macro 'XPUSHs'
  558 | #define XPUSHs(s)       STMT_START { EXTEND(sp,1); PUSHs(s); } STMT_END
      |                                      ^~~~~~~~~~~~
/usr/lib/perl5/5.44/core_perl/CORE/pp.h:459:36: note: expanded from macro 'EXTEND'
  459 | #  define EXTEND(p,n)   STMT_START {                                    \
      |                                    ^
LineBreak.xs:433:5: warning: '}' and ')' tokens terminating statement expression appear in different macro expansion contexts [-Wcompound-token-split-by-macro]
  433 |     XPUSHs(sv_2mortal(CtoPerl("Unicode::GCString", gcstring_copy(str))));
      |     ^~~~~~~~~~~~~~~~~~~~~~~~~~~~~~~~~~~~~~~~~~~~~~~~~~~~~~~~~~~~~~~~~~~~
/usr/lib/perl5/5.44/core_perl/CORE/pp.h:558:32: note: expanded from macro 'XPUSHs'
  558 | #define XPUSHs(s)       STMT_START { EXTEND(sp,1); PUSHs(s); } STMT_END
      |                                      ^~~~~~~~~~~~
/usr/lib/perl5/5.44/core_perl/CORE/pp.h:465:25: note: expanded from macro 'EXTEND'
  465 |                         } STMT_END
      |                         ^
LineBreak.xs:433:5: note: ')' token is here
  433 |     XPUSHs(sv_2mortal(CtoPerl("Unicode::GCString", gcstring_copy(str))));
      |     ^~~~~~~~~~~~~~~~~~~~~~~~~~~~~~~~~~~~~~~~~~~~~~~~~~~~~~~~~~~~~~~~~~~~
/usr/lib/perl5/5.44/core_perl/CORE/pp.h:558:32: note: expanded from macro 'XPUSHs'
  558 | #define XPUSHs(s)       STMT_START { EXTEND(sp,1); PUSHs(s); } STMT_END
      |                                      ^~~~~~~~~~~~
/usr/lib/perl5/5.44/core_perl/CORE/pp.h:465:27: note: expanded from macro 'EXTEND'
  465 |                         } STMT_END
      |                           ^~~~~~~~
./ppport.h:3827:20: note: expanded from macro 'STMT_END'
 3827 | #  define STMT_END      )
      |                         ^
LineBreak.xs:433:5: warning: '}' and ')' tokens terminating statement expression appear in different macro expansion contexts [-Wcompound-token-split-by-macro]
  433 |     XPUSHs(sv_2mortal(CtoPerl("Unicode::GCString", gcstring_copy(str))));
      |     ^~~~~~~~~~~~~~~~~~~~~~~~~~~~~~~~~~~~~~~~~~~~~~~~~~~~~~~~~~~~~~~~~~~~
/usr/lib/perl5/5.44/core_perl/CORE/pp.h:558:56: note: expanded from macro 'XPUSHs'
  558 | #define XPUSHs(s)       STMT_START { EXTEND(sp,1); PUSHs(s); } STMT_END
      |                                                              ^
LineBreak.xs:433:5: note: ')' token is here
  433 |     XPUSHs(sv_2mortal(CtoPerl("Unicode::GCString", gcstring_copy(str))));
      |     ^~~~~~~~~~~~~~~~~~~~~~~~~~~~~~~~~~~~~~~~~~~~~~~~~~~~~~~~~~~~~~~~~~~~
/usr/lib/perl5/5.44/core_perl/CORE/pp.h:558:58: note: expanded from macro 'XPUSHs'
  558 | #define XPUSHs(s)       STMT_START { EXTEND(sp,1); PUSHs(s); } STMT_END
      |                                                                ^~~~~~~~
./ppport.h:3827:20: note: expanded from macro 'STMT_END'
 3827 | #  define STMT_END      )
      |                         ^
LineBreak.xs:474:5: warning: '(' and '{' tokens introducing statement expression appear in different macro expansion contexts [-Wcompound-token-split-by-macro]
  474 |     PUSHMARK(SP);
      |     ^~~~~~~~~~~~
/usr/lib/perl5/5.44/core_perl/CORE/pp.h:120:5: note: expanded from macro 'PUSHMARK'
  120 |     STMT_START {                                                      \
      |     ^~~~~~~~~~
./ppport.h:3826:28: note: expanded from macro 'STMT_START'
 3826 | #  define STMT_START    (void)( /* gcc supports ``({ STATEMENTS; })'' */
      |                               ^
LineBreak.xs:474:5: note: '{' token is here
  474 |     PUSHMARK(SP);
      |     ^~~~~~~~~~~~
/usr/lib/perl5/5.44/core_perl/CORE/pp.h:120:16: note: expanded from macro 'PUSHMARK'
  120 |     STMT_START {                                                      \
      |                ^
LineBreak.xs:474:5: warning: '}' and ')' tokens terminating statement expression appear in different macro expansion contexts [-Wcompound-token-split-by-macro]
  474 |     PUSHMARK(SP);
      |     ^~~~~~~~~~~~
/usr/lib/perl5/5.44/core_perl/CORE/pp.h:129:5: note: expanded from macro 'PUSHMARK'
  129 |     } STMT_END
      |     ^
LineBreak.xs:474:5: note: ')' token is here
  474 |     PUSHMARK(SP);
      |     ^~~~~~~~~~~~
/usr/lib/perl5/5.44/core_perl/CORE/pp.h:129:7: note: expanded from macro 'PUSHMARK'
  129 |     } STMT_END
      |       ^~~~~~~~
./ppport.h:3827:20: note: expanded from macro 'STMT_END'
 3827 | #  define STMT_END      )
      |                         ^
LineBreak.xs:476:5: warning: '(' and '{' tokens introducing statement expression appear in different macro expansion contexts [-Wcompound-token-split-by-macro]
  476 |     XPUSHs(sv_2mortal(CtoPerl("Unicode::LineBreak", lbobj)));
      |     ^~~~~~~~~~~~~~~~~~~~~~~~~~~~~~~~~~~~~~~~~~~~~~~~~~~~~~~~
/usr/lib/perl5/5.44/core_perl/CORE/pp.h:558:19: note: expanded from macro 'XPUSHs'
  558 | #define XPUSHs(s)       STMT_START { EXTEND(sp,1); PUSHs(s); } STMT_END
      |                         ^~~~~~~~~~
./ppport.h:3826:28: note: expanded from macro 'STMT_START'
 3826 | #  define STMT_START    (void)( /* gcc supports ``({ STATEMENTS; })'' */
      |                               ^
LineBreak.xs:476:5: note: '{' token is here
  476 |     XPUSHs(sv_2mortal(CtoPerl("Unicode::LineBreak", lbobj)));
      |     ^~~~~~~~~~~~~~~~~~~~~~~~~~~~~~~~~~~~~~~~~~~~~~~~~~~~~~~~
/usr/lib/perl5/5.44/core_perl/CORE/pp.h:558:30: note: expanded from macro 'XPUSHs'
  558 | #define XPUSHs(s)       STMT_START { EXTEND(sp,1); PUSHs(s); } STMT_END
      |                                    ^
LineBreak.xs:476:5: warning: '(' and '{' tokens introducing statement expression appear in different macro expansion contexts [-Wcompound-token-split-by-macro]
  476 |     XPUSHs(sv_2mortal(CtoPerl("Unicode::LineBreak", lbobj)));
      |     ^~~~~~~~~~~~~~~~~~~~~~~~~~~~~~~~~~~~~~~~~~~~~~~~~~~~~~~~
/usr/lib/perl5/5.44/core_perl/CORE/pp.h:558:32: note: expanded from macro 'XPUSHs'
  558 | #define XPUSHs(s)       STMT_START { EXTEND(sp,1); PUSHs(s); } STMT_END
      |                                      ^~~~~~~~~~~~
/usr/lib/perl5/5.44/core_perl/CORE/pp.h:459:25: note: expanded from macro 'EXTEND'
  459 | #  define EXTEND(p,n)   STMT_START {                                    \
      |                         ^~~~~~~~~~
./ppport.h:3826:28: note: expanded from macro 'STMT_START'
 3826 | #  define STMT_START    (void)( /* gcc supports ``({ STATEMENTS; })'' */
      |                               ^
LineBreak.xs:476:5: note: '{' token is here
  476 |     XPUSHs(sv_2mortal(CtoPerl("Unicode::LineBreak", lbobj)));
      |     ^~~~~~~~~~~~~~~~~~~~~~~~~~~~~~~~~~~~~~~~~~~~~~~~~~~~~~~~
/usr/lib/perl5/5.44/core_perl/CORE/pp.h:558:32: note: expanded from macro 'XPUSHs'
  558 | #define XPUSHs(s)       STMT_START { EXTEND(sp,1); PUSHs(s); } STMT_END
      |                                      ^~~~~~~~~~~~
/usr/lib/perl5/5.44/core_perl/CORE/pp.h:459:36: note: expanded from macro 'EXTEND'
  459 | #  define EXTEND(p,n)   STMT_START {                                    \
      |                                    ^
LineBreak.xs:476:5: warning: '}' and ')' tokens terminating statement expression appear in different macro expansion contexts [-Wcompound-token-split-by-macro]
  476 |     XPUSHs(sv_2mortal(CtoPerl("Unicode::LineBreak", lbobj)));
      |     ^~~~~~~~~~~~~~~~~~~~~~~~~~~~~~~~~~~~~~~~~~~~~~~~~~~~~~~~
/usr/lib/perl5/5.44/core_perl/CORE/pp.h:558:32: note: expanded from macro 'XPUSHs'
  558 | #define XPUSHs(s)       STMT_START { EXTEND(sp,1); PUSHs(s); } STMT_END
      |                                      ^~~~~~~~~~~~
/usr/lib/perl5/5.44/core_perl/CORE/pp.h:465:25: note: expanded from macro 'EXTEND'
  465 |                         } STMT_END
      |                         ^
LineBreak.xs:476:5: note: ')' token is here
  476 |     XPUSHs(sv_2mortal(CtoPerl("Unicode::LineBreak", lbobj)));
      |     ^~~~~~~~~~~~~~~~~~~~~~~~~~~~~~~~~~~~~~~~~~~~~~~~~~~~~~~~
/usr/lib/perl5/5.44/core_perl/CORE/pp.h:558:32: note: expanded from macro 'XPUSHs'
  558 | #define XPUSHs(s)       STMT_START { EXTEND(sp,1); PUSHs(s); } STMT_END
      |                                      ^~~~~~~~~~~~
/usr/lib/perl5/5.44/core_perl/CORE/pp.h:465:27: note: expanded from macro 'EXTEND'
  465 |                         } STMT_END
      |                           ^~~~~~~~
./ppport.h:3827:20: note: expanded from macro 'STMT_END'
 3827 | #  define STMT_END      )
      |                         ^
LineBreak.xs:476:5: warning: '}' and ')' tokens terminating statement expression appear in different macro expansion contexts [-Wcompound-token-split-by-macro]
  476 |     XPUSHs(sv_2mortal(CtoPerl("Unicode::LineBreak", lbobj)));
      |     ^~~~~~~~~~~~~~~~~~~~~~~~~~~~~~~~~~~~~~~~~~~~~~~~~~~~~~~~
/usr/lib/perl5/5.44/core_perl/CORE/pp.h:558:56: note: expanded from macro 'XPUSHs'
  558 | #define XPUSHs(s)       STMT_START { EXTEND(sp,1); PUSHs(s); } STMT_END
      |                                                              ^
LineBreak.xs:476:5: note: ')' token is here
  476 |     XPUSHs(sv_2mortal(CtoPerl("Unicode::LineBreak", lbobj)));
      |     ^~~~~~~~~~~~~~~~~~~~~~~~~~~~~~~~~~~~~~~~~~~~~~~~~~~~~~~~
/usr/lib/perl5/5.44/core_perl/CORE/pp.h:558:58: note: expanded from macro 'XPUSHs'
  558 | #define XPUSHs(s)       STMT_START { EXTEND(sp,1); PUSHs(s); } STMT_END
      |                                                                ^~~~~~~~
./ppport.h:3827:20: note: expanded from macro 'STMT_END'
 3827 | #  define STMT_END      )
      |                         ^
LineBreak.xs:477:5: warning: '(' and '{' tokens introducing statement expression appear in different macro expansion contexts [-Wcompound-token-split-by-macro]
  477 |     XPUSHs(sv_2mortal(newSVnv(len))); 
      |     ^~~~~~~~~~~~~~~~~~~~~~~~~~~~~~~~
/usr/lib/perl5/5.44/core_perl/CORE/pp.h:558:19: note: expanded from macro 'XPUSHs'
  558 | #define XPUSHs(s)       STMT_START { EXTEND(sp,1); PUSHs(s); } STMT_END
      |                         ^~~~~~~~~~
./ppport.h:3826:28: note: expanded from macro 'STMT_START'
 3826 | #  define STMT_START    (void)( /* gcc supports ``({ STATEMENTS; })'' */
      |                               ^
LineBreak.xs:477:5: note: '{' token is here
  477 |     XPUSHs(sv_2mortal(newSVnv(len))); 
      |     ^~~~~~~~~~~~~~~~~~~~~~~~~~~~~~~~
/usr/lib/perl5/5.44/core_perl/CORE/pp.h:558:30: note: expanded from macro 'XPUSHs'
  558 | #define XPUSHs(s)       STMT_START { EXTEND(sp,1); PUSHs(s); } STMT_END
      |                                    ^
LineBreak.xs:477:5: warning: '(' and '{' tokens introducing statement expression appear in different macro expansion contexts [-Wcompound-token-split-by-macro]
  477 |     XPUSHs(sv_2mortal(newSVnv(len))); 
      |     ^~~~~~~~~~~~~~~~~~~~~~~~~~~~~~~~
/usr/lib/perl5/5.44/core_perl/CORE/pp.h:558:32: note: expanded from macro 'XPUSHs'
  558 | #define XPUSHs(s)       STMT_START { EXTEND(sp,1); PUSHs(s); } STMT_END
      |                                      ^~~~~~~~~~~~
/usr/lib/perl5/5.44/core_perl/CORE/pp.h:459:25: note: expanded from macro 'EXTEND'
  459 | #  define EXTEND(p,n)   STMT_START {                                    \
      |                         ^~~~~~~~~~
./ppport.h:3826:28: note: expanded from macro 'STMT_START'
 3826 | #  define STMT_START    (void)( /* gcc supports ``({ STATEMENTS; })'' */
      |                               ^
LineBreak.xs:477:5: note: '{' token is here
  477 |     XPUSHs(sv_2mortal(newSVnv(len))); 
      |     ^~~~~~~~~~~~~~~~~~~~~~~~~~~~~~~~
/usr/lib/perl5/5.44/core_perl/CORE/pp.h:558:32: note: expanded from macro 'XPUSHs'
  558 | #define XPUSHs(s)       STMT_START { EXTEND(sp,1); PUSHs(s); } STMT_END
      |                                      ^~~~~~~~~~~~
/usr/lib/perl5/5.44/core_perl/CORE/pp.h:459:36: note: expanded from macro 'EXTEND'
  459 | #  define EXTEND(p,n)   STMT_START {                                    \
      |                                    ^
LineBreak.xs:477:5: warning: '}' and ')' tokens terminating statement expression appear in different macro expansion contexts [-Wcompound-token-split-by-macro]
  477 |     XPUSHs(sv_2mortal(newSVnv(len))); 
      |     ^~~~~~~~~~~~~~~~~~~~~~~~~~~~~~~~
/usr/lib/perl5/5.44/core_perl/CORE/pp.h:558:32: note: expanded from macro 'XPUSHs'
  558 | #define XPUSHs(s)       STMT_START { EXTEND(sp,1); PUSHs(s); } STMT_END
      |                                      ^~~~~~~~~~~~
/usr/lib/perl5/5.44/core_perl/CORE/pp.h:465:25: note: expanded from macro 'EXTEND'
  465 |                         } STMT_END
      |                         ^
LineBreak.xs:477:5: note: ')' token is here
  477 |     XPUSHs(sv_2mortal(newSVnv(len))); 
      |     ^~~~~~~~~~~~~~~~~~~~~~~~~~~~~~~~
/usr/lib/perl5/5.44/core_perl/CORE/pp.h:558:32: note: expanded from macro 'XPUSHs'
  558 | #define XPUSHs(s)       STMT_START { EXTEND(sp,1); PUSHs(s); } STMT_END
      |                                      ^~~~~~~~~~~~
/usr/lib/perl5/5.44/core_perl/CORE/pp.h:465:27: note: expanded from macro 'EXTEND'
  465 |                         } STMT_END
      |                           ^~~~~~~~
./ppport.h:3827:20: note: expanded from macro 'STMT_END'
 3827 | #  define STMT_END      )
      |                         ^
LineBreak.xs:477:5: warning: '}' and ')' tokens terminating statement expression appear in different macro expansion contexts [-Wcompound-token-split-by-macro]
  477 |     XPUSHs(sv_2mortal(newSVnv(len))); 
      |     ^~~~~~~~~~~~~~~~~~~~~~~~~~~~~~~~
/usr/lib/perl5/5.44/core_perl/CORE/pp.h:558:56: note: expanded from macro 'XPUSHs'
  558 | #define XPUSHs(s)       STMT_START { EXTEND(sp,1); PUSHs(s); } STMT_END
      |                                                              ^
LineBreak.xs:477:5: note: ')' token is here
  477 |     XPUSHs(sv_2mortal(newSVnv(len))); 
      |     ^~~~~~~~~~~~~~~~~~~~~~~~~~~~~~~~
/usr/lib/perl5/5.44/core_perl/CORE/pp.h:558:58: note: expanded from macro 'XPUSHs'
  558 | #define XPUSHs(s)       STMT_START { EXTEND(sp,1); PUSHs(s); } STMT_END
      |                                                                ^~~~~~~~
./ppport.h:3827:20: note: expanded from macro 'STMT_END'
 3827 | #  define STMT_END      )
      |                         ^
LineBreak.xs:478:5: warning: '(' and '{' tokens introducing statement expression appear in different macro expansion contexts [-Wcompound-token-split-by-macro]
  478 |     XPUSHs(sv_2mortal(CtoPerl("Unicode::GCString", gcstring_copy(pre))));
      |     ^~~~~~~~~~~~~~~~~~~~~~~~~~~~~~~~~~~~~~~~~~~~~~~~~~~~~~~~~~~~~~~~~~~~
/usr/lib/perl5/5.44/core_perl/CORE/pp.h:558:19: note: expanded from macro 'XPUSHs'
  558 | #define XPUSHs(s)       STMT_START { EXTEND(sp,1); PUSHs(s); } STMT_END
      |                         ^~~~~~~~~~
./ppport.h:3826:28: note: expanded from macro 'STMT_START'
 3826 | #  define STMT_START    (void)( /* gcc supports ``({ STATEMENTS; })'' */
      |                               ^
LineBreak.xs:478:5: note: '{' token is here
  478 |     XPUSHs(sv_2mortal(CtoPerl("Unicode::GCString", gcstring_copy(pre))));
      |     ^~~~~~~~~~~~~~~~~~~~~~~~~~~~~~~~~~~~~~~~~~~~~~~~~~~~~~~~~~~~~~~~~~~~
/usr/lib/perl5/5.44/core_perl/CORE/pp.h:558:30: note: expanded from macro 'XPUSHs'
  558 | #define XPUSHs(s)       STMT_START { EXTEND(sp,1); PUSHs(s); } STMT_END
      |                                    ^
LineBreak.xs:478:5: warning: '(' and '{' tokens introducing statement expression appear in different macro expansion contexts [-Wcompound-token-split-by-macro]
  478 |     XPUSHs(sv_2mortal(CtoPerl("Unicode::GCString", gcstring_copy(pre))));
      |     ^~~~~~~~~~~~~~~~~~~~~~~~~~~~~~~~~~~~~~~~~~~~~~~~~~~~~~~~~~~~~~~~~~~~
/usr/lib/perl5/5.44/core_perl/CORE/pp.h:558:32: note: expanded from macro 'XPUSHs'
  558 | #define XPUSHs(s)       STMT_START { EXTEND(sp,1); PUSHs(s); } STMT_END
      |                                      ^~~~~~~~~~~~
/usr/lib/perl5/5.44/core_perl/CORE/pp.h:459:25: note: expanded from macro 'EXTEND'
  459 | #  define EXTEND(p,n)   STMT_START {                                    \
      |                         ^~~~~~~~~~
./ppport.h:3826:28: note: expanded from macro 'STMT_START'
 3826 | #  define STMT_START    (void)( /* gcc supports ``({ STATEMENTS; })'' */
      |                               ^
LineBreak.xs:478:5: note: '{' token is here
  478 |     XPUSHs(sv_2mortal(CtoPerl("Unicode::GCString", gcstring_copy(pre))));
      |     ^~~~~~~~~~~~~~~~~~~~~~~~~~~~~~~~~~~~~~~~~~~~~~~~~~~~~~~~~~~~~~~~~~~~
/usr/lib/perl5/5.44/core_perl/CORE/pp.h:558:32: note: expanded from macro 'XPUSHs'
  558 | #define XPUSHs(s)       STMT_START { EXTEND(sp,1); PUSHs(s); } STMT_END
      |                                      ^~~~~~~~~~~~
/usr/lib/perl5/5.44/core_perl/CORE/pp.h:459:36: note: expanded from macro 'EXTEND'
  459 | #  define EXTEND(p,n)   STMT_START {                                    \
      |                                    ^
LineBreak.xs:478:5: warning: '}' and ')' tokens terminating statement expression appear in different macro expansion contexts [-Wcompound-token-split-by-macro]
  478 |     XPUSHs(sv_2mortal(CtoPerl("Unicode::GCString", gcstring_copy(pre))));
      |     ^~~~~~~~~~~~~~~~~~~~~~~~~~~~~~~~~~~~~~~~~~~~~~~~~~~~~~~~~~~~~~~~~~~~
/usr/lib/perl5/5.44/core_perl/CORE/pp.h:558:32: note: expanded from macro 'XPUSHs'
  558 | #define XPUSHs(s)       STMT_START { EXTEND(sp,1); PUSHs(s); } STMT_END
      |                                      ^~~~~~~~~~~~
/usr/lib/perl5/5.44/core_perl/CORE/pp.h:465:25: note: expanded from macro 'EXTEND'
  465 |                         } STMT_END
      |                         ^
LineBreak.xs:478:5: note: ')' token is here
  478 |     XPUSHs(sv_2mortal(CtoPerl("Unicode::GCString", gcstring_copy(pre))));
      |     ^~~~~~~~~~~~~~~~~~~~~~~~~~~~~~~~~~~~~~~~~~~~~~~~~~~~~~~~~~~~~~~~~~~~
/usr/lib/perl5/5.44/core_perl/CORE/pp.h:558:32: note: expanded from macro 'XPUSHs'
  558 | #define XPUSHs(s)       STMT_START { EXTEND(sp,1); PUSHs(s); } STMT_END
      |                                      ^~~~~~~~~~~~
/usr/lib/perl5/5.44/core_perl/CORE/pp.h:465:27: note: expanded from macro 'EXTEND'
  465 |                         } STMT_END
      |                           ^~~~~~~~
./ppport.h:3827:20: note: expanded from macro 'STMT_END'
 3827 | #  define STMT_END      )
      |                         ^
LineBreak.xs:478:5: warning: '}' and ')' tokens terminating statement expression appear in different macro expansion contexts [-Wcompound-token-split-by-macro]
  478 |     XPUSHs(sv_2mortal(CtoPerl("Unicode::GCString", gcstring_copy(pre))));
      |     ^~~~~~~~~~~~~~~~~~~~~~~~~~~~~~~~~~~~~~~~~~~~~~~~~~~~~~~~~~~~~~~~~~~~
/usr/lib/perl5/5.44/core_perl/CORE/pp.h:558:56: note: expanded from macro 'XPUSHs'
  558 | #define XPUSHs(s)       STMT_START { EXTEND(sp,1); PUSHs(s); } STMT_END
      |                                                              ^
LineBreak.xs:478:5: note: ')' token is here
  478 |     XPUSHs(sv_2mortal(CtoPerl("Unicode::GCString", gcstring_copy(pre))));
      |     ^~~~~~~~~~~~~~~~~~~~~~~~~~~~~~~~~~~~~~~~~~~~~~~~~~~~~~~~~~~~~~~~~~~~
/usr/lib/perl5/5.44/core_perl/CORE/pp.h:558:58: note: expanded from macro 'XPUSHs'
  558 | #define XPUSHs(s)       STMT_START { EXTEND(sp,1); PUSHs(s); } STMT_END
      |                                                                ^~~~~~~~
./ppport.h:3827:20: note: expanded from macro 'STMT_END'
 3827 | #  define STMT_END      )
      |                         ^
LineBreak.xs:479:5: warning: '(' and '{' tokens introducing statement expression appear in different macro expansion contexts [-Wcompound-token-split-by-macro]
  479 |     XPUSHs(sv_2mortal(CtoPerl("Unicode::GCString", gcstring_copy(spc))));
      |     ^~~~~~~~~~~~~~~~~~~~~~~~~~~~~~~~~~~~~~~~~~~~~~~~~~~~~~~~~~~~~~~~~~~~
/usr/lib/perl5/5.44/core_perl/CORE/pp.h:558:19: note: expanded from macro 'XPUSHs'
  558 | #define XPUSHs(s)       STMT_START { EXTEND(sp,1); PUSHs(s); } STMT_END
      |                         ^~~~~~~~~~
./ppport.h:3826:28: note: expanded from macro 'STMT_START'
 3826 | #  define STMT_START    (void)( /* gcc supports ``({ STATEMENTS; })'' */
      |                               ^
LineBreak.xs:479:5: note: '{' token is here
  479 |     XPUSHs(sv_2mortal(CtoPerl("Unicode::GCString", gcstring_copy(spc))));
      |     ^~~~~~~~~~~~~~~~~~~~~~~~~~~~~~~~~~~~~~~~~~~~~~~~~~~~~~~~~~~~~~~~~~~~
/usr/lib/perl5/5.44/core_perl/CORE/pp.h:558:30: note: expanded from macro 'XPUSHs'
  558 | #define XPUSHs(s)       STMT_START { EXTEND(sp,1); PUSHs(s); } STMT_END
      |                                    ^
LineBreak.xs:479:5: warning: '(' and '{' tokens introducing statement expression appear in different macro expansion contexts [-Wcompound-token-split-by-macro]
  479 |     XPUSHs(sv_2mortal(CtoPerl("Unicode::GCString", gcstring_copy(spc))));
      |     ^~~~~~~~~~~~~~~~~~~~~~~~~~~~~~~~~~~~~~~~~~~~~~~~~~~~~~~~~~~~~~~~~~~~
/usr/lib/perl5/5.44/core_perl/CORE/pp.h:558:32: note: expanded from macro 'XPUSHs'
  558 | #define XPUSHs(s)       STMT_START { EXTEND(sp,1); PUSHs(s); } STMT_END
      |                                      ^~~~~~~~~~~~
/usr/lib/perl5/5.44/core_perl/CORE/pp.h:459:25: note: expanded from macro 'EXTEND'
  459 | #  define EXTEND(p,n)   STMT_START {                                    \
      |                         ^~~~~~~~~~
./ppport.h:3826:28: note: expanded from macro 'STMT_START'
 3826 | #  define STMT_START    (void)( /* gcc supports ``({ STATEMENTS; })'' */
      |                               ^
LineBreak.xs:479:5: note: '{' token is here
  479 |     XPUSHs(sv_2mortal(CtoPerl("Unicode::GCString", gcstring_copy(spc))));
      |     ^~~~~~~~~~~~~~~~~~~~~~~~~~~~~~~~~~~~~~~~~~~~~~~~~~~~~~~~~~~~~~~~~~~~
/usr/lib/perl5/5.44/core_perl/CORE/pp.h:558:32: note: expanded from macro 'XPUSHs'
  558 | #define XPUSHs(s)       STMT_START { EXTEND(sp,1); PUSHs(s); } STMT_END
      |                                      ^~~~~~~~~~~~
/usr/lib/perl5/5.44/core_perl/CORE/pp.h:459:36: note: expanded from macro 'EXTEND'
  459 | #  define EXTEND(p,n)   STMT_START {                                    \
      |                                    ^
LineBreak.xs:479:5: warning: '}' and ')' tokens terminating statement expression appear in different macro expansion contexts [-Wcompound-token-split-by-macro]
  479 |     XPUSHs(sv_2mortal(CtoPerl("Unicode::GCString", gcstring_copy(spc))));
      |     ^~~~~~~~~~~~~~~~~~~~~~~~~~~~~~~~~~~~~~~~~~~~~~~~~~~~~~~~~~~~~~~~~~~~
/usr/lib/perl5/5.44/core_perl/CORE/pp.h:558:32: note: expanded from macro 'XPUSHs'
  558 | #define XPUSHs(s)       STMT_START { EXTEND(sp,1); PUSHs(s); } STMT_END
      |                                      ^~~~~~~~~~~~
/usr/lib/perl5/5.44/core_perl/CORE/pp.h:465:25: note: expanded from macro 'EXTEND'
  465 |                         } STMT_END
      |                         ^
LineBreak.xs:479:5: note: ')' token is here
  479 |     XPUSHs(sv_2mortal(CtoPerl("Unicode::GCString", gcstring_copy(spc))));
      |     ^~~~~~~~~~~~~~~~~~~~~~~~~~~~~~~~~~~~~~~~~~~~~~~~~~~~~~~~~~~~~~~~~~~~
/usr/lib/perl5/5.44/core_perl/CORE/pp.h:558:32: note: expanded from macro 'XPUSHs'
  558 | #define XPUSHs(s)       STMT_START { EXTEND(sp,1); PUSHs(s); } STMT_END
      |                                      ^~~~~~~~~~~~
/usr/lib/perl5/5.44/core_perl/CORE/pp.h:465:27: note: expanded from macro 'EXTEND'
  465 |                         } STMT_END
      |                           ^~~~~~~~
./ppport.h:3827:20: note: expanded from macro 'STMT_END'
 3827 | #  define STMT_END      )
      |                         ^
LineBreak.xs:479:5: warning: '}' and ')' tokens terminating statement expression appear in different macro expansion contexts [-Wcompound-token-split-by-macro]
  479 |     XPUSHs(sv_2mortal(CtoPerl("Unicode::GCString", gcstring_copy(spc))));
      |     ^~~~~~~~~~~~~~~~~~~~~~~~~~~~~~~~~~~~~~~~~~~~~~~~~~~~~~~~~~~~~~~~~~~~
/usr/lib/perl5/5.44/core_perl/CORE/pp.h:558:56: note: expanded from macro 'XPUSHs'
  558 | #define XPUSHs(s)       STMT_START { EXTEND(sp,1); PUSHs(s); } STMT_END
      |                                                              ^
LineBreak.xs:479:5: note: ')' token is here
  479 |     XPUSHs(sv_2mortal(CtoPerl("Unicode::GCString", gcstring_copy(spc))));
      |     ^~~~~~~~~~~~~~~~~~~~~~~~~~~~~~~~~~~~~~~~~~~~~~~~~~~~~~~~~~~~~~~~~~~~
/usr/lib/perl5/5.44/core_perl/CORE/pp.h:558:58: note: expanded from macro 'XPUSHs'
  558 | #define XPUSHs(s)       STMT_START { EXTEND(sp,1); PUSHs(s); } STMT_END
      |                                                                ^~~~~~~~
./ppport.h:3827:20: note: expanded from macro 'STMT_END'
 3827 | #  define STMT_END      )
      |                         ^
LineBreak.xs:480:5: warning: '(' and '{' tokens introducing statement expression appear in different macro expansion contexts [-Wcompound-token-split-by-macro]
  480 |     XPUSHs(sv_2mortal(CtoPerl("Unicode::GCString", gcstring_copy(str))));
      |     ^~~~~~~~~~~~~~~~~~~~~~~~~~~~~~~~~~~~~~~~~~~~~~~~~~~~~~~~~~~~~~~~~~~~
/usr/lib/perl5/5.44/core_perl/CORE/pp.h:558:19: note: expanded from macro 'XPUSHs'
  558 | #define XPUSHs(s)       STMT_START { EXTEND(sp,1); PUSHs(s); } STMT_END
      |                         ^~~~~~~~~~
./ppport.h:3826:28: note: expanded from macro 'STMT_START'
 3826 | #  define STMT_START    (void)( /* gcc supports ``({ STATEMENTS; })'' */
      |                               ^
LineBreak.xs:480:5: note: '{' token is here
  480 |     XPUSHs(sv_2mortal(CtoPerl("Unicode::GCString", gcstring_copy(str))));
      |     ^~~~~~~~~~~~~~~~~~~~~~~~~~~~~~~~~~~~~~~~~~~~~~~~~~~~~~~~~~~~~~~~~~~~
/usr/lib/perl5/5.44/core_perl/CORE/pp.h:558:30: note: expanded from macro 'XPUSHs'
  558 | #define XPUSHs(s)       STMT_START { EXTEND(sp,1); PUSHs(s); } STMT_END
      |                                    ^
LineBreak.xs:480:5: warning: '(' and '{' tokens introducing statement expression appear in different macro expansion contexts [-Wcompound-token-split-by-macro]
  480 |     XPUSHs(sv_2mortal(CtoPerl("Unicode::GCString", gcstring_copy(str))));
      |     ^~~~~~~~~~~~~~~~~~~~~~~~~~~~~~~~~~~~~~~~~~~~~~~~~~~~~~~~~~~~~~~~~~~~
/usr/lib/perl5/5.44/core_perl/CORE/pp.h:558:32: note: expanded from macro 'XPUSHs'
  558 | #define XPUSHs(s)       STMT_START { EXTEND(sp,1); PUSHs(s); } STMT_END
      |                                      ^~~~~~~~~~~~
/usr/lib/perl5/5.44/core_perl/CORE/pp.h:459:25: note: expanded from macro 'EXTEND'
  459 | #  define EXTEND(p,n)   STMT_START {                                    \
      |                         ^~~~~~~~~~
./ppport.h:3826:28: note: expanded from macro 'STMT_START'
 3826 | #  define STMT_START    (void)( /* gcc supports ``({ STATEMENTS; })'' */
      |                               ^
LineBreak.xs:480:5: note: '{' token is here
  480 |     XPUSHs(sv_2mortal(CtoPerl("Unicode::GCString", gcstring_copy(str))));
      |     ^~~~~~~~~~~~~~~~~~~~~~~~~~~~~~~~~~~~~~~~~~~~~~~~~~~~~~~~~~~~~~~~~~~~
/usr/lib/perl5/5.44/core_perl/CORE/pp.h:558:32: note: expanded from macro 'XPUSHs'
  558 | #define XPUSHs(s)       STMT_START { EXTEND(sp,1); PUSHs(s); } STMT_END
      |                                      ^~~~~~~~~~~~
/usr/lib/perl5/5.44/core_perl/CORE/pp.h:459:36: note: expanded from macro 'EXTEND'
  459 | #  define EXTEND(p,n)   STMT_START {                                    \
      |                                    ^
LineBreak.xs:480:5: warning: '}' and ')' tokens terminating statement expression appear in different macro expansion contexts [-Wcompound-token-split-by-macro]
  480 |     XPUSHs(sv_2mortal(CtoPerl("Unicode::GCString", gcstring_copy(str))));
      |     ^~~~~~~~~~~~~~~~~~~~~~~~~~~~~~~~~~~~~~~~~~~~~~~~~~~~~~~~~~~~~~~~~~~~
/usr/lib/perl5/5.44/core_perl/CORE/pp.h:558:32: note: expanded from macro 'XPUSHs'
  558 | #define XPUSHs(s)       STMT_START { EXTEND(sp,1); PUSHs(s); } STMT_END
      |                                      ^~~~~~~~~~~~
/usr/lib/perl5/5.44/core_perl/CORE/pp.h:465:25: note: expanded from macro 'EXTEND'
  465 |                         } STMT_END
      |                         ^
LineBreak.xs:480:5: note: ')' token is here
  480 |     XPUSHs(sv_2mortal(CtoPerl("Unicode::GCString", gcstring_copy(str))));
      |     ^~~~~~~~~~~~~~~~~~~~~~~~~~~~~~~~~~~~~~~~~~~~~~~~~~~~~~~~~~~~~~~~~~~~
/usr/lib/perl5/5.44/core_perl/CORE/pp.h:558:32: note: expanded from macro 'XPUSHs'
  558 | #define XPUSHs(s)       STMT_START { EXTEND(sp,1); PUSHs(s); } STMT_END
      |                                      ^~~~~~~~~~~~
/usr/lib/perl5/5.44/core_perl/CORE/pp.h:465:27: note: expanded from macro 'EXTEND'
  465 |                         } STMT_END
      |                           ^~~~~~~~
./ppport.h:3827:20: note: expanded from macro 'STMT_END'
 3827 | #  define STMT_END      )
      |                         ^
LineBreak.xs:480:5: warning: '}' and ')' tokens terminating statement expression appear in different macro expansion contexts [-Wcompound-token-split-by-macro]
  480 |     XPUSHs(sv_2mortal(CtoPerl("Unicode::GCString", gcstring_copy(str))));
      |     ^~~~~~~~~~~~~~~~~~~~~~~~~~~~~~~~~~~~~~~~~~~~~~~~~~~~~~~~~~~~~~~~~~~~
/usr/lib/perl5/5.44/core_perl/CORE/pp.h:558:56: note: expanded from macro 'XPUSHs'
  558 | #define XPUSHs(s)       STMT_START { EXTEND(sp,1); PUSHs(s); } STMT_END
      |                                                              ^
LineBreak.xs:480:5: note: ')' token is here
  480 |     XPUSHs(sv_2mortal(CtoPerl("Unicode::GCString", gcstring_copy(str))));
      |     ^~~~~~~~~~~~~~~~~~~~~~~~~~~~~~~~~~~~~~~~~~~~~~~~~~~~~~~~~~~~~~~~~~~~
/usr/lib/perl5/5.44/core_perl/CORE/pp.h:558:58: note: expanded from macro 'XPUSHs'
  558 | #define XPUSHs(s)       STMT_START { EXTEND(sp,1); PUSHs(s); } STMT_END
      |                                                                ^~~~~~~~
./ppport.h:3827:20: note: expanded from macro 'STMT_END'
 3827 | #  define STMT_END      )
      |                         ^
LineBreak.xs:516:5: warning: '(' and '{' tokens introducing statement expression appear in different macro expansion contexts [-Wcompound-token-split-by-macro]
  516 |     PUSHMARK(SP);
      |     ^~~~~~~~~~~~
/usr/lib/perl5/5.44/core_perl/CORE/pp.h:120:5: note: expanded from macro 'PUSHMARK'
  120 |     STMT_START {                                                      \
      |     ^~~~~~~~~~
./ppport.h:3826:28: note: expanded from macro 'STMT_START'
 3826 | #  define STMT_START    (void)( /* gcc supports ``({ STATEMENTS; })'' */
      |                               ^
LineBreak.xs:516:5: note: '{' token is here
  516 |     PUSHMARK(SP);
      |     ^~~~~~~~~~~~
/usr/lib/perl5/5.44/core_perl/CORE/pp.h:120:16: note: expanded from macro 'PUSHMARK'
  120 |     STMT_START {                                                      \
      |                ^
LineBreak.xs:516:5: warning: '}' and ')' tokens terminating statement expression appear in different macro expansion contexts [-Wcompound-token-split-by-macro]
  516 |     PUSHMARK(SP);
      |     ^~~~~~~~~~~~
/usr/lib/perl5/5.44/core_perl/CORE/pp.h:129:5: note: expanded from macro 'PUSHMARK'
  129 |     } STMT_END
      |     ^
LineBreak.xs:516:5: note: ')' token is here
  516 |     PUSHMARK(SP);
      |     ^~~~~~~~~~~~
/usr/lib/perl5/5.44/core_perl/CORE/pp.h:129:7: note: expanded from macro 'PUSHMARK'
  129 |     } STMT_END
      |       ^~~~~~~~
./ppport.h:3827:20: note: expanded from macro 'STMT_END'
 3827 | #  define STMT_END      )
      |                         ^
LineBreak.xs:518:5: warning: '(' and '{' tokens introducing statement expression appear in different macro expansion contexts [-Wcompound-token-split-by-macro]
  518 |     XPUSHs(sv_2mortal(CtoPerl("Unicode::LineBreak", lbobj)));
      |     ^~~~~~~~~~~~~~~~~~~~~~~~~~~~~~~~~~~~~~~~~~~~~~~~~~~~~~~~
/usr/lib/perl5/5.44/core_perl/CORE/pp.h:558:19: note: expanded from macro 'XPUSHs'
  558 | #define XPUSHs(s)       STMT_START { EXTEND(sp,1); PUSHs(s); } STMT_END
      |                         ^~~~~~~~~~
./ppport.h:3826:28: note: expanded from macro 'STMT_START'
 3826 | #  define STMT_START    (void)( /* gcc supports ``({ STATEMENTS; })'' */
      |                               ^
LineBreak.xs:518:5: note: '{' token is here
  518 |     XPUSHs(sv_2mortal(CtoPerl("Unicode::LineBreak", lbobj)));
      |     ^~~~~~~~~~~~~~~~~~~~~~~~~~~~~~~~~~~~~~~~~~~~~~~~~~~~~~~~
/usr/lib/perl5/5.44/core_perl/CORE/pp.h:558:30: note: expanded from macro 'XPUSHs'
  558 | #define XPUSHs(s)       STMT_START { EXTEND(sp,1); PUSHs(s); } STMT_END
      |                                    ^
LineBreak.xs:518:5: warning: '(' and '{' tokens introducing statement expression appear in different macro expansion contexts [-Wcompound-token-split-by-macro]
  518 |     XPUSHs(sv_2mortal(CtoPerl("Unicode::LineBreak", lbobj)));
      |     ^~~~~~~~~~~~~~~~~~~~~~~~~~~~~~~~~~~~~~~~~~~~~~~~~~~~~~~~
/usr/lib/perl5/5.44/core_perl/CORE/pp.h:558:32: note: expanded from macro 'XPUSHs'
  558 | #define XPUSHs(s)       STMT_START { EXTEND(sp,1); PUSHs(s); } STMT_END
      |                                      ^~~~~~~~~~~~
/usr/lib/perl5/5.44/core_perl/CORE/pp.h:459:25: note: expanded from macro 'EXTEND'
  459 | #  define EXTEND(p,n)   STMT_START {                                    \
      |                         ^~~~~~~~~~
./ppport.h:3826:28: note: expanded from macro 'STMT_START'
 3826 | #  define STMT_START    (void)( /* gcc supports ``({ STATEMENTS; })'' */
      |                               ^
LineBreak.xs:518:5: note: '{' token is here
  518 |     XPUSHs(sv_2mortal(CtoPerl("Unicode::LineBreak", lbobj)));
      |     ^~~~~~~~~~~~~~~~~~~~~~~~~~~~~~~~~~~~~~~~~~~~~~~~~~~~~~~~
/usr/lib/perl5/5.44/core_perl/CORE/pp.h:558:32: note: expanded from macro 'XPUSHs'
  558 | #define XPUSHs(s)       STMT_START { EXTEND(sp,1); PUSHs(s); } STMT_END
      |                                      ^~~~~~~~~~~~
/usr/lib/perl5/5.44/core_perl/CORE/pp.h:459:36: note: expanded from macro 'EXTEND'
  459 | #  define EXTEND(p,n)   STMT_START {                                    \
      |                                    ^
LineBreak.xs:518:5: warning: '}' and ')' tokens terminating statement expression appear in different macro expansion contexts [-Wcompound-token-split-by-macro]
  518 |     XPUSHs(sv_2mortal(CtoPerl("Unicode::LineBreak", lbobj)));
      |     ^~~~~~~~~~~~~~~~~~~~~~~~~~~~~~~~~~~~~~~~~~~~~~~~~~~~~~~~
/usr/lib/perl5/5.44/core_perl/CORE/pp.h:558:32: note: expanded from macro 'XPUSHs'
  558 | #define XPUSHs(s)       STMT_START { EXTEND(sp,1); PUSHs(s); } STMT_END
      |                                      ^~~~~~~~~~~~
/usr/lib/perl5/5.44/core_perl/CORE/pp.h:465:25: note: expanded from macro 'EXTEND'
  465 |                         } STMT_END
      |                         ^
LineBreak.xs:518:5: note: ')' token is here
  518 |     XPUSHs(sv_2mortal(CtoPerl("Unicode::LineBreak", lbobj)));
      |     ^~~~~~~~~~~~~~~~~~~~~~~~~~~~~~~~~~~~~~~~~~~~~~~~~~~~~~~~
/usr/lib/perl5/5.44/core_perl/CORE/pp.h:558:32: note: expanded from macro 'XPUSHs'
  558 | #define XPUSHs(s)       STMT_START { EXTEND(sp,1); PUSHs(s); } STMT_END
      |                                      ^~~~~~~~~~~~
/usr/lib/perl5/5.44/core_perl/CORE/pp.h:465:27: note: expanded from macro 'EXTEND'
  465 |                         } STMT_END
      |                           ^~~~~~~~
./ppport.h:3827:20: note: expanded from macro 'STMT_END'
 3827 | #  define STMT_END      )
      |                         ^
LineBreak.xs:518:5: warning: '}' and ')' tokens terminating statement expression appear in different macro expansion contexts [-Wcompound-token-split-by-macro]
  518 |     XPUSHs(sv_2mortal(CtoPerl("Unicode::LineBreak", lbobj)));
      |     ^~~~~~~~~~~~~~~~~~~~~~~~~~~~~~~~~~~~~~~~~~~~~~~~~~~~~~~~
/usr/lib/perl5/5.44/core_perl/CORE/pp.h:558:56: note: expanded from macro 'XPUSHs'
  558 | #define XPUSHs(s)       STMT_START { EXTEND(sp,1); PUSHs(s); } STMT_END
      |                                                              ^
LineBreak.xs:518:5: note: ')' token is here
  518 |     XPUSHs(sv_2mortal(CtoPerl("Unicode::LineBreak", lbobj)));
      |     ^~~~~~~~~~~~~~~~~~~~~~~~~~~~~~~~~~~~~~~~~~~~~~~~~~~~~~~~
/usr/lib/perl5/5.44/core_perl/CORE/pp.h:558:58: note: expanded from macro 'XPUSHs'
  558 | #define XPUSHs(s)       STMT_START { EXTEND(sp,1); PUSHs(s); } STMT_END
      |                                                                ^~~~~~~~
./ppport.h:3827:20: note: expanded from macro 'STMT_END'
 3827 | #  define STMT_END      )
      |                         ^
LineBreak.xs:519:5: warning: '(' and '{' tokens introducing statement expression appear in different macro expansion contexts [-Wcompound-token-split-by-macro]
  519 |     XPUSHs(sv_2mortal(CtoPerl("Unicode::GCString", gcstring_copy(str))));
      |     ^~~~~~~~~~~~~~~~~~~~~~~~~~~~~~~~~~~~~~~~~~~~~~~~~~~~~~~~~~~~~~~~~~~~
/usr/lib/perl5/5.44/core_perl/CORE/pp.h:558:19: note: expanded from macro 'XPUSHs'
  558 | #define XPUSHs(s)       STMT_START { EXTEND(sp,1); PUSHs(s); } STMT_END
      |                         ^~~~~~~~~~
./ppport.h:3826:28: note: expanded from macro 'STMT_START'
 3826 | #  define STMT_START    (void)( /* gcc supports ``({ STATEMENTS; })'' */
      |                               ^
LineBreak.xs:519:5: note: '{' token is here
  519 |     XPUSHs(sv_2mortal(CtoPerl("Unicode::GCString", gcstring_copy(str))));
      |     ^~~~~~~~~~~~~~~~~~~~~~~~~~~~~~~~~~~~~~~~~~~~~~~~~~~~~~~~~~~~~~~~~~~~
/usr/lib/perl5/5.44/core_perl/CORE/pp.h:558:30: note: expanded from macro 'XPUSHs'
  558 | #define XPUSHs(s)       STMT_START { EXTEND(sp,1); PUSHs(s); } STMT_END
      |                                    ^
LineBreak.xs:519:5: warning: '(' and '{' tokens introducing statement expression appear in different macro expansion contexts [-Wcompound-token-split-by-macro]
  519 |     XPUSHs(sv_2mortal(CtoPerl("Unicode::GCString", gcstring_copy(str))));
      |     ^~~~~~~~~~~~~~~~~~~~~~~~~~~~~~~~~~~~~~~~~~~~~~~~~~~~~~~~~~~~~~~~~~~~
/usr/lib/perl5/5.44/core_perl/CORE/pp.h:558:32: note: expanded from macro 'XPUSHs'
  558 | #define XPUSHs(s)       STMT_START { EXTEND(sp,1); PUSHs(s); } STMT_END
      |                                      ^~~~~~~~~~~~
/usr/lib/perl5/5.44/core_perl/CORE/pp.h:459:25: note: expanded from macro 'EXTEND'
  459 | #  define EXTEND(p,n)   STMT_START {                                    \
      |                         ^~~~~~~~~~
./ppport.h:3826:28: note: expanded from macro 'STMT_START'
 3826 | #  define STMT_START    (void)( /* gcc supports ``({ STATEMENTS; })'' */
      |                               ^
LineBreak.xs:519:5: note: '{' token is here
  519 |     XPUSHs(sv_2mortal(CtoPerl("Unicode::GCString", gcstring_copy(str))));
      |     ^~~~~~~~~~~~~~~~~~~~~~~~~~~~~~~~~~~~~~~~~~~~~~~~~~~~~~~~~~~~~~~~~~~~
/usr/lib/perl5/5.44/core_perl/CORE/pp.h:558:32: note: expanded from macro 'XPUSHs'
  558 | #define XPUSHs(s)       STMT_START { EXTEND(sp,1); PUSHs(s); } STMT_END
      |                                      ^~~~~~~~~~~~
/usr/lib/perl5/5.44/core_perl/CORE/pp.h:459:36: note: expanded from macro 'EXTEND'
  459 | #  define EXTEND(p,n)   STMT_START {                                    \
      |                                    ^
LineBreak.xs:519:5: warning: '}' and ')' tokens terminating statement expression appear in different macro expansion contexts [-Wcompound-token-split-by-macro]
  519 |     XPUSHs(sv_2mortal(CtoPerl("Unicode::GCString", gcstring_copy(str))));
      |     ^~~~~~~~~~~~~~~~~~~~~~~~~~~~~~~~~~~~~~~~~~~~~~~~~~~~~~~~~~~~~~~~~~~~
/usr/lib/perl5/5.44/core_perl/CORE/pp.h:558:32: note: expanded from macro 'XPUSHs'
  558 | #define XPUSHs(s)       STMT_START { EXTEND(sp,1); PUSHs(s); } STMT_END
      |                                      ^~~~~~~~~~~~
/usr/lib/perl5/5.44/core_perl/CORE/pp.h:465:25: note: expanded from macro 'EXTEND'
  465 |                         } STMT_END
      |                         ^
LineBreak.xs:519:5: note: ')' token is here
  519 |     XPUSHs(sv_2mortal(CtoPerl("Unicode::GCString", gcstring_copy(str))));
      |     ^~~~~~~~~~~~~~~~~~~~~~~~~~~~~~~~~~~~~~~~~~~~~~~~~~~~~~~~~~~~~~~~~~~~
/usr/lib/perl5/5.44/core_perl/CORE/pp.h:558:32: note: expanded from macro 'XPUSHs'
  558 | #define XPUSHs(s)       STMT_START { EXTEND(sp,1); PUSHs(s); } STMT_END
      |                                      ^~~~~~~~~~~~
/usr/lib/perl5/5.44/core_perl/CORE/pp.h:465:27: note: expanded from macro 'EXTEND'
  465 |                         } STMT_END
      |                           ^~~~~~~~
./ppport.h:3827:20: note: expanded from macro 'STMT_END'
 3827 | #  define STMT_END      )
      |                         ^
LineBreak.xs:519:5: warning: '}' and ')' tokens terminating statement expression appear in different macro expansion contexts [-Wcompound-token-split-by-macro]
  519 |     XPUSHs(sv_2mortal(CtoPerl("Unicode::GCString", gcstring_copy(str))));
      |     ^~~~~~~~~~~~~~~~~~~~~~~~~~~~~~~~~~~~~~~~~~~~~~~~~~~~~~~~~~~~~~~~~~~~
/usr/lib/perl5/5.44/core_perl/CORE/pp.h:558:56: note: expanded from macro 'XPUSHs'
  558 | #define XPUSHs(s)       STMT_START { EXTEND(sp,1); PUSHs(s); } STMT_END
      |                                                              ^
LineBreak.xs:519:5: note: ')' token is here
  519 |     XPUSHs(sv_2mortal(CtoPerl("Unicode::GCString", gcstring_copy(str))));
      |     ^~~~~~~~~~~~~~~~~~~~~~~~~~~~~~~~~~~~~~~~~~~~~~~~~~~~~~~~~~~~~~~~~~~~
/usr/lib/perl5/5.44/core_perl/CORE/pp.h:558:58: note: expanded from macro 'XPUSHs'
  558 | #define XPUSHs(s)       STMT_START { EXTEND(sp,1); PUSHs(s); } STMT_END
      |                                                                ^~~~~~~~
./ppport.h:3827:20: note: expanded from macro 'STMT_END'
 3827 | #  define STMT_END      )
      |                         ^
LineBreak.xs:560:6: warning: '(' and '{' tokens introducing statement expression appear in different macro expansion contexts [-Wcompound-token-split-by-macro]
  560 |             XPUSHs(sv_2mortal(newSVpv(*p, 0)));
      |             ^~~~~~~~~~~~~~~~~~~~~~~~~~~~~~~~~~
/usr/lib/perl5/5.44/core_perl/CORE/pp.h:558:19: note: expanded from macro 'XPUSHs'
  558 | #define XPUSHs(s)       STMT_START { EXTEND(sp,1); PUSHs(s); } STMT_END
      |                         ^~~~~~~~~~
./ppport.h:3826:28: note: expanded from macro 'STMT_START'
 3826 | #  define STMT_START    (void)( /* gcc supports ``({ STATEMENTS; })'' */
      |                               ^
LineBreak.xs:560:6: note: '{' token is here
  560 |             XPUSHs(sv_2mortal(newSVpv(*p, 0)));
      |             ^~~~~~~~~~~~~~~~~~~~~~~~~~~~~~~~~~
/usr/lib/perl5/5.44/core_perl/CORE/pp.h:558:30: note: expanded from macro 'XPUSHs'
  558 | #define XPUSHs(s)       STMT_START { EXTEND(sp,1); PUSHs(s); } STMT_END
      |                                    ^
LineBreak.xs:560:6: warning: '(' and '{' tokens introducing statement expression appear in different macro expansion contexts [-Wcompound-token-split-by-macro]
  560 |             XPUSHs(sv_2mortal(newSVpv(*p, 0)));
      |             ^~~~~~~~~~~~~~~~~~~~~~~~~~~~~~~~~~
/usr/lib/perl5/5.44/core_perl/CORE/pp.h:558:32: note: expanded from macro 'XPUSHs'
  558 | #define XPUSHs(s)       STMT_START { EXTEND(sp,1); PUSHs(s); } STMT_END
      |                                      ^~~~~~~~~~~~
/usr/lib/perl5/5.44/core_perl/CORE/pp.h:459:25: note: expanded from macro 'EXTEND'
  459 | #  define EXTEND(p,n)   STMT_START {                                    \
      |                         ^~~~~~~~~~
./ppport.h:3826:28: note: expanded from macro 'STMT_START'
 3826 | #  define STMT_START    (void)( /* gcc supports ``({ STATEMENTS; })'' */
      |                               ^
LineBreak.xs:560:6: note: '{' token is here
  560 |             XPUSHs(sv_2mortal(newSVpv(*p, 0)));
      |             ^~~~~~~~~~~~~~~~~~~~~~~~~~~~~~~~~~
/usr/lib/perl5/5.44/core_perl/CORE/pp.h:558:32: note: expanded from macro 'XPUSHs'
  558 | #define XPUSHs(s)       STMT_START { EXTEND(sp,1); PUSHs(s); } STMT_END
      |                                      ^~~~~~~~~~~~
/usr/lib/perl5/5.44/core_perl/CORE/pp.h:459:36: note: expanded from macro 'EXTEND'
  459 | #  define EXTEND(p,n)   STMT_START {                                    \
      |                                    ^
LineBreak.xs:560:6: warning: '}' and ')' tokens terminating statement expression appear in different macro expansion contexts [-Wcompound-token-split-by-macro]
  560 |             XPUSHs(sv_2mortal(newSVpv(*p, 0)));
      |             ^~~~~~~~~~~~~~~~~~~~~~~~~~~~~~~~~~
/usr/lib/perl5/5.44/core_perl/CORE/pp.h:558:32: note: expanded from macro 'XPUSHs'
  558 | #define XPUSHs(s)       STMT_START { EXTEND(sp,1); PUSHs(s); } STMT_END
      |                                      ^~~~~~~~~~~~
/usr/lib/perl5/5.44/core_perl/CORE/pp.h:465:25: note: expanded from macro 'EXTEND'
  465 |                         } STMT_END
      |                         ^
LineBreak.xs:560:6: note: ')' token is here
  560 |             XPUSHs(sv_2mortal(newSVpv(*p, 0)));
      |             ^~~~~~~~~~~~~~~~~~~~~~~~~~~~~~~~~~
/usr/lib/perl5/5.44/core_perl/CORE/pp.h:558:32: note: expanded from macro 'XPUSHs'
  558 | #define XPUSHs(s)       STMT_START { EXTEND(sp,1); PUSHs(s); } STMT_END
      |                                      ^~~~~~~~~~~~
/usr/lib/perl5/5.44/core_perl/CORE/pp.h:465:27: note: expanded from macro 'EXTEND'
  465 |                         } STMT_END
      |                           ^~~~~~~~
./ppport.h:3827:20: note: expanded from macro 'STMT_END'
 3827 | #  define STMT_END      )
      |                         ^
LineBreak.xs:560:6: warning: '}' and ')' tokens terminating statement expression appear in different macro expansion contexts [-Wcompound-token-split-by-macro]
  560 |             XPUSHs(sv_2mortal(newSVpv(*p, 0)));
      |             ^~~~~~~~~~~~~~~~~~~~~~~~~~~~~~~~~~
/usr/lib/perl5/5.44/core_perl/CORE/pp.h:558:56: note: expanded from macro 'XPUSHs'
  558 | #define XPUSHs(s)       STMT_START { EXTEND(sp,1); PUSHs(s); } STMT_END
      |                                                              ^
LineBreak.xs:560:6: note: ')' token is here
  560 |             XPUSHs(sv_2mortal(newSVpv(*p, 0)));
      |             ^~~~~~~~~~~~~~~~~~~~~~~~~~~~~~~~~~
/usr/lib/perl5/5.44/core_perl/CORE/pp.h:558:58: note: expanded from macro 'XPUSHs'
  558 | #define XPUSHs(s)       STMT_START { EXTEND(sp,1); PUSHs(s); } STMT_END
      |                                                                ^~~~~~~~
./ppport.h:3827:20: note: expanded from macro 'STMT_END'
 3827 | #  define STMT_END      )
      |                         ^
LineBreak.xs:568:6: warning: '(' and '{' tokens introducing statement expression appear in different macro expansion contexts [-Wcompound-token-split-by-macro]
  568 |             XPUSHs(sv_2mortal(newSVpv(*p, 0)));
      |             ^~~~~~~~~~~~~~~~~~~~~~~~~~~~~~~~~~
/usr/lib/perl5/5.44/core_perl/CORE/pp.h:558:19: note: expanded from macro 'XPUSHs'
  558 | #define XPUSHs(s)       STMT_START { EXTEND(sp,1); PUSHs(s); } STMT_END
      |                         ^~~~~~~~~~
./ppport.h:3826:28: note: expanded from macro 'STMT_START'
 3826 | #  define STMT_START    (void)( /* gcc supports ``({ STATEMENTS; })'' */
      |                               ^
LineBreak.xs:568:6: note: '{' token is here
  568 |             XPUSHs(sv_2mortal(newSVpv(*p, 0)));
      |             ^~~~~~~~~~~~~~~~~~~~~~~~~~~~~~~~~~
/usr/lib/perl5/5.44/core_perl/CORE/pp.h:558:30: note: expanded from macro 'XPUSHs'
  558 | #define XPUSHs(s)       STMT_START { EXTEND(sp,1); PUSHs(s); } STMT_END
      |                                    ^
LineBreak.xs:568:6: warning: '(' and '{' tokens introducing statement expression appear in different macro expansion contexts [-Wcompound-token-split-by-macro]
  568 |             XPUSHs(sv_2mortal(newSVpv(*p, 0)));
      |             ^~~~~~~~~~~~~~~~~~~~~~~~~~~~~~~~~~
/usr/lib/perl5/5.44/core_perl/CORE/pp.h:558:32: note: expanded from macro 'XPUSHs'
  558 | #define XPUSHs(s)       STMT_START { EXTEND(sp,1); PUSHs(s); } STMT_END
      |                                      ^~~~~~~~~~~~
/usr/lib/perl5/5.44/core_perl/CORE/pp.h:459:25: note: expanded from macro 'EXTEND'
  459 | #  define EXTEND(p,n)   STMT_START {                                    \
      |                         ^~~~~~~~~~
./ppport.h:3826:28: note: expanded from macro 'STMT_START'
 3826 | #  define STMT_START    (void)( /* gcc supports ``({ STATEMENTS; })'' */
      |                               ^
LineBreak.xs:568:6: note: '{' token is here
  568 |             XPUSHs(sv_2mortal(newSVpv(*p, 0)));
      |             ^~~~~~~~~~~~~~~~~~~~~~~~~~~~~~~~~~
/usr/lib/perl5/5.44/core_perl/CORE/pp.h:558:32: note: expanded from macro 'XPUSHs'
  558 | #define XPUSHs(s)       STMT_START { EXTEND(sp,1); PUSHs(s); } STMT_END
      |                                      ^~~~~~~~~~~~
/usr/lib/perl5/5.44/core_perl/CORE/pp.h:459:36: note: expanded from macro 'EXTEND'
  459 | #  define EXTEND(p,n)   STMT_START {                                    \
      |                                    ^
LineBreak.xs:568:6: warning: '}' and ')' tokens terminating statement expression appear in different macro expansion contexts [-Wcompound-token-split-by-macro]
  568 |             XPUSHs(sv_2mortal(newSVpv(*p, 0)));
      |             ^~~~~~~~~~~~~~~~~~~~~~~~~~~~~~~~~~
/usr/lib/perl5/5.44/core_perl/CORE/pp.h:558:32: note: expanded from macro 'XPUSHs'
  558 | #define XPUSHs(s)       STMT_START { EXTEND(sp,1); PUSHs(s); } STMT_END
      |                                      ^~~~~~~~~~~~
/usr/lib/perl5/5.44/core_perl/CORE/pp.h:465:25: note: expanded from macro 'EXTEND'
  465 |                         } STMT_END
      |                         ^
LineBreak.xs:568:6: note: ')' token is here
  568 |             XPUSHs(sv_2mortal(newSVpv(*p, 0)));
      |             ^~~~~~~~~~~~~~~~~~~~~~~~~~~~~~~~~~
/usr/lib/perl5/5.44/core_perl/CORE/pp.h:558:32: note: expanded from macro 'XPUSHs'
  558 | #define XPUSHs(s)       STMT_START { EXTEND(sp,1); PUSHs(s); } STMT_END
      |                                      ^~~~~~~~~~~~
/usr/lib/perl5/5.44/core_perl/CORE/pp.h:465:27: note: expanded from macro 'EXTEND'
  465 |                         } STMT_END
      |                           ^~~~~~~~
./ppport.h:3827:20: note: expanded from macro 'STMT_END'
 3827 | #  define STMT_END      )
      |                         ^
LineBreak.xs:568:6: warning: '}' and ')' tokens terminating statement expression appear in different macro expansion contexts [-Wcompound-token-split-by-macro]
  568 |             XPUSHs(sv_2mortal(newSVpv(*p, 0)));
      |             ^~~~~~~~~~~~~~~~~~~~~~~~~~~~~~~~~~
/usr/lib/perl5/5.44/core_perl/CORE/pp.h:558:56: note: expanded from macro 'XPUSHs'
  558 | #define XPUSHs(s)       STMT_START { EXTEND(sp,1); PUSHs(s); } STMT_END
      |                                                              ^
LineBreak.xs:568:6: note: ')' token is here
  568 |             XPUSHs(sv_2mortal(newSVpv(*p, 0)));
      |             ^~~~~~~~~~~~~~~~~~~~~~~~~~~~~~~~~~
/usr/lib/perl5/5.44/core_perl/CORE/pp.h:558:58: note: expanded from macro 'XPUSHs'
  558 | #define XPUSHs(s)       STMT_START { EXTEND(sp,1); PUSHs(s); } STMT_END
      |                                                                ^~~~~~~~
./ppport.h:3827:20: note: expanded from macro 'STMT_END'
 3827 | #  define STMT_END      )
      |                         ^
LineBreak.c:777:6: warning: '(' and '{' tokens introducing statement expression appear in different macro expansion contexts [-Wcompound-token-split-by-macro]
  777 |             setCtoPerl(RETVALSV, "Unicode::LineBreak", RETVAL);
      |             ^~~~~~~~~~~~~~~~~~~~~~~~~~~~~~~~~~~~~~~~~~~~~~~~~~
LineBreak.xs:186:5: note: expanded from macro 'setCtoPerl'
  186 |     STMT_START { \
      |     ^~~~~~~~~~
./ppport.h:3826:28: note: expanded from macro 'STMT_START'
 3826 | #  define STMT_START    (void)( /* gcc supports ``({ STATEMENTS; })'' */
      |                               ^
LineBreak.c:777:6: note: '{' token is here
  777 |             setCtoPerl(RETVALSV, "Unicode::LineBreak", RETVAL);
      |             ^~~~~~~~~~~~~~~~~~~~~~~~~~~~~~~~~~~~~~~~~~~~~~~~~~
LineBreak.xs:186:16: note: expanded from macro 'setCtoPerl'
  186 |     STMT_START { \
      |                ^
LineBreak.c:777:6: warning: '}' and ')' tokens terminating statement expression appear in different macro expansion contexts [-Wcompound-token-split-by-macro]
  777 |             setCtoPerl(RETVALSV, "Unicode::LineBreak", RETVAL);
      |             ^~~~~~~~~~~~~~~~~~~~~~~~~~~~~~~~~~~~~~~~~~~~~~~~~~
LineBreak.xs:189:5: note: expanded from macro 'setCtoPerl'
  189 |     } STMT_END
      |     ^
LineBreak.c:777:6: note: ')' token is here
  777 |             setCtoPerl(RETVALSV, "Unicode::LineBreak", RETVAL);
      |             ^~~~~~~~~~~~~~~~~~~~~~~~~~~~~~~~~~~~~~~~~~~~~~~~~~
LineBreak.xs:189:7: note: expanded from macro 'setCtoPerl'
  189 |     } STMT_END
      |       ^~~~~~~~
./ppport.h:3827:20: note: expanded from macro 'STMT_END'
 3827 | #  define STMT_END      )
      |                         ^
LineBreak.c:781:5: warning: '(' and '{' tokens introducing statement expression appear in different macro expansion contexts [-Wcompound-token-split-by-macro]
  781 |     XSRETURN(1);
      |     ^~~~~~~~~~~
/usr/lib/perl5/5.44/core_perl/CORE/XSUB.h:317:5: note: expanded from macro 'XSRETURN'
  317 |     STMT_START {                                        \
      |     ^~~~~~~~~~
./ppport.h:3826:28: note: expanded from macro 'STMT_START'
 3826 | #  define STMT_START    (void)( /* gcc supports ``({ STATEMENTS; })'' */
      |                               ^
LineBreak.c:781:5: note: '{' token is here
  781 |     XSRETURN(1);
      |     ^~~~~~~~~~~
/usr/lib/perl5/5.44/core_perl/CORE/XSUB.h:317:16: note: expanded from macro 'XSRETURN'
  317 |     STMT_START {                                        \
      |                ^
LineBreak.c:781:5: warning: '}' and ')' tokens terminating statement expression appear in different macro expansion contexts [-Wcompound-token-split-by-macro]
  781 |     XSRETURN(1);
      |     ^~~~~~~~~~~
/usr/lib/perl5/5.44/core_perl/CORE/XSUB.h:322:5: note: expanded from macro 'XSRETURN'
  322 |     } STMT_END
      |     ^
LineBreak.c:781:5: note: ')' token is here
  781 |     XSRETURN(1);
      |     ^~~~~~~~~~~
/usr/lib/perl5/5.44/core_perl/CORE/XSUB.h:322:7: note: expanded from macro 'XSRETURN'
  322 |     } STMT_END
      |       ^~~~~~~~
./ppport.h:3827:20: note: expanded from macro 'STMT_END'
 3827 | #  define STMT_END      )
      |                         ^
LineBreak.c:809:6: warning: '(' and '{' tokens introducing statement expression appear in different macro expansion contexts [-Wcompound-token-split-by-macro]
  809 |             setCtoPerl(RETVALSV, "Unicode::LineBreak", RETVAL);
      |             ^~~~~~~~~~~~~~~~~~~~~~~~~~~~~~~~~~~~~~~~~~~~~~~~~~
LineBreak.xs:186:5: note: expanded from macro 'setCtoPerl'
  186 |     STMT_START { \
      |     ^~~~~~~~~~
./ppport.h:3826:28: note: expanded from macro 'STMT_START'
 3826 | #  define STMT_START    (void)( /* gcc supports ``({ STATEMENTS; })'' */
      |                               ^
LineBreak.c:809:6: note: '{' token is here
  809 |             setCtoPerl(RETVALSV, "Unicode::LineBreak", RETVAL);
      |             ^~~~~~~~~~~~~~~~~~~~~~~~~~~~~~~~~~~~~~~~~~~~~~~~~~
LineBreak.xs:186:16: note: expanded from macro 'setCtoPerl'
  186 |     STMT_START { \
      |                ^
LineBreak.c:809:6: warning: '}' and ')' tokens terminating statement expression appear in different macro expansion contexts [-Wcompound-token-split-by-macro]
  809 |             setCtoPerl(RETVALSV, "Unicode::LineBreak", RETVAL);
      |             ^~~~~~~~~~~~~~~~~~~~~~~~~~~~~~~~~~~~~~~~~~~~~~~~~~
LineBreak.xs:189:5: note: expanded from macro 'setCtoPerl'
  189 |     } STMT_END
      |     ^
LineBreak.c:809:6: note: ')' token is here
  809 |             setCtoPerl(RETVALSV, "Unicode::LineBreak", RETVAL);
      |             ^~~~~~~~~~~~~~~~~~~~~~~~~~~~~~~~~~~~~~~~~~~~~~~~~~
LineBreak.xs:189:7: note: expanded from macro 'setCtoPerl'
  189 |     } STMT_END
      |       ^~~~~~~~
./ppport.h:3827:20: note: expanded from macro 'STMT_END'
 3827 | #  define STMT_END      )
      |                         ^
LineBreak.c:813:5: warning: '(' and '{' tokens introducing statement expression appear in different macro expansion contexts [-Wcompound-token-split-by-macro]
  813 |     XSRETURN(1);
      |     ^~~~~~~~~~~
/usr/lib/perl5/5.44/core_perl/CORE/XSUB.h:317:5: note: expanded from macro 'XSRETURN'
  317 |     STMT_START {                                        \
      |     ^~~~~~~~~~
./ppport.h:3826:28: note: expanded from macro 'STMT_START'
 3826 | #  define STMT_START    (void)( /* gcc supports ``({ STATEMENTS; })'' */
      |                               ^
LineBreak.c:813:5: note: '{' token is here
  813 |     XSRETURN(1);
      |     ^~~~~~~~~~~
/usr/lib/perl5/5.44/core_perl/CORE/XSUB.h:317:16: note: expanded from macro 'XSRETURN'
  317 |     STMT_START {                                        \
      |                ^
LineBreak.c:813:5: warning: '}' and ')' tokens terminating statement expression appear in different macro expansion contexts [-Wcompound-token-split-by-macro]
  813 |     XSRETURN(1);
      |     ^~~~~~~~~~~
/usr/lib/perl5/5.44/core_perl/CORE/XSUB.h:322:5: note: expanded from macro 'XSRETURN'
  322 |     } STMT_END
      |     ^
LineBreak.c:813:5: note: ')' token is here
  813 |     XSRETURN(1);
      |     ^~~~~~~~~~~
/usr/lib/perl5/5.44/core_perl/CORE/XSUB.h:322:7: note: expanded from macro 'XSRETURN'
  322 |     } STMT_END
      |       ^~~~~~~~
./ppport.h:3827:20: note: expanded from macro 'STMT_END'
 3827 | #  define STMT_END      )
      |                         ^
LineBreak.c:838:5: warning: '(' and '{' tokens introducing statement expression appear in different macro expansion contexts [-Wcompound-token-split-by-macro]
  838 |     XSRETURN_EMPTY;
      |     ^~~~~~~~~~~~~~
/usr/lib/perl5/5.44/core_perl/CORE/XSUB.h:332:27: note: expanded from macro 'XSRETURN_EMPTY'
  332 | #define XSRETURN_EMPTY    STMT_START {                  XSRETURN(0); } STMT_END
      |                           ^~~~~~~~~~
./ppport.h:3826:28: note: expanded from macro 'STMT_START'
 3826 | #  define STMT_START    (void)( /* gcc supports ``({ STATEMENTS; })'' */
      |                               ^
LineBreak.c:838:5: note: '{' token is here
  838 |     XSRETURN_EMPTY;
      |     ^~~~~~~~~~~~~~
/usr/lib/perl5/5.44/core_perl/CORE/XSUB.h:332:38: note: expanded from macro 'XSRETURN_EMPTY'
  332 | #define XSRETURN_EMPTY    STMT_START {                  XSRETURN(0); } STMT_END
      |                                      ^
LineBreak.c:838:5: warning: '(' and '{' tokens introducing statement expression appear in different macro expansion contexts [-Wcompound-token-split-by-macro]
  838 |     XSRETURN_EMPTY;
      |     ^~~~~~~~~~~~~~
/usr/lib/perl5/5.44/core_perl/CORE/XSUB.h:332:57: note: expanded from macro 'XSRETURN_EMPTY'
  332 | #define XSRETURN_EMPTY    STMT_START {                  XSRETURN(0); } STMT_END
      |                                                         ^~~~~~~~~~~
/usr/lib/perl5/5.44/core_perl/CORE/XSUB.h:317:5: note: expanded from macro 'XSRETURN'
  317 |     STMT_START {                                        \
      |     ^~~~~~~~~~
./ppport.h:3826:28: note: expanded from macro 'STMT_START'
 3826 | #  define STMT_START    (void)( /* gcc supports ``({ STATEMENTS; })'' */
      |                               ^
LineBreak.c:838:5: note: '{' token is here
  838 |     XSRETURN_EMPTY;
      |     ^~~~~~~~~~~~~~
/usr/lib/perl5/5.44/core_perl/CORE/XSUB.h:332:57: note: expanded from macro 'XSRETURN_EMPTY'
  332 | #define XSRETURN_EMPTY    STMT_START {                  XSRETURN(0); } STMT_END
      |                                                         ^~~~~~~~~~~
/usr/lib/perl5/5.44/core_perl/CORE/XSUB.h:317:16: note: expanded from macro 'XSRETURN'
  317 |     STMT_START {                                        \
      |                ^
LineBreak.c:838:5: warning: '}' and ')' tokens terminating statement expression appear in different macro expansion contexts [-Wcompound-token-split-by-macro]
  838 |     XSRETURN_EMPTY;
      |     ^~~~~~~~~~~~~~
/usr/lib/perl5/5.44/core_perl/CORE/XSUB.h:332:57: note: expanded from macro 'XSRETURN_EMPTY'
  332 | #define XSRETURN_EMPTY    STMT_START {                  XSRETURN(0); } STMT_END
      |                                                         ^~~~~~~~~~~
/usr/lib/perl5/5.44/core_perl/CORE/XSUB.h:322:5: note: expanded from macro 'XSRETURN'
  322 |     } STMT_END
      |     ^
LineBreak.c:838:5: note: ')' token is here
  838 |     XSRETURN_EMPTY;
      |     ^~~~~~~~~~~~~~
/usr/lib/perl5/5.44/core_perl/CORE/XSUB.h:332:57: note: expanded from macro 'XSRETURN_EMPTY'
  332 | #define XSRETURN_EMPTY    STMT_START {                  XSRETURN(0); } STMT_END
      |                                                         ^~~~~~~~~~~
/usr/lib/perl5/5.44/core_perl/CORE/XSUB.h:322:7: note: expanded from macro 'XSRETURN'
  322 |     } STMT_END
      |       ^~~~~~~~
./ppport.h:3827:20: note: expanded from macro 'STMT_END'
 3827 | #  define STMT_END      )
      |                         ^
LineBreak.c:838:5: warning: '}' and ')' tokens terminating statement expression appear in different macro expansion contexts [-Wcompound-token-split-by-macro]
  838 |     XSRETURN_EMPTY;
      |     ^~~~~~~~~~~~~~
/usr/lib/perl5/5.44/core_perl/CORE/XSUB.h:332:70: note: expanded from macro 'XSRETURN_EMPTY'
  332 | #define XSRETURN_EMPTY    STMT_START {                  XSRETURN(0); } STMT_END
      |                                                                      ^
LineBreak.c:838:5: note: ')' token is here
  838 |     XSRETURN_EMPTY;
      |     ^~~~~~~~~~~~~~
/usr/lib/perl5/5.44/core_perl/CORE/XSUB.h:332:72: note: expanded from macro 'XSRETURN_EMPTY'
  332 | #define XSRETURN_EMPTY    STMT_START {                  XSRETURN(0); } STMT_END
      |                                                                        ^~~~~~~~
./ppport.h:3827:20: note: expanded from macro 'STMT_END'
 3827 | #  define STMT_END      )
      |                         ^
LineBreak.xs:638:7: warning: '(' and '{' tokens introducing statement expression appear in different macro expansion contexts [-Wcompound-token-split-by-macro]
  638 |                     XSRETURN_UNDEF;
      |                     ^~~~~~~~~~~~~~
/usr/lib/perl5/5.44/core_perl/CORE/XSUB.h:331:27: note: expanded from macro 'XSRETURN_UNDEF'
  331 | #define XSRETURN_UNDEF    STMT_START { XST_mUNDEF(0);   XSRETURN(1); } STMT_END
      |                           ^~~~~~~~~~
./ppport.h:3826:28: note: expanded from macro 'STMT_START'
 3826 | #  define STMT_START    (void)( /* gcc supports ``({ STATEMENTS; })'' */
      |                               ^
LineBreak.xs:638:7: note: '{' token is here
  638 |                     XSRETURN_UNDEF;
      |                     ^~~~~~~~~~~~~~
/usr/lib/perl5/5.44/core_perl/CORE/XSUB.h:331:38: note: expanded from macro 'XSRETURN_UNDEF'
  331 | #define XSRETURN_UNDEF    STMT_START { XST_mUNDEF(0);   XSRETURN(1); } STMT_END
      |                                      ^
LineBreak.xs:638:7: warning: '(' and '{' tokens introducing statement expression appear in different macro expansion contexts [-Wcompound-token-split-by-macro]
  638 |                     XSRETURN_UNDEF;
      |                     ^~~~~~~~~~~~~~
/usr/lib/perl5/5.44/core_perl/CORE/XSUB.h:331:57: note: expanded from macro 'XSRETURN_UNDEF'
  331 | #define XSRETURN_UNDEF    STMT_START { XST_mUNDEF(0);   XSRETURN(1); } STMT_END
      |                                                         ^~~~~~~~~~~
/usr/lib/perl5/5.44/core_perl/CORE/XSUB.h:317:5: note: expanded from macro 'XSRETURN'
  317 |     STMT_START {                                        \
      |     ^~~~~~~~~~
./ppport.h:3826:28: note: expanded from macro 'STMT_START'
 3826 | #  define STMT_START    (void)( /* gcc supports ``({ STATEMENTS; })'' */
      |                               ^
LineBreak.xs:638:7: note: '{' token is here
  638 |                     XSRETURN_UNDEF;
      |                     ^~~~~~~~~~~~~~
/usr/lib/perl5/5.44/core_perl/CORE/XSUB.h:331:57: note: expanded from macro 'XSRETURN_UNDEF'
  331 | #define XSRETURN_UNDEF    STMT_START { XST_mUNDEF(0);   XSRETURN(1); } STMT_END
      |                                                         ^~~~~~~~~~~
/usr/lib/perl5/5.44/core_perl/CORE/XSUB.h:317:16: note: expanded from macro 'XSRETURN'
  317 |     STMT_START {                                        \
      |                ^
LineBreak.xs:638:7: warning: '}' and ')' tokens terminating statement expression appear in different macro expansion contexts [-Wcompound-token-split-by-macro]
  638 |                     XSRETURN_UNDEF;
      |                     ^~~~~~~~~~~~~~
/usr/lib/perl5/5.44/core_perl/CORE/XSUB.h:331:57: note: expanded from macro 'XSRETURN_UNDEF'
  331 | #define XSRETURN_UNDEF    STMT_START { XST_mUNDEF(0);   XSRETURN(1); } STMT_END
      |                                                         ^~~~~~~~~~~
/usr/lib/perl5/5.44/core_perl/CORE/XSUB.h:322:5: note: expanded from macro 'XSRETURN'
  322 |     } STMT_END
      |     ^
LineBreak.xs:638:7: note: ')' token is here
  638 |                     XSRETURN_UNDEF;
      |                     ^~~~~~~~~~~~~~
/usr/lib/perl5/5.44/core_perl/CORE/XSUB.h:331:57: note: expanded from macro 'XSRETURN_UNDEF'
  331 | #define XSRETURN_UNDEF    STMT_START { XST_mUNDEF(0);   XSRETURN(1); } STMT_END
      |                                                         ^~~~~~~~~~~
/usr/lib/perl5/5.44/core_perl/CORE/XSUB.h:322:7: note: expanded from macro 'XSRETURN'
  322 |     } STMT_END
      |       ^~~~~~~~
./ppport.h:3827:20: note: expanded from macro 'STMT_END'
 3827 | #  define STMT_END      )
      |                         ^
LineBreak.xs:638:7: warning: '}' and ')' tokens terminating statement expression appear in different macro expansion contexts [-Wcompound-token-split-by-macro]
  638 |                     XSRETURN_UNDEF;
      |                     ^~~~~~~~~~~~~~
/usr/lib/perl5/5.44/core_perl/CORE/XSUB.h:331:70: note: expanded from macro 'XSRETURN_UNDEF'
  331 | #define XSRETURN_UNDEF    STMT_START { XST_mUNDEF(0);   XSRETURN(1); } STMT_END
      |                                                                      ^
LineBreak.xs:638:7: note: ')' token is here
  638 |                     XSRETURN_UNDEF;
      |                     ^~~~~~~~~~~~~~
/usr/lib/perl5/5.44/core_perl/CORE/XSUB.h:331:72: note: expanded from macro 'XSRETURN_UNDEF'
  331 | #define XSRETURN_UNDEF    STMT_START { XST_mUNDEF(0);   XSRETURN(1); } STMT_END
      |                                                                        ^~~~~~~~
./ppport.h:3827:20: note: expanded from macro 'STMT_END'
 3827 | #  define STMT_END      )
      |                         ^
LineBreak.xs:657:7: warning: '(' and '{' tokens introducing statement expression appear in different macro expansion contexts [-Wcompound-token-split-by-macro]
  657 |                     XSRETURN_UNDEF;
      |                     ^~~~~~~~~~~~~~
/usr/lib/perl5/5.44/core_perl/CORE/XSUB.h:331:27: note: expanded from macro 'XSRETURN_UNDEF'
  331 | #define XSRETURN_UNDEF    STMT_START { XST_mUNDEF(0);   XSRETURN(1); } STMT_END
      |                           ^~~~~~~~~~
./ppport.h:3826:28: note: expanded from macro 'STMT_START'
 3826 | #  define STMT_START    (void)( /* gcc supports ``({ STATEMENTS; })'' */
      |                               ^
LineBreak.xs:657:7: note: '{' token is here
  657 |                     XSRETURN_UNDEF;
      |                     ^~~~~~~~~~~~~~
/usr/lib/perl5/5.44/core_perl/CORE/XSUB.h:331:38: note: expanded from macro 'XSRETURN_UNDEF'
  331 | #define XSRETURN_UNDEF    STMT_START { XST_mUNDEF(0);   XSRETURN(1); } STMT_END
      |                                      ^
LineBreak.xs:657:7: warning: '(' and '{' tokens introducing statement expression appear in different macro expansion contexts [-Wcompound-token-split-by-macro]
  657 |                     XSRETURN_UNDEF;
      |                     ^~~~~~~~~~~~~~
/usr/lib/perl5/5.44/core_perl/CORE/XSUB.h:331:57: note: expanded from macro 'XSRETURN_UNDEF'
  331 | #define XSRETURN_UNDEF    STMT_START { XST_mUNDEF(0);   XSRETURN(1); } STMT_END
      |                                                         ^~~~~~~~~~~
/usr/lib/perl5/5.44/core_perl/CORE/XSUB.h:317:5: note: expanded from macro 'XSRETURN'
  317 |     STMT_START {                                        \
      |     ^~~~~~~~~~
./ppport.h:3826:28: note: expanded from macro 'STMT_START'
 3826 | #  define STMT_START    (void)( /* gcc supports ``({ STATEMENTS; })'' */
      |                               ^
LineBreak.xs:657:7: note: '{' token is here
  657 |                     XSRETURN_UNDEF;
      |                     ^~~~~~~~~~~~~~
/usr/lib/perl5/5.44/core_perl/CORE/XSUB.h:331:57: note: expanded from macro 'XSRETURN_UNDEF'
  331 | #define XSRETURN_UNDEF    STMT_START { XST_mUNDEF(0);   XSRETURN(1); } STMT_END
      |                                                         ^~~~~~~~~~~
/usr/lib/perl5/5.44/core_perl/CORE/XSUB.h:317:16: note: expanded from macro 'XSRETURN'
  317 |     STMT_START {                                        \
      |                ^
LineBreak.xs:657:7: warning: '}' and ')' tokens terminating statement expression appear in different macro expansion contexts [-Wcompound-token-split-by-macro]
  657 |                     XSRETURN_UNDEF;
      |                     ^~~~~~~~~~~~~~
/usr/lib/perl5/5.44/core_perl/CORE/XSUB.h:331:57: note: expanded from macro 'XSRETURN_UNDEF'
  331 | #define XSRETURN_UNDEF    STMT_START { XST_mUNDEF(0);   XSRETURN(1); } STMT_END
      |                                                         ^~~~~~~~~~~
/usr/lib/perl5/5.44/core_perl/CORE/XSUB.h:322:5: note: expanded from macro 'XSRETURN'
  322 |     } STMT_END
      |     ^
LineBreak.xs:657:7: note: ')' token is here
  657 |                     XSRETURN_UNDEF;
      |                     ^~~~~~~~~~~~~~
/usr/lib/perl5/5.44/core_perl/CORE/XSUB.h:331:57: note: expanded from macro 'XSRETURN_UNDEF'
  331 | #define XSRETURN_UNDEF    STMT_START { XST_mUNDEF(0);   XSRETURN(1); } STMT_END
      |                                                         ^~~~~~~~~~~
/usr/lib/perl5/5.44/core_perl/CORE/XSUB.h:322:7: note: expanded from macro 'XSRETURN'
  322 |     } STMT_END
      |       ^~~~~~~~
./ppport.h:3827:20: note: expanded from macro 'STMT_END'
 3827 | #  define STMT_END      )
      |                         ^
LineBreak.xs:657:7: warning: '}' and ')' tokens terminating statement expression appear in different macro expansion contexts [-Wcompound-token-split-by-macro]
  657 |                     XSRETURN_UNDEF;
      |                     ^~~~~~~~~~~~~~
/usr/lib/perl5/5.44/core_perl/CORE/XSUB.h:331:70: note: expanded from macro 'XSRETURN_UNDEF'
  331 | #define XSRETURN_UNDEF    STMT_START { XST_mUNDEF(0);   XSRETURN(1); } STMT_END
      |                                                                      ^
LineBreak.xs:657:7: note: ')' token is here
  657 |                     XSRETURN_UNDEF;
      |                     ^~~~~~~~~~~~~~
/usr/lib/perl5/5.44/core_perl/CORE/XSUB.h:331:72: note: expanded from macro 'XSRETURN_UNDEF'
  331 | #define XSRETURN_UNDEF    STMT_START { XST_mUNDEF(0);   XSRETURN(1); } STMT_END
      |                                                                        ^~~~~~~~
./ppport.h:3827:20: note: expanded from macro 'STMT_END'
 3827 | #  define STMT_END      )
      |                         ^
LineBreak.xs:662:7: warning: '(' and '{' tokens introducing statement expression appear in different macro expansion contexts [-Wcompound-token-split-by-macro]
  662 |                     XSRETURN_UNDEF;
      |                     ^~~~~~~~~~~~~~
/usr/lib/perl5/5.44/core_perl/CORE/XSUB.h:331:27: note: expanded from macro 'XSRETURN_UNDEF'
  331 | #define XSRETURN_UNDEF    STMT_START { XST_mUNDEF(0);   XSRETURN(1); } STMT_END
      |                           ^~~~~~~~~~
./ppport.h:3826:28: note: expanded from macro 'STMT_START'
 3826 | #  define STMT_START    (void)( /* gcc supports ``({ STATEMENTS; })'' */
      |                               ^
LineBreak.xs:662:7: note: '{' token is here
  662 |                     XSRETURN_UNDEF;
      |                     ^~~~~~~~~~~~~~
/usr/lib/perl5/5.44/core_perl/CORE/XSUB.h:331:38: note: expanded from macro 'XSRETURN_UNDEF'
  331 | #define XSRETURN_UNDEF    STMT_START { XST_mUNDEF(0);   XSRETURN(1); } STMT_END
      |                                      ^
LineBreak.xs:662:7: warning: '(' and '{' tokens introducing statement expression appear in different macro expansion contexts [-Wcompound-token-split-by-macro]
  662 |                     XSRETURN_UNDEF;
      |                     ^~~~~~~~~~~~~~
/usr/lib/perl5/5.44/core_perl/CORE/XSUB.h:331:57: note: expanded from macro 'XSRETURN_UNDEF'
  331 | #define XSRETURN_UNDEF    STMT_START { XST_mUNDEF(0);   XSRETURN(1); } STMT_END
      |                                                         ^~~~~~~~~~~
/usr/lib/perl5/5.44/core_perl/CORE/XSUB.h:317:5: note: expanded from macro 'XSRETURN'
  317 |     STMT_START {                                        \
      |     ^~~~~~~~~~
./ppport.h:3826:28: note: expanded from macro 'STMT_START'
 3826 | #  define STMT_START    (void)( /* gcc supports ``({ STATEMENTS; })'' */
      |                               ^
LineBreak.xs:662:7: note: '{' token is here
  662 |                     XSRETURN_UNDEF;
      |                     ^~~~~~~~~~~~~~
/usr/lib/perl5/5.44/core_perl/CORE/XSUB.h:331:57: note: expanded from macro 'XSRETURN_UNDEF'
  331 | #define XSRETURN_UNDEF    STMT_START { XST_mUNDEF(0);   XSRETURN(1); } STMT_END
      |                                                         ^~~~~~~~~~~
/usr/lib/perl5/5.44/core_perl/CORE/XSUB.h:317:16: note: expanded from macro 'XSRETURN'
  317 |     STMT_START {                                        \
      |                ^
LineBreak.xs:662:7: warning: '}' and ')' tokens terminating statement expression appear in different macro expansion contexts [-Wcompound-token-split-by-macro]
  662 |                     XSRETURN_UNDEF;
      |                     ^~~~~~~~~~~~~~
/usr/lib/perl5/5.44/core_perl/CORE/XSUB.h:331:57: note: expanded from macro 'XSRETURN_UNDEF'
  331 | #define XSRETURN_UNDEF    STMT_START { XST_mUNDEF(0);   XSRETURN(1); } STMT_END
      |                                                         ^~~~~~~~~~~
/usr/lib/perl5/5.44/core_perl/CORE/XSUB.h:322:5: note: expanded from macro 'XSRETURN'
  322 |     } STMT_END
      |     ^
LineBreak.xs:662:7: note: ')' token is here
  662 |                     XSRETURN_UNDEF;
      |                     ^~~~~~~~~~~~~~
/usr/lib/perl5/5.44/core_perl/CORE/XSUB.h:331:57: note: expanded from macro 'XSRETURN_UNDEF'
  331 | #define XSRETURN_UNDEF    STMT_START { XST_mUNDEF(0);   XSRETURN(1); } STMT_END
      |                                                         ^~~~~~~~~~~
/usr/lib/perl5/5.44/core_perl/CORE/XSUB.h:322:7: note: expanded from macro 'XSRETURN'
  322 |     } STMT_END
      |       ^~~~~~~~
./ppport.h:3827:20: note: expanded from macro 'STMT_END'
 3827 | #  define STMT_END      )
      |                         ^
LineBreak.xs:662:7: warning: '}' and ')' tokens terminating statement expression appear in different macro expansion contexts [-Wcompound-token-split-by-macro]
  662 |                     XSRETURN_UNDEF;
      |                     ^~~~~~~~~~~~~~
/usr/lib/perl5/5.44/core_perl/CORE/XSUB.h:331:70: note: expanded from macro 'XSRETURN_UNDEF'
  331 | #define XSRETURN_UNDEF    STMT_START { XST_mUNDEF(0);   XSRETURN(1); } STMT_END
      |                                                                      ^
LineBreak.xs:662:7: note: ')' token is here
  662 |                     XSRETURN_UNDEF;
      |                     ^~~~~~~~~~~~~~
/usr/lib/perl5/5.44/core_perl/CORE/XSUB.h:331:72: note: expanded from macro 'XSRETURN_UNDEF'
  331 | #define XSRETURN_UNDEF    STMT_START { XST_mUNDEF(0);   XSRETURN(1); } STMT_END
      |                                                                        ^~~~~~~~
./ppport.h:3827:20: note: expanded from macro 'STMT_END'
 3827 | #  define STMT_END      )
      |                         ^
LineBreak.xs:671:4: warning: '(' and '{' tokens introducing statement expression appear in different macro expansion contexts [-Wcompound-token-split-by-macro]
  671 |                         XSRETURN_UNDEF;
      |                         ^~~~~~~~~~~~~~
/usr/lib/perl5/5.44/core_perl/CORE/XSUB.h:331:27: note: expanded from macro 'XSRETURN_UNDEF'
  331 | #define XSRETURN_UNDEF    STMT_START { XST_mUNDEF(0);   XSRETURN(1); } STMT_END
      |                           ^~~~~~~~~~
./ppport.h:3826:28: note: expanded from macro 'STMT_START'
 3826 | #  define STMT_START    (void)( /* gcc supports ``({ STATEMENTS; })'' */
      |                               ^
LineBreak.xs:671:4: note: '{' token is here
  671 |                         XSRETURN_UNDEF;
      |                         ^~~~~~~~~~~~~~
/usr/lib/perl5/5.44/core_perl/CORE/XSUB.h:331:38: note: expanded from macro 'XSRETURN_UNDEF'
  331 | #define XSRETURN_UNDEF    STMT_START { XST_mUNDEF(0);   XSRETURN(1); } STMT_END
      |                                      ^
LineBreak.xs:671:4: warning: '(' and '{' tokens introducing statement expression appear in different macro expansion contexts [-Wcompound-token-split-by-macro]
  671 |                         XSRETURN_UNDEF;
      |                         ^~~~~~~~~~~~~~
/usr/lib/perl5/5.44/core_perl/CORE/XSUB.h:331:57: note: expanded from macro 'XSRETURN_UNDEF'
  331 | #define XSRETURN_UNDEF    STMT_START { XST_mUNDEF(0);   XSRETURN(1); } STMT_END
      |                                                         ^~~~~~~~~~~
/usr/lib/perl5/5.44/core_perl/CORE/XSUB.h:317:5: note: expanded from macro 'XSRETURN'
  317 |     STMT_START {                                        \
      |     ^~~~~~~~~~
./ppport.h:3826:28: note: expanded from macro 'STMT_START'
 3826 | #  define STMT_START    (void)( /* gcc supports ``({ STATEMENTS; })'' */
      |                               ^
LineBreak.xs:671:4: note: '{' token is here
  671 |                         XSRETURN_UNDEF;
      |                         ^~~~~~~~~~~~~~
/usr/lib/perl5/5.44/core_perl/CORE/XSUB.h:331:57: note: expanded from macro 'XSRETURN_UNDEF'
  331 | #define XSRETURN_UNDEF    STMT_START { XST_mUNDEF(0);   XSRETURN(1); } STMT_END
      |                                                         ^~~~~~~~~~~
/usr/lib/perl5/5.44/core_perl/CORE/XSUB.h:317:16: note: expanded from macro 'XSRETURN'
  317 |     STMT_START {                                        \
      |                ^
LineBreak.xs:671:4: warning: '}' and ')' tokens terminating statement expression appear in different macro expansion contexts [-Wcompound-token-split-by-macro]
  671 |                         XSRETURN_UNDEF;
      |                         ^~~~~~~~~~~~~~
/usr/lib/perl5/5.44/core_perl/CORE/XSUB.h:331:57: note: expanded from macro 'XSRETURN_UNDEF'
  331 | #define XSRETURN_UNDEF    STMT_START { XST_mUNDEF(0);   XSRETURN(1); } STMT_END
      |                                                         ^~~~~~~~~~~
/usr/lib/perl5/5.44/core_perl/CORE/XSUB.h:322:5: note: expanded from macro 'XSRETURN'
  322 |     } STMT_END
      |     ^
LineBreak.xs:671:4: note: ')' token is here
  671 |                         XSRETURN_UNDEF;
      |                         ^~~~~~~~~~~~~~
/usr/lib/perl5/5.44/core_perl/CORE/XSUB.h:331:57: note: expanded from macro 'XSRETURN_UNDEF'
  331 | #define XSRETURN_UNDEF    STMT_START { XST_mUNDEF(0);   XSRETURN(1); } STMT_END
      |                                                         ^~~~~~~~~~~
/usr/lib/perl5/5.44/core_perl/CORE/XSUB.h:322:7: note: expanded from macro 'XSRETURN'
  322 |     } STMT_END
      |       ^~~~~~~~
./ppport.h:3827:20: note: expanded from macro 'STMT_END'
 3827 | #  define STMT_END      )
      |                         ^
LineBreak.xs:671:4: warning: '}' and ')' tokens terminating statement expression appear in different macro expansion contexts [-Wcompound-token-split-by-macro]
  671 |                         XSRETURN_UNDEF;
      |                         ^~~~~~~~~~~~~~
/usr/lib/perl5/5.44/core_perl/CORE/XSUB.h:331:70: note: expanded from macro 'XSRETURN_UNDEF'
  331 | #define XSRETURN_UNDEF    STMT_START { XST_mUNDEF(0);   XSRETURN(1); } STMT_END
      |                                                                      ^
LineBreak.xs:671:4: note: ')' token is here
  671 |                         XSRETURN_UNDEF;
      |                         ^~~~~~~~~~~~~~
/usr/lib/perl5/5.44/core_perl/CORE/XSUB.h:331:72: note: expanded from macro 'XSRETURN_UNDEF'
  331 | #define XSRETURN_UNDEF    STMT_START { XST_mUNDEF(0);   XSRETURN(1); } STMT_END
      |                                                                        ^~~~~~~~
./ppport.h:3827:20: note: expanded from macro 'STMT_END'
 3827 | #  define STMT_END      )
      |                         ^
LineBreak.xs:673:7: warning: '(' and '{' tokens introducing statement expression appear in different macro expansion contexts [-Wcompound-token-split-by-macro]
  673 |                     XSRETURN(1);
      |                     ^~~~~~~~~~~
/usr/lib/perl5/5.44/core_perl/CORE/XSUB.h:317:5: note: expanded from macro 'XSRETURN'
  317 |     STMT_START {                                        \
      |     ^~~~~~~~~~
./ppport.h:3826:28: note: expanded from macro 'STMT_START'
 3826 | #  define STMT_START    (void)( /* gcc supports ``({ STATEMENTS; })'' */
      |                               ^
LineBreak.xs:673:7: note: '{' token is here
  673 |                     XSRETURN(1);
      |                     ^~~~~~~~~~~
/usr/lib/perl5/5.44/core_perl/CORE/XSUB.h:317:16: note: expanded from macro 'XSRETURN'
  317 |     STMT_START {                                        \
      |                ^
LineBreak.xs:673:7: warning: '}' and ')' tokens terminating statement expression appear in different macro expansion contexts [-Wcompound-token-split-by-macro]
  673 |                     XSRETURN(1);
      |                     ^~~~~~~~~~~
/usr/lib/perl5/5.44/core_perl/CORE/XSUB.h:322:5: note: expanded from macro 'XSRETURN'
  322 |     } STMT_END
      |     ^
LineBreak.xs:673:7: note: ')' token is here
  673 |                     XSRETURN(1);
      |                     ^~~~~~~~~~~
/usr/lib/perl5/5.44/core_perl/CORE/XSUB.h:322:7: note: expanded from macro 'XSRETURN'
  322 |     } STMT_END
      |       ^~~~~~~~
./ppport.h:3827:20: note: expanded from macro 'STMT_END'
 3827 | #  define STMT_END      )
      |                         ^
LineBreak.xs:686:7: warning: '(' and '{' tokens introducing statement expression appear in different macro expansion contexts [-Wcompound-token-split-by-macro]
  686 |                     XSRETURN_UNDEF;
      |                     ^~~~~~~~~~~~~~
/usr/lib/perl5/5.44/core_perl/CORE/XSUB.h:331:27: note: expanded from macro 'XSRETURN_UNDEF'
  331 | #define XSRETURN_UNDEF    STMT_START { XST_mUNDEF(0);   XSRETURN(1); } STMT_END
      |                           ^~~~~~~~~~
./ppport.h:3826:28: note: expanded from macro 'STMT_START'
 3826 | #  define STMT_START    (void)( /* gcc supports ``({ STATEMENTS; })'' */
      |                               ^
LineBreak.xs:686:7: note: '{' token is here
  686 |                     XSRETURN_UNDEF;
      |                     ^~~~~~~~~~~~~~
/usr/lib/perl5/5.44/core_perl/CORE/XSUB.h:331:38: note: expanded from macro 'XSRETURN_UNDEF'
  331 | #define XSRETURN_UNDEF    STMT_START { XST_mUNDEF(0);   XSRETURN(1); } STMT_END
      |                                      ^
LineBreak.xs:686:7: warning: '(' and '{' tokens introducing statement expression appear in different macro expansion contexts [-Wcompound-token-split-by-macro]
  686 |                     XSRETURN_UNDEF;
      |                     ^~~~~~~~~~~~~~
/usr/lib/perl5/5.44/core_perl/CORE/XSUB.h:331:57: note: expanded from macro 'XSRETURN_UNDEF'
  331 | #define XSRETURN_UNDEF    STMT_START { XST_mUNDEF(0);   XSRETURN(1); } STMT_END
      |                                                         ^~~~~~~~~~~
/usr/lib/perl5/5.44/core_perl/CORE/XSUB.h:317:5: note: expanded from macro 'XSRETURN'
  317 |     STMT_START {                                        \
      |     ^~~~~~~~~~
./ppport.h:3826:28: note: expanded from macro 'STMT_START'
 3826 | #  define STMT_START    (void)( /* gcc supports ``({ STATEMENTS; })'' */
      |                               ^
LineBreak.xs:686:7: note: '{' token is here
  686 |                     XSRETURN_UNDEF;
      |                     ^~~~~~~~~~~~~~
/usr/lib/perl5/5.44/core_perl/CORE/XSUB.h:331:57: note: expanded from macro 'XSRETURN_UNDEF'
  331 | #define XSRETURN_UNDEF    STMT_START { XST_mUNDEF(0);   XSRETURN(1); } STMT_END
      |                                                         ^~~~~~~~~~~
/usr/lib/perl5/5.44/core_perl/CORE/XSUB.h:317:16: note: expanded from macro 'XSRETURN'
  317 |     STMT_START {                                        \
      |                ^
LineBreak.xs:686:7: warning: '}' and ')' tokens terminating statement expression appear in different macro expansion contexts [-Wcompound-token-split-by-macro]
  686 |                     XSRETURN_UNDEF;
      |                     ^~~~~~~~~~~~~~
/usr/lib/perl5/5.44/core_perl/CORE/XSUB.h:331:57: note: expanded from macro 'XSRETURN_UNDEF'
  331 | #define XSRETURN_UNDEF    STMT_START { XST_mUNDEF(0);   XSRETURN(1); } STMT_END
      |                                                         ^~~~~~~~~~~
/usr/lib/perl5/5.44/core_perl/CORE/XSUB.h:322:5: note: expanded from macro 'XSRETURN'
  322 |     } STMT_END
      |     ^
LineBreak.xs:686:7: note: ')' token is here
  686 |                     XSRETURN_UNDEF;
      |                     ^~~~~~~~~~~~~~
/usr/lib/perl5/5.44/core_perl/CORE/XSUB.h:331:57: note: expanded from macro 'XSRETURN_UNDEF'
  331 | #define XSRETURN_UNDEF    STMT_START { XST_mUNDEF(0);   XSRETURN(1); } STMT_END
      |                                                         ^~~~~~~~~~~
/usr/lib/perl5/5.44/core_perl/CORE/XSUB.h:322:7: note: expanded from macro 'XSRETURN'
  322 |     } STMT_END
      |       ^~~~~~~~
./ppport.h:3827:20: note: expanded from macro 'STMT_END'
 3827 | #  define STMT_END      )
      |                         ^
LineBreak.xs:686:7: warning: '}' and ')' tokens terminating statement expression appear in different macro expansion contexts [-Wcompound-token-split-by-macro]
  686 |                     XSRETURN_UNDEF;
      |                     ^~~~~~~~~~~~~~
/usr/lib/perl5/5.44/core_perl/CORE/XSUB.h:331:70: note: expanded from macro 'XSRETURN_UNDEF'
  331 | #define XSRETURN_UNDEF    STMT_START { XST_mUNDEF(0);   XSRETURN(1); } STMT_END
      |                                                                      ^
LineBreak.xs:686:7: note: ')' token is here
  686 |                     XSRETURN_UNDEF;
      |                     ^~~~~~~~~~~~~~
/usr/lib/perl5/5.44/core_perl/CORE/XSUB.h:331:72: note: expanded from macro 'XSRETURN_UNDEF'
  331 | #define XSRETURN_UNDEF    STMT_START { XST_mUNDEF(0);   XSRETURN(1); } STMT_END
      |                                                                        ^~~~~~~~
./ppport.h:3827:20: note: expanded from macro 'STMT_END'
 3827 | #  define STMT_END      )
      |                         ^
LineBreak.xs:705:7: warning: '(' and '{' tokens introducing statement expression appear in different macro expansion contexts [-Wcompound-token-split-by-macro]
  705 |                     XSRETURN_UNDEF;
      |                     ^~~~~~~~~~~~~~
/usr/lib/perl5/5.44/core_perl/CORE/XSUB.h:331:27: note: expanded from macro 'XSRETURN_UNDEF'
  331 | #define XSRETURN_UNDEF    STMT_START { XST_mUNDEF(0);   XSRETURN(1); } STMT_END
      |                           ^~~~~~~~~~
./ppport.h:3826:28: note: expanded from macro 'STMT_START'
 3826 | #  define STMT_START    (void)( /* gcc supports ``({ STATEMENTS; })'' */
      |                               ^
LineBreak.xs:705:7: note: '{' token is here
  705 |                     XSRETURN_UNDEF;
      |                     ^~~~~~~~~~~~~~
/usr/lib/perl5/5.44/core_perl/CORE/XSUB.h:331:38: note: expanded from macro 'XSRETURN_UNDEF'
  331 | #define XSRETURN_UNDEF    STMT_START { XST_mUNDEF(0);   XSRETURN(1); } STMT_END
      |                                      ^
LineBreak.xs:705:7: warning: '(' and '{' tokens introducing statement expression appear in different macro expansion contexts [-Wcompound-token-split-by-macro]
  705 |                     XSRETURN_UNDEF;
      |                     ^~~~~~~~~~~~~~
/usr/lib/perl5/5.44/core_perl/CORE/XSUB.h:331:57: note: expanded from macro 'XSRETURN_UNDEF'
  331 | #define XSRETURN_UNDEF    STMT_START { XST_mUNDEF(0);   XSRETURN(1); } STMT_END
      |                                                         ^~~~~~~~~~~
/usr/lib/perl5/5.44/core_perl/CORE/XSUB.h:317:5: note: expanded from macro 'XSRETURN'
  317 |     STMT_START {                                        \
      |     ^~~~~~~~~~
./ppport.h:3826:28: note: expanded from macro 'STMT_START'
 3826 | #  define STMT_START    (void)( /* gcc supports ``({ STATEMENTS; })'' */
      |                               ^
LineBreak.xs:705:7: note: '{' token is here
  705 |                     XSRETURN_UNDEF;
      |                     ^~~~~~~~~~~~~~
/usr/lib/perl5/5.44/core_perl/CORE/XSUB.h:331:57: note: expanded from macro 'XSRETURN_UNDEF'
  331 | #define XSRETURN_UNDEF    STMT_START { XST_mUNDEF(0);   XSRETURN(1); } STMT_END
      |                                                         ^~~~~~~~~~~
/usr/lib/perl5/5.44/core_perl/CORE/XSUB.h:317:16: note: expanded from macro 'XSRETURN'
  317 |     STMT_START {                                        \
      |                ^
LineBreak.xs:705:7: warning: '}' and ')' tokens terminating statement expression appear in different macro expansion contexts [-Wcompound-token-split-by-macro]
  705 |                     XSRETURN_UNDEF;
      |                     ^~~~~~~~~~~~~~
/usr/lib/perl5/5.44/core_perl/CORE/XSUB.h:331:57: note: expanded from macro 'XSRETURN_UNDEF'
  331 | #define XSRETURN_UNDEF    STMT_START { XST_mUNDEF(0);   XSRETURN(1); } STMT_END
      |                                                         ^~~~~~~~~~~
/usr/lib/perl5/5.44/core_perl/CORE/XSUB.h:322:5: note: expanded from macro 'XSRETURN'
  322 |     } STMT_END
      |     ^
LineBreak.xs:705:7: note: ')' token is here
  705 |                     XSRETURN_UNDEF;
      |                     ^~~~~~~~~~~~~~
/usr/lib/perl5/5.44/core_perl/CORE/XSUB.h:331:57: note: expanded from macro 'XSRETURN_UNDEF'
  331 | #define XSRETURN_UNDEF    STMT_START { XST_mUNDEF(0);   XSRETURN(1); } STMT_END
      |                                                         ^~~~~~~~~~~
/usr/lib/perl5/5.44/core_perl/CORE/XSUB.h:322:7: note: expanded from macro 'XSRETURN'
  322 |     } STMT_END
      |       ^~~~~~~~
./ppport.h:3827:20: note: expanded from macro 'STMT_END'
 3827 | #  define STMT_END      )
      |                         ^
LineBreak.xs:705:7: warning: '}' and ')' tokens terminating statement expression appear in different macro expansion contexts [-Wcompound-token-split-by-macro]
  705 |                     XSRETURN_UNDEF;
      |                     ^~~~~~~~~~~~~~
/usr/lib/perl5/5.44/core_perl/CORE/XSUB.h:331:70: note: expanded from macro 'XSRETURN_UNDEF'
  331 | #define XSRETURN_UNDEF    STMT_START { XST_mUNDEF(0);   XSRETURN(1); } STMT_END
      |                                                                      ^
LineBreak.xs:705:7: note: ')' token is here
  705 |                     XSRETURN_UNDEF;
      |                     ^~~~~~~~~~~~~~
/usr/lib/perl5/5.44/core_perl/CORE/XSUB.h:331:72: note: expanded from macro 'XSRETURN_UNDEF'
  331 | #define XSRETURN_UNDEF    STMT_START { XST_mUNDEF(0);   XSRETURN(1); } STMT_END
      |                                                                        ^~~~~~~~
./ppport.h:3827:20: note: expanded from macro 'STMT_END'
 3827 | #  define STMT_END      )
      |                         ^
LineBreak.xs:718:7: warning: '(' and '{' tokens introducing statement expression appear in different macro expansion contexts [-Wcompound-token-split-by-macro]
  718 |                     XSRETURN_UNDEF;
      |                     ^~~~~~~~~~~~~~
/usr/lib/perl5/5.44/core_perl/CORE/XSUB.h:331:27: note: expanded from macro 'XSRETURN_UNDEF'
  331 | #define XSRETURN_UNDEF    STMT_START { XST_mUNDEF(0);   XSRETURN(1); } STMT_END
      |                           ^~~~~~~~~~
./ppport.h:3826:28: note: expanded from macro 'STMT_START'
 3826 | #  define STMT_START    (void)( /* gcc supports ``({ STATEMENTS; })'' */
      |                               ^
LineBreak.xs:718:7: note: '{' token is here
  718 |                     XSRETURN_UNDEF;
      |                     ^~~~~~~~~~~~~~
/usr/lib/perl5/5.44/core_perl/CORE/XSUB.h:331:38: note: expanded from macro 'XSRETURN_UNDEF'
  331 | #define XSRETURN_UNDEF    STMT_START { XST_mUNDEF(0);   XSRETURN(1); } STMT_END
      |                                      ^
LineBreak.xs:718:7: warning: '(' and '{' tokens introducing statement expression appear in different macro expansion contexts [-Wcompound-token-split-by-macro]
  718 |                     XSRETURN_UNDEF;
      |                     ^~~~~~~~~~~~~~
/usr/lib/perl5/5.44/core_perl/CORE/XSUB.h:331:57: note: expanded from macro 'XSRETURN_UNDEF'
  331 | #define XSRETURN_UNDEF    STMT_START { XST_mUNDEF(0);   XSRETURN(1); } STMT_END
      |                                                         ^~~~~~~~~~~
/usr/lib/perl5/5.44/core_perl/CORE/XSUB.h:317:5: note: expanded from macro 'XSRETURN'
  317 |     STMT_START {                                        \
      |     ^~~~~~~~~~
./ppport.h:3826:28: note: expanded from macro 'STMT_START'
 3826 | #  define STMT_START    (void)( /* gcc supports ``({ STATEMENTS; })'' */
      |                               ^
LineBreak.xs:718:7: note: '{' token is here
  718 |                     XSRETURN_UNDEF;
      |                     ^~~~~~~~~~~~~~
/usr/lib/perl5/5.44/core_perl/CORE/XSUB.h:331:57: note: expanded from macro 'XSRETURN_UNDEF'
  331 | #define XSRETURN_UNDEF    STMT_START { XST_mUNDEF(0);   XSRETURN(1); } STMT_END
      |                                                         ^~~~~~~~~~~
/usr/lib/perl5/5.44/core_perl/CORE/XSUB.h:317:16: note: expanded from macro 'XSRETURN'
  317 |     STMT_START {                                        \
      |                ^
LineBreak.xs:718:7: warning: '}' and ')' tokens terminating statement expression appear in different macro expansion contexts [-Wcompound-token-split-by-macro]
  718 |                     XSRETURN_UNDEF;
      |                     ^~~~~~~~~~~~~~
/usr/lib/perl5/5.44/core_perl/CORE/XSUB.h:331:57: note: expanded from macro 'XSRETURN_UNDEF'
  331 | #define XSRETURN_UNDEF    STMT_START { XST_mUNDEF(0);   XSRETURN(1); } STMT_END
      |                                                         ^~~~~~~~~~~
/usr/lib/perl5/5.44/core_perl/CORE/XSUB.h:322:5: note: expanded from macro 'XSRETURN'
  322 |     } STMT_END
      |     ^
LineBreak.xs:718:7: note: ')' token is here
  718 |                     XSRETURN_UNDEF;
      |                     ^~~~~~~~~~~~~~
/usr/lib/perl5/5.44/core_perl/CORE/XSUB.h:331:57: note: expanded from macro 'XSRETURN_UNDEF'
  331 | #define XSRETURN_UNDEF    STMT_START { XST_mUNDEF(0);   XSRETURN(1); } STMT_END
      |                                                         ^~~~~~~~~~~
/usr/lib/perl5/5.44/core_perl/CORE/XSUB.h:322:7: note: expanded from macro 'XSRETURN'
  322 |     } STMT_END
      |       ^~~~~~~~
./ppport.h:3827:20: note: expanded from macro 'STMT_END'
 3827 | #  define STMT_END      )
      |                         ^
LineBreak.xs:718:7: warning: '}' and ')' tokens terminating statement expression appear in different macro expansion contexts [-Wcompound-token-split-by-macro]
  718 |                     XSRETURN_UNDEF;
      |                     ^~~~~~~~~~~~~~
/usr/lib/perl5/5.44/core_perl/CORE/XSUB.h:331:70: note: expanded from macro 'XSRETURN_UNDEF'
  331 | #define XSRETURN_UNDEF    STMT_START { XST_mUNDEF(0);   XSRETURN(1); } STMT_END
      |                                                                      ^
LineBreak.xs:718:7: note: ')' token is here
  718 |                     XSRETURN_UNDEF;
      |                     ^~~~~~~~~~~~~~
/usr/lib/perl5/5.44/core_perl/CORE/XSUB.h:331:72: note: expanded from macro 'XSRETURN_UNDEF'
  331 | #define XSRETURN_UNDEF    STMT_START { XST_mUNDEF(0);   XSRETURN(1); } STMT_END
      |                                                                        ^~~~~~~~
./ppport.h:3827:20: note: expanded from macro 'STMT_END'
 3827 | #  define STMT_END      )
      |                         ^
LineBreak.xs:739:7: warning: '(' and '{' tokens introducing statement expression appear in different macro expansion contexts [-Wcompound-token-split-by-macro]
  739 |                     XSRETURN_UNDEF;
      |                     ^~~~~~~~~~~~~~
/usr/lib/perl5/5.44/core_perl/CORE/XSUB.h:331:27: note: expanded from macro 'XSRETURN_UNDEF'
  331 | #define XSRETURN_UNDEF    STMT_START { XST_mUNDEF(0);   XSRETURN(1); } STMT_END
      |                           ^~~~~~~~~~
./ppport.h:3826:28: note: expanded from macro 'STMT_START'
 3826 | #  define STMT_START    (void)( /* gcc supports ``({ STATEMENTS; })'' */
      |                               ^
LineBreak.xs:739:7: note: '{' token is here
  739 |                     XSRETURN_UNDEF;
      |                     ^~~~~~~~~~~~~~
/usr/lib/perl5/5.44/core_perl/CORE/XSUB.h:331:38: note: expanded from macro 'XSRETURN_UNDEF'
  331 | #define XSRETURN_UNDEF    STMT_START { XST_mUNDEF(0);   XSRETURN(1); } STMT_END
      |                                      ^
LineBreak.xs:739:7: warning: '(' and '{' tokens introducing statement expression appear in different macro expansion contexts [-Wcompound-token-split-by-macro]
  739 |                     XSRETURN_UNDEF;
      |                     ^~~~~~~~~~~~~~
/usr/lib/perl5/5.44/core_perl/CORE/XSUB.h:331:57: note: expanded from macro 'XSRETURN_UNDEF'
  331 | #define XSRETURN_UNDEF    STMT_START { XST_mUNDEF(0);   XSRETURN(1); } STMT_END
      |                                                         ^~~~~~~~~~~
/usr/lib/perl5/5.44/core_perl/CORE/XSUB.h:317:5: note: expanded from macro 'XSRETURN'
  317 |     STMT_START {                                        \
      |     ^~~~~~~~~~
./ppport.h:3826:28: note: expanded from macro 'STMT_START'
 3826 | #  define STMT_START    (void)( /* gcc supports ``({ STATEMENTS; })'' */
      |                               ^
LineBreak.xs:739:7: note: '{' token is here
  739 |                     XSRETURN_UNDEF;
      |                     ^~~~~~~~~~~~~~
/usr/lib/perl5/5.44/core_perl/CORE/XSUB.h:331:57: note: expanded from macro 'XSRETURN_UNDEF'
  331 | #define XSRETURN_UNDEF    STMT_START { XST_mUNDEF(0);   XSRETURN(1); } STMT_END
      |                                                         ^~~~~~~~~~~
/usr/lib/perl5/5.44/core_perl/CORE/XSUB.h:317:16: note: expanded from macro 'XSRETURN'
  317 |     STMT_START {                                        \
      |                ^
LineBreak.xs:739:7: warning: '}' and ')' tokens terminating statement expression appear in different macro expansion contexts [-Wcompound-token-split-by-macro]
  739 |                     XSRETURN_UNDEF;
      |                     ^~~~~~~~~~~~~~
/usr/lib/perl5/5.44/core_perl/CORE/XSUB.h:331:57: note: expanded from macro 'XSRETURN_UNDEF'
  331 | #define XSRETURN_UNDEF    STMT_START { XST_mUNDEF(0);   XSRETURN(1); } STMT_END
      |                                                         ^~~~~~~~~~~
/usr/lib/perl5/5.44/core_perl/CORE/XSUB.h:322:5: note: expanded from macro 'XSRETURN'
  322 |     } STMT_END
      |     ^
LineBreak.xs:739:7: note: ')' token is here
  739 |                     XSRETURN_UNDEF;
      |                     ^~~~~~~~~~~~~~
/usr/lib/perl5/5.44/core_perl/CORE/XSUB.h:331:57: note: expanded from macro 'XSRETURN_UNDEF'
  331 | #define XSRETURN_UNDEF    STMT_START { XST_mUNDEF(0);   XSRETURN(1); } STMT_END
      |                                                         ^~~~~~~~~~~
/usr/lib/perl5/5.44/core_perl/CORE/XSUB.h:322:7: note: expanded from macro 'XSRETURN'
  322 |     } STMT_END
      |       ^~~~~~~~
./ppport.h:3827:20: note: expanded from macro 'STMT_END'
 3827 | #  define STMT_END      )
      |                         ^
LineBreak.xs:739:7: warning: '}' and ')' tokens terminating statement expression appear in different macro expansion contexts [-Wcompound-token-split-by-macro]
  739 |                     XSRETURN_UNDEF;
      |                     ^~~~~~~~~~~~~~
/usr/lib/perl5/5.44/core_perl/CORE/XSUB.h:331:70: note: expanded from macro 'XSRETURN_UNDEF'
  331 | #define XSRETURN_UNDEF    STMT_START { XST_mUNDEF(0);   XSRETURN(1); } STMT_END
      |                                                                      ^
LineBreak.xs:739:7: note: ')' token is here
  739 |                     XSRETURN_UNDEF;
      |                     ^~~~~~~~~~~~~~
/usr/lib/perl5/5.44/core_perl/CORE/XSUB.h:331:72: note: expanded from macro 'XSRETURN_UNDEF'
  331 | #define XSRETURN_UNDEF    STMT_START { XST_mUNDEF(0);   XSRETURN(1); } STMT_END
      |                                                                        ^~~~~~~~
./ppport.h:3827:20: note: expanded from macro 'STMT_END'
 3827 | #  define STMT_END      )
      |                         ^
LineBreak.xs:744:4: warning: '(' and '{' tokens introducing statement expression appear in different macro expansion contexts [-Wcompound-token-split-by-macro]
  744 |                         XSRETURN_UNDEF;
      |                         ^~~~~~~~~~~~~~
/usr/lib/perl5/5.44/core_perl/CORE/XSUB.h:331:27: note: expanded from macro 'XSRETURN_UNDEF'
  331 | #define XSRETURN_UNDEF    STMT_START { XST_mUNDEF(0);   XSRETURN(1); } STMT_END
      |                           ^~~~~~~~~~
./ppport.h:3826:28: note: expanded from macro 'STMT_START'
 3826 | #  define STMT_START    (void)( /* gcc supports ``({ STATEMENTS; })'' */
      |                               ^
LineBreak.xs:744:4: note: '{' token is here
  744 |                         XSRETURN_UNDEF;
      |                         ^~~~~~~~~~~~~~
/usr/lib/perl5/5.44/core_perl/CORE/XSUB.h:331:38: note: expanded from macro 'XSRETURN_UNDEF'
  331 | #define XSRETURN_UNDEF    STMT_START { XST_mUNDEF(0);   XSRETURN(1); } STMT_END
      |                                      ^
LineBreak.xs:744:4: warning: '(' and '{' tokens introducing statement expression appear in different macro expansion contexts [-Wcompound-token-split-by-macro]
  744 |                         XSRETURN_UNDEF;
      |                         ^~~~~~~~~~~~~~
/usr/lib/perl5/5.44/core_perl/CORE/XSUB.h:331:57: note: expanded from macro 'XSRETURN_UNDEF'
  331 | #define XSRETURN_UNDEF    STMT_START { XST_mUNDEF(0);   XSRETURN(1); } STMT_END
      |                                                         ^~~~~~~~~~~
/usr/lib/perl5/5.44/core_perl/CORE/XSUB.h:317:5: note: expanded from macro 'XSRETURN'
  317 |     STMT_START {                                        \
      |     ^~~~~~~~~~
./ppport.h:3826:28: note: expanded from macro 'STMT_START'
 3826 | #  define STMT_START    (void)( /* gcc supports ``({ STATEMENTS; })'' */
      |                               ^
LineBreak.xs:744:4: note: '{' token is here
  744 |                         XSRETURN_UNDEF;
      |                         ^~~~~~~~~~~~~~
/usr/lib/perl5/5.44/core_perl/CORE/XSUB.h:331:57: note: expanded from macro 'XSRETURN_UNDEF'
  331 | #define XSRETURN_UNDEF    STMT_START { XST_mUNDEF(0);   XSRETURN(1); } STMT_END
      |                                                         ^~~~~~~~~~~
/usr/lib/perl5/5.44/core_perl/CORE/XSUB.h:317:16: note: expanded from macro 'XSRETURN'
  317 |     STMT_START {                                        \
      |                ^
LineBreak.xs:744:4: warning: '}' and ')' tokens terminating statement expression appear in different macro expansion contexts [-Wcompound-token-split-by-macro]
  744 |                         XSRETURN_UNDEF;
      |                         ^~~~~~~~~~~~~~
/usr/lib/perl5/5.44/core_perl/CORE/XSUB.h:331:57: note: expanded from macro 'XSRETURN_UNDEF'
  331 | #define XSRETURN_UNDEF    STMT_START { XST_mUNDEF(0);   XSRETURN(1); } STMT_END
      |                                                         ^~~~~~~~~~~
/usr/lib/perl5/5.44/core_perl/CORE/XSUB.h:322:5: note: expanded from macro 'XSRETURN'
  322 |     } STMT_END
      |     ^
LineBreak.xs:744:4: note: ')' token is here
  744 |                         XSRETURN_UNDEF;
      |                         ^~~~~~~~~~~~~~
/usr/lib/perl5/5.44/core_perl/CORE/XSUB.h:331:57: note: expanded from macro 'XSRETURN_UNDEF'
  331 | #define XSRETURN_UNDEF    STMT_START { XST_mUNDEF(0);   XSRETURN(1); } STMT_END
      |                                                         ^~~~~~~~~~~
/usr/lib/perl5/5.44/core_perl/CORE/XSUB.h:322:7: note: expanded from macro 'XSRETURN'
  322 |     } STMT_END
      |       ^~~~~~~~
./ppport.h:3827:20: note: expanded from macro 'STMT_END'
 3827 | #  define STMT_END      )
      |                         ^
LineBreak.xs:744:4: warning: '}' and ')' tokens terminating statement expression appear in different macro expansion contexts [-Wcompound-token-split-by-macro]
  744 |                         XSRETURN_UNDEF;
      |                         ^~~~~~~~~~~~~~
/usr/lib/perl5/5.44/core_perl/CORE/XSUB.h:331:70: note: expanded from macro 'XSRETURN_UNDEF'
  331 | #define XSRETURN_UNDEF    STMT_START { XST_mUNDEF(0);   XSRETURN(1); } STMT_END
      |                                                                      ^
LineBreak.xs:744:4: note: ')' token is here
  744 |                         XSRETURN_UNDEF;
      |                         ^~~~~~~~~~~~~~
/usr/lib/perl5/5.44/core_perl/CORE/XSUB.h:331:72: note: expanded from macro 'XSRETURN_UNDEF'
  331 | #define XSRETURN_UNDEF    STMT_START { XST_mUNDEF(0);   XSRETURN(1); } STMT_END
      |                                                                        ^~~~~~~~
./ppport.h:3827:20: note: expanded from macro 'STMT_END'
 3827 | #  define STMT_END      )
      |                         ^
LineBreak.xs:746:7: warning: '(' and '{' tokens introducing statement expression appear in different macro expansion contexts [-Wcompound-token-split-by-macro]
  746 |                     XSRETURN(1);
      |                     ^~~~~~~~~~~
/usr/lib/perl5/5.44/core_perl/CORE/XSUB.h:317:5: note: expanded from macro 'XSRETURN'
  317 |     STMT_START {                                        \
      |     ^~~~~~~~~~
./ppport.h:3826:28: note: expanded from macro 'STMT_START'
 3826 | #  define STMT_START    (void)( /* gcc supports ``({ STATEMENTS; })'' */
      |                               ^
LineBreak.xs:746:7: note: '{' token is here
  746 |                     XSRETURN(1);
      |                     ^~~~~~~~~~~
/usr/lib/perl5/5.44/core_perl/CORE/XSUB.h:317:16: note: expanded from macro 'XSRETURN'
  317 |     STMT_START {                                        \
      |                ^
LineBreak.xs:746:7: warning: '}' and ')' tokens terminating statement expression appear in different macro expansion contexts [-Wcompound-token-split-by-macro]
  746 |                     XSRETURN(1);
      |                     ^~~~~~~~~~~
/usr/lib/perl5/5.44/core_perl/CORE/XSUB.h:322:5: note: expanded from macro 'XSRETURN'
  322 |     } STMT_END
      |     ^
LineBreak.xs:746:7: note: ')' token is here
  746 |                     XSRETURN(1);
      |                     ^~~~~~~~~~~
/usr/lib/perl5/5.44/core_perl/CORE/XSUB.h:322:7: note: expanded from macro 'XSRETURN'
  322 |     } STMT_END
      |       ^~~~~~~~
./ppport.h:3827:20: note: expanded from macro 'STMT_END'
 3827 | #  define STMT_END      )
      |                         ^
LineBreak.xs:752:7: warning: '(' and '{' tokens introducing statement expression appear in different macro expansion contexts [-Wcompound-token-split-by-macro]
  752 |                     XSRETURN_UNDEF;
      |                     ^~~~~~~~~~~~~~
/usr/lib/perl5/5.44/core_perl/CORE/XSUB.h:331:27: note: expanded from macro 'XSRETURN_UNDEF'
  331 | #define XSRETURN_UNDEF    STMT_START { XST_mUNDEF(0);   XSRETURN(1); } STMT_END
      |                           ^~~~~~~~~~
./ppport.h:3826:28: note: expanded from macro 'STMT_START'
 3826 | #  define STMT_START    (void)( /* gcc supports ``({ STATEMENTS; })'' */
      |                               ^
LineBreak.xs:752:7: note: '{' token is here
  752 |                     XSRETURN_UNDEF;
      |                     ^~~~~~~~~~~~~~
/usr/lib/perl5/5.44/core_perl/CORE/XSUB.h:331:38: note: expanded from macro 'XSRETURN_UNDEF'
  331 | #define XSRETURN_UNDEF    STMT_START { XST_mUNDEF(0);   XSRETURN(1); } STMT_END
      |                                      ^
LineBreak.xs:752:7: warning: '(' and '{' tokens introducing statement expression appear in different macro expansion contexts [-Wcompound-token-split-by-macro]
  752 |                     XSRETURN_UNDEF;
      |                     ^~~~~~~~~~~~~~
/usr/lib/perl5/5.44/core_perl/CORE/XSUB.h:331:57: note: expanded from macro 'XSRETURN_UNDEF'
  331 | #define XSRETURN_UNDEF    STMT_START { XST_mUNDEF(0);   XSRETURN(1); } STMT_END
      |                                                         ^~~~~~~~~~~
/usr/lib/perl5/5.44/core_perl/CORE/XSUB.h:317:5: note: expanded from macro 'XSRETURN'
  317 |     STMT_START {                                        \
      |     ^~~~~~~~~~
./ppport.h:3826:28: note: expanded from macro 'STMT_START'
 3826 | #  define STMT_START    (void)( /* gcc supports ``({ STATEMENTS; })'' */
      |                               ^
LineBreak.xs:752:7: note: '{' token is here
  752 |                     XSRETURN_UNDEF;
      |                     ^~~~~~~~~~~~~~
/usr/lib/perl5/5.44/core_perl/CORE/XSUB.h:331:57: note: expanded from macro 'XSRETURN_UNDEF'
  331 | #define XSRETURN_UNDEF    STMT_START { XST_mUNDEF(0);   XSRETURN(1); } STMT_END
      |                                                         ^~~~~~~~~~~
/usr/lib/perl5/5.44/core_perl/CORE/XSUB.h:317:16: note: expanded from macro 'XSRETURN'
  317 |     STMT_START {                                        \
      |                ^
LineBreak.xs:752:7: warning: '}' and ')' tokens terminating statement expression appear in different macro expansion contexts [-Wcompound-token-split-by-macro]
  752 |                     XSRETURN_UNDEF;
      |                     ^~~~~~~~~~~~~~
/usr/lib/perl5/5.44/core_perl/CORE/XSUB.h:331:57: note: expanded from macro 'XSRETURN_UNDEF'
  331 | #define XSRETURN_UNDEF    STMT_START { XST_mUNDEF(0);   XSRETURN(1); } STMT_END
      |                                                         ^~~~~~~~~~~
/usr/lib/perl5/5.44/core_perl/CORE/XSUB.h:322:5: note: expanded from macro 'XSRETURN'
  322 |     } STMT_END
      |     ^
LineBreak.xs:752:7: note: ')' token is here
  752 |                     XSRETURN_UNDEF;
      |                     ^~~~~~~~~~~~~~
/usr/lib/perl5/5.44/core_perl/CORE/XSUB.h:331:57: note: expanded from macro 'XSRETURN_UNDEF'
  331 | #define XSRETURN_UNDEF    STMT_START { XST_mUNDEF(0);   XSRETURN(1); } STMT_END
      |                                                         ^~~~~~~~~~~
/usr/lib/perl5/5.44/core_perl/CORE/XSUB.h:322:7: note: expanded from macro 'XSRETURN'
  322 |     } STMT_END
      |       ^~~~~~~~
./ppport.h:3827:20: note: expanded from macro 'STMT_END'
 3827 | #  define STMT_END      )
      |                         ^
LineBreak.xs:752:7: warning: '}' and ')' tokens terminating statement expression appear in different macro expansion contexts [-Wcompound-token-split-by-macro]
  752 |                     XSRETURN_UNDEF;
      |                     ^~~~~~~~~~~~~~
/usr/lib/perl5/5.44/core_perl/CORE/XSUB.h:331:70: note: expanded from macro 'XSRETURN_UNDEF'
  331 | #define XSRETURN_UNDEF    STMT_START { XST_mUNDEF(0);   XSRETURN(1); } STMT_END
      |                                                                      ^
LineBreak.xs:752:7: note: ')' token is here
  752 |                     XSRETURN_UNDEF;
      |                     ^~~~~~~~~~~~~~
/usr/lib/perl5/5.44/core_perl/CORE/XSUB.h:331:72: note: expanded from macro 'XSRETURN_UNDEF'
  331 | #define XSRETURN_UNDEF    STMT_START { XST_mUNDEF(0);   XSRETURN(1); } STMT_END
      |                                                                        ^~~~~~~~
./ppport.h:3827:20: note: expanded from macro 'STMT_END'
 3827 | #  define STMT_END      )
      |                         ^
LineBreak.xs:759:4: warning: '(' and '{' tokens introducing statement expression appear in different macro expansion contexts [-Wcompound-token-split-by-macro]
  759 |                         XSRETURN_UNDEF;
      |                         ^~~~~~~~~~~~~~
/usr/lib/perl5/5.44/core_perl/CORE/XSUB.h:331:27: note: expanded from macro 'XSRETURN_UNDEF'
  331 | #define XSRETURN_UNDEF    STMT_START { XST_mUNDEF(0);   XSRETURN(1); } STMT_END
      |                           ^~~~~~~~~~
./ppport.h:3826:28: note: expanded from macro 'STMT_START'
 3826 | #  define STMT_START    (void)( /* gcc supports ``({ STATEMENTS; })'' */
      |                               ^
LineBreak.xs:759:4: note: '{' token is here
  759 |                         XSRETURN_UNDEF;
      |                         ^~~~~~~~~~~~~~
/usr/lib/perl5/5.44/core_perl/CORE/XSUB.h:331:38: note: expanded from macro 'XSRETURN_UNDEF'
  331 | #define XSRETURN_UNDEF    STMT_START { XST_mUNDEF(0);   XSRETURN(1); } STMT_END
      |                                      ^
LineBreak.xs:759:4: warning: '(' and '{' tokens introducing statement expression appear in different macro expansion contexts [-Wcompound-token-split-by-macro]
  759 |                         XSRETURN_UNDEF;
      |                         ^~~~~~~~~~~~~~
/usr/lib/perl5/5.44/core_perl/CORE/XSUB.h:331:57: note: expanded from macro 'XSRETURN_UNDEF'
  331 | #define XSRETURN_UNDEF    STMT_START { XST_mUNDEF(0);   XSRETURN(1); } STMT_END
      |                                                         ^~~~~~~~~~~
/usr/lib/perl5/5.44/core_perl/CORE/XSUB.h:317:5: note: expanded from macro 'XSRETURN'
  317 |     STMT_START {                                        \
      |     ^~~~~~~~~~
./ppport.h:3826:28: note: expanded from macro 'STMT_START'
 3826 | #  define STMT_START    (void)( /* gcc supports ``({ STATEMENTS; })'' */
      |                               ^
LineBreak.xs:759:4: note: '{' token is here
  759 |                         XSRETURN_UNDEF;
      |                         ^~~~~~~~~~~~~~
/usr/lib/perl5/5.44/core_perl/CORE/XSUB.h:331:57: note: expanded from macro 'XSRETURN_UNDEF'
  331 | #define XSRETURN_UNDEF    STMT_START { XST_mUNDEF(0);   XSRETURN(1); } STMT_END
      |                                                         ^~~~~~~~~~~
/usr/lib/perl5/5.44/core_perl/CORE/XSUB.h:317:16: note: expanded from macro 'XSRETURN'
  317 |     STMT_START {                                        \
      |                ^
LineBreak.xs:759:4: warning: '}' and ')' tokens terminating statement expression appear in different macro expansion contexts [-Wcompound-token-split-by-macro]
  759 |                         XSRETURN_UNDEF;
      |                         ^~~~~~~~~~~~~~
/usr/lib/perl5/5.44/core_perl/CORE/XSUB.h:331:57: note: expanded from macro 'XSRETURN_UNDEF'
  331 | #define XSRETURN_UNDEF    STMT_START { XST_mUNDEF(0);   XSRETURN(1); } STMT_END
      |                                                         ^~~~~~~~~~~
/usr/lib/perl5/5.44/core_perl/CORE/XSUB.h:322:5: note: expanded from macro 'XSRETURN'
  322 |     } STMT_END
      |     ^
LineBreak.xs:759:4: note: ')' token is here
  759 |                         XSRETURN_UNDEF;
      |                         ^~~~~~~~~~~~~~
/usr/lib/perl5/5.44/core_perl/CORE/XSUB.h:331:57: note: expanded from macro 'XSRETURN_UNDEF'
  331 | #define XSRETURN_UNDEF    STMT_START { XST_mUNDEF(0);   XSRETURN(1); } STMT_END
      |                                                         ^~~~~~~~~~~
/usr/lib/perl5/5.44/core_perl/CORE/XSUB.h:322:7: note: expanded from macro 'XSRETURN'
  322 |     } STMT_END
      |       ^~~~~~~~
./ppport.h:3827:20: note: expanded from macro 'STMT_END'
 3827 | #  define STMT_END      )
      |                         ^
LineBreak.xs:759:4: warning: '}' and ')' tokens terminating statement expression appear in different macro expansion contexts [-Wcompound-token-split-by-macro]
  759 |                         XSRETURN_UNDEF;
      |                         ^~~~~~~~~~~~~~
/usr/lib/perl5/5.44/core_perl/CORE/XSUB.h:331:70: note: expanded from macro 'XSRETURN_UNDEF'
  331 | #define XSRETURN_UNDEF    STMT_START { XST_mUNDEF(0);   XSRETURN(1); } STMT_END
      |                                                                      ^
LineBreak.xs:759:4: note: ')' token is here
  759 |                         XSRETURN_UNDEF;
      |                         ^~~~~~~~~~~~~~
/usr/lib/perl5/5.44/core_perl/CORE/XSUB.h:331:72: note: expanded from macro 'XSRETURN_UNDEF'
  331 | #define XSRETURN_UNDEF    STMT_START { XST_mUNDEF(0);   XSRETURN(1); } STMT_END
      |                                                                        ^~~~~~~~
./ppport.h:3827:20: note: expanded from macro 'STMT_END'
 3827 | #  define STMT_END      )
      |                         ^
LineBreak.xs:761:7: warning: '(' and '{' tokens introducing statement expression appear in different macro expansion contexts [-Wcompound-token-split-by-macro]
  761 |                     XSRETURN(1);
      |                     ^~~~~~~~~~~
/usr/lib/perl5/5.44/core_perl/CORE/XSUB.h:317:5: note: expanded from macro 'XSRETURN'
  317 |     STMT_START {                                        \
      |     ^~~~~~~~~~
./ppport.h:3826:28: note: expanded from macro 'STMT_START'
 3826 | #  define STMT_START    (void)( /* gcc supports ``({ STATEMENTS; })'' */
      |                               ^
LineBreak.xs:761:7: note: '{' token is here
  761 |                     XSRETURN(1);
      |                     ^~~~~~~~~~~
/usr/lib/perl5/5.44/core_perl/CORE/XSUB.h:317:16: note: expanded from macro 'XSRETURN'
  317 |     STMT_START {                                        \
      |                ^
LineBreak.xs:761:7: warning: '}' and ')' tokens terminating statement expression appear in different macro expansion contexts [-Wcompound-token-split-by-macro]
  761 |                     XSRETURN(1);
      |                     ^~~~~~~~~~~
/usr/lib/perl5/5.44/core_perl/CORE/XSUB.h:322:5: note: expanded from macro 'XSRETURN'
  322 |     } STMT_END
      |     ^
LineBreak.xs:761:7: note: ')' token is here
  761 |                     XSRETURN(1);
      |                     ^~~~~~~~~~~
/usr/lib/perl5/5.44/core_perl/CORE/XSUB.h:322:7: note: expanded from macro 'XSRETURN'
  322 |     } STMT_END
      |       ^~~~~~~~
./ppport.h:3827:20: note: expanded from macro 'STMT_END'
 3827 | #  define STMT_END      )
      |                         ^
LineBreak.xs:768:3: warning: '(' and '{' tokens introducing statement expression appear in different macro expansion contexts [-Wcompound-token-split-by-macro]
  768 |                 XSRETURN_UNDEF;
      |                 ^~~~~~~~~~~~~~
/usr/lib/perl5/5.44/core_perl/CORE/XSUB.h:331:27: note: expanded from macro 'XSRETURN_UNDEF'
  331 | #define XSRETURN_UNDEF    STMT_START { XST_mUNDEF(0);   XSRETURN(1); } STMT_END
      |                           ^~~~~~~~~~
./ppport.h:3826:28: note: expanded from macro 'STMT_START'
 3826 | #  define STMT_START    (void)( /* gcc supports ``({ STATEMENTS; })'' */
      |                               ^
LineBreak.xs:768:3: note: '{' token is here
  768 |                 XSRETURN_UNDEF;
      |                 ^~~~~~~~~~~~~~
/usr/lib/perl5/5.44/core_perl/CORE/XSUB.h:331:38: note: expanded from macro 'XSRETURN_UNDEF'
  331 | #define XSRETURN_UNDEF    STMT_START { XST_mUNDEF(0);   XSRETURN(1); } STMT_END
      |                                      ^
LineBreak.xs:768:3: warning: '(' and '{' tokens introducing statement expression appear in different macro expansion contexts [-Wcompound-token-split-by-macro]
  768 |                 XSRETURN_UNDEF;
      |                 ^~~~~~~~~~~~~~
/usr/lib/perl5/5.44/core_perl/CORE/XSUB.h:331:57: note: expanded from macro 'XSRETURN_UNDEF'
  331 | #define XSRETURN_UNDEF    STMT_START { XST_mUNDEF(0);   XSRETURN(1); } STMT_END
      |                                                         ^~~~~~~~~~~
/usr/lib/perl5/5.44/core_perl/CORE/XSUB.h:317:5: note: expanded from macro 'XSRETURN'
  317 |     STMT_START {                                        \
      |     ^~~~~~~~~~
./ppport.h:3826:28: note: expanded from macro 'STMT_START'
 3826 | #  define STMT_START    (void)( /* gcc supports ``({ STATEMENTS; })'' */
      |                               ^
LineBreak.xs:768:3: note: '{' token is here
  768 |                 XSRETURN_UNDEF;
      |                 ^~~~~~~~~~~~~~
/usr/lib/perl5/5.44/core_perl/CORE/XSUB.h:331:57: note: expanded from macro 'XSRETURN_UNDEF'
  331 | #define XSRETURN_UNDEF    STMT_START { XST_mUNDEF(0);   XSRETURN(1); } STMT_END
      |                                                         ^~~~~~~~~~~
/usr/lib/perl5/5.44/core_perl/CORE/XSUB.h:317:16: note: expanded from macro 'XSRETURN'
  317 |     STMT_START {                                        \
      |                ^
LineBreak.xs:768:3: warning: '}' and ')' tokens terminating statement expression appear in different macro expansion contexts [-Wcompound-token-split-by-macro]
  768 |                 XSRETURN_UNDEF;
      |                 ^~~~~~~~~~~~~~
/usr/lib/perl5/5.44/core_perl/CORE/XSUB.h:331:57: note: expanded from macro 'XSRETURN_UNDEF'
  331 | #define XSRETURN_UNDEF    STMT_START { XST_mUNDEF(0);   XSRETURN(1); } STMT_END
      |                                                         ^~~~~~~~~~~
/usr/lib/perl5/5.44/core_perl/CORE/XSUB.h:322:5: note: expanded from macro 'XSRETURN'
  322 |     } STMT_END
      |     ^
LineBreak.xs:768:3: note: ')' token is here
  768 |                 XSRETURN_UNDEF;
      |                 ^~~~~~~~~~~~~~
/usr/lib/perl5/5.44/core_perl/CORE/XSUB.h:331:57: note: expanded from macro 'XSRETURN_UNDEF'
  331 | #define XSRETURN_UNDEF    STMT_START { XST_mUNDEF(0);   XSRETURN(1); } STMT_END
      |                                                         ^~~~~~~~~~~
/usr/lib/perl5/5.44/core_perl/CORE/XSUB.h:322:7: note: expanded from macro 'XSRETURN'
  322 |     } STMT_END
      |       ^~~~~~~~
./ppport.h:3827:20: note: expanded from macro 'STMT_END'
 3827 | #  define STMT_END      )
      |                         ^
LineBreak.xs:768:3: warning: '}' and ')' tokens terminating statement expression appear in different macro expansion contexts [-Wcompound-token-split-by-macro]
  768 |                 XSRETURN_UNDEF;
      |                 ^~~~~~~~~~~~~~
/usr/lib/perl5/5.44/core_perl/CORE/XSUB.h:331:70: note: expanded from macro 'XSRETURN_UNDEF'
  331 | #define XSRETURN_UNDEF    STMT_START { XST_mUNDEF(0);   XSRETURN(1); } STMT_END
      |                                                                      ^
LineBreak.xs:768:3: note: ')' token is here
  768 |                 XSRETURN_UNDEF;
      |                 ^~~~~~~~~~~~~~
/usr/lib/perl5/5.44/core_perl/CORE/XSUB.h:331:72: note: expanded from macro 'XSRETURN_UNDEF'
  331 | #define XSRETURN_UNDEF    STMT_START { XST_mUNDEF(0);   XSRETURN(1); } STMT_END
      |                                                                        ^~~~~~~~
./ppport.h:3827:20: note: expanded from macro 'STMT_END'
 3827 | #  define STMT_END      )
      |                         ^
LineBreak.c:1313:5: warning: '(' and '{' tokens introducing statement expression appear in different macro expansion contexts [-Wcompound-token-split-by-macro]
 1313 |     XSRETURN(1);
      |     ^~~~~~~~~~~
/usr/lib/perl5/5.44/core_perl/CORE/XSUB.h:317:5: note: expanded from macro 'XSRETURN'
  317 |     STMT_START {                                        \
      |     ^~~~~~~~~~
./ppport.h:3826:28: note: expanded from macro 'STMT_START'
 3826 | #  define STMT_START    (void)( /* gcc supports ``({ STATEMENTS; })'' */
      |                               ^
LineBreak.c:1313:5: note: '{' token is here
 1313 |     XSRETURN(1);
      |     ^~~~~~~~~~~
/usr/lib/perl5/5.44/core_perl/CORE/XSUB.h:317:16: note: expanded from macro 'XSRETURN'
  317 |     STMT_START {                                        \
      |                ^
LineBreak.c:1313:5: warning: '}' and ')' tokens terminating statement expression appear in different macro expansion contexts [-Wcompound-token-split-by-macro]
 1313 |     XSRETURN(1);
      |     ^~~~~~~~~~~
/usr/lib/perl5/5.44/core_perl/CORE/XSUB.h:322:5: note: expanded from macro 'XSRETURN'
  322 |     } STMT_END
      |     ^
LineBreak.c:1313:5: note: ')' token is here
 1313 |     XSRETURN(1);
      |     ^~~~~~~~~~~
/usr/lib/perl5/5.44/core_perl/CORE/XSUB.h:322:7: note: expanded from macro 'XSRETURN'
  322 |     } STMT_END
      |       ^~~~~~~~
./ppport.h:3827:20: note: expanded from macro 'STMT_END'
 3827 | #  define STMT_END      )
      |                         ^
LineBreak.xs:1057:6: warning: '(' and '{' tokens introducing statement expression appear in different macro expansion contexts [-Wcompound-token-split-by-macro]
 1057 |             XSRETURN_UNDEF;
      |             ^~~~~~~~~~~~~~
/usr/lib/perl5/5.44/core_perl/CORE/XSUB.h:331:27: note: expanded from macro 'XSRETURN_UNDEF'
  331 | #define XSRETURN_UNDEF    STMT_START { XST_mUNDEF(0);   XSRETURN(1); } STMT_END
      |                           ^~~~~~~~~~
./ppport.h:3826:28: note: expanded from macro 'STMT_START'
 3826 | #  define STMT_START    (void)( /* gcc supports ``({ STATEMENTS; })'' */
      |                               ^
LineBreak.xs:1057:6: note: '{' token is here
 1057 |             XSRETURN_UNDEF;
      |             ^~~~~~~~~~~~~~
/usr/lib/perl5/5.44/core_perl/CORE/XSUB.h:331:38: note: expanded from macro 'XSRETURN_UNDEF'
  331 | #define XSRETURN_UNDEF    STMT_START { XST_mUNDEF(0);   XSRETURN(1); } STMT_END
      |                                      ^
LineBreak.xs:1057:6: warning: '(' and '{' tokens introducing statement expression appear in different macro expansion contexts [-Wcompound-token-split-by-macro]
 1057 |             XSRETURN_UNDEF;
      |             ^~~~~~~~~~~~~~
/usr/lib/perl5/5.44/core_perl/CORE/XSUB.h:331:57: note: expanded from macro 'XSRETURN_UNDEF'
  331 | #define XSRETURN_UNDEF    STMT_START { XST_mUNDEF(0);   XSRETURN(1); } STMT_END
      |                                                         ^~~~~~~~~~~
/usr/lib/perl5/5.44/core_perl/CORE/XSUB.h:317:5: note: expanded from macro 'XSRETURN'
  317 |     STMT_START {                                        \
      |     ^~~~~~~~~~
./ppport.h:3826:28: note: expanded from macro 'STMT_START'
 3826 | #  define STMT_START    (void)( /* gcc supports ``({ STATEMENTS; })'' */
      |                               ^
LineBreak.xs:1057:6: note: '{' token is here
 1057 |             XSRETURN_UNDEF;
      |             ^~~~~~~~~~~~~~
/usr/lib/perl5/5.44/core_perl/CORE/XSUB.h:331:57: note: expanded from macro 'XSRETURN_UNDEF'
  331 | #define XSRETURN_UNDEF    STMT_START { XST_mUNDEF(0);   XSRETURN(1); } STMT_END
      |                                                         ^~~~~~~~~~~
/usr/lib/perl5/5.44/core_perl/CORE/XSUB.h:317:16: note: expanded from macro 'XSRETURN'
  317 |     STMT_START {                                        \
      |                ^
LineBreak.xs:1057:6: warning: '}' and ')' tokens terminating statement expression appear in different macro expansion contexts [-Wcompound-token-split-by-macro]
 1057 |             XSRETURN_UNDEF;
      |             ^~~~~~~~~~~~~~
/usr/lib/perl5/5.44/core_perl/CORE/XSUB.h:331:57: note: expanded from macro 'XSRETURN_UNDEF'
  331 | #define XSRETURN_UNDEF    STMT_START { XST_mUNDEF(0);   XSRETURN(1); } STMT_END
      |                                                         ^~~~~~~~~~~
/usr/lib/perl5/5.44/core_perl/CORE/XSUB.h:322:5: note: expanded from macro 'XSRETURN'
  322 |     } STMT_END
      |     ^
LineBreak.xs:1057:6: note: ')' token is here
 1057 |             XSRETURN_UNDEF;
      |             ^~~~~~~~~~~~~~
/usr/lib/perl5/5.44/core_perl/CORE/XSUB.h:331:57: note: expanded from macro 'XSRETURN_UNDEF'
  331 | #define XSRETURN_UNDEF    STMT_START { XST_mUNDEF(0);   XSRETURN(1); } STMT_END
      |                                                         ^~~~~~~~~~~
/usr/lib/perl5/5.44/core_perl/CORE/XSUB.h:322:7: note: expanded from macro 'XSRETURN'
  322 |     } STMT_END
      |       ^~~~~~~~
./ppport.h:3827:20: note: expanded from macro 'STMT_END'
 3827 | #  define STMT_END      )
      |                         ^
LineBreak.xs:1057:6: warning: '}' and ')' tokens terminating statement expression appear in different macro expansion contexts [-Wcompound-token-split-by-macro]
 1057 |             XSRETURN_UNDEF;
      |             ^~~~~~~~~~~~~~
/usr/lib/perl5/5.44/core_perl/CORE/XSUB.h:331:70: note: expanded from macro 'XSRETURN_UNDEF'
  331 | #define XSRETURN_UNDEF    STMT_START { XST_mUNDEF(0);   XSRETURN(1); } STMT_END
      |                                                                      ^
LineBreak.xs:1057:6: note: ')' token is here
 1057 |             XSRETURN_UNDEF;
      |             ^~~~~~~~~~~~~~
/usr/lib/perl5/5.44/core_perl/CORE/XSUB.h:331:72: note: expanded from macro 'XSRETURN_UNDEF'
  331 | #define XSRETURN_UNDEF    STMT_START { XST_mUNDEF(0);   XSRETURN(1); } STMT_END
      |                                                                        ^~~~~~~~
./ppport.h:3827:20: note: expanded from macro 'STMT_END'
 3827 | #  define STMT_END      )
      |                         ^
LineBreak.xs:1059:2: warning: '(' and '{' tokens introducing statement expression appear in different macro expansion contexts [-Wcompound-token-split-by-macro]
 1059 |         XSRETURN(1);
      |         ^~~~~~~~~~~
/usr/lib/perl5/5.44/core_perl/CORE/XSUB.h:317:5: note: expanded from macro 'XSRETURN'
  317 |     STMT_START {                                        \
      |     ^~~~~~~~~~
./ppport.h:3826:28: note: expanded from macro 'STMT_START'
 3826 | #  define STMT_START    (void)( /* gcc supports ``({ STATEMENTS; })'' */
      |                               ^
LineBreak.xs:1059:2: note: '{' token is here
 1059 |         XSRETURN(1);
      |         ^~~~~~~~~~~
/usr/lib/perl5/5.44/core_perl/CORE/XSUB.h:317:16: note: expanded from macro 'XSRETURN'
  317 |     STMT_START {                                        \
      |                ^
LineBreak.xs:1059:2: warning: '}' and ')' tokens terminating statement expression appear in different macro expansion contexts [-Wcompound-token-split-by-macro]
 1059 |         XSRETURN(1);
      |         ^~~~~~~~~~~
/usr/lib/perl5/5.44/core_perl/CORE/XSUB.h:322:5: note: expanded from macro 'XSRETURN'
  322 |     } STMT_END
      |     ^
LineBreak.xs:1059:2: note: ')' token is here
 1059 |         XSRETURN(1);
      |         ^~~~~~~~~~~
/usr/lib/perl5/5.44/core_perl/CORE/XSUB.h:322:7: note: expanded from macro 'XSRETURN'
  322 |     } STMT_END
      |       ^~~~~~~~
./ppport.h:3827:20: note: expanded from macro 'STMT_END'
 3827 | #  define STMT_END      )
      |                         ^
LineBreak.c:1341:5: warning: '(' and '{' tokens introducing statement expression appear in different macro expansion contexts [-Wcompound-token-split-by-macro]
 1341 |     XSRETURN(1);
      |     ^~~~~~~~~~~
/usr/lib/perl5/5.44/core_perl/CORE/XSUB.h:317:5: note: expanded from macro 'XSRETURN'
  317 |     STMT_START {                                        \
      |     ^~~~~~~~~~
./ppport.h:3826:28: note: expanded from macro 'STMT_START'
 3826 | #  define STMT_START    (void)( /* gcc supports ``({ STATEMENTS; })'' */
      |                               ^
LineBreak.c:1341:5: note: '{' token is here
 1341 |     XSRETURN(1);
      |     ^~~~~~~~~~~
/usr/lib/perl5/5.44/core_perl/CORE/XSUB.h:317:16: note: expanded from macro 'XSRETURN'
  317 |     STMT_START {                                        \
      |                ^
LineBreak.c:1341:5: warning: '}' and ')' tokens terminating statement expression appear in different macro expansion contexts [-Wcompound-token-split-by-macro]
 1341 |     XSRETURN(1);
      |     ^~~~~~~~~~~
/usr/lib/perl5/5.44/core_perl/CORE/XSUB.h:322:5: note: expanded from macro 'XSRETURN'
  322 |     } STMT_END
      |     ^
LineBreak.c:1341:5: note: ')' token is here
 1341 |     XSRETURN(1);
      |     ^~~~~~~~~~~
/usr/lib/perl5/5.44/core_perl/CORE/XSUB.h:322:7: note: expanded from macro 'XSRETURN'
  322 |     } STMT_END
      |       ^~~~~~~~
./ppport.h:3827:20: note: expanded from macro 'STMT_END'
 3827 | #  define STMT_END      )
      |                         ^
LineBreak.c:1375:5: warning: '(' and '{' tokens introducing statement expression appear in different macro expansion contexts [-Wcompound-token-split-by-macro]
 1375 |     XSRETURN(1);
      |     ^~~~~~~~~~~
/usr/lib/perl5/5.44/core_perl/CORE/XSUB.h:317:5: note: expanded from macro 'XSRETURN'
  317 |     STMT_START {                                        \
      |     ^~~~~~~~~~
./ppport.h:3826:28: note: expanded from macro 'STMT_START'
 3826 | #  define STMT_START    (void)( /* gcc supports ``({ STATEMENTS; })'' */
      |                               ^
LineBreak.c:1375:5: note: '{' token is here
 1375 |     XSRETURN(1);
      |     ^~~~~~~~~~~
/usr/lib/perl5/5.44/core_perl/CORE/XSUB.h:317:16: note: expanded from macro 'XSRETURN'
  317 |     STMT_START {                                        \
      |                ^
LineBreak.c:1375:5: warning: '}' and ')' tokens terminating statement expression appear in different macro expansion contexts [-Wcompound-token-split-by-macro]
 1375 |     XSRETURN(1);
      |     ^~~~~~~~~~~
/usr/lib/perl5/5.44/core_perl/CORE/XSUB.h:322:5: note: expanded from macro 'XSRETURN'
  322 |     } STMT_END
      |     ^
LineBreak.c:1375:5: note: ')' token is here
 1375 |     XSRETURN(1);
      |     ^~~~~~~~~~~
/usr/lib/perl5/5.44/core_perl/CORE/XSUB.h:322:7: note: expanded from macro 'XSRETURN'
  322 |     } STMT_END
      |       ^~~~~~~~
./ppport.h:3827:20: note: expanded from macro 'STMT_END'
 3827 | #  define STMT_END      )
      |                         ^
LineBreak.c:1409:5: warning: '(' and '{' tokens introducing statement expression appear in different macro expansion contexts [-Wcompound-token-split-by-macro]
 1409 |     XSRETURN(1);
      |     ^~~~~~~~~~~
/usr/lib/perl5/5.44/core_perl/CORE/XSUB.h:317:5: note: expanded from macro 'XSRETURN'
  317 |     STMT_START {                                        \
      |     ^~~~~~~~~~
./ppport.h:3826:28: note: expanded from macro 'STMT_START'
 3826 | #  define STMT_START    (void)( /* gcc supports ``({ STATEMENTS; })'' */
      |                               ^
LineBreak.c:1409:5: note: '{' token is here
 1409 |     XSRETURN(1);
      |     ^~~~~~~~~~~
/usr/lib/perl5/5.44/core_perl/CORE/XSUB.h:317:16: note: expanded from macro 'XSRETURN'
  317 |     STMT_START {                                        \
      |                ^
LineBreak.c:1409:5: warning: '}' and ')' tokens terminating statement expression appear in different macro expansion contexts [-Wcompound-token-split-by-macro]
 1409 |     XSRETURN(1);
      |     ^~~~~~~~~~~
/usr/lib/perl5/5.44/core_perl/CORE/XSUB.h:322:5: note: expanded from macro 'XSRETURN'
  322 |     } STMT_END
      |     ^
LineBreak.c:1409:5: note: ')' token is here
 1409 |     XSRETURN(1);
      |     ^~~~~~~~~~~
/usr/lib/perl5/5.44/core_perl/CORE/XSUB.h:322:7: note: expanded from macro 'XSRETURN'
  322 |     } STMT_END
      |       ^~~~~~~~
./ppport.h:3827:20: note: expanded from macro 'STMT_END'
 3827 | #  define STMT_END      )
      |                         ^
LineBreak.xs:1096:6: warning: '(' and '{' tokens introducing statement expression appear in different macro expansion contexts [-Wcompound-token-split-by-macro]
 1096 |             XSRETURN_UNDEF;
      |             ^~~~~~~~~~~~~~
/usr/lib/perl5/5.44/core_perl/CORE/XSUB.h:331:27: note: expanded from macro 'XSRETURN_UNDEF'
  331 | #define XSRETURN_UNDEF    STMT_START { XST_mUNDEF(0);   XSRETURN(1); } STMT_END
      |                           ^~~~~~~~~~
./ppport.h:3826:28: note: expanded from macro 'STMT_START'
 3826 | #  define STMT_START    (void)( /* gcc supports ``({ STATEMENTS; })'' */
      |                               ^
LineBreak.xs:1096:6: note: '{' token is here
 1096 |             XSRETURN_UNDEF;
      |             ^~~~~~~~~~~~~~
/usr/lib/perl5/5.44/core_perl/CORE/XSUB.h:331:38: note: expanded from macro 'XSRETURN_UNDEF'
  331 | #define XSRETURN_UNDEF    STMT_START { XST_mUNDEF(0);   XSRETURN(1); } STMT_END
      |                                      ^
LineBreak.xs:1096:6: warning: '(' and '{' tokens introducing statement expression appear in different macro expansion contexts [-Wcompound-token-split-by-macro]
 1096 |             XSRETURN_UNDEF;
      |             ^~~~~~~~~~~~~~
/usr/lib/perl5/5.44/core_perl/CORE/XSUB.h:331:57: note: expanded from macro 'XSRETURN_UNDEF'
  331 | #define XSRETURN_UNDEF    STMT_START { XST_mUNDEF(0);   XSRETURN(1); } STMT_END
      |                                                         ^~~~~~~~~~~
/usr/lib/perl5/5.44/core_perl/CORE/XSUB.h:317:5: note: expanded from macro 'XSRETURN'
  317 |     STMT_START {                                        \
      |     ^~~~~~~~~~
./ppport.h:3826:28: note: expanded from macro 'STMT_START'
 3826 | #  define STMT_START    (void)( /* gcc supports ``({ STATEMENTS; })'' */
      |                               ^
LineBreak.xs:1096:6: note: '{' token is here
 1096 |             XSRETURN_UNDEF;
      |             ^~~~~~~~~~~~~~
/usr/lib/perl5/5.44/core_perl/CORE/XSUB.h:331:57: note: expanded from macro 'XSRETURN_UNDEF'
  331 | #define XSRETURN_UNDEF    STMT_START { XST_mUNDEF(0);   XSRETURN(1); } STMT_END
      |                                                         ^~~~~~~~~~~
/usr/lib/perl5/5.44/core_perl/CORE/XSUB.h:317:16: note: expanded from macro 'XSRETURN'
  317 |     STMT_START {                                        \
      |                ^
LineBreak.xs:1096:6: warning: '}' and ')' tokens terminating statement expression appear in different macro expansion contexts [-Wcompound-token-split-by-macro]
 1096 |             XSRETURN_UNDEF;
      |             ^~~~~~~~~~~~~~
/usr/lib/perl5/5.44/core_perl/CORE/XSUB.h:331:57: note: expanded from macro 'XSRETURN_UNDEF'
  331 | #define XSRETURN_UNDEF    STMT_START { XST_mUNDEF(0);   XSRETURN(1); } STMT_END
      |                                                         ^~~~~~~~~~~
/usr/lib/perl5/5.44/core_perl/CORE/XSUB.h:322:5: note: expanded from macro 'XSRETURN'
  322 |     } STMT_END
      |     ^
LineBreak.xs:1096:6: note: ')' token is here
 1096 |             XSRETURN_UNDEF;
      |             ^~~~~~~~~~~~~~
/usr/lib/perl5/5.44/core_perl/CORE/XSUB.h:331:57: note: expanded from macro 'XSRETURN_UNDEF'
  331 | #define XSRETURN_UNDEF    STMT_START { XST_mUNDEF(0);   XSRETURN(1); } STMT_END
      |                                                         ^~~~~~~~~~~
/usr/lib/perl5/5.44/core_perl/CORE/XSUB.h:322:7: note: expanded from macro 'XSRETURN'
  322 |     } STMT_END
      |       ^~~~~~~~
./ppport.h:3827:20: note: expanded from macro 'STMT_END'
 3827 | #  define STMT_END      )
      |                         ^
LineBreak.xs:1096:6: warning: '}' and ')' tokens terminating statement expression appear in different macro expansion contexts [-Wcompound-token-split-by-macro]
 1096 |             XSRETURN_UNDEF;
      |             ^~~~~~~~~~~~~~
/usr/lib/perl5/5.44/core_perl/CORE/XSUB.h:331:70: note: expanded from macro 'XSRETURN_UNDEF'
  331 | #define XSRETURN_UNDEF    STMT_START { XST_mUNDEF(0);   XSRETURN(1); } STMT_END
      |                                                                      ^
LineBreak.xs:1096:6: note: ')' token is here
 1096 |             XSRETURN_UNDEF;
      |             ^~~~~~~~~~~~~~
/usr/lib/perl5/5.44/core_perl/CORE/XSUB.h:331:72: note: expanded from macro 'XSRETURN_UNDEF'
  331 | #define XSRETURN_UNDEF    STMT_START { XST_mUNDEF(0);   XSRETURN(1); } STMT_END
      |                                                                        ^~~~~~~~
./ppport.h:3827:20: note: expanded from macro 'STMT_END'
 3827 | #  define STMT_END      )
      |                         ^
LineBreak.xs:1098:6: warning: '(' and '{' tokens introducing statement expression appear in different macro expansion contexts [-Wcompound-token-split-by-macro]
 1098 |             XSRETURN_UNDEF;
      |             ^~~~~~~~~~~~~~
/usr/lib/perl5/5.44/core_perl/CORE/XSUB.h:331:27: note: expanded from macro 'XSRETURN_UNDEF'
  331 | #define XSRETURN_UNDEF    STMT_START { XST_mUNDEF(0);   XSRETURN(1); } STMT_END
      |                           ^~~~~~~~~~
./ppport.h:3826:28: note: expanded from macro 'STMT_START'
 3826 | #  define STMT_START    (void)( /* gcc supports ``({ STATEMENTS; })'' */
      |                               ^
LineBreak.xs:1098:6: note: '{' token is here
 1098 |             XSRETURN_UNDEF;
      |             ^~~~~~~~~~~~~~
/usr/lib/perl5/5.44/core_perl/CORE/XSUB.h:331:38: note: expanded from macro 'XSRETURN_UNDEF'
  331 | #define XSRETURN_UNDEF    STMT_START { XST_mUNDEF(0);   XSRETURN(1); } STMT_END
      |                                      ^
LineBreak.xs:1098:6: warning: '(' and '{' tokens introducing statement expression appear in different macro expansion contexts [-Wcompound-token-split-by-macro]
 1098 |             XSRETURN_UNDEF;
      |             ^~~~~~~~~~~~~~
/usr/lib/perl5/5.44/core_perl/CORE/XSUB.h:331:57: note: expanded from macro 'XSRETURN_UNDEF'
  331 | #define XSRETURN_UNDEF    STMT_START { XST_mUNDEF(0);   XSRETURN(1); } STMT_END
      |                                                         ^~~~~~~~~~~
/usr/lib/perl5/5.44/core_perl/CORE/XSUB.h:317:5: note: expanded from macro 'XSRETURN'
  317 |     STMT_START {                                        \
      |     ^~~~~~~~~~
./ppport.h:3826:28: note: expanded from macro 'STMT_START'
 3826 | #  define STMT_START    (void)( /* gcc supports ``({ STATEMENTS; })'' */
      |                               ^
LineBreak.xs:1098:6: note: '{' token is here
 1098 |             XSRETURN_UNDEF;
      |             ^~~~~~~~~~~~~~
/usr/lib/perl5/5.44/core_perl/CORE/XSUB.h:331:57: note: expanded from macro 'XSRETURN_UNDEF'
  331 | #define XSRETURN_UNDEF    STMT_START { XST_mUNDEF(0);   XSRETURN(1); } STMT_END
      |                                                         ^~~~~~~~~~~
/usr/lib/perl5/5.44/core_perl/CORE/XSUB.h:317:16: note: expanded from macro 'XSRETURN'
  317 |     STMT_START {                                        \
      |                ^
LineBreak.xs:1098:6: warning: '}' and ')' tokens terminating statement expression appear in different macro expansion contexts [-Wcompound-token-split-by-macro]
 1098 |             XSRETURN_UNDEF;
      |             ^~~~~~~~~~~~~~
/usr/lib/perl5/5.44/core_perl/CORE/XSUB.h:331:57: note: expanded from macro 'XSRETURN_UNDEF'
  331 | #define XSRETURN_UNDEF    STMT_START { XST_mUNDEF(0);   XSRETURN(1); } STMT_END
      |                                                         ^~~~~~~~~~~
/usr/lib/perl5/5.44/core_perl/CORE/XSUB.h:322:5: note: expanded from macro 'XSRETURN'
  322 |     } STMT_END
      |     ^
LineBreak.xs:1098:6: note: ')' token is here
 1098 |             XSRETURN_UNDEF;
      |             ^~~~~~~~~~~~~~
/usr/lib/perl5/5.44/core_perl/CORE/XSUB.h:331:57: note: expanded from macro 'XSRETURN_UNDEF'
  331 | #define XSRETURN_UNDEF    STMT_START { XST_mUNDEF(0);   XSRETURN(1); } STMT_END
      |                                                         ^~~~~~~~~~~
/usr/lib/perl5/5.44/core_perl/CORE/XSUB.h:322:7: note: expanded from macro 'XSRETURN'
  322 |     } STMT_END
      |       ^~~~~~~~
./ppport.h:3827:20: note: expanded from macro 'STMT_END'
 3827 | #  define STMT_END      )
      |                         ^
LineBreak.xs:1098:6: warning: '}' and ')' tokens terminating statement expression appear in different macro expansion contexts [-Wcompound-token-split-by-macro]
 1098 |             XSRETURN_UNDEF;
      |             ^~~~~~~~~~~~~~
/usr/lib/perl5/5.44/core_perl/CORE/XSUB.h:331:70: note: expanded from macro 'XSRETURN_UNDEF'
  331 | #define XSRETURN_UNDEF    STMT_START { XST_mUNDEF(0);   XSRETURN(1); } STMT_END
      |                                                                      ^
LineBreak.xs:1098:6: note: ')' token is here
 1098 |             XSRETURN_UNDEF;
      |             ^~~~~~~~~~~~~~
/usr/lib/perl5/5.44/core_perl/CORE/XSUB.h:331:72: note: expanded from macro 'XSRETURN_UNDEF'
  331 | #define XSRETURN_UNDEF    STMT_START { XST_mUNDEF(0);   XSRETURN(1); } STMT_END
      |                                                                        ^~~~~~~~
./ppport.h:3827:20: note: expanded from macro 'STMT_END'
 3827 | #  define STMT_END      )
      |                         ^
LineBreak.xs:1101:6: warning: '(' and '{' tokens introducing statement expression appear in different macro expansion contexts [-Wcompound-token-split-by-macro]
 1101 |             XSRETURN_UNDEF;
      |             ^~~~~~~~~~~~~~
/usr/lib/perl5/5.44/core_perl/CORE/XSUB.h:331:27: note: expanded from macro 'XSRETURN_UNDEF'
  331 | #define XSRETURN_UNDEF    STMT_START { XST_mUNDEF(0);   XSRETURN(1); } STMT_END
      |                           ^~~~~~~~~~
./ppport.h:3826:28: note: expanded from macro 'STMT_START'
 3826 | #  define STMT_START    (void)( /* gcc supports ``({ STATEMENTS; })'' */
      |                               ^
LineBreak.xs:1101:6: note: '{' token is here
 1101 |             XSRETURN_UNDEF;
      |             ^~~~~~~~~~~~~~
/usr/lib/perl5/5.44/core_perl/CORE/XSUB.h:331:38: note: expanded from macro 'XSRETURN_UNDEF'
  331 | #define XSRETURN_UNDEF    STMT_START { XST_mUNDEF(0);   XSRETURN(1); } STMT_END
      |                                      ^
LineBreak.xs:1101:6: warning: '(' and '{' tokens introducing statement expression appear in different macro expansion contexts [-Wcompound-token-split-by-macro]
 1101 |             XSRETURN_UNDEF;
      |             ^~~~~~~~~~~~~~
/usr/lib/perl5/5.44/core_perl/CORE/XSUB.h:331:57: note: expanded from macro 'XSRETURN_UNDEF'
  331 | #define XSRETURN_UNDEF    STMT_START { XST_mUNDEF(0);   XSRETURN(1); } STMT_END
      |                                                         ^~~~~~~~~~~
/usr/lib/perl5/5.44/core_perl/CORE/XSUB.h:317:5: note: expanded from macro 'XSRETURN'
  317 |     STMT_START {                                        \
      |     ^~~~~~~~~~
./ppport.h:3826:28: note: expanded from macro 'STMT_START'
 3826 | #  define STMT_START    (void)( /* gcc supports ``({ STATEMENTS; })'' */
      |                               ^
LineBreak.xs:1101:6: note: '{' token is here
 1101 |             XSRETURN_UNDEF;
      |             ^~~~~~~~~~~~~~
/usr/lib/perl5/5.44/core_perl/CORE/XSUB.h:331:57: note: expanded from macro 'XSRETURN_UNDEF'
  331 | #define XSRETURN_UNDEF    STMT_START { XST_mUNDEF(0);   XSRETURN(1); } STMT_END
      |                                                         ^~~~~~~~~~~
/usr/lib/perl5/5.44/core_perl/CORE/XSUB.h:317:16: note: expanded from macro 'XSRETURN'
  317 |     STMT_START {                                        \
      |                ^
LineBreak.xs:1101:6: warning: '}' and ')' tokens terminating statement expression appear in different macro expansion contexts [-Wcompound-token-split-by-macro]
 1101 |             XSRETURN_UNDEF;
      |             ^~~~~~~~~~~~~~
/usr/lib/perl5/5.44/core_perl/CORE/XSUB.h:331:57: note: expanded from macro 'XSRETURN_UNDEF'
  331 | #define XSRETURN_UNDEF    STMT_START { XST_mUNDEF(0);   XSRETURN(1); } STMT_END
      |                                                         ^~~~~~~~~~~
/usr/lib/perl5/5.44/core_perl/CORE/XSUB.h:322:5: note: expanded from macro 'XSRETURN'
  322 |     } STMT_END
      |     ^
LineBreak.xs:1101:6: note: ')' token is here
 1101 |             XSRETURN_UNDEF;
      |             ^~~~~~~~~~~~~~
/usr/lib/perl5/5.44/core_perl/CORE/XSUB.h:331:57: note: expanded from macro 'XSRETURN_UNDEF'
  331 | #define XSRETURN_UNDEF    STMT_START { XST_mUNDEF(0);   XSRETURN(1); } STMT_END
      |                                                         ^~~~~~~~~~~
/usr/lib/perl5/5.44/core_perl/CORE/XSUB.h:322:7: note: expanded from macro 'XSRETURN'
  322 |     } STMT_END
      |       ^~~~~~~~
./ppport.h:3827:20: note: expanded from macro 'STMT_END'
 3827 | #  define STMT_END      )
      |                         ^
LineBreak.xs:1101:6: warning: '}' and ')' tokens terminating statement expression appear in different macro expansion contexts [-Wcompound-token-split-by-macro]
 1101 |             XSRETURN_UNDEF;
      |             ^~~~~~~~~~~~~~
/usr/lib/perl5/5.44/core_perl/CORE/XSUB.h:331:70: note: expanded from macro 'XSRETURN_UNDEF'
  331 | #define XSRETURN_UNDEF    STMT_START { XST_mUNDEF(0);   XSRETURN(1); } STMT_END
      |                                                                      ^
LineBreak.xs:1101:6: note: ')' token is here
 1101 |             XSRETURN_UNDEF;
      |             ^~~~~~~~~~~~~~
/usr/lib/perl5/5.44/core_perl/CORE/XSUB.h:331:72: note: expanded from macro 'XSRETURN_UNDEF'
  331 | #define XSRETURN_UNDEF    STMT_START { XST_mUNDEF(0);   XSRETURN(1); } STMT_END
      |                                                                        ^~~~~~~~
./ppport.h:3827:20: note: expanded from macro 'STMT_END'
 3827 | #  define STMT_END      )
      |                         ^
LineBreak.c:1446:2: warning: '(' and '{' tokens introducing statement expression appear in different macro expansion contexts [-Wcompound-token-split-by-macro]
 1446 |         TARGu((UV)RETVAL, 1);
      |         ^~~~~~~~~~~~~~~~~~~~
/usr/lib/perl5/5.44/core_perl/CORE/pp.h:504:5: note: expanded from macro 'TARGu'
  504 |     STMT_START {                                                        \
      |     ^~~~~~~~~~
./ppport.h:3826:28: note: expanded from macro 'STMT_START'
 3826 | #  define STMT_START    (void)( /* gcc supports ``({ STATEMENTS; })'' */
      |                               ^
LineBreak.c:1446:2: note: '{' token is here
 1446 |         TARGu((UV)RETVAL, 1);
      |         ^~~~~~~~~~~~~~~~~~~~
/usr/lib/perl5/5.44/core_perl/CORE/pp.h:504:16: note: expanded from macro 'TARGu'
  504 |     STMT_START {                                                        \
      |                ^
LineBreak.c:1446:2: warning: '}' and ')' tokens terminating statement expression appear in different macro expansion contexts [-Wcompound-token-split-by-macro]
 1446 |         TARGu((UV)RETVAL, 1);
      |         ^~~~~~~~~~~~~~~~~~~~
/usr/lib/perl5/5.44/core_perl/CORE/pp.h:522:5: note: expanded from macro 'TARGu'
  522 |     } STMT_END
      |     ^
LineBreak.c:1446:2: note: ')' token is here
 1446 |         TARGu((UV)RETVAL, 1);
      |         ^~~~~~~~~~~~~~~~~~~~
/usr/lib/perl5/5.44/core_perl/CORE/pp.h:522:7: note: expanded from macro 'TARGu'
  522 |     } STMT_END
      |       ^~~~~~~~
./ppport.h:3827:20: note: expanded from macro 'STMT_END'
 3827 | #  define STMT_END      )
      |                         ^
LineBreak.c:1449:5: warning: '(' and '{' tokens introducing statement expression appear in different macro expansion contexts [-Wcompound-token-split-by-macro]
 1449 |     XSRETURN(1);
      |     ^~~~~~~~~~~
/usr/lib/perl5/5.44/core_perl/CORE/XSUB.h:317:5: note: expanded from macro 'XSRETURN'
  317 |     STMT_START {                                        \
      |     ^~~~~~~~~~
./ppport.h:3826:28: note: expanded from macro 'STMT_START'
 3826 | #  define STMT_START    (void)( /* gcc supports ``({ STATEMENTS; })'' */
      |                               ^
LineBreak.c:1449:5: note: '{' token is here
 1449 |     XSRETURN(1);
      |     ^~~~~~~~~~~
/usr/lib/perl5/5.44/core_perl/CORE/XSUB.h:317:16: note: expanded from macro 'XSRETURN'
  317 |     STMT_START {                                        \
      |                ^
LineBreak.c:1449:5: warning: '}' and ')' tokens terminating statement expression appear in different macro expansion contexts [-Wcompound-token-split-by-macro]
 1449 |     XSRETURN(1);
      |     ^~~~~~~~~~~
/usr/lib/perl5/5.44/core_perl/CORE/XSUB.h:322:5: note: expanded from macro 'XSRETURN'
  322 |     } STMT_END
      |     ^
LineBreak.c:1449:5: note: ')' token is here
 1449 |     XSRETURN(1);
      |     ^~~~~~~~~~~
/usr/lib/perl5/5.44/core_perl/CORE/XSUB.h:322:7: note: expanded from macro 'XSRETURN'
  322 |     } STMT_END
      |       ^~~~~~~~
./ppport.h:3827:20: note: expanded from macro 'STMT_END'
 3827 | #  define STMT_END      )
      |                         ^
LineBreak.xs:1115:6: warning: '(' and '{' tokens introducing statement expression appear in different macro expansion contexts [-Wcompound-token-split-by-macro]
 1115 |             XSRETURN_UNDEF;
      |             ^~~~~~~~~~~~~~
/usr/lib/perl5/5.44/core_perl/CORE/XSUB.h:331:27: note: expanded from macro 'XSRETURN_UNDEF'
  331 | #define XSRETURN_UNDEF    STMT_START { XST_mUNDEF(0);   XSRETURN(1); } STMT_END
      |                           ^~~~~~~~~~
./ppport.h:3826:28: note: expanded from macro 'STMT_START'
 3826 | #  define STMT_START    (void)( /* gcc supports ``({ STATEMENTS; })'' */
      |                               ^
LineBreak.xs:1115:6: note: '{' token is here
 1115 |             XSRETURN_UNDEF;
      |             ^~~~~~~~~~~~~~
/usr/lib/perl5/5.44/core_perl/CORE/XSUB.h:331:38: note: expanded from macro 'XSRETURN_UNDEF'
  331 | #define XSRETURN_UNDEF    STMT_START { XST_mUNDEF(0);   XSRETURN(1); } STMT_END
      |                                      ^
LineBreak.xs:1115:6: warning: '(' and '{' tokens introducing statement expression appear in different macro expansion contexts [-Wcompound-token-split-by-macro]
 1115 |             XSRETURN_UNDEF;
      |             ^~~~~~~~~~~~~~
/usr/lib/perl5/5.44/core_perl/CORE/XSUB.h:331:57: note: expanded from macro 'XSRETURN_UNDEF'
  331 | #define XSRETURN_UNDEF    STMT_START { XST_mUNDEF(0);   XSRETURN(1); } STMT_END
      |                                                         ^~~~~~~~~~~
/usr/lib/perl5/5.44/core_perl/CORE/XSUB.h:317:5: note: expanded from macro 'XSRETURN'
  317 |     STMT_START {                                        \
      |     ^~~~~~~~~~
./ppport.h:3826:28: note: expanded from macro 'STMT_START'
 3826 | #  define STMT_START    (void)( /* gcc supports ``({ STATEMENTS; })'' */
      |                               ^
LineBreak.xs:1115:6: note: '{' token is here
 1115 |             XSRETURN_UNDEF;
      |             ^~~~~~~~~~~~~~
/usr/lib/perl5/5.44/core_perl/CORE/XSUB.h:331:57: note: expanded from macro 'XSRETURN_UNDEF'
  331 | #define XSRETURN_UNDEF    STMT_START { XST_mUNDEF(0);   XSRETURN(1); } STMT_END
      |                                                         ^~~~~~~~~~~
/usr/lib/perl5/5.44/core_perl/CORE/XSUB.h:317:16: note: expanded from macro 'XSRETURN'
  317 |     STMT_START {                                        \
      |                ^
LineBreak.xs:1115:6: warning: '}' and ')' tokens terminating statement expression appear in different macro expansion contexts [-Wcompound-token-split-by-macro]
 1115 |             XSRETURN_UNDEF;
      |             ^~~~~~~~~~~~~~
/usr/lib/perl5/5.44/core_perl/CORE/XSUB.h:331:57: note: expanded from macro 'XSRETURN_UNDEF'
  331 | #define XSRETURN_UNDEF    STMT_START { XST_mUNDEF(0);   XSRETURN(1); } STMT_END
      |                                                         ^~~~~~~~~~~
/usr/lib/perl5/5.44/core_perl/CORE/XSUB.h:322:5: note: expanded from macro 'XSRETURN'
  322 |     } STMT_END
      |     ^
LineBreak.xs:1115:6: note: ')' token is here
 1115 |             XSRETURN_UNDEF;
      |             ^~~~~~~~~~~~~~
/usr/lib/perl5/5.44/core_perl/CORE/XSUB.h:331:57: note: expanded from macro 'XSRETURN_UNDEF'
  331 | #define XSRETURN_UNDEF    STMT_START { XST_mUNDEF(0);   XSRETURN(1); } STMT_END
      |                                                         ^~~~~~~~~~~
/usr/lib/perl5/5.44/core_perl/CORE/XSUB.h:322:7: note: expanded from macro 'XSRETURN'
  322 |     } STMT_END
      |       ^~~~~~~~
./ppport.h:3827:20: note: expanded from macro 'STMT_END'
 3827 | #  define STMT_END      )
      |                         ^
LineBreak.xs:1115:6: warning: '}' and ')' tokens terminating statement expression appear in different macro expansion contexts [-Wcompound-token-split-by-macro]
 1115 |             XSRETURN_UNDEF;
      |             ^~~~~~~~~~~~~~
/usr/lib/perl5/5.44/core_perl/CORE/XSUB.h:331:70: note: expanded from macro 'XSRETURN_UNDEF'
  331 | #define XSRETURN_UNDEF    STMT_START { XST_mUNDEF(0);   XSRETURN(1); } STMT_END
      |                                                                      ^
LineBreak.xs:1115:6: note: ')' token is here
 1115 |             XSRETURN_UNDEF;
      |             ^~~~~~~~~~~~~~
/usr/lib/perl5/5.44/core_perl/CORE/XSUB.h:331:72: note: expanded from macro 'XSRETURN_UNDEF'
  331 | #define XSRETURN_UNDEF    STMT_START { XST_mUNDEF(0);   XSRETURN(1); } STMT_END
      |                                                                        ^~~~~~~~
./ppport.h:3827:20: note: expanded from macro 'STMT_END'
 3827 | #  define STMT_END      )
      |                         ^
LineBreak.xs:1117:6: warning: '(' and '{' tokens introducing statement expression appear in different macro expansion contexts [-Wcompound-token-split-by-macro]
 1117 |             XSRETURN_UNDEF;
      |             ^~~~~~~~~~~~~~
/usr/lib/perl5/5.44/core_perl/CORE/XSUB.h:331:27: note: expanded from macro 'XSRETURN_UNDEF'
  331 | #define XSRETURN_UNDEF    STMT_START { XST_mUNDEF(0);   XSRETURN(1); } STMT_END
      |                           ^~~~~~~~~~
./ppport.h:3826:28: note: expanded from macro 'STMT_START'
 3826 | #  define STMT_START    (void)( /* gcc supports ``({ STATEMENTS; })'' */
      |                               ^
LineBreak.xs:1117:6: note: '{' token is here
 1117 |             XSRETURN_UNDEF;
      |             ^~~~~~~~~~~~~~
/usr/lib/perl5/5.44/core_perl/CORE/XSUB.h:331:38: note: expanded from macro 'XSRETURN_UNDEF'
  331 | #define XSRETURN_UNDEF    STMT_START { XST_mUNDEF(0);   XSRETURN(1); } STMT_END
      |                                      ^
LineBreak.xs:1117:6: warning: '(' and '{' tokens introducing statement expression appear in different macro expansion contexts [-Wcompound-token-split-by-macro]
 1117 |             XSRETURN_UNDEF;
      |             ^~~~~~~~~~~~~~
/usr/lib/perl5/5.44/core_perl/CORE/XSUB.h:331:57: note: expanded from macro 'XSRETURN_UNDEF'
  331 | #define XSRETURN_UNDEF    STMT_START { XST_mUNDEF(0);   XSRETURN(1); } STMT_END
      |                                                         ^~~~~~~~~~~
/usr/lib/perl5/5.44/core_perl/CORE/XSUB.h:317:5: note: expanded from macro 'XSRETURN'
  317 |     STMT_START {                                        \
      |     ^~~~~~~~~~
./ppport.h:3826:28: note: expanded from macro 'STMT_START'
 3826 | #  define STMT_START    (void)( /* gcc supports ``({ STATEMENTS; })'' */
      |                               ^
LineBreak.xs:1117:6: note: '{' token is here
 1117 |             XSRETURN_UNDEF;
      |             ^~~~~~~~~~~~~~
/usr/lib/perl5/5.44/core_perl/CORE/XSUB.h:331:57: note: expanded from macro 'XSRETURN_UNDEF'
  331 | #define XSRETURN_UNDEF    STMT_START { XST_mUNDEF(0);   XSRETURN(1); } STMT_END
      |                                                         ^~~~~~~~~~~
/usr/lib/perl5/5.44/core_perl/CORE/XSUB.h:317:16: note: expanded from macro 'XSRETURN'
  317 |     STMT_START {                                        \
      |                ^
LineBreak.xs:1117:6: warning: '}' and ')' tokens terminating statement expression appear in different macro expansion contexts [-Wcompound-token-split-by-macro]
 1117 |             XSRETURN_UNDEF;
      |             ^~~~~~~~~~~~~~
/usr/lib/perl5/5.44/core_perl/CORE/XSUB.h:331:57: note: expanded from macro 'XSRETURN_UNDEF'
  331 | #define XSRETURN_UNDEF    STMT_START { XST_mUNDEF(0);   XSRETURN(1); } STMT_END
      |                                                         ^~~~~~~~~~~
/usr/lib/perl5/5.44/core_perl/CORE/XSUB.h:322:5: note: expanded from macro 'XSRETURN'
  322 |     } STMT_END
      |     ^
LineBreak.xs:1117:6: note: ')' token is here
 1117 |             XSRETURN_UNDEF;
      |             ^~~~~~~~~~~~~~
/usr/lib/perl5/5.44/core_perl/CORE/XSUB.h:331:57: note: expanded from macro 'XSRETURN_UNDEF'
  331 | #define XSRETURN_UNDEF    STMT_START { XST_mUNDEF(0);   XSRETURN(1); } STMT_END
      |                                                         ^~~~~~~~~~~
/usr/lib/perl5/5.44/core_perl/CORE/XSUB.h:322:7: note: expanded from macro 'XSRETURN'
  322 |     } STMT_END
      |       ^~~~~~~~
./ppport.h:3827:20: note: expanded from macro 'STMT_END'
 3827 | #  define STMT_END      )
      |                         ^
LineBreak.xs:1117:6: warning: '}' and ')' tokens terminating statement expression appear in different macro expansion contexts [-Wcompound-token-split-by-macro]
 1117 |             XSRETURN_UNDEF;
      |             ^~~~~~~~~~~~~~
/usr/lib/perl5/5.44/core_perl/CORE/XSUB.h:331:70: note: expanded from macro 'XSRETURN_UNDEF'
  331 | #define XSRETURN_UNDEF    STMT_START { XST_mUNDEF(0);   XSRETURN(1); } STMT_END
      |                                                                      ^
LineBreak.xs:1117:6: note: ')' token is here
 1117 |             XSRETURN_UNDEF;
      |             ^~~~~~~~~~~~~~
/usr/lib/perl5/5.44/core_perl/CORE/XSUB.h:331:72: note: expanded from macro 'XSRETURN_UNDEF'
  331 | #define XSRETURN_UNDEF    STMT_START { XST_mUNDEF(0);   XSRETURN(1); } STMT_END
      |                                                                        ^~~~~~~~
./ppport.h:3827:20: note: expanded from macro 'STMT_END'
 3827 | #  define STMT_END      )
      |                         ^
LineBreak.xs:1119:6: warning: '(' and '{' tokens introducing statement expression appear in different macro expansion contexts [-Wcompound-token-split-by-macro]
 1119 |             XSRETURN_UNDEF;
      |             ^~~~~~~~~~~~~~
/usr/lib/perl5/5.44/core_perl/CORE/XSUB.h:331:27: note: expanded from macro 'XSRETURN_UNDEF'
  331 | #define XSRETURN_UNDEF    STMT_START { XST_mUNDEF(0);   XSRETURN(1); } STMT_END
      |                           ^~~~~~~~~~
./ppport.h:3826:28: note: expanded from macro 'STMT_START'
 3826 | #  define STMT_START    (void)( /* gcc supports ``({ STATEMENTS; })'' */
      |                               ^
LineBreak.xs:1119:6: note: '{' token is here
 1119 |             XSRETURN_UNDEF;
      |             ^~~~~~~~~~~~~~
/usr/lib/perl5/5.44/core_perl/CORE/XSUB.h:331:38: note: expanded from macro 'XSRETURN_UNDEF'
  331 | #define XSRETURN_UNDEF    STMT_START { XST_mUNDEF(0);   XSRETURN(1); } STMT_END
      |                                      ^
LineBreak.xs:1119:6: warning: '(' and '{' tokens introducing statement expression appear in different macro expansion contexts [-Wcompound-token-split-by-macro]
 1119 |             XSRETURN_UNDEF;
      |             ^~~~~~~~~~~~~~
/usr/lib/perl5/5.44/core_perl/CORE/XSUB.h:331:57: note: expanded from macro 'XSRETURN_UNDEF'
  331 | #define XSRETURN_UNDEF    STMT_START { XST_mUNDEF(0);   XSRETURN(1); } STMT_END
      |                                                         ^~~~~~~~~~~
/usr/lib/perl5/5.44/core_perl/CORE/XSUB.h:317:5: note: expanded from macro 'XSRETURN'
  317 |     STMT_START {                                        \
      |     ^~~~~~~~~~
./ppport.h:3826:28: note: expanded from macro 'STMT_START'
 3826 | #  define STMT_START    (void)( /* gcc supports ``({ STATEMENTS; })'' */
      |                               ^
LineBreak.xs:1119:6: note: '{' token is here
 1119 |             XSRETURN_UNDEF;
      |             ^~~~~~~~~~~~~~
/usr/lib/perl5/5.44/core_perl/CORE/XSUB.h:331:57: note: expanded from macro 'XSRETURN_UNDEF'
  331 | #define XSRETURN_UNDEF    STMT_START { XST_mUNDEF(0);   XSRETURN(1); } STMT_END
      |                                                         ^~~~~~~~~~~
/usr/lib/perl5/5.44/core_perl/CORE/XSUB.h:317:16: note: expanded from macro 'XSRETURN'
  317 |     STMT_START {                                        \
      |                ^
LineBreak.xs:1119:6: warning: '}' and ')' tokens terminating statement expression appear in different macro expansion contexts [-Wcompound-token-split-by-macro]
 1119 |             XSRETURN_UNDEF;
      |             ^~~~~~~~~~~~~~
/usr/lib/perl5/5.44/core_perl/CORE/XSUB.h:331:57: note: expanded from macro 'XSRETURN_UNDEF'
  331 | #define XSRETURN_UNDEF    STMT_START { XST_mUNDEF(0);   XSRETURN(1); } STMT_END
      |                                                         ^~~~~~~~~~~
/usr/lib/perl5/5.44/core_perl/CORE/XSUB.h:322:5: note: expanded from macro 'XSRETURN'
  322 |     } STMT_END
      |     ^
LineBreak.xs:1119:6: note: ')' token is here
 1119 |             XSRETURN_UNDEF;
      |             ^~~~~~~~~~~~~~
/usr/lib/perl5/5.44/core_perl/CORE/XSUB.h:331:57: note: expanded from macro 'XSRETURN_UNDEF'
  331 | #define XSRETURN_UNDEF    STMT_START { XST_mUNDEF(0);   XSRETURN(1); } STMT_END
      |                                                         ^~~~~~~~~~~
/usr/lib/perl5/5.44/core_perl/CORE/XSUB.h:322:7: note: expanded from macro 'XSRETURN'
  322 |     } STMT_END
      |       ^~~~~~~~
./ppport.h:3827:20: note: expanded from macro 'STMT_END'
 3827 | #  define STMT_END      )
      |                         ^
LineBreak.xs:1119:6: warning: '}' and ')' tokens terminating statement expression appear in different macro expansion contexts [-Wcompound-token-split-by-macro]
 1119 |             XSRETURN_UNDEF;
      |             ^~~~~~~~~~~~~~
/usr/lib/perl5/5.44/core_perl/CORE/XSUB.h:331:70: note: expanded from macro 'XSRETURN_UNDEF'
  331 | #define XSRETURN_UNDEF    STMT_START { XST_mUNDEF(0);   XSRETURN(1); } STMT_END
      |                                                                      ^
LineBreak.xs:1119:6: note: ')' token is here
 1119 |             XSRETURN_UNDEF;
      |             ^~~~~~~~~~~~~~
/usr/lib/perl5/5.44/core_perl/CORE/XSUB.h:331:72: note: expanded from macro 'XSRETURN_UNDEF'
  331 | #define XSRETURN_UNDEF    STMT_START { XST_mUNDEF(0);   XSRETURN(1); } STMT_END
      |                                                                        ^~~~~~~~
./ppport.h:3827:20: note: expanded from macro 'STMT_END'
 3827 | #  define STMT_END      )
      |                         ^
LineBreak.xs:1121:6: warning: '(' and '{' tokens introducing statement expression appear in different macro expansion contexts [-Wcompound-token-split-by-macro]
 1121 |             XSRETURN_UNDEF;
      |             ^~~~~~~~~~~~~~
/usr/lib/perl5/5.44/core_perl/CORE/XSUB.h:331:27: note: expanded from macro 'XSRETURN_UNDEF'
  331 | #define XSRETURN_UNDEF    STMT_START { XST_mUNDEF(0);   XSRETURN(1); } STMT_END
      |                           ^~~~~~~~~~
./ppport.h:3826:28: note: expanded from macro 'STMT_START'
 3826 | #  define STMT_START    (void)( /* gcc supports ``({ STATEMENTS; })'' */
      |                               ^
LineBreak.xs:1121:6: note: '{' token is here
 1121 |             XSRETURN_UNDEF;
      |             ^~~~~~~~~~~~~~
/usr/lib/perl5/5.44/core_perl/CORE/XSUB.h:331:38: note: expanded from macro 'XSRETURN_UNDEF'
  331 | #define XSRETURN_UNDEF    STMT_START { XST_mUNDEF(0);   XSRETURN(1); } STMT_END
      |                                      ^
LineBreak.xs:1121:6: warning: '(' and '{' tokens introducing statement expression appear in different macro expansion contexts [-Wcompound-token-split-by-macro]
 1121 |             XSRETURN_UNDEF;
      |             ^~~~~~~~~~~~~~
/usr/lib/perl5/5.44/core_perl/CORE/XSUB.h:331:57: note: expanded from macro 'XSRETURN_UNDEF'
  331 | #define XSRETURN_UNDEF    STMT_START { XST_mUNDEF(0);   XSRETURN(1); } STMT_END
      |                                                         ^~~~~~~~~~~
/usr/lib/perl5/5.44/core_perl/CORE/XSUB.h:317:5: note: expanded from macro 'XSRETURN'
  317 |     STMT_START {                                        \
      |     ^~~~~~~~~~
./ppport.h:3826:28: note: expanded from macro 'STMT_START'
 3826 | #  define STMT_START    (void)( /* gcc supports ``({ STATEMENTS; })'' */
      |                               ^
LineBreak.xs:1121:6: note: '{' token is here
 1121 |             XSRETURN_UNDEF;
      |             ^~~~~~~~~~~~~~
/usr/lib/perl5/5.44/core_perl/CORE/XSUB.h:331:57: note: expanded from macro 'XSRETURN_UNDEF'
  331 | #define XSRETURN_UNDEF    STMT_START { XST_mUNDEF(0);   XSRETURN(1); } STMT_END
      |                                                         ^~~~~~~~~~~
/usr/lib/perl5/5.44/core_perl/CORE/XSUB.h:317:16: note: expanded from macro 'XSRETURN'
  317 |     STMT_START {                                        \
      |                ^
LineBreak.xs:1121:6: warning: '}' and ')' tokens terminating statement expression appear in different macro expansion contexts [-Wcompound-token-split-by-macro]
 1121 |             XSRETURN_UNDEF;
      |             ^~~~~~~~~~~~~~
/usr/lib/perl5/5.44/core_perl/CORE/XSUB.h:331:57: note: expanded from macro 'XSRETURN_UNDEF'
  331 | #define XSRETURN_UNDEF    STMT_START { XST_mUNDEF(0);   XSRETURN(1); } STMT_END
      |                                                         ^~~~~~~~~~~
/usr/lib/perl5/5.44/core_perl/CORE/XSUB.h:322:5: note: expanded from macro 'XSRETURN'
  322 |     } STMT_END
      |     ^
LineBreak.xs:1121:6: note: ')' token is here
 1121 |             XSRETURN_UNDEF;
      |             ^~~~~~~~~~~~~~
/usr/lib/perl5/5.44/core_perl/CORE/XSUB.h:331:57: note: expanded from macro 'XSRETURN_UNDEF'
  331 | #define XSRETURN_UNDEF    STMT_START { XST_mUNDEF(0);   XSRETURN(1); } STMT_END
      |                                                         ^~~~~~~~~~~
/usr/lib/perl5/5.44/core_perl/CORE/XSUB.h:322:7: note: expanded from macro 'XSRETURN'
  322 |     } STMT_END
      |       ^~~~~~~~
./ppport.h:3827:20: note: expanded from macro 'STMT_END'
 3827 | #  define STMT_END      )
      |                         ^
LineBreak.xs:1121:6: warning: '}' and ')' tokens terminating statement expression appear in different macro expansion contexts [-Wcompound-token-split-by-macro]
 1121 |             XSRETURN_UNDEF;
      |             ^~~~~~~~~~~~~~
/usr/lib/perl5/5.44/core_perl/CORE/XSUB.h:331:70: note: expanded from macro 'XSRETURN_UNDEF'
  331 | #define XSRETURN_UNDEF    STMT_START { XST_mUNDEF(0);   XSRETURN(1); } STMT_END
      |                                                                      ^
LineBreak.xs:1121:6: note: ')' token is here
 1121 |             XSRETURN_UNDEF;
      |             ^~~~~~~~~~~~~~
/usr/lib/perl5/5.44/core_perl/CORE/XSUB.h:331:72: note: expanded from macro 'XSRETURN_UNDEF'
  331 | #define XSRETURN_UNDEF    STMT_START { XST_mUNDEF(0);   XSRETURN(1); } STMT_END
      |                                                                        ^~~~~~~~
./ppport.h:3827:20: note: expanded from macro 'STMT_END'
 3827 | #  define STMT_END      )
      |                         ^
LineBreak.xs:1124:6: warning: '(' and '{' tokens introducing statement expression appear in different macro expansion contexts [-Wcompound-token-split-by-macro]
 1124 |             XSRETURN_UNDEF;
      |             ^~~~~~~~~~~~~~
/usr/lib/perl5/5.44/core_perl/CORE/XSUB.h:331:27: note: expanded from macro 'XSRETURN_UNDEF'
  331 | #define XSRETURN_UNDEF    STMT_START { XST_mUNDEF(0);   XSRETURN(1); } STMT_END
      |                           ^~~~~~~~~~
./ppport.h:3826:28: note: expanded from macro 'STMT_START'
 3826 | #  define STMT_START    (void)( /* gcc supports ``({ STATEMENTS; })'' */
      |                               ^
LineBreak.xs:1124:6: note: '{' token is here
 1124 |             XSRETURN_UNDEF;
      |             ^~~~~~~~~~~~~~
/usr/lib/perl5/5.44/core_perl/CORE/XSUB.h:331:38: note: expanded from macro 'XSRETURN_UNDEF'
  331 | #define XSRETURN_UNDEF    STMT_START { XST_mUNDEF(0);   XSRETURN(1); } STMT_END
      |                                      ^
LineBreak.xs:1124:6: warning: '(' and '{' tokens introducing statement expression appear in different macro expansion contexts [-Wcompound-token-split-by-macro]
 1124 |             XSRETURN_UNDEF;
      |             ^~~~~~~~~~~~~~
/usr/lib/perl5/5.44/core_perl/CORE/XSUB.h:331:57: note: expanded from macro 'XSRETURN_UNDEF'
  331 | #define XSRETURN_UNDEF    STMT_START { XST_mUNDEF(0);   XSRETURN(1); } STMT_END
      |                                                         ^~~~~~~~~~~
/usr/lib/perl5/5.44/core_perl/CORE/XSUB.h:317:5: note: expanded from macro 'XSRETURN'
  317 |     STMT_START {                                        \
      |     ^~~~~~~~~~
./ppport.h:3826:28: note: expanded from macro 'STMT_START'
 3826 | #  define STMT_START    (void)( /* gcc supports ``({ STATEMENTS; })'' */
      |                               ^
LineBreak.xs:1124:6: note: '{' token is here
 1124 |             XSRETURN_UNDEF;
      |             ^~~~~~~~~~~~~~
/usr/lib/perl5/5.44/core_perl/CORE/XSUB.h:331:57: note: expanded from macro 'XSRETURN_UNDEF'
  331 | #define XSRETURN_UNDEF    STMT_START { XST_mUNDEF(0);   XSRETURN(1); } STMT_END
      |                                                         ^~~~~~~~~~~
/usr/lib/perl5/5.44/core_perl/CORE/XSUB.h:317:16: note: expanded from macro 'XSRETURN'
  317 |     STMT_START {                                        \
      |                ^
LineBreak.xs:1124:6: warning: '}' and ')' tokens terminating statement expression appear in different macro expansion contexts [-Wcompound-token-split-by-macro]
 1124 |             XSRETURN_UNDEF;
      |             ^~~~~~~~~~~~~~
/usr/lib/perl5/5.44/core_perl/CORE/XSUB.h:331:57: note: expanded from macro 'XSRETURN_UNDEF'
  331 | #define XSRETURN_UNDEF    STMT_START { XST_mUNDEF(0);   XSRETURN(1); } STMT_END
      |                                                         ^~~~~~~~~~~
/usr/lib/perl5/5.44/core_perl/CORE/XSUB.h:322:5: note: expanded from macro 'XSRETURN'
  322 |     } STMT_END
      |     ^
LineBreak.xs:1124:6: note: ')' token is here
 1124 |             XSRETURN_UNDEF;
      |             ^~~~~~~~~~~~~~
/usr/lib/perl5/5.44/core_perl/CORE/XSUB.h:331:57: note: expanded from macro 'XSRETURN_UNDEF'
  331 | #define XSRETURN_UNDEF    STMT_START { XST_mUNDEF(0);   XSRETURN(1); } STMT_END
      |                                                         ^~~~~~~~~~~
/usr/lib/perl5/5.44/core_perl/CORE/XSUB.h:322:7: note: expanded from macro 'XSRETURN'
  322 |     } STMT_END
      |       ^~~~~~~~
./ppport.h:3827:20: note: expanded from macro 'STMT_END'
 3827 | #  define STMT_END      )
      |                         ^
LineBreak.xs:1124:6: warning: '}' and ')' tokens terminating statement expression appear in different macro expansion contexts [-Wcompound-token-split-by-macro]
 1124 |             XSRETURN_UNDEF;
      |             ^~~~~~~~~~~~~~
/usr/lib/perl5/5.44/core_perl/CORE/XSUB.h:331:70: note: expanded from macro 'XSRETURN_UNDEF'
  331 | #define XSRETURN_UNDEF    STMT_START { XST_mUNDEF(0);   XSRETURN(1); } STMT_END
      |                                                                      ^
LineBreak.xs:1124:6: note: ')' token is here
 1124 |             XSRETURN_UNDEF;
      |             ^~~~~~~~~~~~~~
/usr/lib/perl5/5.44/core_perl/CORE/XSUB.h:331:72: note: expanded from macro 'XSRETURN_UNDEF'
  331 | #define XSRETURN_UNDEF    STMT_START { XST_mUNDEF(0);   XSRETURN(1); } STMT_END
      |                                                                        ^~~~~~~~
./ppport.h:3827:20: note: expanded from macro 'STMT_END'
 3827 | #  define STMT_END      )
      |                         ^
LineBreak.c:1530:2: warning: '(' and '{' tokens introducing statement expression appear in different macro expansion contexts [-Wcompound-token-split-by-macro]
 1530 |         TARGu((UV)RETVAL, 1);
      |         ^~~~~~~~~~~~~~~~~~~~
/usr/lib/perl5/5.44/core_perl/CORE/pp.h:504:5: note: expanded from macro 'TARGu'
  504 |     STMT_START {                                                        \
      |     ^~~~~~~~~~
./ppport.h:3826:28: note: expanded from macro 'STMT_START'
 3826 | #  define STMT_START    (void)( /* gcc supports ``({ STATEMENTS; })'' */
      |                               ^
LineBreak.c:1530:2: note: '{' token is here
 1530 |         TARGu((UV)RETVAL, 1);
      |         ^~~~~~~~~~~~~~~~~~~~
/usr/lib/perl5/5.44/core_perl/CORE/pp.h:504:16: note: expanded from macro 'TARGu'
  504 |     STMT_START {                                                        \
      |                ^
LineBreak.c:1530:2: warning: '}' and ')' tokens terminating statement expression appear in different macro expansion contexts [-Wcompound-token-split-by-macro]
 1530 |         TARGu((UV)RETVAL, 1);
      |         ^~~~~~~~~~~~~~~~~~~~
/usr/lib/perl5/5.44/core_perl/CORE/pp.h:522:5: note: expanded from macro 'TARGu'
  522 |     } STMT_END
      |     ^
LineBreak.c:1530:2: note: ')' token is here
 1530 |         TARGu((UV)RETVAL, 1);
      |         ^~~~~~~~~~~~~~~~~~~~
/usr/lib/perl5/5.44/core_perl/CORE/pp.h:522:7: note: expanded from macro 'TARGu'
  522 |     } STMT_END
      |       ^~~~~~~~
./ppport.h:3827:20: note: expanded from macro 'STMT_END'
 3827 | #  define STMT_END      )
      |                         ^
LineBreak.c:1533:5: warning: '(' and '{' tokens introducing statement expression appear in different macro expansion contexts [-Wcompound-token-split-by-macro]
 1533 |     XSRETURN(1);
      |     ^~~~~~~~~~~
/usr/lib/perl5/5.44/core_perl/CORE/XSUB.h:317:5: note: expanded from macro 'XSRETURN'
  317 |     STMT_START {                                        \
      |     ^~~~~~~~~~
./ppport.h:3826:28: note: expanded from macro 'STMT_START'
 3826 | #  define STMT_START    (void)( /* gcc supports ``({ STATEMENTS; })'' */
      |                               ^
LineBreak.c:1533:5: note: '{' token is here
 1533 |     XSRETURN(1);
      |     ^~~~~~~~~~~
/usr/lib/perl5/5.44/core_perl/CORE/XSUB.h:317:16: note: expanded from macro 'XSRETURN'
  317 |     STMT_START {                                        \
      |                ^
LineBreak.c:1533:5: warning: '}' and ')' tokens terminating statement expression appear in different macro expansion contexts [-Wcompound-token-split-by-macro]
 1533 |     XSRETURN(1);
      |     ^~~~~~~~~~~
/usr/lib/perl5/5.44/core_perl/CORE/XSUB.h:322:5: note: expanded from macro 'XSRETURN'
  322 |     } STMT_END
      |     ^
LineBreak.c:1533:5: note: ')' token is here
 1533 |     XSRETURN(1);
      |     ^~~~~~~~~~~
/usr/lib/perl5/5.44/core_perl/CORE/XSUB.h:322:7: note: expanded from macro 'XSRETURN'
  322 |     } STMT_END
      |       ^~~~~~~~
./ppport.h:3827:20: note: expanded from macro 'STMT_END'
 3827 | #  define STMT_END      )
      |                         ^
LineBreak.c:1558:5: warning: '(' and '{' tokens introducing statement expression appear in different macro expansion contexts [-Wcompound-token-split-by-macro]
 1558 |     XSRETURN_EMPTY;
      |     ^~~~~~~~~~~~~~
/usr/lib/perl5/5.44/core_perl/CORE/XSUB.h:332:27: note: expanded from macro 'XSRETURN_EMPTY'
  332 | #define XSRETURN_EMPTY    STMT_START {                  XSRETURN(0); } STMT_END
      |                           ^~~~~~~~~~
./ppport.h:3826:28: note: expanded from macro 'STMT_START'
 3826 | #  define STMT_START    (void)( /* gcc supports ``({ STATEMENTS; })'' */
      |                               ^
LineBreak.c:1558:5: note: '{' token is here
 1558 |     XSRETURN_EMPTY;
      |     ^~~~~~~~~~~~~~
/usr/lib/perl5/5.44/core_perl/CORE/XSUB.h:332:38: note: expanded from macro 'XSRETURN_EMPTY'
  332 | #define XSRETURN_EMPTY    STMT_START {                  XSRETURN(0); } STMT_END
      |                                      ^
LineBreak.c:1558:5: warning: '(' and '{' tokens introducing statement expression appear in different macro expansion contexts [-Wcompound-token-split-by-macro]
 1558 |     XSRETURN_EMPTY;
      |     ^~~~~~~~~~~~~~
/usr/lib/perl5/5.44/core_perl/CORE/XSUB.h:332:57: note: expanded from macro 'XSRETURN_EMPTY'
  332 | #define XSRETURN_EMPTY    STMT_START {                  XSRETURN(0); } STMT_END
      |                                                         ^~~~~~~~~~~
/usr/lib/perl5/5.44/core_perl/CORE/XSUB.h:317:5: note: expanded from macro 'XSRETURN'
  317 |     STMT_START {                                        \
      |     ^~~~~~~~~~
./ppport.h:3826:28: note: expanded from macro 'STMT_START'
 3826 | #  define STMT_START    (void)( /* gcc supports ``({ STATEMENTS; })'' */
      |                               ^
LineBreak.c:1558:5: note: '{' token is here
 1558 |     XSRETURN_EMPTY;
      |     ^~~~~~~~~~~~~~
/usr/lib/perl5/5.44/core_perl/CORE/XSUB.h:332:57: note: expanded from macro 'XSRETURN_EMPTY'
  332 | #define XSRETURN_EMPTY    STMT_START {                  XSRETURN(0); } STMT_END
      |                                                         ^~~~~~~~~~~
/usr/lib/perl5/5.44/core_perl/CORE/XSUB.h:317:16: note: expanded from macro 'XSRETURN'
  317 |     STMT_START {                                        \
      |                ^
LineBreak.c:1558:5: warning: '}' and ')' tokens terminating statement expression appear in different macro expansion contexts [-Wcompound-token-split-by-macro]
 1558 |     XSRETURN_EMPTY;
      |     ^~~~~~~~~~~~~~
/usr/lib/perl5/5.44/core_perl/CORE/XSUB.h:332:57: note: expanded from macro 'XSRETURN_EMPTY'
  332 | #define XSRETURN_EMPTY    STMT_START {                  XSRETURN(0); } STMT_END
      |                                                         ^~~~~~~~~~~
/usr/lib/perl5/5.44/core_perl/CORE/XSUB.h:322:5: note: expanded from macro 'XSRETURN'
  322 |     } STMT_END
      |     ^
LineBreak.c:1558:5: note: ')' token is here
 1558 |     XSRETURN_EMPTY;
      |     ^~~~~~~~~~~~~~
/usr/lib/perl5/5.44/core_perl/CORE/XSUB.h:332:57: note: expanded from macro 'XSRETURN_EMPTY'
  332 | #define XSRETURN_EMPTY    STMT_START {                  XSRETURN(0); } STMT_END
      |                                                         ^~~~~~~~~~~
/usr/lib/perl5/5.44/core_perl/CORE/XSUB.h:322:7: note: expanded from macro 'XSRETURN'
  322 |     } STMT_END
      |       ^~~~~~~~
./ppport.h:3827:20: note: expanded from macro 'STMT_END'
 3827 | #  define STMT_END      )
      |                         ^
LineBreak.c:1558:5: warning: '}' and ')' tokens terminating statement expression appear in different macro expansion contexts [-Wcompound-token-split-by-macro]
 1558 |     XSRETURN_EMPTY;
      |     ^~~~~~~~~~~~~~
/usr/lib/perl5/5.44/core_perl/CORE/XSUB.h:332:70: note: expanded from macro 'XSRETURN_EMPTY'
  332 | #define XSRETURN_EMPTY    STMT_START {                  XSRETURN(0); } STMT_END
      |                                                                      ^
LineBreak.c:1558:5: note: ')' token is here
 1558 |     XSRETURN_EMPTY;
      |     ^~~~~~~~~~~~~~
/usr/lib/perl5/5.44/core_perl/CORE/XSUB.h:332:72: note: expanded from macro 'XSRETURN_EMPTY'
  332 | #define XSRETURN_EMPTY    STMT_START {                  XSRETURN(0); } STMT_END
      |                                                                        ^~~~~~~~
./ppport.h:3827:20: note: expanded from macro 'STMT_END'
 3827 | #  define STMT_END      )
      |                         ^
LineBreak.c:1636:2: warning: '(' and '{' tokens introducing statement expression appear in different macro expansion contexts [-Wcompound-token-split-by-macro]
 1636 |         TARGn((double)RETVAL, 1);
      |         ^~~~~~~~~~~~~~~~~~~~~~~~
/usr/lib/perl5/5.44/core_perl/CORE/pp.h:527:5: note: expanded from macro 'TARGn'
  527 |     STMT_START {                                                        \
      |     ^~~~~~~~~~
./ppport.h:3826:28: note: expanded from macro 'STMT_START'
 3826 | #  define STMT_START    (void)( /* gcc supports ``({ STATEMENTS; })'' */
      |                               ^
LineBreak.c:1636:2: note: '{' token is here
 1636 |         TARGn((double)RETVAL, 1);
      |         ^~~~~~~~~~~~~~~~~~~~~~~~
/usr/lib/perl5/5.44/core_perl/CORE/pp.h:527:16: note: expanded from macro 'TARGn'
  527 |     STMT_START {                                                        \
      |                ^
LineBreak.c:1636:2: warning: '(' and '{' tokens introducing statement expression appear in different macro expansion contexts [-Wcompound-token-split-by-macro]
 1636 |         TARGn((double)RETVAL, 1);
      |         ^~~~~~~~~~~~~~~~~~~~~~~~
/usr/lib/perl5/5.44/core_perl/CORE/pp.h:539:13: note: expanded from macro 'TARGn'
  539 |             SvNV_set(TARG, TARGn_nv);                                   \
      |             ^~~~~~~~~~~~~~~~~~~~~~~~
/usr/lib/perl5/5.44/core_perl/CORE/sv.h:1552:9: note: expanded from macro 'SvNV_set'
 1552 |         STMT_START { \
      |         ^~~~~~~~~~
./ppport.h:3826:28: note: expanded from macro 'STMT_START'
 3826 | #  define STMT_START    (void)( /* gcc supports ``({ STATEMENTS; })'' */
      |                               ^
LineBreak.c:1636:2: note: '{' token is here
 1636 |         TARGn((double)RETVAL, 1);
      |         ^~~~~~~~~~~~~~~~~~~~~~~~
/usr/lib/perl5/5.44/core_perl/CORE/pp.h:539:13: note: expanded from macro 'TARGn'
  539 |             SvNV_set(TARG, TARGn_nv);                                   \
      |             ^~~~~~~~~~~~~~~~~~~~~~~~
/usr/lib/perl5/5.44/core_perl/CORE/sv.h:1552:20: note: expanded from macro 'SvNV_set'
 1552 |         STMT_START { \
      |                    ^
LineBreak.c:1636:2: warning: '}' and ')' tokens terminating statement expression appear in different macro expansion contexts [-Wcompound-token-split-by-macro]
 1636 |         TARGn((double)RETVAL, 1);
      |         ^~~~~~~~~~~~~~~~~~~~~~~~
/usr/lib/perl5/5.44/core_perl/CORE/pp.h:539:13: note: expanded from macro 'TARGn'
  539 |             SvNV_set(TARG, TARGn_nv);                                   \
      |             ^~~~~~~~~~~~~~~~~~~~~~~~
/usr/lib/perl5/5.44/core_perl/CORE/sv.h:1557:9: note: expanded from macro 'SvNV_set'
 1557 |         } STMT_END
      |         ^
LineBreak.c:1636:2: note: ')' token is here
 1636 |         TARGn((double)RETVAL, 1);
      |         ^~~~~~~~~~~~~~~~~~~~~~~~
/usr/lib/perl5/5.44/core_perl/CORE/pp.h:539:13: note: expanded from macro 'TARGn'
  539 |             SvNV_set(TARG, TARGn_nv);                                   \
      |             ^~~~~~~~~~~~~~~~~~~~~~~~
/usr/lib/perl5/5.44/core_perl/CORE/sv.h:1557:11: note: expanded from macro 'SvNV_set'
 1557 |         } STMT_END
      |           ^~~~~~~~
./ppport.h:3827:20: note: expanded from macro 'STMT_END'
 3827 | #  define STMT_END      )
      |                         ^
LineBreak.c:1636:2: warning: '}' and ')' tokens terminating statement expression appear in different macro expansion contexts [-Wcompound-token-split-by-macro]
 1636 |         TARGn((double)RETVAL, 1);
      |         ^~~~~~~~~~~~~~~~~~~~~~~~
/usr/lib/perl5/5.44/core_perl/CORE/pp.h:543:5: note: expanded from macro 'TARGn'
  543 |     } STMT_END
      |     ^
LineBreak.c:1636:2: note: ')' token is here
 1636 |         TARGn((double)RETVAL, 1);
      |         ^~~~~~~~~~~~~~~~~~~~~~~~
/usr/lib/perl5/5.44/core_perl/CORE/pp.h:543:7: note: expanded from macro 'TARGn'
  543 |     } STMT_END
      |       ^~~~~~~~
./ppport.h:3827:20: note: expanded from macro 'STMT_END'
 3827 | #  define STMT_END      )
      |                         ^
LineBreak.c:1639:5: warning: '(' and '{' tokens introducing statement expression appear in different macro expansion contexts [-Wcompound-token-split-by-macro]
 1639 |     XSRETURN(1);
      |     ^~~~~~~~~~~
/usr/lib/perl5/5.44/core_perl/CORE/XSUB.h:317:5: note: expanded from macro 'XSRETURN'
  317 |     STMT_START {                                        \
      |     ^~~~~~~~~~
./ppport.h:3826:28: note: expanded from macro 'STMT_START'
 3826 | #  define STMT_START    (void)( /* gcc supports ``({ STATEMENTS; })'' */
      |                               ^
LineBreak.c:1639:5: note: '{' token is here
 1639 |     XSRETURN(1);
      |     ^~~~~~~~~~~
/usr/lib/perl5/5.44/core_perl/CORE/XSUB.h:317:16: note: expanded from macro 'XSRETURN'
  317 |     STMT_START {                                        \
      |                ^
LineBreak.c:1639:5: warning: '}' and ')' tokens terminating statement expression appear in different macro expansion contexts [-Wcompound-token-split-by-macro]
 1639 |     XSRETURN(1);
      |     ^~~~~~~~~~~
/usr/lib/perl5/5.44/core_perl/CORE/XSUB.h:322:5: note: expanded from macro 'XSRETURN'
  322 |     } STMT_END
      |     ^
LineBreak.c:1639:5: note: ')' token is here
 1639 |     XSRETURN(1);
      |     ^~~~~~~~~~~
/usr/lib/perl5/5.44/core_perl/CORE/XSUB.h:322:7: note: expanded from macro 'XSRETURN'
  322 |     } STMT_END
      |       ^~~~~~~~
./ppport.h:3827:20: note: expanded from macro 'STMT_END'
 3827 | #  define STMT_END      )
      |                         ^
LineBreak.xs:1164:6: warning: '(' and '{' tokens introducing statement expression appear in different macro expansion contexts [-Wcompound-token-split-by-macro]
 1164 |             XSRETURN_UNDEF;
      |             ^~~~~~~~~~~~~~
/usr/lib/perl5/5.44/core_perl/CORE/XSUB.h:331:27: note: expanded from macro 'XSRETURN_UNDEF'
  331 | #define XSRETURN_UNDEF    STMT_START { XST_mUNDEF(0);   XSRETURN(1); } STMT_END
      |                           ^~~~~~~~~~
./ppport.h:3826:28: note: expanded from macro 'STMT_START'
 3826 | #  define STMT_START    (void)( /* gcc supports ``({ STATEMENTS; })'' */
      |                               ^
LineBreak.xs:1164:6: note: '{' token is here
 1164 |             XSRETURN_UNDEF;
      |             ^~~~~~~~~~~~~~
/usr/lib/perl5/5.44/core_perl/CORE/XSUB.h:331:38: note: expanded from macro 'XSRETURN_UNDEF'
  331 | #define XSRETURN_UNDEF    STMT_START { XST_mUNDEF(0);   XSRETURN(1); } STMT_END
      |                                      ^
LineBreak.xs:1164:6: warning: '(' and '{' tokens introducing statement expression appear in different macro expansion contexts [-Wcompound-token-split-by-macro]
 1164 |             XSRETURN_UNDEF;
      |             ^~~~~~~~~~~~~~
/usr/lib/perl5/5.44/core_perl/CORE/XSUB.h:331:57: note: expanded from macro 'XSRETURN_UNDEF'
  331 | #define XSRETURN_UNDEF    STMT_START { XST_mUNDEF(0);   XSRETURN(1); } STMT_END
      |                                                         ^~~~~~~~~~~
/usr/lib/perl5/5.44/core_perl/CORE/XSUB.h:317:5: note: expanded from macro 'XSRETURN'
  317 |     STMT_START {                                        \
      |     ^~~~~~~~~~
./ppport.h:3826:28: note: expanded from macro 'STMT_START'
 3826 | #  define STMT_START    (void)( /* gcc supports ``({ STATEMENTS; })'' */
      |                               ^
LineBreak.xs:1164:6: note: '{' token is here
 1164 |             XSRETURN_UNDEF;
      |             ^~~~~~~~~~~~~~
/usr/lib/perl5/5.44/core_perl/CORE/XSUB.h:331:57: note: expanded from macro 'XSRETURN_UNDEF'
  331 | #define XSRETURN_UNDEF    STMT_START { XST_mUNDEF(0);   XSRETURN(1); } STMT_END
      |                                                         ^~~~~~~~~~~
/usr/lib/perl5/5.44/core_perl/CORE/XSUB.h:317:16: note: expanded from macro 'XSRETURN'
  317 |     STMT_START {                                        \
      |                ^
LineBreak.xs:1164:6: warning: '}' and ')' tokens terminating statement expression appear in different macro expansion contexts [-Wcompound-token-split-by-macro]
 1164 |             XSRETURN_UNDEF;
      |             ^~~~~~~~~~~~~~
/usr/lib/perl5/5.44/core_perl/CORE/XSUB.h:331:57: note: expanded from macro 'XSRETURN_UNDEF'
  331 | #define XSRETURN_UNDEF    STMT_START { XST_mUNDEF(0);   XSRETURN(1); } STMT_END
      |                                                         ^~~~~~~~~~~
/usr/lib/perl5/5.44/core_perl/CORE/XSUB.h:322:5: note: expanded from macro 'XSRETURN'
  322 |     } STMT_END
      |     ^
LineBreak.xs:1164:6: note: ')' token is here
 1164 |             XSRETURN_UNDEF;
      |             ^~~~~~~~~~~~~~
/usr/lib/perl5/5.44/core_perl/CORE/XSUB.h:331:57: note: expanded from macro 'XSRETURN_UNDEF'
  331 | #define XSRETURN_UNDEF    STMT_START { XST_mUNDEF(0);   XSRETURN(1); } STMT_END
      |                                                         ^~~~~~~~~~~
/usr/lib/perl5/5.44/core_perl/CORE/XSUB.h:322:7: note: expanded from macro 'XSRETURN'
  322 |     } STMT_END
      |       ^~~~~~~~
./ppport.h:3827:20: note: expanded from macro 'STMT_END'
 3827 | #  define STMT_END      )
      |                         ^
LineBreak.xs:1164:6: warning: '}' and ')' tokens terminating statement expression appear in different macro expansion contexts [-Wcompound-token-split-by-macro]
 1164 |             XSRETURN_UNDEF;
      |             ^~~~~~~~~~~~~~
/usr/lib/perl5/5.44/core_perl/CORE/XSUB.h:331:70: note: expanded from macro 'XSRETURN_UNDEF'
  331 | #define XSRETURN_UNDEF    STMT_START { XST_mUNDEF(0);   XSRETURN(1); } STMT_END
      |                                                                      ^
LineBreak.xs:1164:6: note: ')' token is here
 1164 |             XSRETURN_UNDEF;
      |             ^~~~~~~~~~~~~~
/usr/lib/perl5/5.44/core_perl/CORE/XSUB.h:331:72: note: expanded from macro 'XSRETURN_UNDEF'
  331 | #define XSRETURN_UNDEF    STMT_START { XST_mUNDEF(0);   XSRETURN(1); } STMT_END
      |                                                                        ^~~~~~~~
./ppport.h:3827:20: note: expanded from macro 'STMT_END'
 3827 | #  define STMT_END      )
      |                         ^
LineBreak.xs:1184:6: warning: '(' and '{' tokens introducing statement expression appear in different macro expansion contexts [-Wcompound-token-split-by-macro]
 1184 |             XPUSHs(sv_2mortal(unistrtoSV((unistr_t *)r, 0, r->len)));
      |             ^~~~~~~~~~~~~~~~~~~~~~~~~~~~~~~~~~~~~~~~~~~~~~~~~~~~~~~~
/usr/lib/perl5/5.44/core_perl/CORE/pp.h:558:19: note: expanded from macro 'XPUSHs'
  558 | #define XPUSHs(s)       STMT_START { EXTEND(sp,1); PUSHs(s); } STMT_END
      |                         ^~~~~~~~~~
./ppport.h:3826:28: note: expanded from macro 'STMT_START'
 3826 | #  define STMT_START    (void)( /* gcc supports ``({ STATEMENTS; })'' */
      |                               ^
LineBreak.xs:1184:6: note: '{' token is here
 1184 |             XPUSHs(sv_2mortal(unistrtoSV((unistr_t *)r, 0, r->len)));
      |             ^~~~~~~~~~~~~~~~~~~~~~~~~~~~~~~~~~~~~~~~~~~~~~~~~~~~~~~~
/usr/lib/perl5/5.44/core_perl/CORE/pp.h:558:30: note: expanded from macro 'XPUSHs'
  558 | #define XPUSHs(s)       STMT_START { EXTEND(sp,1); PUSHs(s); } STMT_END
      |                                    ^
LineBreak.xs:1184:6: warning: '(' and '{' tokens introducing statement expression appear in different macro expansion contexts [-Wcompound-token-split-by-macro]
 1184 |             XPUSHs(sv_2mortal(unistrtoSV((unistr_t *)r, 0, r->len)));
      |             ^~~~~~~~~~~~~~~~~~~~~~~~~~~~~~~~~~~~~~~~~~~~~~~~~~~~~~~~
/usr/lib/perl5/5.44/core_perl/CORE/pp.h:558:32: note: expanded from macro 'XPUSHs'
  558 | #define XPUSHs(s)       STMT_START { EXTEND(sp,1); PUSHs(s); } STMT_END
      |                                      ^~~~~~~~~~~~
/usr/lib/perl5/5.44/core_perl/CORE/pp.h:459:25: note: expanded from macro 'EXTEND'
  459 | #  define EXTEND(p,n)   STMT_START {                                    \
      |                         ^~~~~~~~~~
./ppport.h:3826:28: note: expanded from macro 'STMT_START'
 3826 | #  define STMT_START    (void)( /* gcc supports ``({ STATEMENTS; })'' */
      |                               ^
LineBreak.xs:1184:6: note: '{' token is here
 1184 |             XPUSHs(sv_2mortal(unistrtoSV((unistr_t *)r, 0, r->len)));
      |             ^~~~~~~~~~~~~~~~~~~~~~~~~~~~~~~~~~~~~~~~~~~~~~~~~~~~~~~~
/usr/lib/perl5/5.44/core_perl/CORE/pp.h:558:32: note: expanded from macro 'XPUSHs'
  558 | #define XPUSHs(s)       STMT_START { EXTEND(sp,1); PUSHs(s); } STMT_END
      |                                      ^~~~~~~~~~~~
/usr/lib/perl5/5.44/core_perl/CORE/pp.h:459:36: note: expanded from macro 'EXTEND'
  459 | #  define EXTEND(p,n)   STMT_START {                                    \
      |                                    ^
LineBreak.xs:1184:6: warning: '}' and ')' tokens terminating statement expression appear in different macro expansion contexts [-Wcompound-token-split-by-macro]
 1184 |             XPUSHs(sv_2mortal(unistrtoSV((unistr_t *)r, 0, r->len)));
      |             ^~~~~~~~~~~~~~~~~~~~~~~~~~~~~~~~~~~~~~~~~~~~~~~~~~~~~~~~
/usr/lib/perl5/5.44/core_perl/CORE/pp.h:558:32: note: expanded from macro 'XPUSHs'
  558 | #define XPUSHs(s)       STMT_START { EXTEND(sp,1); PUSHs(s); } STMT_END
      |                                      ^~~~~~~~~~~~
/usr/lib/perl5/5.44/core_perl/CORE/pp.h:465:25: note: expanded from macro 'EXTEND'
  465 |                         } STMT_END
      |                         ^
LineBreak.xs:1184:6: note: ')' token is here
 1184 |             XPUSHs(sv_2mortal(unistrtoSV((unistr_t *)r, 0, r->len)));
      |             ^~~~~~~~~~~~~~~~~~~~~~~~~~~~~~~~~~~~~~~~~~~~~~~~~~~~~~~~
/usr/lib/perl5/5.44/core_perl/CORE/pp.h:558:32: note: expanded from macro 'XPUSHs'
  558 | #define XPUSHs(s)       STMT_START { EXTEND(sp,1); PUSHs(s); } STMT_END
      |                                      ^~~~~~~~~~~~
/usr/lib/perl5/5.44/core_perl/CORE/pp.h:465:27: note: expanded from macro 'EXTEND'
  465 |                         } STMT_END
      |                           ^~~~~~~~
./ppport.h:3827:20: note: expanded from macro 'STMT_END'
 3827 | #  define STMT_END      )
      |                         ^
LineBreak.xs:1184:6: warning: '}' and ')' tokens terminating statement expression appear in different macro expansion contexts [-Wcompound-token-split-by-macro]
 1184 |             XPUSHs(sv_2mortal(unistrtoSV((unistr_t *)r, 0, r->len)));
      |             ^~~~~~~~~~~~~~~~~~~~~~~~~~~~~~~~~~~~~~~~~~~~~~~~~~~~~~~~
/usr/lib/perl5/5.44/core_perl/CORE/pp.h:558:56: note: expanded from macro 'XPUSHs'
  558 | #define XPUSHs(s)       STMT_START { EXTEND(sp,1); PUSHs(s); } STMT_END
      |                                                              ^
LineBreak.xs:1184:6: note: ')' token is here
 1184 |             XPUSHs(sv_2mortal(unistrtoSV((unistr_t *)r, 0, r->len)));
      |             ^~~~~~~~~~~~~~~~~~~~~~~~~~~~~~~~~~~~~~~~~~~~~~~~~~~~~~~~
/usr/lib/perl5/5.44/core_perl/CORE/pp.h:558:58: note: expanded from macro 'XPUSHs'
  558 | #define XPUSHs(s)       STMT_START { EXTEND(sp,1); PUSHs(s); } STMT_END
      |                                                                ^~~~~~~~
./ppport.h:3827:20: note: expanded from macro 'STMT_END'
 3827 | #  define STMT_END      )
      |                         ^
LineBreak.xs:1186:6: warning: '(' and '{' tokens introducing statement expression appear in different macro expansion contexts [-Wcompound-token-split-by-macro]
 1186 |             XSRETURN(1);
      |             ^~~~~~~~~~~
/usr/lib/perl5/5.44/core_perl/CORE/XSUB.h:317:5: note: expanded from macro 'XSRETURN'
  317 |     STMT_START {                                        \
      |     ^~~~~~~~~~
./ppport.h:3826:28: note: expanded from macro 'STMT_START'
 3826 | #  define STMT_START    (void)( /* gcc supports ``({ STATEMENTS; })'' */
      |                               ^
LineBreak.xs:1186:6: note: '{' token is here
 1186 |             XSRETURN(1);
      |             ^~~~~~~~~~~
/usr/lib/perl5/5.44/core_perl/CORE/XSUB.h:317:16: note: expanded from macro 'XSRETURN'
  317 |     STMT_START {                                        \
      |                ^
LineBreak.xs:1186:6: warning: '}' and ')' tokens terminating statement expression appear in different macro expansion contexts [-Wcompound-token-split-by-macro]
 1186 |             XSRETURN(1);
      |             ^~~~~~~~~~~
/usr/lib/perl5/5.44/core_perl/CORE/XSUB.h:322:5: note: expanded from macro 'XSRETURN'
  322 |     } STMT_END
      |     ^
LineBreak.xs:1186:6: note: ')' token is here
 1186 |             XSRETURN(1);
      |             ^~~~~~~~~~~
/usr/lib/perl5/5.44/core_perl/CORE/XSUB.h:322:7: note: expanded from macro 'XSRETURN'
  322 |     } STMT_END
      |       ^~~~~~~~
./ppport.h:3827:20: note: expanded from macro 'STMT_END'
 3827 | #  define STMT_END      )
      |                         ^
LineBreak.xs:1190:3: warning: '(' and '{' tokens introducing statement expression appear in different macro expansion contexts [-Wcompound-token-split-by-macro]
 1190 |                 XPUSHs(sv_2mortal(CtoPerl("Unicode::GCString", ret[i])));
      |                 ^~~~~~~~~~~~~~~~~~~~~~~~~~~~~~~~~~~~~~~~~~~~~~~~~~~~~~~~
/usr/lib/perl5/5.44/core_perl/CORE/pp.h:558:19: note: expanded from macro 'XPUSHs'
  558 | #define XPUSHs(s)       STMT_START { EXTEND(sp,1); PUSHs(s); } STMT_END
      |                         ^~~~~~~~~~
./ppport.h:3826:28: note: expanded from macro 'STMT_START'
 3826 | #  define STMT_START    (void)( /* gcc supports ``({ STATEMENTS; })'' */
      |                               ^
LineBreak.xs:1190:3: note: '{' token is here
 1190 |                 XPUSHs(sv_2mortal(CtoPerl("Unicode::GCString", ret[i])));
      |                 ^~~~~~~~~~~~~~~~~~~~~~~~~~~~~~~~~~~~~~~~~~~~~~~~~~~~~~~~
/usr/lib/perl5/5.44/core_perl/CORE/pp.h:558:30: note: expanded from macro 'XPUSHs'
  558 | #define XPUSHs(s)       STMT_START { EXTEND(sp,1); PUSHs(s); } STMT_END
      |                                    ^
LineBreak.xs:1190:3: warning: '(' and '{' tokens introducing statement expression appear in different macro expansion contexts [-Wcompound-token-split-by-macro]
 1190 |                 XPUSHs(sv_2mortal(CtoPerl("Unicode::GCString", ret[i])));
      |                 ^~~~~~~~~~~~~~~~~~~~~~~~~~~~~~~~~~~~~~~~~~~~~~~~~~~~~~~~
/usr/lib/perl5/5.44/core_perl/CORE/pp.h:558:32: note: expanded from macro 'XPUSHs'
  558 | #define XPUSHs(s)       STMT_START { EXTEND(sp,1); PUSHs(s); } STMT_END
      |                                      ^~~~~~~~~~~~
/usr/lib/perl5/5.44/core_perl/CORE/pp.h:459:25: note: expanded from macro 'EXTEND'
  459 | #  define EXTEND(p,n)   STMT_START {                                    \
      |                         ^~~~~~~~~~
./ppport.h:3826:28: note: expanded from macro 'STMT_START'
 3826 | #  define STMT_START    (void)( /* gcc supports ``({ STATEMENTS; })'' */
      |                               ^
LineBreak.xs:1190:3: note: '{' token is here
 1190 |                 XPUSHs(sv_2mortal(CtoPerl("Unicode::GCString", ret[i])));
      |                 ^~~~~~~~~~~~~~~~~~~~~~~~~~~~~~~~~~~~~~~~~~~~~~~~~~~~~~~~
/usr/lib/perl5/5.44/core_perl/CORE/pp.h:558:32: note: expanded from macro 'XPUSHs'
  558 | #define XPUSHs(s)       STMT_START { EXTEND(sp,1); PUSHs(s); } STMT_END
      |                                      ^~~~~~~~~~~~
/usr/lib/perl5/5.44/core_perl/CORE/pp.h:459:36: note: expanded from macro 'EXTEND'
  459 | #  define EXTEND(p,n)   STMT_START {                                    \
      |                                    ^
LineBreak.xs:1190:3: warning: '}' and ')' tokens terminating statement expression appear in different macro expansion contexts [-Wcompound-token-split-by-macro]
 1190 |                 XPUSHs(sv_2mortal(CtoPerl("Unicode::GCString", ret[i])));
      |                 ^~~~~~~~~~~~~~~~~~~~~~~~~~~~~~~~~~~~~~~~~~~~~~~~~~~~~~~~
/usr/lib/perl5/5.44/core_perl/CORE/pp.h:558:32: note: expanded from macro 'XPUSHs'
  558 | #define XPUSHs(s)       STMT_START { EXTEND(sp,1); PUSHs(s); } STMT_END
      |                                      ^~~~~~~~~~~~
/usr/lib/perl5/5.44/core_perl/CORE/pp.h:465:25: note: expanded from macro 'EXTEND'
  465 |                         } STMT_END
      |                         ^
LineBreak.xs:1190:3: note: ')' token is here
 1190 |                 XPUSHs(sv_2mortal(CtoPerl("Unicode::GCString", ret[i])));
      |                 ^~~~~~~~~~~~~~~~~~~~~~~~~~~~~~~~~~~~~~~~~~~~~~~~~~~~~~~~
/usr/lib/perl5/5.44/core_perl/CORE/pp.h:558:32: note: expanded from macro 'XPUSHs'
  558 | #define XPUSHs(s)       STMT_START { EXTEND(sp,1); PUSHs(s); } STMT_END
      |                                      ^~~~~~~~~~~~
/usr/lib/perl5/5.44/core_perl/CORE/pp.h:465:27: note: expanded from macro 'EXTEND'
  465 |                         } STMT_END
      |                           ^~~~~~~~
./ppport.h:3827:20: note: expanded from macro 'STMT_END'
 3827 | #  define STMT_END      )
      |                         ^
LineBreak.xs:1190:3: warning: '}' and ')' tokens terminating statement expression appear in different macro expansion contexts [-Wcompound-token-split-by-macro]
 1190 |                 XPUSHs(sv_2mortal(CtoPerl("Unicode::GCString", ret[i])));
      |                 ^~~~~~~~~~~~~~~~~~~~~~~~~~~~~~~~~~~~~~~~~~~~~~~~~~~~~~~~
/usr/lib/perl5/5.44/core_perl/CORE/pp.h:558:56: note: expanded from macro 'XPUSHs'
  558 | #define XPUSHs(s)       STMT_START { EXTEND(sp,1); PUSHs(s); } STMT_END
      |                                                              ^
LineBreak.xs:1190:3: note: ')' token is here
 1190 |                 XPUSHs(sv_2mortal(CtoPerl("Unicode::GCString", ret[i])));
      |                 ^~~~~~~~~~~~~~~~~~~~~~~~~~~~~~~~~~~~~~~~~~~~~~~~~~~~~~~~
/usr/lib/perl5/5.44/core_perl/CORE/pp.h:558:58: note: expanded from macro 'XPUSHs'
  558 | #define XPUSHs(s)       STMT_START { EXTEND(sp,1); PUSHs(s); } STMT_END
      |                                                                ^~~~~~~~
./ppport.h:3827:20: note: expanded from macro 'STMT_END'
 3827 | #  define STMT_END      )
      |                         ^
LineBreak.xs:1192:6: warning: '(' and '{' tokens introducing statement expression appear in different macro expansion contexts [-Wcompound-token-split-by-macro]
 1192 |             XSRETURN(i);
      |             ^~~~~~~~~~~
/usr/lib/perl5/5.44/core_perl/CORE/XSUB.h:317:5: note: expanded from macro 'XSRETURN'
  317 |     STMT_START {                                        \
      |     ^~~~~~~~~~
./ppport.h:3826:28: note: expanded from macro 'STMT_START'
 3826 | #  define STMT_START    (void)( /* gcc supports ``({ STATEMENTS; })'' */
      |                               ^
LineBreak.xs:1192:6: note: '{' token is here
 1192 |             XSRETURN(i);
      |             ^~~~~~~~~~~
/usr/lib/perl5/5.44/core_perl/CORE/XSUB.h:317:16: note: expanded from macro 'XSRETURN'
  317 |     STMT_START {                                        \
      |                ^
LineBreak.xs:1192:6: warning: '}' and ')' tokens terminating statement expression appear in different macro expansion contexts [-Wcompound-token-split-by-macro]
 1192 |             XSRETURN(i);
      |             ^~~~~~~~~~~
/usr/lib/perl5/5.44/core_perl/CORE/XSUB.h:322:5: note: expanded from macro 'XSRETURN'
  322 |     } STMT_END
      |     ^
LineBreak.xs:1192:6: note: ')' token is here
 1192 |             XSRETURN(i);
      |             ^~~~~~~~~~~
/usr/lib/perl5/5.44/core_perl/CORE/XSUB.h:322:7: note: expanded from macro 'XSRETURN'
  322 |     } STMT_END
      |       ^~~~~~~~
./ppport.h:3827:20: note: expanded from macro 'STMT_END'
 3827 | #  define STMT_END      )
      |                         ^
LineBreak.xs:1196:6: warning: '(' and '{' tokens introducing statement expression appear in different macro expansion contexts [-Wcompound-token-split-by-macro]
 1196 |             XSRETURN_EMPTY;
      |             ^~~~~~~~~~~~~~
/usr/lib/perl5/5.44/core_perl/CORE/XSUB.h:332:27: note: expanded from macro 'XSRETURN_EMPTY'
  332 | #define XSRETURN_EMPTY    STMT_START {                  XSRETURN(0); } STMT_END
      |                           ^~~~~~~~~~
./ppport.h:3826:28: note: expanded from macro 'STMT_START'
 3826 | #  define STMT_START    (void)( /* gcc supports ``({ STATEMENTS; })'' */
      |                               ^
LineBreak.xs:1196:6: note: '{' token is here
 1196 |             XSRETURN_EMPTY;
      |             ^~~~~~~~~~~~~~
/usr/lib/perl5/5.44/core_perl/CORE/XSUB.h:332:38: note: expanded from macro 'XSRETURN_EMPTY'
  332 | #define XSRETURN_EMPTY    STMT_START {                  XSRETURN(0); } STMT_END
      |                                      ^
LineBreak.xs:1196:6: warning: '(' and '{' tokens introducing statement expression appear in different macro expansion contexts [-Wcompound-token-split-by-macro]
 1196 |             XSRETURN_EMPTY;
      |             ^~~~~~~~~~~~~~
/usr/lib/perl5/5.44/core_perl/CORE/XSUB.h:332:57: note: expanded from macro 'XSRETURN_EMPTY'
  332 | #define XSRETURN_EMPTY    STMT_START {                  XSRETURN(0); } STMT_END
      |                                                         ^~~~~~~~~~~
/usr/lib/perl5/5.44/core_perl/CORE/XSUB.h:317:5: note: expanded from macro 'XSRETURN'
  317 |     STMT_START {                                        \
      |     ^~~~~~~~~~
./ppport.h:3826:28: note: expanded from macro 'STMT_START'
 3826 | #  define STMT_START    (void)( /* gcc supports ``({ STATEMENTS; })'' */
      |                               ^
LineBreak.xs:1196:6: note: '{' token is here
 1196 |             XSRETURN_EMPTY;
      |             ^~~~~~~~~~~~~~
/usr/lib/perl5/5.44/core_perl/CORE/XSUB.h:332:57: note: expanded from macro 'XSRETURN_EMPTY'
  332 | #define XSRETURN_EMPTY    STMT_START {                  XSRETURN(0); } STMT_END
      |                                                         ^~~~~~~~~~~
/usr/lib/perl5/5.44/core_perl/CORE/XSUB.h:317:16: note: expanded from macro 'XSRETURN'
  317 |     STMT_START {                                        \
      |                ^
LineBreak.xs:1196:6: warning: '}' and ')' tokens terminating statement expression appear in different macro expansion contexts [-Wcompound-token-split-by-macro]
 1196 |             XSRETURN_EMPTY;
      |             ^~~~~~~~~~~~~~
/usr/lib/perl5/5.44/core_perl/CORE/XSUB.h:332:57: note: expanded from macro 'XSRETURN_EMPTY'
  332 | #define XSRETURN_EMPTY    STMT_START {                  XSRETURN(0); } STMT_END
      |                                                         ^~~~~~~~~~~
/usr/lib/perl5/5.44/core_perl/CORE/XSUB.h:322:5: note: expanded from macro 'XSRETURN'
  322 |     } STMT_END
      |     ^
LineBreak.xs:1196:6: note: ')' token is here
 1196 |             XSRETURN_EMPTY;
      |             ^~~~~~~~~~~~~~
/usr/lib/perl5/5.44/core_perl/CORE/XSUB.h:332:57: note: expanded from macro 'XSRETURN_EMPTY'
  332 | #define XSRETURN_EMPTY    STMT_START {                  XSRETURN(0); } STMT_END
      |                                                         ^~~~~~~~~~~
/usr/lib/perl5/5.44/core_perl/CORE/XSUB.h:322:7: note: expanded from macro 'XSRETURN'
  322 |     } STMT_END
      |       ^~~~~~~~
./ppport.h:3827:20: note: expanded from macro 'STMT_END'
 3827 | #  define STMT_END      )
      |                         ^
LineBreak.xs:1196:6: warning: '}' and ')' tokens terminating statement expression appear in different macro expansion contexts [-Wcompound-token-split-by-macro]
 1196 |             XSRETURN_EMPTY;
      |             ^~~~~~~~~~~~~~
/usr/lib/perl5/5.44/core_perl/CORE/XSUB.h:332:70: note: expanded from macro 'XSRETURN_EMPTY'
  332 | #define XSRETURN_EMPTY    STMT_START {                  XSRETURN(0); } STMT_END
      |                                                                      ^
LineBreak.xs:1196:6: note: ')' token is here
 1196 |             XSRETURN_EMPTY;
      |             ^~~~~~~~~~~~~~
/usr/lib/perl5/5.44/core_perl/CORE/XSUB.h:332:72: note: expanded from macro 'XSRETURN_EMPTY'
  332 | #define XSRETURN_EMPTY    STMT_START {                  XSRETURN(0); } STMT_END
      |                                                                        ^~~~~~~~
./ppport.h:3827:20: note: expanded from macro 'STMT_END'
 3827 | #  define STMT_END      )
      |                         ^
LineBreak.xs:1227:6: warning: '(' and '{' tokens introducing statement expression appear in different macro expansion contexts [-Wcompound-token-split-by-macro]
 1227 |             XPUSHs(sv_2mortal(unistrtoSV((unistr_t *)r, 0, r->len)));
      |             ^~~~~~~~~~~~~~~~~~~~~~~~~~~~~~~~~~~~~~~~~~~~~~~~~~~~~~~~
/usr/lib/perl5/5.44/core_perl/CORE/pp.h:558:19: note: expanded from macro 'XPUSHs'
  558 | #define XPUSHs(s)       STMT_START { EXTEND(sp,1); PUSHs(s); } STMT_END
      |                         ^~~~~~~~~~
./ppport.h:3826:28: note: expanded from macro 'STMT_START'
 3826 | #  define STMT_START    (void)( /* gcc supports ``({ STATEMENTS; })'' */
      |                               ^
LineBreak.xs:1227:6: note: '{' token is here
 1227 |             XPUSHs(sv_2mortal(unistrtoSV((unistr_t *)r, 0, r->len)));
      |             ^~~~~~~~~~~~~~~~~~~~~~~~~~~~~~~~~~~~~~~~~~~~~~~~~~~~~~~~
/usr/lib/perl5/5.44/core_perl/CORE/pp.h:558:30: note: expanded from macro 'XPUSHs'
  558 | #define XPUSHs(s)       STMT_START { EXTEND(sp,1); PUSHs(s); } STMT_END
      |                                    ^
LineBreak.xs:1227:6: warning: '(' and '{' tokens introducing statement expression appear in different macro expansion contexts [-Wcompound-token-split-by-macro]
 1227 |             XPUSHs(sv_2mortal(unistrtoSV((unistr_t *)r, 0, r->len)));
      |             ^~~~~~~~~~~~~~~~~~~~~~~~~~~~~~~~~~~~~~~~~~~~~~~~~~~~~~~~
/usr/lib/perl5/5.44/core_perl/CORE/pp.h:558:32: note: expanded from macro 'XPUSHs'
  558 | #define XPUSHs(s)       STMT_START { EXTEND(sp,1); PUSHs(s); } STMT_END
      |                                      ^~~~~~~~~~~~
/usr/lib/perl5/5.44/core_perl/CORE/pp.h:459:25: note: expanded from macro 'EXTEND'
  459 | #  define EXTEND(p,n)   STMT_START {                                    \
      |                         ^~~~~~~~~~
./ppport.h:3826:28: note: expanded from macro 'STMT_START'
 3826 | #  define STMT_START    (void)( /* gcc supports ``({ STATEMENTS; })'' */
      |                               ^
LineBreak.xs:1227:6: note: '{' token is here
 1227 |             XPUSHs(sv_2mortal(unistrtoSV((unistr_t *)r, 0, r->len)));
      |             ^~~~~~~~~~~~~~~~~~~~~~~~~~~~~~~~~~~~~~~~~~~~~~~~~~~~~~~~
/usr/lib/perl5/5.44/core_perl/CORE/pp.h:558:32: note: expanded from macro 'XPUSHs'
  558 | #define XPUSHs(s)       STMT_START { EXTEND(sp,1); PUSHs(s); } STMT_END
      |                                      ^~~~~~~~~~~~
/usr/lib/perl5/5.44/core_perl/CORE/pp.h:459:36: note: expanded from macro 'EXTEND'
  459 | #  define EXTEND(p,n)   STMT_START {                                    \
      |                                    ^
LineBreak.xs:1227:6: warning: '}' and ')' tokens terminating statement expression appear in different macro expansion contexts [-Wcompound-token-split-by-macro]
 1227 |             XPUSHs(sv_2mortal(unistrtoSV((unistr_t *)r, 0, r->len)));
      |             ^~~~~~~~~~~~~~~~~~~~~~~~~~~~~~~~~~~~~~~~~~~~~~~~~~~~~~~~
/usr/lib/perl5/5.44/core_perl/CORE/pp.h:558:32: note: expanded from macro 'XPUSHs'
  558 | #define XPUSHs(s)       STMT_START { EXTEND(sp,1); PUSHs(s); } STMT_END
      |                                      ^~~~~~~~~~~~
/usr/lib/perl5/5.44/core_perl/CORE/pp.h:465:25: note: expanded from macro 'EXTEND'
  465 |                         } STMT_END
      |                         ^
LineBreak.xs:1227:6: note: ')' token is here
 1227 |             XPUSHs(sv_2mortal(unistrtoSV((unistr_t *)r, 0, r->len)));
      |             ^~~~~~~~~~~~~~~~~~~~~~~~~~~~~~~~~~~~~~~~~~~~~~~~~~~~~~~~
/usr/lib/perl5/5.44/core_perl/CORE/pp.h:558:32: note: expanded from macro 'XPUSHs'
  558 | #define XPUSHs(s)       STMT_START { EXTEND(sp,1); PUSHs(s); } STMT_END
      |                                      ^~~~~~~~~~~~
/usr/lib/perl5/5.44/core_perl/CORE/pp.h:465:27: note: expanded from macro 'EXTEND'
  465 |                         } STMT_END
      |                           ^~~~~~~~
./ppport.h:3827:20: note: expanded from macro 'STMT_END'
 3827 | #  define STMT_END      )
      |                         ^
LineBreak.xs:1227:6: warning: '}' and ')' tokens terminating statement expression appear in different macro expansion contexts [-Wcompound-token-split-by-macro]
 1227 |             XPUSHs(sv_2mortal(unistrtoSV((unistr_t *)r, 0, r->len)));
      |             ^~~~~~~~~~~~~~~~~~~~~~~~~~~~~~~~~~~~~~~~~~~~~~~~~~~~~~~~
/usr/lib/perl5/5.44/core_perl/CORE/pp.h:558:56: note: expanded from macro 'XPUSHs'
  558 | #define XPUSHs(s)       STMT_START { EXTEND(sp,1); PUSHs(s); } STMT_END
      |                                                              ^
LineBreak.xs:1227:6: note: ')' token is here
 1227 |             XPUSHs(sv_2mortal(unistrtoSV((unistr_t *)r, 0, r->len)));
      |             ^~~~~~~~~~~~~~~~~~~~~~~~~~~~~~~~~~~~~~~~~~~~~~~~~~~~~~~~
/usr/lib/perl5/5.44/core_perl/CORE/pp.h:558:58: note: expanded from macro 'XPUSHs'
  558 | #define XPUSHs(s)       STMT_START { EXTEND(sp,1); PUSHs(s); } STMT_END
      |                                                                ^~~~~~~~
./ppport.h:3827:20: note: expanded from macro 'STMT_END'
 3827 | #  define STMT_END      )
      |                         ^
LineBreak.xs:1229:6: warning: '(' and '{' tokens introducing statement expression appear in different macro expansion contexts [-Wcompound-token-split-by-macro]
 1229 |             XSRETURN(1);
      |             ^~~~~~~~~~~
/usr/lib/perl5/5.44/core_perl/CORE/XSUB.h:317:5: note: expanded from macro 'XSRETURN'
  317 |     STMT_START {                                        \
      |     ^~~~~~~~~~
./ppport.h:3826:28: note: expanded from macro 'STMT_START'
 3826 | #  define STMT_START    (void)( /* gcc supports ``({ STATEMENTS; })'' */
      |                               ^
LineBreak.xs:1229:6: note: '{' token is here
 1229 |             XSRETURN(1);
      |             ^~~~~~~~~~~
/usr/lib/perl5/5.44/core_perl/CORE/XSUB.h:317:16: note: expanded from macro 'XSRETURN'
  317 |     STMT_START {                                        \
      |                ^
LineBreak.xs:1229:6: warning: '}' and ')' tokens terminating statement expression appear in different macro expansion contexts [-Wcompound-token-split-by-macro]
 1229 |             XSRETURN(1);
      |             ^~~~~~~~~~~
/usr/lib/perl5/5.44/core_perl/CORE/XSUB.h:322:5: note: expanded from macro 'XSRETURN'
  322 |     } STMT_END
      |     ^
LineBreak.xs:1229:6: note: ')' token is here
 1229 |             XSRETURN(1);
      |             ^~~~~~~~~~~
/usr/lib/perl5/5.44/core_perl/CORE/XSUB.h:322:7: note: expanded from macro 'XSRETURN'
  322 |     } STMT_END
      |       ^~~~~~~~
./ppport.h:3827:20: note: expanded from macro 'STMT_END'
 3827 | #  define STMT_END      )
      |                         ^
LineBreak.xs:1233:3: warning: '(' and '{' tokens introducing statement expression appear in different macro expansion contexts [-Wcompound-token-split-by-macro]
 1233 |                 XPUSHs(sv_2mortal(CtoPerl("Unicode::GCString", ret[i])));
      |                 ^~~~~~~~~~~~~~~~~~~~~~~~~~~~~~~~~~~~~~~~~~~~~~~~~~~~~~~~
/usr/lib/perl5/5.44/core_perl/CORE/pp.h:558:19: note: expanded from macro 'XPUSHs'
  558 | #define XPUSHs(s)       STMT_START { EXTEND(sp,1); PUSHs(s); } STMT_END
      |                         ^~~~~~~~~~
./ppport.h:3826:28: note: expanded from macro 'STMT_START'
 3826 | #  define STMT_START    (void)( /* gcc supports ``({ STATEMENTS; })'' */
      |                               ^
LineBreak.xs:1233:3: note: '{' token is here
 1233 |                 XPUSHs(sv_2mortal(CtoPerl("Unicode::GCString", ret[i])));
      |                 ^~~~~~~~~~~~~~~~~~~~~~~~~~~~~~~~~~~~~~~~~~~~~~~~~~~~~~~~
/usr/lib/perl5/5.44/core_perl/CORE/pp.h:558:30: note: expanded from macro 'XPUSHs'
  558 | #define XPUSHs(s)       STMT_START { EXTEND(sp,1); PUSHs(s); } STMT_END
      |                                    ^
LineBreak.xs:1233:3: warning: '(' and '{' tokens introducing statement expression appear in different macro expansion contexts [-Wcompound-token-split-by-macro]
 1233 |                 XPUSHs(sv_2mortal(CtoPerl("Unicode::GCString", ret[i])));
      |                 ^~~~~~~~~~~~~~~~~~~~~~~~~~~~~~~~~~~~~~~~~~~~~~~~~~~~~~~~
/usr/lib/perl5/5.44/core_perl/CORE/pp.h:558:32: note: expanded from macro 'XPUSHs'
  558 | #define XPUSHs(s)       STMT_START { EXTEND(sp,1); PUSHs(s); } STMT_END
      |                                      ^~~~~~~~~~~~
/usr/lib/perl5/5.44/core_perl/CORE/pp.h:459:25: note: expanded from macro 'EXTEND'
  459 | #  define EXTEND(p,n)   STMT_START {                                    \
      |                         ^~~~~~~~~~
./ppport.h:3826:28: note: expanded from macro 'STMT_START'
 3826 | #  define STMT_START    (void)( /* gcc supports ``({ STATEMENTS; })'' */
      |                               ^
LineBreak.xs:1233:3: note: '{' token is here
 1233 |                 XPUSHs(sv_2mortal(CtoPerl("Unicode::GCString", ret[i])));
      |                 ^~~~~~~~~~~~~~~~~~~~~~~~~~~~~~~~~~~~~~~~~~~~~~~~~~~~~~~~
/usr/lib/perl5/5.44/core_perl/CORE/pp.h:558:32: note: expanded from macro 'XPUSHs'
  558 | #define XPUSHs(s)       STMT_START { EXTEND(sp,1); PUSHs(s); } STMT_END
      |                                      ^~~~~~~~~~~~
/usr/lib/perl5/5.44/core_perl/CORE/pp.h:459:36: note: expanded from macro 'EXTEND'
  459 | #  define EXTEND(p,n)   STMT_START {                                    \
      |                                    ^
LineBreak.xs:1233:3: warning: '}' and ')' tokens terminating statement expression appear in different macro expansion contexts [-Wcompound-token-split-by-macro]
 1233 |                 XPUSHs(sv_2mortal(CtoPerl("Unicode::GCString", ret[i])));
      |                 ^~~~~~~~~~~~~~~~~~~~~~~~~~~~~~~~~~~~~~~~~~~~~~~~~~~~~~~~
/usr/lib/perl5/5.44/core_perl/CORE/pp.h:558:32: note: expanded from macro 'XPUSHs'
  558 | #define XPUSHs(s)       STMT_START { EXTEND(sp,1); PUSHs(s); } STMT_END
      |                                      ^~~~~~~~~~~~
/usr/lib/perl5/5.44/core_perl/CORE/pp.h:465:25: note: expanded from macro 'EXTEND'
  465 |                         } STMT_END
      |                         ^
LineBreak.xs:1233:3: note: ')' token is here
 1233 |                 XPUSHs(sv_2mortal(CtoPerl("Unicode::GCString", ret[i])));
      |                 ^~~~~~~~~~~~~~~~~~~~~~~~~~~~~~~~~~~~~~~~~~~~~~~~~~~~~~~~
/usr/lib/perl5/5.44/core_perl/CORE/pp.h:558:32: note: expanded from macro 'XPUSHs'
  558 | #define XPUSHs(s)       STMT_START { EXTEND(sp,1); PUSHs(s); } STMT_END
      |                                      ^~~~~~~~~~~~
/usr/lib/perl5/5.44/core_perl/CORE/pp.h:465:27: note: expanded from macro 'EXTEND'
  465 |                         } STMT_END
      |                           ^~~~~~~~
./ppport.h:3827:20: note: expanded from macro 'STMT_END'
 3827 | #  define STMT_END      )
      |                         ^
LineBreak.xs:1233:3: warning: '}' and ')' tokens terminating statement expression appear in different macro expansion contexts [-Wcompound-token-split-by-macro]
 1233 |                 XPUSHs(sv_2mortal(CtoPerl("Unicode::GCString", ret[i])));
      |                 ^~~~~~~~~~~~~~~~~~~~~~~~~~~~~~~~~~~~~~~~~~~~~~~~~~~~~~~~
/usr/lib/perl5/5.44/core_perl/CORE/pp.h:558:56: note: expanded from macro 'XPUSHs'
  558 | #define XPUSHs(s)       STMT_START { EXTEND(sp,1); PUSHs(s); } STMT_END
      |                                                              ^
LineBreak.xs:1233:3: note: ')' token is here
 1233 |                 XPUSHs(sv_2mortal(CtoPerl("Unicode::GCString", ret[i])));
      |                 ^~~~~~~~~~~~~~~~~~~~~~~~~~~~~~~~~~~~~~~~~~~~~~~~~~~~~~~~
/usr/lib/perl5/5.44/core_perl/CORE/pp.h:558:58: note: expanded from macro 'XPUSHs'
  558 | #define XPUSHs(s)       STMT_START { EXTEND(sp,1); PUSHs(s); } STMT_END
      |                                                                ^~~~~~~~
./ppport.h:3827:20: note: expanded from macro 'STMT_END'
 3827 | #  define STMT_END      )
      |                         ^
LineBreak.xs:1235:6: warning: '(' and '{' tokens introducing statement expression appear in different macro expansion contexts [-Wcompound-token-split-by-macro]
 1235 |             XSRETURN(i);
      |             ^~~~~~~~~~~
/usr/lib/perl5/5.44/core_perl/CORE/XSUB.h:317:5: note: expanded from macro 'XSRETURN'
  317 |     STMT_START {                                        \
      |     ^~~~~~~~~~
./ppport.h:3826:28: note: expanded from macro 'STMT_START'
 3826 | #  define STMT_START    (void)( /* gcc supports ``({ STATEMENTS; })'' */
      |                               ^
LineBreak.xs:1235:6: note: '{' token is here
 1235 |             XSRETURN(i);
      |             ^~~~~~~~~~~
/usr/lib/perl5/5.44/core_perl/CORE/XSUB.h:317:16: note: expanded from macro 'XSRETURN'
  317 |     STMT_START {                                        \
      |                ^
LineBreak.xs:1235:6: warning: '}' and ')' tokens terminating statement expression appear in different macro expansion contexts [-Wcompound-token-split-by-macro]
 1235 |             XSRETURN(i);
      |             ^~~~~~~~~~~
/usr/lib/perl5/5.44/core_perl/CORE/XSUB.h:322:5: note: expanded from macro 'XSRETURN'
  322 |     } STMT_END
      |     ^
LineBreak.xs:1235:6: note: ')' token is here
 1235 |             XSRETURN(i);
      |             ^~~~~~~~~~~
/usr/lib/perl5/5.44/core_perl/CORE/XSUB.h:322:7: note: expanded from macro 'XSRETURN'
  322 |     } STMT_END
      |       ^~~~~~~~
./ppport.h:3827:20: note: expanded from macro 'STMT_END'
 3827 | #  define STMT_END      )
      |                         ^
LineBreak.xs:1239:6: warning: '(' and '{' tokens introducing statement expression appear in different macro expansion contexts [-Wcompound-token-split-by-macro]
 1239 |             XSRETURN_EMPTY;
      |             ^~~~~~~~~~~~~~
/usr/lib/perl5/5.44/core_perl/CORE/XSUB.h:332:27: note: expanded from macro 'XSRETURN_EMPTY'
  332 | #define XSRETURN_EMPTY    STMT_START {                  XSRETURN(0); } STMT_END
      |                           ^~~~~~~~~~
./ppport.h:3826:28: note: expanded from macro 'STMT_START'
 3826 | #  define STMT_START    (void)( /* gcc supports ``({ STATEMENTS; })'' */
      |                               ^
LineBreak.xs:1239:6: note: '{' token is here
 1239 |             XSRETURN_EMPTY;
      |             ^~~~~~~~~~~~~~
/usr/lib/perl5/5.44/core_perl/CORE/XSUB.h:332:38: note: expanded from macro 'XSRETURN_EMPTY'
  332 | #define XSRETURN_EMPTY    STMT_START {                  XSRETURN(0); } STMT_END
      |                                      ^
LineBreak.xs:1239:6: warning: '(' and '{' tokens introducing statement expression appear in different macro expansion contexts [-Wcompound-token-split-by-macro]
 1239 |             XSRETURN_EMPTY;
      |             ^~~~~~~~~~~~~~
/usr/lib/perl5/5.44/core_perl/CORE/XSUB.h:332:57: note: expanded from macro 'XSRETURN_EMPTY'
  332 | #define XSRETURN_EMPTY    STMT_START {                  XSRETURN(0); } STMT_END
      |                                                         ^~~~~~~~~~~
/usr/lib/perl5/5.44/core_perl/CORE/XSUB.h:317:5: note: expanded from macro 'XSRETURN'
  317 |     STMT_START {                                        \
      |     ^~~~~~~~~~
./ppport.h:3826:28: note: expanded from macro 'STMT_START'
 3826 | #  define STMT_START    (void)( /* gcc supports ``({ STATEMENTS; })'' */
      |                               ^
LineBreak.xs:1239:6: note: '{' token is here
 1239 |             XSRETURN_EMPTY;
      |             ^~~~~~~~~~~~~~
/usr/lib/perl5/5.44/core_perl/CORE/XSUB.h:332:57: note: expanded from macro 'XSRETURN_EMPTY'
  332 | #define XSRETURN_EMPTY    STMT_START {                  XSRETURN(0); } STMT_END
      |                                                         ^~~~~~~~~~~
/usr/lib/perl5/5.44/core_perl/CORE/XSUB.h:317:16: note: expanded from macro 'XSRETURN'
  317 |     STMT_START {                                        \
      |                ^
LineBreak.xs:1239:6: warning: '}' and ')' tokens terminating statement expression appear in different macro expansion contexts [-Wcompound-token-split-by-macro]
 1239 |             XSRETURN_EMPTY;
      |             ^~~~~~~~~~~~~~
/usr/lib/perl5/5.44/core_perl/CORE/XSUB.h:332:57: note: expanded from macro 'XSRETURN_EMPTY'
  332 | #define XSRETURN_EMPTY    STMT_START {                  XSRETURN(0); } STMT_END
      |                                                         ^~~~~~~~~~~
/usr/lib/perl5/5.44/core_perl/CORE/XSUB.h:322:5: note: expanded from macro 'XSRETURN'
  322 |     } STMT_END
      |     ^
LineBreak.xs:1239:6: note: ')' token is here
 1239 |             XSRETURN_EMPTY;
      |             ^~~~~~~~~~~~~~
/usr/lib/perl5/5.44/core_perl/CORE/XSUB.h:332:57: note: expanded from macro 'XSRETURN_EMPTY'
  332 | #define XSRETURN_EMPTY    STMT_START {                  XSRETURN(0); } STMT_END
      |                                                         ^~~~~~~~~~~
/usr/lib/perl5/5.44/core_perl/CORE/XSUB.h:322:7: note: expanded from macro 'XSRETURN'
  322 |     } STMT_END
      |       ^~~~~~~~
./ppport.h:3827:20: note: expanded from macro 'STMT_END'
 3827 | #  define STMT_END      )
      |                         ^
LineBreak.xs:1239:6: warning: '}' and ')' tokens terminating statement expression appear in different macro expansion contexts [-Wcompound-token-split-by-macro]
 1239 |             XSRETURN_EMPTY;
      |             ^~~~~~~~~~~~~~
/usr/lib/perl5/5.44/core_perl/CORE/XSUB.h:332:70: note: expanded from macro 'XSRETURN_EMPTY'
  332 | #define XSRETURN_EMPTY    STMT_START {                  XSRETURN(0); } STMT_END
      |                                                                      ^
LineBreak.xs:1239:6: note: ')' token is here
 1239 |             XSRETURN_EMPTY;
      |             ^~~~~~~~~~~~~~
/usr/lib/perl5/5.44/core_perl/CORE/XSUB.h:332:72: note: expanded from macro 'XSRETURN_EMPTY'
  332 | #define XSRETURN_EMPTY    STMT_START {                  XSRETURN(0); } STMT_END
      |                                                                        ^~~~~~~~
./ppport.h:3827:20: note: expanded from macro 'STMT_END'
 3827 | #  define STMT_END      )
      |                         ^
LineBreak.c:1838:5: warning: '(' and '{' tokens introducing statement expression appear in different macro expansion contexts [-Wcompound-token-split-by-macro]
 1838 |     XSRETURN(1);
      |     ^~~~~~~~~~~
/usr/lib/perl5/5.44/core_perl/CORE/XSUB.h:317:5: note: expanded from macro 'XSRETURN'
  317 |     STMT_START {                                        \
      |     ^~~~~~~~~~
./ppport.h:3826:28: note: expanded from macro 'STMT_START'
 3826 | #  define STMT_START    (void)( /* gcc supports ``({ STATEMENTS; })'' */
      |                               ^
LineBreak.c:1838:5: note: '{' token is here
 1838 |     XSRETURN(1);
      |     ^~~~~~~~~~~
/usr/lib/perl5/5.44/core_perl/CORE/XSUB.h:317:16: note: expanded from macro 'XSRETURN'
  317 |     STMT_START {                                        \
      |                ^
LineBreak.c:1838:5: warning: '}' and ')' tokens terminating statement expression appear in different macro expansion contexts [-Wcompound-token-split-by-macro]
 1838 |     XSRETURN(1);
      |     ^~~~~~~~~~~
/usr/lib/perl5/5.44/core_perl/CORE/XSUB.h:322:5: note: expanded from macro 'XSRETURN'
  322 |     } STMT_END
      |     ^
LineBreak.c:1838:5: note: ')' token is here
 1838 |     XSRETURN(1);
      |     ^~~~~~~~~~~
/usr/lib/perl5/5.44/core_perl/CORE/XSUB.h:322:7: note: expanded from macro 'XSRETURN'
  322 |     } STMT_END
      |       ^~~~~~~~
./ppport.h:3827:20: note: expanded from macro 'STMT_END'
 3827 | #  define STMT_END      )
      |                         ^
LineBreak.c:1857:5: warning: '(' and '{' tokens introducing statement expression appear in different macro expansion contexts [-Wcompound-token-split-by-macro]
 1857 |     XSRETURN(1);
      |     ^~~~~~~~~~~
/usr/lib/perl5/5.44/core_perl/CORE/XSUB.h:317:5: note: expanded from macro 'XSRETURN'
  317 |     STMT_START {                                        \
      |     ^~~~~~~~~~
./ppport.h:3826:28: note: expanded from macro 'STMT_START'
 3826 | #  define STMT_START    (void)( /* gcc supports ``({ STATEMENTS; })'' */
      |                               ^
LineBreak.c:1857:5: note: '{' token is here
 1857 |     XSRETURN(1);
      |     ^~~~~~~~~~~
/usr/lib/perl5/5.44/core_perl/CORE/XSUB.h:317:16: note: expanded from macro 'XSRETURN'
  317 |     STMT_START {                                        \
      |                ^
LineBreak.c:1857:5: warning: '}' and ')' tokens terminating statement expression appear in different macro expansion contexts [-Wcompound-token-split-by-macro]
 1857 |     XSRETURN(1);
      |     ^~~~~~~~~~~
/usr/lib/perl5/5.44/core_perl/CORE/XSUB.h:322:5: note: expanded from macro 'XSRETURN'
  322 |     } STMT_END
      |     ^
LineBreak.c:1857:5: note: ')' token is here
 1857 |     XSRETURN(1);
      |     ^~~~~~~~~~~
/usr/lib/perl5/5.44/core_perl/CORE/XSUB.h:322:7: note: expanded from macro 'XSRETURN'
  322 |     } STMT_END
      |       ^~~~~~~~
./ppport.h:3827:20: note: expanded from macro 'STMT_END'
 3827 | #  define STMT_END      )
      |                         ^
LineBreak.xs:1265:6: warning: '(' and '{' tokens introducing statement expression appear in different macro expansion contexts [-Wcompound-token-split-by-macro]
 1265 |             XSRETURN_UNDEF;
      |             ^~~~~~~~~~~~~~
/usr/lib/perl5/5.44/core_perl/CORE/XSUB.h:331:27: note: expanded from macro 'XSRETURN_UNDEF'
  331 | #define XSRETURN_UNDEF    STMT_START { XST_mUNDEF(0);   XSRETURN(1); } STMT_END
      |                           ^~~~~~~~~~
./ppport.h:3826:28: note: expanded from macro 'STMT_START'
 3826 | #  define STMT_START    (void)( /* gcc supports ``({ STATEMENTS; })'' */
      |                               ^
LineBreak.xs:1265:6: note: '{' token is here
 1265 |             XSRETURN_UNDEF;
      |             ^~~~~~~~~~~~~~
/usr/lib/perl5/5.44/core_perl/CORE/XSUB.h:331:38: note: expanded from macro 'XSRETURN_UNDEF'
  331 | #define XSRETURN_UNDEF    STMT_START { XST_mUNDEF(0);   XSRETURN(1); } STMT_END
      |                                      ^
LineBreak.xs:1265:6: warning: '(' and '{' tokens introducing statement expression appear in different macro expansion contexts [-Wcompound-token-split-by-macro]
 1265 |             XSRETURN_UNDEF;
      |             ^~~~~~~~~~~~~~
/usr/lib/perl5/5.44/core_perl/CORE/XSUB.h:331:57: note: expanded from macro 'XSRETURN_UNDEF'
  331 | #define XSRETURN_UNDEF    STMT_START { XST_mUNDEF(0);   XSRETURN(1); } STMT_END
      |                                                         ^~~~~~~~~~~
/usr/lib/perl5/5.44/core_perl/CORE/XSUB.h:317:5: note: expanded from macro 'XSRETURN'
  317 |     STMT_START {                                        \
      |     ^~~~~~~~~~
./ppport.h:3826:28: note: expanded from macro 'STMT_START'
 3826 | #  define STMT_START    (void)( /* gcc supports ``({ STATEMENTS; })'' */
      |                               ^
LineBreak.xs:1265:6: note: '{' token is here
 1265 |             XSRETURN_UNDEF;
      |             ^~~~~~~~~~~~~~
/usr/lib/perl5/5.44/core_perl/CORE/XSUB.h:331:57: note: expanded from macro 'XSRETURN_UNDEF'
  331 | #define XSRETURN_UNDEF    STMT_START { XST_mUNDEF(0);   XSRETURN(1); } STMT_END
      |                                                         ^~~~~~~~~~~
/usr/lib/perl5/5.44/core_perl/CORE/XSUB.h:317:16: note: expanded from macro 'XSRETURN'
  317 |     STMT_START {                                        \
      |                ^
LineBreak.xs:1265:6: warning: '}' and ')' tokens terminating statement expression appear in different macro expansion contexts [-Wcompound-token-split-by-macro]
 1265 |             XSRETURN_UNDEF;
      |             ^~~~~~~~~~~~~~
/usr/lib/perl5/5.44/core_perl/CORE/XSUB.h:331:57: note: expanded from macro 'XSRETURN_UNDEF'
  331 | #define XSRETURN_UNDEF    STMT_START { XST_mUNDEF(0);   XSRETURN(1); } STMT_END
      |                                                         ^~~~~~~~~~~
/usr/lib/perl5/5.44/core_perl/CORE/XSUB.h:322:5: note: expanded from macro 'XSRETURN'
  322 |     } STMT_END
      |     ^
LineBreak.xs:1265:6: note: ')' token is here
 1265 |             XSRETURN_UNDEF;
      |             ^~~~~~~~~~~~~~
/usr/lib/perl5/5.44/core_perl/CORE/XSUB.h:331:57: note: expanded from macro 'XSRETURN_UNDEF'
  331 | #define XSRETURN_UNDEF    STMT_START { XST_mUNDEF(0);   XSRETURN(1); } STMT_END
      |                                                         ^~~~~~~~~~~
/usr/lib/perl5/5.44/core_perl/CORE/XSUB.h:322:7: note: expanded from macro 'XSRETURN'
  322 |     } STMT_END
      |       ^~~~~~~~
./ppport.h:3827:20: note: expanded from macro 'STMT_END'
 3827 | #  define STMT_END      )
      |                         ^
LineBreak.xs:1265:6: warning: '}' and ')' tokens terminating statement expression appear in different macro expansion contexts [-Wcompound-token-split-by-macro]
 1265 |             XSRETURN_UNDEF;
      |             ^~~~~~~~~~~~~~
/usr/lib/perl5/5.44/core_perl/CORE/XSUB.h:331:70: note: expanded from macro 'XSRETURN_UNDEF'
  331 | #define XSRETURN_UNDEF    STMT_START { XST_mUNDEF(0);   XSRETURN(1); } STMT_END
      |                                                                      ^
LineBreak.xs:1265:6: note: ')' token is here
 1265 |             XSRETURN_UNDEF;
      |             ^~~~~~~~~~~~~~
/usr/lib/perl5/5.44/core_perl/CORE/XSUB.h:331:72: note: expanded from macro 'XSRETURN_UNDEF'
  331 | #define XSRETURN_UNDEF    STMT_START { XST_mUNDEF(0);   XSRETURN(1); } STMT_END
      |                                                                        ^~~~~~~~
./ppport.h:3827:20: note: expanded from macro 'STMT_END'
 3827 | #  define STMT_END      )
      |                         ^
LineBreak.c:1878:5: warning: '(' and '{' tokens introducing statement expression appear in different macro expansion contexts [-Wcompound-token-split-by-macro]
 1878 |     XSRETURN(1);
      |     ^~~~~~~~~~~
/usr/lib/perl5/5.44/core_perl/CORE/XSUB.h:317:5: note: expanded from macro 'XSRETURN'
  317 |     STMT_START {                                        \
      |     ^~~~~~~~~~
./ppport.h:3826:28: note: expanded from macro 'STMT_START'
 3826 | #  define STMT_START    (void)( /* gcc supports ``({ STATEMENTS; })'' */
      |                               ^
LineBreak.c:1878:5: note: '{' token is here
 1878 |     XSRETURN(1);
      |     ^~~~~~~~~~~
/usr/lib/perl5/5.44/core_perl/CORE/XSUB.h:317:16: note: expanded from macro 'XSRETURN'
  317 |     STMT_START {                                        \
      |                ^
LineBreak.c:1878:5: warning: '}' and ')' tokens terminating statement expression appear in different macro expansion contexts [-Wcompound-token-split-by-macro]
 1878 |     XSRETURN(1);
      |     ^~~~~~~~~~~
/usr/lib/perl5/5.44/core_perl/CORE/XSUB.h:322:5: note: expanded from macro 'XSRETURN'
  322 |     } STMT_END
      |     ^
LineBreak.c:1878:5: note: ')' token is here
 1878 |     XSRETURN(1);
      |     ^~~~~~~~~~~
/usr/lib/perl5/5.44/core_perl/CORE/XSUB.h:322:7: note: expanded from macro 'XSRETURN'
  322 |     } STMT_END
      |       ^~~~~~~~
./ppport.h:3827:20: note: expanded from macro 'STMT_END'
 3827 | #  define STMT_END      )
      |                         ^
LineBreak.xs:1279:6: warning: '(' and '{' tokens introducing statement expression appear in different macro expansion contexts [-Wcompound-token-split-by-macro]
 1279 |             XSRETURN_UNDEF;
      |             ^~~~~~~~~~~~~~
/usr/lib/perl5/5.44/core_perl/CORE/XSUB.h:331:27: note: expanded from macro 'XSRETURN_UNDEF'
  331 | #define XSRETURN_UNDEF    STMT_START { XST_mUNDEF(0);   XSRETURN(1); } STMT_END
      |                           ^~~~~~~~~~
./ppport.h:3826:28: note: expanded from macro 'STMT_START'
 3826 | #  define STMT_START    (void)( /* gcc supports ``({ STATEMENTS; })'' */
      |                               ^
LineBreak.xs:1279:6: note: '{' token is here
 1279 |             XSRETURN_UNDEF;
      |             ^~~~~~~~~~~~~~
/usr/lib/perl5/5.44/core_perl/CORE/XSUB.h:331:38: note: expanded from macro 'XSRETURN_UNDEF'
  331 | #define XSRETURN_UNDEF    STMT_START { XST_mUNDEF(0);   XSRETURN(1); } STMT_END
      |                                      ^
LineBreak.xs:1279:6: warning: '(' and '{' tokens introducing statement expression appear in different macro expansion contexts [-Wcompound-token-split-by-macro]
 1279 |             XSRETURN_UNDEF;
      |             ^~~~~~~~~~~~~~
/usr/lib/perl5/5.44/core_perl/CORE/XSUB.h:331:57: note: expanded from macro 'XSRETURN_UNDEF'
  331 | #define XSRETURN_UNDEF    STMT_START { XST_mUNDEF(0);   XSRETURN(1); } STMT_END
      |                                                         ^~~~~~~~~~~
/usr/lib/perl5/5.44/core_perl/CORE/XSUB.h:317:5: note: expanded from macro 'XSRETURN'
  317 |     STMT_START {                                        \
      |     ^~~~~~~~~~
./ppport.h:3826:28: note: expanded from macro 'STMT_START'
 3826 | #  define STMT_START    (void)( /* gcc supports ``({ STATEMENTS; })'' */
      |                               ^
LineBreak.xs:1279:6: note: '{' token is here
 1279 |             XSRETURN_UNDEF;
      |             ^~~~~~~~~~~~~~
/usr/lib/perl5/5.44/core_perl/CORE/XSUB.h:331:57: note: expanded from macro 'XSRETURN_UNDEF'
  331 | #define XSRETURN_UNDEF    STMT_START { XST_mUNDEF(0);   XSRETURN(1); } STMT_END
      |                                                         ^~~~~~~~~~~
/usr/lib/perl5/5.44/core_perl/CORE/XSUB.h:317:16: note: expanded from macro 'XSRETURN'
  317 |     STMT_START {                                        \
      |                ^
LineBreak.xs:1279:6: warning: '}' and ')' tokens terminating statement expression appear in different macro expansion contexts [-Wcompound-token-split-by-macro]
 1279 |             XSRETURN_UNDEF;
      |             ^~~~~~~~~~~~~~
/usr/lib/perl5/5.44/core_perl/CORE/XSUB.h:331:57: note: expanded from macro 'XSRETURN_UNDEF'
  331 | #define XSRETURN_UNDEF    STMT_START { XST_mUNDEF(0);   XSRETURN(1); } STMT_END
      |                                                         ^~~~~~~~~~~
/usr/lib/perl5/5.44/core_perl/CORE/XSUB.h:322:5: note: expanded from macro 'XSRETURN'
  322 |     } STMT_END
      |     ^
LineBreak.xs:1279:6: note: ')' token is here
 1279 |             XSRETURN_UNDEF;
      |             ^~~~~~~~~~~~~~
/usr/lib/perl5/5.44/core_perl/CORE/XSUB.h:331:57: note: expanded from macro 'XSRETURN_UNDEF'
  331 | #define XSRETURN_UNDEF    STMT_START { XST_mUNDEF(0);   XSRETURN(1); } STMT_END
      |                                                         ^~~~~~~~~~~
/usr/lib/perl5/5.44/core_perl/CORE/XSUB.h:322:7: note: expanded from macro 'XSRETURN'
  322 |     } STMT_END
      |       ^~~~~~~~
./ppport.h:3827:20: note: expanded from macro 'STMT_END'
 3827 | #  define STMT_END      )
      |                         ^
LineBreak.xs:1279:6: warning: '}' and ')' tokens terminating statement expression appear in different macro expansion contexts [-Wcompound-token-split-by-macro]
 1279 |             XSRETURN_UNDEF;
      |             ^~~~~~~~~~~~~~
/usr/lib/perl5/5.44/core_perl/CORE/XSUB.h:331:70: note: expanded from macro 'XSRETURN_UNDEF'
  331 | #define XSRETURN_UNDEF    STMT_START { XST_mUNDEF(0);   XSRETURN(1); } STMT_END
      |                                                                      ^
LineBreak.xs:1279:6: note: ')' token is here
 1279 |             XSRETURN_UNDEF;
      |             ^~~~~~~~~~~~~~
/usr/lib/perl5/5.44/core_perl/CORE/XSUB.h:331:72: note: expanded from macro 'XSRETURN_UNDEF'
  331 | #define XSRETURN_UNDEF    STMT_START { XST_mUNDEF(0);   XSRETURN(1); } STMT_END
      |                                                                        ^~~~~~~~
./ppport.h:3827:20: note: expanded from macro 'STMT_END'
 3827 | #  define STMT_END      )
      |                         ^
LineBreak.c:1941:6: warning: '(' and '{' tokens introducing statement expression appear in different macro expansion contexts [-Wcompound-token-split-by-macro]
 1941 |             setCtoPerl(RETVALSV, "Unicode::GCString", RETVAL);
      |             ^~~~~~~~~~~~~~~~~~~~~~~~~~~~~~~~~~~~~~~~~~~~~~~~~
LineBreak.xs:186:5: note: expanded from macro 'setCtoPerl'
  186 |     STMT_START { \
      |     ^~~~~~~~~~
./ppport.h:3826:28: note: expanded from macro 'STMT_START'
 3826 | #  define STMT_START    (void)( /* gcc supports ``({ STATEMENTS; })'' */
      |                               ^
LineBreak.c:1941:6: note: '{' token is here
 1941 |             setCtoPerl(RETVALSV, "Unicode::GCString", RETVAL);
      |             ^~~~~~~~~~~~~~~~~~~~~~~~~~~~~~~~~~~~~~~~~~~~~~~~~
LineBreak.xs:186:16: note: expanded from macro 'setCtoPerl'
  186 |     STMT_START { \
      |                ^
LineBreak.c:1941:6: warning: '}' and ')' tokens terminating statement expression appear in different macro expansion contexts [-Wcompound-token-split-by-macro]
 1941 |             setCtoPerl(RETVALSV, "Unicode::GCString", RETVAL);
      |             ^~~~~~~~~~~~~~~~~~~~~~~~~~~~~~~~~~~~~~~~~~~~~~~~~
LineBreak.xs:189:5: note: expanded from macro 'setCtoPerl'
  189 |     } STMT_END
      |     ^
LineBreak.c:1941:6: note: ')' token is here
 1941 |             setCtoPerl(RETVALSV, "Unicode::GCString", RETVAL);
      |             ^~~~~~~~~~~~~~~~~~~~~~~~~~~~~~~~~~~~~~~~~~~~~~~~~
LineBreak.xs:189:7: note: expanded from macro 'setCtoPerl'
  189 |     } STMT_END
      |       ^~~~~~~~
./ppport.h:3827:20: note: expanded from macro 'STMT_END'
 3827 | #  define STMT_END      )
      |                         ^
LineBreak.c:1945:5: warning: '(' and '{' tokens introducing statement expression appear in different macro expansion contexts [-Wcompound-token-split-by-macro]
 1945 |     XSRETURN(1);
      |     ^~~~~~~~~~~
/usr/lib/perl5/5.44/core_perl/CORE/XSUB.h:317:5: note: expanded from macro 'XSRETURN'
  317 |     STMT_START {                                        \
      |     ^~~~~~~~~~
./ppport.h:3826:28: note: expanded from macro 'STMT_START'
 3826 | #  define STMT_START    (void)( /* gcc supports ``({ STATEMENTS; })'' */
      |                               ^
LineBreak.c:1945:5: note: '{' token is here
 1945 |     XSRETURN(1);
      |     ^~~~~~~~~~~
/usr/lib/perl5/5.44/core_perl/CORE/XSUB.h:317:16: note: expanded from macro 'XSRETURN'
  317 |     STMT_START {                                        \
      |                ^
LineBreak.c:1945:5: warning: '}' and ')' tokens terminating statement expression appear in different macro expansion contexts [-Wcompound-token-split-by-macro]
 1945 |     XSRETURN(1);
      |     ^~~~~~~~~~~
/usr/lib/perl5/5.44/core_perl/CORE/XSUB.h:322:5: note: expanded from macro 'XSRETURN'
  322 |     } STMT_END
      |     ^
LineBreak.c:1945:5: note: ')' token is here
 1945 |     XSRETURN(1);
      |     ^~~~~~~~~~~
/usr/lib/perl5/5.44/core_perl/CORE/XSUB.h:322:7: note: expanded from macro 'XSRETURN'
  322 |     } STMT_END
      |       ^~~~~~~~
./ppport.h:3827:20: note: expanded from macro 'STMT_END'
 3827 | #  define STMT_END      )
      |                         ^
LineBreak.c:1971:5: warning: '(' and '{' tokens introducing statement expression appear in different macro expansion contexts [-Wcompound-token-split-by-macro]
 1971 |     XSRETURN_EMPTY;
      |     ^~~~~~~~~~~~~~
/usr/lib/perl5/5.44/core_perl/CORE/XSUB.h:332:27: note: expanded from macro 'XSRETURN_EMPTY'
  332 | #define XSRETURN_EMPTY    STMT_START {                  XSRETURN(0); } STMT_END
      |                           ^~~~~~~~~~
./ppport.h:3826:28: note: expanded from macro 'STMT_START'
 3826 | #  define STMT_START    (void)( /* gcc supports ``({ STATEMENTS; })'' */
      |                               ^
LineBreak.c:1971:5: note: '{' token is here
 1971 |     XSRETURN_EMPTY;
      |     ^~~~~~~~~~~~~~
/usr/lib/perl5/5.44/core_perl/CORE/XSUB.h:332:38: note: expanded from macro 'XSRETURN_EMPTY'
  332 | #define XSRETURN_EMPTY    STMT_START {                  XSRETURN(0); } STMT_END
      |                                      ^
LineBreak.c:1971:5: warning: '(' and '{' tokens introducing statement expression appear in different macro expansion contexts [-Wcompound-token-split-by-macro]
 1971 |     XSRETURN_EMPTY;
      |     ^~~~~~~~~~~~~~
/usr/lib/perl5/5.44/core_perl/CORE/XSUB.h:332:57: note: expanded from macro 'XSRETURN_EMPTY'
  332 | #define XSRETURN_EMPTY    STMT_START {                  XSRETURN(0); } STMT_END
      |                                                         ^~~~~~~~~~~
/usr/lib/perl5/5.44/core_perl/CORE/XSUB.h:317:5: note: expanded from macro 'XSRETURN'
  317 |     STMT_START {                                        \
      |     ^~~~~~~~~~
./ppport.h:3826:28: note: expanded from macro 'STMT_START'
 3826 | #  define STMT_START    (void)( /* gcc supports ``({ STATEMENTS; })'' */
      |                               ^
LineBreak.c:1971:5: note: '{' token is here
 1971 |     XSRETURN_EMPTY;
      |     ^~~~~~~~~~~~~~
/usr/lib/perl5/5.44/core_perl/CORE/XSUB.h:332:57: note: expanded from macro 'XSRETURN_EMPTY'
  332 | #define XSRETURN_EMPTY    STMT_START {                  XSRETURN(0); } STMT_END
      |                                                         ^~~~~~~~~~~
/usr/lib/perl5/5.44/core_perl/CORE/XSUB.h:317:16: note: expanded from macro 'XSRETURN'
  317 |     STMT_START {                                        \
      |                ^
LineBreak.c:1971:5: warning: '}' and ')' tokens terminating statement expression appear in different macro expansion contexts [-Wcompound-token-split-by-macro]
 1971 |     XSRETURN_EMPTY;
      |     ^~~~~~~~~~~~~~
/usr/lib/perl5/5.44/core_perl/CORE/XSUB.h:332:57: note: expanded from macro 'XSRETURN_EMPTY'
  332 | #define XSRETURN_EMPTY    STMT_START {                  XSRETURN(0); } STMT_END
      |                                                         ^~~~~~~~~~~
/usr/lib/perl5/5.44/core_perl/CORE/XSUB.h:322:5: note: expanded from macro 'XSRETURN'
  322 |     } STMT_END
      |     ^
LineBreak.c:1971:5: note: ')' token is here
 1971 |     XSRETURN_EMPTY;
      |     ^~~~~~~~~~~~~~
/usr/lib/perl5/5.44/core_perl/CORE/XSUB.h:332:57: note: expanded from macro 'XSRETURN_EMPTY'
  332 | #define XSRETURN_EMPTY    STMT_START {                  XSRETURN(0); } STMT_END
      |                                                         ^~~~~~~~~~~
/usr/lib/perl5/5.44/core_perl/CORE/XSUB.h:322:7: note: expanded from macro 'XSRETURN'
  322 |     } STMT_END
      |       ^~~~~~~~
./ppport.h:3827:20: note: expanded from macro 'STMT_END'
 3827 | #  define STMT_END      )
      |                         ^
LineBreak.c:1971:5: warning: '}' and ')' tokens terminating statement expression appear in different macro expansion contexts [-Wcompound-token-split-by-macro]
 1971 |     XSRETURN_EMPTY;
      |     ^~~~~~~~~~~~~~
/usr/lib/perl5/5.44/core_perl/CORE/XSUB.h:332:70: note: expanded from macro 'XSRETURN_EMPTY'
  332 | #define XSRETURN_EMPTY    STMT_START {                  XSRETURN(0); } STMT_END
      |                                                                      ^
LineBreak.c:1971:5: note: ')' token is here
 1971 |     XSRETURN_EMPTY;
      |     ^~~~~~~~~~~~~~
/usr/lib/perl5/5.44/core_perl/CORE/XSUB.h:332:72: note: expanded from macro 'XSRETURN_EMPTY'
  332 | #define XSRETURN_EMPTY    STMT_START {                  XSRETURN(0); } STMT_END
      |                                                                        ^~~~~~~~
./ppport.h:3827:20: note: expanded from macro 'STMT_END'
 3827 | #  define STMT_END      )
      |                         ^
LineBreak.xs:1302:3: warning: '(' and '{' tokens introducing statement expression appear in different macro expansion contexts [-Wcompound-token-split-by-macro]
 1302 |                 XPUSHs(sv_2mortal(
      |                 ^~~~~~~~~~~~~~~~~~
 1303 |                            CtoPerl("Unicode::GCString", 
      |                            ~~~~~~~~~~~~~~~~~~~~~~~~~~~~
 1304 |                                    gcstring_substr(self, i, 1))));
      |                                    ~~~~~~~~~~~~~~~~~~~~~~~~~~~~~~
/usr/lib/perl5/5.44/core_perl/CORE/pp.h:558:19: note: expanded from macro 'XPUSHs'
  558 | #define XPUSHs(s)       STMT_START { EXTEND(sp,1); PUSHs(s); } STMT_END
      |                         ^~~~~~~~~~
./ppport.h:3826:28: note: expanded from macro 'STMT_START'
 3826 | #  define STMT_START    (void)( /* gcc supports ``({ STATEMENTS; })'' */
      |                               ^
LineBreak.xs:1302:3: note: '{' token is here
 1302 |                 XPUSHs(sv_2mortal(
      |                 ^~~~~~~~~~~~~~~~~~
 1303 |                            CtoPerl("Unicode::GCString", 
      |                            ~~~~~~~~~~~~~~~~~~~~~~~~~~~~
 1304 |                                    gcstring_substr(self, i, 1))));
      |                                    ~~~~~~~~~~~~~~~~~~~~~~~~~~~~~~
/usr/lib/perl5/5.44/core_perl/CORE/pp.h:558:30: note: expanded from macro 'XPUSHs'
  558 | #define XPUSHs(s)       STMT_START { EXTEND(sp,1); PUSHs(s); } STMT_END
      |                                    ^
LineBreak.xs:1302:3: warning: '(' and '{' tokens introducing statement expression appear in different macro expansion contexts [-Wcompound-token-split-by-macro]
 1302 |                 XPUSHs(sv_2mortal(
      |                 ^~~~~~~~~~~~~~~~~~
 1303 |                            CtoPerl("Unicode::GCString", 
      |                            ~~~~~~~~~~~~~~~~~~~~~~~~~~~~
 1304 |                                    gcstring_substr(self, i, 1))));
      |                                    ~~~~~~~~~~~~~~~~~~~~~~~~~~~~~~
/usr/lib/perl5/5.44/core_perl/CORE/pp.h:558:32: note: expanded from macro 'XPUSHs'
  558 | #define XPUSHs(s)       STMT_START { EXTEND(sp,1); PUSHs(s); } STMT_END
      |                                      ^~~~~~~~~~~~
/usr/lib/perl5/5.44/core_perl/CORE/pp.h:459:25: note: expanded from macro 'EXTEND'
  459 | #  define EXTEND(p,n)   STMT_START {                                    \
      |                         ^~~~~~~~~~
./ppport.h:3826:28: note: expanded from macro 'STMT_START'
 3826 | #  define STMT_START    (void)( /* gcc supports ``({ STATEMENTS; })'' */
      |                               ^
LineBreak.xs:1302:3: note: '{' token is here
 1302 |                 XPUSHs(sv_2mortal(
      |                 ^~~~~~~~~~~~~~~~~~
 1303 |                            CtoPerl("Unicode::GCString", 
      |                            ~~~~~~~~~~~~~~~~~~~~~~~~~~~~
 1304 |                                    gcstring_substr(self, i, 1))));
      |                                    ~~~~~~~~~~~~~~~~~~~~~~~~~~~~~~
/usr/lib/perl5/5.44/core_perl/CORE/pp.h:558:32: note: expanded from macro 'XPUSHs'
  558 | #define XPUSHs(s)       STMT_START { EXTEND(sp,1); PUSHs(s); } STMT_END
      |                                      ^~~~~~~~~~~~
/usr/lib/perl5/5.44/core_perl/CORE/pp.h:459:36: note: expanded from macro 'EXTEND'
  459 | #  define EXTEND(p,n)   STMT_START {                                    \
      |                                    ^
LineBreak.xs:1302:3: warning: '}' and ')' tokens terminating statement expression appear in different macro expansion contexts [-Wcompound-token-split-by-macro]
 1302 |                 XPUSHs(sv_2mortal(
      |                 ^~~~~~~~~~~~~~~~~~
 1303 |                            CtoPerl("Unicode::GCString", 
      |                            ~~~~~~~~~~~~~~~~~~~~~~~~~~~~
 1304 |                                    gcstring_substr(self, i, 1))));
      |                                    ~~~~~~~~~~~~~~~~~~~~~~~~~~~~~~
/usr/lib/perl5/5.44/core_perl/CORE/pp.h:558:32: note: expanded from macro 'XPUSHs'
  558 | #define XPUSHs(s)       STMT_START { EXTEND(sp,1); PUSHs(s); } STMT_END
      |                                      ^~~~~~~~~~~~
/usr/lib/perl5/5.44/core_perl/CORE/pp.h:465:25: note: expanded from macro 'EXTEND'
  465 |                         } STMT_END
      |                         ^
LineBreak.xs:1302:3: note: ')' token is here
 1302 |                 XPUSHs(sv_2mortal(
      |                 ^~~~~~~~~~~~~~~~~~
 1303 |                            CtoPerl("Unicode::GCString", 
      |                            ~~~~~~~~~~~~~~~~~~~~~~~~~~~~
 1304 |                                    gcstring_substr(self, i, 1))));
      |                                    ~~~~~~~~~~~~~~~~~~~~~~~~~~~~~~
/usr/lib/perl5/5.44/core_perl/CORE/pp.h:558:32: note: expanded from macro 'XPUSHs'
  558 | #define XPUSHs(s)       STMT_START { EXTEND(sp,1); PUSHs(s); } STMT_END
      |                                      ^~~~~~~~~~~~
/usr/lib/perl5/5.44/core_perl/CORE/pp.h:465:27: note: expanded from macro 'EXTEND'
  465 |                         } STMT_END
      |                           ^~~~~~~~
./ppport.h:3827:20: note: expanded from macro 'STMT_END'
 3827 | #  define STMT_END      )
      |                         ^
LineBreak.xs:1302:3: warning: '}' and ')' tokens terminating statement expression appear in different macro expansion contexts [-Wcompound-token-split-by-macro]
 1302 |                 XPUSHs(sv_2mortal(
      |                 ^~~~~~~~~~~~~~~~~~
 1303 |                            CtoPerl("Unicode::GCString", 
      |                            ~~~~~~~~~~~~~~~~~~~~~~~~~~~~
 1304 |                                    gcstring_substr(self, i, 1))));
      |                                    ~~~~~~~~~~~~~~~~~~~~~~~~~~~~~~
/usr/lib/perl5/5.44/core_perl/CORE/pp.h:558:56: note: expanded from macro 'XPUSHs'
  558 | #define XPUSHs(s)       STMT_START { EXTEND(sp,1); PUSHs(s); } STMT_END
      |                                                              ^
LineBreak.xs:1302:3: note: ')' token is here
 1302 |                 XPUSHs(sv_2mortal(
      |                 ^~~~~~~~~~~~~~~~~~
 1303 |                            CtoPerl("Unicode::GCString", 
      |                            ~~~~~~~~~~~~~~~~~~~~~~~~~~~~
 1304 |                                    gcstring_substr(self, i, 1))));
      |                                    ~~~~~~~~~~~~~~~~~~~~~~~~~~~~~~
/usr/lib/perl5/5.44/core_perl/CORE/pp.h:558:58: note: expanded from macro 'XPUSHs'
  558 | #define XPUSHs(s)       STMT_START { EXTEND(sp,1); PUSHs(s); } STMT_END
      |                                                                ^~~~~~~~
./ppport.h:3827:20: note: expanded from macro 'STMT_END'
 3827 | #  define STMT_END      )
      |                         ^
LineBreak.c:2042:5: warning: '(' and '{' tokens introducing statement expression appear in different macro expansion contexts [-Wcompound-token-split-by-macro]
 2042 |     XSRETURN(1);
      |     ^~~~~~~~~~~
/usr/lib/perl5/5.44/core_perl/CORE/XSUB.h:317:5: note: expanded from macro 'XSRETURN'
  317 |     STMT_START {                                        \
      |     ^~~~~~~~~~
./ppport.h:3826:28: note: expanded from macro 'STMT_START'
 3826 | #  define STMT_START    (void)( /* gcc supports ``({ STATEMENTS; })'' */
      |                               ^
LineBreak.c:2042:5: note: '{' token is here
 2042 |     XSRETURN(1);
      |     ^~~~~~~~~~~
/usr/lib/perl5/5.44/core_perl/CORE/XSUB.h:317:16: note: expanded from macro 'XSRETURN'
  317 |     STMT_START {                                        \
      |                ^
LineBreak.c:2042:5: warning: '}' and ')' tokens terminating statement expression appear in different macro expansion contexts [-Wcompound-token-split-by-macro]
 2042 |     XSRETURN(1);
      |     ^~~~~~~~~~~
/usr/lib/perl5/5.44/core_perl/CORE/XSUB.h:322:5: note: expanded from macro 'XSRETURN'
  322 |     } STMT_END
      |     ^
LineBreak.c:2042:5: note: ')' token is here
 2042 |     XSRETURN(1);
      |     ^~~~~~~~~~~
/usr/lib/perl5/5.44/core_perl/CORE/XSUB.h:322:7: note: expanded from macro 'XSRETURN'
  322 |     } STMT_END
      |       ^~~~~~~~
./ppport.h:3827:20: note: expanded from macro 'STMT_END'
 3827 | #  define STMT_END      )
      |                         ^
LineBreak.c:2071:5: warning: '(' and '{' tokens introducing statement expression appear in different macro expansion contexts [-Wcompound-token-split-by-macro]
 2071 |     XSRETURN(1);
      |     ^~~~~~~~~~~
/usr/lib/perl5/5.44/core_perl/CORE/XSUB.h:317:5: note: expanded from macro 'XSRETURN'
  317 |     STMT_START {                                        \
      |     ^~~~~~~~~~
./ppport.h:3826:28: note: expanded from macro 'STMT_START'
 3826 | #  define STMT_START    (void)( /* gcc supports ``({ STATEMENTS; })'' */
      |                               ^
LineBreak.c:2071:5: note: '{' token is here
 2071 |     XSRETURN(1);
      |     ^~~~~~~~~~~
/usr/lib/perl5/5.44/core_perl/CORE/XSUB.h:317:16: note: expanded from macro 'XSRETURN'
  317 |     STMT_START {                                        \
      |                ^
LineBreak.c:2071:5: warning: '}' and ')' tokens terminating statement expression appear in different macro expansion contexts [-Wcompound-token-split-by-macro]
 2071 |     XSRETURN(1);
      |     ^~~~~~~~~~~
/usr/lib/perl5/5.44/core_perl/CORE/XSUB.h:322:5: note: expanded from macro 'XSRETURN'
  322 |     } STMT_END
      |     ^
LineBreak.c:2071:5: note: ')' token is here
 2071 |     XSRETURN(1);
      |     ^~~~~~~~~~~
/usr/lib/perl5/5.44/core_perl/CORE/XSUB.h:322:7: note: expanded from macro 'XSRETURN'
  322 |     } STMT_END
      |       ^~~~~~~~
./ppport.h:3827:20: note: expanded from macro 'STMT_END'
 3827 | #  define STMT_END      )
      |                         ^
LineBreak.c:2098:2: warning: '(' and '{' tokens introducing statement expression appear in different macro expansion contexts [-Wcompound-token-split-by-macro]
 2098 |         TARGu((UV)RETVAL, 1);
      |         ^~~~~~~~~~~~~~~~~~~~
/usr/lib/perl5/5.44/core_perl/CORE/pp.h:504:5: note: expanded from macro 'TARGu'
  504 |     STMT_START {                                                        \
      |     ^~~~~~~~~~
./ppport.h:3826:28: note: expanded from macro 'STMT_START'
 3826 | #  define STMT_START    (void)( /* gcc supports ``({ STATEMENTS; })'' */
      |                               ^
LineBreak.c:2098:2: note: '{' token is here
 2098 |         TARGu((UV)RETVAL, 1);
      |         ^~~~~~~~~~~~~~~~~~~~
/usr/lib/perl5/5.44/core_perl/CORE/pp.h:504:16: note: expanded from macro 'TARGu'
  504 |     STMT_START {                                                        \
      |                ^
LineBreak.c:2098:2: warning: '}' and ')' tokens terminating statement expression appear in different macro expansion contexts [-Wcompound-token-split-by-macro]
 2098 |         TARGu((UV)RETVAL, 1);
      |         ^~~~~~~~~~~~~~~~~~~~
/usr/lib/perl5/5.44/core_perl/CORE/pp.h:522:5: note: expanded from macro 'TARGu'
  522 |     } STMT_END
      |     ^
LineBreak.c:2098:2: note: ')' token is here
 2098 |         TARGu((UV)RETVAL, 1);
      |         ^~~~~~~~~~~~~~~~~~~~
/usr/lib/perl5/5.44/core_perl/CORE/pp.h:522:7: note: expanded from macro 'TARGu'
  522 |     } STMT_END
      |       ^~~~~~~~
./ppport.h:3827:20: note: expanded from macro 'STMT_END'
 3827 | #  define STMT_END      )
      |                         ^
LineBreak.c:2101:5: warning: '(' and '{' tokens introducing statement expression appear in different macro expansion contexts [-Wcompound-token-split-by-macro]
 2101 |     XSRETURN(1);
      |     ^~~~~~~~~~~
/usr/lib/perl5/5.44/core_perl/CORE/XSUB.h:317:5: note: expanded from macro 'XSRETURN'
  317 |     STMT_START {                                        \
      |     ^~~~~~~~~~
./ppport.h:3826:28: note: expanded from macro 'STMT_START'
 3826 | #  define STMT_START    (void)( /* gcc supports ``({ STATEMENTS; })'' */
      |                               ^
LineBreak.c:2101:5: note: '{' token is here
 2101 |     XSRETURN(1);
      |     ^~~~~~~~~~~
/usr/lib/perl5/5.44/core_perl/CORE/XSUB.h:317:16: note: expanded from macro 'XSRETURN'
  317 |     STMT_START {                                        \
      |                ^
LineBreak.c:2101:5: warning: '}' and ')' tokens terminating statement expression appear in different macro expansion contexts [-Wcompound-token-split-by-macro]
 2101 |     XSRETURN(1);
      |     ^~~~~~~~~~~
/usr/lib/perl5/5.44/core_perl/CORE/XSUB.h:322:5: note: expanded from macro 'XSRETURN'
  322 |     } STMT_END
      |     ^
LineBreak.c:2101:5: note: ')' token is here
 2101 |     XSRETURN(1);
      |     ^~~~~~~~~~~
/usr/lib/perl5/5.44/core_perl/CORE/XSUB.h:322:7: note: expanded from macro 'XSRETURN'
  322 |     } STMT_END
      |       ^~~~~~~~
./ppport.h:3827:20: note: expanded from macro 'STMT_END'
 3827 | #  define STMT_END      )
      |                         ^
LineBreak.c:2164:2: warning: '(' and '{' tokens introducing statement expression appear in different macro expansion contexts [-Wcompound-token-split-by-macro]
 2164 |         TARGi((IV)RETVAL, 1);
      |         ^~~~~~~~~~~~~~~~~~~~
/usr/lib/perl5/5.44/core_perl/CORE/pp.h:482:5: note: expanded from macro 'TARGi'
  482 |     STMT_START {                                                        \
      |     ^~~~~~~~~~
./ppport.h:3826:28: note: expanded from macro 'STMT_START'
 3826 | #  define STMT_START    (void)( /* gcc supports ``({ STATEMENTS; })'' */
      |                               ^
LineBreak.c:2164:2: note: '{' token is here
 2164 |         TARGi((IV)RETVAL, 1);
      |         ^~~~~~~~~~~~~~~~~~~~
/usr/lib/perl5/5.44/core_perl/CORE/pp.h:482:16: note: expanded from macro 'TARGi'
  482 |     STMT_START {                                                        \
      |                ^
LineBreak.c:2164:2: warning: '}' and ')' tokens terminating statement expression appear in different macro expansion contexts [-Wcompound-token-split-by-macro]
 2164 |         TARGi((IV)RETVAL, 1);
      |         ^~~~~~~~~~~~~~~~~~~~
/usr/lib/perl5/5.44/core_perl/CORE/pp.h:499:5: note: expanded from macro 'TARGi'
  499 |     } STMT_END
      |     ^
LineBreak.c:2164:2: note: ')' token is here
 2164 |         TARGi((IV)RETVAL, 1);
      |         ^~~~~~~~~~~~~~~~~~~~
/usr/lib/perl5/5.44/core_perl/CORE/pp.h:499:7: note: expanded from macro 'TARGi'
  499 |     } STMT_END
      |       ^~~~~~~~
./ppport.h:3827:20: note: expanded from macro 'STMT_END'
 3827 | #  define STMT_END      )
      |                         ^
LineBreak.c:2167:5: warning: '(' and '{' tokens introducing statement expression appear in different macro expansion contexts [-Wcompound-token-split-by-macro]
 2167 |     XSRETURN(1);
      |     ^~~~~~~~~~~
/usr/lib/perl5/5.44/core_perl/CORE/XSUB.h:317:5: note: expanded from macro 'XSRETURN'
  317 |     STMT_START {                                        \
      |     ^~~~~~~~~~
./ppport.h:3826:28: note: expanded from macro 'STMT_START'
 3826 | #  define STMT_START    (void)( /* gcc supports ``({ STATEMENTS; })'' */
      |                               ^
LineBreak.c:2167:5: note: '{' token is here
 2167 |     XSRETURN(1);
      |     ^~~~~~~~~~~
/usr/lib/perl5/5.44/core_perl/CORE/XSUB.h:317:16: note: expanded from macro 'XSRETURN'
  317 |     STMT_START {                                        \
      |                ^
LineBreak.c:2167:5: warning: '}' and ')' tokens terminating statement expression appear in different macro expansion contexts [-Wcompound-token-split-by-macro]
 2167 |     XSRETURN(1);
      |     ^~~~~~~~~~~
/usr/lib/perl5/5.44/core_perl/CORE/XSUB.h:322:5: note: expanded from macro 'XSRETURN'
  322 |     } STMT_END
      |     ^
LineBreak.c:2167:5: note: ')' token is here
 2167 |     XSRETURN(1);
      |     ^~~~~~~~~~~
/usr/lib/perl5/5.44/core_perl/CORE/XSUB.h:322:7: note: expanded from macro 'XSRETURN'
  322 |     } STMT_END
      |       ^~~~~~~~
./ppport.h:3827:20: note: expanded from macro 'STMT_END'
 3827 | #  define STMT_END      )
      |                         ^
LineBreak.c:2194:2: warning: '(' and '{' tokens introducing statement expression appear in different macro expansion contexts [-Wcompound-token-split-by-macro]
 2194 |         TARGu((UV)RETVAL, 1);
      |         ^~~~~~~~~~~~~~~~~~~~
/usr/lib/perl5/5.44/core_perl/CORE/pp.h:504:5: note: expanded from macro 'TARGu'
  504 |     STMT_START {                                                        \
      |     ^~~~~~~~~~
./ppport.h:3826:28: note: expanded from macro 'STMT_START'
 3826 | #  define STMT_START    (void)( /* gcc supports ``({ STATEMENTS; })'' */
      |                               ^
LineBreak.c:2194:2: note: '{' token is here
 2194 |         TARGu((UV)RETVAL, 1);
      |         ^~~~~~~~~~~~~~~~~~~~
/usr/lib/perl5/5.44/core_perl/CORE/pp.h:504:16: note: expanded from macro 'TARGu'
  504 |     STMT_START {                                                        \
      |                ^
LineBreak.c:2194:2: warning: '}' and ')' tokens terminating statement expression appear in different macro expansion contexts [-Wcompound-token-split-by-macro]
 2194 |         TARGu((UV)RETVAL, 1);
      |         ^~~~~~~~~~~~~~~~~~~~
/usr/lib/perl5/5.44/core_perl/CORE/pp.h:522:5: note: expanded from macro 'TARGu'
  522 |     } STMT_END
      |     ^
LineBreak.c:2194:2: note: ')' token is here
 2194 |         TARGu((UV)RETVAL, 1);
      |         ^~~~~~~~~~~~~~~~~~~~
/usr/lib/perl5/5.44/core_perl/CORE/pp.h:522:7: note: expanded from macro 'TARGu'
  522 |     } STMT_END
      |       ^~~~~~~~
./ppport.h:3827:20: note: expanded from macro 'STMT_END'
 3827 | #  define STMT_END      )
      |                         ^
LineBreak.c:2197:5: warning: '(' and '{' tokens introducing statement expression appear in different macro expansion contexts [-Wcompound-token-split-by-macro]
 2197 |     XSRETURN(1);
      |     ^~~~~~~~~~~
/usr/lib/perl5/5.44/core_perl/CORE/XSUB.h:317:5: note: expanded from macro 'XSRETURN'
  317 |     STMT_START {                                        \
      |     ^~~~~~~~~~
./ppport.h:3826:28: note: expanded from macro 'STMT_START'
 3826 | #  define STMT_START    (void)( /* gcc supports ``({ STATEMENTS; })'' */
      |                               ^
LineBreak.c:2197:5: note: '{' token is here
 2197 |     XSRETURN(1);
      |     ^~~~~~~~~~~
/usr/lib/perl5/5.44/core_perl/CORE/XSUB.h:317:16: note: expanded from macro 'XSRETURN'
  317 |     STMT_START {                                        \
      |                ^
LineBreak.c:2197:5: warning: '}' and ')' tokens terminating statement expression appear in different macro expansion contexts [-Wcompound-token-split-by-macro]
 2197 |     XSRETURN(1);
      |     ^~~~~~~~~~~
/usr/lib/perl5/5.44/core_perl/CORE/XSUB.h:322:5: note: expanded from macro 'XSRETURN'
  322 |     } STMT_END
      |     ^
LineBreak.c:2197:5: note: ')' token is here
 2197 |     XSRETURN(1);
      |     ^~~~~~~~~~~
/usr/lib/perl5/5.44/core_perl/CORE/XSUB.h:322:7: note: expanded from macro 'XSRETURN'
  322 |     } STMT_END
      |       ^~~~~~~~
./ppport.h:3827:20: note: expanded from macro 'STMT_END'
 3827 | #  define STMT_END      )
      |                         ^
LineBreak.xs:1372:6: warning: '(' and '{' tokens introducing statement expression appear in different macro expansion contexts [-Wcompound-token-split-by-macro]
 1372 |             XSRETURN(1);
      |             ^~~~~~~~~~~
/usr/lib/perl5/5.44/core_perl/CORE/XSUB.h:317:5: note: expanded from macro 'XSRETURN'
  317 |     STMT_START {                                        \
      |     ^~~~~~~~~~
./ppport.h:3826:28: note: expanded from macro 'STMT_START'
 3826 | #  define STMT_START    (void)( /* gcc supports ``({ STATEMENTS; })'' */
      |                               ^
LineBreak.xs:1372:6: note: '{' token is here
 1372 |             XSRETURN(1);
      |             ^~~~~~~~~~~
/usr/lib/perl5/5.44/core_perl/CORE/XSUB.h:317:16: note: expanded from macro 'XSRETURN'
  317 |     STMT_START {                                        \
      |                ^
LineBreak.xs:1372:6: warning: '}' and ')' tokens terminating statement expression appear in different macro expansion contexts [-Wcompound-token-split-by-macro]
 1372 |             XSRETURN(1);
      |             ^~~~~~~~~~~
/usr/lib/perl5/5.44/core_perl/CORE/XSUB.h:322:5: note: expanded from macro 'XSRETURN'
  322 |     } STMT_END
      |     ^
LineBreak.xs:1372:6: note: ')' token is here
 1372 |             XSRETURN(1);
      |             ^~~~~~~~~~~
/usr/lib/perl5/5.44/core_perl/CORE/XSUB.h:322:7: note: expanded from macro 'XSRETURN'
  322 |     } STMT_END
      |       ^~~~~~~~
./ppport.h:3827:20: note: expanded from macro 'STMT_END'
 3827 | #  define STMT_END      )
      |                         ^
LineBreak.c:2265:6: warning: '(' and '{' tokens introducing statement expression appear in different macro expansion contexts [-Wcompound-token-split-by-macro]
 2265 |             setCtoPerl(RETVALSV, "Unicode::GCString", RETVAL);
      |             ^~~~~~~~~~~~~~~~~~~~~~~~~~~~~~~~~~~~~~~~~~~~~~~~~
LineBreak.xs:186:5: note: expanded from macro 'setCtoPerl'
  186 |     STMT_START { \
      |     ^~~~~~~~~~
./ppport.h:3826:28: note: expanded from macro 'STMT_START'
 3826 | #  define STMT_START    (void)( /* gcc supports ``({ STATEMENTS; })'' */
      |                               ^
LineBreak.c:2265:6: note: '{' token is here
 2265 |             setCtoPerl(RETVALSV, "Unicode::GCString", RETVAL);
      |             ^~~~~~~~~~~~~~~~~~~~~~~~~~~~~~~~~~~~~~~~~~~~~~~~~
LineBreak.xs:186:16: note: expanded from macro 'setCtoPerl'
  186 |     STMT_START { \
      |                ^
LineBreak.c:2265:6: warning: '}' and ')' tokens terminating statement expression appear in different macro expansion contexts [-Wcompound-token-split-by-macro]
 2265 |             setCtoPerl(RETVALSV, "Unicode::GCString", RETVAL);
      |             ^~~~~~~~~~~~~~~~~~~~~~~~~~~~~~~~~~~~~~~~~~~~~~~~~
LineBreak.xs:189:5: note: expanded from macro 'setCtoPerl'
  189 |     } STMT_END
      |     ^
LineBreak.c:2265:6: note: ')' token is here
 2265 |             setCtoPerl(RETVALSV, "Unicode::GCString", RETVAL);
      |             ^~~~~~~~~~~~~~~~~~~~~~~~~~~~~~~~~~~~~~~~~~~~~~~~~
LineBreak.xs:189:7: note: expanded from macro 'setCtoPerl'
  189 |     } STMT_END
      |       ^~~~~~~~
./ppport.h:3827:20: note: expanded from macro 'STMT_END'
 3827 | #  define STMT_END      )
      |                         ^
LineBreak.c:2269:5: warning: '(' and '{' tokens introducing statement expression appear in different macro expansion contexts [-Wcompound-token-split-by-macro]
 2269 |     XSRETURN(1);
      |     ^~~~~~~~~~~
/usr/lib/perl5/5.44/core_perl/CORE/XSUB.h:317:5: note: expanded from macro 'XSRETURN'
  317 |     STMT_START {                                        \
      |     ^~~~~~~~~~
./ppport.h:3826:28: note: expanded from macro 'STMT_START'
 3826 | #  define STMT_START    (void)( /* gcc supports ``({ STATEMENTS; })'' */
      |                               ^
LineBreak.c:2269:5: note: '{' token is here
 2269 |     XSRETURN(1);
      |     ^~~~~~~~~~~
/usr/lib/perl5/5.44/core_perl/CORE/XSUB.h:317:16: note: expanded from macro 'XSRETURN'
  317 |     STMT_START {                                        \
      |                ^
LineBreak.c:2269:5: warning: '}' and ')' tokens terminating statement expression appear in different macro expansion contexts [-Wcompound-token-split-by-macro]
 2269 |     XSRETURN(1);
      |     ^~~~~~~~~~~
/usr/lib/perl5/5.44/core_perl/CORE/XSUB.h:322:5: note: expanded from macro 'XSRETURN'
  322 |     } STMT_END
      |     ^
LineBreak.c:2269:5: note: ')' token is here
 2269 |     XSRETURN(1);
      |     ^~~~~~~~~~~
/usr/lib/perl5/5.44/core_perl/CORE/XSUB.h:322:7: note: expanded from macro 'XSRETURN'
  322 |     } STMT_END
      |       ^~~~~~~~
./ppport.h:3827:20: note: expanded from macro 'STMT_END'
 3827 | #  define STMT_END      )
      |                         ^
LineBreak.c:2298:6: warning: '(' and '{' tokens introducing statement expression appear in different macro expansion contexts [-Wcompound-token-split-by-macro]
 2298 |             setCtoPerl(RETVALSV, "Unicode::GCString", RETVAL);
      |             ^~~~~~~~~~~~~~~~~~~~~~~~~~~~~~~~~~~~~~~~~~~~~~~~~
LineBreak.xs:186:5: note: expanded from macro 'setCtoPerl'
  186 |     STMT_START { \
      |     ^~~~~~~~~~
./ppport.h:3826:28: note: expanded from macro 'STMT_START'
 3826 | #  define STMT_START    (void)( /* gcc supports ``({ STATEMENTS; })'' */
      |                               ^
LineBreak.c:2298:6: note: '{' token is here
 2298 |             setCtoPerl(RETVALSV, "Unicode::GCString", RETVAL);
      |             ^~~~~~~~~~~~~~~~~~~~~~~~~~~~~~~~~~~~~~~~~~~~~~~~~
LineBreak.xs:186:16: note: expanded from macro 'setCtoPerl'
  186 |     STMT_START { \
      |                ^
LineBreak.c:2298:6: warning: '}' and ')' tokens terminating statement expression appear in different macro expansion contexts [-Wcompound-token-split-by-macro]
 2298 |             setCtoPerl(RETVALSV, "Unicode::GCString", RETVAL);
      |             ^~~~~~~~~~~~~~~~~~~~~~~~~~~~~~~~~~~~~~~~~~~~~~~~~
LineBreak.xs:189:5: note: expanded from macro 'setCtoPerl'
  189 |     } STMT_END
      |     ^
LineBreak.c:2298:6: note: ')' token is here
 2298 |             setCtoPerl(RETVALSV, "Unicode::GCString", RETVAL);
      |             ^~~~~~~~~~~~~~~~~~~~~~~~~~~~~~~~~~~~~~~~~~~~~~~~~
LineBreak.xs:189:7: note: expanded from macro 'setCtoPerl'
  189 |     } STMT_END
      |       ^~~~~~~~
./ppport.h:3827:20: note: expanded from macro 'STMT_END'
 3827 | #  define STMT_END      )
      |                         ^
LineBreak.c:2302:5: warning: '(' and '{' tokens introducing statement expression appear in different macro expansion contexts [-Wcompound-token-split-by-macro]
 2302 |     XSRETURN(1);
      |     ^~~~~~~~~~~
/usr/lib/perl5/5.44/core_perl/CORE/XSUB.h:317:5: note: expanded from macro 'XSRETURN'
  317 |     STMT_START {                                        \
      |     ^~~~~~~~~~
./ppport.h:3826:28: note: expanded from macro 'STMT_START'
 3826 | #  define STMT_START    (void)( /* gcc supports ``({ STATEMENTS; })'' */
      |                               ^
LineBreak.c:2302:5: note: '{' token is here
 2302 |     XSRETURN(1);
      |     ^~~~~~~~~~~
/usr/lib/perl5/5.44/core_perl/CORE/XSUB.h:317:16: note: expanded from macro 'XSRETURN'
  317 |     STMT_START {                                        \
      |                ^
LineBreak.c:2302:5: warning: '}' and ')' tokens terminating statement expression appear in different macro expansion contexts [-Wcompound-token-split-by-macro]
 2302 |     XSRETURN(1);
      |     ^~~~~~~~~~~
/usr/lib/perl5/5.44/core_perl/CORE/XSUB.h:322:5: note: expanded from macro 'XSRETURN'
  322 |     } STMT_END
      |     ^
LineBreak.c:2302:5: note: ')' token is here
 2302 |     XSRETURN(1);
      |     ^~~~~~~~~~~
/usr/lib/perl5/5.44/core_perl/CORE/XSUB.h:322:7: note: expanded from macro 'XSRETURN'
  322 |     } STMT_END
      |       ^~~~~~~~
./ppport.h:3827:20: note: expanded from macro 'STMT_END'
 3827 | #  define STMT_END      )
      |                         ^
LineBreak.c:2329:2: warning: '(' and '{' tokens introducing statement expression appear in different macro expansion contexts [-Wcompound-token-split-by-macro]
 2329 |         TARGi((IV)RETVAL, 1);
      |         ^~~~~~~~~~~~~~~~~~~~
/usr/lib/perl5/5.44/core_perl/CORE/pp.h:482:5: note: expanded from macro 'TARGi'
  482 |     STMT_START {                                                        \
      |     ^~~~~~~~~~
./ppport.h:3826:28: note: expanded from macro 'STMT_START'
 3826 | #  define STMT_START    (void)( /* gcc supports ``({ STATEMENTS; })'' */
      |                               ^
LineBreak.c:2329:2: note: '{' token is here
 2329 |         TARGi((IV)RETVAL, 1);
      |         ^~~~~~~~~~~~~~~~~~~~
/usr/lib/perl5/5.44/core_perl/CORE/pp.h:482:16: note: expanded from macro 'TARGi'
  482 |     STMT_START {                                                        \
      |                ^
LineBreak.c:2329:2: warning: '}' and ')' tokens terminating statement expression appear in different macro expansion contexts [-Wcompound-token-split-by-macro]
 2329 |         TARGi((IV)RETVAL, 1);
      |         ^~~~~~~~~~~~~~~~~~~~
/usr/lib/perl5/5.44/core_perl/CORE/pp.h:499:5: note: expanded from macro 'TARGi'
  499 |     } STMT_END
      |     ^
LineBreak.c:2329:2: note: ')' token is here
 2329 |         TARGi((IV)RETVAL, 1);
      |         ^~~~~~~~~~~~~~~~~~~~
/usr/lib/perl5/5.44/core_perl/CORE/pp.h:499:7: note: expanded from macro 'TARGi'
  499 |     } STMT_END
      |       ^~~~~~~~
./ppport.h:3827:20: note: expanded from macro 'STMT_END'
 3827 | #  define STMT_END      )
      |                         ^
LineBreak.c:2332:5: warning: '(' and '{' tokens introducing statement expression appear in different macro expansion contexts [-Wcompound-token-split-by-macro]
 2332 |     XSRETURN(1);
      |     ^~~~~~~~~~~
/usr/lib/perl5/5.44/core_perl/CORE/XSUB.h:317:5: note: expanded from macro 'XSRETURN'
  317 |     STMT_START {                                        \
      |     ^~~~~~~~~~
./ppport.h:3826:28: note: expanded from macro 'STMT_START'
 3826 | #  define STMT_START    (void)( /* gcc supports ``({ STATEMENTS; })'' */
      |                               ^
LineBreak.c:2332:5: note: '{' token is here
 2332 |     XSRETURN(1);
      |     ^~~~~~~~~~~
/usr/lib/perl5/5.44/core_perl/CORE/XSUB.h:317:16: note: expanded from macro 'XSRETURN'
  317 |     STMT_START {                                        \
      |                ^
LineBreak.c:2332:5: warning: '}' and ')' tokens terminating statement expression appear in different macro expansion contexts [-Wcompound-token-split-by-macro]
 2332 |     XSRETURN(1);
      |     ^~~~~~~~~~~
/usr/lib/perl5/5.44/core_perl/CORE/XSUB.h:322:5: note: expanded from macro 'XSRETURN'
  322 |     } STMT_END
      |     ^
LineBreak.c:2332:5: note: ')' token is here
 2332 |     XSRETURN(1);
      |     ^~~~~~~~~~~
/usr/lib/perl5/5.44/core_perl/CORE/XSUB.h:322:7: note: expanded from macro 'XSRETURN'
  322 |     } STMT_END
      |       ^~~~~~~~
./ppport.h:3827:20: note: expanded from macro 'STMT_END'
 3827 | #  define STMT_END      )
      |                         ^
LineBreak.xs:1409:6: warning: '(' and '{' tokens introducing statement expression appear in different macro expansion contexts [-Wcompound-token-split-by-macro]
 1409 |             XSRETURN_UNDEF;
      |             ^~~~~~~~~~~~~~
/usr/lib/perl5/5.44/core_perl/CORE/XSUB.h:331:27: note: expanded from macro 'XSRETURN_UNDEF'
  331 | #define XSRETURN_UNDEF    STMT_START { XST_mUNDEF(0);   XSRETURN(1); } STMT_END
      |                           ^~~~~~~~~~
./ppport.h:3826:28: note: expanded from macro 'STMT_START'
 3826 | #  define STMT_START    (void)( /* gcc supports ``({ STATEMENTS; })'' */
      |                               ^
LineBreak.xs:1409:6: note: '{' token is here
 1409 |             XSRETURN_UNDEF;
      |             ^~~~~~~~~~~~~~
/usr/lib/perl5/5.44/core_perl/CORE/XSUB.h:331:38: note: expanded from macro 'XSRETURN_UNDEF'
  331 | #define XSRETURN_UNDEF    STMT_START { XST_mUNDEF(0);   XSRETURN(1); } STMT_END
      |                                      ^
LineBreak.xs:1409:6: warning: '(' and '{' tokens introducing statement expression appear in different macro expansion contexts [-Wcompound-token-split-by-macro]
 1409 |             XSRETURN_UNDEF;
      |             ^~~~~~~~~~~~~~
/usr/lib/perl5/5.44/core_perl/CORE/XSUB.h:331:57: note: expanded from macro 'XSRETURN_UNDEF'
  331 | #define XSRETURN_UNDEF    STMT_START { XST_mUNDEF(0);   XSRETURN(1); } STMT_END
      |                                                         ^~~~~~~~~~~
/usr/lib/perl5/5.44/core_perl/CORE/XSUB.h:317:5: note: expanded from macro 'XSRETURN'
  317 |     STMT_START {                                        \
      |     ^~~~~~~~~~
./ppport.h:3826:28: note: expanded from macro 'STMT_START'
 3826 | #  define STMT_START    (void)( /* gcc supports ``({ STATEMENTS; })'' */
      |                               ^
LineBreak.xs:1409:6: note: '{' token is here
 1409 |             XSRETURN_UNDEF;
      |             ^~~~~~~~~~~~~~
/usr/lib/perl5/5.44/core_perl/CORE/XSUB.h:331:57: note: expanded from macro 'XSRETURN_UNDEF'
  331 | #define XSRETURN_UNDEF    STMT_START { XST_mUNDEF(0);   XSRETURN(1); } STMT_END
      |                                                         ^~~~~~~~~~~
/usr/lib/perl5/5.44/core_perl/CORE/XSUB.h:317:16: note: expanded from macro 'XSRETURN'
  317 |     STMT_START {                                        \
      |                ^
LineBreak.xs:1409:6: warning: '}' and ')' tokens terminating statement expression appear in different macro expansion contexts [-Wcompound-token-split-by-macro]
 1409 |             XSRETURN_UNDEF;
      |             ^~~~~~~~~~~~~~
/usr/lib/perl5/5.44/core_perl/CORE/XSUB.h:331:57: note: expanded from macro 'XSRETURN_UNDEF'
  331 | #define XSRETURN_UNDEF    STMT_START { XST_mUNDEF(0);   XSRETURN(1); } STMT_END
      |                                                         ^~~~~~~~~~~
/usr/lib/perl5/5.44/core_perl/CORE/XSUB.h:322:5: note: expanded from macro 'XSRETURN'
  322 |     } STMT_END
      |     ^
LineBreak.xs:1409:6: note: ')' token is here
 1409 |             XSRETURN_UNDEF;
      |             ^~~~~~~~~~~~~~
/usr/lib/perl5/5.44/core_perl/CORE/XSUB.h:331:57: note: expanded from macro 'XSRETURN_UNDEF'
  331 | #define XSRETURN_UNDEF    STMT_START { XST_mUNDEF(0);   XSRETURN(1); } STMT_END
      |                                                         ^~~~~~~~~~~
/usr/lib/perl5/5.44/core_perl/CORE/XSUB.h:322:7: note: expanded from macro 'XSRETURN'
  322 |     } STMT_END
      |       ^~~~~~~~
./ppport.h:3827:20: note: expanded from macro 'STMT_END'
 3827 | #  define STMT_END      )
      |                         ^
LineBreak.xs:1409:6: warning: '}' and ')' tokens terminating statement expression appear in different macro expansion contexts [-Wcompound-token-split-by-macro]
 1409 |             XSRETURN_UNDEF;
      |             ^~~~~~~~~~~~~~
/usr/lib/perl5/5.44/core_perl/CORE/XSUB.h:331:70: note: expanded from macro 'XSRETURN_UNDEF'
  331 | #define XSRETURN_UNDEF    STMT_START { XST_mUNDEF(0);   XSRETURN(1); } STMT_END
      |                                                                      ^
LineBreak.xs:1409:6: note: ')' token is here
 1409 |             XSRETURN_UNDEF;
      |             ^~~~~~~~~~~~~~
/usr/lib/perl5/5.44/core_perl/CORE/XSUB.h:331:72: note: expanded from macro 'XSRETURN_UNDEF'
  331 | #define XSRETURN_UNDEF    STMT_START { XST_mUNDEF(0);   XSRETURN(1); } STMT_END
      |                                                                        ^~~~~~~~
./ppport.h:3827:20: note: expanded from macro 'STMT_END'
 3827 | #  define STMT_END      )
      |                         ^
LineBreak.c:2377:2: warning: '(' and '{' tokens introducing statement expression appear in different macro expansion contexts [-Wcompound-token-split-by-macro]
 2377 |         TARGu((UV)RETVAL, 1);
      |         ^~~~~~~~~~~~~~~~~~~~
/usr/lib/perl5/5.44/core_perl/CORE/pp.h:504:5: note: expanded from macro 'TARGu'
  504 |     STMT_START {                                                        \
      |     ^~~~~~~~~~
./ppport.h:3826:28: note: expanded from macro 'STMT_START'
 3826 | #  define STMT_START    (void)( /* gcc supports ``({ STATEMENTS; })'' */
      |                               ^
LineBreak.c:2377:2: note: '{' token is here
 2377 |         TARGu((UV)RETVAL, 1);
      |         ^~~~~~~~~~~~~~~~~~~~
/usr/lib/perl5/5.44/core_perl/CORE/pp.h:504:16: note: expanded from macro 'TARGu'
  504 |     STMT_START {                                                        \
      |                ^
LineBreak.c:2377:2: warning: '}' and ')' tokens terminating statement expression appear in different macro expansion contexts [-Wcompound-token-split-by-macro]
 2377 |         TARGu((UV)RETVAL, 1);
      |         ^~~~~~~~~~~~~~~~~~~~
/usr/lib/perl5/5.44/core_perl/CORE/pp.h:522:5: note: expanded from macro 'TARGu'
  522 |     } STMT_END
      |     ^
LineBreak.c:2377:2: note: ')' token is here
 2377 |         TARGu((UV)RETVAL, 1);
      |         ^~~~~~~~~~~~~~~~~~~~
/usr/lib/perl5/5.44/core_perl/CORE/pp.h:522:7: note: expanded from macro 'TARGu'
  522 |     } STMT_END
      |       ^~~~~~~~
./ppport.h:3827:20: note: expanded from macro 'STMT_END'
 3827 | #  define STMT_END      )
      |                         ^
LineBreak.c:2380:5: warning: '(' and '{' tokens introducing statement expression appear in different macro expansion contexts [-Wcompound-token-split-by-macro]
 2380 |     XSRETURN(1);
      |     ^~~~~~~~~~~
/usr/lib/perl5/5.44/core_perl/CORE/XSUB.h:317:5: note: expanded from macro 'XSRETURN'
  317 |     STMT_START {                                        \
      |     ^~~~~~~~~~
./ppport.h:3826:28: note: expanded from macro 'STMT_START'
 3826 | #  define STMT_START    (void)( /* gcc supports ``({ STATEMENTS; })'' */
      |                               ^
LineBreak.c:2380:5: note: '{' token is here
 2380 |     XSRETURN(1);
      |     ^~~~~~~~~~~
/usr/lib/perl5/5.44/core_perl/CORE/XSUB.h:317:16: note: expanded from macro 'XSRETURN'
  317 |     STMT_START {                                        \
      |                ^
LineBreak.c:2380:5: warning: '}' and ')' tokens terminating statement expression appear in different macro expansion contexts [-Wcompound-token-split-by-macro]
 2380 |     XSRETURN(1);
      |     ^~~~~~~~~~~
/usr/lib/perl5/5.44/core_perl/CORE/XSUB.h:322:5: note: expanded from macro 'XSRETURN'
  322 |     } STMT_END
      |     ^
LineBreak.c:2380:5: note: ')' token is here
 2380 |     XSRETURN(1);
      |     ^~~~~~~~~~~
/usr/lib/perl5/5.44/core_perl/CORE/XSUB.h:322:7: note: expanded from macro 'XSRETURN'
  322 |     } STMT_END
      |       ^~~~~~~~
./ppport.h:3827:20: note: expanded from macro 'STMT_END'
 3827 | #  define STMT_END      )
      |                         ^
LineBreak.xs:1433:6: warning: '(' and '{' tokens introducing statement expression appear in different macro expansion contexts [-Wcompound-token-split-by-macro]
 1433 |             XSRETURN_UNDEF;
      |             ^~~~~~~~~~~~~~
/usr/lib/perl5/5.44/core_perl/CORE/XSUB.h:331:27: note: expanded from macro 'XSRETURN_UNDEF'
  331 | #define XSRETURN_UNDEF    STMT_START { XST_mUNDEF(0);   XSRETURN(1); } STMT_END
      |                           ^~~~~~~~~~
./ppport.h:3826:28: note: expanded from macro 'STMT_START'
 3826 | #  define STMT_START    (void)( /* gcc supports ``({ STATEMENTS; })'' */
      |                               ^
LineBreak.xs:1433:6: note: '{' token is here
 1433 |             XSRETURN_UNDEF;
      |             ^~~~~~~~~~~~~~
/usr/lib/perl5/5.44/core_perl/CORE/XSUB.h:331:38: note: expanded from macro 'XSRETURN_UNDEF'
  331 | #define XSRETURN_UNDEF    STMT_START { XST_mUNDEF(0);   XSRETURN(1); } STMT_END
      |                                      ^
LineBreak.xs:1433:6: warning: '(' and '{' tokens introducing statement expression appear in different macro expansion contexts [-Wcompound-token-split-by-macro]
 1433 |             XSRETURN_UNDEF;
      |             ^~~~~~~~~~~~~~
/usr/lib/perl5/5.44/core_perl/CORE/XSUB.h:331:57: note: expanded from macro 'XSRETURN_UNDEF'
  331 | #define XSRETURN_UNDEF    STMT_START { XST_mUNDEF(0);   XSRETURN(1); } STMT_END
      |                                                         ^~~~~~~~~~~
/usr/lib/perl5/5.44/core_perl/CORE/XSUB.h:317:5: note: expanded from macro 'XSRETURN'
  317 |     STMT_START {                                        \
      |     ^~~~~~~~~~
./ppport.h:3826:28: note: expanded from macro 'STMT_START'
 3826 | #  define STMT_START    (void)( /* gcc supports ``({ STATEMENTS; })'' */
      |                               ^
LineBreak.xs:1433:6: note: '{' token is here
 1433 |             XSRETURN_UNDEF;
      |             ^~~~~~~~~~~~~~
/usr/lib/perl5/5.44/core_perl/CORE/XSUB.h:331:57: note: expanded from macro 'XSRETURN_UNDEF'
  331 | #define XSRETURN_UNDEF    STMT_START { XST_mUNDEF(0);   XSRETURN(1); } STMT_END
      |                                                         ^~~~~~~~~~~
/usr/lib/perl5/5.44/core_perl/CORE/XSUB.h:317:16: note: expanded from macro 'XSRETURN'
  317 |     STMT_START {                                        \
      |                ^
LineBreak.xs:1433:6: warning: '}' and ')' tokens terminating statement expression appear in different macro expansion contexts [-Wcompound-token-split-by-macro]
 1433 |             XSRETURN_UNDEF;
      |             ^~~~~~~~~~~~~~
/usr/lib/perl5/5.44/core_perl/CORE/XSUB.h:331:57: note: expanded from macro 'XSRETURN_UNDEF'
  331 | #define XSRETURN_UNDEF    STMT_START { XST_mUNDEF(0);   XSRETURN(1); } STMT_END
      |                                                         ^~~~~~~~~~~
/usr/lib/perl5/5.44/core_perl/CORE/XSUB.h:322:5: note: expanded from macro 'XSRETURN'
  322 |     } STMT_END
      |     ^
LineBreak.xs:1433:6: note: ')' token is here
 1433 |             XSRETURN_UNDEF;
      |             ^~~~~~~~~~~~~~
/usr/lib/perl5/5.44/core_perl/CORE/XSUB.h:331:57: note: expanded from macro 'XSRETURN_UNDEF'
  331 | #define XSRETURN_UNDEF    STMT_START { XST_mUNDEF(0);   XSRETURN(1); } STMT_END
      |                                                         ^~~~~~~~~~~
/usr/lib/perl5/5.44/core_perl/CORE/XSUB.h:322:7: note: expanded from macro 'XSRETURN'
  322 |     } STMT_END
      |       ^~~~~~~~
./ppport.h:3827:20: note: expanded from macro 'STMT_END'
 3827 | #  define STMT_END      )
      |                         ^
LineBreak.xs:1433:6: warning: '}' and ')' tokens terminating statement expression appear in different macro expansion contexts [-Wcompound-token-split-by-macro]
 1433 |             XSRETURN_UNDEF;
      |             ^~~~~~~~~~~~~~
/usr/lib/perl5/5.44/core_perl/CORE/XSUB.h:331:70: note: expanded from macro 'XSRETURN_UNDEF'
  331 | #define XSRETURN_UNDEF    STMT_START { XST_mUNDEF(0);   XSRETURN(1); } STMT_END
      |                                                                      ^
LineBreak.xs:1433:6: note: ')' token is here
 1433 |             XSRETURN_UNDEF;
      |             ^~~~~~~~~~~~~~
/usr/lib/perl5/5.44/core_perl/CORE/XSUB.h:331:72: note: expanded from macro 'XSRETURN_UNDEF'
  331 | #define XSRETURN_UNDEF    STMT_START { XST_mUNDEF(0);   XSRETURN(1); } STMT_END
      |                                                                        ^~~~~~~~
./ppport.h:3827:20: note: expanded from macro 'STMT_END'
 3827 | #  define STMT_END      )
      |                         ^
LineBreak.c:2419:6: warning: '(' and '{' tokens introducing statement expression appear in different macro expansion contexts [-Wcompound-token-split-by-macro]
 2419 |             setCtoPerl(RETVALSV, "Unicode::GCString", RETVAL);
      |             ^~~~~~~~~~~~~~~~~~~~~~~~~~~~~~~~~~~~~~~~~~~~~~~~~
LineBreak.xs:186:5: note: expanded from macro 'setCtoPerl'
  186 |     STMT_START { \
      |     ^~~~~~~~~~
./ppport.h:3826:28: note: expanded from macro 'STMT_START'
 3826 | #  define STMT_START    (void)( /* gcc supports ``({ STATEMENTS; })'' */
      |                               ^
LineBreak.c:2419:6: note: '{' token is here
 2419 |             setCtoPerl(RETVALSV, "Unicode::GCString", RETVAL);
      |             ^~~~~~~~~~~~~~~~~~~~~~~~~~~~~~~~~~~~~~~~~~~~~~~~~
LineBreak.xs:186:16: note: expanded from macro 'setCtoPerl'
  186 |     STMT_START { \
      |                ^
LineBreak.c:2419:6: warning: '}' and ')' tokens terminating statement expression appear in different macro expansion contexts [-Wcompound-token-split-by-macro]
 2419 |             setCtoPerl(RETVALSV, "Unicode::GCString", RETVAL);
      |             ^~~~~~~~~~~~~~~~~~~~~~~~~~~~~~~~~~~~~~~~~~~~~~~~~
LineBreak.xs:189:5: note: expanded from macro 'setCtoPerl'
  189 |     } STMT_END
      |     ^
LineBreak.c:2419:6: note: ')' token is here
 2419 |             setCtoPerl(RETVALSV, "Unicode::GCString", RETVAL);
      |             ^~~~~~~~~~~~~~~~~~~~~~~~~~~~~~~~~~~~~~~~~~~~~~~~~
LineBreak.xs:189:7: note: expanded from macro 'setCtoPerl'
  189 |     } STMT_END
      |       ^~~~~~~~
./ppport.h:3827:20: note: expanded from macro 'STMT_END'
 3827 | #  define STMT_END      )
      |                         ^
LineBreak.c:2423:5: warning: '(' and '{' tokens introducing statement expression appear in different macro expansion contexts [-Wcompound-token-split-by-macro]
 2423 |     XSRETURN(1);
      |     ^~~~~~~~~~~
/usr/lib/perl5/5.44/core_perl/CORE/XSUB.h:317:5: note: expanded from macro 'XSRETURN'
  317 |     STMT_START {                                        \
      |     ^~~~~~~~~~
./ppport.h:3826:28: note: expanded from macro 'STMT_START'
 3826 | #  define STMT_START    (void)( /* gcc supports ``({ STATEMENTS; })'' */
      |                               ^
LineBreak.c:2423:5: note: '{' token is here
 2423 |     XSRETURN(1);
      |     ^~~~~~~~~~~
/usr/lib/perl5/5.44/core_perl/CORE/XSUB.h:317:16: note: expanded from macro 'XSRETURN'
  317 |     STMT_START {                                        \
      |                ^
LineBreak.c:2423:5: warning: '}' and ')' tokens terminating statement expression appear in different macro expansion contexts [-Wcompound-token-split-by-macro]
 2423 |     XSRETURN(1);
      |     ^~~~~~~~~~~
/usr/lib/perl5/5.44/core_perl/CORE/XSUB.h:322:5: note: expanded from macro 'XSRETURN'
  322 |     } STMT_END
      |     ^
LineBreak.c:2423:5: note: ')' token is here
 2423 |     XSRETURN(1);
      |     ^~~~~~~~~~~
/usr/lib/perl5/5.44/core_perl/CORE/XSUB.h:322:7: note: expanded from macro 'XSRETURN'
  322 |     } STMT_END
      |       ^~~~~~~~
./ppport.h:3827:20: note: expanded from macro 'STMT_END'
 3827 | #  define STMT_END      )
      |                         ^
LineBreak.c:2479:6: warning: '(' and '{' tokens introducing statement expression appear in different macro expansion contexts [-Wcompound-token-split-by-macro]
 2479 |             setCtoPerl(RETVALSV, "Unicode::GCString", RETVAL);
      |             ^~~~~~~~~~~~~~~~~~~~~~~~~~~~~~~~~~~~~~~~~~~~~~~~~
LineBreak.xs:186:5: note: expanded from macro 'setCtoPerl'
  186 |     STMT_START { \
      |     ^~~~~~~~~~
./ppport.h:3826:28: note: expanded from macro 'STMT_START'
 3826 | #  define STMT_START    (void)( /* gcc supports ``({ STATEMENTS; })'' */
      |                               ^
LineBreak.c:2479:6: note: '{' token is here
 2479 |             setCtoPerl(RETVALSV, "Unicode::GCString", RETVAL);
      |             ^~~~~~~~~~~~~~~~~~~~~~~~~~~~~~~~~~~~~~~~~~~~~~~~~
LineBreak.xs:186:16: note: expanded from macro 'setCtoPerl'
  186 |     STMT_START { \
      |                ^
LineBreak.c:2479:6: warning: '}' and ')' tokens terminating statement expression appear in different macro expansion contexts [-Wcompound-token-split-by-macro]
 2479 |             setCtoPerl(RETVALSV, "Unicode::GCString", RETVAL);
      |             ^~~~~~~~~~~~~~~~~~~~~~~~~~~~~~~~~~~~~~~~~~~~~~~~~
LineBreak.xs:189:5: note: expanded from macro 'setCtoPerl'
  189 |     } STMT_END
      |     ^
LineBreak.c:2479:6: note: ')' token is here
 2479 |             setCtoPerl(RETVALSV, "Unicode::GCString", RETVAL);
      |             ^~~~~~~~~~~~~~~~~~~~~~~~~~~~~~~~~~~~~~~~~~~~~~~~~
LineBreak.xs:189:7: note: expanded from macro 'setCtoPerl'
  189 |     } STMT_END
      |       ^~~~~~~~
./ppport.h:3827:20: note: expanded from macro 'STMT_END'
 3827 | #  define STMT_END      )
      |                         ^
LineBreak.c:2483:5: warning: '(' and '{' tokens introducing statement expression appear in different macro expansion contexts [-Wcompound-token-split-by-macro]
 2483 |     XSRETURN(1);
      |     ^~~~~~~~~~~
/usr/lib/perl5/5.44/core_perl/CORE/XSUB.h:317:5: note: expanded from macro 'XSRETURN'
  317 |     STMT_START {                                        \
      |     ^~~~~~~~~~
./ppport.h:3826:28: note: expanded from macro 'STMT_START'
 3826 | #  define STMT_START    (void)( /* gcc supports ``({ STATEMENTS; })'' */
      |                               ^
LineBreak.c:2483:5: note: '{' token is here
 2483 |     XSRETURN(1);
      |     ^~~~~~~~~~~
/usr/lib/perl5/5.44/core_perl/CORE/XSUB.h:317:16: note: expanded from macro 'XSRETURN'
  317 |     STMT_START {                                        \
      |                ^
LineBreak.c:2483:5: warning: '}' and ')' tokens terminating statement expression appear in different macro expansion contexts [-Wcompound-token-split-by-macro]
 2483 |     XSRETURN(1);
      |     ^~~~~~~~~~~
/usr/lib/perl5/5.44/core_perl/CORE/XSUB.h:322:5: note: expanded from macro 'XSRETURN'
  322 |     } STMT_END
      |     ^
LineBreak.c:2483:5: note: ')' token is here
 2483 |     XSRETURN(1);
      |     ^~~~~~~~~~~
/usr/lib/perl5/5.44/core_perl/CORE/XSUB.h:322:7: note: expanded from macro 'XSRETURN'
  322 |     } STMT_END
      |       ^~~~~~~~
./ppport.h:3827:20: note: expanded from macro 'STMT_END'
 3827 | #  define STMT_END      )
      |                         ^
LineBreak.xs:1479:6: warning: '(' and '{' tokens introducing statement expression appear in different macro expansion contexts [-Wcompound-token-split-by-macro]
 1479 |             XSRETURN_UNDEF;
      |             ^~~~~~~~~~~~~~
/usr/lib/perl5/5.44/core_perl/CORE/XSUB.h:331:27: note: expanded from macro 'XSRETURN_UNDEF'
  331 | #define XSRETURN_UNDEF    STMT_START { XST_mUNDEF(0);   XSRETURN(1); } STMT_END
      |                           ^~~~~~~~~~
./ppport.h:3826:28: note: expanded from macro 'STMT_START'
 3826 | #  define STMT_START    (void)( /* gcc supports ``({ STATEMENTS; })'' */
      |                               ^
LineBreak.xs:1479:6: note: '{' token is here
 1479 |             XSRETURN_UNDEF;
      |             ^~~~~~~~~~~~~~
/usr/lib/perl5/5.44/core_perl/CORE/XSUB.h:331:38: note: expanded from macro 'XSRETURN_UNDEF'
  331 | #define XSRETURN_UNDEF    STMT_START { XST_mUNDEF(0);   XSRETURN(1); } STMT_END
      |                                      ^
LineBreak.xs:1479:6: warning: '(' and '{' tokens introducing statement expression appear in different macro expansion contexts [-Wcompound-token-split-by-macro]
 1479 |             XSRETURN_UNDEF;
      |             ^~~~~~~~~~~~~~
/usr/lib/perl5/5.44/core_perl/CORE/XSUB.h:331:57: note: expanded from macro 'XSRETURN_UNDEF'
  331 | #define XSRETURN_UNDEF    STMT_START { XST_mUNDEF(0);   XSRETURN(1); } STMT_END
      |                                                         ^~~~~~~~~~~
/usr/lib/perl5/5.44/core_perl/CORE/XSUB.h:317:5: note: expanded from macro 'XSRETURN'
  317 |     STMT_START {                                        \
      |     ^~~~~~~~~~
./ppport.h:3826:28: note: expanded from macro 'STMT_START'
 3826 | #  define STMT_START    (void)( /* gcc supports ``({ STATEMENTS; })'' */
      |                               ^
LineBreak.xs:1479:6: note: '{' token is here
 1479 |             XSRETURN_UNDEF;
      |             ^~~~~~~~~~~~~~
/usr/lib/perl5/5.44/core_perl/CORE/XSUB.h:331:57: note: expanded from macro 'XSRETURN_UNDEF'
  331 | #define XSRETURN_UNDEF    STMT_START { XST_mUNDEF(0);   XSRETURN(1); } STMT_END
      |                                                         ^~~~~~~~~~~
/usr/lib/perl5/5.44/core_perl/CORE/XSUB.h:317:16: note: expanded from macro 'XSRETURN'
  317 |     STMT_START {                                        \
      |                ^
LineBreak.xs:1479:6: warning: '}' and ')' tokens terminating statement expression appear in different macro expansion contexts [-Wcompound-token-split-by-macro]
 1479 |             XSRETURN_UNDEF;
      |             ^~~~~~~~~~~~~~
/usr/lib/perl5/5.44/core_perl/CORE/XSUB.h:331:57: note: expanded from macro 'XSRETURN_UNDEF'
  331 | #define XSRETURN_UNDEF    STMT_START { XST_mUNDEF(0);   XSRETURN(1); } STMT_END
      |                                                         ^~~~~~~~~~~
/usr/lib/perl5/5.44/core_perl/CORE/XSUB.h:322:5: note: expanded from macro 'XSRETURN'
  322 |     } STMT_END
      |     ^
LineBreak.xs:1479:6: note: ')' token is here
 1479 |             XSRETURN_UNDEF;
      |             ^~~~~~~~~~~~~~
/usr/lib/perl5/5.44/core_perl/CORE/XSUB.h:331:57: note: expanded from macro 'XSRETURN_UNDEF'
  331 | #define XSRETURN_UNDEF    STMT_START { XST_mUNDEF(0);   XSRETURN(1); } STMT_END
      |                                                         ^~~~~~~~~~~
/usr/lib/perl5/5.44/core_perl/CORE/XSUB.h:322:7: note: expanded from macro 'XSRETURN'
  322 |     } STMT_END
      |       ^~~~~~~~
./ppport.h:3827:20: note: expanded from macro 'STMT_END'
 3827 | #  define STMT_END      )
      |                         ^
LineBreak.xs:1479:6: warning: '}' and ')' tokens terminating statement expression appear in different macro expansion contexts [-Wcompound-token-split-by-macro]
 1479 |             XSRETURN_UNDEF;
      |             ^~~~~~~~~~~~~~
/usr/lib/perl5/5.44/core_perl/CORE/XSUB.h:331:70: note: expanded from macro 'XSRETURN_UNDEF'
  331 | #define XSRETURN_UNDEF    STMT_START { XST_mUNDEF(0);   XSRETURN(1); } STMT_END
      |                                                                      ^
LineBreak.xs:1479:6: note: ')' token is here
 1479 |             XSRETURN_UNDEF;
      |             ^~~~~~~~~~~~~~
/usr/lib/perl5/5.44/core_perl/CORE/XSUB.h:331:72: note: expanded from macro 'XSRETURN_UNDEF'
  331 | #define XSRETURN_UNDEF    STMT_START { XST_mUNDEF(0);   XSRETURN(1); } STMT_END
      |                                                                        ^~~~~~~~
./ppport.h:3827:20: note: expanded from macro 'STMT_END'
 3827 | #  define STMT_END      )
      |                         ^
LineBreak.c:2511:2: warning: '(' and '{' tokens introducing statement expression appear in different macro expansion contexts [-Wcompound-token-split-by-macro]
 2511 |         TARGu((UV)RETVAL, 1);
      |         ^~~~~~~~~~~~~~~~~~~~
/usr/lib/perl5/5.44/core_perl/CORE/pp.h:504:5: note: expanded from macro 'TARGu'
  504 |     STMT_START {                                                        \
      |     ^~~~~~~~~~
./ppport.h:3826:28: note: expanded from macro 'STMT_START'
 3826 | #  define STMT_START    (void)( /* gcc supports ``({ STATEMENTS; })'' */
      |                               ^
LineBreak.c:2511:2: note: '{' token is here
 2511 |         TARGu((UV)RETVAL, 1);
      |         ^~~~~~~~~~~~~~~~~~~~
/usr/lib/perl5/5.44/core_perl/CORE/pp.h:504:16: note: expanded from macro 'TARGu'
  504 |     STMT_START {                                                        \
      |                ^
LineBreak.c:2511:2: warning: '}' and ')' tokens terminating statement expression appear in different macro expansion contexts [-Wcompound-token-split-by-macro]
 2511 |         TARGu((UV)RETVAL, 1);
      |         ^~~~~~~~~~~~~~~~~~~~
/usr/lib/perl5/5.44/core_perl/CORE/pp.h:522:5: note: expanded from macro 'TARGu'
  522 |     } STMT_END
      |     ^
LineBreak.c:2511:2: note: ')' token is here
 2511 |         TARGu((UV)RETVAL, 1);
      |         ^~~~~~~~~~~~~~~~~~~~
/usr/lib/perl5/5.44/core_perl/CORE/pp.h:522:7: note: expanded from macro 'TARGu'
  522 |     } STMT_END
      |       ^~~~~~~~
./ppport.h:3827:20: note: expanded from macro 'STMT_END'
 3827 | #  define STMT_END      )
      |                         ^
LineBreak.c:2514:5: warning: '(' and '{' tokens introducing statement expression appear in different macro expansion contexts [-Wcompound-token-split-by-macro]
 2514 |     XSRETURN(1);
      |     ^~~~~~~~~~~
/usr/lib/perl5/5.44/core_perl/CORE/XSUB.h:317:5: note: expanded from macro 'XSRETURN'
  317 |     STMT_START {                                        \
      |     ^~~~~~~~~~
./ppport.h:3826:28: note: expanded from macro 'STMT_START'
 3826 | #  define STMT_START    (void)( /* gcc supports ``({ STATEMENTS; })'' */
      |                               ^
LineBreak.c:2514:5: note: '{' token is here
 2514 |     XSRETURN(1);
      |     ^~~~~~~~~~~
/usr/lib/perl5/5.44/core_perl/CORE/XSUB.h:317:16: note: expanded from macro 'XSRETURN'
  317 |     STMT_START {                                        \
      |                ^
LineBreak.c:2514:5: warning: '}' and ')' tokens terminating statement expression appear in different macro expansion contexts [-Wcompound-token-split-by-macro]
 2514 |     XSRETURN(1);
      |     ^~~~~~~~~~~
/usr/lib/perl5/5.44/core_perl/CORE/XSUB.h:322:5: note: expanded from macro 'XSRETURN'
  322 |     } STMT_END
      |     ^
LineBreak.c:2514:5: note: ')' token is here
 2514 |     XSRETURN(1);
      |     ^~~~~~~~~~~
/usr/lib/perl5/5.44/core_perl/CORE/XSUB.h:322:7: note: expanded from macro 'XSRETURN'
  322 |     } STMT_END
      |       ^~~~~~~~
./ppport.h:3827:20: note: expanded from macro 'STMT_END'
 3827 | #  define STMT_END      )
      |                         ^
LineBreak.xs:1489:6: warning: '(' and '{' tokens introducing statement expression appear in different macro expansion contexts [-Wcompound-token-split-by-macro]
 1489 |             XSRETURN_UNDEF;
      |             ^~~~~~~~~~~~~~
/usr/lib/perl5/5.44/core_perl/CORE/XSUB.h:331:27: note: expanded from macro 'XSRETURN_UNDEF'
  331 | #define XSRETURN_UNDEF    STMT_START { XST_mUNDEF(0);   XSRETURN(1); } STMT_END
      |                           ^~~~~~~~~~
./ppport.h:3826:28: note: expanded from macro 'STMT_START'
 3826 | #  define STMT_START    (void)( /* gcc supports ``({ STATEMENTS; })'' */
      |                               ^
LineBreak.xs:1489:6: note: '{' token is here
 1489 |             XSRETURN_UNDEF;
      |             ^~~~~~~~~~~~~~
/usr/lib/perl5/5.44/core_perl/CORE/XSUB.h:331:38: note: expanded from macro 'XSRETURN_UNDEF'
  331 | #define XSRETURN_UNDEF    STMT_START { XST_mUNDEF(0);   XSRETURN(1); } STMT_END
      |                                      ^
LineBreak.xs:1489:6: warning: '(' and '{' tokens introducing statement expression appear in different macro expansion contexts [-Wcompound-token-split-by-macro]
 1489 |             XSRETURN_UNDEF;
      |             ^~~~~~~~~~~~~~
/usr/lib/perl5/5.44/core_perl/CORE/XSUB.h:331:57: note: expanded from macro 'XSRETURN_UNDEF'
  331 | #define XSRETURN_UNDEF    STMT_START { XST_mUNDEF(0);   XSRETURN(1); } STMT_END
      |                                                         ^~~~~~~~~~~
/usr/lib/perl5/5.44/core_perl/CORE/XSUB.h:317:5: note: expanded from macro 'XSRETURN'
  317 |     STMT_START {                                        \
      |     ^~~~~~~~~~
./ppport.h:3826:28: note: expanded from macro 'STMT_START'
 3826 | #  define STMT_START    (void)( /* gcc supports ``({ STATEMENTS; })'' */
      |                               ^
LineBreak.xs:1489:6: note: '{' token is here
 1489 |             XSRETURN_UNDEF;
      |             ^~~~~~~~~~~~~~
/usr/lib/perl5/5.44/core_perl/CORE/XSUB.h:331:57: note: expanded from macro 'XSRETURN_UNDEF'
  331 | #define XSRETURN_UNDEF    STMT_START { XST_mUNDEF(0);   XSRETURN(1); } STMT_END
      |                                                         ^~~~~~~~~~~
/usr/lib/perl5/5.44/core_perl/CORE/XSUB.h:317:16: note: expanded from macro 'XSRETURN'
  317 |     STMT_START {                                        \
      |                ^
LineBreak.xs:1489:6: warning: '}' and ')' tokens terminating statement expression appear in different macro expansion contexts [-Wcompound-token-split-by-macro]
 1489 |             XSRETURN_UNDEF;
      |             ^~~~~~~~~~~~~~
/usr/lib/perl5/5.44/core_perl/CORE/XSUB.h:331:57: note: expanded from macro 'XSRETURN_UNDEF'
  331 | #define XSRETURN_UNDEF    STMT_START { XST_mUNDEF(0);   XSRETURN(1); } STMT_END
      |                                                         ^~~~~~~~~~~
/usr/lib/perl5/5.44/core_perl/CORE/XSUB.h:322:5: note: expanded from macro 'XSRETURN'
  322 |     } STMT_END
      |     ^
LineBreak.xs:1489:6: note: ')' token is here
 1489 |             XSRETURN_UNDEF;
      |             ^~~~~~~~~~~~~~
/usr/lib/perl5/5.44/core_perl/CORE/XSUB.h:331:57: note: expanded from macro 'XSRETURN_UNDEF'
  331 | #define XSRETURN_UNDEF    STMT_START { XST_mUNDEF(0);   XSRETURN(1); } STMT_END
      |                                                         ^~~~~~~~~~~
/usr/lib/perl5/5.44/core_perl/CORE/XSUB.h:322:7: note: expanded from macro 'XSRETURN'
  322 |     } STMT_END
      |       ^~~~~~~~
./ppport.h:3827:20: note: expanded from macro 'STMT_END'
 3827 | #  define STMT_END      )
      |                         ^
LineBreak.xs:1489:6: warning: '}' and ')' tokens terminating statement expression appear in different macro expansion contexts [-Wcompound-token-split-by-macro]
 1489 |             XSRETURN_UNDEF;
      |             ^~~~~~~~~~~~~~
/usr/lib/perl5/5.44/core_perl/CORE/XSUB.h:331:70: note: expanded from macro 'XSRETURN_UNDEF'
  331 | #define XSRETURN_UNDEF    STMT_START { XST_mUNDEF(0);   XSRETURN(1); } STMT_END
      |                                                                      ^
LineBreak.xs:1489:6: note: ')' token is here
 1489 |             XSRETURN_UNDEF;
      |             ^~~~~~~~~~~~~~
/usr/lib/perl5/5.44/core_perl/CORE/XSUB.h:331:72: note: expanded from macro 'XSRETURN_UNDEF'
  331 | #define XSRETURN_UNDEF    STMT_START { XST_mUNDEF(0);   XSRETURN(1); } STMT_END
      |                                                                        ^~~~~~~~
./ppport.h:3827:20: note: expanded from macro 'STMT_END'
 3827 | #  define STMT_END      )
      |                         ^
LineBreak.c:2542:2: warning: '(' and '{' tokens introducing statement expression appear in different macro expansion contexts [-Wcompound-token-split-by-macro]
 2542 |         TARGu((UV)RETVAL, 1);
      |         ^~~~~~~~~~~~~~~~~~~~
/usr/lib/perl5/5.44/core_perl/CORE/pp.h:504:5: note: expanded from macro 'TARGu'
  504 |     STMT_START {                                                        \
      |     ^~~~~~~~~~
./ppport.h:3826:28: note: expanded from macro 'STMT_START'
 3826 | #  define STMT_START    (void)( /* gcc supports ``({ STATEMENTS; })'' */
      |                               ^
LineBreak.c:2542:2: note: '{' token is here
 2542 |         TARGu((UV)RETVAL, 1);
      |         ^~~~~~~~~~~~~~~~~~~~
/usr/lib/perl5/5.44/core_perl/CORE/pp.h:504:16: note: expanded from macro 'TARGu'
  504 |     STMT_START {                                                        \
      |                ^
LineBreak.c:2542:2: warning: '}' and ')' tokens terminating statement expression appear in different macro expansion contexts [-Wcompound-token-split-by-macro]
 2542 |         TARGu((UV)RETVAL, 1);
      |         ^~~~~~~~~~~~~~~~~~~~
/usr/lib/perl5/5.44/core_perl/CORE/pp.h:522:5: note: expanded from macro 'TARGu'
  522 |     } STMT_END
      |     ^
LineBreak.c:2542:2: note: ')' token is here
 2542 |         TARGu((UV)RETVAL, 1);
      |         ^~~~~~~~~~~~~~~~~~~~
/usr/lib/perl5/5.44/core_perl/CORE/pp.h:522:7: note: expanded from macro 'TARGu'
  522 |     } STMT_END
      |       ^~~~~~~~
./ppport.h:3827:20: note: expanded from macro 'STMT_END'
 3827 | #  define STMT_END      )
      |                         ^
LineBreak.c:2545:5: warning: '(' and '{' tokens introducing statement expression appear in different macro expansion contexts [-Wcompound-token-split-by-macro]
 2545 |     XSRETURN(1);
      |     ^~~~~~~~~~~
/usr/lib/perl5/5.44/core_perl/CORE/XSUB.h:317:5: note: expanded from macro 'XSRETURN'
  317 |     STMT_START {                                        \
      |     ^~~~~~~~~~
./ppport.h:3826:28: note: expanded from macro 'STMT_START'
 3826 | #  define STMT_START    (void)( /* gcc supports ``({ STATEMENTS; })'' */
      |                               ^
LineBreak.c:2545:5: note: '{' token is here
 2545 |     XSRETURN(1);
      |     ^~~~~~~~~~~
/usr/lib/perl5/5.44/core_perl/CORE/XSUB.h:317:16: note: expanded from macro 'XSRETURN'
  317 |     STMT_START {                                        \
      |                ^
LineBreak.c:2545:5: warning: '}' and ')' tokens terminating statement expression appear in different macro expansion contexts [-Wcompound-token-split-by-macro]
 2545 |     XSRETURN(1);
      |     ^~~~~~~~~~~
/usr/lib/perl5/5.44/core_perl/CORE/XSUB.h:322:5: note: expanded from macro 'XSRETURN'
  322 |     } STMT_END
      |     ^
LineBreak.c:2545:5: note: ')' token is here
 2545 |     XSRETURN(1);
      |     ^~~~~~~~~~~
/usr/lib/perl5/5.44/core_perl/CORE/XSUB.h:322:7: note: expanded from macro 'XSRETURN'
  322 |     } STMT_END
      |       ^~~~~~~~
./ppport.h:3827:20: note: expanded from macro 'STMT_END'
 3827 | #  define STMT_END      )
      |                         ^
LineBreak.xs:1507:6: warning: '(' and '{' tokens introducing statement expression appear in different macro expansion contexts [-Wcompound-token-split-by-macro]
 1507 |             XSRETURN_UNDEF;
      |             ^~~~~~~~~~~~~~
/usr/lib/perl5/5.44/core_perl/CORE/XSUB.h:331:27: note: expanded from macro 'XSRETURN_UNDEF'
  331 | #define XSRETURN_UNDEF    STMT_START { XST_mUNDEF(0);   XSRETURN(1); } STMT_END
      |                           ^~~~~~~~~~
./ppport.h:3826:28: note: expanded from macro 'STMT_START'
 3826 | #  define STMT_START    (void)( /* gcc supports ``({ STATEMENTS; })'' */
      |                               ^
LineBreak.xs:1507:6: note: '{' token is here
 1507 |             XSRETURN_UNDEF;
      |             ^~~~~~~~~~~~~~
/usr/lib/perl5/5.44/core_perl/CORE/XSUB.h:331:38: note: expanded from macro 'XSRETURN_UNDEF'
  331 | #define XSRETURN_UNDEF    STMT_START { XST_mUNDEF(0);   XSRETURN(1); } STMT_END
      |                                      ^
LineBreak.xs:1507:6: warning: '(' and '{' tokens introducing statement expression appear in different macro expansion contexts [-Wcompound-token-split-by-macro]
 1507 |             XSRETURN_UNDEF;
      |             ^~~~~~~~~~~~~~
/usr/lib/perl5/5.44/core_perl/CORE/XSUB.h:331:57: note: expanded from macro 'XSRETURN_UNDEF'
  331 | #define XSRETURN_UNDEF    STMT_START { XST_mUNDEF(0);   XSRETURN(1); } STMT_END
      |                                                         ^~~~~~~~~~~
/usr/lib/perl5/5.44/core_perl/CORE/XSUB.h:317:5: note: expanded from macro 'XSRETURN'
  317 |     STMT_START {                                        \
      |     ^~~~~~~~~~
./ppport.h:3826:28: note: expanded from macro 'STMT_START'
 3826 | #  define STMT_START    (void)( /* gcc supports ``({ STATEMENTS; })'' */
      |                               ^
LineBreak.xs:1507:6: note: '{' token is here
 1507 |             XSRETURN_UNDEF;
      |             ^~~~~~~~~~~~~~
/usr/lib/perl5/5.44/core_perl/CORE/XSUB.h:331:57: note: expanded from macro 'XSRETURN_UNDEF'
  331 | #define XSRETURN_UNDEF    STMT_START { XST_mUNDEF(0);   XSRETURN(1); } STMT_END
      |                                                         ^~~~~~~~~~~
/usr/lib/perl5/5.44/core_perl/CORE/XSUB.h:317:16: note: expanded from macro 'XSRETURN'
  317 |     STMT_START {                                        \
      |                ^
LineBreak.xs:1507:6: warning: '}' and ')' tokens terminating statement expression appear in different macro expansion contexts [-Wcompound-token-split-by-macro]
 1507 |             XSRETURN_UNDEF;
      |             ^~~~~~~~~~~~~~
/usr/lib/perl5/5.44/core_perl/CORE/XSUB.h:331:57: note: expanded from macro 'XSRETURN_UNDEF'
  331 | #define XSRETURN_UNDEF    STMT_START { XST_mUNDEF(0);   XSRETURN(1); } STMT_END
      |                                                         ^~~~~~~~~~~
/usr/lib/perl5/5.44/core_perl/CORE/XSUB.h:322:5: note: expanded from macro 'XSRETURN'
  322 |     } STMT_END
      |     ^
LineBreak.xs:1507:6: note: ')' token is here
 1507 |             XSRETURN_UNDEF;
      |             ^~~~~~~~~~~~~~
/usr/lib/perl5/5.44/core_perl/CORE/XSUB.h:331:57: note: expanded from macro 'XSRETURN_UNDEF'
  331 | #define XSRETURN_UNDEF    STMT_START { XST_mUNDEF(0);   XSRETURN(1); } STMT_END
      |                                                         ^~~~~~~~~~~
/usr/lib/perl5/5.44/core_perl/CORE/XSUB.h:322:7: note: expanded from macro 'XSRETURN'
  322 |     } STMT_END
      |       ^~~~~~~~
./ppport.h:3827:20: note: expanded from macro 'STMT_END'
 3827 | #  define STMT_END      )
      |                         ^
LineBreak.xs:1507:6: warning: '}' and ')' tokens terminating statement expression appear in different macro expansion contexts [-Wcompound-token-split-by-macro]
 1507 |             XSRETURN_UNDEF;
      |             ^~~~~~~~~~~~~~
/usr/lib/perl5/5.44/core_perl/CORE/XSUB.h:331:70: note: expanded from macro 'XSRETURN_UNDEF'
  331 | #define XSRETURN_UNDEF    STMT_START { XST_mUNDEF(0);   XSRETURN(1); } STMT_END
      |                                                                      ^
LineBreak.xs:1507:6: note: ')' token is here
 1507 |             XSRETURN_UNDEF;
      |             ^~~~~~~~~~~~~~
/usr/lib/perl5/5.44/core_perl/CORE/XSUB.h:331:72: note: expanded from macro 'XSRETURN_UNDEF'
  331 | #define XSRETURN_UNDEF    STMT_START { XST_mUNDEF(0);   XSRETURN(1); } STMT_END
      |                                                                        ^~~~~~~~
./ppport.h:3827:20: note: expanded from macro 'STMT_END'
 3827 | #  define STMT_END      )
      |                         ^
LineBreak.c:2582:2: warning: '(' and '{' tokens introducing statement expression appear in different macro expansion contexts [-Wcompound-token-split-by-macro]
 2582 |         TARGu((UV)RETVAL, 1);
      |         ^~~~~~~~~~~~~~~~~~~~
/usr/lib/perl5/5.44/core_perl/CORE/pp.h:504:5: note: expanded from macro 'TARGu'
  504 |     STMT_START {                                                        \
      |     ^~~~~~~~~~
./ppport.h:3826:28: note: expanded from macro 'STMT_START'
 3826 | #  define STMT_START    (void)( /* gcc supports ``({ STATEMENTS; })'' */
      |                               ^
LineBreak.c:2582:2: note: '{' token is here
 2582 |         TARGu((UV)RETVAL, 1);
      |         ^~~~~~~~~~~~~~~~~~~~
/usr/lib/perl5/5.44/core_perl/CORE/pp.h:504:16: note: expanded from macro 'TARGu'
  504 |     STMT_START {                                                        \
      |                ^
LineBreak.c:2582:2: warning: '}' and ')' tokens terminating statement expression appear in different macro expansion contexts [-Wcompound-token-split-by-macro]
 2582 |         TARGu((UV)RETVAL, 1);
      |         ^~~~~~~~~~~~~~~~~~~~
/usr/lib/perl5/5.44/core_perl/CORE/pp.h:522:5: note: expanded from macro 'TARGu'
  522 |     } STMT_END
      |     ^
LineBreak.c:2582:2: note: ')' token is here
 2582 |         TARGu((UV)RETVAL, 1);
      |         ^~~~~~~~~~~~~~~~~~~~
/usr/lib/perl5/5.44/core_perl/CORE/pp.h:522:7: note: expanded from macro 'TARGu'
  522 |     } STMT_END
      |       ^~~~~~~~
./ppport.h:3827:20: note: expanded from macro 'STMT_END'
 3827 | #  define STMT_END      )
      |                         ^
LineBreak.c:2585:5: warning: '(' and '{' tokens introducing statement expression appear in different macro expansion contexts [-Wcompound-token-split-by-macro]
 2585 |     XSRETURN(1);
      |     ^~~~~~~~~~~
/usr/lib/perl5/5.44/core_perl/CORE/XSUB.h:317:5: note: expanded from macro 'XSRETURN'
  317 |     STMT_START {                                        \
      |     ^~~~~~~~~~
./ppport.h:3826:28: note: expanded from macro 'STMT_START'
 3826 | #  define STMT_START    (void)( /* gcc supports ``({ STATEMENTS; })'' */
      |                               ^
LineBreak.c:2585:5: note: '{' token is here
 2585 |     XSRETURN(1);
      |     ^~~~~~~~~~~
/usr/lib/perl5/5.44/core_perl/CORE/XSUB.h:317:16: note: expanded from macro 'XSRETURN'
  317 |     STMT_START {                                        \
      |                ^
LineBreak.c:2585:5: warning: '}' and ')' tokens terminating statement expression appear in different macro expansion contexts [-Wcompound-token-split-by-macro]
 2585 |     XSRETURN(1);
      |     ^~~~~~~~~~~
/usr/lib/perl5/5.44/core_perl/CORE/XSUB.h:322:5: note: expanded from macro 'XSRETURN'
  322 |     } STMT_END
      |     ^
LineBreak.c:2585:5: note: ')' token is here
 2585 |     XSRETURN(1);
      |     ^~~~~~~~~~~
/usr/lib/perl5/5.44/core_perl/CORE/XSUB.h:322:7: note: expanded from macro 'XSRETURN'
  322 |     } STMT_END
      |       ^~~~~~~~
./ppport.h:3827:20: note: expanded from macro 'STMT_END'
 3827 | #  define STMT_END      )
      |                         ^
LineBreak.xs:1525:6: warning: '(' and '{' tokens introducing statement expression appear in different macro expansion contexts [-Wcompound-token-split-by-macro]
 1525 |             XSRETURN_UNDEF;
      |             ^~~~~~~~~~~~~~
/usr/lib/perl5/5.44/core_perl/CORE/XSUB.h:331:27: note: expanded from macro 'XSRETURN_UNDEF'
  331 | #define XSRETURN_UNDEF    STMT_START { XST_mUNDEF(0);   XSRETURN(1); } STMT_END
      |                           ^~~~~~~~~~
./ppport.h:3826:28: note: expanded from macro 'STMT_START'
 3826 | #  define STMT_START    (void)( /* gcc supports ``({ STATEMENTS; })'' */
      |                               ^
LineBreak.xs:1525:6: note: '{' token is here
 1525 |             XSRETURN_UNDEF;
      |             ^~~~~~~~~~~~~~
/usr/lib/perl5/5.44/core_perl/CORE/XSUB.h:331:38: note: expanded from macro 'XSRETURN_UNDEF'
  331 | #define XSRETURN_UNDEF    STMT_START { XST_mUNDEF(0);   XSRETURN(1); } STMT_END
      |                                      ^
LineBreak.xs:1525:6: warning: '(' and '{' tokens introducing statement expression appear in different macro expansion contexts [-Wcompound-token-split-by-macro]
 1525 |             XSRETURN_UNDEF;
      |             ^~~~~~~~~~~~~~
/usr/lib/perl5/5.44/core_perl/CORE/XSUB.h:331:57: note: expanded from macro 'XSRETURN_UNDEF'
  331 | #define XSRETURN_UNDEF    STMT_START { XST_mUNDEF(0);   XSRETURN(1); } STMT_END
      |                                                         ^~~~~~~~~~~
/usr/lib/perl5/5.44/core_perl/CORE/XSUB.h:317:5: note: expanded from macro 'XSRETURN'
  317 |     STMT_START {                                        \
      |     ^~~~~~~~~~
./ppport.h:3826:28: note: expanded from macro 'STMT_START'
 3826 | #  define STMT_START    (void)( /* gcc supports ``({ STATEMENTS; })'' */
      |                               ^
LineBreak.xs:1525:6: note: '{' token is here
 1525 |             XSRETURN_UNDEF;
      |             ^~~~~~~~~~~~~~
/usr/lib/perl5/5.44/core_perl/CORE/XSUB.h:331:57: note: expanded from macro 'XSRETURN_UNDEF'
  331 | #define XSRETURN_UNDEF    STMT_START { XST_mUNDEF(0);   XSRETURN(1); } STMT_END
      |                                                         ^~~~~~~~~~~
/usr/lib/perl5/5.44/core_perl/CORE/XSUB.h:317:16: note: expanded from macro 'XSRETURN'
  317 |     STMT_START {                                        \
      |                ^
LineBreak.xs:1525:6: warning: '}' and ')' tokens terminating statement expression appear in different macro expansion contexts [-Wcompound-token-split-by-macro]
 1525 |             XSRETURN_UNDEF;
      |             ^~~~~~~~~~~~~~
/usr/lib/perl5/5.44/core_perl/CORE/XSUB.h:331:57: note: expanded from macro 'XSRETURN_UNDEF'
  331 | #define XSRETURN_UNDEF    STMT_START { XST_mUNDEF(0);   XSRETURN(1); } STMT_END
      |                                                         ^~~~~~~~~~~
/usr/lib/perl5/5.44/core_perl/CORE/XSUB.h:322:5: note: expanded from macro 'XSRETURN'
  322 |     } STMT_END
      |     ^
LineBreak.xs:1525:6: note: ')' token is here
 1525 |             XSRETURN_UNDEF;
      |             ^~~~~~~~~~~~~~
/usr/lib/perl5/5.44/core_perl/CORE/XSUB.h:331:57: note: expanded from macro 'XSRETURN_UNDEF'
  331 | #define XSRETURN_UNDEF    STMT_START { XST_mUNDEF(0);   XSRETURN(1); } STMT_END
      |                                                         ^~~~~~~~~~~
/usr/lib/perl5/5.44/core_perl/CORE/XSUB.h:322:7: note: expanded from macro 'XSRETURN'
  322 |     } STMT_END
      |       ^~~~~~~~
./ppport.h:3827:20: note: expanded from macro 'STMT_END'
 3827 | #  define STMT_END      )
      |                         ^
LineBreak.xs:1525:6: warning: '}' and ')' tokens terminating statement expression appear in different macro expansion contexts [-Wcompound-token-split-by-macro]
 1525 |             XSRETURN_UNDEF;
      |             ^~~~~~~~~~~~~~
/usr/lib/perl5/5.44/core_perl/CORE/XSUB.h:331:70: note: expanded from macro 'XSRETURN_UNDEF'
  331 | #define XSRETURN_UNDEF    STMT_START { XST_mUNDEF(0);   XSRETURN(1); } STMT_END
      |                                                                      ^
LineBreak.xs:1525:6: note: ')' token is here
 1525 |             XSRETURN_UNDEF;
      |             ^~~~~~~~~~~~~~
/usr/lib/perl5/5.44/core_perl/CORE/XSUB.h:331:72: note: expanded from macro 'XSRETURN_UNDEF'
  331 | #define XSRETURN_UNDEF    STMT_START { XST_mUNDEF(0);   XSRETURN(1); } STMT_END
      |                                                                        ^~~~~~~~
./ppport.h:3827:20: note: expanded from macro 'STMT_END'
 3827 | #  define STMT_END      )
      |                         ^
LineBreak.c:2622:2: warning: '(' and '{' tokens introducing statement expression appear in different macro expansion contexts [-Wcompound-token-split-by-macro]
 2622 |         TARGu((UV)RETVAL, 1);
      |         ^~~~~~~~~~~~~~~~~~~~
/usr/lib/perl5/5.44/core_perl/CORE/pp.h:504:5: note: expanded from macro 'TARGu'
  504 |     STMT_START {                                                        \
      |     ^~~~~~~~~~
./ppport.h:3826:28: note: expanded from macro 'STMT_START'
 3826 | #  define STMT_START    (void)( /* gcc supports ``({ STATEMENTS; })'' */
      |                               ^
LineBreak.c:2622:2: note: '{' token is here
 2622 |         TARGu((UV)RETVAL, 1);
      |         ^~~~~~~~~~~~~~~~~~~~
/usr/lib/perl5/5.44/core_perl/CORE/pp.h:504:16: note: expanded from macro 'TARGu'
  504 |     STMT_START {                                                        \
      |                ^
LineBreak.c:2622:2: warning: '}' and ')' tokens terminating statement expression appear in different macro expansion contexts [-Wcompound-token-split-by-macro]
 2622 |         TARGu((UV)RETVAL, 1);
      |         ^~~~~~~~~~~~~~~~~~~~
/usr/lib/perl5/5.44/core_perl/CORE/pp.h:522:5: note: expanded from macro 'TARGu'
  522 |     } STMT_END
      |     ^
LineBreak.c:2622:2: note: ')' token is here
 2622 |         TARGu((UV)RETVAL, 1);
      |         ^~~~~~~~~~~~~~~~~~~~
/usr/lib/perl5/5.44/core_perl/CORE/pp.h:522:7: note: expanded from macro 'TARGu'
  522 |     } STMT_END
      |       ^~~~~~~~
./ppport.h:3827:20: note: expanded from macro 'STMT_END'
 3827 | #  define STMT_END      )
      |                         ^
LineBreak.c:2625:5: warning: '(' and '{' tokens introducing statement expression appear in different macro expansion contexts [-Wcompound-token-split-by-macro]
 2625 |     XSRETURN(1);
      |     ^~~~~~~~~~~
/usr/lib/perl5/5.44/core_perl/CORE/XSUB.h:317:5: note: expanded from macro 'XSRETURN'
  317 |     STMT_START {                                        \
      |     ^~~~~~~~~~
./ppport.h:3826:28: note: expanded from macro 'STMT_START'
 3826 | #  define STMT_START    (void)( /* gcc supports ``({ STATEMENTS; })'' */
      |                               ^
LineBreak.c:2625:5: note: '{' token is here
 2625 |     XSRETURN(1);
      |     ^~~~~~~~~~~
/usr/lib/perl5/5.44/core_perl/CORE/XSUB.h:317:16: note: expanded from macro 'XSRETURN'
  317 |     STMT_START {                                        \
      |                ^
LineBreak.c:2625:5: warning: '}' and ')' tokens terminating statement expression appear in different macro expansion contexts [-Wcompound-token-split-by-macro]
 2625 |     XSRETURN(1);
      |     ^~~~~~~~~~~
/usr/lib/perl5/5.44/core_perl/CORE/XSUB.h:322:5: note: expanded from macro 'XSRETURN'
  322 |     } STMT_END
      |     ^
LineBreak.c:2625:5: note: ')' token is here
 2625 |     XSRETURN(1);
      |     ^~~~~~~~~~~
/usr/lib/perl5/5.44/core_perl/CORE/XSUB.h:322:7: note: expanded from macro 'XSRETURN'
  322 |     } STMT_END
      |       ^~~~~~~~
./ppport.h:3827:20: note: expanded from macro 'STMT_END'
 3827 | #  define STMT_END      )
      |                         ^
LineBreak.c:2652:2: warning: '(' and '{' tokens introducing statement expression appear in different macro expansion contexts [-Wcompound-token-split-by-macro]
 2652 |         TARGu((UV)RETVAL, 1);
      |         ^~~~~~~~~~~~~~~~~~~~
/usr/lib/perl5/5.44/core_perl/CORE/pp.h:504:5: note: expanded from macro 'TARGu'
  504 |     STMT_START {                                                        \
      |     ^~~~~~~~~~
./ppport.h:3826:28: note: expanded from macro 'STMT_START'
 3826 | #  define STMT_START    (void)( /* gcc supports ``({ STATEMENTS; })'' */
      |                               ^
LineBreak.c:2652:2: note: '{' token is here
 2652 |         TARGu((UV)RETVAL, 1);
      |         ^~~~~~~~~~~~~~~~~~~~
/usr/lib/perl5/5.44/core_perl/CORE/pp.h:504:16: note: expanded from macro 'TARGu'
  504 |     STMT_START {                                                        \
      |                ^
LineBreak.c:2652:2: warning: '}' and ')' tokens terminating statement expression appear in different macro expansion contexts [-Wcompound-token-split-by-macro]
 2652 |         TARGu((UV)RETVAL, 1);
      |         ^~~~~~~~~~~~~~~~~~~~
/usr/lib/perl5/5.44/core_perl/CORE/pp.h:522:5: note: expanded from macro 'TARGu'
  522 |     } STMT_END
      |     ^
LineBreak.c:2652:2: note: ')' token is here
 2652 |         TARGu((UV)RETVAL, 1);
      |         ^~~~~~~~~~~~~~~~~~~~
/usr/lib/perl5/5.44/core_perl/CORE/pp.h:522:7: note: expanded from macro 'TARGu'
  522 |     } STMT_END
      |       ^~~~~~~~
./ppport.h:3827:20: note: expanded from macro 'STMT_END'
 3827 | #  define STMT_END      )
      |                         ^
LineBreak.c:2655:5: warning: '(' and '{' tokens introducing statement expression appear in different macro expansion contexts [-Wcompound-token-split-by-macro]
 2655 |     XSRETURN(1);
      |     ^~~~~~~~~~~
/usr/lib/perl5/5.44/core_perl/CORE/XSUB.h:317:5: note: expanded from macro 'XSRETURN'
  317 |     STMT_START {                                        \
      |     ^~~~~~~~~~
./ppport.h:3826:28: note: expanded from macro 'STMT_START'
 3826 | #  define STMT_START    (void)( /* gcc supports ``({ STATEMENTS; })'' */
      |                               ^
LineBreak.c:2655:5: note: '{' token is here
 2655 |     XSRETURN(1);
      |     ^~~~~~~~~~~
/usr/lib/perl5/5.44/core_perl/CORE/XSUB.h:317:16: note: expanded from macro 'XSRETURN'
  317 |     STMT_START {                                        \
      |                ^
LineBreak.c:2655:5: warning: '}' and ')' tokens terminating statement expression appear in different macro expansion contexts [-Wcompound-token-split-by-macro]
 2655 |     XSRETURN(1);
      |     ^~~~~~~~~~~
/usr/lib/perl5/5.44/core_perl/CORE/XSUB.h:322:5: note: expanded from macro 'XSRETURN'
  322 |     } STMT_END
      |     ^
LineBreak.c:2655:5: note: ')' token is here
 2655 |     XSRETURN(1);
      |     ^~~~~~~~~~~
/usr/lib/perl5/5.44/core_perl/CORE/XSUB.h:322:7: note: expanded from macro 'XSRETURN'
  322 |     } STMT_END
      |       ^~~~~~~~
./ppport.h:3827:20: note: expanded from macro 'STMT_END'
 3827 | #  define STMT_END      )
      |                         ^
LineBreak.xs:1546:6: warning: '(' and '{' tokens introducing statement expression appear in different macro expansion contexts [-Wcompound-token-split-by-macro]
 1546 |             XSRETURN_UNDEF;
      |             ^~~~~~~~~~~~~~
/usr/lib/perl5/5.44/core_perl/CORE/XSUB.h:331:27: note: expanded from macro 'XSRETURN_UNDEF'
  331 | #define XSRETURN_UNDEF    STMT_START { XST_mUNDEF(0);   XSRETURN(1); } STMT_END
      |                           ^~~~~~~~~~
./ppport.h:3826:28: note: expanded from macro 'STMT_START'
 3826 | #  define STMT_START    (void)( /* gcc supports ``({ STATEMENTS; })'' */
      |                               ^
LineBreak.xs:1546:6: note: '{' token is here
 1546 |             XSRETURN_UNDEF;
      |             ^~~~~~~~~~~~~~
/usr/lib/perl5/5.44/core_perl/CORE/XSUB.h:331:38: note: expanded from macro 'XSRETURN_UNDEF'
  331 | #define XSRETURN_UNDEF    STMT_START { XST_mUNDEF(0);   XSRETURN(1); } STMT_END
      |                                      ^
LineBreak.xs:1546:6: warning: '(' and '{' tokens introducing statement expression appear in different macro expansion contexts [-Wcompound-token-split-by-macro]
 1546 |             XSRETURN_UNDEF;
      |             ^~~~~~~~~~~~~~
/usr/lib/perl5/5.44/core_perl/CORE/XSUB.h:331:57: note: expanded from macro 'XSRETURN_UNDEF'
  331 | #define XSRETURN_UNDEF    STMT_START { XST_mUNDEF(0);   XSRETURN(1); } STMT_END
      |                                                         ^~~~~~~~~~~
/usr/lib/perl5/5.44/core_perl/CORE/XSUB.h:317:5: note: expanded from macro 'XSRETURN'
  317 |     STMT_START {                                        \
      |     ^~~~~~~~~~
./ppport.h:3826:28: note: expanded from macro 'STMT_START'
 3826 | #  define STMT_START    (void)( /* gcc supports ``({ STATEMENTS; })'' */
      |                               ^
LineBreak.xs:1546:6: note: '{' token is here
 1546 |             XSRETURN_UNDEF;
      |             ^~~~~~~~~~~~~~
/usr/lib/perl5/5.44/core_perl/CORE/XSUB.h:331:57: note: expanded from macro 'XSRETURN_UNDEF'
  331 | #define XSRETURN_UNDEF    STMT_START { XST_mUNDEF(0);   XSRETURN(1); } STMT_END
      |                                                         ^~~~~~~~~~~
/usr/lib/perl5/5.44/core_perl/CORE/XSUB.h:317:16: note: expanded from macro 'XSRETURN'
  317 |     STMT_START {                                        \
      |                ^
LineBreak.xs:1546:6: warning: '}' and ')' tokens terminating statement expression appear in different macro expansion contexts [-Wcompound-token-split-by-macro]
 1546 |             XSRETURN_UNDEF;
      |             ^~~~~~~~~~~~~~
/usr/lib/perl5/5.44/core_perl/CORE/XSUB.h:331:57: note: expanded from macro 'XSRETURN_UNDEF'
  331 | #define XSRETURN_UNDEF    STMT_START { XST_mUNDEF(0);   XSRETURN(1); } STMT_END
      |                                                         ^~~~~~~~~~~
/usr/lib/perl5/5.44/core_perl/CORE/XSUB.h:322:5: note: expanded from macro 'XSRETURN'
  322 |     } STMT_END
      |     ^
LineBreak.xs:1546:6: note: ')' token is here
 1546 |             XSRETURN_UNDEF;
      |             ^~~~~~~~~~~~~~
/usr/lib/perl5/5.44/core_perl/CORE/XSUB.h:331:57: note: expanded from macro 'XSRETURN_UNDEF'
  331 | #define XSRETURN_UNDEF    STMT_START { XST_mUNDEF(0);   XSRETURN(1); } STMT_END
      |                                                         ^~~~~~~~~~~
/usr/lib/perl5/5.44/core_perl/CORE/XSUB.h:322:7: note: expanded from macro 'XSRETURN'
  322 |     } STMT_END
      |       ^~~~~~~~
./ppport.h:3827:20: note: expanded from macro 'STMT_END'
 3827 | #  define STMT_END      )
      |                         ^
LineBreak.xs:1546:6: warning: '}' and ')' tokens terminating statement expression appear in different macro expansion contexts [-Wcompound-token-split-by-macro]
 1546 |             XSRETURN_UNDEF;
      |             ^~~~~~~~~~~~~~
/usr/lib/perl5/5.44/core_perl/CORE/XSUB.h:331:70: note: expanded from macro 'XSRETURN_UNDEF'
  331 | #define XSRETURN_UNDEF    STMT_START { XST_mUNDEF(0);   XSRETURN(1); } STMT_END
      |                                                                      ^
LineBreak.xs:1546:6: note: ')' token is here
 1546 |             XSRETURN_UNDEF;
      |             ^~~~~~~~~~~~~~
/usr/lib/perl5/5.44/core_perl/CORE/XSUB.h:331:72: note: expanded from macro 'XSRETURN_UNDEF'
  331 | #define XSRETURN_UNDEF    STMT_START { XST_mUNDEF(0);   XSRETURN(1); } STMT_END
      |                                                                        ^~~~~~~~
./ppport.h:3827:20: note: expanded from macro 'STMT_END'
 3827 | #  define STMT_END      )
      |                         ^
LineBreak.c:2690:6: warning: '(' and '{' tokens introducing statement expression appear in different macro expansion contexts [-Wcompound-token-split-by-macro]
 2690 |             setCtoPerl(RETVALSV, "Unicode::GCString", RETVAL);
      |             ^~~~~~~~~~~~~~~~~~~~~~~~~~~~~~~~~~~~~~~~~~~~~~~~~
LineBreak.xs:186:5: note: expanded from macro 'setCtoPerl'
  186 |     STMT_START { \
      |     ^~~~~~~~~~
./ppport.h:3826:28: note: expanded from macro 'STMT_START'
 3826 | #  define STMT_START    (void)( /* gcc supports ``({ STATEMENTS; })'' */
      |                               ^
LineBreak.c:2690:6: note: '{' token is here
 2690 |             setCtoPerl(RETVALSV, "Unicode::GCString", RETVAL);
      |             ^~~~~~~~~~~~~~~~~~~~~~~~~~~~~~~~~~~~~~~~~~~~~~~~~
LineBreak.xs:186:16: note: expanded from macro 'setCtoPerl'
  186 |     STMT_START { \
      |                ^
LineBreak.c:2690:6: warning: '}' and ')' tokens terminating statement expression appear in different macro expansion contexts [-Wcompound-token-split-by-macro]
 2690 |             setCtoPerl(RETVALSV, "Unicode::GCString", RETVAL);
      |             ^~~~~~~~~~~~~~~~~~~~~~~~~~~~~~~~~~~~~~~~~~~~~~~~~
LineBreak.xs:189:5: note: expanded from macro 'setCtoPerl'
  189 |     } STMT_END
      |     ^
LineBreak.c:2690:6: note: ')' token is here
 2690 |             setCtoPerl(RETVALSV, "Unicode::GCString", RETVAL);
      |             ^~~~~~~~~~~~~~~~~~~~~~~~~~~~~~~~~~~~~~~~~~~~~~~~~
LineBreak.xs:189:7: note: expanded from macro 'setCtoPerl'
  189 |     } STMT_END
      |       ^~~~~~~~
./ppport.h:3827:20: note: expanded from macro 'STMT_END'
 3827 | #  define STMT_END      )
      |                         ^
LineBreak.c:2694:5: warning: '(' and '{' tokens introducing statement expression appear in different macro expansion contexts [-Wcompound-token-split-by-macro]
 2694 |     XSRETURN(1);
      |     ^~~~~~~~~~~
/usr/lib/perl5/5.44/core_perl/CORE/XSUB.h:317:5: note: expanded from macro 'XSRETURN'
  317 |     STMT_START {                                        \
      |     ^~~~~~~~~~
./ppport.h:3826:28: note: expanded from macro 'STMT_START'
 3826 | #  define STMT_START    (void)( /* gcc supports ``({ STATEMENTS; })'' */
      |                               ^
LineBreak.c:2694:5: note: '{' token is here
 2694 |     XSRETURN(1);
      |     ^~~~~~~~~~~
/usr/lib/perl5/5.44/core_perl/CORE/XSUB.h:317:16: note: expanded from macro 'XSRETURN'
  317 |     STMT_START {                                        \
      |                ^
LineBreak.c:2694:5: warning: '}' and ')' tokens terminating statement expression appear in different macro expansion contexts [-Wcompound-token-split-by-macro]
 2694 |     XSRETURN(1);
      |     ^~~~~~~~~~~
/usr/lib/perl5/5.44/core_perl/CORE/XSUB.h:322:5: note: expanded from macro 'XSRETURN'
  322 |     } STMT_END
      |     ^
LineBreak.c:2694:5: note: ')' token is here
 2694 |     XSRETURN(1);
      |     ^~~~~~~~~~~
/usr/lib/perl5/5.44/core_perl/CORE/XSUB.h:322:7: note: expanded from macro 'XSRETURN'
  322 |     } STMT_END
      |       ^~~~~~~~
./ppport.h:3827:20: note: expanded from macro 'STMT_END'
 3827 | #  define STMT_END      )
      |                         ^
LineBreak.c:2723:2: warning: '(' and '{' tokens introducing statement expression appear in different macro expansion contexts [-Wcompound-token-split-by-macro]
 2723 |         TARGu((UV)RETVAL, 1);
      |         ^~~~~~~~~~~~~~~~~~~~
/usr/lib/perl5/5.44/core_perl/CORE/pp.h:504:5: note: expanded from macro 'TARGu'
  504 |     STMT_START {                                                        \
      |     ^~~~~~~~~~
./ppport.h:3826:28: note: expanded from macro 'STMT_START'
 3826 | #  define STMT_START    (void)( /* gcc supports ``({ STATEMENTS; })'' */
      |                               ^
LineBreak.c:2723:2: note: '{' token is here
 2723 |         TARGu((UV)RETVAL, 1);
      |         ^~~~~~~~~~~~~~~~~~~~
/usr/lib/perl5/5.44/core_perl/CORE/pp.h:504:16: note: expanded from macro 'TARGu'
  504 |     STMT_START {                                                        \
      |                ^
LineBreak.c:2723:2: warning: '}' and ')' tokens terminating statement expression appear in different macro expansion contexts [-Wcompound-token-split-by-macro]
 2723 |         TARGu((UV)RETVAL, 1);
      |         ^~~~~~~~~~~~~~~~~~~~
/usr/lib/perl5/5.44/core_perl/CORE/pp.h:522:5: note: expanded from macro 'TARGu'
  522 |     } STMT_END
      |     ^
LineBreak.c:2723:2: note: ')' token is here
 2723 |         TARGu((UV)RETVAL, 1);
      |         ^~~~~~~~~~~~~~~~~~~~
/usr/lib/perl5/5.44/core_perl/CORE/pp.h:522:7: note: expanded from macro 'TARGu'
  522 |     } STMT_END
      |       ^~~~~~~~
./ppport.h:3827:20: note: expanded from macro 'STMT_END'
 3827 | #  define STMT_END      )
      |                         ^
LineBreak.c:2726:5: warning: '(' and '{' tokens introducing statement expression appear in different macro expansion contexts [-Wcompound-token-split-by-macro]
 2726 |     XSRETURN(1);
      |     ^~~~~~~~~~~
/usr/lib/perl5/5.44/core_perl/CORE/XSUB.h:317:5: note: expanded from macro 'XSRETURN'
  317 |     STMT_START {                                        \
      |     ^~~~~~~~~~
./ppport.h:3826:28: note: expanded from macro 'STMT_START'
 3826 | #  define STMT_START    (void)( /* gcc supports ``({ STATEMENTS; })'' */
      |                               ^
LineBreak.c:2726:5: note: '{' token is here
 2726 |     XSRETURN(1);
      |     ^~~~~~~~~~~
/usr/lib/perl5/5.44/core_perl/CORE/XSUB.h:317:16: note: expanded from macro 'XSRETURN'
  317 |     STMT_START {                                        \
      |                ^
LineBreak.c:2726:5: warning: '}' and ')' tokens terminating statement expression appear in different macro expansion contexts [-Wcompound-token-split-by-macro]
 2726 |     XSRETURN(1);
      |     ^~~~~~~~~~~
/usr/lib/perl5/5.44/core_perl/CORE/XSUB.h:322:5: note: expanded from macro 'XSRETURN'
  322 |     } STMT_END
      |     ^
LineBreak.c:2726:5: note: ')' token is here
 2726 |     XSRETURN(1);
      |     ^~~~~~~~~~~
/usr/lib/perl5/5.44/core_perl/CORE/XSUB.h:322:7: note: expanded from macro 'XSRETURN'
  322 |     } STMT_END
      |       ^~~~~~~~
./ppport.h:3827:20: note: expanded from macro 'STMT_END'
 3827 | #  define STMT_END      )
      |                         ^
LineBreak.c:2796:6: warning: '(' and '{' tokens introducing statement expression appear in different macro expansion contexts [-Wcompound-token-split-by-macro]
 2796 |             setCtoPerl(RETVALSV, "Unicode::GCString", RETVAL);
      |             ^~~~~~~~~~~~~~~~~~~~~~~~~~~~~~~~~~~~~~~~~~~~~~~~~
LineBreak.xs:186:5: note: expanded from macro 'setCtoPerl'
  186 |     STMT_START { \
      |     ^~~~~~~~~~
./ppport.h:3826:28: note: expanded from macro 'STMT_START'
 3826 | #  define STMT_START    (void)( /* gcc supports ``({ STATEMENTS; })'' */
      |                               ^
LineBreak.c:2796:6: note: '{' token is here
 2796 |             setCtoPerl(RETVALSV, "Unicode::GCString", RETVAL);
      |             ^~~~~~~~~~~~~~~~~~~~~~~~~~~~~~~~~~~~~~~~~~~~~~~~~
LineBreak.xs:186:16: note: expanded from macro 'setCtoPerl'
  186 |     STMT_START { \
      |                ^
LineBreak.c:2796:6: warning: '}' and ')' tokens terminating statement expression appear in different macro expansion contexts [-Wcompound-token-split-by-macro]
 2796 |             setCtoPerl(RETVALSV, "Unicode::GCString", RETVAL);
      |             ^~~~~~~~~~~~~~~~~~~~~~~~~~~~~~~~~~~~~~~~~~~~~~~~~
LineBreak.xs:189:5: note: expanded from macro 'setCtoPerl'
  189 |     } STMT_END
      |     ^
LineBreak.c:2796:6: note: ')' token is here
 2796 |             setCtoPerl(RETVALSV, "Unicode::GCString", RETVAL);
      |             ^~~~~~~~~~~~~~~~~~~~~~~~~~~~~~~~~~~~~~~~~~~~~~~~~
LineBreak.xs:189:7: note: expanded from macro 'setCtoPerl'
  189 |     } STMT_END
      |       ^~~~~~~~
./ppport.h:3827:20: note: expanded from macro 'STMT_END'
 3827 | #  define STMT_END      )
      |                         ^
LineBreak.c:2800:5: warning: '(' and '{' tokens introducing statement expression appear in different macro expansion contexts [-Wcompound-token-split-by-macro]
 2800 |     XSRETURN(1);
      |     ^~~~~~~~~~~
/usr/lib/perl5/5.44/core_perl/CORE/XSUB.h:317:5: note: expanded from macro 'XSRETURN'
  317 |     STMT_START {                                        \
      |     ^~~~~~~~~~
./ppport.h:3826:28: note: expanded from macro 'STMT_START'
 3826 | #  define STMT_START    (void)( /* gcc supports ``({ STATEMENTS; })'' */
      |                               ^
LineBreak.c:2800:5: note: '{' token is here
 2800 |     XSRETURN(1);
      |     ^~~~~~~~~~~
/usr/lib/perl5/5.44/core_perl/CORE/XSUB.h:317:16: note: expanded from macro 'XSRETURN'
  317 |     STMT_START {                                        \
      |                ^
LineBreak.c:2800:5: warning: '}' and ')' tokens terminating statement expression appear in different macro expansion contexts [-Wcompound-token-split-by-macro]
 2800 |     XSRETURN(1);
      |     ^~~~~~~~~~~
/usr/lib/perl5/5.44/core_perl/CORE/XSUB.h:322:5: note: expanded from macro 'XSRETURN'
  322 |     } STMT_END
      |     ^
LineBreak.c:2800:5: note: ')' token is here
 2800 |     XSRETURN(1);
      |     ^~~~~~~~~~~
/usr/lib/perl5/5.44/core_perl/CORE/XSUB.h:322:7: note: expanded from macro 'XSRETURN'
  322 |     } STMT_END
      |       ^~~~~~~~
./ppport.h:3827:20: note: expanded from macro 'STMT_END'
 3827 | #  define STMT_END      )
      |                         ^
360 warnings generated.
rm -f blib/arch/auto/Unicode/LineBreak/LineBreak.so
LD_RUN_PATH="/usr/lib" clang  -shared -O2 -L/usr/lib/db5.3 -fstack-protector-strong  LineBreak.o  -o blib/arch/auto/Unicode/LineBreak/LineBreak.so sombok/libsombok.a \
   -lthai   \
  
chmod 755 blib/arch/auto/Unicode/LineBreak/LineBreak.so
Manifying 6 pod documents
==> Entering fakeroot environment...
==> Starting package()...
"/usr/bin/perl" -MExtUtils::Command::MM -e 'cp_nonempty' -- LineBreak.bs blib/arch/auto/Unicode/LineBreak/LineBreak.bs 644
make[1]: Entering directory '/home/builder/build/src/Unicode-LineBreak-2019.001/sombok'
make[1]: Leaving directory '/home/builder/build/src/Unicode-LineBreak-2019.001/sombok'
Manifying 6 pod documents
Appending installation info to /home/builder/build/pkg/perl-unicode-linebreak/usr/lib/perl5/5.44/core_perl/perllocal.pod
Files found in blib/arch: installing files in blib/lib into architecture dependent library tree
Installing /home/builder/build/pkg/perl-unicode-linebreak/usr/lib/perl5/5.44/vendor_perl/auto/Unicode/LineBreak/LineBreak.so
Installing /home/builder/build/pkg/perl-unicode-linebreak/usr/lib/perl5/5.44/vendor_perl/auto/sombok/extralibs.ld
Installing /home/builder/build/pkg/perl-unicode-linebreak/usr/lib/perl5/5.44/vendor_perl/Unicode/LineBreak.pm
Installing /home/builder/build/pkg/perl-unicode-linebreak/usr/lib/perl5/5.44/vendor_perl/Unicode/GCString.pm
Installing /home/builder/build/pkg/perl-unicode-linebreak/usr/lib/perl5/5.44/vendor_perl/Unicode/GCString.pod
Installing /home/builder/build/pkg/perl-unicode-linebreak/usr/lib/perl5/5.44/vendor_perl/Unicode/LineBreak.pod
Installing /home/builder/build/pkg/perl-unicode-linebreak/usr/lib/perl5/5.44/vendor_perl/Unicode/LineBreak/Constants.pm
Installing /home/builder/build/pkg/perl-unicode-linebreak/usr/lib/perl5/5.44/vendor_perl/Unicode/LineBreak/Defaults.pm.sample
Installing /home/builder/build/pkg/perl-unicode-linebreak/usr/lib/perl5/5.44/vendor_perl/POD2/JA/Unicode/LineBreak.pod
Installing /home/builder/build/pkg/perl-unicode-linebreak/usr/lib/perl5/5.44/vendor_perl/POD2/JA/Unicode/GCString.pod
Installing /home/builder/build/pkg/perl-unicode-linebreak/usr/lib/perl5/5.44/vendor_perl/POD2/JA/Text/LineFold.pod
Installing /home/builder/build/pkg/perl-unicode-linebreak/usr/lib/perl5/5.44/vendor_perl/Text/LineFold.pm
Installing /home/builder/build/pkg/perl-unicode-linebreak/usr/share/man/man3/POD2::JA::Text::LineFold.3
Installing /home/builder/build/pkg/perl-unicode-linebreak/usr/share/man/man3/POD2::JA::Unicode::GCString.3
Installing /home/builder/build/pkg/perl-unicode-linebreak/usr/share/man/man3/POD2::JA::Unicode::LineBreak.3
Installing /home/builder/build/pkg/perl-unicode-linebreak/usr/share/man/man3/Text::LineFold.3
Installing /home/builder/build/pkg/perl-unicode-linebreak/usr/share/man/man3/Unicode::GCString.3
Installing /home/builder/build/pkg/perl-unicode-linebreak/usr/share/man/man3/Unicode::LineBreak.3
==> Tidying install...
  -> Removing libtool files...
  -> Removing static library files...
  -> Purging unwanted files...
  -> Removing empty directories...
  -> Stripping unneeded symbols from binaries and libraries...
==> Checking for packaging issues...
==> Creating package "perl-unicode-linebreak"...
  -> Generating .PKGINFO file...
warning: Public keyring not found; have you run 'pacman-key --init'?
error: kashira-v3: key "E4DF524F75FE51DD5FB0C7BA1925D86CD662878E" is unknown
error: keyring is not writable
warning: base: unknown key '%INSTALLED_DB%' in local database
warning: base-devel: unknown key '%INSTALLED_DB%' in local database
warning: Public keyring not found; have you run 'pacman-key --init'?
error: kashira-v3: key "E4DF524F75FE51DD5FB0C7BA1925D86CD662878E" is unknown
error: keyring is not writable
warning: base: unknown key '%INSTALLED_DB%' in local database
warning: base-devel: unknown key '%INSTALLED_DB%' in local database
  -> Generating .BUILDINFO file...
warning: Public keyring not found; have you run 'pacman-key --init'?
error: kashira-v3: key "E4DF524F75FE51DD5FB0C7BA1925D86CD662878E" is unknown
error: keyring is not writable
warning: base: unknown key '%INSTALLED_DB%' in local database
warning: base-devel: unknown key '%INSTALLED_DB%' in local database
  -> Generating .MTREE file...
  -> Compressing package...
==> Leaving fakeroot environment.
==> Finished making: perl-unicode-linebreak 2019.001-9 (Sun Sep 20 01:29:08 2026)
