== build systemd (deps: acl audit bash cryptsetup curl dbus dbus-broker-units elfutils glibc gperf hwdata jinja2 kbd kmod libcap libgcrypt libidn2 libseccomp libxcrypt llvm-libgcc lz4 meson ninja openssl p11-kit pam pcre2 python python-pefile python-pyelftools tpm2-tss util-linux xz zlib-ng zstd )
warning: acl-2.4.0-1 is up to date -- skipping
warning: audit-4.2.1-1 is up to date -- skipping
warning: bash-5.3-1 is up to date -- skipping
warning: cryptsetup-2.8.8-1 is up to date -- skipping
warning: curl-8.22.0-2 is up to date -- skipping
warning: dbus-1.16.2-1 is up to date -- skipping
warning: dbus-broker-units-37-1 is up to date -- skipping
warning: elfutils-0.195-2 is up to date -- skipping
warning: glibc-2.44-2 is up to date -- skipping
warning: hwdata-0.411-1 is up to date -- skipping
warning: kbd-2.10.0-2 is up to date -- skipping
warning: kmod-34.2-1 is up to date -- skipping
warning: libcap-2.78-1 is up to date -- skipping
warning: libgcrypt-1.12.4-1 is up to date -- skipping
warning: libidn2-2.3.8-1 is up to date -- skipping
warning: libseccomp-2.6.0-1 is up to date -- skipping
warning: libxcrypt-4.5.2-1 is up to date -- skipping
warning: llvm-libgcc-23.1.1-5 is up to date -- skipping
warning: lz4-1.10.0-1 is up to date -- skipping
warning: openssl-4.0.1-1 is up to date -- skipping
warning: p11-kit-0.26.5-2 is up to date -- skipping
warning: pam-1.7.2-1 is up to date -- skipping
warning: pcre2-10.47-1 is up to date -- skipping
warning: python-3.14.7-1 is up to date -- skipping
warning: tpm2-tss-4.2.0-2 is up to date -- skipping
warning: util-linux-2.42.2-2 is up to date -- skipping
warning: xz-5.8.3-1 is up to date -- skipping
warning: zlib-ng-2.3.3-1 is up to date -- skipping
warning: zstd-1.5.7-2 is up to date -- skipping
resolving dependencies...
warning: base: unknown key '%INSTALLED_DB%' in local database
warning: base-devel: unknown key '%INSTALLED_DB%' in local database
looking for conflicting packages...

Packages (7) markupsafe-3.0.3-1  gperf-3.3-1  jinja2-3.1.6-1  meson-1.12.0-1  ninja-1.13.2-1  python-pefile-2024.8.26-1  python-pyelftools-0.32-1

Total Download Size:    3.37 MiB
Total Installed Size:  14.34 MiB

:: Proceed with installation? [Y/n] 
:: Retrieving packages...
 meson-1.12.0-1-any downloading...
 python-pyelftools-0.32-1-any downloading...
 jinja2-3.1.6-1-any downloading...
 python-pefile-2024.8.26-1-any downloading...
 ninja-1.13.2-1-x86_64 downloading...
 gperf-3.3-1-x86_64 downloading...
 markupsafe-3.0.3-1-x86_64 downloading...
checking keyring...
checking package integrity...
loading package files...
checking for file conflicts...
:: Processing package changes...
installing gperf...
installing markupsafe...
installing jinja2...
installing ninja...
installing meson...
installing python-pefile...
installing python-pyelftools...
:: Running post-transaction hooks...
(1/2) Arming ConditionNeedsUpdate...
(2/2) Updating the info directory file...
==> Making package: systemd 261.2-4 (Sat Sep 19 21:41:46 2026)
==> WARNING: Skipping dependency checks.
==> Retrieving sources...
  -> Found systemd-261.2.tar.gz
  -> Found systemd-man-pages-261.2.tar.xz
  -> Found systemd-hook
  -> Found 20-systemd-sysusers.hook
  -> Found 21-systemd-tmpfiles.hook
  -> Found 25-systemd-binfmt.hook
  -> Found 25-systemd-catalog.hook
  -> Found 25-systemd-hwdb.hook
  -> Found 25-systemd-sysctl.hook
  -> Found 30-systemd-daemon-reload-system.hook
  -> Found 30-systemd-daemon-reload-user.hook
  -> Found 35-systemd-enqueue-marked.hook
  -> Found 35-systemd-udev-reload.hook
  -> Found 35-systemd-update.hook
  -> Found 36-systemd-modules-load.hook
==> WARNING: Skipping verification of source file PGP signatures.
==> Validating source files with sha256sums...
    systemd-261.2.tar.gz ... Passed
    systemd-man-pages-261.2.tar.xz ... Passed
    systemd-hook ... Passed
    20-systemd-sysusers.hook ... Passed
    21-systemd-tmpfiles.hook ... Passed
    25-systemd-binfmt.hook ... Passed
    25-systemd-catalog.hook ... Passed
    25-systemd-hwdb.hook ... Passed
    25-systemd-sysctl.hook ... Passed
    30-systemd-daemon-reload-system.hook ... Passed
    30-systemd-daemon-reload-user.hook ... Passed
    35-systemd-enqueue-marked.hook ... Passed
    35-systemd-udev-reload.hook ... Passed
    35-systemd-update.hook ... Passed
    36-systemd-modules-load.hook ... Passed
==> Extracting sources...
  -> Extracting systemd-261.2.tar.gz with bsdtar
  -> Extracting systemd-man-pages-261.2.tar.xz with bsdtar
==> Starting prepare()...
==> Starting build()...
The Meson build system
Version: 1.12.0
Source dir: /home/builder/build/src/systemd-261.2
Build dir: /home/builder/build/src/systemd-261.2/build
Build type: native build
Project name: systemd
Project version: 261.2
C compiler for the host machine: clang (clang 23.1.1 "clang version 23.1.1 (Kashira)")
C linker for the host machine: clang ld.lld 23.1.1
Host machine cpu family: x86_64
Host machine cpu: x86_64
Program tools/test-crash-trace.sh found: YES (/home/builder/build/src/systemd-261.2/tools/test-crash-trace.sh)
C++ compiler for the host machine: clang++ (clang 23.1.1 "clang version 23.1.1 (Kashira)")
C++ linker for the host machine: clang++ ld.lld 23.1.1
Compiler for C supports arguments -Wno-missing-field-initializers: YES 
Compiler for C supports arguments -Wno-unknown-warning-option: YES 
Compiler for C supports arguments -Wno-unused-parameter: YES 
Compiler for C supports arguments -Wno-nonnull-compare: NO 
Compiler for C supports arguments -Warray-bounds: YES 
Compiler for C supports arguments -Warray-bounds=2: NO 
Compiler for C supports arguments -Wdate-time: YES 
Compiler for C supports arguments -Wendif-labels: YES 
Compiler for C supports arguments -Werror=bool-compare: NO 
Compiler for C supports arguments -Werror=discarded-qualifiers: NO 
Compiler for C supports arguments -Werror=flex-array-member-not-at-end: NO 
Compiler for C supports arguments -Werror=format=2: YES 
Compiler for C supports arguments -Werror=format-signedness: YES 
Compiler for C supports arguments -Werror=implicit-function-declaration: YES 
Compiler for C supports arguments -Werror=implicit-int: YES 
Compiler for C supports arguments -Werror=incompatible-pointer-types: YES 
Compiler for C supports arguments -Werror=int-conversion: YES 
Compiler for C supports arguments -Werror=missing-declarations: YES 
Compiler for C supports arguments -Werror=missing-parameter-name: NO 
Compiler for C supports arguments -Werror=missing-prototypes: YES 
Compiler for C supports arguments -Werror=overflow: YES 
Compiler for C supports arguments -Werror=override-init: YES 
Compiler for C supports arguments -Werror=pointer-sign: YES 
Compiler for C supports arguments -Werror=return-type: YES 
Compiler for C supports arguments -Werror=sequence-point: YES 
Compiler for C supports arguments -Werror=shift-count-overflow: YES 
Compiler for C supports arguments -Werror=shift-overflow=2: NO 
Compiler for C supports arguments -Werror=strict-flex-arrays: NO 
Compiler for C supports arguments -Werror=undef: YES 
Compiler for C supports arguments -Wfloat-equal: YES 
Compiler for C supports arguments -Wimplicit-fallthrough=5: NO 
Compiler for C supports arguments -Winit-self: YES 
Compiler for C supports arguments -Wlogical-op: NO 
Compiler for C supports arguments -Wmissing-include-dirs: YES 
Compiler for C supports arguments -Wmissing-noreturn: YES 
Compiler for C supports arguments -Wnested-externs: YES 
Compiler for C supports arguments -Wold-style-definition: YES 
Compiler for C supports arguments -Wpointer-arith: YES 
Compiler for C supports arguments -Wredundant-decls: YES 
Compiler for C supports arguments -Wshadow: YES 
Compiler for C supports arguments -Wstrict-aliasing=2: YES 
Compiler for C supports arguments -Wstrict-prototypes: YES 
Compiler for C supports arguments -Wsuggest-attribute=noreturn: NO 
Compiler for C supports arguments -Wunterminated-string-initialization: YES 
Compiler for C supports arguments -Wunused-function: YES 
Compiler for C supports arguments -Wwrite-strings: YES 
Compiler for C supports arguments -Wzero-as-null-pointer-constant: YES 
Compiler for C supports arguments -Wzero-length-bounds: NO 
Compiler for C supports arguments -Wno-error=#warnings: YES 
Compiler for C supports arguments -Wno-string-plus-int: YES 
Compiler for C supports arguments -fdiagnostics-show-option: YES 
Compiler for C supports arguments -fexcess-precision=standard: YES 
Compiler for C supports arguments -fno-common: YES 
Compiler for C supports arguments -fstack-protector: YES 
Compiler for C supports arguments -fstack-protector-strong: YES 
Compiler for C supports arguments -fstrict-flex-arrays=3: YES 
Compiler for C supports arguments -fno-math-errno: YES 
Compiler for C supports arguments --param=ssp-buffer-size=4: YES 
Compiler for C supports arguments -ftrivial-auto-var-init=zero: YES 
Compiler for C supports link arguments -fstack-protector: YES 
Compiler for C supports arguments -fno-strict-aliasing: YES 
Compiler for C supports arguments -fstrict-flex-arrays=1: YES 
Compiler for C supports arguments -fvisibility=hidden: YES 
Compiler for C supports link arguments -Wl,--fatal-warnings: YES 
Compiler for C supports link arguments -Wl,-z,now: YES 
Compiler for C supports link arguments -Wl,-z,relro: YES 
Compiler for C supports link arguments -Wl,-z,gcs-report-dynamic=none: YES 
Compiler for C supports link arguments -Wl,--gc-sections: YES 
Compiler for C supports link arguments -Wl,--warn-common: YES 
Checking if "-Werror=shadow with local shadowing" compiles: YES 
Compiler for C++ supports arguments -Wno-missing-field-initializers: YES 
Compiler for C++ supports arguments -Wno-unknown-warning-option: YES 
Compiler for C++ supports arguments -Wno-unused-parameter: YES 
Compiler for C++ supports arguments -Wno-nonnull-compare: NO 
Compiler for C supports arguments -Wzero-length-bounds: NO (cached)
Compiler for C supports arguments -Wzero-as-null-pointer-constant: YES (cached)
Compiler for C supports function attribute alloc_size: YES 
Compiler for C supports function attribute fallthrough: YES 
Compiler for C supports function attribute retain: YES 
Checking if "__attribute__((__no_reorder__))" compiles: NO 
Checking if "assembler supports the "R" (SHF_GNU_RETAIN) section flag" compiles: YES 
Checking for size of "dev_t" : 8 
Checking for size of "ino_t" : 8 
Checking for size of "rlim_t" : 8 
Checking for size of "time_t" : 8 
Checking for size of "typeof(((struct timex *)0)->freq)" : 8 
Computing int of "LONG_MAX" : 9223372036854775807
Program awk found: YES (/usr/sbin/awk)
Program diff found: YES (/usr/sbin/diff)
Program echo found: YES (/usr/sbin/echo)
Program env found: YES (/usr/sbin/env)
Program find found: YES (/usr/sbin/find)
Program getent found: YES (/usr/sbin/getent)
Program git found: NO
Program gperf found: YES (/usr/sbin/gperf)
Program id found: YES (/usr/sbin/id)
Program ln found: YES (/usr/sbin/ln)
Program rsync found: NO
Program sed found: YES (/usr/sbin/sed)
Program sh found: YES (/usr/sbin/sh)
Program stat found: YES (/usr/sbin/stat)
Message: Using /usr/bin/quotaon for quotaon
Message: Using /usr/bin/quotacheck for quotacheck
Message: Using /usr/bin/kmod for kmod
Message: Using /usr/bin/kexec for kexec
Message: Using /usr/bin/sulogin for sulogin
Message: Using /usr/bin/swapon for swapon
Message: Using /usr/bin/swapoff for swapoff
Message: Using /usr/bin/agetty for agetty
Message: Using /usr/bin/mount for mount
Message: Using /usr/bin/umount for umount
Message: Using /usr/bin/loadkeys for loadkeys
Message: Using /usr/bin/setfont for setfont
Message: Using /usr/bin/nologin for nologin
Message: gperf len type is size_t
Has header "sys/sdt.h" : NO 
Has header "threads.h" : YES 
Has header "valgrind/memcheck.h" : NO 
Has header "valgrind/valgrind.h" : NO 
Checking if define "NI_IDN" exists: YES 
Library m found: YES
Has header "libintl.h" : YES 
Checking if "libatomic" links: YES 
Found pkg-config: YES (/usr/sbin/pkg-config) 3.0.5
Run-time dependency libcrypt found: YES 4.5.2
Dependency libbpf for host machine skipped: feature bpf-framework disabled
Run-time dependency mount found: YES 2.42.2
Run-time dependency fdisk found: YES 2.42.2
Dependency pwquality for host machine skipped: feature pwquality disabled
Did not find CMake 'cmake'
Found CMake: NO
Run-time dependency passwdqc found: NO  (tried pkg-config and cmake)
Run-time dependency libseccomp found: YES 2.6.0
Run-time dependency libselinux found: NO  (tried pkg-config and cmake)
Run-time dependency libapparmor found: NO  (tried pkg-config and cmake)
Run-time dependency polkit-gobject-1 found: NO  (tried pkg-config and cmake)
Run-time dependency libacl found: YES 2.4.0
Run-time dependency audit found: YES 4.2.1
Run-time dependency blkid found: YES 2.42.2
Run-time dependency libkmod found: YES 34.2
Run-time dependency xencontrol found: NO  (tried pkg-config and cmake)
Run-time dependency pam found: YES 1.7.2
Dependency libmicrohttpd for host machine skipped: feature microhttpd disabled
Run-time dependency libcryptsetup found: YES 2.8.8
Run-time dependency libcurl found: YES 8.22.0
Run-time dependency libidn2 found: YES 2.3.8
Dependency libqrencode for host machine skipped: feature qrencode disabled
Run-time dependency libgcrypt found: YES 1.12.4
Dependency gnutls for host machine skipped: feature gnutls disabled
Run-time dependency openssl found: YES 4.0.1
Run-time dependency p11-kit-1 found: YES 0.26.5
Run-time dependency libfido2 found: NO  (tried pkg-config and cmake)
Run-time dependency tss2-esys found: YES 4.2.0
Run-time dependency tss2-mu found: YES 4.2.0
Run-time dependency tss2-rc found: YES 4.2.0
Run-time dependency tss2-tcti-device found: YES 4.2.0
Run-time dependency libdw found: YES 0.195
Run-time dependency libelf found: YES 0.195
Run-time dependency zlib found: YES 1.3.1.zlib-ng
Run-time dependency bzip2 found: YES 1.0.8
Run-time dependency liblzma found: YES 5.8.3
Run-time dependency liblz4 found: YES 1.10.0
Run-time dependency libzstd found: YES 1.5.7
Run-time dependency libarchive found: YES 3.8.9
Run-time dependency xkbcommon found: NO  (tried pkg-config and cmake)
Run-time dependency libpcre2-8 found: YES 10.47
Run-time dependency glib-2.0 found: YES 2.88.3
Run-time dependency gobject-2.0 found: YES 2.88.3
Run-time dependency gio-2.0 found: YES 2.88.3
Run-time dependency dbus-1 found: YES 1.16.2
Program python3 (jinja2) found: YES (/usr/sbin/python3) modules: jinja2
Program python3 (elftools) found: YES (/usr/sbin/python3) modules: elftools
Checking if "32bit build possible" links: NO 
Program ./git-setup.sh found: YES (/home/builder/build/src/systemd-261.2/tools/./git-setup.sh)
Message: Using neither provided nor generated vmlinux.h, some features will not be available.
Configuring config.h using configuration
Program msgfmt found: YES (/usr/sbin/msgfmt)
Program msginit found: YES (/usr/sbin/msginit)
Program msgmerge found: YES (overridden)
Program xgettext found: YES (/usr/sbin/xgettext)
Configuring efi-config.h using configuration
Compiler for C supports arguments -fwide-exec-charset=UCS2: NO 
Compiler for C supports arguments -maccumulate-outgoing-args: NO 
Compiler for C supports arguments -mstack-protector-guard=global: YES 
Checking if "libgcc is available" links: YES 
Compiler for C supports link arguments -Wl,-z,nopack-relative-relocs: YES 
Compiler for C supports arguments -fcf-protection=none: YES 
Compiler for C supports arguments -fno-asynchronous-unwind-tables: YES 
Compiler for C supports arguments -fno-exceptions: YES 
Compiler for C supports arguments -fno-unwind-tables: YES 
Compiler for C supports arguments -fno-sanitize=all: YES 
Compiler for C supports link arguments -Wl,--no-wchar-size-warning: NO 
Checking if "linker supports -static-pie" links: YES 
Checking if "linker supports LTO with -nostdlib" links: YES 
Compiler for C supports arguments -std=iso9899:2018: YES 
Compiler for C supports arguments -std=iso9899:2024: YES 
Compiler for C++ supports arguments -std=c++14: YES 
Compiler for C++ supports arguments -std=c++17: YES 
Compiler for C++ supports arguments -std=c++20: YES 
Compiler for C++ supports arguments -std=c++23: YES 
Compiler for C++ supports arguments -std=c++26: YES 
Program python3 (pytest_flakes) found: NO
Message: network/test-acd is a manual test
Message: network/test-ipv4ll-manual is a manual test
Message: network/test-ndisc-send is a manual test
Message: udev/test-udev-rule-runner is a manual test
Message: coredump/test-coredump-vacuum is a manual test
Message: import/test-tar is a manual test
Message: import/test-qcow2 is a manual test
Message: login/test-inhibit is a manual test
Message: login/test-session-properties is a manual test
Message: network/test-modem-manager-mock is a manual test
Message: resolve/test-dnssec-complex is a manual test
Message: resolve/test-resolved-dummy-server is a manual test
Message: test/test-ask-password-api is a manual test
Message: test/test-chase-manual is a manual test
Message: test/test-coredump-stacktrace is a manual test
Message: test/test-display-quota is a manual test
Message: test/test-dlopen is a manual test
Message: test/test-fdstore is a manual test
Message: test/test-ipcrm is an unsafe test
Message: test/test-luo is a manual test
Message: test/test-netlink-manual is a manual test
Message: test/test-nft-set is a manual test
Message: test/test-shift-uid is a manual test
Message: test/test-reread-partition-table-manual is a manual test
Message: test/test-sleep is a manual test
Message: test/test-watchdog is an unsafe test
Message: core/test-bpf-restrict-fsaccess is a manual test
Message: core/test-thp is a manual test
Message: core/test-install is a manual test
Message: core/test-ns is a manual test
Message: libsystemd/test-bus-benchmark is a manual test
Message: libsystemd/test-journal-append is a manual test
Message: libsystemd/test-journal-dump is a manual test
Program mkosi found: NO
Configuring test-sysusers.sh using configuration
Program rpm found: NO
Program rpmspec found: NO
Message: Skipping test-rpm-macros since rpm and/or rpmspec are not available
Program qemu-system-x86_64 qemu-kvm found: NO
Program xsltproc found: NO
Message: Skipping homectl.1 because ENABLE_HOMED is false
Message: Skipping homed.conf.5 because ENABLE_HOMED is false
Message: Skipping journal-remote.conf.5 because HAVE_MICROHTTPD is false
Message: Skipping journal-upload.conf.5 because HAVE_MICROHTTPD is false
Message: Skipping org.freedesktop.home1.5 because ENABLE_HOMED is false
Message: Skipping org.freedesktop.sysupdate1.5 because ENABLE_SYSUPDATED is false
Message: Skipping pam_systemd_home.8 because ENABLE_PAM_HOME is false
Message: Skipping systemd-bsod.service.8 because HAVE_QRENCODE ENABLE_INITRD is false
Message: Skipping systemd-firstboot.1 because ENABLE_FIRSTBOOT is false
Message: Skipping systemd-homed.service.8 because ENABLE_HOMED is false
Message: Skipping systemd-journal-gatewayd.service.8 because ENABLE_REMOTE HAVE_MICROHTTPD is false
Message: Skipping systemd-journal-remote.service.8 because ENABLE_REMOTE HAVE_MICROHTTPD is false
Message: Skipping systemd-sysupdate.8 because ENABLE_SYSUPDATE is false
Message: Skipping systemd-sysupdated.service.8 because ENABLE_SYSUPDATED is false
Message: Skipping systemd-vmspawn.1 because ENABLE_VMSPAWN is false
Message: Skipping sysupdate.d.5 because ENABLE_SYSUPDATE is false
Message: Skipping sysupdate.features.5 because ENABLE_SYSUPDATE is false
Message: Skipping updatectl.1 because ENABLE_SYSUPDATED is false
Message: python-lxml not available, not making man page indices
Configuring man using configuration
Configuring html using configuration
Compiler for C supports arguments -std=c90: YES 
Compiler for C supports arguments -std=c99: YES 
Compiler for C supports arguments -std=c11: YES 
Compiler for C supports arguments -std=c17: YES 
Compiler for C supports arguments -std=c23: YES 
Compiler for C supports arguments -std=gnu90: YES 
Compiler for C supports arguments -std=gnu99: YES 
Compiler for C supports arguments -std=gnu11: YES 
Compiler for C supports arguments -std=gnu17: YES 
Compiler for C supports arguments -std=gnu23: YES 
Run-time dependency bash-completion found: NO  (tried pkg-config and cmake)
Checking for size of "long" : 8 
Program jekyll found: NO
Program clang-tidy found: YES (/usr/sbin/clang-tidy)
Program spatch found: NO
Build targets in project: 979

systemd 261.2

    libc                                     : glibc
    build mode                               : release
    split bin-sbin                           : false
    prefix directory                         : /usr
    sysconf directory                        : /etc
    include directory                        : /usr/include
    lib directory                            : /usr/lib
    PAM modules directory                    : /usr/lib/security
    PAM configuration directory              : /usr/lib/pam.d
    ssh server configuration directory       : /etc/ssh/sshd_config.d
    ssh server privilege separation directory: /run/sshd
    ssh client configuration directory       : /etc/ssh/ssh_config.d
    libcryptsetup plugins directory          : /usr/lib/cryptsetup
    Shell profile directory                  : /etc/profile.d
    RPM macros directory                     : no
    modprobe.d directory                     : /usr/lib/modprobe.d
    D-Bus policy directory                   : /usr/share/dbus-1/system.d
    D-Bus session directory                  : /usr/share/dbus-1/services
    D-Bus system directory                   : /usr/share/dbus-1/system-services
    D-Bus interfaces directory               : /usr/share/dbus-1/interfaces
    bash completions directory               : /usr/share/bash-completion/completions
    zsh completions directory                : /usr/share/zsh/site-functions
    private shared lib version tag           : 261
    debug shell                              : /bin/sh @ /dev/tty9
    system UIDs                              : <=999 (alloc >=101)
    system GIDs                              : <=999 (alloc >=101)
    greeter UIDs                             : 60578…60705
    dynamic UIDs                             : 61184…65519
    container UID bases                      : 524288…1878982656
    foreign UID base                         : 2147352576
    static UID/GID allocations               : tty-gid:5
    /dev/kvm access mode                     : 0660
    render group access mode                 : 0666
    certificate root directory               : /etc/ssl
    support URL                              : https://lists.freedesktop.org/mailman/listinfo/systemd-devel
    nobody user name                         : nobody
    nobody group name                        : nogroup
    fallback hostname                        : kashira
    default compression method               : zstd
    default DNSSEC mode                      : no
    default DNS-over-TLS mode                : no
    default mDNS mode                        : yes
    default LLMNR mode                       : yes
    default DNS servers                      : 1.1.1.1#one.one.one.one
                                               8.8.8.8#dns.google
                                               9.9.9.9#dns.quad9.net
                                               1.0.0.1#one.one.one.one
                                               8.8.4.4#dns.google
                                               149.112.112.112#dns.quad9.net
                                               2606:4700:4700::1111#one.one.one.one
                                               2001:4860:4860::8888#dns.google
                                               2620:fe::fe#dns.quad9.net
                                               2606:4700:4700::1001#one.one.one.one
                                               2001:4860:4860::8844#dns.google
                                               2620:fe::9#dns.quad9.net
    default NTP servers                      : time1.google.com
                                               time2.google.com
                                               time3.google.com
                                               time4.google.com
    default net.naming_scheme= value         : latest
    default KillUserProcesses= value         : false
    default locale                           : C.UTF-8
    default nspawn locale                    : C.UTF-8
    default status unit format               : description
    default journal storage mode             : persistent
    default user $PATH                       : (same as system services)
    systemd service watchdog                 : 3min
    time epoch                               : 1789854104 (2026-09-19T21:41:44+00:00)
    TPM2 nvpcr base                          : 0x1d10200
    IMDS networking                          : unlocked

  UEFI
    UEFI architectures                       : x64
    SBAT distro                              : "kashira"
    SBAT distro generation                   : 1
    SBAT distro version                      : "261.2"
    SBAT distro summary                      : "kashira Linux"
    SBAT distro URL                          : "https://github.com/kashira-linux/kashira"

  Features
    enabled                                  : ACL, AUDIT, IMA, IPE, PAM, SECCOMP, SMACK, blkid, elfutils, gcrypt, libarchive, libcrypt, libcryptsetup, libcryptsetup-plugins, libcurl, libfdisk, libidn2, openssl, p11kit, pcre2, tpm2, zstd, lz4, xz, zlib, bzip2, backlight, binfmt, bootloader, coredump, efi, environment.d, hibernate, hostnamed, hwdb, imds, importd, initrd, kernel-install, localed, logind, machined, mountfsd, networkd, nspawn, nsresourced, nss-myhostname, nss-mymachines, nss-resolve, nss-systemd, oomd, portabled, pstore, quotacheck, randomseed, repart, resolve, rfkill, sysext, sysinstall, systemd-analyze, sysusers, storagetm, timedated, timesyncd, tmpfiles, userdb, vconsole, xdg-autostart, dmi, DNS-over-TLS, idn, polkit, kmod, dbus, glib, tpm, compat-sysv-interfaces, utmp, adm group, wheel group, gshadow, fuzz tests, link-udev-shared, link-systemctl-shared, link-networkd-shared, link-timesyncd-shared, link-journalctl-shared, link-boot-shared, link-portabled-shared
    disabled                                 : AppArmor, SELinux, gnutls, libbpf, libfido2, microhttpd, passwdqc, pwquality, qrencode, xkbcommon, bpf-framework, firstboot, homed, sysupdate, sysupdated, vmspawn, legacy-pkla, xenctrl, man pages, html pages, man page indices, compat-mutable-uid-boundaries, ldconfig, debug hashmap, debug mmap cache, debug siphash, trace logging, slow tests, install tests, first-boot-full-preset, fexecve, standalone-binaries, coverage, static-libsystemd, static-libudev

  User defined options
    audit                                    : enabled
    bootloader                               : enabled
    bpf-framework                            : disabled
    buildtype                                : release
    dbuspolicydir                            : /usr/share/dbus-1/system.d
    default-dnssec                           : no
    default-kill-user-processes              : false
    default-locale                           : C.UTF-8
    dev-kvm-mode                             : 0660
    dns-over-tls                             : openssl
    docdir                                   : /usr/share/doc/systemd-261.2
    elfutils                                 : enabled
    fallback-hostname                        : kashira
    firstboot                                : false
    gcrypt                                   : enabled
    gnutls                                   : disabled
    homed                                    : disabled
    install-tests                            : false
    ldconfig                                 : false
    libcryptsetup                            : enabled
    libcurl                                  : enabled
    libidn2                                  : enabled
    lz4                                      : enabled
    man                                      : disabled
    microhttpd                               : disabled
    mode                                     : release
    nobody-group                             : nogroup
    p11kit                                   : enabled
    pam                                      : enabled
    pcre2                                    : enabled
    prefix                                   : /usr
    pwquality                                : disabled
    qrencode                                 : disabled
    rpmmacrosdir                             : no
    sbat-distro                              : kashira
    sbat-distro-pkgname                      : systemd
    sbat-distro-summary                      : kashira Linux
    sbat-distro-url                          : https://github.com/kashira-linux/kashira
    sbat-distro-version                      : 261.2
    seccomp                                  : enabled
    split-bin                                : false
    sysupdate                                : disabled
    tpm2                                     : enabled
    ukify                                    : enabled
    xz                                       : enabled
    zlib                                     : enabled
    zstd                                     : enabled

Found ninja-1.13.2 at /usr/sbin/ninja
ninja: Entering directory `/home/builder/build/src/systemd-261.2/build'
[1/2723] Generating src/login/logind-gperf.c with a custom command
[2/2723] Generating src/network/networkd-gperf.c with a custom command
[3/2723] Generating src/shared/syscall-list.inc with a custom command (wrapped by meson to capture output)
[4/2723] Generating src/shared/dns_type-list.txt with a custom command (wrapped by meson to capture output)
[5/2723] Generating src/basic/af-list.txt with a custom command (wrapped by meson to capture output)
[6/2723] Generating src/network/networkd-network-gperf.c with a custom command
[7/2723] Generating src/network/netdev-gperf.c with a custom command
[8/2723] Generating src/version/version with a custom command (wrapped by meson to capture output)
[9/2723] Generating src/basic/filesystems-gperf.gperf with a custom command (wrapped by meson to capture output)
[10/2723] Generating src/basic/capability-list.txt with a custom command (wrapped by meson to capture output)
[11/2723] Generating src/basic/filesystems-gperf.h with a custom command
[12/2723] Generating src/basic/statx-mask-list.txt with a custom command (wrapped by meson to capture output)
[13/2723] Generating src/udev/keyboard-keys-list.txt with a custom command (wrapped by meson to capture output)
[14/2723] Compiling C object src/libc/libc-wrapper.a.p/bpf.c.o
[15/2723] Generating src/basic/filesystem-sets.c with a custom command (wrapped by meson to capture output)
[16/2723] Generating src/basic/arphrd-list.txt with a custom command (wrapped by meson to capture output)
[17/2723] Generating src/core/bpf-delegate-configs.inc with a custom command (wrapped by meson to capture output)
[18/2723] Generating src/libsystemd/sd-journal/audit_type-list.txt with a custom command (wrapped by meson to capture output)
[19/2723] Generating src/basic/errno-list.txt with a custom command (wrapped by meson to capture output)
[20/2723] Generating src/shared/ip-protocol-list.txt with a custom command (wrapped by meson to capture output)
[21/2723] Compiling C object src/libc/libc-wrapper.a.p/epoll.c.o
[22/2723] Generating src/core/load-fragment-gperf.gperf with a custom command
[23/2723] Generating src/shared/ethtool-link-mode.inc with a custom command (wrapped by meson to capture output)
[24/2723] Compiling C object src/libc/libc-wrapper.a.p/fcntl.c.o
[25/2723] Generating src/shared/dns_type-from-name.gperf with a custom command (wrapped by meson to capture output)
[26/2723] Generating src/basic/statx-attribute-list.txt with a custom command (wrapped by meson to capture output)
[27/2723] Compiling C object src/libc/libc-wrapper.a.p/ioprio.c.o
[28/2723] Generating src/shared/dns_type-to-name.inc with a custom command (wrapped by meson to capture output)
[29/2723] Generating src/basic/capability-to-name.inc with a custom command (wrapped by meson to capture output)
[30/2723] Generating src/basic/af-to-name.inc with a custom command (wrapped by meson to capture output)
[31/2723] Compiling C object src/libc/libc-wrapper.a.p/kcmp.c.o
[32/2723] Generating src/basic/af-from-name.gperf with a custom command (wrapped by meson to capture output)
[33/2723] Generating src/basic/statx-mask-to-name.inc with a custom command (wrapped by meson to capture output)
[34/2723] Compiling C object src/libc/libc-wrapper.a.p/kexec.c.o
[35/2723] Generating src/basic/arphrd-to-name.inc with a custom command (wrapped by meson to capture output)
[36/2723] Generating src/basic/capability-from-name.gperf with a custom command (wrapped by meson to capture output)
[37/2723] Compiling C object src/libc/libc-wrapper.a.p/pidfd.c.o
[38/2723] Generating src/basic/errno-to-name.inc with a custom command (wrapped by meson to capture output)
[39/2723] Compiling C object src/libc/libc-wrapper.a.p/mount.c.o
[40/2723] Compiling C object src/libc/libc-wrapper.a.p/sched.c.o
[41/2723] Compiling C object src/libc/libc-wrapper.a.p/mempolicy.c.o
[42/2723] Compiling C object src/libc/libc-wrapper.a.p/keyctl.c.o
[43/2723] Generating src/basic/arphrd-from-name.gperf with a custom command (wrapped by meson to capture output)
[44/2723] Generating src/libsystemd/sd-journal/audit_type-to-name.inc with a custom command (wrapped by meson to capture output)
[45/2723] Generating src/shared/ip-protocol-to-name.inc with a custom command (wrapped by meson to capture output)
[46/2723] Compiling C object src/libc/libc-wrapper.a.p/spawn.c.o
[47/2723] Compiling C object src/libc/libc-wrapper.a.p/signal.c.o
[48/2723] Compiling C object src/libc/libc-wrapper.a.p/stat.c.o
[49/2723] Generating src/basic/errno-from-name.gperf with a custom command (wrapped by meson to capture output)
[50/2723] Generating src/shared/ip-protocol-from-name.gperf with a custom command (wrapped by meson to capture output)
[51/2723] Compiling C object src/libc/libc-wrapper.a.p/unistd.c.o
[52/2723] Generating src/shared/dns_type-from-name.inc with a custom command (wrapped by meson to capture output)
[53/2723] Compiling C object src/libc/libc-wrapper.a.p/quota.c.o
[54/2723] Compiling C object src/core/libsystemd-core-261.a.p/audit-fd.c.o
[55/2723] Compiling C object src/libc/libc-wrapper.a.p/xattr.c.o
[56/2723] Generating src/basic/statx-attribute-to-name.inc with a custom command (wrapped by meson to capture output)
[57/2723] Generating src/basic/capability-from-name.inc with a custom command (wrapped by meson to capture output)
[58/2723] Generating src/basic/arphrd-from-name.inc with a custom command (wrapped by meson to capture output)
[59/2723] Generating src/core/load-fragment-gperf-nulstr.c with a custom command (wrapped by meson to capture output)
[60/2723] Generating src/basic/errno-from-name.inc with a custom command (wrapped by meson to capture output)
[61/2723] Generating src/basic/af-from-name.inc with a custom command (wrapped by meson to capture output)
[62/2723] Compiling C object src/libsystemd/libsystemd_static.a.p/sd-journal_audit-type.c.o
[63/2723] Generating src/shared/ip-protocol-from-name.inc with a custom command (wrapped by meson to capture output)
[64/2723] Compiling C object src/libsystemd/libsystemd_static.a.p/sd-journal_fsprg.c.o
[65/2723] Compiling C object src/basic/libbasic.a.p/meson-generated_.._filesystem-sets.c.o
[66/2723] Compiling C object src/basic/libbasic.a.p/MurmurHash2.c.o
[67/2723] Compiling C object src/libsystemd/libsystemd_static.a.p/sd-hwdb_sd-hwdb.c.o
[68/2723] Compiling C object src/libsystemd/libsystemd_static.a.p/sd-journal_lookup3.c.o
[69/2723] Compiling C object src/basic/libbasic.a.p/af-list.c.o
[70/2723] Compiling C object src/libsystemd/libsystemd_static.a.p/sd-journal_journal-authenticate.c.o
[71/2723] Compiling C object src/libsystemd/libsystemd_static.a.p/sd-id128_sd-id128.c.o
[72/2723] Compiling C object src/basic/libbasic.a.p/alloc-util.c.o
[73/2723] Compiling C object src/basic/libbasic.a.p/architecture.c.o
[74/2723] Compiling C object src/libsystemd/libsystemd_static.a.p/sd-id128_id128-util.c.o
[75/2723] Compiling C object src/libsystemd/libsystemd_static.a.p/sd-journal_journal-vacuum.c.o
[76/2723] Compiling C object src/libsystemd/libsystemd_static.a.p/sd-journal_mmap-cache.c.o
[77/2723] Compiling C object src/basic/libbasic.a.p/ansi-color.c.o
[78/2723] Compiling C object src/basic/libbasic.a.p/assert-util.c.o
../src/basic/assert-util.c:12:14: warning: variable 'log_abort_msg' set but not used [-Wunused-but-set-global]
   12 | static char *log_abort_msg = NULL;
      |              ^
1 warning generated.
[79/2723] Compiling C object src/basic/libbasic.a.p/arphrd-util.c.o
[80/2723] Compiling C object src/basic/libbasic.a.p/btrfs-util.c.o
[81/2723] Compiling C object src/libsystemd/libsystemd_static.a.p/sd-journal_catalog.c.o
[82/2723] Compiling C object src/libsystemd/libsystemd_static.a.p/sd-journal_journal-send.c.o
[83/2723] Compiling C object src/basic/libbasic.a.p/build.c.o
[84/2723] Generating src/core/load-fragment-gperf.c with a custom command
[85/2723] Compiling C object src/basic/libbasic.a.p/audit-util.c.o
[86/2723] Compiling C object src/basic/libbasic.a.p/bus-label.c.o
[87/2723] Compiling C object src/basic/libbasic.a.p/capsule-util.c.o
[88/2723] Compiling C object src/libsystemd/libsystemd_static.a.p/sd-resolve_sd-resolve.c.o
[89/2723] Compiling C object src/basic/libbasic.a.p/capability-list.c.o
[90/2723] Compiling C object src/basic/libbasic.a.p/argv-util.c.o
[91/2723] Compiling C object src/basic/libbasic.a.p/build-path.c.o
[92/2723] Compiling C object src/basic/libbasic.a.p/device-nodes.c.o
[93/2723] Compiling C object src/libsystemd/libsystemd_static.a.p/sd-journal_journal-verify.c.o
[94/2723] Compiling C object src/basic/libbasic.a.p/dlfcn-util.c.o
[95/2723] Compiling C object src/basic/libbasic.a.p/devnum-util.c.o
[96/2723] Compiling C object src/basic/libbasic.a.p/dirent-util.c.o
[97/2723] Compiling C object src/basic/libbasic.a.p/confidential-virt.c.o
[98/2723] Compiling C object src/basic/libbasic.a.p/chattr-util.c.o
[99/2723] Compiling C object src/basic/libbasic.a.p/errno-util.c.o
[100/2723] Compiling C object src/basic/libbasic.a.p/capability-util.c.o
[101/2723] Compiling C object src/basic/libbasic.a.p/fiber-ops.c.o
[102/2723] Compiling C object src/basic/libbasic.a.p/ether-addr-util.c.o
[103/2723] Compiling C object src/basic/libbasic.a.p/errno-list.c.o
[104/2723] Compiling C object src/basic/libbasic.a.p/efivars.c.o
[105/2723] Compiling C object src/basic/libbasic.a.p/format-ifname.c.o
[106/2723] Compiling C object src/basic/libbasic.a.p/extract-word.c.o
[107/2723] Compiling C object src/basic/libbasic.a.p/filesystems.c.o
[108/2723] Compiling C object src/basic/libbasic.a.p/gcrypt-util.c.o
[109/2723] Compiling C object src/basic/libbasic.a.p/format-util.c.o
[110/2723] Compiling C object src/basic/libbasic.a.p/escape.c.o
[111/2723] Compiling C object src/basic/libbasic.a.p/gunicode.c.o
[112/2723] Compiling C object src/basic/libbasic.a.p/env-file.c.o
[113/2723] Compiling C object src/basic/libbasic.a.p/glob-util.c.o
[114/2723] Compiling C object src/basic/libbasic.a.p/hash-funcs.c.o
[115/2723] Compiling C object src/basic/libbasic.a.p/glyph-util.c.o
[116/2723] Compiling C object src/basic/libbasic.a.p/chase.c.o
[117/2723] Compiling C object src/basic/libbasic.a.p/hmac.c.o
[118/2723] Compiling C object src/basic/libbasic.a.p/env-util.c.o
[119/2723] Compiling C object src/libsystemd/libsystemd_static.a.p/sd-journal_sd-journal.c.o
[120/2723] Compiling C object src/basic/libbasic.a.p/inotify-util.c.o
[121/2723] Compiling C object src/basic/libbasic.a.p/initrd-util.c.o
[122/2723] Compiling C object src/basic/libbasic.a.p/label-util.c.o
[123/2723] Compiling C object src/basic/libbasic.a.p/iovec-util.c.o
[124/2723] Compiling C object src/basic/libbasic.a.p/conf-files.c.o
[125/2723] Compiling C object src/basic/libbasic.a.p/fd-util.c.o
[126/2723] Compiling C object src/basic/libbasic.a.p/hostname-util.c.o
[127/2723] Compiling C object src/basic/libbasic.a.p/cgroup-util.c.o
[128/2723] Compiling C object src/basic/libbasic.a.p/keyring-util.c.o
[129/2723] Compiling C object src/basic/libbasic.a.p/hexdecoct.c.o
[130/2723] Compiling C object src/basic/libbasic.a.p/io-util.c.o
[131/2723] Compiling C object src/basic/libbasic.a.p/lock-util.c.o
[132/2723] Compiling C object src/basic/libbasic.a.p/login-util.c.o
[133/2723] Compiling C object src/basic/libbasic.a.p/compress.c.o
[134/2723] Compiling C object src/basic/libbasic.a.p/limits-util.c.o
[135/2723] Compiling C object src/basic/libbasic.a.p/locale-util.c.o
[136/2723] Compiling C object src/basic/libbasic.a.p/fs-util.c.o
[137/2723] Compiling C object src/basic/libbasic.a.p/math-util.c.o
[138/2723] Compiling C object src/basic/libbasic.a.p/iovec-wrapper.c.o
[139/2723] Compiling C object src/libsystemd/libsystemd_static.a.p/sd-journal_journal-file.c.o
[140/2723] Compiling C object src/basic/libbasic.a.p/ordered-set.c.o
[141/2723] Compiling C object src/basic/libbasic.a.p/memfd-util.c.o
[142/2723] Compiling C object src/basic/libbasic.a.p/memstream-util.c.o
[143/2723] Compiling C object src/basic/libbasic.a.p/log-context.c.o
[144/2723] Compiling C object src/basic/libbasic.a.p/memory-util.c.o
[145/2723] Compiling C object src/basic/libbasic.a.p/nulstr-util.c.o
[146/2723] Compiling C object src/basic/libbasic.a.p/mempool.c.o
[147/2723] Compiling C object src/basic/libbasic.a.p/fileio.c.o
[148/2723] Compiling C object src/basic/libbasic.a.p/in-addr-util.c.o
[149/2723] Compiling C object src/basic/libbasic.a.p/percent-util.c.o
[150/2723] Compiling C object src/basic/libbasic.a.p/prioq.c.o
[151/2723] Compiling C object src/basic/libbasic.a.p/mkdir.c.o
[152/2723] Compiling C object src/basic/libbasic.a.p/ratelimit.c.o
[153/2723] Compiling C object src/basic/libbasic.a.p/pidfd-util.c.o
[154/2723] Compiling C object src/basic/libbasic.a.p/mountpoint-util.c.o
[155/2723] Compiling C object src/basic/libbasic.a.p/procfs-util.c.o
[156/2723] Compiling C object src/basic/libbasic.a.p/hashmap.c.o
[157/2723] Compiling C object src/basic/libbasic.a.p/psi-util.c.o
[158/2723] Compiling C object src/basic/libbasic.a.p/runtime-scope.c.o
[159/2723] Compiling C object src/basic/libbasic.a.p/replace-var.c.o
[160/2723] Compiling C object src/basic/libbasic.a.p/os-util.c.o
[161/2723] Compiling C object src/basic/libbasic.a.p/pidref.c.o
[162/2723] Compiling C object src/basic/libbasic.a.p/namespace-util.c.o
[163/2723] Compiling C object src/basic/libbasic.a.p/raw-clone.c.o
[164/2723] Compiling C object src/basic/libbasic.a.p/recurse-dir.c.o
[165/2723] Compiling C object src/basic/libbasic.a.p/log.c.o
[166/2723] Compiling C object src/basic/libbasic.a.p/sha256.c.o
[167/2723] Compiling C object src/basic/libbasic.a.p/static-destruct.c.o
[168/2723] Compiling C object src/basic/libbasic.a.p/sigbus.c.o
[169/2723] Compiling C object src/basic/libbasic.a.p/random-util.c.o
[170/2723] Compiling C object src/basic/libbasic.a.p/rlimit-util.c.o
[171/2723] Compiling C object src/basic/libbasic.a.p/parse-util.c.o
[172/2723] Compiling C object src/basic/libbasic.a.p/siphash24.c.o
[173/2723] Compiling C object src/basic/libbasic.a.p/strxcpyx.c.o
[174/2723] Compiling C object src/basic/libbasic.a.p/sort-util.c.o
[175/2723] Compiling C object src/basic/libbasic.a.p/stdio-util.c.o
[176/2723] Compiling C object src/basic/libbasic.a.p/path-util.c.o
[177/2723] Compiling C object src/basic/libbasic.a.p/strbuf.c.o
[178/2723] Compiling C object src/basic/libbasic.a.p/string-table.c.o
[179/2723] Compiling C object src/basic/libbasic.a.p/proc-cmdline.c.o
[180/2723] Compiling C object src/basic/libbasic.a.p/syslog-util.c.o
[181/2723] Compiling C object src/basic/libbasic.a.p/uid-classification.c.o
[182/2723] Compiling C object src/basic/libbasic.a.p/signal-util.c.o
[183/2723] Compiling C object src/basic/libbasic.a.p/sync-util.c.o
[184/2723] Compiling C object src/basic/libbasic.a.p/.._fundamental_bootspec.c.o
[185/2723] Compiling C object src/basic/libbasic.a.p/unit-def.c.o
[186/2723] Compiling C object src/basic/libbasic.a.p/.._fundamental_chid.c.o
[187/2723] Compiling C object src/basic/libbasic.a.p/tmpfile-util.c.o
[188/2723] Compiling C object src/basic/libbasic.a.p/sysctl-util.c.o
[189/2723] Compiling C object src/basic/libbasic.a.p/.._fundamental_efivars.c.o
[190/2723] Compiling C object src/basic/libbasic.a.p/.._fundamental_edid.c.o
[191/2723] Compiling C object src/basic/libbasic.a.p/stat-util.c.o
[192/2723] Compiling C object src/basic/libbasic.a.p/.._fundamental_uki.c.o
[193/2723] Compiling C object src/basic/libbasic.a.p/.._fundamental_memory-util.c.o
[194/2723] Compiling C object src/basic/libbasic.a.p/.._fundamental_string-util.c.o
[195/2723] Compiling C object src/basic/libbasic.a.p/utf8.c.o
[196/2723] Compiling C object src/basic/libbasic.a.p/unit-name.c.o
[197/2723] Compiling C object src/basic/libbasic.a.p/xattr-util.c.o
[198/2723] Compiling C object src/basic/libbasic.a.p/string-util.c.o
[199/2723] Compiling C object src/basic/libbasic.a.p/.._fundamental_sha256.c.o
[200/2723] Compiling C object src/basic/libbasic.a.p/virt.c.o
[201/2723] Compiling C object src/basic/libbasic.a.p/strv.c.o
[202/2723] Compiling C object src/basic/libbasic.a.p/uid-range.c.o
[203/2723] Compiling C object src/basic/libbasic.a.p/.._fundamental_sha1.c.o
[204/2723] Compiling C object src/libsystemd/libsystemd_static.a.p/sd-event_event-future.c.o
[205/2723] Compiling C object src/basic/libbasic.a.p/socket-util.c.o
[206/2723] Compiling C object src/libsystemd/libsystemd_static.a.p/sd-bus_bus-common-errors.c.o
[207/2723] Compiling C object src/basic/libbasic.a.p/user-util.c.o
[208/2723] Compiling C object src/libsystemd/libsystemd_static.a.p/sd-daemon_sd-daemon.c.o
[209/2723] Compiling C object src/libsystemd/libsystemd_static.a.p/sd-event_event-util.c.o
[210/2723] Compiling C object src/libsystemd/libsystemd_static.a.p/sd-bus_bus-error.c.o
[211/2723] Compiling C object src/libsystemd/libsystemd_static.a.p/sd-bus_bus-container.c.o
[212/2723] Compiling C object src/libsystemd/libsystemd_static.a.p/sd-bus_bus-future.c.o
[213/2723] Compiling C object src/libsystemd/libsystemd_static.a.p/sd-bus_bus-internal.c.o
[214/2723] Compiling C object src/libsystemd/libsystemd_static.a.p/sd-bus_bus-dump-json.c.o
[215/2723] Compiling C object src/libsystemd/libsystemd_static.a.p/sd-bus_bus-introspect.c.o
[216/2723] Compiling C object src/libsystemd/libsystemd_static.a.p/sd-bus_bus-signature.c.o
[217/2723] Compiling C object src/libsystemd/libsystemd_static.a.p/sd-bus_bus-control.c.o
[218/2723] Compiling C object src/libsystemd/libsystemd_static.a.p/sd-bus_bus-dump.c.o
[219/2723] Compiling C object src/libsystemd/libsystemd_static.a.p/sd-bus_bus-kernel.c.o
[220/2723] Compiling C object src/basic/libbasic.a.p/process-util.c.o
[221/2723] Compiling C object src/libsystemd/libsystemd_static.a.p/sd-bus_bus-creds.c.o
[222/2723] Compiling C object src/libsystemd/libsystemd_static.a.p/sd-bus_bus-convenience.c.o
[223/2723] Compiling C object src/basic/libbasic.a.p/time-util.c.o
[224/2723] Compiling C object src/libsystemd/libsystemd_static.a.p/sd-bus_bus-type.c.o
[225/2723] Compiling C object src/libsystemd/libsystemd_static.a.p/sd-device_device-filter.c.o
[226/2723] Compiling C object src/libsystemd/libsystemd_static.a.p/sd-bus_bus-track.c.o
[227/2723] Compiling C object src/libsystemd/libsystemd_static.a.p/sd-bus_bus-match.c.o
[228/2723] Compiling C object src/libsystemd/libsystemd_static.a.p/sd-device_device-util.c.o
[229/2723] Compiling C object src/libsystemd/libsystemd_static.a.p/sd-bus_bus-slot.c.o
[230/2723] Compiling C object src/libsystemd/libsystemd_static.a.p/sd-future_sd-future.c.o
[231/2723] Compiling C object src/libsystemd/libsystemd_static.a.p/sd-future_fiber-io.c.o
[232/2723] Compiling C object src/libsystemd/libsystemd_static.a.p/sd-future_fiber.c.o
[233/2723] Compiling C object src/basic/libbasic.a.p/terminal-util.c.o
[234/2723] Compiling C object src/libsystemd/libsystemd_static.a.p/sd-varlink_varlink-org.varlink.service.c.o
[235/2723] Compiling C object src/libsystemd/libsystemd_static.a.p/sd-varlink_varlink-io.systemd.c.o
[236/2723] Compiling C object src/libsystemd/libsystemd_static.a.p/sd-device_device-monitor.c.o
[237/2723] Compiling C object src/libsystemd/libsystemd_static.a.p/sd-device_device-enumerator.c.o
[238/2723] Compiling C object src/libsystemd/libsystemd_static.a.p/sd-device_device-private.c.o
[239/2723] Compiling C object src/libsystemd/libsystemd_static.a.p/sd-path_path-lookup.c.o
[240/2723] Compiling C object src/libsystemd/libsystemd_static.a.p/sd-bus_bus-socket.c.o
[241/2723] Compiling C object src/libsystemd/libsystemd_static.a.p/sd-bus_bus-objects.c.o
[242/2723] Compiling C object src/libsystemd/libsystemd_static.a.p/sd-netlink_netlink-message-nfnl.c.o
[243/2723] Compiling C object src/libsystemd/libsystemd_static.a.p/sd-json_json-stream.c.o
[244/2723] Compiling C object src/libsystemd/libsystemd_static.a.p/sd-path_sd-path.c.o
[245/2723] Compiling C object src/libsystemd/libsystemd_static.a.p/sd-netlink_netlink-slot.c.o
[246/2723] Compiling C object src/libsystemd/libsystemd_static.a.p/sd-varlink_varlink-util.c.o
[247/2723] Compiling C object src/libsystemd/libsystemd_static.a.p/sd-netlink_netlink-sock-diag.c.o
[248/2723] Compiling C object src/libsystemd/libsystemd_static.a.p/sd-login_sd-login.c.o
[249/2723] Compiling C object src/libsystemd/libsystemd_static.a.p/sd-netlink_netlink-types-genl.c.o
[250/2723] Compiling C object src/libsystemd/libsystemd_static.a.p/sd-json_json-util.c.o
[251/2723] Compiling C object src/libsystemd/libsystemd_static.a.p/sd-device_sd-device.c.o
[252/2723] Compiling C object src/libsystemd/libsystemd_static.a.p/sd-netlink_netlink-message-rtnl.c.o
[253/2723] Compiling C object src/libsystemd/libsystemd_static.a.p/sd-netlink_netlink-types-sdnl.c.o
[254/2723] Compiling C object src/libsystemd/libsystemd_static.a.p/sd-netlink_netlink-types-rtnl.c.o
[255/2723] Compiling C object src/libsystemd/libsystemd_static.a.p/sd-netlink_netlink-types-nfnl.c.o
[256/2723] Compiling C object src/libsystemd/libsystemd_static.a.p/sd-netlink_netlink-genl.c.o
[257/2723] Compiling C object src/libsystemd/libsystemd_static.a.p/sd-netlink_netlink-socket.c.o
[258/2723] Compiling C object src/libsystemd/libsystemd_static.a.p/sd-netlink_netlink-types.c.o
[259/2723] Compiling C object src/libsystemd/libsystemd_static.a.p/sd-network_network-util.c.o
[260/2723] Compiling C object src/shared/libsystemd-shared-261.a.p/apparmor-util.c.o
[261/2723] Compiling C object src/shared/libsystemd-shared-261.a.p/ask-password-agent.c.o
[262/2723] Compiling C object src/libsystemd/libsystemd_static.a.p/sd-netlink_netlink-message.c.o
[263/2723] Compiling C object src/shared/libsystemd-shared-261.a.p/acpi-fpdt.c.o
[264/2723] Compiling C object src/shared/libsystemd-shared-261.a.p/barrier.c.o
[265/2723] Compiling C object src/shared/libsystemd-shared-261.a.p/binfmt-util.c.o
[266/2723] Compiling C object src/libsystemd/libsystemd_static.a.p/sd-bus_sd-bus.c.o
[267/2723] Compiling C object src/libsystemd/libsystemd_static.a.p/sd-netlink_netlink-util.c.o
[268/2723] Compiling C object src/shared/libsystemd-shared-261.a.p/base-filesystem.c.o
[269/2723] Compiling C object src/libsystemd/libsystemd_static.a.p/sd-network_sd-network.c.o
[270/2723] Compiling C object src/shared/libsystemd-shared-261.a.p/bitmap.c.o
[271/2723] Compiling C object src/libsystemd/libsystemd_static.a.p/sd-varlink_sd-varlink-idl.c.o
[272/2723] Compiling C object src/shared/libsystemd-shared-261.a.p/blkid-util.c.o
[273/2723] Compiling C object src/shared/libsystemd-shared-261.a.p/async.c.o
[274/2723] Compiling C object src/libsystemd/libsystemd_static.a.p/sd-event_sd-event.c.o
[275/2723] Compiling C object src/shared/libsystemd-shared-261.a.p/boot-timestamps.c.o
[276/2723] Compiling C object src/shared/libsystemd-shared-261.a.p/bond-util.c.o
[277/2723] Compiling C object src/shared/libsystemd-shared-261.a.p/bpf-util.c.o
[278/2723] Compiling C object src/shared/libsystemd-shared-261.a.p/blockdev-list.c.o
[279/2723] Compiling C object src/shared/libsystemd-shared-261.a.p/battery-util.c.o
[280/2723] Compiling C object src/libsystemd/libsystemd_static.a.p/sd-netlink_sd-netlink.c.o
[281/2723] Compiling C object src/shared/libsystemd-shared-261.a.p/bridge-util.c.o
[282/2723] Compiling C object src/shared/libsystemd-shared-261.a.p/acl-util.c.o
[283/2723] Compiling C object src/shared/libsystemd-shared-261.a.p/boot-entry.c.o
[284/2723] Compiling C object src/shared/libsystemd-shared-261.a.p/bus-log-control-api.c.o
[285/2723] Compiling C object src/shared/libsystemd-shared-261.a.p/bus-locator.c.o
[286/2723] Compiling C object src/libsystemd/libsystemd_static.a.p/sd-bus_bus-message.c.o
[287/2723] Compiling C object src/shared/libsystemd-shared-261.a.p/bus-get-properties.c.o
[288/2723] Compiling C object src/shared/libsystemd-shared-261.a.p/blockdev-util.c.o
[289/2723] Compiling C object src/shared/libsystemd-shared-261.a.p/bus-object.c.o
[290/2723] Compiling C object src/shared/libsystemd-shared-261.a.p/bus-message-util.c.o
[291/2723] Compiling C object src/shared/libsystemd-shared-261.a.p/bus-map-properties.c.o
[292/2723] Compiling C object src/shared/libsystemd-shared-261.a.p/bpf-program.c.o
[293/2723] Compiling C object src/shared/libsystemd-shared-261.a.p/bus-print-properties.c.o
[294/2723] Compiling C object src/shared/libsystemd-shared-261.a.p/ask-password-api.c.o
[295/2723] Compiling C object src/shared/libsystemd-shared-261.a.p/clock-util.c.o
[296/2723] Compiling C object src/shared/libsystemd-shared-261.a.p/bus-unit-procs.c.o
[297/2723] Compiling C object src/shared/libsystemd-shared-261.a.p/bus-wait-for-units.c.o
[298/2723] Compiling C object src/shared/libsystemd-shared-261.a.p/bus-wait-for-jobs.c.o
[299/2723] Compiling C object src/shared/libsystemd-shared-261.a.p/cgroup-show.c.o
[300/2723] Compiling C object src/shared/libsystemd-shared-261.a.p/color-util.c.o
[301/2723] Compiling C object src/shared/libsystemd-shared-261.a.p/chown-recursive.c.o
[302/2723] Compiling C object src/shared/libsystemd-shared-261.a.p/compare-operator.c.o
[303/2723] Compiling C object src/shared/libsystemd-shared-261.a.p/common-signal.c.o
[304/2723] Compiling C object src/shared/libsystemd-shared-261.a.p/bus-util.c.o
[305/2723] Compiling C object src/shared/libsystemd-shared-261.a.p/bus-polkit.c.o
[306/2723] Compiling C object src/shared/libsystemd-shared-261.a.p/cgroup-setup.c.o
[307/2723] Compiling C object src/libsystemd/libsystemd_static.a.p/sd-varlink_sd-varlink.c.o
[308/2723] Compiling C object src/shared/libsystemd-shared-261.a.p/clean-ipc.c.o
[309/2723] Compiling C object src/shared/libsystemd-shared-261.a.p/coredump-util.c.o
[310/2723] Compiling C object src/shared/libsystemd-shared-261.a.p/cryptsetup-fido2.c.o
[311/2723] Compiling C object src/shared/libsystemd-shared-261.a.p/daemon-util.c.o
[312/2723] Compiling C object src/shared/libsystemd-shared-261.a.p/data-fd-util.c.o
[313/2723] Compiling C object src/shared/libsystemd-shared-261.a.p/bootspec.c.o
[314/2723] Compiling C object src/shared/libsystemd-shared-261.a.p/cpu-set-util.c.o
[315/2723] Compiling C object src/shared/libsystemd-shared-261.a.p/calendarspec.c.o
[316/2723] Compiling C object src/shared/libsystemd-shared-261.a.p/dm-util.c.o
[317/2723] Compiling C object src/shared/libsystemd-shared-261.a.p/cryptsetup-util.c.o
[318/2723] Compiling C object src/shared/libsystemd-shared-261.a.p/dev-setup.c.o
[319/2723] Compiling C object src/shared/libsystemd-shared-261.a.p/cryptsetup-tpm2.c.o
[320/2723] Compiling C object src/shared/libsystemd-shared-261.a.p/curl-util.c.o
[321/2723] Compiling C object src/shared/libsystemd-shared-261.a.p/condition.c.o
In file included from ../src/shared/condition.c:23:
../src/shared/condition.h:87:63: warning: '__const__' attribute only applies to functions [-Wignored-attributes]
   87 | typedef const char* (*condition_to_string_t)(ConditionType t) _const_;
      |                                                               ^
../src/basic/../fundamental/macro.h:80:32: note: expanded from macro '_const_'
   80 | #define _const_ __attribute__((__const__))
      |                                ^
1 warning generated.
[322/2723] Compiling C object src/shared/libsystemd-shared-261.a.p/btrfs-util.c.o
[323/2723] Compiling C object src/shared/libsystemd-shared-261.a.p/copy.c.o
[324/2723] Compiling C object src/shared/libsystemd-shared-261.a.p/dns-configuration.c.o
[325/2723] Compiling C object src/shared/libsystemd-shared-261.a.p/dns-answer.c.o
[326/2723] Compiling C object src/shared/libsystemd-shared-261.a.p/dropin.c.o
[327/2723] Compiling C object src/shared/libsystemd-shared-261.a.p/dns-type.c.o
[328/2723] Compiling C object src/libsystemd/libsystemd_static.a.p/sd-json_sd-json.c.o
[329/2723] Compiling C object src/shared/libsystemd-shared-261.a.p/dns-domain.c.o
In file included from ../src/shared/dns-domain.c:15:
../src/shared/idn-util.h:14:49: warning: '__const__' attribute only applies to functions [-Wignored-attributes]
   14 | extern const char *(*sym_idn2_strerror)(int rc) _const_;
      |                                                 ^
../src/basic/../fundamental/macro.h:80:32: note: expanded from macro '_const_'
   80 | #define _const_ __attribute__((__const__))
      |                                ^
1 warning generated.
[330/2723] Compiling C object src/shared/libsystemd-shared-261.a.p/efi-api.c.o
[331/2723] Compiling C object src/shared/libsystemd-shared-261.a.p/edit-util.c.o
[332/2723] Compiling C object src/shared/libsystemd-shared-261.a.p/enable-mempool.c.o
[333/2723] Compiling C object src/shared/libsystemd-shared-261.a.p/efi-loader.c.o
[334/2723] Compiling C object src/shared/libsystemd-shared-261.a.p/dns-question.c.o
[335/2723] Compiling C object src/shared/libsystemd-shared-261.a.p/extension-util.c.o
[336/2723] Compiling C object src/shared/libsystemd-shared-261.a.p/conf-parser.c.o
[337/2723] Compiling C object src/shared/libsystemd-shared-261.a.p/factory-reset.c.o
[338/2723] Compiling C object src/shared/libsystemd-shared-261.a.p/exit-status.c.o
[339/2723] Compiling C object src/shared/libsystemd-shared-261.a.p/fido2-util.c.o
[340/2723] Compiling C object src/shared/libsystemd-shared-261.a.p/discover-image.c.o
[341/2723] Compiling C object src/shared/libsystemd-shared-261.a.p/elf-util.c.o
[342/2723] Compiling C object src/shared/libsystemd-shared-261.a.p/fdisk-util.c.o
[343/2723] Compiling C object src/shared/libsystemd-shared-261.a.p/fdset.c.o
[344/2723] Compiling C object src/shared/libsystemd-shared-261.a.p/gnutls-util.c.o
[345/2723] Compiling C object src/shared/libsystemd-shared-261.a.p/geneve-util.c.o
[346/2723] Compiling C object src/shared/libsystemd-shared-261.a.p/exec-util.c.o
[347/2723] Compiling C object src/shared/libsystemd-shared-261.a.p/creds-util.c.o
[348/2723] Compiling C object src/shared/libsystemd-shared-261.a.p/fork-notify.c.o
[349/2723] Compiling C object src/shared/libsystemd-shared-261.a.p/help-util.c.o
[350/2723] Compiling C object src/shared/libsystemd-shared-261.a.p/fstab-util.c.o
[351/2723] Compiling C object src/shared/libsystemd-shared-261.a.p/crypto-util.c.o
[352/2723] Compiling C object src/shared/libsystemd-shared-261.a.p/idn-util.c.o
In file included from ../src/shared/idn-util.c:3:
../src/shared/idn-util.h:14:49: warning: '__const__' attribute only applies to functions [-Wignored-attributes]
   14 | extern const char *(*sym_idn2_strerror)(int rc) _const_;
      |                                                 ^
../src/basic/../fundamental/macro.h:80:32: note: expanded from macro '_const_'
   80 | #define _const_ __attribute__((__const__))
      |                                ^
../src/shared/idn-util.c:13:42: warning: '__const__' attribute only applies to functions [-Wignored-attributes]
   13 | const char *(*sym_idn2_strerror)(int rc) _const_ = NULL;
      |                                          ^
../src/basic/../fundamental/macro.h:80:32: note: expanded from macro '_const_'
   80 | #define _const_ __attribute__((__const__))
      |                                ^
2 warnings generated.
[353/2723] Compiling C object src/shared/libsystemd-shared-261.a.p/gpt.c.o
[354/2723] Compiling C object src/shared/libsystemd-shared-261.a.p/ima-util.c.o
[355/2723] Compiling C object src/shared/libsystemd-shared-261.a.p/bus-unit-util.c.o
In file included from ../src/shared/bus-unit-util.c:17:
../src/shared/condition.h:87:63: warning: '__const__' attribute only applies to functions [-Wignored-attributes]
   87 | typedef const char* (*condition_to_string_t)(ConditionType t) _const_;
      |                                                               ^
../src/basic/../fundamental/macro.h:80:32: note: expanded from macro '_const_'
   80 | #define _const_ __attribute__((__const__))
      |                                ^
1 warning generated.
[356/2723] Compiling C object src/shared/libsystemd-shared-261.a.p/firewall-util.c.o
[357/2723] Compiling C object src/shared/libsystemd-shared-261.a.p/dns-packet.c.o
[358/2723] Compiling C object src/shared/libsystemd-shared-261.a.p/find-esp.c.o
[359/2723] Compiling C object src/shared/libsystemd-shared-261.a.p/import-util.c.o
[360/2723] Compiling C object src/shared/libsystemd-shared-261.a.p/group-record.c.o
[361/2723] Compiling C object src/shared/libsystemd-shared-261.a.p/id128-print.c.o
[362/2723] Compiling C object src/shared/libsystemd-shared-261.a.p/install-printf.c.o
[363/2723] Compiling C object src/shared/libsystemd-shared-261.a.p/generator.c.o
[364/2723] Compiling C object src/shared/libsystemd-shared-261.a.p/ipvlan-util.c.o
[365/2723] Compiling C object src/shared/libsystemd-shared-261.a.p/ethtool-util.c.o
[366/2723] Compiling C object src/shared/libsystemd-shared-261.a.p/in-addr-prefix-util.c.o
[367/2723] Compiling C object src/shared/libsystemd-shared-261.a.p/ioprio-util.c.o
[368/2723] Compiling C object src/shared/libsystemd-shared-261.a.p/ip-protocol-list.c.o
[369/2723] Compiling C object src/shared/libsystemd-shared-261.a.p/kernel-config.c.o
[370/2723] Compiling C object src/shared/libsystemd-shared-261.a.p/install-file.c.o
[371/2723] Compiling C object src/shared/libsystemd-shared-261.a.p/image-policy.c.o
[372/2723] Compiling C object src/shared/libsystemd-shared-261.a.p/hibernate-util.c.o
[373/2723] Compiling C object src/shared/libsystemd-shared-261.a.p/hwdb-util.c.o
[374/2723] Compiling C object src/shared/libsystemd-shared-261.a.p/hostname-setup.c.o
[375/2723] Compiling C object src/shared/libsystemd-shared-261.a.p/label-util.c.o
[376/2723] Compiling C object src/shared/libsystemd-shared-261.a.p/libarchive-util.c.o
[377/2723] Compiling C object src/shared/libsystemd-shared-261.a.p/kernel-image.c.o
[378/2723] Compiling C object src/shared/libsystemd-shared-261.a.p/journal-util.c.o
[379/2723] Compiling C object src/shared/libsystemd-shared-261.a.p/killall.c.o
[380/2723] Compiling C object src/shared/libsystemd-shared-261.a.p/kbd-util.c.o
[381/2723] Compiling C object src/shared/libsystemd-shared-261.a.p/dns-rr.c.o
[382/2723] Compiling C object src/shared/libsystemd-shared-261.a.p/libcrypt-util.c.o
[383/2723] Compiling C object src/shared/libsystemd-shared-261.a.p/libfido2-util.c.o
[384/2723] Compiling C object src/shared/libsystemd-shared-261.a.p/journal-file-util.c.o
[385/2723] Compiling C object src/shared/libsystemd-shared-261.a.p/log-assert-critical.c.o
[386/2723] Compiling C object src/shared/libsystemd-shared-261.a.p/libaudit-util.c.o
[387/2723] Compiling C object src/shared/libsystemd-shared-261.a.p/loopback-setup.c.o
[388/2723] Compiling C object src/shared/libsystemd-shared-261.a.p/lsm-util.c.o
[389/2723] Compiling C object src/shared/libsystemd-shared-261.a.p/libmount-util.c.o
[390/2723] Compiling C object src/shared/libsystemd-shared-261.a.p/journal-importer.c.o
[391/2723] Compiling C object src/shared/libsystemd-shared-261.a.p/macvlan-util.c.o
[392/2723] Compiling C object src/shared/libsystemd-shared-261.a.p/locale-setup.c.o
[393/2723] Compiling C object src/shared/libsystemd-shared-261.a.p/machine-credential.c.o
[394/2723] Compiling C object src/shared/libsystemd-shared-261.a.p/format-table.c.o
[395/2723] Compiling C object src/shared/libsystemd-shared-261.a.p/machine-util.c.o
[396/2723] Compiling C object src/shared/libsystemd-shared-261.a.p/local-addresses.c.o
[397/2723] Compiling C object src/shared/libsystemd-shared-261.a.p/microhttpd-util.c.o
[398/2723] Compiling C object src/shared/libsystemd-shared-261.a.p/metrics.c.o
[399/2723] Compiling C object src/shared/libsystemd-shared-261.a.p/main-func.c.o
[400/2723] Compiling C object src/shared/libsystemd-shared-261.a.p/machine-id-setup.c.o
[401/2723] Compiling C object src/shared/libsystemd-shared-261.a.p/machine-bind-user.c.o
[402/2723] Compiling C object src/shared/libsystemd-shared-261.a.p/mkdir.c.o
[403/2723] Compiling C object src/shared/libsystemd-shared-261.a.p/module-util.c.o
[404/2723] Compiling C object src/shared/libsystemd-shared-261.a.p/machine-register.c.o
[405/2723] Compiling C object src/shared/libsystemd-shared-261.a.p/mount-setup.c.o
[406/2723] Compiling C object src/shared/libsystemd-shared-261.a.p/net-condition.c.o
In file included from ../src/shared/net-condition.c:8:
../src/shared/condition.h:87:63: warning: '__const__' attribute only applies to functions [-Wignored-attributes]
   87 | typedef const char* (*condition_to_string_t)(ConditionType t) _const_;
      |                                                               ^
../src/basic/../fundamental/macro.h:80:32: note: expanded from macro '_const_'
   80 | #define _const_ __attribute__((__const__))
      |                                ^
1 warning generated.
[407/2723] Compiling C object src/shared/libsystemd-shared-261.a.p/dissect-image.c.o
[408/2723] Compiling C object src/shared/libsystemd-shared-261.a.p/netif-naming-scheme.c.o
[409/2723] Compiling C object src/shared/libsystemd-shared-261.a.p/luo-util.c.o
[410/2723] Compiling C object src/shared/libsystemd-shared-261.a.p/nsflags.c.o
[411/2723] Compiling C object src/shared/libsystemd-shared-261.a.p/netif-util.c.o
[412/2723] Compiling C object src/shared/libsystemd-shared-261.a.p/notify-recv.c.o
[413/2723] Compiling C object src/shared/libsystemd-shared-261.a.p/open-file.c.o
[414/2723] Compiling C object src/shared/libsystemd-shared-261.a.p/mkfs-util.c.o
[415/2723] Compiling C object src/shared/libsystemd-shared-261.a.p/loop-util.c.o
[416/2723] Compiling C object src/shared/libsystemd-shared-261.a.p/output-mode.c.o
[417/2723] Compiling C object src/shared/libsystemd-shared-261.a.p/numa-util.c.o
[418/2723] Compiling C object src/shared/libsystemd-shared-261.a.p/options.c.o
[419/2723] Compiling C object src/shared/libsystemd-shared-261.a.p/password-quality-util-passwdqc.c.o
[420/2723] Compiling C object src/shared/libsystemd-shared-261.a.p/password-quality-util-pwquality.c.o
[421/2723] Compiling C object src/shared/libsystemd-shared-261.a.p/nsresource.c.o
[422/2723] Compiling C object src/shared/libsystemd-shared-261.a.p/parse-helpers.c.o
[423/2723] Compiling C object src/shared/libsystemd-shared-261.a.p/pcre2-util.c.o
[424/2723] Compiling C object src/shared/libsystemd-shared-261.a.p/netif-sriov.c.o
[425/2723] Compiling C object src/shared/libsystemd-shared-261.a.p/pager.c.o
[426/2723] Compiling C object src/shared/libsystemd-shared-261.a.p/osc-context.c.o
[427/2723] Compiling C object src/shared/libsystemd-shared-261.a.p/parse-argument.c.o
[428/2723] Compiling C object src/shared/libsystemd-shared-261.a.p/install.c.o
[429/2723] Compiling C object src/shared/libsystemd-shared-261.a.p/pam-util.c.o
[430/2723] Compiling C object src/shared/libsystemd-shared-261.a.p/plymouth-util.c.o
[431/2723] Compiling C object src/shared/libsystemd-shared-261.a.p/pkcs7-util.c.o
[432/2723] Compiling C object src/shared/libsystemd-shared-261.a.p/polkit-agent.c.o
[433/2723] Compiling C object src/shared/libsystemd-shared-261.a.p/quota-util.c.o
[434/2723] Compiling C object src/shared/libsystemd-shared-261.a.p/qrcode-util.c.o
[435/2723] Compiling C object src/shared/libsystemd-shared-261.a.p/printk-util.c.o
[436/2723] Compiling C object src/shared/libsystemd-shared-261.a.p/portable-util.c.o
[437/2723] Compiling C object src/shared/libsystemd-shared-261.a.p/pcrextend-util.c.o
[438/2723] Compiling C object src/shared/libsystemd-shared-261.a.p/resolve-hook-util.c.o
[439/2723] Compiling C object src/shared/libsystemd-shared-261.a.p/logs-show.c.o
[440/2723] Compiling C object src/shared/libsystemd-shared-261.a.p/resize-fs.c.o
[441/2723] Compiling C object src/shared/libsystemd-shared-261.a.p/mstack.c.o
[442/2723] Compiling C object src/shared/libsystemd-shared-261.a.p/prompt-util.c.o
[443/2723] Compiling C object src/shared/libsystemd-shared-261.a.p/recovery-key.c.o
[444/2723] Compiling C object src/shared/libsystemd-shared-261.a.p/securebits-util.c.o
[445/2723] Compiling C object src/shared/libsystemd-shared-261.a.p/selinux-util.c.o
[446/2723] Compiling C object src/shared/libsystemd-shared-261.a.p/pe-binary.c.o
[447/2723] Compiling C object src/shared/libsystemd-shared-261.a.p/resolve-util.c.o
[448/2723] Compiling C object src/shared/libsystemd-shared-261.a.p/mount-util.c.o
[449/2723] Compiling C object src/shared/libsystemd-shared-261.a.p/service-util.c.o
[450/2723] Compiling C object src/shared/libsystemd-shared-261.a.p/pretty-print.c.o
[451/2723] Compiling C object src/shared/libsystemd-shared-261.a.p/reboot-util.c.o
[452/2723] Compiling C object src/shared/libsystemd-shared-261.a.p/smack-util.c.o
[453/2723] Compiling C object src/shared/libsystemd-shared-261.a.p/smbios11.c.o
[454/2723] Compiling C object src/shared/libsystemd-shared-261.a.p/snapshot-util.c.o
[455/2723] Compiling C object src/shared/libsystemd-shared-261.a.p/qmp-client.c.o
[456/2723] Compiling C object src/shared/libsystemd-shared-261.a.p/reread-partition-table.c.o
[457/2723] Compiling C object src/shared/libsystemd-shared-261.a.p/sleep-config.c.o
[458/2723] Compiling C object src/shared/libsystemd-shared-261.a.p/rm-rf.c.o
[459/2723] Compiling C object src/shared/libsystemd-shared-261.a.p/socket-label.c.o
[460/2723] Compiling C object src/shared/libsystemd-shared-261.a.p/ptyfwd.c.o
[461/2723] Compiling C object src/shared/libsystemd-shared-261.a.p/socket-forward.c.o
[462/2723] Compiling C object src/shared/libsystemd-shared-261.a.p/shift-uid.c.o
[463/2723] Compiling C object src/shared/libsystemd-shared-261.a.p/tmpfile-util.c.o
[464/2723] Compiling C object src/shared/libsystemd-shared-261.a.p/tpm2-event-log.c.o
[465/2723] Compiling C object src/shared/libsystemd-shared-261.a.p/tomoyo-util.c.o
[466/2723] Compiling C object src/shared/libsystemd-shared-261.a.p/swtpm-util.c.o
[467/2723] Compiling C object src/shared/libsystemd-shared-261.a.p/storage-util.c.o
[468/2723] Compiling C object src/shared/libsystemd-shared-261.a.p/serialize.c.o
[469/2723] Compiling C object src/shared/libsystemd-shared-261.a.p/switch-root.c.o
[470/2723] Compiling C object src/shared/libsystemd-shared-261.a.p/socket-netlink.c.o
[471/2723] Compiling C object src/shared/libsystemd-shared-261.a.p/specifier.c.o
[472/2723] Compiling C object src/shared/libsystemd-shared-261.a.p/ssl-util.c.o
[473/2723] Compiling C object src/shared/libsystemd-shared-261.a.p/varlink-idl-common.c.o
[474/2723] Compiling C object src/shared/libsystemd-shared-261.a.p/varlink-io.systemd.AskPassword.c.o
[475/2723] Compiling C object src/shared/libsystemd-shared-261.a.p/udev-util.c.o
[476/2723] Compiling C object src/shared/libsystemd-shared-261.a.p/varlink-io.systemd.FactoryReset.c.o
[477/2723] Compiling C object src/shared/libsystemd-shared-261.a.p/userdb-dropin.c.o
[478/2723] Compiling C object src/shared/libsystemd-shared-261.a.p/varlink-io.systemd.Job.c.o
[479/2723] Compiling C object src/shared/libsystemd-shared-261.a.p/varlink-io.systemd.Import.c.o
[480/2723] Compiling C object src/shared/libsystemd-shared-261.a.p/varlink-io.systemd.Hostname.c.o
[481/2723] Compiling C object src/shared/libsystemd-shared-261.a.p/unit-file.c.o
[482/2723] Compiling C object src/shared/libsystemd-shared-261.a.p/varlink-io.systemd.Journal.c.o
[483/2723] Compiling C object src/shared/libsystemd-shared-261.a.p/varlink-io.systemd.BootControl.c.o
[484/2723] Compiling C object src/shared/libsystemd-shared-261.a.p/user-record-nss.c.o
[485/2723] Compiling C object src/shared/libsystemd-shared-261.a.p/varlink-io.systemd.Credentials.c.o
[486/2723] Compiling C object src/shared/libsystemd-shared-261.a.p/pkcs11-util.c.o
[487/2723] Compiling C object src/shared/libsystemd-shared-261.a.p/varlink-io.systemd.InstanceMetadata.c.o
[488/2723] Compiling C object src/shared/libsystemd-shared-261.a.p/varlink-io.systemd.JournalAccess.c.o
[489/2723] Compiling C object src/shared/libsystemd-shared-261.a.p/varlink-io.systemd.MachineInstance.c.o
[490/2723] Compiling C object src/shared/libsystemd-shared-261.a.p/varlink-io.systemd.Login.c.o
[491/2723] Compiling C object src/shared/libsystemd-shared-261.a.p/varlink-io.systemd.ManagedOOM.c.o
[492/2723] Compiling C object src/shared/libsystemd-shared-261.a.p/varlink-io.systemd.MachineImage.c.o
[493/2723] Compiling C object src/shared/libsystemd-shared-261.a.p/varlink-io.systemd.Machine.c.o
[494/2723] Compiling C object src/shared/libsystemd-shared-261.a.p/varlink-io.systemd.MuteConsole.c.o
[495/2723] Compiling C object src/shared/libsystemd-shared-261.a.p/varlink-io.systemd.MountFileSystem.c.o
[496/2723] Compiling C object src/shared/libsystemd-shared-261.a.p/varlink-io.systemd.PCRExtend.c.o
[497/2723] Compiling C object src/shared/libsystemd-shared-261.a.p/varlink-io.systemd.Manager.c.o
[498/2723] Compiling C object src/shared/libsystemd-shared-261.a.p/varlink-io.systemd.Metrics.c.o
[499/2723] Compiling C object src/shared/libsystemd-shared-261.a.p/varlink-io.systemd.NamespaceResource.c.o
[500/2723] Compiling C object src/shared/libsystemd-shared-261.a.p/varlink-io.systemd.Udev.c.o
[501/2723] Compiling C object src/shared/libsystemd-shared-261.a.p/varlink-io.systemd.Resolve.Hook.c.o
[502/2723] Compiling C object src/shared/libsystemd-shared-261.a.p/varlink-io.systemd.Resolve.c.o
[503/2723] Compiling C object src/shared/libsystemd-shared-261.a.p/varlink-io.systemd.Network.c.o
[504/2723] Compiling C object src/shared/libsystemd-shared-261.a.p/varlink-io.systemd.Network.Link.c.o
[505/2723] Compiling C object src/shared/libsystemd-shared-261.a.p/seccomp-util.c.o
[506/2723] Compiling C object src/shared/libsystemd-shared-261.a.p/user-record-show.c.o
[507/2723] Compiling C object src/shared/libsystemd-shared-261.a.p/varlink-io.systemd.StorageProvider.c.o
[508/2723] Compiling C object src/shared/libsystemd-shared-261.a.p/varlink-io.systemd.UserDatabase.c.o
[509/2723] Compiling C object src/shared/libsystemd-shared-261.a.p/varlink-io.systemd.Resolve.Monitor.c.o
[510/2723] Compiling C object src/shared/libsystemd-shared-261.a.p/varlink-io.systemd.PCRLock.c.o
[511/2723] Compiling C object src/shared/libsystemd-shared-261.a.p/varlink-io.systemd.Shutdown.c.o
[512/2723] Compiling C object src/shared/libsystemd-shared-261.a.p/varlink-io.systemd.Repart.c.o
[513/2723] Compiling C object src/shared/libsystemd-shared-261.a.p/varlink-io.systemd.oom.Prekill.c.o
[514/2723] Compiling C object src/shared/libsystemd-shared-261.a.p/varlink-io.systemd.VirtualMachineInstance.c.o
[515/2723] Compiling C object src/shared/libsystemd-shared-261.a.p/varlink-io.systemd.Unit.c.o
[516/2723] Compiling C object src/shared/libsystemd-shared-261.a.p/varlink-io.systemd.oom.c.o
[517/2723] Compiling C object src/shared/libsystemd-shared-261.a.p/varlink-io.systemd.service.c.o
[518/2723] Compiling C object src/shared/libsystemd-shared-261.a.p/vlan-util.c.o
[519/2723] Compiling C object src/shared/libsystemd-shared-261.a.p/verb-log-control.c.o
[520/2723] Compiling C object src/shared/libsystemd-shared-261.a.p/varlink-io.systemd.sysext.c.o
[521/2723] Compiling C object src/shared/libsystemd-shared-261.a.p/vsock-util.c.o
[522/2723] Compiling C object src/shared/libsystemd-shared-261.a.p/varlink-serialize.c.o
[523/2723] Compiling C object src/shared/libsystemd-shared-261.a.p/tar-util.c.o
[524/2723] Compiling C object src/shared/libsystemd-shared-261.a.p/verbs.c.o
[525/2723] Compiling C object src/shared/libsystemd-shared-261.a.p/web-util.c.o
[526/2723] Compiling C object src/shared/libsystemd-shared-261.a.p/userdb.c.o
[527/2723] Compiling C object src/shared/libsystemd-shared-261.a.p/volatile-util.c.o
[528/2723] Linking static target src/libsystemd/libsystemd_static.a
[529/2723] Compiling C object src/shared/libsystemd-shared-261.a.p/wall.c.o
[530/2723] Linking static target src/basic/libbasic.a
[531/2723] Linking static target src/libc/libc-wrapper.a
[532/2723] Compiling C object src/core/libsystemd-core-261.a.p/meson-generated_.._load-fragment-gperf-nulstr.c.o
[533/2723] Compiling C object src/shared/libsystemd-shared-261.a.p/xml.c.o
[534/2723] Compiling C object src/shared/libsystemd-shared-261.a.p/watchdog.c.o
[535/2723] Compiling C object src/shared/libsystemd-shared-261.a.p/nss-util.c.o
[536/2723] Compiling C object src/shared/libsystemd-shared-261.a.p/utmp-wtmp.c.o
[537/2723] Compiling C object src/shared/libsystemd-shared-261.a.p/wifi-util.c.o
[538/2723] Compiling C object src/core/libsystemd-core-261.a.p/bpf-restrict-fs.c.o
In file included from ../src/core/bpf-restrict-fs.c:10:
In file included from ../src/core/manager.h:9:
In file included from ../src/core/execute.h:14:
../src/core/namespace.h:260:75: warning: '__const__' attribute only applies to functions [-Wignored-attributes]
  260 | char* bpf_delegate_to_string(uint64_t u, const char * (*parser)(uint64_t) _const_);
      |                                                                           ^
../src/basic/../fundamental/macro.h:80:32: note: expanded from macro '_const_'
   80 | #define _const_ __attribute__((__const__))
      |                                ^
1 warning generated.
[539/2723] Compiling C object src/core/libsystemd-core-261.a.p/bpf-devices.c.o
[540/2723] Compiling C object src/core/libsystemd-core-261.a.p/bpf-foreign.c.o
In file included from ../src/core/bpf-foreign.c:15:
In file included from ../src/core/unit.h:8:
In file included from ../src/core/execute.h:14:
../src/core/namespace.h:260:75: warning: '__const__' attribute only applies to functions [-Wignored-attributes]
  260 | char* bpf_delegate_to_string(uint64_t u, const char * (*parser)(uint64_t) _const_);
      |                                                                           ^
../src/basic/../fundamental/macro.h:80:32: note: expanded from macro '_const_'
   80 | #define _const_ __attribute__((__const__))
      |                                ^
1 warning generated.
[541/2723] Compiling C object src/core/libsystemd-core-261.a.p/bpf-restrict-ifaces.c.o
In file included from ../src/core/bpf-restrict-ifaces.c:12:
In file included from ../src/core/unit.h:8:
In file included from ../src/core/execute.h:14:
../src/core/namespace.h:260:75: warning: '__const__' attribute only applies to functions [-Wignored-attributes]
  260 | char* bpf_delegate_to_string(uint64_t u, const char * (*parser)(uint64_t) _const_);
      |                                                                           ^
../src/basic/../fundamental/macro.h:80:32: note: expanded from macro '_const_'
   80 | #define _const_ __attribute__((__const__))
      |                                ^
1 warning generated.
[542/2723] Compiling C object src/core/libsystemd-core-261.a.p/bpf-socket-bind.c.o
In file included from ../src/core/bpf-socket-bind.c:8:
In file included from ../src/core/unit.h:8:
In file included from ../src/core/execute.h:14:
../src/core/namespace.h:260:75: warning: '__const__' attribute only applies to functions [-Wignored-attributes]
  260 | char* bpf_delegate_to_string(uint64_t u, const char * (*parser)(uint64_t) _const_);
      |                                                                           ^
../src/basic/../fundamental/macro.h:80:32: note: expanded from macro '_const_'
   80 | #define _const_ __attribute__((__const__))
      |                                ^
1 warning generated.
[543/2723] Compiling C object src/core/libsystemd-core-261.a.p/bpf-bind-iface.c.o
In file included from ../src/core/bpf-bind-iface.c:11:
In file included from ../src/core/unit.h:8:
In file included from ../src/core/execute.h:14:
../src/core/namespace.h:260:75: warning: '__const__' attribute only applies to functions [-Wignored-attributes]
  260 | char* bpf_delegate_to_string(uint64_t u, const char * (*parser)(uint64_t) _const_);
      |                                                                           ^
../src/basic/../fundamental/macro.h:80:32: note: expanded from macro '_const_'
   80 | #define _const_ __attribute__((__const__))
      |                                ^
1 warning generated.
[544/2723] Compiling C object src/core/libsystemd-core-261.a.p/bpf-restrict-fsaccess.c.o
In file included from ../src/core/bpf-restrict-fsaccess.c:13:
In file included from ../src/core/manager.h:9:
In file included from ../src/core/execute.h:14:
../src/core/namespace.h:260:75: warning: '__const__' attribute only applies to functions [-Wignored-attributes]
  260 | char* bpf_delegate_to_string(uint64_t u, const char * (*parser)(uint64_t) _const_);
      |                                                                           ^
../src/basic/../fundamental/macro.h:80:32: note: expanded from macro '_const_'
   80 | #define _const_ __attribute__((__const__))
      |                                ^
1 warning generated.
[545/2723] Compiling C object src/shared/libsystemd-shared-261.a.p/vconsole-util.c.o
[546/2723] Compiling C object src/shared/libsystemd-shared-261.a.p/vpick.c.o
[547/2723] Compiling C object src/shared/libsystemd-shared-261.a.p/user-record.c.o
[548/2723] Compiling C object src/core/libsystemd-core-261.a.p/dbus-device.c.o
In file included from ../src/core/dbus-device.c:4:
In file included from ../src/core/device.h:5:
In file included from ../src/core/unit.h:8:
In file included from ../src/core/execute.h:14:
../src/core/namespace.h:260:75: warning: '__const__' attribute only applies to functions [-Wignored-attributes]
  260 | char* bpf_delegate_to_string(uint64_t u, const char * (*parser)(uint64_t) _const_);
      |                                                                           ^
../src/basic/../fundamental/macro.h:80:32: note: expanded from macro '_const_'
   80 | #define _const_ __attribute__((__const__))
      |                                ^
1 warning generated.
[549/2723] Compiling C object src/core/libsystemd-core-261.a.p/dbus-automount.c.o
In file included from ../src/core/dbus-automount.c:3:
In file included from ../src/core/automount.h:5:
In file included from ../src/core/unit.h:8:
In file included from ../src/core/execute.h:14:
../src/core/namespace.h:260:75: warning: '__const__' attribute only applies to functions [-Wignored-attributes]
  260 | char* bpf_delegate_to_string(uint64_t u, const char * (*parser)(uint64_t) _const_);
      |                                                                           ^
../src/basic/../fundamental/macro.h:80:32: note: expanded from macro '_const_'
   80 | #define _const_ __attribute__((__const__))
      |                                ^
1 warning generated.
[550/2723] Compiling C object src/shared/libsystemd-shared-261.a.p/tests.c.o
[551/2723] Compiling C object src/core/libsystemd-core-261.a.p/dbus-target.c.o
[552/2723] Compiling C object src/core/libsystemd-core-261.a.p/dbus-kill.c.o
In file included from ../src/core/dbus-kill.c:5:
In file included from ../src/core/dbus-util.h:8:
In file included from ../src/core/unit.h:8:
In file included from ../src/core/execute.h:14:
../src/core/namespace.h:260:75: warning: '__const__' attribute only applies to functions [-Wignored-attributes]
  260 | char* bpf_delegate_to_string(uint64_t u, const char * (*parser)(uint64_t) _const_);
      |                                                                           ^
../src/basic/../fundamental/macro.h:80:32: note: expanded from macro '_const_'
   80 | #define _const_ __attribute__((__const__))
      |                                ^
1 warning generated.
[553/2723] Compiling C object src/core/libsystemd-core-261.a.p/dbus-mount.c.o
In file included from ../src/core/dbus-mount.c:8:
In file included from ../src/core/dbus-util.h:8:
In file included from ../src/core/unit.h:8:
In file included from ../src/core/execute.h:14:
../src/core/namespace.h:260:75: warning: '__const__' attribute only applies to functions [-Wignored-attributes]
  260 | char* bpf_delegate_to_string(uint64_t u, const char * (*parser)(uint64_t) _const_);
      |                                                                           ^
../src/basic/../fundamental/macro.h:80:32: note: expanded from macro '_const_'
   80 | #define _const_ __attribute__((__const__))
      |                                ^
1 warning generated.
[554/2723] Compiling C object src/core/libsystemd-core-261.a.p/dbus-path.c.o
In file included from ../src/core/dbus-path.c:6:
In file included from ../src/core/dbus-util.h:8:
In file included from ../src/core/unit.h:8:
In file included from ../src/core/execute.h:14:
../src/core/namespace.h:260:75: warning: '__const__' attribute only applies to functions [-Wignored-attributes]
  260 | char* bpf_delegate_to_string(uint64_t u, const char * (*parser)(uint64_t) _const_);
      |                                                                           ^
../src/basic/../fundamental/macro.h:80:32: note: expanded from macro '_const_'
   80 | #define _const_ __attribute__((__const__))
      |                                ^
1 warning generated.
[555/2723] Compiling C object src/core/libsystemd-core-261.a.p/dbus-swap.c.o
In file included from ../src/core/dbus-swap.c:10:
In file included from ../src/core/swap.h:10:
In file included from ../src/core/execute.h:14:
../src/core/namespace.h:260:75: warning: '__const__' attribute only applies to functions [-Wignored-attributes]
  260 | char* bpf_delegate_to_string(uint64_t u, const char * (*parser)(uint64_t) _const_);
      |                                                                           ^
../src/basic/../fundamental/macro.h:80:32: note: expanded from macro '_const_'
   80 | #define _const_ __attribute__((__const__))
      |                                ^
1 warning generated.
[556/2723] Compiling C object src/core/libsystemd-core-261.a.p/dbus-job.c.o
In file included from ../src/core/dbus-job.c:12:
In file included from ../src/core/dbus-util.h:8:
In file included from ../src/core/unit.h:8:
In file included from ../src/core/execute.h:14:
../src/core/namespace.h:260:75: warning: '__const__' attribute only applies to functions [-Wignored-attributes]
  260 | char* bpf_delegate_to_string(uint64_t u, const char * (*parser)(uint64_t) _const_);
      |                                                                           ^
../src/basic/../fundamental/macro.h:80:32: note: expanded from macro '_const_'
   80 | #define _const_ __attribute__((__const__))
      |                                ^
1 warning generated.
[557/2723] Compiling C object src/core/libsystemd-core-261.a.p/bpf-firewall.c.o
In file included from ../src/core/bpf-firewall.c:18:
In file included from ../src/core/manager.h:9:
In file included from ../src/core/execute.h:14:
../src/core/namespace.h:260:75: warning: '__const__' attribute only applies to functions [-Wignored-attributes]
  260 | char* bpf_delegate_to_string(uint64_t u, const char * (*parser)(uint64_t) _const_);
      |                                                                           ^
../src/basic/../fundamental/macro.h:80:32: note: expanded from macro '_const_'
   80 | #define _const_ __attribute__((__const__))
      |                                ^
1 warning generated.
[558/2723] Compiling C object src/core/libsystemd-core-261.a.p/dbus-slice.c.o
In file included from ../src/core/dbus-slice.c:6:
In file included from ../src/core/dbus-util.h:8:
In file included from ../src/core/unit.h:8:
In file included from ../src/core/execute.h:14:
../src/core/namespace.h:260:75: warning: '__const__' attribute only applies to functions [-Wignored-attributes]
  260 | char* bpf_delegate_to_string(uint64_t u, const char * (*parser)(uint64_t) _const_);
      |                                                                           ^
../src/basic/../fundamental/macro.h:80:32: note: expanded from macro '_const_'
   80 | #define _const_ __attribute__((__const__))
      |                                ^
1 warning generated.
[559/2723] Compiling C object src/core/libsystemd-core-261.a.p/dbus-scope.c.o
In file included from ../src/core/dbus-scope.c:11:
In file included from ../src/core/dbus-util.h:8:
In file included from ../src/core/unit.h:8:
In file included from ../src/core/execute.h:14:
../src/core/namespace.h:260:75: warning: '__const__' attribute only applies to functions [-Wignored-attributes]
  260 | char* bpf_delegate_to_string(uint64_t u, const char * (*parser)(uint64_t) _const_);
      |                                                                           ^
../src/basic/../fundamental/macro.h:80:32: note: expanded from macro '_const_'
   80 | #define _const_ __attribute__((__const__))
      |                                ^
1 warning generated.
[560/2723] Compiling C object src/core/libsystemd-core-261.a.p/meson-generated_.._load-fragment-gperf.c.o
In file included from src/core/load-fragment-gperf.gperf:7:
In file included from ../src/core/all-units.h:4:
In file included from ../src/core/automount.h:5:
In file included from ../src/core/unit.h:8:
In file included from ../src/core/execute.h:14:
../src/core/namespace.h:260:75: warning: '__const__' attribute only applies to functions [-Wignored-attributes]
  260 | char* bpf_delegate_to_string(uint64_t u, const char * (*parser)(uint64_t) _const_);
      |                                                                           ^
../src/basic/../fundamental/macro.h:80:32: note: expanded from macro '_const_'
   80 | #define _const_ __attribute__((__const__))
      |                                ^
In file included from src/core/load-fragment-gperf.gperf:8:
../src/shared/condition.h:87:63: warning: '__const__' attribute only applies to functions [-Wignored-attributes]
   87 | typedef const char* (*condition_to_string_t)(ConditionType t) _const_;
      |                                                               ^
../src/basic/../fundamental/macro.h:80:32: note: expanded from macro '_const_'
   80 | #define _const_ __attribute__((__const__))
      |                                ^
2 warnings generated.
[561/2723] Compiling C object src/core/libsystemd-core-261.a.p/dbus-service.c.o
In file included from ../src/core/dbus-service.c:17:
In file included from ../src/core/dbus-util.h:8:
In file included from ../src/core/unit.h:8:
In file included from ../src/core/execute.h:14:
../src/core/namespace.h:260:75: warning: '__const__' attribute only applies to functions [-Wignored-attributes]
  260 | char* bpf_delegate_to_string(uint64_t u, const char * (*parser)(uint64_t) _const_);
      |                                                                           ^
../src/basic/../fundamental/macro.h:80:32: note: expanded from macro '_const_'
   80 | #define _const_ __attribute__((__const__))
      |                                ^
1 warning generated.
[562/2723] Compiling C object src/core/libsystemd-core-261.a.p/automount.c.o
In file included from ../src/core/automount.c:12:
In file included from ../src/core/automount.h:5:
In file included from ../src/core/unit.h:8:
In file included from ../src/core/execute.h:14:
../src/core/namespace.h:260:75: warning: '__const__' attribute only applies to functions [-Wignored-attributes]
  260 | char* bpf_delegate_to_string(uint64_t u, const char * (*parser)(uint64_t) _const_);
      |                                                                           ^
../src/basic/../fundamental/macro.h:80:32: note: expanded from macro '_const_'
   80 | #define _const_ __attribute__((__const__))
      |                                ^
1 warning generated.
[563/2723] Compiling C object src/core/libsystemd-core-261.a.p/emergency-action.c.o
In file included from ../src/core/emergency-action.c:7:
In file included from ../src/core/manager.h:9:
In file included from ../src/core/execute.h:14:
../src/core/namespace.h:260:75: warning: '__const__' attribute only applies to functions [-Wignored-attributes]
  260 | char* bpf_delegate_to_string(uint64_t u, const char * (*parser)(uint64_t) _const_);
      |                                                                           ^
../src/basic/../fundamental/macro.h:80:32: note: expanded from macro '_const_'
   80 | #define _const_ __attribute__((__const__))
      |                                ^
1 warning generated.
[564/2723] Compiling C object src/core/libsystemd-core-261.a.p/generator-setup.c.o
[565/2723] Compiling C object src/core/libsystemd-core-261.a.p/dbus-util.c.o
In file included from ../src/core/dbus-util.c:4:
In file included from ../src/core/dbus-util.h:8:
In file included from ../src/core/unit.h:8:
In file included from ../src/core/execute.h:14:
../src/core/namespace.h:260:75: warning: '__const__' attribute only applies to functions [-Wignored-attributes]
  260 | char* bpf_delegate_to_string(uint64_t u, const char * (*parser)(uint64_t) _const_);
      |                                                                           ^
../src/basic/../fundamental/macro.h:80:32: note: expanded from macro '_const_'
   80 | #define _const_ __attribute__((__const__))
      |                                ^
1 warning generated.
[566/2723] Compiling C object src/core/libsystemd-core-261.a.p/dbus-socket.c.o
In file included from ../src/core/dbus-socket.c:9:
In file included from ../src/core/dbus-util.h:8:
In file included from ../src/core/unit.h:8:
In file included from ../src/core/execute.h:14:
../src/core/namespace.h:260:75: warning: '__const__' attribute only applies to functions [-Wignored-attributes]
  260 | char* bpf_delegate_to_string(uint64_t u, const char * (*parser)(uint64_t) _const_);
      |                                                                           ^
../src/basic/../fundamental/macro.h:80:32: note: expanded from macro '_const_'
   80 | #define _const_ __attribute__((__const__))
      |                                ^
1 warning generated.
[567/2723] Compiling C object src/core/libsystemd-core-261.a.p/dbus-cgroup.c.o
In file included from ../src/core/dbus-cgroup.c:14:
In file included from ../src/core/manager.h:9:
In file included from ../src/core/execute.h:14:
../src/core/namespace.h:260:75: warning: '__const__' attribute only applies to functions [-Wignored-attributes]
  260 | char* bpf_delegate_to_string(uint64_t u, const char * (*parser)(uint64_t) _const_);
      |                                                                           ^
../src/basic/../fundamental/macro.h:80:32: note: expanded from macro '_const_'
   80 | #define _const_ __attribute__((__const__))
      |                                ^
1 warning generated.
[568/2723] Compiling C object src/core/libsystemd-core-261.a.p/dynamic-user.c.o
In file included from ../src/core/dynamic-user.c:19:
In file included from ../src/core/manager.h:9:
In file included from ../src/core/execute.h:14:
../src/core/namespace.h:260:75: warning: '__const__' attribute only applies to functions [-Wignored-attributes]
  260 | char* bpf_delegate_to_string(uint64_t u, const char * (*parser)(uint64_t) _const_);
      |                                                                           ^
../src/basic/../fundamental/macro.h:80:32: note: expanded from macro '_const_'
   80 | #define _const_ __attribute__((__const__))
      |                                ^
1 warning generated.
[569/2723] Compiling C object src/core/libsystemd-core-261.a.p/dbus-timer.c.o
In file included from ../src/core/dbus-timer.c:7:
In file included from ../src/core/dbus-util.h:8:
In file included from ../src/core/unit.h:8:
In file included from ../src/core/execute.h:14:
../src/core/namespace.h:260:75: warning: '__const__' attribute only applies to functions [-Wignored-attributes]
  260 | char* bpf_delegate_to_string(uint64_t u, const char * (*parser)(uint64_t) _const_);
      |                                                                           ^
../src/basic/../fundamental/macro.h:80:32: note: expanded from macro '_const_'
   80 | #define _const_ __attribute__((__const__))
      |                                ^
1 warning generated.
[570/2723] Compiling C object src/core/libsystemd-core-261.a.p/kill.c.o
[571/2723] Compiling C object src/core/libsystemd-core-261.a.p/device.c.o
In file included from ../src/core/device.c:9:
In file included from ../src/core/device.h:5:
In file included from ../src/core/unit.h:8:
In file included from ../src/core/execute.h:14:
../src/core/namespace.h:260:75: warning: '__const__' attribute only applies to functions [-Wignored-attributes]
  260 | char* bpf_delegate_to_string(uint64_t u, const char * (*parser)(uint64_t) _const_);
      |                                                                           ^
../src/basic/../fundamental/macro.h:80:32: note: expanded from macro '_const_'
   80 | #define _const_ __attribute__((__const__))
      |                                ^
1 warning generated.
[572/2723] Compiling C object src/core/libsystemd-core-261.a.p/dbus.c.o
In file included from ../src/core/dbus.c:38:
In file included from ../src/core/manager.h:9:
In file included from ../src/core/execute.h:14:
../src/core/namespace.h:260:75: warning: '__const__' attribute only applies to functions [-Wignored-attributes]
  260 | char* bpf_delegate_to_string(uint64_t u, const char * (*parser)(uint64_t) _const_);
      |                                                                           ^
../src/basic/../fundamental/macro.h:80:32: note: expanded from macro '_const_'
   80 | #define _const_ __attribute__((__const__))
      |                                ^
1 warning generated.
[573/2723] Compiling C object src/core/libsystemd-core-261.a.p/load-dropin.c.o
In file included from ../src/core/load-dropin.c:9:
In file included from ../src/core/manager.h:9:
In file included from ../src/core/execute.h:14:
../src/core/namespace.h:260:75: warning: '__const__' attribute only applies to functions [-Wignored-attributes]
  260 | char* bpf_delegate_to_string(uint64_t u, const char * (*parser)(uint64_t) _const_);
      |                                                                           ^
../src/basic/../fundamental/macro.h:80:32: note: expanded from macro '_const_'
   80 | #define _const_ __attribute__((__const__))
      |                                ^
1 warning generated.
[574/2723] Compiling C object src/core/libsystemd-core-261.a.p/dbus-unit.c.o
In file included from ../src/core/dbus-unit.c:13:
../src/shared/condition.h:87:63: warning: '__const__' attribute only applies to functions [-Wignored-attributes]
   87 | typedef const char* (*condition_to_string_t)(ConditionType t) _const_;
      |                                                               ^
../src/basic/../fundamental/macro.h:80:32: note: expanded from macro '_const_'
   80 | #define _const_ __attribute__((__const__))
      |                                ^
In file included from ../src/core/dbus-unit.c:18:
In file included from ../src/core/dbus-util.h:8:
In file included from ../src/core/unit.h:8:
In file included from ../src/core/execute.h:14:
../src/core/namespace.h:260:75: warning: '__const__' attribute only applies to functions [-Wignored-attributes]
  260 | char* bpf_delegate_to_string(uint64_t u, const char * (*parser)(uint64_t) _const_);
      |                                                                           ^
../src/basic/../fundamental/macro.h:80:32: note: expanded from macro '_const_'
   80 | #define _const_ __attribute__((__const__))
      |                                ^
2 warnings generated.
[575/2723] Compiling C object src/core/libsystemd-core-261.a.p/manager-dump.c.o
In file included from ../src/core/manager-dump.c:10:
In file included from ../src/core/manager.h:9:
In file included from ../src/core/execute.h:14:
../src/core/namespace.h:260:75: warning: '__const__' attribute only applies to functions [-Wignored-attributes]
  260 | char* bpf_delegate_to_string(uint64_t u, const char * (*parser)(uint64_t) _const_);
      |                                                                           ^
../src/basic/../fundamental/macro.h:80:32: note: expanded from macro '_const_'
   80 | #define _const_ __attribute__((__const__))
      |                                ^
1 warning generated.
[576/2723] Compiling C object src/core/libsystemd-core-261.a.p/selinux-access.c.o
[577/2723] Compiling C object src/core/libsystemd-core-261.a.p/luo.c.o
In file included from ../src/core/luo.c:12:
In file included from ../src/core/manager.h:9:
In file included from ../src/core/execute.h:14:
../src/core/namespace.h:260:75: warning: '__const__' attribute only applies to functions [-Wignored-attributes]
  260 | char* bpf_delegate_to_string(uint64_t u, const char * (*parser)(uint64_t) _const_);
      |                                                                           ^
../src/basic/../fundamental/macro.h:80:32: note: expanded from macro '_const_'
   80 | #define _const_ __attribute__((__const__))
      |                                ^
1 warning generated.
[578/2723] Compiling C object src/core/libsystemd-core-261.a.p/manager-serialize.c.o
In file included from ../src/core/manager-serialize.c:17:
In file included from ../src/core/manager.h:9:
In file included from ../src/core/execute.h:14:
../src/core/namespace.h:260:75: warning: '__const__' attribute only applies to functions [-Wignored-attributes]
  260 | char* bpf_delegate_to_string(uint64_t u, const char * (*parser)(uint64_t) _const_);
      |                                                                           ^
../src/basic/../fundamental/macro.h:80:32: note: expanded from macro '_const_'
   80 | #define _const_ __attribute__((__const__))
      |                                ^
1 warning generated.
[579/2723] Compiling C object src/core/libsystemd-core-261.a.p/dbus-execute.c.o
In file included from ../src/core/dbus-execute.c:16:
In file included from ../src/core/dbus-util.h:8:
In file included from ../src/core/unit.h:8:
In file included from ../src/core/execute.h:14:
../src/core/namespace.h:260:75: warning: '__const__' attribute only applies to functions [-Wignored-attributes]
  260 | char* bpf_delegate_to_string(uint64_t u, const char * (*parser)(uint64_t) _const_);
      |                                                                           ^
../src/basic/../fundamental/macro.h:80:32: note: expanded from macro '_const_'
   80 | #define _const_ __attribute__((__const__))
      |                                ^
1 warning generated.
[580/2723] Compiling C object src/core/libsystemd-core-261.a.p/show-status.c.o
[581/2723] Compiling C object src/core/libsystemd-core-261.a.p/exec-credential.c.o
In file included from ../src/core/exec-credential.c:11:
In file included from ../src/core/execute.h:14:
../src/core/namespace.h:260:75: warning: '__const__' attribute only applies to functions [-Wignored-attributes]
  260 | char* bpf_delegate_to_string(uint64_t u, const char * (*parser)(uint64_t) _const_);
      |                                                                           ^
../src/basic/../fundamental/macro.h:80:32: note: expanded from macro '_const_'
   80 | #define _const_ __attribute__((__const__))
      |                                ^
1 warning generated.
[582/2723] Compiling C object src/core/libsystemd-core-261.a.p/path.c.o
In file included from ../src/core/path.c:17:
In file included from ../src/core/manager.h:9:
In file included from ../src/core/execute.h:14:
../src/core/namespace.h:260:75: warning: '__const__' attribute only applies to functions [-Wignored-attributes]
  260 | char* bpf_delegate_to_string(uint64_t u, const char * (*parser)(uint64_t) _const_);
      |                                                                           ^
../src/basic/../fundamental/macro.h:80:32: note: expanded from macro '_const_'
   80 | #define _const_ __attribute__((__const__))
      |                                ^
1 warning generated.
[583/2723] Compiling C object src/core/libsystemd-core-261.a.p/dbus-manager.c.o
In file included from ../src/core/dbus-manager.c:26:
In file included from ../src/core/dbus-util.h:8:
In file included from ../src/core/unit.h:8:
In file included from ../src/core/execute.h:14:
../src/core/namespace.h:260:75: warning: '__const__' attribute only applies to functions [-Wignored-attributes]
  260 | char* bpf_delegate_to_string(uint64_t u, const char * (*parser)(uint64_t) _const_);
      |                                                                           ^
../src/basic/../fundamental/macro.h:80:32: note: expanded from macro '_const_'
   80 | #define _const_ __attribute__((__const__))
      |                                ^
1 warning generated.
[584/2723] Compiling C object src/core/libsystemd-core-261.a.p/job.c.o
In file included from ../src/core/job.c:11:
../src/shared/condition.h:87:63: warning: '__const__' attribute only applies to functions [-Wignored-attributes]
   87 | typedef const char* (*condition_to_string_t)(ConditionType t) _const_;
      |                                                               ^
../src/basic/../fundamental/macro.h:80:32: note: expanded from macro '_const_'
   80 | #define _const_ __attribute__((__const__))
      |                                ^
In file included from ../src/core/job.c:17:
In file included from ../src/core/manager.h:9:
In file included from ../src/core/execute.h:14:
../src/core/namespace.h:260:75: warning: '__const__' attribute only applies to functions [-Wignored-attributes]
  260 | char* bpf_delegate_to_string(uint64_t u, const char * (*parser)(uint64_t) _const_);
      |                                                                           ^
../src/basic/../fundamental/macro.h:80:32: note: expanded from macro '_const_'
   80 | #define _const_ __attribute__((__const__))
      |                                ^
2 warnings generated.
[585/2723] Compiling C object src/core/libsystemd-core-261.a.p/target.c.o
In file included from ../src/core/target.c:9:
In file included from ../src/core/target.h:5:
In file included from ../src/core/unit.h:8:
In file included from ../src/core/execute.h:14:
../src/core/namespace.h:260:75: warning: '__const__' attribute only applies to functions [-Wignored-attributes]
  260 | char* bpf_delegate_to_string(uint64_t u, const char * (*parser)(uint64_t) _const_);
      |                                                                           ^
../src/basic/../fundamental/macro.h:80:32: note: expanded from macro '_const_'
   80 | #define _const_ __attribute__((__const__))
      |                                ^
1 warning generated.
[586/2723] Compiling C object src/core/libsystemd-core-261.a.p/mount.c.o
In file included from ../src/core/mount.c:14:
In file included from ../src/core/device.h:5:
In file included from ../src/core/unit.h:8:
In file included from ../src/core/execute.h:14:
../src/core/namespace.h:260:75: warning: '__const__' attribute only applies to functions [-Wignored-attributes]
  260 | char* bpf_delegate_to_string(uint64_t u, const char * (*parser)(uint64_t) _const_);
      |                                                                           ^
../src/basic/../fundamental/macro.h:80:32: note: expanded from macro '_const_'
   80 | #define _const_ __attribute__((__const__))
      |                                ^
1 warning generated.
[587/2723] Compiling C object src/core/libsystemd-core-261.a.p/taint.c.o
[588/2723] Compiling C object src/core/libsystemd-core-261.a.p/unit-dependency-atom.c.o
[589/2723] Compiling C object src/core/libsystemd-core-261.a.p/scope.c.o
In file included from ../src/core/scope.c:12:
In file included from ../src/core/manager.h:9:
In file included from ../src/core/execute.h:14:
../src/core/namespace.h:260:75: warning: '__const__' attribute only applies to functions [-Wignored-attributes]
  260 | char* bpf_delegate_to_string(uint64_t u, const char * (*parser)(uint64_t) _const_);
      |                                                                           ^
../src/basic/../fundamental/macro.h:80:32: note: expanded from macro '_const_'
   80 | #define _const_ __attribute__((__const__))
      |                                ^
1 warning generated.
[590/2723] Compiling C object src/core/libsystemd-core-261.a.p/execute.c.o
In file included from ../src/core/execute.c:28:
In file included from ../src/core/execute.h:14:
../src/core/namespace.h:260:75: warning: '__const__' attribute only applies to functions [-Wignored-attributes]
  260 | char* bpf_delegate_to_string(uint64_t u, const char * (*parser)(uint64_t) _const_);
      |                                                                           ^
../src/basic/../fundamental/macro.h:80:32: note: expanded from macro '_const_'
   80 | #define _const_ __attribute__((__const__))
      |                                ^
1 warning generated.
[591/2723] Compiling C object src/core/libsystemd-core-261.a.p/unit-printf.c.o
In file included from ../src/core/unit-printf.c:10:
In file included from ../src/core/manager.h:9:
In file included from ../src/core/execute.h:14:
../src/core/namespace.h:260:75: warning: '__const__' attribute only applies to functions [-Wignored-attributes]
  260 | char* bpf_delegate_to_string(uint64_t u, const char * (*parser)(uint64_t) _const_);
      |                                                                           ^
../src/basic/../fundamental/macro.h:80:32: note: expanded from macro '_const_'
   80 | #define _const_ __attribute__((__const__))
      |                                ^
1 warning generated.
[592/2723] Compiling C object src/core/libsystemd-core-261.a.p/varlink.c.o
In file included from ../src/core/varlink.c:9:
In file included from ../src/core/manager.h:9:
In file included from ../src/core/execute.h:14:
../src/core/namespace.h:260:75: warning: '__const__' attribute only applies to functions [-Wignored-attributes]
  260 | char* bpf_delegate_to_string(uint64_t u, const char * (*parser)(uint64_t) _const_);
      |                                                                           ^
../src/basic/../fundamental/macro.h:80:32: note: expanded from macro '_const_'
   80 | #define _const_ __attribute__((__const__))
      |                                ^
1 warning generated.
[593/2723] Compiling C object src/core/libsystemd-core-261.a.p/slice.c.o
In file included from ../src/core/slice.c:9:
In file included from ../src/core/manager.h:9:
In file included from ../src/core/execute.h:14:
../src/core/namespace.h:260:75: warning: '__const__' attribute only applies to functions [-Wignored-attributes]
  260 | char* bpf_delegate_to_string(uint64_t u, const char * (*parser)(uint64_t) _const_);
      |                                                                           ^
../src/basic/../fundamental/macro.h:80:32: note: expanded from macro '_const_'
   80 | #define _const_ __attribute__((__const__))
      |                                ^
1 warning generated.
[594/2723] Compiling C object src/core/libsystemd-core-261.a.p/varlink-automount.c.o
In file included from ../src/core/varlink-automount.c:5:
In file included from ../src/core/automount.h:5:
In file included from ../src/core/unit.h:8:
In file included from ../src/core/execute.h:14:
../src/core/namespace.h:260:75: warning: '__const__' attribute only applies to functions [-Wignored-attributes]
  260 | char* bpf_delegate_to_string(uint64_t u, const char * (*parser)(uint64_t) _const_);
      |                                                                           ^
../src/basic/../fundamental/macro.h:80:32: note: expanded from macro '_const_'
   80 | #define _const_ __attribute__((__const__))
      |                                ^
1 warning generated.
[595/2723] Compiling C object src/core/libsystemd-core-261.a.p/swap.c.o
In file included from ../src/core/swap.c:12:
In file included from ../src/core/device.h:5:
In file included from ../src/core/unit.h:8:
In file included from ../src/core/execute.h:14:
../src/core/namespace.h:260:75: warning: '__const__' attribute only applies to functions [-Wignored-attributes]
  260 | char* bpf_delegate_to_string(uint64_t u, const char * (*parser)(uint64_t) _const_);
      |                                                                           ^
../src/basic/../fundamental/macro.h:80:32: note: expanded from macro '_const_'
   80 | #define _const_ __attribute__((__const__))
      |                                ^
1 warning generated.
[596/2723] Compiling C object src/core/libsystemd-core-261.a.p/varlink-dynamic-user.c.o
In file included from ../src/core/varlink-dynamic-user.c:8:
In file included from ../src/core/manager.h:9:
In file included from ../src/core/execute.h:14:
../src/core/namespace.h:260:75: warning: '__const__' attribute only applies to functions [-Wignored-attributes]
  260 | char* bpf_delegate_to_string(uint64_t u, const char * (*parser)(uint64_t) _const_);
      |                                                                           ^
../src/basic/../fundamental/macro.h:80:32: note: expanded from macro '_const_'
   80 | #define _const_ __attribute__((__const__))
      |                                ^
1 warning generated.
[597/2723] Compiling C object src/core/libsystemd-core-261.a.p/unit-serialize.c.o
In file included from ../src/core/unit-serialize.c:8:
../src/shared/condition.h:87:63: warning: '__const__' attribute only applies to functions [-Wignored-attributes]
   87 | typedef const char* (*condition_to_string_t)(ConditionType t) _const_;
      |                                                               ^
../src/basic/../fundamental/macro.h:80:32: note: expanded from macro '_const_'
   80 | #define _const_ __attribute__((__const__))
      |                                ^
In file included from ../src/core/unit-serialize.c:19:
In file included from ../src/core/unit.h:8:
In file included from ../src/core/execute.h:14:
../src/core/namespace.h:260:75: warning: '__const__' attribute only applies to functions [-Wignored-attributes]
  260 | char* bpf_delegate_to_string(uint64_t u, const char * (*parser)(uint64_t) _const_);
      |                                                                           ^
../src/basic/../fundamental/macro.h:80:32: note: expanded from macro '_const_'
   80 | #define _const_ __attribute__((__const__))
      |                                ^
2 warnings generated.
[598/2723] Compiling C object src/core/libsystemd-core-261.a.p/varlink-common.c.o
In file included from ../src/core/varlink-common.c:8:
In file included from ../src/core/execute.h:14:
../src/core/namespace.h:260:75: warning: '__const__' attribute only applies to functions [-Wignored-attributes]
  260 | char* bpf_delegate_to_string(uint64_t u, const char * (*parser)(uint64_t) _const_);
      |                                                                           ^
../src/basic/../fundamental/macro.h:80:32: note: expanded from macro '_const_'
   80 | #define _const_ __attribute__((__const__))
      |                                ^
1 warning generated.
[599/2723] Compiling C object src/core/libsystemd-core-261.a.p/varlink-cgroup.c.o
In file included from ../src/core/varlink-cgroup.c:12:
In file included from ../src/core/unit.h:8:
In file included from ../src/core/execute.h:14:
../src/core/namespace.h:260:75: warning: '__const__' attribute only applies to functions [-Wignored-attributes]
  260 | char* bpf_delegate_to_string(uint64_t u, const char * (*parser)(uint64_t) _const_);
      |                                                                           ^
../src/basic/../fundamental/macro.h:80:32: note: expanded from macro '_const_'
   80 | #define _const_ __attribute__((__const__))
      |                                ^
1 warning generated.
[600/2723] Compiling C object src/core/libsystemd-core-261.a.p/varlink-job.c.o
In file included from ../src/core/varlink-job.c:9:
In file included from ../src/core/manager.h:9:
In file included from ../src/core/execute.h:14:
../src/core/namespace.h:260:75: warning: '__const__' attribute only applies to functions [-Wignored-attributes]
  260 | char* bpf_delegate_to_string(uint64_t u, const char * (*parser)(uint64_t) _const_);
      |                                                                           ^
../src/basic/../fundamental/macro.h:80:32: note: expanded from macro '_const_'
   80 | #define _const_ __attribute__((__const__))
      |                                ^
1 warning generated.
[601/2723] Compiling C object src/core/libsystemd-core-261.a.p/varlink-kill.c.o
[602/2723] Compiling C object src/core/libsystemd-core-261.a.p/execute-serialize.c.o
In file included from ../src/core/execute-serialize.c:12:
In file included from ../src/core/execute.h:14:
../src/core/namespace.h:260:75: warning: '__const__' attribute only applies to functions [-Wignored-attributes]
  260 | char* bpf_delegate_to_string(uint64_t u, const char * (*parser)(uint64_t) _const_);
      |                                                                           ^
../src/basic/../fundamental/macro.h:80:32: note: expanded from macro '_const_'
   80 | #define _const_ __attribute__((__const__))
      |                                ^
1 warning generated.
[603/2723] Compiling C object src/core/libsystemd-core-261.a.p/cgroup.c.o
In file included from ../src/core/cgroup.c:36:
In file included from ../src/core/manager.h:9:
In file included from ../src/core/execute.h:14:
../src/core/namespace.h:260:75: warning: '__const__' attribute only applies to functions [-Wignored-attributes]
  260 | char* bpf_delegate_to_string(uint64_t u, const char * (*parser)(uint64_t) _const_);
      |                                                                           ^
../src/basic/../fundamental/macro.h:80:32: note: expanded from macro '_const_'
   80 | #define _const_ __attribute__((__const__))
      |                                ^
1 warning generated.
[604/2723] Compiling C object src/core/libsystemd-core-261.a.p/varlink-path.c.o
In file included from ../src/core/varlink-path.c:6:
In file included from ../src/core/path.h:5:
In file included from ../src/core/unit.h:8:
In file included from ../src/core/execute.h:14:
../src/core/namespace.h:260:75: warning: '__const__' attribute only applies to functions [-Wignored-attributes]
  260 | char* bpf_delegate_to_string(uint64_t u, const char * (*parser)(uint64_t) _const_);
      |                                                                           ^
../src/basic/../fundamental/macro.h:80:32: note: expanded from macro '_const_'
   80 | #define _const_ __attribute__((__const__))
      |                                ^
1 warning generated.
[605/2723] Compiling C object src/core/libsystemd-core-261.a.p/varlink-scope.c.o
In file included from ../src/core/varlink-scope.c:6:
In file included from ../src/core/scope.h:7:
In file included from ../src/core/unit.h:8:
In file included from ../src/core/execute.h:14:
../src/core/namespace.h:260:75: warning: '__const__' attribute only applies to functions [-Wignored-attributes]
  260 | char* bpf_delegate_to_string(uint64_t u, const char * (*parser)(uint64_t) _const_);
      |                                                                           ^
../src/basic/../fundamental/macro.h:80:32: note: expanded from macro '_const_'
   80 | #define _const_ __attribute__((__const__))
      |                                ^
1 warning generated.
[606/2723] Compiling C object src/core/libsystemd-core-261.a.p/varlink-mount.c.o
In file included from ../src/core/varlink-mount.c:6:
In file included from ../src/core/mount.h:6:
In file included from ../src/core/execute.h:14:
../src/core/namespace.h:260:75: warning: '__const__' attribute only applies to functions [-Wignored-attributes]
  260 | char* bpf_delegate_to_string(uint64_t u, const char * (*parser)(uint64_t) _const_);
      |                                                                           ^
../src/basic/../fundamental/macro.h:80:32: note: expanded from macro '_const_'
   80 | #define _const_ __attribute__((__const__))
      |                                ^
1 warning generated.
[607/2723] Compiling C object src/core/libsystemd-core-261.a.p/varlink-metrics.c.o
In file included from ../src/core/varlink-metrics.c:7:
In file included from ../src/core/manager.h:9:
In file included from ../src/core/execute.h:14:
../src/core/namespace.h:260:75: warning: '__const__' attribute only applies to functions [-Wignored-attributes]
  260 | char* bpf_delegate_to_string(uint64_t u, const char * (*parser)(uint64_t) _const_);
      |                                                                           ^
../src/basic/../fundamental/macro.h:80:32: note: expanded from macro '_const_'
   80 | #define _const_ __attribute__((__const__))
      |                                ^
1 warning generated.
[608/2723] Compiling C object src/core/libsystemd-core-261.a.p/varlink-swap.c.o
In file included from ../src/core/varlink-swap.c:6:
In file included from ../src/core/swap.h:10:
In file included from ../src/core/execute.h:14:
../src/core/namespace.h:260:75: warning: '__const__' attribute only applies to functions [-Wignored-attributes]
  260 | char* bpf_delegate_to_string(uint64_t u, const char * (*parser)(uint64_t) _const_);
      |                                                                           ^
../src/basic/../fundamental/macro.h:80:32: note: expanded from macro '_const_'
   80 | #define _const_ __attribute__((__const__))
      |                                ^
1 warning generated.
[609/2723] Compiling C object src/core/libsystemd-core-261.a.p/varlink-service.c.o
In file included from ../src/core/varlink-service.c:8:
In file included from ../src/core/service.h:9:
In file included from ../src/core/unit.h:8:
In file included from ../src/core/execute.h:14:
../src/core/namespace.h:260:75: warning: '__const__' attribute only applies to functions [-Wignored-attributes]
  260 | char* bpf_delegate_to_string(uint64_t u, const char * (*parser)(uint64_t) _const_);
      |                                                                           ^
../src/basic/../fundamental/macro.h:80:32: note: expanded from macro '_const_'
   80 | #define _const_ __attribute__((__const__))
      |                                ^
1 warning generated.
[610/2723] Compiling C object src/core/libsystemd-core-261.a.p/timer.c.o
In file included from ../src/core/timer.c:15:
In file included from ../src/core/manager.h:9:
In file included from ../src/core/execute.h:14:
../src/core/namespace.h:260:75: warning: '__const__' attribute only applies to functions [-Wignored-attributes]
  260 | char* bpf_delegate_to_string(uint64_t u, const char * (*parser)(uint64_t) _const_);
      |                                                                           ^
../src/basic/../fundamental/macro.h:80:32: note: expanded from macro '_const_'
   80 | #define _const_ __attribute__((__const__))
      |                                ^
1 warning generated.
[611/2723] Compiling C object src/core/libsystemd-core-261.a.p/varlink-timer.c.o
In file included from ../src/core/varlink-timer.c:7:
In file included from ../src/core/timer.h:5:
In file included from ../src/core/unit.h:8:
In file included from ../src/core/execute.h:14:
../src/core/namespace.h:260:75: warning: '__const__' attribute only applies to functions [-Wignored-attributes]
  260 | char* bpf_delegate_to_string(uint64_t u, const char * (*parser)(uint64_t) _const_);
      |                                                                           ^
../src/basic/../fundamental/macro.h:80:32: note: expanded from macro '_const_'
   80 | #define _const_ __attribute__((__const__))
      |                                ^
1 warning generated.
[612/2723] Compiling C object src/core/libsystemd-core-261.a.p/varlink-manager.c.o
In file included from ../src/core/varlink-manager.c:18:
In file included from ../src/core/manager.h:9:
In file included from ../src/core/execute.h:14:
../src/core/namespace.h:260:75: warning: '__const__' attribute only applies to functions [-Wignored-attributes]
  260 | char* bpf_delegate_to_string(uint64_t u, const char * (*parser)(uint64_t) _const_);
      |                                                                           ^
../src/basic/../fundamental/macro.h:80:32: note: expanded from macro '_const_'
   80 | #define _const_ __attribute__((__const__))
      |                                ^
1 warning generated.
[613/2723] Compiling C object src/core/libsystemd-core-261.a.p/varlink-socket.c.o
In file included from ../src/core/varlink-socket.c:7:
In file included from ../src/core/socket.h:6:
In file included from ../src/core/execute.h:14:
../src/core/namespace.h:260:75: warning: '__const__' attribute only applies to functions [-Wignored-attributes]
  260 | char* bpf_delegate_to_string(uint64_t u, const char * (*parser)(uint64_t) _const_);
      |                                                                           ^
../src/basic/../fundamental/macro.h:80:32: note: expanded from macro '_const_'
   80 | #define _const_ __attribute__((__const__))
      |                                ^
1 warning generated.
[614/2723] Compiling C object src/core/libsystemd-core-261.a.p/transaction.c.o
In file included from ../src/core/transaction.c:12:
In file included from ../src/core/manager.h:9:
In file included from ../src/core/execute.h:14:
../src/core/namespace.h:260:75: warning: '__const__' attribute only applies to functions [-Wignored-attributes]
  260 | char* bpf_delegate_to_string(uint64_t u, const char * (*parser)(uint64_t) _const_);
      |                                                                           ^
../src/basic/../fundamental/macro.h:80:32: note: expanded from macro '_const_'
   80 | #define _const_ __attribute__((__const__))
      |                                ^
1 warning generated.
[615/2723] Compiling C object src/libudev/libudev-basic.a.p/libudev-list.c.o
[616/2723] Compiling C object src/libudev/libudev-basic.a.p/libudev-hwdb.c.o
[617/2723] Compiling C object src/libudev/libudev-basic.a.p/libudev-device.c.o
[618/2723] Compiling C object src/libudev/libudev-basic.a.p/libudev-util.c.o
[619/2723] Compiling C object src/libudev/libudev-basic.a.p/libudev-enumerate.c.o
[620/2723] Compiling C object src/libudev/libudev-basic.a.p/libudev-monitor.c.o
[621/2723] Compiling C object src/libudev/libudev-basic.a.p/libudev.c.o
[622/2723] Compiling C object src/core/libsystemd-core-261.a.p/varlink-execute.c.o
In file included from ../src/core/varlink-execute.c:12:
In file included from ../src/core/execute.h:14:
../src/core/namespace.h:260:75: warning: '__const__' attribute only applies to functions [-Wignored-attributes]
  260 | char* bpf_delegate_to_string(uint64_t u, const char * (*parser)(uint64_t) _const_);
      |                                                                           ^
../src/basic/../fundamental/macro.h:80:32: note: expanded from macro '_const_'
   80 | #define _const_ __attribute__((__const__))
      |                                ^
1 warning generated.
[623/2723] Compiling C object src/libudev/libudev-basic.a.p/libudev-queue.c.o
[624/2723] Linking static target src/libudev/libudev-basic.a
[625/2723] Compiling C object src/libsystemd-network/libsystemd-network.a.p/dhcp-protocol.c.o
[626/2723] Compiling C object src/libsystemd-network/libsystemd-network.a.p/dhcp-route.c.o
[627/2723] Compiling C object src/libsystemd-network/libsystemd-network.a.p/arp-util.c.o
[628/2723] Compiling C object src/libsystemd-network/libsystemd-network.a.p/dhcp-relay-upstream.c.o
[629/2723] Compiling C object src/libsystemd-network/libsystemd-network.a.p/dhcp6-protocol.c.o
[630/2723] Compiling C object src/libsystemd-network/libsystemd-network.a.p/dhcp-relay-downstream.c.o
[631/2723] Compiling C object src/core/libsystemd-core-261.a.p/namespace.c.o
In file included from ../src/core/namespace.c:38:
../src/core/namespace.h:260:75: warning: '__const__' attribute only applies to functions [-Wignored-attributes]
  260 | char* bpf_delegate_to_string(uint64_t u, const char * (*parser)(uint64_t) _const_);
      |                                                                           ^
../src/basic/../fundamental/macro.h:80:32: note: expanded from macro '_const_'
   80 | #define _const_ __attribute__((__const__))
      |                                ^
../src/core/namespace.c:4164:75: warning: '__const__' attribute only applies to functions [-Wignored-attributes]
 4164 | char* bpf_delegate_to_string(uint64_t u, const char * (*parser)(uint64_t) _const_ ) {
      |                                                                           ^
../src/basic/../fundamental/macro.h:80:32: note: expanded from macro '_const_'
   80 | #define _const_ __attribute__((__const__))
      |                                ^
2 warnings generated.
[632/2723] Compiling C object src/libsystemd-network/libsystemd-network.a.p/dhcp-client-send.c.o
[633/2723] Compiling C object src/core/libsystemd-core-261.a.p/varlink-unit.c.o
In file included from ../src/core/varlink-unit.c:9:
../src/shared/condition.h:87:63: warning: '__const__' attribute only applies to functions [-Wignored-attributes]
   87 | typedef const char* (*condition_to_string_t)(ConditionType t) _const_;
      |                                                               ^
../src/basic/../fundamental/macro.h:80:32: note: expanded from macro '_const_'
   80 | #define _const_ __attribute__((__const__))
      |                                ^
In file included from ../src/core/varlink-unit.c:11:
In file included from ../src/core/execute.h:14:
../src/core/namespace.h:260:75: warning: '__const__' attribute only applies to functions [-Wignored-attributes]
  260 | char* bpf_delegate_to_string(uint64_t u, const char * (*parser)(uint64_t) _const_);
      |                                                                           ^
../src/basic/../fundamental/macro.h:80:32: note: expanded from macro '_const_'
   80 | #define _const_ __attribute__((__const__))
      |                                ^
2 warnings generated.
[634/2723] Compiling C object src/libsystemd-network/libsystemd-network.a.p/dhcp-relay-interface.c.o
[635/2723] Compiling C object src/libsystemd-network/libsystemd-network.a.p/icmp6-packet.c.o
[636/2723] Compiling C object src/libsystemd-network/libsystemd-network.a.p/icmp6-util.c.o
[637/2723] Compiling C object src/shared/libsystemd-shared-261.a.p/tpm2-util.c.o
[638/2723] Compiling C object src/libsystemd-network/libsystemd-network.a.p/dhcp6-network.c.o
[639/2723] Compiling C object src/libsystemd-network/libsystemd-network.a.p/lldp-network.c.o
[640/2723] Compiling C object src/libsystemd-network/libsystemd-network.a.p/dhcp-server-send.c.o
[641/2723] Linking static target src/shared/libsystemd-shared-261.a
[642/2723] Compiling C object src/libsystemd-network/libsystemd-network.a.p/dhcp-message-dump.c.o
[643/2723] Compiling C object src/core/libsystemd-core-261.a.p/socket.c.o
In file included from ../src/core/socket.c:32:
In file included from ../src/core/manager.h:9:
In file included from ../src/core/execute.h:14:
../src/core/namespace.h:260:75: warning: '__const__' attribute only applies to functions [-Wignored-attributes]
  260 | char* bpf_delegate_to_string(uint64_t u, const char * (*parser)(uint64_t) _const_);
      |                                                                           ^
../src/basic/../fundamental/macro.h:80:32: note: expanded from macro '_const_'
   80 | #define _const_ __attribute__((__const__))
      |                                ^
1 warning generated.
[644/2723] Compiling C object src/libsystemd-network/libsystemd-network.a.p/ip-util.c.o
[645/2723] Compiling C object src/core/libsystemd-core-261.a.p/manager.c.o
In file included from ../src/core/manager.c:18:
In file included from ../src/core/all-units.h:4:
In file included from ../src/core/automount.h:5:
In file included from ../src/core/unit.h:8:
In file included from ../src/core/execute.h:14:
../src/core/namespace.h:260:75: warning: '__const__' attribute only applies to functions [-Wignored-attributes]
  260 | char* bpf_delegate_to_string(uint64_t u, const char * (*parser)(uint64_t) _const_);
      |                                                                           ^
../src/basic/../fundamental/macro.h:80:32: note: expanded from macro '_const_'
   80 | #define _const_ __attribute__((__const__))
      |                                ^
1 warning generated.
[646/2723] Compiling C object src/libsystemd-network/libsystemd-network.a.p/network-common.c.o
[647/2723] Linking target src/shared/libsystemd-shared-261.so
[648/2723] Compiling C object src/libsystemd-network/libsystemd-network.a.p/dhcp-server-request.c.o
[649/2723] Compiling C object src/libsystemd-network/libsystemd-network.a.p/sd-dhcp-duid.c.o
[650/2723] Compiling C object src/libsystemd-network/libsystemd-network.a.p/sd-dhcp-client-id.c.o
[651/2723] Compiling C object src/libsystemd-network/libsystemd-network.a.p/dhcp-message.c.o
[652/2723] Compiling C object src/libsystemd-network/libsystemd-network.a.p/network-internal.c.o
[653/2723] Compiling C object src/libsystemd-network/libsystemd-network.a.p/dhcp6-option.c.o
[654/2723] Compiling C object src/libsystemd-network/libsystemd-network.a.p/lldp-neighbor.c.o
[655/2723] Compiling C object src/core/libsystemd-core-261.a.p/load-fragment.c.o
In file included from ../src/core/load-fragment.c:13:
In file included from ../src/core/all-units.h:4:
In file included from ../src/core/automount.h:5:
In file included from ../src/core/unit.h:8:
In file included from ../src/core/execute.h:14:
../src/core/namespace.h:260:75: warning: '__const__' attribute only applies to functions [-Wignored-attributes]
  260 | char* bpf_delegate_to_string(uint64_t u, const char * (*parser)(uint64_t) _const_);
      |                                                                           ^
../src/basic/../fundamental/macro.h:80:32: note: expanded from macro '_const_'
   80 | #define _const_ __attribute__((__const__))
      |                                ^
In file included from ../src/core/load-fragment.c:21:
../src/shared/condition.h:87:63: warning: '__const__' attribute only applies to functions [-Wignored-attributes]
   87 | typedef const char* (*condition_to_string_t)(ConditionType t) _const_;
      |                                                               ^
../src/basic/../fundamental/macro.h:80:32: note: expanded from macro '_const_'
   80 | #define _const_ __attribute__((__const__))
      |                                ^
2 warnings generated.
[656/2723] Compiling C object src/libsystemd-network/libsystemd-network.a.p/sd-dhcp-relay.c.o
[657/2723] Compiling C object src/libsystemd-network/libsystemd-network.a.p/ndisc-option.c.o
[658/2723] Compiling C object src/libsystemd-network/libsystemd-network.a.p/sd-ipv4ll.c.o
[659/2723] Compiling C object src/libsystemd-network/libsystemd-network.a.p/sd-dhcp-server-lease.c.o
[660/2723] Compiling C object src/libsystemd-network/libsystemd-network.a.p/sd-dhcp-lease.c.o
[661/2723] Generating symbol file src/shared/libsystemd-shared-261.so.p/libsystemd-shared-261.so.symbols
[662/2723] Compiling C object src/libsystemd-network/libsystemd-network.a.p/sd-ndisc-neighbor.c.o
[663/2723] Compiling C object src/libsystemd-network/libsystemd-network.a.p/sd-ndisc-redirect.c.o
[664/2723] Compiling C object src/libsystemd-network/libsystemd-network.a.p/sd-lldp-tx.c.o
[665/2723] Compiling C object src/libsystemd-network/libsystemd-network.a.p/sd-dhcp-server.c.o
[666/2723] Compiling C object src/libsystemd-network/libsystemd-network.a.p/sd-dhcp-client.c.o
[667/2723] Compiling C object src/boot/libefix64.a.p/.._fundamental_chid.c.o
[668/2723] Compiling C object src/libsystemd-network/libsystemd-network.a.p/sd-ipv4acd.c.o
[669/2723] Compiling C object src/libsystemd-network/libsystemd-network.a.p/sd-dns-resolver.c.o
[670/2723] Compiling C object src/boot/libefix64.a.p/.._fundamental_bootspec.c.o
[671/2723] Compiling C object src/boot/libefix64.a.p/.._fundamental_efivars.c.o
[672/2723] Compiling C object src/boot/libefix64.a.p/.._fundamental_memory-util.c.o
[673/2723] Generating src/udev/keyboard-keys-from-name.gperf with a custom command (wrapped by meson to capture output)
[674/2723] Compiling C object src/boot/libefix64.a.p/.._fundamental_uki.c.o
[675/2723] Compiling C object src/libsystemd-network/libsystemd-network.a.p/sd-lldp-rx.c.o
[676/2723] Compiling C object src/boot/libefix64.a.p/.._fundamental_edid.c.o
[677/2723] Compiling C object src/libsystemd-network/libsystemd-network.a.p/sd-ndisc-router-solicit.c.o
[678/2723] Compiling C object src/boot/libefix64.a.p/.._fundamental_string-util.c.o
[679/2723] Compiling C object src/libsystemd-network/libsystemd-network.a.p/sd-ndisc.c.o
[680/2723] Compiling C object src/boot/libefix64.a.p/.._fundamental_sha256.c.o
[681/2723] Compiling C object src/libsystemd-network/libsystemd-network.a.p/tlv-util.c.o
[682/2723] Compiling C object src/boot/libefix64.a.p/devicetree.c.o
[683/2723] Compiling C object src/boot/libefix64.a.p/chid.c.o
[684/2723] Compiling C object src/boot/libefix64.a.p/edid.c.o
[685/2723] Compiling C object src/boot/libefix64.a.p/device-path-util.c.o
[686/2723] Compiling C object src/boot/libefix64.a.p/efi-firmware.c.o
[687/2723] Compiling C object src/boot/libefix64.a.p/drivers.c.o
[688/2723] Compiling C object src/boot/libefix64.a.p/.._fundamental_sha1.c.o
[689/2723] Compiling C object src/libsystemd-network/libsystemd-network.a.p/sd-ndisc-router.c.o
[690/2723] Compiling C object src/boot/libefix64.a.p/efi-efivars.c.o
[691/2723] Compiling C object src/boot/libefix64.a.p/export-vars.c.o
[692/2723] Compiling C object src/boot/libefix64.a.p/measure-smbios.c.o
[693/2723] Compiling C object src/boot/libefix64.a.p/efi-log.c.o
[694/2723] Compiling C object src/boot/libefix64.a.p/graphics.c.o
[695/2723] Compiling C object src/boot/libefix64.a.p/console.c.o
[696/2723] Compiling C object src/boot/libefix64.a.p/cpio.c.o
[697/2723] Compiling C object src/boot/libefix64.a.p/hii.c.o
[698/2723] Compiling C object src/boot/libefix64.a.p/initrd.c.o
[699/2723] Compiling C object src/boot/libefix64.a.p/measure.c.o
[700/2723] Compiling C object src/libsystemd-network/libsystemd-network.a.p/sd-dhcp6-lease.c.o
[701/2723] Generating src/resolve/resolved-gperf.c with a custom command
[702/2723] Compiling C object src/libsystemd-network/libsystemd-network.a.p/sd-dhcp6-client.c.o
[703/2723] Compiling C object src/boot/libefix64.a.p/shim.c.o
[704/2723] Generating src/resolve/resolved-dnssd-gperf.c with a custom command
[705/2723] Generating src/resolve/resolved-dns-delegate-gperf.c with a custom command
[706/2723] Compiling C object src/libsystemd-network/libsystemd-network.a.p/sd-radv.c.o
[707/2723] Compiling C object src/boot/libefix64.a.p/sysfail.c.o
[708/2723] Compiling C object src/boot/libefix64.a.p/url-discovery.c.o
[709/2723] Compiling C object src/boot/libefix64.a.p/ticks.c.o
[710/2723] Compiling C object src/boot/libefix64.a.p/random-seed.c.o
[711/2723] Compiling C object src/boot/libefix64.a.p/smbios.c.o
[712/2723] Compiling C object src/boot/libefix64.a.p/part-discovery.c.o
[713/2723] Compiling C object src/boot/libefix64.a.p/vmm.c.o
[714/2723] Compiling C object src/boot/libefix64.a.p/secure-boot.c.o
[715/2723] Compiling C object src/core/libsystemd-core-261.a.p/service.c.o
In file included from ../src/core/service.c:26:
In file included from ../src/core/execute.h:14:
../src/core/namespace.h:260:75: warning: '__const__' attribute only applies to functions [-Wignored-attributes]
  260 | char* bpf_delegate_to_string(uint64_t u, const char * (*parser)(uint64_t) _const_);
      |                                                                           ^
../src/basic/../fundamental/macro.h:80:32: note: expanded from macro '_const_'
   80 | #define _const_ __attribute__((__const__))
      |                                ^
1 warning generated.
[716/2723] Generating catalog/systemd.be.catalog with a custom command (wrapped by meson to capture output)
[717/2723] Generating catalog/systemd.bg.catalog with a custom command (wrapped by meson to capture output)
[718/2723] Compiling C object src/boot/libefix64.a.p/util.c.o
[719/2723] Generating catalog/systemd.be@latin.catalog with a custom command (wrapped by meson to capture output)
[720/2723] Generating catalog/systemd.de.catalog with a custom command (wrapped by meson to capture output)
[721/2723] Generating catalog/systemd.da.catalog with a custom command (wrapped by meson to capture output)
[722/2723] Compiling C object src/boot/libefix64.a.p/pe.c.o
[723/2723] Linking static target src/libsystemd-network/libsystemd-network.a
[724/2723] Generating catalog/systemd.hr.catalog with a custom command (wrapped by meson to capture output)
[725/2723] Generating catalog/systemd.pt_BR.catalog with a custom command (wrapped by meson to capture output)
[726/2723] Generating src/udev/link-config-gperf.c with a custom command
[727/2723] Generating catalog/systemd.fr.catalog with a custom command (wrapped by meson to capture output)
[728/2723] Compiling C object src/boot/libefix64.a.p/efi-string.c.o
[729/2723] Linking target libsystemd.so.0.44.0
[730/2723] Generating catalog/systemd.pl.catalog with a custom command (wrapped by meson to capture output)
[731/2723] Generating catalog/systemd.catalog with a custom command (wrapped by meson to capture output)
[732/2723] Linking target libudev.so.1.7.14
[733/2723] Linking static target src/boot/libefix64.a
[734/2723] Generating catalog/systemd.sr.catalog with a custom command (wrapped by meson to capture output)
[735/2723] Generating catalog/systemd.ko.catalog with a custom command (wrapped by meson to capture output)
[736/2723] Generating catalog/systemd.hu.catalog with a custom command (wrapped by meson to capture output)
[737/2723] Generating catalog/systemd.zh_CN.catalog with a custom command (wrapped by meson to capture output)
[738/2723] Generating catalog/systemd.zh_TW.catalog with a custom command (wrapped by meson to capture output)
[739/2723] Generating src/coredump/coredump-gperf.c with a custom command
[740/2723] Generating catalog/systemd.it.catalog with a custom command (wrapped by meson to capture output)
[741/2723] Generating catalog/systemd.ru.catalog with a custom command (wrapped by meson to capture output)
[742/2723] Generating src/journal/journald-gperf.c with a custom command
[743/2723] Generating src/timesync/timesyncd-gperf.c with a custom command
[744/2723] Generating src/nspawn/nspawn-gperf.c with a custom command
[745/2723] Compiling C object src/boot/addonx64.elf.stub.p/addon.c.o
[746/2723] Compiling C object src/boot/libefitest.a.p/bcd.c.o
[747/2723] Compiling C object src/boot/systemd-bootx64.elf.p/bcd.c.o
[748/2723] Compiling C object src/boot/linuxx64.elf.stub.p/linux_x86.c.o
[749/2723] Compiling C object src/boot/linuxx64.elf.stub.p/boot-secret.c.o
[750/2723] Compiling C object src/boot/linuxx64.elf.stub.p/linux.c.o
[751/2723] Compiling C object src/boot/systemd-bootx64.elf.p/line-edit.c.o
[752/2723] Compiling C object src/boot/linuxx64.elf.stub.p/splash.c.o
[753/2723] Compiling C object src/boot/libefitest.a.p/chid.c.o
[754/2723] Compiling C object systemd.p/src_core_apparmor-setup.c.o
[755/2723] Compiling C object src/cryptsetup/cryptsetup-tokens/libcryptsetup-token-common.a.p/cryptsetup-token-util.c.o
[756/2723] Generating src/test/test-hashmap-ordered.c with a custom command (wrapped by meson to capture output)
[757/2723] Compiling C object systemd.p/src_core_efi-random.c.o
[758/2723] Compiling C object systemd.p/src_core_clock-warp.c.o
[759/2723] Generating src/boot/test-hwids-section.c with a custom command (wrapped by meson to capture output)
[760/2723] Generating src/udev/keyboard-keys-from-name.inc with a custom command (wrapped by meson to capture output)
[761/2723] Compiling C object src/boot/linuxx64.elf.stub.p/stub.c.o
[762/2723] Compiling C object systemd.p/src_core_ima-setup.c.o
[763/2723] Generating src/test/test-libudev-sym.c with a custom command (wrapped by meson to capture output)
[764/2723] Compiling C object systemd.p/src_core_crash-handler.c.o
[765/2723] Compiling C object systemd.p/src_core_smack-setup.c.o
[766/2723] Compiling C object systemd.p/src_core_ipe-setup.c.o
[767/2723] Compiling C object systemd.p/src_core_kmod-setup.c.o
[768/2723] Compiling C object src/core/libsystemd-core-261.a.p/unit.c.o
In file included from ../src/core/unit.c:12:
In file included from ../src/core/all-units.h:4:
In file included from ../src/core/automount.h:5:
In file included from ../src/core/unit.h:8:
In file included from ../src/core/execute.h:14:
../src/core/namespace.h:260:75: warning: '__const__' attribute only applies to functions [-Wignored-attributes]
  260 | char* bpf_delegate_to_string(uint64_t u, const char * (*parser)(uint64_t) _const_);
      |                                                                           ^
../src/basic/../fundamental/macro.h:80:32: note: expanded from macro '_const_'
   80 | #define _const_ __attribute__((__const__))
      |                                ^
In file included from ../src/core/unit.c:24:
../src/shared/condition.h:87:63: warning: '__const__' attribute only applies to functions [-Wignored-attributes]
   87 | typedef const char* (*condition_to_string_t)(ConditionType t) _const_;
      |                                                               ^
../src/basic/../fundamental/macro.h:80:32: note: expanded from macro '_const_'
   80 | #define _const_ __attribute__((__const__))
      |                                ^
2 warnings generated.
[769/2723] Compiling C object systemd-localed.p/src_locale_xkbcommon-util.c.o
[770/2723] Compiling C object systemd-importd.p/src_import_oci-util.c.o
[771/2723] Compiling C object systemd-importd.p/src_import_import-common.c.o
[772/2723] Linking static target src/core/libsystemd-core-261.a
[773/2723] Compiling C object systemd-importd.p/src_import_qcow2-util.c.o
[774/2723] Compiling C object src/boot/libefitest.a.p/efi-string.c.o
[775/2723] Compiling C object systemd-logind.p/meson-generated_.._src_login_logind-gperf.c.o
[776/2723] Compiling C object systemd.p/src_core_import-creds.c.o
[777/2723] Linking target src/core/libsystemd-core-261.so
[778/2723] Compiling C object systemd-logind.p/src_login_logind-action.c.o
[779/2723] Compiling C object systemd-logind.p/src_login_logind-polkit.c.o
[780/2723] Compiling C object systemd-localed.p/src_locale_localed.c.o
[781/2723] Compiling C object systemd-logind.p/src_login_logind-button.c.o
[782/2723] Compiling C object systemd-logind.p/src_login_logind-brightness.c.o
[783/2723] Compiling C object systemd-logind.p/src_login_logind-device.c.o
[784/2723] Compiling C object systemd-importd.p/src_import_importd.c.o
[785/2723] Compiling C object systemd-localed.p/src_locale_localed-util.c.o
[786/2723] Compiling C object systemd-logind.p/src_login_logind-inhibit.c.o
[787/2723] Compiling C object systemd-keyutil.p/src_keyutil_keyutil.c.o
[788/2723] Generating symbol file src/core/libsystemd-core-261.so.p/libsystemd-core-261.so.symbols
[789/2723] Compiling C object systemd-logind.p/src_login_logind-seat-dbus.c.o
[790/2723] Compiling C object systemd-logind.p/src_login_logind-session-device.c.o
[791/2723] Compiling C object systemd-logind.p/src_login_logind-core.c.o
[792/2723] Compiling C object systemd-logind.p/src_login_logind-user-dbus.c.o
[793/2723] Generating src/test/test-libsystemd-sym.c with a custom command (wrapped by meson to capture output)
[794/2723] Compiling C object systemd-logind.p/src_login_logind-session-dbus.c.o
[795/2723] Compiling C object systemd-logind.p/src_login_logind-utmp.c.o
[796/2723] Compiling C object systemd-hostnamed.p/src_hostname_hostnamed.c.o
[797/2723] Compiling C object systemd-logind.p/src_login_logind-shutdown.c.o
[798/2723] Compiling C object systemd-logind.p/src_login_logind-wall.c.o
[799/2723] Compiling C object systemd-logind.p/src_login_logind-varlink.c.o
[800/2723] Compiling C object systemd-machined.p/src_machine_image.c.o
[801/2723] Compiling C object src/boot/systemd-bootx64.elf.p/boot.c.o
[802/2723] Compiling C object systemd-logind.p/src_login_logind.c.o
[803/2723] Compiling C object systemd-machined.p/src_machine_image-varlink.c.o
[804/2723] Compiling C object systemd.p/src_core_main.c.o
In file included from ../src/core/main.c:78:
In file included from ../src/core/manager.h:9:
In file included from ../src/core/execute.h:14:
../src/core/namespace.h:260:75: warning: '__const__' attribute only applies to functions [-Wignored-attributes]
  260 | char* bpf_delegate_to_string(uint64_t u, const char * (*parser)(uint64_t) _const_);
      |                                                                           ^
../src/basic/../fundamental/macro.h:80:32: note: expanded from macro '_const_'
   80 | #define _const_ __attribute__((__const__))
      |                                ^
1 warning generated.
[805/2723] Compiling C object systemd-machined.p/src_machine_image-dbus.c.o
[806/2723] Compiling C object systemd-machined.p/src_machine_operation.c.o
[807/2723] Compiling C object systemd-machined.p/src_machine_machined-resolve-hook.c.o
[808/2723] Compiling C object systemd-networkd.p/meson-generated_.._src_network_networkd-gperf.c.o
[809/2723] Compiling C object systemd-logind.p/src_login_logind-seat.c.o
[810/2723] Compiling C object systemd-machined.p/src_machine_machined.c.o
[811/2723] Compiling C object systemd-networkd.p/meson-generated_.._src_network_netdev-gperf.c.o
In file included from ../src/network/netdev/netdev-gperf.gperf:12:
../src/shared/condition.h:87:63: warning: '__const__' attribute only applies to functions [-Wignored-attributes]
   87 | typedef const char* (*condition_to_string_t)(ConditionType t) _const_;
      |                                                               ^
../src/basic/../fundamental/macro.h:80:32: note: expanded from macro '_const_'
   80 | #define _const_ __attribute__((__const__))
      |                                ^
1 warning generated.
[812/2723] Compiling C object systemd-machined.p/src_machine_machine-varlink.c.o
[813/2723] Compiling C object systemd-logind.p/src_login_logind-user.c.o
[814/2723] Compiling C object systemd-logind.p/src_login_logind-session.c.o
[815/2723] Compiling C object systemd-machined.p/src_machine_machine-dbus.c.o
[816/2723] Compiling C object systemd-machined.p/src_machine_machined-core.c.o
[817/2723] Compiling C object systemd-networkd.p/src_network_netdev_ifb.c.o
[818/2723] Compiling C object systemd-networkd.p/meson-generated_.._src_network_networkd-network-gperf.c.o
In file included from ../src/network/networkd-network-gperf.gperf:13:
../src/shared/condition.h:87:63: warning: '__const__' attribute only applies to functions [-Wignored-attributes]
   87 | typedef const char* (*condition_to_string_t)(ConditionType t) _const_;
      |                                                               ^
../src/basic/../fundamental/macro.h:80:32: note: expanded from macro '_const_'
   80 | #define _const_ __attribute__((__const__))
      |                                ^
1 warning generated.
[819/2723] Compiling C object systemd-networkd.p/src_network_netdev_bareudp.c.o
[820/2723] Compiling C object systemd-networkd.p/src_network_netdev_dummy.c.o
[821/2723] Compiling C object systemd-networkd.p/src_network_netdev_batadv.c.o
[822/2723] Compiling C object systemd-networkd.p/src_network_netdev_hsr.c.o
[823/2723] Compiling C object systemd-networkd.p/src_network_netdev_fou-tunnel.c.o
[824/2723] Compiling C object systemd-networkd.p/src_network_netdev_bridge.c.o
[825/2723] Compiling C object systemd-networkd.p/src_network_netdev_ipoib.c.o
[826/2723] Compiling C object systemd-networkd.p/src_network_networkd.c.o
[827/2723] Compiling C object systemd-machined.p/src_machine_machined-dbus.c.o
[828/2723] Compiling C object systemd-machined.p/src_machine_machined-varlink.c.o
[829/2723] Compiling C object systemd-networkd.p/src_network_netdev_ipvlan.c.o
[830/2723] Compiling C object systemd-networkd.p/src_network_netdev_netdev-util.c.o
[831/2723] Compiling C object systemd-networkd.p/src_network_netdev_geneve.c.o
[832/2723] Compiling C object systemd-networkd.p/src_network_netdev_macvlan.c.o
[833/2723] Compiling C object systemd-machined.p/src_machine_machine.c.o
[834/2723] Compiling C object systemd-logind.p/src_login_logind-dbus.c.o
[835/2723] Compiling C object systemd-networkd.p/src_network_netdev_vcan.c.o
[836/2723] Compiling C object systemd-networkd.p/src_network_netdev_bond.c.o
[837/2723] Compiling C object systemd-networkd.p/src_network_netdev_vlan.c.o
[838/2723] Compiling C object systemd-networkd.p/src_network_netdev_nlmon.c.o
[839/2723] Compiling C object systemd-networkd.p/src_network_netdev_vxcan.c.o
[840/2723] Compiling C object systemd-networkd.p/src_network_netdev_vrf.c.o
[841/2723] Compiling C object systemd-networkd.p/src_network_netdev_veth.c.o
[842/2723] Compiling C object systemd-measure.p/src_measure_measure-tool.c.o
[843/2723] Compiling C object systemd-networkd.p/src_network_netdev_l2tp-tunnel.c.o
[844/2723] Compiling C object systemd-networkd.p/src_network_netdev_xfrm.c.o
[845/2723] Compiling C object systemd-networkd.p/src_network_netdev_wlan.c.o
[846/2723] Compiling C object systemd-networkd.p/src_network_netdev_tuntap.c.o
[847/2723] Compiling C object systemd-networkd.p/src_network_networkd-address-pool.c.o
[848/2723] Compiling C object systemd-networkd.p/src_network_networkd-can.c.o
[849/2723] Compiling C object systemd-networkd.p/src_network_networkd-address-generation.c.o
[850/2723] Compiling C object systemd-networkd.p/src_network_networkd-address-label.c.o
[851/2723] Compiling C object systemd-networkd.p/src_network_networkd-conf.c.o
[852/2723] Compiling C object systemd-networkd.p/src_network_networkd-bridge-vlan.c.o
[853/2723] Compiling C object systemd-networkd.p/src_network_netdev_vxlan.c.o
[854/2723] Compiling C object systemd-networkd.p/src_network_networkd-bridge-mdb.c.o
[855/2723] Compiling C object systemd-networkd.p/src_network_networkd-bridge-fdb.c.o
[856/2723] Compiling C object systemd-networkd.p/src_network_netdev_tunnel.c.o
[857/2723] Compiling C object systemd-networkd.p/src_network_networkd-dhcp-server-bus.c.o
[858/2723] Compiling C object systemd-networkd.p/src_network_networkd-dhcp6-bus.c.o
[859/2723] Compiling C object systemd-networkd.p/src_network_netdev_macsec.c.o
[860/2723] Compiling C object systemd-networkd.p/src_network_netdev_netdev.c.o
In file included from ../src/network/netdev/netdev.c:15:
../src/shared/condition.h:87:63: warning: '__const__' attribute only applies to functions [-Wignored-attributes]
   87 | typedef const char* (*condition_to_string_t)(ConditionType t) _const_;
      |                                                               ^
../src/basic/../fundamental/macro.h:80:32: note: expanded from macro '_const_'
   80 | #define _const_ __attribute__((__const__))
      |                                ^
1 warning generated.
[861/2723] Compiling C object systemd-networkd.p/src_network_networkd-dhcp-server-static-lease.c.o
[862/2723] Compiling C object systemd-networkd.p/src_network_networkd-dhcp-relay.c.o
[863/2723] Compiling C object systemd-networkd.p/src_network_networkd-ipv4acd.c.o
[864/2723] Compiling C object systemd-networkd.p/src_network_networkd-dhcp4-bus.c.o
[865/2723] Compiling C object systemd-networkd.p/src_network_networkd-dns.c.o
[866/2723] Compiling C object systemd-networkd.p/src_network_networkd-ipv4ll.c.o
[867/2723] Compiling C object systemd-networkd.p/src_network_netdev_wireguard.c.o
[868/2723] Compiling C object systemd-networkd.p/src_network_networkd-dhcp-common.c.o
[869/2723] Compiling C object systemd-networkd.p/src_network_networkd-ipv6-proxy-ndp.c.o
[870/2723] Compiling C object systemd-networkd.p/src_network_networkd-ipv6ll.c.o
[871/2723] Compiling C object systemd-networkd.p/src_network_networkd-link-varlink.c.o
[872/2723] Compiling C object systemd-networkd.p/src_network_networkd-dhcp-prefix-delegation.c.o
[873/2723] Compiling C object systemd-networkd.p/src_network_networkd-lldp-rx.c.o
[874/2723] Compiling C object systemd-networkd.p/src_network_networkd-lldp-tx.c.o
[875/2723] Compiling C object systemd-networkd.p/src_network_networkd-dhcp-server.c.o
[876/2723] Compiling C object systemd-networkd.p/src_network_networkd-network-bus.c.o
[877/2723] Compiling C object systemd-networkd.p/src_network_networkd-netlabel.c.o
[878/2723] Compiling C object systemd-networkd.p/src_network_networkd-address.c.o
[879/2723] Compiling C object systemd-networkd.p/src_network_networkd-manager-varlink.c.o
[880/2723] Compiling C object systemd-networkd.p/src_network_networkd-link-bus.c.o
[881/2723] Compiling C object systemd-networkd.p/src_network_networkd-dhcp4.c.o
[882/2723] Compiling C object systemd-networkd.p/src_network_networkd-ntp.c.o
[883/2723] Compiling C object systemd-networkd.p/src_network_networkd-queue.c.o
[884/2723] Compiling C object systemd-networkd.p/src_network_networkd-manager-bus.c.o
[885/2723] Compiling C object systemd-networkd.p/src_network_networkd-dhcp6.c.o
[886/2723] Compiling C object systemd-networkd.p/src_network_networkd-route-metric.c.o
[887/2723] Compiling C object systemd-networkd.p/src_network_networkd-manager.c.o
[888/2723] Compiling C object systemd-networkd.p/src_network_networkd-json.c.o
[889/2723] Compiling C object systemd-networkd.p/src_network_networkd-speed-meter.c.o
[890/2723] Compiling C object systemd-networkd.p/src_network_networkd-resolve-hook.c.o
[891/2723] Compiling C object systemd-networkd.p/src_network_networkd-neighbor.c.o
[892/2723] Compiling C object systemd-networkd.p/src_network_networkd-nexthop.c.o
[893/2723] Compiling C object systemd-networkd.p/src_network_networkd-radv.c.o
[894/2723] Compiling C object systemd-networkd.p/src_network_networkd-route-nexthop.c.o
[895/2723] Compiling C object systemd-networkd.p/src_network_networkd-route-util.c.o
[896/2723] Compiling C object systemd-networkd.p/src_network_networkd-network.c.o
In file included from ../src/network/networkd-network.c:6:
../src/shared/condition.h:87:63: warning: '__const__' attribute only applies to functions [-Wignored-attributes]
   87 | typedef const char* (*condition_to_string_t)(ConditionType t) _const_;
      |                                                               ^
../src/basic/../fundamental/macro.h:80:32: note: expanded from macro '_const_'
   80 | #define _const_ __attribute__((__const__))
      |                                ^
1 warning generated.
[897/2723] Compiling C object systemd-networkd.p/src_network_networkd-util.c.o
[898/2723] Compiling C object systemd-networkd.p/src_network_networkd-sriov.c.o
[899/2723] Compiling C object systemd-networkd.p/src_network_networkd-varlink-metrics.c.o
[900/2723] Compiling C object systemd-networkd.p/src_network_networkd-serialize.c.o
[901/2723] Compiling C object systemd-networkd.p/src_network_networkd-link.c.o
[902/2723] Compiling C object systemd-networkd.p/src_network_tc_drr.c.o
[903/2723] Compiling C object systemd-networkd.p/src_network_tc_fifo.c.o
[904/2723] Compiling C object systemd-networkd.p/src_network_networkd-route.c.o
[905/2723] Compiling C object systemd-networkd.p/src_network_networkd-routing-policy-rule.c.o
[906/2723] Compiling C object systemd-networkd.p/src_network_tc_fq-pie.c.o
[907/2723] Compiling C object systemd-networkd.p/src_network_tc_cake.c.o
[908/2723] Compiling C object systemd-networkd.p/src_network_networkd-state-file.c.o
[909/2723] Compiling C object systemd-networkd.p/src_network_networkd-wifi.c.o
[910/2723] Compiling C object systemd-networkd.p/src_network_tc_ets.c.o
[911/2723] Compiling C object systemd-networkd.p/src_network_networkd-sysctl.c.o
[912/2723] Compiling C object systemd-networkd.p/src_network_tc_fq-codel.c.o
[913/2723] Compiling C object systemd-networkd.p/src_network_networkd-wwan.c.o
[914/2723] Compiling C object systemd-networkd.p/src_network_tc_codel.c.o
[915/2723] Compiling C object systemd-networkd.p/src_network_networkd-wiphy.c.o
[916/2723] Compiling C object systemd-networkd.p/src_network_networkd-setlink.c.o
[917/2723] Compiling C object systemd-networkd.p/src_network_tc_multiq.c.o
[918/2723] Compiling C object systemd-networkd.p/src_network_tc_gred.c.o
[919/2723] Compiling C object systemd-networkd.p/src_network_tc_pie.c.o
[920/2723] Compiling C object systemd-networkd.p/src_network_tc_hhf.c.o
[921/2723] Compiling C object systemd-networkd.p/src_network_tc_mq.c.o
[922/2723] Compiling C object systemd-networkd.p/src_network_networkd-wwan-bus.c.o
[923/2723] Compiling C object systemd-networkd.p/src_network_tc_htb.c.o
[924/2723] Compiling C object systemd-networkd.p/src_network_tc_qfq.c.o
[925/2723] Compiling C object systemd-networkd.p/src_network_tc_fq.c.o
[926/2723] Compiling C object systemd-networkd.p/src_network_tc_netem.c.o
[927/2723] Compiling C object systemd-networkd.p/src_network_tc_teql.c.o
[928/2723] Compiling C object systemd-networkd.p/src_network_tc_sfq.c.o
[929/2723] Compiling C object systemd-networkd.p/src_network_tc_sfb.c.o
[930/2723] Compiling C object systemd-networkd.p/src_network_networkd-ndisc.c.o
[931/2723] Compiling C object systemd-networkd.p/src_network_tc_tc.c.o
[932/2723] Compiling C object systemd-oomd.p/src_oom_oomd-manager-bus.c.o
[933/2723] Compiling C object systemd-networkd.p/src_network_tc_tc-util.c.o
[934/2723] Compiling C object systemd-portabled.p/src_portable_portabled-image.c.o
[935/2723] Compiling C object systemd-portabled.p/src_portable_portabled-operation.c.o
[936/2723] Compiling C object systemd-resolved.p/meson-generated_.._src_resolve_resolved-dnssd-gperf.c.o
[937/2723] Compiling C object systemd-networkd.p/src_network_tc_tbf.c.o
[938/2723] Compiling C object systemd-oomd.p/src_oom_oomd-conf.c.o
[939/2723] Compiling C object systemd-resolved.p/meson-generated_.._src_resolve_resolved-dns-delegate-gperf.c.o
[940/2723] Compiling C object systemd-oomd.p/src_oom_oomd.c.o
[941/2723] Compiling C object systemd-resolved.p/src_resolve_resolved.c.o
[942/2723] Compiling C object systemd-resolved.p/meson-generated_.._src_resolve_resolved-gperf.c.o
[943/2723] Compiling C object systemd-portabled.p/src_portable_portabled.c.o
[944/2723] Compiling C object systemd-resolved.p/src_resolve_resolved-conf.c.o
[945/2723] Compiling C object systemd-portabled.p/src_portable_portabled-bus.c.o
[946/2723] Compiling C object systemd-networkd.p/src_network_tc_qdisc.c.o
[947/2723] Compiling C object systemd-networkd.p/src_network_tc_tclass.c.o
[948/2723] Compiling C object systemd-resolved.p/src_resolve_resolved-dns-search-domain.c.o
[949/2723] Compiling C object systemd-portabled.p/src_portable_portabled-image-bus.c.o
[950/2723] Compiling C object systemd-resolved.p/src_resolve_resolved-dns-delegate-bus.c.o
[951/2723] Compiling C object systemd-oomd.p/src_oom_oomd-manager.c.o
[952/2723] Compiling C object systemd-resolved.p/src_resolve_resolved-dns-delegate.c.o
[953/2723] Compiling C object systemd-resolved.p/src_resolve_resolved-dns-cache.c.o
[954/2723] Compiling C object systemd-oomd.p/src_oom_oomd-util.c.o
[955/2723] Compiling C object systemd-resolved.p/src_resolve_resolved-dns-trust-anchor.c.o
[956/2723] Compiling C object systemd-resolved.p/src_resolve_resolved-dns-query.c.o
[957/2723] Compiling C object systemd-resolved.p/src_resolve_resolved-dns-dnssec.c.o
[958/2723] Compiling C object systemd-resolved.p/src_resolve_resolved-dns-browse-services.c.o
[959/2723] Compiling C object systemd-resolved.p/src_resolve_resolved-dns-synthesize.c.o
[960/2723] Compiling C object systemd-resolved.p/src_resolve_resolved-dnssd-bus.c.o
[961/2723] Compiling C object systemd-resolved.p/src_resolve_resolved-dns-stream.c.o
[962/2723] Compiling C object systemd-resolved.p/src_resolve_resolved-dns-stub.c.o
[963/2723] Compiling C object systemd-resolved.p/src_resolve_resolved-dns-scope.c.o
[964/2723] Compiling C object systemd-resolved.p/src_resolve_resolved-bus.c.o
[965/2723] Compiling C object systemd-resolved.p/src_resolve_resolved-dns-zone.c.o
[966/2723] Compiling C object systemd-resolved.p/src_resolve_resolved-etc-hosts.c.o
[967/2723] Compiling C object systemd-resolved.p/src_resolve_resolved-dns-server.c.o
[968/2723] Compiling C object systemd-portabled.p/src_portable_portable.c.o
[969/2723] Compiling C object systemd-resolved.p/src_resolve_resolved-dnssd.c.o
[970/2723] Compiling C object systemd-resolved.p/src_resolve_resolved-util.c.o
In file included from ../src/resolve/resolved-util.c:8:
../src/shared/idn-util.h:14:49: warning: '__const__' attribute only applies to functions [-Wignored-attributes]
   14 | extern const char *(*sym_idn2_strerror)(int rc) _const_;
      |                                                 ^
../src/basic/../fundamental/macro.h:80:32: note: expanded from macro '_const_'
   80 | #define _const_ __attribute__((__const__))
      |                                ^
1 warning generated.
[971/2723] Compiling C object systemd-resolved.p/src_resolve_resolved-resolv-conf.c.o
[972/2723] Compiling C object systemd-resolved.p/src_resolve_resolved-llmnr.c.o
[973/2723] Compiling C object systemd-timedated.p/src_timedate_hwclock-util.c.o
[974/2723] Linking static target src/boot/libefitest.a
[975/2723] Compiling C object systemd-resolved.p/src_resolve_resolved-mdns.c.o
[976/2723] Compiling C object systemd-resolved.p/src_resolve_resolved-link-bus.c.o
[977/2723] Compiling C object systemd-resolved.p/src_resolve_resolved-socket-graveyard.c.o
[978/2723] Linking static target src/cryptsetup/cryptsetup-tokens/libcryptsetup-token-common.a
[979/2723] Linking target src/boot/systemd-bootx64.elf
[980/2723] Compiling C object systemd-resolved.p/src_resolve_resolved-static-records.c.o
[981/2723] Compiling C object systemd-resolved.p/src_resolve_resolved-hook.c.o
[982/2723] Linking target src/boot/addonx64.elf.stub
[983/2723] Compiling C object systemd-sbsign.p/src_sbsign_authenticode.c.o
[984/2723] Linking target src/boot/linuxx64.elf.stub
[985/2723] Linking target systemd
[986/2723] Generating symbol file libsystemd.so.0.44.0.p/libsystemd.so.0.44.0.symbols
[987/2723] Compiling C object fuzz-unit-file.p/src_core_fuzz-unit-file.c.o
In file included from ../src/core/fuzz-unit-file.c:7:
In file included from ../src/core/manager.h:9:
In file included from ../src/core/execute.h:14:
../src/core/namespace.h:260:75: warning: '__const__' attribute only applies to functions [-Wignored-attributes]
  260 | char* bpf_delegate_to_string(uint64_t u, const char * (*parser)(uint64_t) _const_);
      |                                                                           ^
../src/basic/../fundamental/macro.h:80:32: note: expanded from macro '_const_'
   80 | #define _const_ __attribute__((__const__))
      |                                ^
1 warning generated.
[988/2723] Compiling C object fuzz-unit-file.p/src_fuzz_fuzz-main.c.o
[989/2723] Generating symbol file libudev.so.1.7.14.p/libudev.so.1.7.14.symbols
[990/2723] Compiling C object systemd-executor.p/src_core_executor.c.o
In file included from ../src/core/executor.c:14:
In file included from ../src/core/execute.h:14:
../src/core/namespace.h:260:75: warning: '__const__' attribute only applies to functions [-Wignored-attributes]
  260 | char* bpf_delegate_to_string(uint64_t u, const char * (*parser)(uint64_t) _const_);
      |                                                                           ^
../src/basic/../fundamental/macro.h:80:32: note: expanded from macro '_const_'
   80 | #define _const_ __attribute__((__const__))
      |                                ^
1 warning generated.
[991/2723] Generating systemd-runtest.env with a custom command (wrapped by meson because command contains newlines, to capture output)
[992/2723] Compiling C object fuzz-manager-serialize.p/src_fuzz_fuzz-main.c.o
[993/2723] Compiling C object systemd-resolved.p/src_resolve_resolved-dnstls.c.o
[994/2723] Compiling C object fuzz-execute-serialize.p/src_core_fuzz-execute-serialize.c.o
In file included from ../src/core/fuzz-execute-serialize.c:26:
In file included from ../src/core/execute.h:14:
../src/core/namespace.h:260:75: warning: '__const__' attribute only applies to functions [-Wignored-attributes]
  260 | char* bpf_delegate_to_string(uint64_t u, const char * (*parser)(uint64_t) _const_);
      |                                                                           ^
../src/basic/../fundamental/macro.h:80:32: note: expanded from macro '_const_'
   80 | #define _const_ __attribute__((__const__))
      |                                ^
1 warning generated.
[995/2723] Compiling C object fuzz-manager-serialize.p/src_core_fuzz-manager-serialize.c.o
In file included from ../src/core/fuzz-manager-serialize.c:8:
In file included from ../src/core/manager.h:9:
In file included from ../src/core/execute.h:14:
../src/core/namespace.h:260:75: warning: '__const__' attribute only applies to functions [-Wignored-attributes]
  260 | char* bpf_delegate_to_string(uint64_t u, const char * (*parser)(uint64_t) _const_);
      |                                                                           ^
../src/basic/../fundamental/macro.h:80:32: note: expanded from macro '_const_'
   80 | #define _const_ __attribute__((__const__))
      |                                ^
1 warning generated.
[996/2723] Compiling C object fuzz-execute-serialize.p/src_fuzz_fuzz-main.c.o
[997/2723] Compiling C object test-dhcp-duid.p/src_libsystemd-network_test-dhcp-duid.c.o
[998/2723] Compiling C object systemd-resolved.p/src_resolve_resolved-link.c.o
[999/2723] Compiling C object systemd-sbsign.p/src_sbsign_sbsign.c.o
[1000/2723] Compiling C object test-dhcp-client-id.p/src_libsystemd-network_test-dhcp-client-id.c.o
[1001/2723] Compiling C object test-ipv4ll-manual.p/src_libsystemd-network_test-ipv4ll-manual.c.o
[1002/2723] Compiling C object systemd-resolved.p/src_resolve_resolved-varlink.c.o
[1003/2723] Compiling C object test-acd.p/src_libsystemd-network_test-acd.c.o
[1004/2723] Compiling C object test-ip-util.p/src_libsystemd-network_test-ip-util.c.o
[1005/2723] Compiling C object systemd-resolved.p/src_resolve_resolved-dns-transaction.c.o
[1006/2723] Compiling C object systemd-timedated.p/src_timedate_timedated.c.o
[1007/2723] Compiling C object systemd-resolved.p/src_resolve_resolved-manager.c.o
[1008/2723] Compiling C object test-ipv4ll.p/src_libsystemd-network_test-ipv4ll.c.o
[1009/2723] Compiling C object test-ndisc-ra.p/src_libsystemd-network_icmp6-test-util.c.o
[1010/2723] Compiling C object fuzz-dhcp-client.p/src_fuzz_fuzz-main.c.o
[1011/2723] Compiling C object fuzz-dhcp-client.p/src_libsystemd-network_fuzz-dhcp-client.c.o
[1012/2723] Compiling C object test-ndisc-send.p/src_libsystemd-network_test-ndisc-send.c.o
../src/libsystemd-network/test-ndisc-send.c:31:16: warning: variable 'arg_preference' set but not used [-Wunused-but-set-global]
   31 | static uint8_t arg_preference = false;
      |                ^
1 warning generated.
[1013/2723] Compiling C object test-ndisc-ra.p/src_libsystemd-network_test-ndisc-ra.c.o
[1014/2723] Compiling C object test-lldp-rx.p/src_libsystemd-network_test-lldp-rx.c.o
[1015/2723] Compiling C object test-dhcp-server.p/src_libsystemd-network_test-dhcp-server.c.o
[1016/2723] Compiling C object fuzz-dhcp-relay.p/src_fuzz_fuzz-main.c.o
[1017/2723] Compiling C object fuzz-dhcp-server.p/src_fuzz_fuzz-main.c.o
[1018/2723] Compiling C object fuzz-dhcp-relay.p/src_libsystemd-network_fuzz-dhcp-relay.c.o
[1019/2723] Compiling C object fuzz-lldp-rx.p/src_libsystemd-network_fuzz-lldp-rx.c.o
[1020/2723] Compiling C object fuzz-lldp-rx.p/src_fuzz_fuzz-main.c.o
[1021/2723] Compiling C object fuzz-dhcp6-client.p/src_fuzz_fuzz-main.c.o
[1022/2723] Compiling C object test-tlv-util.p/src_libsystemd-network_test-tlv-util.c.o
[1023/2723] Compiling C object fuzz-ndisc-rs.p/src_libsystemd-network_fuzz-ndisc-rs.c.o
[1024/2723] Compiling C object test-dhcp6-client.p/src_libsystemd-network_test-dhcp6-client.c.o
[1025/2723] Compiling C object fuzz-dhcp-server.p/src_libsystemd-network_fuzz-dhcp-server.c.o
[1026/2723] Compiling C object udevadm.p/src_udev_udevadm-cat.c.o
[1027/2723] Compiling C object test-ndisc-rs.p/src_libsystemd-network_test-ndisc-rs.c.o
[1028/2723] Compiling C object udevadm.p/src_udev_udevadm-control.c.o
[1029/2723] Compiling C object fuzz-dhcp6-client.p/src_libsystemd-network_fuzz-dhcp6-client.c.o
[1030/2723] Compiling C object test-dhcp-relay.p/src_libsystemd-network_test-dhcp-relay.c.o
[1031/2723] Compiling C object udevadm.p/meson-generated_.._src_udev_link-config-gperf.c.o
In file included from ../src/udev/net/link-config-gperf.gperf:8:
../src/shared/condition.h:87:63: warning: '__const__' attribute only applies to functions [-Wignored-attributes]
   87 | typedef const char* (*condition_to_string_t)(ConditionType t) _const_;
      |                                                               ^
../src/basic/../fundamental/macro.h:80:32: note: expanded from macro '_const_'
   80 | #define _const_ __attribute__((__const__))
      |                                ^
1 warning generated.
[1032/2723] Compiling C object fuzz-ndisc-rs.p/src_fuzz_fuzz-main.c.o
[1033/2723] Compiling C object udevadm.p/src_udev_udevadm-hwdb.c.o
[1034/2723] Compiling C object udevadm.p/src_udev_udevadm-monitor.c.o
[1035/2723] Compiling C object udevadm.p/src_udev_udevadm-test-builtin.c.o
[1036/2723] Compiling C object udevadm.p/src_udev_udevadm-lock.c.o
[1037/2723] Compiling C object udevadm.p/src_udev_udev-builtin-btrfs.c.o
[1038/2723] Compiling C object udevadm.p/src_udev_udevadm-settle.c.o
[1039/2723] Compiling C object udevadm.p/src_udev_udevadm.c.o
[1040/2723] Compiling C object test-dhcp-message.p/src_libsystemd-network_test-dhcp-message.c.o
[1041/2723] Compiling C object udevadm.p/src_udev_udevadm-test.c.o
[1042/2723] Compiling C object udevadm.p/src_udev_udev-builtin.c.o
[1043/2723] Compiling C object udevadm.p/src_udev_udevadm-verify.c.o
[1044/2723] Compiling C object udevadm.p/src_udev_udevadm-util.c.o
[1045/2723] Compiling C object udevadm.p/src_udev_udevd.c.o
[1046/2723] Compiling C object udevadm.p/src_udev_udev-builtin-factory_reset.c.o
[1047/2723] Compiling C object udevadm.p/src_udev_udevadm-trigger.c.o
[1048/2723] Compiling C object udevadm.p/src_udev_udevadm-info.c.o
[1049/2723] Compiling C object udevadm.p/src_udev_udev-builtin-hwdb.c.o
[1050/2723] Compiling C object udevadm.p/src_udev_udev-builtin-net_driver.c.o
[1051/2723] Compiling C object udevadm.p/src_udev_udev-builtin-net_setup_link.c.o
[1052/2723] Compiling C object udevadm.p/src_udev_udevadm-wait.c.o
[1053/2723] Compiling C object udevadm.p/src_udev_udev-builtin-usb_id.c.o
[1054/2723] Compiling C object udevadm.p/src_udev_udev-builtin-dissect_image.c.o
[1055/2723] Compiling C object udevadm.p/src_udev_udev-builtin-input_id.c.o
[1056/2723] Compiling C object udevadm.p/src_udev_udev-ctrl.c.o
[1057/2723] Compiling C object udevadm.p/src_udev_udev-manager-ctrl.c.o
[1058/2723] Compiling C object udevadm.p/src_udev_udev-error.c.o
[1059/2723] Compiling C object udevadm.p/src_udev_udev-builtin-keyboard.c.o
[1060/2723] Compiling C object udevadm.p/src_udev_udev-dump.c.o
[1061/2723] Compiling C object udevadm.p/src_udev_udev-builtin-path_id.c.o
[1062/2723] Compiling C object udevadm.p/src_udev_udev-config.c.o
[1063/2723] Compiling C object udevadm.p/src_udev_udev-event.c.o
[1064/2723] Compiling C object udevadm.p/src_udev_udev-varlink.c.o
[1065/2723] Compiling C object udevadm.p/src_udev_udev-builtin-kmod.c.o
[1066/2723] Compiling C object test-dhcp-client.p/src_libsystemd-network_test-dhcp-client.c.o
[1067/2723] Compiling C object udevadm.p/src_udev_udev-format.c.o
[1068/2723] Compiling C object udevadm.p/src_udev_udev-builtin-tpm2_id.c.o
[1069/2723] Compiling C object ata_id.p/src_udev_ata_id_ata_id.c.o
[1070/2723] Compiling C object udevadm.p/src_udev_udev-spawn.c.o
[1071/2723] Compiling C object udevadm.p/src_udev_udev-worker.c.o
[1072/2723] Compiling C object fido_id.p/src_udev_fido_id_fido_id_desc.c.o
[1073/2723] Compiling C object udevadm.p/src_udev_udev-builtin-uaccess.c.o
[1074/2723] Compiling C object udevadm.p/src_udev_udev-node.c.o
[1075/2723] Compiling C object mtd_probe.p/src_udev_mtd_probe_mtd_probe.c.o
[1076/2723] Compiling C object udevadm.p/src_udev_udev-builtin-blkid.c.o
[1077/2723] Compiling C object fido_id.p/src_udev_fido_id_fido_id.c.o
[1078/2723] Compiling C object dmi_memory_id.p/src_udev_dmi_memory_id_dmi_memory_id.c.o
[1079/2723] Compiling C object mtd_probe.p/src_udev_mtd_probe_probe_smartmedia.c.o
[1080/2723] Compiling C object test-udev-builtin.p/src_udev_test-udev-builtin.c.o
[1081/2723] Compiling C object test-link.p/src_udev_net_test-link.c.o
[1082/2723] Compiling C object test-fido-id-desc.p/src_udev_fido_id_test-fido-id-desc.c.o
[1083/2723] Compiling C object test-udev-format.p/src_udev_test-udev-format.c.o
[1084/2723] Compiling C object test-udev-node.p/src_udev_test-udev-node.c.o
[1085/2723] Compiling C object v4l_id.p/src_udev_v4l_id_v4l_id.c.o
[1086/2723] Compiling C object test-udev-rules.p/src_udev_test-udev-rules.c.o
[1087/2723] Compiling C object udevadm.p/src_udev_net_link-config.c.o
In file included from ../src/udev/net/link-config.c:13:
../src/shared/condition.h:87:63: warning: '__const__' attribute only applies to functions [-Wignored-attributes]
   87 | typedef const char* (*condition_to_string_t)(ConditionType t) _const_;
      |                                                               ^
../src/basic/../fundamental/macro.h:80:32: note: expanded from macro '_const_'
   80 | #define _const_ __attribute__((__const__))
      |                                ^
1 warning generated.
[1088/2723] Compiling C object udevadm.p/src_udev_udev-builtin-net_id.c.o
[1089/2723] Compiling C object fuzz-fido-id-desc.p/src_udev_fido_id_fuzz-fido-id-desc.c.o
[1090/2723] Compiling C object iocost.p/src_udev_iocost_iocost.c.o
[1091/2723] Compiling C object test-udev-manager.p/src_udev_test-udev-manager.c.o
[1092/2723] Compiling C object scsi_id.p/src_udev_scsi_id_scsi_serial.c.o
[1093/2723] Compiling C object udevadm.p/src_udev_udev-watch.c.o
[1094/2723] Compiling C object scsi_id.p/src_udev_scsi_id_scsi_id.c.o
[1095/2723] Compiling C object cdrom_id.p/src_udev_cdrom_id_cdrom_id.c.o
[1096/2723] Compiling C object fuzz-fido-id-desc.p/src_fuzz_fuzz-main.c.o
[1097/2723] Compiling C object fuzz-udev-rule-parse-value.p/src_udev_fuzz-udev-rule-parse-value.c.o
[1098/2723] Compiling C object systemd-ac-power.p/src_ac-power_ac-power.c.o
[1099/2723] Compiling C object test-udev-spawn.p/src_udev_test-udev-spawn.c.o
[1100/2723] Compiling C object fuzz-link-parser.p/src_udev_net_fuzz-link-parser.c.o
[1101/2723] Compiling C object fuzz-link-parser.p/src_fuzz_fuzz-main.c.o
[1102/2723] Compiling C object fuzz-udev-rules.p/src_fuzz_fuzz-main.c.o
[1103/2723] Compiling C object test-udev-rule-runner.p/src_udev_test-udev-rule-runner.c.o
[1104/2723] Compiling C object systemd-analyze.p/src_analyze_analyze-blame.c.o
[1105/2723] Compiling C object systemd-analyze.p/src_analyze_analyze-cat-config.c.o
[1106/2723] Compiling C object fuzz-udev-rules.p/src_udev_fuzz-udev-rules.c.o
[1107/2723] Compiling C object fuzz-udev-rule-parse-value.p/src_fuzz_fuzz-main.c.o
[1108/2723] Compiling C object systemd-analyze.p/src_analyze_analyze-architectures.c.o
[1109/2723] Compiling C object systemd-analyze.p/src_analyze_analyze-capability.c.o
[1110/2723] Compiling C object udevadm.p/src_udev_udev-manager.c.o
[1111/2723] Compiling C object systemd-analyze.p/src_analyze_analyze-calendar.c.o
[1112/2723] Compiling C object systemd-analyze.p/src_analyze_analyze-filesystems.c.o
[1113/2723] Compiling C object systemd-analyze.p/src_analyze_analyze-exit-status.c.o
[1114/2723] Compiling C object systemd-analyze.p/src_analyze_analyze-compare-versions.c.o
[1115/2723] Compiling C object systemd-analyze.p/src_analyze_analyze-dlopen-metadata.c.o
[1116/2723] Compiling C object systemd-analyze.p/src_analyze_analyze-malloc.c.o
[1117/2723] Compiling C object systemd-analyze.p/src_analyze_analyze-dump.c.o
[1118/2723] Compiling C object systemd-analyze.p/src_analyze_analyze-inspect-elf.c.o
[1119/2723] Compiling C object systemd-analyze.p/src_analyze_analyze-has-tpm2.c.o
[1120/2723] Compiling C object systemd-analyze.p/src_analyze_analyze-dot.c.o
[1121/2723] Compiling C object systemd-analyze.p/src_analyze_analyze-fdstore.c.o
[1122/2723] Compiling C object systemd-analyze.p/src_analyze_analyze-critical-chain.c.o
[1123/2723] Compiling C object systemd-analyze.p/src_analyze_analyze-image-policy.c.o
[1124/2723] Compiling C object systemd-analyze.p/src_analyze_analyze-log-control.c.o
[1125/2723] Compiling C object systemd-analyze.p/src_analyze_analyze-condition.c.o
In file included from ../src/analyze/analyze-condition.c:9:
../src/shared/condition.h:87:63: warning: '__const__' attribute only applies to functions [-Wignored-attributes]
   87 | typedef const char* (*condition_to_string_t)(ConditionType t) _const_;
      |                                                               ^
../src/basic/../fundamental/macro.h:80:32: note: expanded from macro '_const_'
   80 | #define _const_ __attribute__((__const__))
      |                                ^
In file included from ../src/analyze/analyze-condition.c:11:
In file included from ../src/core/manager.h:9:
In file included from ../src/core/execute.h:14:
../src/core/namespace.h:260:75: warning: '__const__' attribute only applies to functions [-Wignored-attributes]
  260 | char* bpf_delegate_to_string(uint64_t u, const char * (*parser)(uint64_t) _const_);
      |                                                                           ^
../src/basic/../fundamental/macro.h:80:32: note: expanded from macro '_const_'
   80 | #define _const_ __attribute__((__const__))
      |                                ^
2 warnings generated.
[1126/2723] Compiling C object systemd-analyze.p/src_analyze_analyze-chid.c.o
[1127/2723] Compiling C object systemd-analyze.p/src_analyze_analyze-srk.c.o
[1128/2723] Compiling C object systemd-analyze.p/src_analyze_analyze-timespan.c.o
[1129/2723] Compiling C object systemd-analyze.p/src_analyze_analyze-time.c.o
[1130/2723] Compiling C object systemd-analyze.p/src_analyze_analyze-nvpcrs.c.o
[1131/2723] Compiling C object systemd-analyze.p/src_analyze_analyze-smbios11.c.o
[1132/2723] Compiling C object systemd-analyze.p/src_analyze_analyze-service-watchdogs.c.o
[1133/2723] Compiling C object systemd-analyze.p/src_analyze_analyze-unit-files.c.o
[1134/2723] Compiling C object systemd-analyze.p/src_analyze_analyze-syscall-filter.c.o
[1135/2723] Compiling C object systemd-analyze.p/src_analyze_analyze-pcrs.c.o
[1136/2723] Compiling C object systemd-executor.p/src_core_exec-invoke.c.o
In file included from ../src/core/exec-invoke.c:44:
In file included from ../src/core/execute.h:14:
../src/core/namespace.h:260:75: warning: '__const__' attribute only applies to functions [-Wignored-attributes]
  260 | char* bpf_delegate_to_string(uint64_t u, const char * (*parser)(uint64_t) _const_);
      |                                                                           ^
../src/basic/../fundamental/macro.h:80:32: note: expanded from macro '_const_'
   80 | #define _const_ __attribute__((__const__))
      |                                ^
1 warning generated.
[1137/2723] Compiling C object systemd-analyze.p/src_analyze_analyze-unit-gdb.c.o
[1138/2723] Compiling C object systemd-analyze.p/src_analyze_analyze-timestamp.c.o
[1139/2723] Compiling C object systemd-analyze.p/src_analyze_analyze-unit-paths.c.o
[1140/2723] Compiling C object systemd-analyze.p/src_analyze_analyze-verify.c.o
[1141/2723] Compiling C object test-verify.p/src_analyze_test-verify.c.o
In file included from ../src/analyze/test-verify.c:5:
In file included from ../src/core/execute.h:14:
../src/core/namespace.h:260:75: warning: '__const__' attribute only applies to functions [-Wignored-attributes]
  260 | char* bpf_delegate_to_string(uint64_t u, const char * (*parser)(uint64_t) _const_);
      |                                                                           ^
../src/basic/../fundamental/macro.h:80:32: note: expanded from macro '_const_'
   80 | #define _const_ __attribute__((__const__))
      |                                ^
1 warning generated.
[1142/2723] Compiling C object systemd-analyze.p/src_analyze_analyze-unit-shell.c.o
[1143/2723] Compiling C object test-chid-match.p/meson-generated_.._src_boot_test-hwids-section.c.o
[1144/2723] Compiling C object systemd-analyze.p/src_analyze_analyze-plot.c.o
[1145/2723] Compiling C object systemd-analyze.p/src_analyze_analyze-time-data.c.o
[1146/2723] Compiling C object systemd-bless-boot-generator.p/src_bless-boot_bless-boot-generator.c.o
[1147/2723] Compiling C object systemd-battery-check.p/src_battery-check_battery-check.c.o
[1148/2723] Compiling C object systemd-binfmt.p/src_binfmt_binfmt.c.o
[1149/2723] Compiling C object systemd-ask-password.p/src_ask-password_ask-password.c.o
[1150/2723] Compiling C object fuzz-bcd.p/src_fuzz_fuzz-main.c.o
[1151/2723] Compiling C object systemd-bless-boot.p/src_bless-boot_bless-boot.c.o
[1152/2723] Compiling C object test-chid-match.p/src_boot_test-chid-match.c.o
[1153/2723] Compiling C object fuzz-efi-osrel.p/src_boot_fuzz-efi-osrel.c.o
[1154/2723] Compiling C object fuzz-efi-string.p/src_fuzz_fuzz-main.c.o
[1155/2723] Compiling C object systemd-boot-check-no-failures.p/src_bless-boot_boot-check-no-failures.c.o
[1156/2723] Compiling C object fuzz-bcd.p/src_boot_fuzz-bcd.c.o
[1157/2723] Compiling C object fuzz-efi-string.p/src_boot_fuzz-efi-string.c.o
[1158/2723] Compiling C object systemd-analyze.p/src_analyze_analyze.c.o
[1159/2723] Compiling C object systemd-analyze.p/src_analyze_analyze-verify-util.c.o
In file included from ../src/analyze/analyze-verify-util.c:8:
In file included from ../src/core/all-units.h:4:
In file included from ../src/core/automount.h:5:
In file included from ../src/core/unit.h:8:
In file included from ../src/core/execute.h:14:
../src/core/namespace.h:260:75: warning: '__const__' attribute only applies to functions [-Wignored-attributes]
  260 | char* bpf_delegate_to_string(uint64_t u, const char * (*parser)(uint64_t) _const_);
      |                                                                           ^
../src/basic/../fundamental/macro.h:80:32: note: expanded from macro '_const_'
   80 | #define _const_ __attribute__((__const__))
      |                                ^
1 warning generated.
[1160/2723] Compiling C object fuzz-efi-printf.p/src_boot_fuzz-efi-printf.c.o
[1161/2723] Compiling C object test-bcd.p/src_boot_test-bcd.c.o
[1162/2723] Compiling C object bootctl.p/src_bootctl_bootctl-reboot-to-firmware.c.o
[1163/2723] Compiling C object fuzz-efi-osrel.p/src_fuzz_fuzz-main.c.o
[1164/2723] Compiling C object fuzz-efi-printf.p/src_fuzz_fuzz-main.c.o
[1165/2723] Compiling C object bootctl.p/src_bootctl_bootctl-random-seed.c.o
[1166/2723] Compiling C object systemd-backlight.p/src_backlight_backlight.c.o
[1167/2723] Compiling C object bootctl.p/src_bootctl_bootctl-uki.c.o
[1168/2723] Compiling C object bootctl.p/src_bootctl_bootctl-set-efivar.c.o
[1169/2723] Compiling C object bootctl.p/src_bootctl_bootctl-cleanup.c.o
[1170/2723] Compiling C object bootctl.p/src_bootctl_bootspec-util.c.o
[1171/2723] Compiling C object bootctl.p/src_bootctl_bootctl-util.c.o
[1172/2723] Compiling C object test-bootspec-util.p/src_bootctl_test-bootspec-util.c.o
[1173/2723] Compiling C object test-bootspec-util.p/src_bootctl_bootspec-util.c.o
[1174/2723] Compiling C object systemd-coredump.p/src_coredump_coredump-backtrace.c.o
[1175/2723] Compiling C object systemd-coredump.p/src_coredump_coredump.c.o
[1176/2723] Compiling C object busctl.p/src_busctl_busctl-introspect.c.o
[1177/2723] Compiling C object systemd-coredump.p/meson-generated_.._src_coredump_coredump-gperf.c.o
[1178/2723] Compiling C object systemd-analyze.p/src_analyze_analyze-security.c.o
In file included from ../src/analyze/analyze-security.c:24:
In file included from ../src/core/manager.h:9:
In file included from ../src/core/execute.h:14:
../src/core/namespace.h:260:75: warning: '__const__' attribute only applies to functions [-Wignored-attributes]
  260 | char* bpf_delegate_to_string(uint64_t u, const char * (*parser)(uint64_t) _const_);
      |                                                                           ^
../src/basic/../fundamental/macro.h:80:32: note: expanded from macro '_const_'
   80 | #define _const_ __attribute__((__const__))
      |                                ^
1 warning generated.
[1179/2723] Compiling C object test-busctl-introspect.p/src_busctl_test-busctl-introspect.c.o
[1180/2723] Compiling C object systemd-coredump.p/src_coredump_coredump-config.c.o
[1181/2723] Compiling C object bootctl.p/src_bootctl_bootctl-status.c.o
[1182/2723] Compiling C object bootctl.p/src_bootctl_bootctl-unlink.c.o
[1183/2723] Compiling C object systemd-coredump.p/src_coredump_coredump-kernel-helper.c.o
[1184/2723] Compiling C object bootctl.p/src_bootctl_bootctl-link.c.o
[1185/2723] Compiling C object systemd-cgls.p/src_cgls_cgls.c.o
[1186/2723] Compiling C object bootctl.p/src_bootctl_bootctl.c.o
[1187/2723] Compiling C object systemd-coredump.p/src_coredump_coredump-receive.c.o
[1188/2723] Compiling C object test-coredump-vacuum.p/src_coredump_test-coredump-vacuum.c.o
[1189/2723] Compiling C object systemd-coredump.p/src_coredump_coredump-send.c.o
[1190/2723] Compiling C object systemd-cryptenroll.p/src_cryptenroll_cryptenroll-fido2.c.o
[1191/2723] Compiling C object systemd-cgtop.p/src_cgtop_cgtop.c.o
[1192/2723] Compiling C object systemd-coredump.p/src_coredump_coredump-vacuum.c.o
[1193/2723] Compiling C object systemd-coredump.p/src_coredump_coredump-context.c.o
[1194/2723] Compiling C object systemd-cryptenroll.p/src_cryptenroll_cryptenroll-list.c.o
[1195/2723] Compiling C object systemd-cryptsetup.p/src_cryptsetup_cryptsetup-keyfile.c.o
[1196/2723] Compiling C object systemd-cryptenroll.p/src_cryptenroll_cryptenroll-recovery.c.o
[1197/2723] Compiling C object systemd-cryptsetup.p/src_cryptsetup_cryptsetup-pkcs11.c.o
[1198/2723] Compiling C object systemd-cryptenroll.p/src_cryptenroll_cryptenroll-password.c.o
[1199/2723] Compiling C object systemd-coredump.p/src_coredump_coredump-submit.c.o
[1200/2723] Compiling C object systemd-cryptenroll.p/src_cryptenroll_cryptenroll-pkcs11.c.o
[1201/2723] Compiling C object systemd-detect-virt.p/src_detect-virt_detect-virt.c.o
[1202/2723] Compiling C object busctl.p/src_busctl_busctl.c.o
[1203/2723] Compiling C object systemd-cryptenroll.p/src_cryptenroll_cryptenroll-wipe.c.o
[1204/2723] Compiling C object test-efi-string.p/src_boot_test-efi-string.c.o
[1205/2723] Compiling C object systemd-cryptenroll.p/src_cryptenroll_cryptenroll-tpm2.c.o
[1206/2723] Compiling C object 30-systemd-environment-d-generator.p/src_environment-d-generator_environment-d-generator.c.o
[1207/2723] Compiling C object systemd-cryptsetup-generator.p/src_cryptsetup_cryptsetup-generator.c.o
[1208/2723] Compiling C object systemd-factory-reset-generator.p/src_factory-reset_factory-reset-generator.c.o
[1209/2723] Compiling C object bootctl.p/src_bootctl_bootctl-install.c.o
[1210/2723] Compiling C object systemd-debug-generator.p/src_debug-generator_debug-generator.c.o
[1211/2723] Compiling C object systemd-escape.p/src_escape_escape-tool.c.o
[1212/2723] Compiling C object systemd-cryptenroll.p/src_cryptenroll_cryptenroll.c.o
[1213/2723] Compiling C object systemd-makefs.p/src_growfs_makefs.c.o
[1214/2723] Linking target systemd-hostnamed
[1215/2723] Compiling C object systemd-getty-generator.p/src_getty-generator_getty-generator.c.o
[1216/2723] Compiling C object systemd-fsck.p/src_fsck_fsck.c.o
[1217/2723] Compiling C object systemd-hibernate-resume.p/src_hibernate-resume_hibernate-resume.c.o
[1218/2723] Compiling C object systemd-hibernate-resume.p/src_hibernate-resume_hibernate-resume-config.c.o
[1219/2723] Compiling C object systemd-delta.p/src_delta_delta.c.o
[1220/2723] Compiling C object systemd-creds.p/src_creds_creds.c.o
[1221/2723] Linking target systemd-importd
[1222/2723] Compiling C object udevadm.p/src_udev_udev-rules.c.o
[1223/2723] Compiling C object systemd-growfs.p/src_growfs_growfs.c.o
[1224/2723] Compiling C object systemd-hibernate-resume-generator.p/src_hibernate-resume_hibernate-resume-generator.c.o
[1225/2723] Compiling C object systemd-factory-reset.p/src_factory-reset_factory-reset-tool.c.o
[1226/2723] Compiling C object coredumpctl.p/src_coredump_coredumpctl.c.o
[1227/2723] Compiling C object systemd-hwdb.p/src_hwdb_hwdb.c.o
[1228/2723] Compiling C object systemd-id128.p/src_id128_id128.c.o
[1229/2723] Compiling C object systemd-pull.p/src_import_pull.c.o
[1230/2723] Compiling C object hostnamectl.p/src_hostname_hostnamectl.c.o
[1231/2723] Compiling C object systemd-import.p/src_import_import.c.o
[1232/2723] Compiling C object systemd-pull.p/src_import_pull-common.c.o
[1233/2723] Compiling C object systemd-pull.p/src_import_pull-tar.c.o
[1234/2723] Compiling C object systemd-export.p/src_import_export-tar.c.o
[1235/2723] Compiling C object systemd-fstab-generator.p/src_fstab-generator_fstab-generator.c.o
[1236/2723] Compiling C object systemd-import.p/src_import_import-tar.c.o
[1237/2723] Compiling C object systemd-gpt-auto-generator.p/src_gpt-auto-generator_gpt-auto-generator.c.o
[1238/2723] Compiling C object systemd-import.p/src_import_import-raw.c.o
[1239/2723] Compiling C object systemd-imdsd.p/src_imds_imds-util.c.o
[1240/2723] Compiling C object systemd-pull.p/src_import_pull-raw.c.o
[1241/2723] Compiling C object systemd-pull.p/src_import_pull-job.c.o
[1242/2723] Compiling C object systemd-import-fs.p/src_import_import-fs.c.o
[1243/2723] Compiling C object systemd-export.p/src_import_export.c.o
[1244/2723] Compiling C object systemd-export.p/src_import_export-raw.c.o
[1245/2723] Compiling C object test-oci-util.p/src_import_test-oci-util.c.o
[1246/2723] Compiling C object systemd-integritysetup.p/src_integritysetup_integrity-util.c.o
[1247/2723] Compiling C object test-tar.p/src_import_test-tar.c.o
[1248/2723] Compiling C object systemd-imds-generator.p/src_imds_imds-generator.c.o
[1249/2723] Compiling C object systemd-import-generator.p/src_import_import-generator.c.o
[1250/2723] Compiling C object test-qcow2.p/src_import_test-qcow2.c.o
[1251/2723] Compiling C object systemd-dissect.p/src_dissect_dissect.c.o
[1252/2723] Compiling C object systemd-integritysetup-generator.p/src_integritysetup_integritysetup-generator.c.o
[1253/2723] Compiling C object systemd-journald.p/meson-generated_.._src_journal_journald-gperf.c.o
[1254/2723] Compiling C object systemd-journald.p/src_journal_journald-client.c.o
[1255/2723] Compiling C object systemd-integritysetup.p/src_integritysetup_integritysetup.c.o
[1256/2723] Compiling C object systemd-journald.p/src_journal_journald-console.c.o
[1257/2723] Compiling C object systemd-journald.p/src_journal_journald-rate-limit.c.o
[1258/2723] Compiling C object importctl.p/src_import_importctl.c.o
[1259/2723] Compiling C object systemd-journald.p/src_journal_journald-varlink.c.o
[1260/2723] Compiling C object systemd-pull.p/src_import_pull-oci.c.o
[1261/2723] Compiling C object systemd-journald.p/src_journal_journald-audit.c.o
[1262/2723] Compiling C object systemd-journald.p/src_journal_journald-sync.c.o
[1263/2723] Compiling C object systemd-journald.p/src_journal_journald-wall.c.o
[1264/2723] Compiling C object systemd-journald.p/src_journal_journald-native.c.o
[1265/2723] Compiling C object systemd-journald.p/src_journal_journald.c.o
[1266/2723] Compiling C object systemd-imds.p/src_imds_imds-tool.c.o
[1267/2723] Compiling C object systemd-journald.p/src_journal_journald-config.c.o
[1268/2723] Compiling C object systemd-journald.p/src_journal_journald-syslog.c.o
[1269/2723] Compiling C object systemd-journald.p/src_journal_journald-kmsg.c.o
[1270/2723] Compiling C object systemd-cat.p/src_journal_cat.c.o
[1271/2723] Compiling C object systemd-journald.p/src_journal_journald-socket.c.o
[1272/2723] Compiling C object systemd-cryptsetup.p/src_cryptsetup_cryptsetup.c.o
[1273/2723] Compiling C object journalctl.p/src_journal_journalctl-catalog.c.o
[1274/2723] Compiling C object systemd-journald.p/src_journal_journald-context.c.o
[1275/2723] Compiling C object test-journald-rate-limit.p/src_journal_test-journald-rate-limit.c.o
[1276/2723] Compiling C object journalctl.p/src_journal_journalctl-authenticate.c.o
[1277/2723] Compiling C object journalctl.p/src_journal_journalctl-util.c.o
[1278/2723] Compiling C object journalctl.p/src_journal_journalctl-varlink-server.c.o
[1279/2723] Compiling C object test-journald-config.p/src_journal_test-journald-config.c.o
[1280/2723] Compiling C object test-journald-syslog.p/src_journal_test-journald-syslog.c.o
[1281/2723] Compiling C object journalctl.p/src_journal_journalctl-varlink.c.o
[1282/2723] Compiling C object fuzz-journald-audit.p/src_fuzz_fuzz-main.c.o
[1283/2723] Compiling C object systemd-journald.p/src_journal_journald-stream.c.o
[1284/2723] Compiling C object fuzz-journald-audit.p/src_journal_fuzz-journald-audit.c.o
[1285/2723] Compiling C object test-journald-tables.p/src_journal_test-journald-tables.c.o
[1286/2723] Compiling C object fuzz-journald-audit.p/src_journal_fuzz-journald-util.c.o
[1287/2723] Compiling C object journalctl.p/src_journal_journalctl-misc.c.o
[1288/2723] Compiling C object fuzz-journald-kmsg.p/src_journal_fuzz-journald-kmsg.c.o
[1289/2723] Compiling C object fuzz-journald-native.p/src_journal_fuzz-journald-native.c.o
[1290/2723] Compiling C object journalctl.p/src_journal_journalctl-filter.c.o
[1291/2723] Compiling C object journalctl.p/src_journal_journalctl-show.c.o
[1292/2723] Compiling C object fuzz-journald-syslog.p/src_journal_fuzz-journald-syslog.c.o
[1293/2723] Compiling C object fuzz-journald-kmsg.p/src_fuzz_fuzz-main.c.o
[1294/2723] Compiling C object fuzz-journald-native.p/src_fuzz_fuzz-main.c.o
[1295/2723] Compiling C object fuzz-journald-syslog.p/src_fuzz_fuzz-main.c.o
[1296/2723] Compiling C object fuzz-journald-stream.p/src_fuzz_fuzz-main.c.o
[1297/2723] Compiling C object fuzz-journald-native-fd.p/src_fuzz_fuzz-main.c.o
[1298/2723] Compiling C object fuzz-journald-native-fd.p/src_journal_fuzz-journald-native-fd.c.o
[1299/2723] Compiling C object journalctl.p/src_journal_journalctl.c.o
[1300/2723] Compiling C object fuzz-journald-stream.p/src_journal_fuzz-journald-stream.c.o
[1301/2723] Linking target systemd-localed
[1302/2723] Linking target systemd-keyutil
[1303/2723] Compiling C object systemd-journal-remote.p/src_journal-remote_journal-remote-parse.c.o
[1304/2723] Compiling C object systemd-journal-remote.p/src_journal-remote_journal-compression-util.c.o
[1305/2723] Compiling C object systemd-journal-upload.p/src_journal-remote_journal-header-util.c.o
[1306/2723] Linking target systemd-logind
[1307/2723] Compiling C object fuzz-journal-remote.p/src_fuzz_fuzz-main.c.o
[1308/2723] Compiling C object test-journal-header-util.p/src_journal-remote_test-journal-header-util.c.o
[1309/2723] Compiling C object systemd-journal-remote.p/src_journal-remote_journal-remote-write.c.o
[1310/2723] Compiling C object systemd-journal-remote.p/src_journal-remote_journal-remote.c.o
[1311/2723] Linking target systemd-machined
[1312/2723] Compiling C object fuzz-journal-remote.p/src_journal-remote_fuzz-journal-remote.c.o
[1313/2723] Compiling C object systemd-imdsd.p/src_imds_imdsd.c.o
[1314/2723] Compiling C object loginctl.p/src_login_sysfs-show.c.o
[1315/2723] Compiling C object systemd-journal-upload.p/src_journal-remote_journal-upload-journal.c.o
[1316/2723] Linking target systemd-measure
[1317/2723] Compiling C object test-inhibit.p/src_login_test-inhibit.c.o
[1318/2723] Compiling C object test-localed-util.p/src_locale_test-localed-util.c.o
[1319/2723] Compiling C object localectl.p/src_locale_localectl.c.o
[1320/2723] Compiling C object test-session-properties.p/src_login_test-session-properties.c.o
[1321/2723] Compiling C object systemd-journal-remote.p/src_journal-remote_journal-remote-main.c.o
[1322/2723] Compiling C object systemd-inhibit.p/src_login_inhibit.c.o
[1323/2723] Compiling C object test-machine-tables.p/src_machine_test-machine-tables.c.o
[1324/2723] Compiling C object systemd-mountfsd.p/src_mountfsd_mountfsd.c.o
[1325/2723] Compiling C object test-login-tables.p/src_login_test-login-tables.c.o
[1326/2723] Compiling C object systemd-user-runtime-dir.p/src_login_user-runtime-dir.c.o
[1327/2723] Linking target systemd-networkd
[1328/2723] Compiling C object systemd-machine-id-setup.p/src_machine-id-setup_machine-id-setup-main.c.o
[1329/2723] Compiling C object systemd-journald.p/src_journal_journald-manager.c.o
[1330/2723] Compiling C object systemd-journal-upload.p/src_journal-remote_journal-upload.c.o
[1331/2723] Compiling C object systemd-networkd-wait-online.p/src_network_wait-online_wait-online-link.c.o
[1332/2723] Compiling C object systemd-mstack.p/src_mstack_mstack-tool.c.o
[1333/2723] Compiling C object systemd-mountfsd.p/src_mountfsd_mountfsd-manager.c.o
[1334/2723] Compiling C object networkctl.p/src_network_networkctl-address-label.c.o
[1335/2723] Compiling C object networkctl.p/src_network_networkctl.c.o
[1336/2723] Compiling C object systemd-modules-load.p/src_modules-load_modules-load.c.o
[1337/2723] Compiling C object systemd-networkd-wait-online.p/src_network_wait-online_wait-online-manager.c.o
[1338/2723] Compiling C object systemd-mute-console.p/src_mute-console_mute-console.c.o
[1339/2723] Compiling C object networkctl.p/src_network_networkctl-description.c.o
[1340/2723] Compiling C object systemd-networkd-wait-online.p/src_network_wait-online_wait-online.c.o
[1341/2723] Compiling C object networkctl.p/src_network_networkctl-dhcp-lease.c.o
[1342/2723] Compiling C object networkctl.p/src_network_networkctl-journal.c.o
[1343/2723] Compiling C object networkctl.p/src_network_networkctl-link-info-json.c.o
[1344/2723] Compiling C object loginctl.p/src_login_loginctl.c.o
[1345/2723] Compiling C object networkctl.p/src_network_networkctl-status-system.c.o
[1346/2723] Compiling C object kernel-install.p/src_kernel-install_kernel-install.c.o
[1347/2723] Compiling C object systemd-mountwork.p/src_mountfsd_mountwork.c.o
[1348/2723] Compiling C object networkctl.p/src_network_networkctl-dump-util.c.o
[1349/2723] Compiling C object networkctl.p/src_network_networkctl-link-info.c.o
[1350/2723] Compiling C object networkctl.p/src_network_networkctl-list.c.o
[1351/2723] Compiling C object networkctl.p/src_network_networkctl-config-file.c.o
[1352/2723] Compiling C object networkctl.p/src_network_networkctl-misc.c.o
[1353/2723] Compiling C object networkctl.p/src_network_networkctl-util.c.o
[1354/2723] Compiling C object test-networkd-util.p/src_network_test-networkd-util.c.o
[1355/2723] Compiling C object networkctl.p/src_network_networkctl-lldp.c.o
[1356/2723] Compiling C object fuzz-netdev-parser.p/src_network_fuzz-netdev-parser.c.o
[1357/2723] Compiling C object fuzz-netdev-parser.p/src_fuzz_fuzz-main.c.o
[1358/2723] Compiling C object systemd-mount.p/src_mount_mount-tool.c.o
[1359/2723] Compiling C object test-modem-manager-mock.p/src_network_test-modem-manager-mock.c.o
[1360/2723] Compiling C object systemd-network-generator.p/src_network_generator_network-generator-main.c.o
[1361/2723] Compiling C object fuzz-network-parser.p/src_network_fuzz-network-parser.c.o
[1362/2723] Compiling C object fuzz-network-parser.p/src_fuzz_fuzz-main.c.o
[1363/2723] Compiling C object networkctl.p/src_network_networkctl-status-link.c.o
[1364/2723] Compiling C object test-networkd-address.p/src_network_test-networkd-address.c.o
[1365/2723] Compiling C object test-network-generator.p/src_network_generator_test-network-generator.c.o
[1366/2723] Compiling C object test-network-tables.p/src_network_test-network-tables.c.o
[1367/2723] Compiling C object test-network.p/src_network_test-network.c.o
[1368/2723] Compiling C object systemd-nspawn.p/meson-generated_.._src_nspawn_nspawn-gperf.c.o
[1369/2723] Compiling C object systemd-nspawn.p/src_nspawn_nspawn-register.c.o
[1370/2723] Compiling C object systemd-network-generator.p/src_network_generator_network-generator.c.o
[1371/2723] Compiling C object test-networkd-conf.p/src_network_test-networkd-conf.c.o
[1372/2723] Compiling C object systemd-nspawn.p/src_nspawn_nspawn-expose-ports.c.o
[1373/2723] Compiling C object systemd-nspawn.p/src_nspawn_nspawn-cgroup.c.o
[1374/2723] Compiling C object systemd-nspawn.p/src_nspawn_nspawn-setuid.c.o
[1375/2723] Compiling C object systemd-nspawn.p/src_nspawn_nspawn-stub-pid1.c.o
[1376/2723] Compiling C object systemd-nspawn.p/src_nspawn_nspawn-seccomp.c.o
[1377/2723] Compiling C object test-nspawn-tables.p/src_nspawn_test-nspawn-tables.c.o
[1378/2723] Compiling C object fuzz-nspawn-settings.p/src_fuzz_fuzz-main.c.o
[1379/2723] Compiling C object systemd-nspawn.p/src_nspawn_nspawn-bind-user.c.o
[1380/2723] Compiling C object fuzz-nspawn-settings.p/src_nspawn_fuzz-nspawn-settings.c.o
[1381/2723] Compiling C object fuzz-nspawn-oci.p/src_nspawn_fuzz-nspawn-oci.c.o
[1382/2723] Compiling C object systemd-nsresourced.p/src_nsresourced_userns-restrict.c.o
[1383/2723] Compiling C object fuzz-nspawn-oci.p/src_fuzz_fuzz-main.c.o
[1384/2723] Linking target systemd-oomd
[1385/2723] Compiling C object systemd-nsresourced.p/src_nsresourced_nsresourced.c.o
[1386/2723] Compiling C object systemd-notify.p/src_notify_notify.c.o
[1387/2723] Linking target systemd-portabled
[1388/2723] Compiling C object oomctl.p/src_oom_oomctl.c.o
[1389/2723] Compiling C object machinectl.p/src_machine_machinectl.c.o
[1390/2723] Compiling C object systemd-nsresourced.p/src_nsresourced_nsresourced-manager.c.o
[1391/2723] Compiling C object systemd-quotacheck.p/src_quotacheck_quotacheck.c.o
[1392/2723] Compiling C object systemd-nspawn.p/src_nspawn_nspawn-network.c.o
[1393/2723] Compiling C object systemd-path.p/src_path_path-tool.c.o
[1394/2723] Compiling C object systemd-nspawn.p/src_nspawn_nspawn-settings.c.o
[1395/2723] Compiling C object systemd-pcrlock.p/src_pcrlock_pcrlock-firmware.c.o
[1396/2723] Compiling C object systemd-nspawn.p/src_nspawn_nspawn-mount.c.o
[1397/2723] Compiling C object systemd-pty-forward.p/src_ptyfwd_ptyfwd-tool.c.o
[1398/2723] Compiling C object systemd-pcrextend.p/src_pcrextend_pcrextend.c.o
[1399/2723] Compiling C object systemd-random-seed.p/src_random-seed_random-seed-tool.c.o
[1400/2723] Compiling C object systemd-remount-fs.p/src_remount-fs_remount-fs.c.o
[1401/2723] Compiling C object systemd-pstore.p/src_pstore_pstore.c.o
[1402/2723] Compiling C object systemd-repart.p/src_repart_iso9660.c.o
[1403/2723] Compiling C object systemd-nsresourced.p/src_nsresourced_userns-registry.c.o
[1404/2723] Linking target systemd-resolved
[1405/2723] Compiling C object portablectl.p/src_portable_portablectl.c.o
[1406/2723] Compiling C object systemd-report.p/src_report_report-upload.c.o
[1407/2723] Compiling C object systemd-reply-password.p/src_reply-password_reply-password.c.o
[1408/2723] Compiling C object systemd-report-basic.p/src_report_report-basic-server.c.o
[1409/2723] Compiling C object systemd-report-cgroup.p/src_report_report-cgroup-server.c.o
[1410/2723] Compiling C object systemd-report-cgroup.p/src_report_report-cgroup.c.o
[1411/2723] Compiling C object systemd-report-basic.p/src_report_report-basic.c.o
[1412/2723] Compiling C object systemd-report.p/src_report_report.c.o
[1413/2723] Compiling C object test-oomd-util.p/src_oom_test-oomd-util.c.o
[1414/2723] Compiling C object test-resolve-tables.p/src_resolve_test-resolve-tables.c.o
[1415/2723] Compiling C object resolvectl.p/src_resolve_resolvconf-compat.c.o
[1416/2723] Compiling C object systemd-nsresourcework.p/src_nsresourced_nsresourcework.c.o
[1417/2723] Compiling C object test-dns-packet.p/src_resolve_test-dns-packet.c.o
[1418/2723] Compiling C object systemd-nspawn.p/src_nspawn_nspawn-oci.c.o
[1419/2723] Compiling C object test-resolved-etc-hosts.p/src_resolve_test-resolved-etc-hosts.c.o
[1420/2723] Compiling C object test-dnssec-complex.p/src_resolve_test-dnssec-complex.c.o
[1421/2723] Compiling C object test-resolved-packet.p/src_resolve_test-resolved-packet.c.o
[1422/2723] Compiling C object test-dns-zone.p/src_resolve_test-dns-zone.c.o
[1423/2723] Compiling C object test-dns-search-domain.p/src_resolve_test-dns-search-domain.c.o
[1424/2723] Compiling C object fuzz-dns-packet.p/src_resolve_fuzz-dns-packet.c.o
[1425/2723] Compiling C object test-dns-synthesize.p/src_resolve_test-dns-synthesize.c.o
[1426/2723] Compiling C object test-resolved-link.p/src_resolve_test-resolved-link.c.o
[1427/2723] Compiling C object fuzz-etc-hosts.p/src_resolve_fuzz-etc-hosts.c.o
[1428/2723] Compiling C object test-resolved-stream.p/src_resolve_test-resolved-stream.c.o
[1429/2723] Compiling C object test-dnssec.p/src_resolve_test-dnssec.c.o
[1430/2723] Compiling C object test-resolved-dummy-server.p/src_resolve_test-resolved-dummy-server.c.o
[1431/2723] Compiling C object test-dns-answer.p/src_resolve_test-dns-answer.c.o
[1432/2723] Compiling C object fuzz-dns-packet.p/src_fuzz_fuzz-main.c.o
[1433/2723] Compiling C object fuzz-resource-record.p/src_fuzz_fuzz-main.c.o
[1434/2723] Linking target systemd-sbsign
[1435/2723] Compiling C object fuzz-etc-hosts.p/src_fuzz_fuzz-main.c.o
[1436/2723] Compiling C object test-dns-packet-append.p/src_resolve_test-dns-packet-append.c.o
[1437/2723] Compiling C object fuzz-resource-record.p/src_resolve_fuzz-resource-record.c.o
[1438/2723] Compiling C object test-dns-cache.p/src_resolve_test-dns-cache.c.o
[1439/2723] Compiling C object systemd-run-generator.p/src_run-generator_run-generator.c.o
[1440/2723] Compiling C object test-dns-question.p/src_resolve_test-dns-question.c.o
[1441/2723] Compiling C object systemd-shutdown.p/src_shutdown_detach-loopback.c.o
[1442/2723] Compiling C object systemd-shutdown.p/src_shutdown_detach-dm.c.o
[1443/2723] Compiling C object systemd-rfkill.p/src_rfkill_rfkill.c.o
[1444/2723] Compiling C object systemd-shutdown.p/src_shutdown_detach-swap.c.o
[1445/2723] Compiling C object systemd-nspawn.p/src_nspawn_nspawn.c.o
../src/nspawn/nspawn.c:160:20: warning: variable 'arg_selinux_context' set but not used [-Wunused-but-set-global]
  160 | static const char *arg_selinux_context = NULL;
      |                    ^
1 warning generated.
[1446/2723] Compiling C object systemd-shutdown.p/src_shutdown_detach-md.c.o
[1447/2723] Compiling C object test-umount.p/src_shutdown_test-umount.c.o
[1448/2723] Compiling C object test-umount.p/src_shutdown_detach-swap.c.o
[1449/2723] Compiling C object systemd-shutdown.p/src_shutdown_umount.c.o
[1450/2723] Compiling C object test-dns-query.p/src_resolve_test-dns-query.c.o
[1451/2723] Compiling C object systemd-ssh-generator.p/src_ssh-generator_ssh-util.c.o
[1452/2723] Compiling C object systemd-shutdown.p/src_shutdown_shutdown.c.o
[1453/2723] Compiling C object test-battery-capacity.p/src_sleep_test-battery-capacity.c.o
[1454/2723] Compiling C object systemd-sleep.p/src_sleep_battery-capacity.c.o
[1455/2723] Compiling C object systemd-ssh-generator.p/src_ssh-generator_ssh-generator.c.o
[1456/2723] Compiling C object systemd-ssh-issue.p/src_ssh-generator_ssh-issue.c.o
[1457/2723] Compiling C object systemd-ssh-proxy.p/src_ssh-generator_ssh-proxy.c.o
[1458/2723] Compiling C object systemd-sleep.p/src_sleep_sleep.c.o
[1459/2723] Compiling C object test-umount.p/src_shutdown_umount.c.o
[1460/2723] Compiling C object systemd-storage-fs.p/src_storage_storage-fs.c.o
[1461/2723] Compiling C object systemd-socket-activate.p/src_socket-activate_socket-activate.c.o
[1462/2723] Compiling C object systemd-socket-proxyd.p/src_socket-proxy_socket-proxyd.c.o
[1463/2723] Compiling C object systemd-storage-block.p/src_storage_storage-block.c.o
[1464/2723] Compiling C object test-dns-rr.p/src_resolve_test-dns-rr.c.o
[1465/2723] Compiling C object systemd-sulogin-shell.p/src_sulogin-shell_sulogin-shell.c.o
[1466/2723] Compiling C object systemd-stdio-bridge.p/src_stdio-bridge_stdio-bridge.c.o
[1467/2723] Compiling C object systemd-system-update-generator.p/src_system-update-generator_system-update-generator.c.o
[1468/2723] Compiling C object systemctl.p/src_systemctl_systemctl-cancel-job.c.o
[1469/2723] Compiling C object systemctl.p/src_systemctl_systemctl-is-active.c.o
[1470/2723] Compiling C object systemctl.p/src_systemctl_systemctl-clean-or-freeze.c.o
[1471/2723] Compiling C object resolvectl.p/src_resolve_resolvectl.c.o
[1472/2723] Compiling C object systemctl.p/src_systemctl_systemctl-is-enabled.c.o
[1473/2723] Compiling C object storagectl.p/src_storage_storagectl.c.o
[1474/2723] Compiling C object systemctl.p/src_systemctl_systemctl-is-system-running.c.o
[1475/2723] Compiling C object systemctl.p/src_systemctl_systemctl-edit.c.o
[1476/2723] Compiling C object systemctl.p/src_systemctl_systemctl-add-dependency.c.o
[1477/2723] Compiling C object systemd-sysctl.p/src_sysctl_sysctl.c.o
[1478/2723] Compiling C object systemctl.p/src_systemctl_systemctl-kill.c.o
[1479/2723] Compiling C object systemd-pcrlock.p/src_pcrlock_pcrlock.c.o
[1480/2723] Compiling C object systemctl.p/src_systemctl_systemctl-enable.c.o
[1481/2723] Compiling C object systemctl.p/src_systemctl_systemctl-main.c.o
[1482/2723] Compiling C object systemctl.p/src_systemctl_systemctl-list-dependencies.c.o
[1483/2723] Compiling C object systemctl.p/src_systemctl_systemctl-list-jobs.c.o
[1484/2723] Compiling C object systemd-storagetm.p/src_storagetm_storagetm.c.o
[1485/2723] Compiling C object systemctl.p/src_systemctl_systemctl-list-machines.c.o
[1486/2723] Compiling C object systemctl.p/src_systemctl_systemctl-list-unit-files.c.o
[1487/2723] Compiling C object systemctl.p/src_systemctl_systemctl-log-setting.c.o
[1488/2723] Compiling C object systemctl.p/src_systemctl_systemctl-preset-all.c.o
[1489/2723] Compiling C object systemctl.p/src_systemctl_systemctl-mount.c.o
[1490/2723] Compiling C object systemctl.p/src_systemctl_systemctl-service-watchdogs.c.o
[1491/2723] Compiling C object systemctl.p/src_systemctl_systemctl-reset-failed.c.o
[1492/2723] Compiling C object systemctl.p/src_systemctl_systemctl-whoami.c.o
[1493/2723] Compiling C object systemctl.p/src_systemctl_systemctl-set-property.c.o
[1494/2723] Compiling C object systemd-run.p/src_run_run.c.o
[1495/2723] Compiling C object systemctl.p/src_systemctl_systemctl-trivial-method.c.o
[1496/2723] Compiling C object systemctl.p/src_systemctl_systemctl-switch-root.c.o
[1497/2723] Compiling C object systemctl.p/src_systemctl_systemctl-set-default.c.o
[1498/2723] Compiling C object systemd-sysinstall.p/src_sysinstall_sysinstall.c.o
[1499/2723] Compiling C object systemctl.p/src_systemctl_systemctl-compat-shutdown.c.o
[1500/2723] Compiling C object systemctl.p/src_systemctl_systemctl-set-environment.c.o
[1501/2723] Compiling C object fuzz-systemctl-parse-argv.p/src_fuzz_fuzz-main.c.o
[1502/2723] Compiling C object systemctl.p/src_systemctl_systemctl-daemon-reload.c.o
[1503/2723] Compiling C object systemctl.p/src_systemctl_systemctl-compat-halt.c.o
[1504/2723] Compiling C object systemctl.p/src_systemctl_systemctl-start-special.c.o
[1505/2723] Linking target systemd-timedated
[1506/2723] Compiling C object fuzz-systemctl-parse-argv.p/src_systemctl_fuzz-systemctl-parse-argv.c.o
[1507/2723] Compiling C object systemd-timesyncd.p/meson-generated_.._src_timesync_timesyncd-gperf.c.o
[1508/2723] Compiling C object systemctl.p/src_systemctl_systemctl-start-unit.c.o
[1509/2723] Compiling C object systemd-timesyncd.p/src_timesync_timesyncd.c.o
[1510/2723] Compiling C object systemd-timesyncd.p/src_timesync_timesyncd-server.c.o
[1511/2723] Compiling C object systemd-timesyncd.p/src_timesync_timesyncd-bus.c.o
[1512/2723] Compiling C object test-timesync.p/src_timesync_test-timesync.c.o
[1513/2723] Compiling C object systemctl.p/src_systemctl_systemctl-list-units.c.o
[1514/2723] Compiling C object systemctl.p/src_systemctl_systemctl-logind.c.o
[1515/2723] Compiling C object systemd-timesyncd.p/src_timesync_timesyncd-conf.c.o
[1516/2723] Compiling C object systemd-tmpfiles.p/src_tmpfiles_offline-passwd.c.o
[1517/2723] Compiling C object test-offline-passwd.p/src_tmpfiles_test-offline-passwd.c.o
[1518/2723] Compiling C object systemd-time-wait-sync.p/src_timesync_wait-sync.c.o
[1519/2723] Compiling C object systemctl.p/src_systemctl_systemctl.c.o
[1520/2723] Compiling C object test-offline-passwd.p/src_tmpfiles_offline-passwd.c.o
[1521/2723] Compiling C object systemctl.p/src_systemctl_systemctl-util.c.o
[1522/2723] Compiling C object systemd-update-utmp.p/src_update-utmp_update-utmp.c.o
[1523/2723] Compiling C object systemd-update-done.p/src_update-done_update-done.c.o
[1524/2723] Compiling C object systemd-tpm2-generator.p/src_tpm2-setup_tpm2-generator.c.o
[1525/2723] Compiling C object timedatectl.p/src_timedate_timedatectl.c.o
[1526/2723] Compiling C object systemd-tpm2-clear.p/src_tpm2-setup_tpm2-clear.c.o
[1527/2723] Compiling C object systemd-tpm2-swtpm.p/src_tpm2-setup_tpm2-swtpm.c.o
[1528/2723] Compiling C object systemd-userdbd.p/src_userdb_userdbd.c.o
[1529/2723] Compiling C object systemd-user-sessions.p/src_user-sessions_user-sessions.c.o
[1530/2723] Compiling C object systemd-userwork.p/src_userdb_userwork.c.o
[1531/2723] Compiling C object systemd-sysusers.p/src_sysusers_sysusers.c.o
[1532/2723] Compiling C object systemd-timesyncd.p/src_timesync_timesyncd-manager.c.o
[1533/2723] Compiling C object systemd-sysext.p/src_sysext_sysext.c.o
[1534/2723] Compiling C object systemd-userdbd.p/src_userdb_userdbd-manager.c.o
[1535/2723] Compiling C object systemctl.p/src_systemctl_systemctl-show.c.o
[1536/2723] Compiling C object systemd-xdg-autostart-generator.p/src_xdg-autostart-generator_xdg-autostart-generator.c.o
[1537/2723] Compiling C object systemd-vpick.p/src_vpick_vpick-tool.c.o
[1538/2723] Compiling C object systemd-veritysetup-generator.p/src_veritysetup_veritysetup-generator.c.o
[1539/2723] Compiling C object systemd-tty-ask-password-agent.p/src_tty-ask-password-agent_tty-ask-password-agent.c.o
[1540/2723] Compiling C object systemd-volatile-root.p/src_volatile-root_volatile-root.c.o
[1541/2723] Compiling C object systemd-validatefs.p/src_validatefs_validatefs.c.o
[1542/2723] Compiling C object systemd-xdg-autostart-condition.p/src_xdg-autostart-generator_xdg-autostart-condition.c.o
[1543/2723] Compiling C object fuzz-xdg-desktop.p/src_fuzz_fuzz-main.c.o
[1544/2723] Compiling C object systemd-xdg-autostart-generator.p/src_xdg-autostart-generator_xdg-autostart-service.c.o
[1545/2723] Compiling C object test-dns-packet-extract.p/src_resolve_test-dns-packet-extract.c.o
[1546/2723] Compiling C object systemd-tpm2-setup.p/src_tpm2-setup_tpm2-setup.c.o
[1547/2723] Compiling C object systemd-vconsole-setup.p/src_vconsole_vconsole-setup.c.o
[1548/2723] Compiling C object test-af-list.p/src_test_test-af-list.c.o
[1549/2723] Compiling C object systemd-veritysetup.p/src_veritysetup_veritysetup.c.o
[1550/2723] Compiling C object test-ask-password-api.p/src_test_test-ask-password-api.c.o
[1551/2723] Compiling C object fuzz-xdg-desktop.p/src_xdg-autostart-generator_fuzz-xdg-desktop.c.o
[1552/2723] Compiling C object test-xdg-autostart.p/src_xdg-autostart-generator_test-xdg-autostart.c.o
[1553/2723] Compiling C object test-coredump-stacktrace.p/src_test_test-coredump-stacktrace.c.o
[1554/2723] Compiling C object test-compress-benchmark.p/src_test_test-compress-benchmark.c.o
[1555/2723] Compiling C object test-acl-util.p/src_test_test-acl-util.c.o
[1556/2723] Compiling C object test-boot-timestamps.p/src_test_test-boot-timestamps.c.o
[1557/2723] Compiling C object test-dlopen.p/src_test_test-dlopen.c.o
[1558/2723] Compiling C object test-chase-manual.p/src_test_test-chase-manual.c.o
[1559/2723] Compiling C object test-display-quota.p/src_test_test-display-quota.c.o
[1560/2723] Compiling C object test-async.p/src_test_test-async.c.o
[1561/2723] Compiling C object test-fdstore.p/src_test_test-fdstore.c.o
[1562/2723] Compiling C object test-btrfs.p/src_test_test-btrfs.c.o
[1563/2723] Compiling C object test-errno-list.p/src_test_test-errno-list.c.o
[1564/2723] Compiling C object test-libmount.p/src_test_test-libmount.c.o
[1565/2723] Compiling C object test-hashmap.p/src_test_test-hashmap.c.o
[1566/2723] Compiling C object test-libcrypt-util.p/src_test_test-libcrypt-util.c.o
[1567/2723] Compiling C object test-ipcrm.p/src_test_test-ipcrm.c.o
[1568/2723] Compiling C object varlinkctl.p/src_varlinkctl_varlinkctl.c.o
[1569/2723] Compiling C object test-loopback.p/src_test_test-loopback.c.o
[1570/2723] Compiling C object test-kexec.p/src_test_test-kexec.c.o
[1571/2723] Compiling C object test-nft-set.p/src_test_test-nft-set.c.o
[1572/2723] Compiling C object userdbctl.p/src_userdb_userdbctl.c.o
[1573/2723] Compiling C object test-curl-util.p/src_test_test-curl-util.c.o
[1574/2723] Compiling C object test-netlink-manual.p/src_test_test-netlink-manual.c.o
[1575/2723] Compiling C object test-hashmap.p/meson-generated_.._src_test_test-hashmap-ordered.c.o
[1576/2723] Compiling C object test-nss-hosts.p/src_test_nss-test-util.c.o
[1577/2723] Compiling C object test-crypto-util.p/src_test_test-crypto-util.c.o
[1578/2723] Compiling C object test-luo.p/src_test_test-luo.c.o
[1579/2723] Compiling C object test-pkcs7-util.p/src_test_test-pkcs7-util.c.o
[1580/2723] Compiling C object test-shift-uid.p/src_test_test-shift-uid.c.o
[1581/2723] Compiling C object test-reread-partition-table-manual.p/src_test_test-reread-partition-table-manual.c.o
[1582/2723] Compiling C object test-math-util.p/src_test_test-math-util.c.o
[1583/2723] Compiling C object test-dlopen-so.p/src_test_test-dlopen-so.c.o
In file included from ../src/test/test-dlopen-so.c:15:
../src/shared/idn-util.h:14:49: warning: '__const__' attribute only applies to functions [-Wignored-attributes]
   14 | extern const char *(*sym_idn2_strerror)(int rc) _const_;
      |                                                 ^
../src/basic/../fundamental/macro.h:80:32: note: expanded from macro '_const_'
   80 | #define _const_ __attribute__((__const__))
      |                                ^
1 warning generated.
[1584/2723] Compiling C object test-sbat.p/src_test_test-sbat.c.o
[1585/2723] Compiling C object test-sleep.p/src_test_test-sleep.c.o
[1586/2723] Compiling C object test-random-util.p/src_test_test-random-util.c.o
[1587/2723] Compiling C object test-selinux.p/src_test_test-selinux.c.o
[1588/2723] Compiling C object test-sizeof.p/src_test_test-sizeof.c.o
[1589/2723] Compiling C object test-hashmap.p/src_test_test-hashmap-plain.c.o
[1590/2723] Compiling C object test-fd-util.p/src_test_test-fd-util.c.o
[1591/2723] Compiling C object test-nss-users.p/src_test_test-nss-users.c.o
[1592/2723] Compiling C object test-utmp.p/src_test_test-utmp.c.o
[1593/2723] Compiling C object test-varlink-idl-machine.p/src_test_test-varlink-idl-machine.c.o
[1594/2723] Compiling C object test-watchdog.p/src_test_test-watchdog.c.o
[1595/2723] Compiling C object test-varlink-idl-login.p/src_test_test-varlink-idl-login.c.o
[1596/2723] Compiling C object test-mount-util.p/src_test_test-mount-util.c.o
[1597/2723] Compiling C object test-libudev-sym.p/meson-generated_.._src_test_test-libudev-sym.c.o
[1598/2723] Compiling C object systemd-tmpfiles.p/src_tmpfiles_tmpfiles.c.o
[1599/2723] Compiling C object test-nss-hosts.p/src_test_test-nss-hosts.c.o
[1600/2723] Compiling C object test-compress.p/src_test_test-compress.c.o
[1601/2723] Compiling C object test-libsystemd-sym.p/meson-generated_.._src_test_test-libsystemd-sym.c.o
[1602/2723] Compiling C object test-bpf-restrict-fsaccess.p/src_test_test-bpf-restrict-fsaccess.c.o
[1603/2723] Compiling C object test-thp.p/src_test_test-thp.c.o
[1604/2723] Compiling C object test-cgroup-cpu.p/src_test_test-cgroup-cpu.c.o
[1605/2723] Compiling C object test-emergency-action.p/src_test_test-emergency-action.c.o
[1606/2723] Compiling C object test-bpf-foreign-programs.p/src_test_test-bpf-foreign-programs.c.o
In file included from ../src/test/test-bpf-foreign-programs.c:10:
In file included from ../src/core/manager.h:9:
In file included from ../src/core/execute.h:14:
../src/core/namespace.h:260:75: warning: '__const__' attribute only applies to functions [-Wignored-attributes]
  260 | char* bpf_delegate_to_string(uint64_t u, const char * (*parser)(uint64_t) _const_);
      |                                                                           ^
../src/basic/../fundamental/macro.h:80:32: note: expanded from macro '_const_'
   80 | #define _const_ __attribute__((__const__))
      |                                ^
1 warning generated.
[1607/2723] Compiling C object test-bpf-restrict-fs.p/src_test_test-bpf-restrict-fs.c.o
In file included from ../src/test/test-bpf-restrict-fs.c:5:
In file included from ../src/core/manager.h:9:
In file included from ../src/core/execute.h:14:
../src/core/namespace.h:260:75: warning: '__const__' attribute only applies to functions [-Wignored-attributes]
  260 | char* bpf_delegate_to_string(uint64_t u, const char * (*parser)(uint64_t) _const_);
      |                                                                           ^
../src/basic/../fundamental/macro.h:80:32: note: expanded from macro '_const_'
   80 | #define _const_ __attribute__((__const__))
      |                                ^
1 warning generated.
[1608/2723] Compiling C object test-core-unit.p/src_test_test-core-unit.c.o
In file included from ../src/test/test-core-unit.c:7:
In file included from ../src/core/unit.h:8:
In file included from ../src/core/execute.h:14:
../src/core/namespace.h:260:75: warning: '__const__' attribute only applies to functions [-Wignored-attributes]
  260 | char* bpf_delegate_to_string(uint64_t u, const char * (*parser)(uint64_t) _const_);
      |                                                                           ^
../src/basic/../fundamental/macro.h:80:32: note: expanded from macro '_const_'
   80 | #define _const_ __attribute__((__const__))
      |                                ^
1 warning generated.
[1609/2723] Compiling C object test-bpf-firewall.p/src_test_test-bpf-firewall.c.o
In file included from ../src/test/test-bpf-firewall.c:11:
In file included from ../src/core/manager.h:9:
In file included from ../src/core/execute.h:14:
../src/core/namespace.h:260:75: warning: '__const__' attribute only applies to functions [-Wignored-attributes]
  260 | char* bpf_delegate_to_string(uint64_t u, const char * (*parser)(uint64_t) _const_);
      |                                                                           ^
../src/basic/../fundamental/macro.h:80:32: note: expanded from macro '_const_'
   80 | #define _const_ __attribute__((__const__))
      |                                ^
1 warning generated.
[1610/2723] Compiling C object test-chown-rec.p/src_test_test-chown-rec.c.o
[1611/2723] Compiling C object test-bpf-devices.p/src_test_test-bpf-devices.c.o
[1612/2723] Compiling C object test-taint.p/src_test_test-taint.c.o
[1613/2723] Compiling C object test-cgroup-mask.p/src_test_test-cgroup-mask.c.o
In file included from ../src/test/test-cgroup-mask.c:5:
In file included from ../src/core/manager.h:9:
In file included from ../src/core/execute.h:14:
../src/core/namespace.h:260:75: warning: '__const__' attribute only applies to functions [-Wignored-attributes]
  260 | char* bpf_delegate_to_string(uint64_t u, const char * (*parser)(uint64_t) _const_);
      |                                                                           ^
../src/basic/../fundamental/macro.h:80:32: note: expanded from macro '_const_'
   80 | #define _const_ __attribute__((__const__))
      |                                ^
1 warning generated.
[1614/2723] Compiling C object test-job-type.p/src_test_test-job-type.c.o
In file included from ../src/test/test-job-type.c:5:
In file included from ../src/core/service.h:9:
In file included from ../src/core/unit.h:8:
In file included from ../src/core/execute.h:14:
../src/core/namespace.h:260:75: warning: '__const__' attribute only applies to functions [-Wignored-attributes]
  260 | char* bpf_delegate_to_string(uint64_t u, const char * (*parser)(uint64_t) _const_);
      |                                                                           ^
../src/basic/../fundamental/macro.h:80:32: note: expanded from macro '_const_'
   80 | #define _const_ __attribute__((__const__))
      |                                ^
1 warning generated.
[1615/2723] Compiling C object test-ns.p/src_test_test-ns.c.o
In file included from ../src/test/test-ns.c:8:
../src/core/namespace.h:260:75: warning: '__const__' attribute only applies to functions [-Wignored-attributes]
  260 | char* bpf_delegate_to_string(uint64_t u, const char * (*parser)(uint64_t) _const_);
      |                                                                           ^
../src/basic/../fundamental/macro.h:80:32: note: expanded from macro '_const_'
   80 | #define _const_ __attribute__((__const__))
      |                                ^
1 warning generated.
[1616/2723] Compiling C object test-sched-prio.p/src_test_test-sched-prio.c.o
In file included from ../src/test/test-sched-prio.c:8:
In file included from ../src/core/all-units.h:4:
In file included from ../src/core/automount.h:5:
In file included from ../src/core/unit.h:8:
In file included from ../src/core/execute.h:14:
../src/core/namespace.h:260:75: warning: '__const__' attribute only applies to functions [-Wignored-attributes]
  260 | char* bpf_delegate_to_string(uint64_t u, const char * (*parser)(uint64_t) _const_);
      |                                                                           ^
../src/basic/../fundamental/macro.h:80:32: note: expanded from macro '_const_'
   80 | #define _const_ __attribute__((__const__))
      |                                ^
1 warning generated.
[1617/2723] Compiling C object test-install.p/src_test_test-install.c.o
[1618/2723] Compiling C object test-seccomp.p/src_test_test-seccomp.c.o
[1619/2723] Compiling C object test-varlink-idl-job.p/src_test_test-varlink-idl-job.c.o
[1620/2723] Compiling C object test-unit-serialize.p/src_test_test-unit-serialize.c.o
In file included from ../src/test/test-unit-serialize.c:3:
In file included from ../src/core/manager.h:9:
In file included from ../src/core/execute.h:14:
../src/core/namespace.h:260:75: warning: '__const__' attribute only applies to functions [-Wignored-attributes]
  260 | char* bpf_delegate_to_string(uint64_t u, const char * (*parser)(uint64_t) _const_);
      |                                                                           ^
../src/basic/../fundamental/macro.h:80:32: note: expanded from macro '_const_'
   80 | #define _const_ __attribute__((__const__))
      |                                ^
1 warning generated.
[1621/2723] Compiling C object test-engine.p/src_test_test-engine.c.o
In file included from ../src/test/test-engine.c:7:
In file included from ../src/core/manager.h:9:
In file included from ../src/core/execute.h:14:
../src/core/namespace.h:260:75: warning: '__const__' attribute only applies to functions [-Wignored-attributes]
  260 | char* bpf_delegate_to_string(uint64_t u, const char * (*parser)(uint64_t) _const_);
      |                                                                           ^
../src/basic/../fundamental/macro.h:80:32: note: expanded from macro '_const_'
   80 | #define _const_ __attribute__((__const__))
      |                                ^
1 warning generated.
[1622/2723] Compiling C object test-udev-device-thread.p/src_libudev_test-udev-device-thread.c.o
[1623/2723] Compiling C object test-time-util.p/src_test_test-time-util.c.o
[1624/2723] Compiling C object test-watch-pid.p/src_test_test-watch-pid.c.o
In file included from ../src/test/test-watch-pid.c:5:
In file included from ../src/core/manager.h:9:
In file included from ../src/core/execute.h:14:
../src/core/namespace.h:260:75: warning: '__const__' attribute only applies to functions [-Wignored-attributes]
  260 | char* bpf_delegate_to_string(uint64_t u, const char * (*parser)(uint64_t) _const_);
      |                                                                           ^
../src/basic/../fundamental/macro.h:80:32: note: expanded from macro '_const_'
   80 | #define _const_ __attribute__((__const__))
      |                                ^
1 warning generated.
[1625/2723] Compiling C object test-sd-device-thread.p/src_libsystemd_sd-device_test-sd-device-thread.c.o
[1626/2723] Compiling C object test-bus-introspect.p/src_libsystemd_sd-bus_test-bus-introspect.c.o
[1627/2723] Compiling C object test-varlink-idl-manager.p/src_test_test-varlink-idl-manager.c.o
In file included from ../src/test/test-varlink-idl-manager.c:5:
In file included from ../src/core/execute.h:14:
../src/core/namespace.h:260:75: warning: '__const__' attribute only applies to functions [-Wignored-attributes]
  260 | char* bpf_delegate_to_string(uint64_t u, const char * (*parser)(uint64_t) _const_);
      |                                                                           ^
../src/basic/../fundamental/macro.h:80:32: note: expanded from macro '_const_'
   80 | #define _const_ __attribute__((__const__))
      |                                ^
1 warning generated.
[1628/2723] Compiling C object test-bus-error.p/src_libsystemd_sd-bus_test-bus-error.c.o
[1629/2723] Compiling C object test-bus-creds.p/src_libsystemd_sd-bus_test-bus-creds.c.o
[1630/2723] Compiling C object test-loop-util.p/src_test_test-loop-util.c.o
[1631/2723] Compiling C object test-path.p/src_test_test-path.c.o
In file included from ../src/test/test-path.c:7:
In file included from ../src/core/all-units.h:4:
In file included from ../src/core/automount.h:5:
In file included from ../src/core/unit.h:8:
In file included from ../src/core/execute.h:14:
../src/core/namespace.h:260:75: warning: '__const__' attribute only applies to functions [-Wignored-attributes]
  260 | char* bpf_delegate_to_string(uint64_t u, const char * (*parser)(uint64_t) _const_);
      |                                                                           ^
../src/basic/../fundamental/macro.h:80:32: note: expanded from macro '_const_'
   80 | #define _const_ __attribute__((__const__))
      |                                ^
1 warning generated.
[1632/2723] Compiling C object test-namespace.p/src_test_test-namespace.c.o
In file included from ../src/test/test-namespace.c:21:
../src/core/namespace.h:260:75: warning: '__const__' attribute only applies to functions [-Wignored-attributes]
  260 | char* bpf_delegate_to_string(uint64_t u, const char * (*parser)(uint64_t) _const_);
      |                                                                           ^
../src/basic/../fundamental/macro.h:80:32: note: expanded from macro '_const_'
   80 | #define _const_ __attribute__((__const__))
      |                                ^
1 warning generated.
[1633/2723] Compiling C object systemd-repart.p/src_repart_repart.c.o
[1634/2723] Compiling C object test-tpm2.p/src_test_test-tpm2.c.o
[1635/2723] Compiling C object test-libudev.p/src_libudev_test-libudev.c.o
[1636/2723] Compiling C object test-bus-vtable.p/src_libsystemd_sd-bus_test-bus-vtable.c.o
[1637/2723] Compiling C object test-bus-fiber.p/src_libsystemd_sd-bus_test-bus-fiber.c.o
[1638/2723] Compiling C object test-audit-type.p/src_libsystemd_sd-journal_test-audit-type.c.o
[1639/2723] Compiling C object test-bus-match.p/src_libsystemd_sd-bus_test-bus-match.c.o
[1640/2723] Compiling C object test-journal-file.p/src_libsystemd_sd-journal_test-journal-file.c.o
[1641/2723] Compiling C object test-varlink-idl-unit.p/src_test_test-varlink-idl-unit.c.o
In file included from ../src/test/test-varlink-idl-unit.c:3:
In file included from ../src/core/automount.h:5:
In file included from ../src/core/unit.h:8:
In file included from ../src/core/execute.h:14:
../src/core/namespace.h:260:75: warning: '__const__' attribute only applies to functions [-Wignored-attributes]
  260 | char* bpf_delegate_to_string(uint64_t u, const char * (*parser)(uint64_t) _const_);
      |                                                                           ^
../src/basic/../fundamental/macro.h:80:32: note: expanded from macro '_const_'
   80 | #define _const_ __attribute__((__const__))
      |                                ^
1 warning generated.
[1642/2723] Compiling C object test-sd-hwdb.p/src_libsystemd_sd-hwdb_test-sd-hwdb.c.o
[1643/2723] Compiling C object test-execute.p/src_test_test-execute.c.o
In file included from ../src/test/test-execute.c:26:
In file included from ../src/core/manager.h:9:
In file included from ../src/core/execute.h:14:
../src/core/namespace.h:260:75: warning: '__const__' attribute only applies to functions [-Wignored-attributes]
  260 | char* bpf_delegate_to_string(uint64_t u, const char * (*parser)(uint64_t) _const_);
      |                                                                           ^
../src/basic/../fundamental/macro.h:80:32: note: expanded from macro '_const_'
   80 | #define _const_ __attribute__((__const__))
      |                                ^
1 warning generated.
[1644/2723] Compiling C object test-tables.p/src_test_test-tables.c.o
In file included from ../src/test/test-tables.c:6:
In file included from ../src/core/automount.h:5:
In file included from ../src/core/unit.h:8:
In file included from ../src/core/execute.h:14:
../src/core/namespace.h:260:75: warning: '__const__' attribute only applies to functions [-Wignored-attributes]
  260 | char* bpf_delegate_to_string(uint64_t u, const char * (*parser)(uint64_t) _const_);
      |                                                                           ^
../src/basic/../fundamental/macro.h:80:32: note: expanded from macro '_const_'
   80 | #define _const_ __attribute__((__const__))
      |                                ^
In file included from ../src/test/test-tables.c:10:
../src/shared/condition.h:87:63: warning: '__const__' attribute only applies to functions [-Wignored-attributes]
   87 | typedef const char* (*condition_to_string_t)(ConditionType t) _const_;
      |                                                               ^
../src/basic/../fundamental/macro.h:80:32: note: expanded from macro '_const_'
   80 | #define _const_ __attribute__((__const__))
      |                                ^
2 warnings generated.
[1645/2723] Compiling C object test-unit-name.p/src_test_test-unit-name.c.o
In file included from ../src/test/test-unit-name.c:10:
In file included from ../src/core/all-units.h:4:
In file included from ../src/core/automount.h:5:
In file included from ../src/core/unit.h:8:
In file included from ../src/core/execute.h:14:
../src/core/namespace.h:260:75: warning: '__const__' attribute only applies to functions [-Wignored-attributes]
  260 | char* bpf_delegate_to_string(uint64_t u, const char * (*parser)(uint64_t) _const_);
      |                                                                           ^
../src/basic/../fundamental/macro.h:80:32: note: expanded from macro '_const_'
   80 | #define _const_ __attribute__((__const__))
      |                                ^
1 warning generated.
[1646/2723] Compiling C object test-journal-init.p/src_libsystemd_sd-journal_test-journal-init.c.o
[1647/2723] Compiling C object test-event-future.p/src_libsystemd_sd-event_test-event-future.c.o
[1648/2723] Compiling C object test-journal-send.p/src_libsystemd_sd-journal_test-journal-send.c.o
[1649/2723] Compiling C object test-fiber-ops.p/src_libsystemd_sd-future_test-fiber-ops.c.o
[1650/2723] Compiling C object test-catalog.p/src_libsystemd_sd-journal_test-catalog.c.o
[1651/2723] Compiling C object test-journal-match.p/src_libsystemd_sd-journal_test-journal-match.c.o
[1652/2723] Compiling C object test-mmap-cache.p/src_libsystemd_sd-journal_test-mmap-cache.c.o
[1653/2723] Compiling C++ object test-bus-vtable-cc.p/src_libsystemd_sd-bus_test-bus-vtable-cc.cc.o
[1654/2723] Compiling C object test-sd-login.p/src_libsystemd_sd-login_test-sd-login.c.o
[1655/2723] Compiling C object test-login-shared.p/src_login_test-login-shared.c.o
[1656/2723] Compiling C object test-device-util.p/src_libsystemd_sd-device_test-device-util.c.o
[1657/2723] Compiling C object test-journal-stream.p/src_libsystemd_sd-journal_test-journal-stream.c.o
[1658/2723] Compiling C object test-journal-flush.p/src_libsystemd_sd-journal_test-journal-flush.c.o
[1659/2723] Compiling C object test-journal.p/src_libsystemd_sd-journal_test-journal.c.o
[1660/2723] Compiling C object test-sd-path.p/src_libsystemd_sd-path_test-sd-path.c.o
[1661/2723] Compiling C object test-id128.p/src_libsystemd_sd-id128_test-id128.c.o
[1662/2723] Compiling C object test-argv-util.p/src_test_test-argv-util.c.o
[1663/2723] Compiling C object test-audit-util.p/src_test_test-audit-util.c.o
[1664/2723] Compiling C object test-alloc-util.p/src_test_test-alloc-util.c.o
[1665/2723] Compiling C object test-sd-device-monitor.p/src_libsystemd_sd-device_test-sd-device-monitor.c.o
[1666/2723] Compiling C object test-architecture.p/src_test_test-architecture.c.o
[1667/2723] Compiling C object test-binfmt-util.p/src_test_test-binfmt-util.c.o
[1668/2723] Compiling C object test-build-path.p/src_test_test-build-path.c.o
[1669/2723] Compiling C object test-load-fragment.p/src_test_test-load-fragment.c.o
In file included from ../src/test/test-load-fragment.c:9:
In file included from ../src/core/all-units.h:4:
In file included from ../src/core/automount.h:5:
In file included from ../src/core/unit.h:8:
In file included from ../src/core/execute.h:14:
../src/core/namespace.h:260:75: warning: '__const__' attribute only applies to functions [-Wignored-attributes]
  260 | char* bpf_delegate_to_string(uint64_t u, const char * (*parser)(uint64_t) _const_);
      |                                                                           ^
../src/basic/../fundamental/macro.h:80:32: note: expanded from macro '_const_'
   80 | #define _const_ __attribute__((__const__))
      |                                ^
1 warning generated.
[1670/2723] Compiling C object test-arphrd-util.p/src_test_test-arphrd-util.c.o
[1671/2723] Compiling C object test-fiber.p/src_libsystemd_sd-future_test-fiber.c.o
[1672/2723] Compiling C object test-login.p/src_libsystemd_sd-login_test-login.c.o
[1673/2723] Compiling C object test-bus-unit-util.p/src_test_test-bus-unit-util.c.o
[1674/2723] Compiling C object test-bitmap.p/src_test_test-bitmap.c.o
[1675/2723] Compiling C object test-bootspec.p/src_test_test-bootspec.c.o
[1676/2723] Compiling C object test-chid.p/src_test_test-chid.c.o
[1677/2723] Compiling C object test-blockdev-util.p/src_test_test-blockdev-util.c.o
[1678/2723] Compiling C object test-fiber-io.p/src_libsystemd_sd-future_test-fiber-io.c.o
[1679/2723] Compiling C object test-compare-operator.p/src_test_test-compare-operator.c.o
[1680/2723] Compiling C object test-capability-list.p/src_test_test-capability-list.c.o
[1681/2723] Compiling C object test-cgroup-setup.p/src_test_test-cgroup-setup.c.o
[1682/2723] Compiling C object test-bus-util.p/src_test_test-bus-util.c.o
[1683/2723] Compiling C object test-clock.p/src_test_test-clock.c.o
[1684/2723] Compiling C object test-calendarspec.p/src_test_test-calendarspec.c.o
[1685/2723] Compiling C object test-netlink.p/src_libsystemd_sd-netlink_test-netlink.c.o
[1686/2723] Compiling C object test-daemon.p/src_test_test-daemon.c.o
[1687/2723] Compiling C object test-color-util.p/src_test_test-color-util.c.o
[1688/2723] Compiling C object test-coredump-util.p/src_test_test-coredump-util.c.o
[1689/2723] Compiling C object test-cgroup-util.p/src_test_test-cgroup-util.c.o
[1690/2723] Compiling C object test-barrier.p/src_test_test-barrier.c.o
[1691/2723] Compiling C object test-capability-util.p/src_test_test-capability-util.c.o
[1692/2723] Compiling C object test-data-fd-util.p/src_test_test-data-fd-util.c.o
[1693/2723] Compiling C object test-device-nodes.p/src_test_test-device-nodes.c.o
[1694/2723] Compiling C object test-dev-setup.p/src_test_test-dev-setup.c.o
[1695/2723] Compiling C object test-dirent-util.p/src_test_test-dirent-util.c.o
[1696/2723] Compiling C object test-devnum-util.p/src_test_test-devnum-util.c.o
[1697/2723] Compiling C object test-creds.p/src_test_test-creds.c.o
[1698/2723] Compiling C object test-date.p/src_test_test-date.c.o
[1699/2723] Compiling C object test-errno-util.p/src_test_test-errno-util.c.o
[1700/2723] Compiling C object test-journal-interleaving.p/src_libsystemd_sd-journal_test-journal-interleaving.c.o
[1701/2723] Compiling C object test-ellipsize.p/src_test_test-ellipsize.c.o
[1702/2723] Compiling C object test-ether-addr-util.p/src_test_test-ether-addr-util.c.o
[1703/2723] Compiling C object test-exit-status.p/src_test_test-exit-status.c.o
[1704/2723] Compiling C object test-execve.p/src_test_test-execve.c.o
[1705/2723] Compiling C object test-env-file.p/src_test_test-env-file.c.o
[1706/2723] Compiling C object test-env-util.p/src_test_test-env-util.c.o
[1707/2723] Compiling C object test-fiemap.p/src_test_test-fiemap.c.o
[1708/2723] Compiling C object test-copy.p/src_test_test-copy.c.o
[1709/2723] Compiling C object test-cpu-set-util.p/src_test_test-cpu-set-util.c.o
[1710/2723] Compiling C object test-conf-parser.p/src_test_test-conf-parser.c.o
[1711/2723] Compiling C object test-escape.p/src_test_test-escape.c.o
[1712/2723] Compiling C object test-dns-domain.p/src_test_test-dns-domain.c.o
[1713/2723] Compiling C object test-fdset.p/src_test_test-fdset.c.o
[1714/2723] Compiling C object test-format-util.p/src_test_test-format-util.c.o
[1715/2723] Compiling C object test-gunicode.p/src_test_test-gunicode.c.o
[1716/2723] Compiling C object test-firewall-util.p/src_test_test-firewall-util.c.o
[1717/2723] Compiling C object test-hmac.p/src_test_test-hmac.c.o
[1718/2723] Compiling C object test-hash-funcs.p/src_test_test-hash-funcs.c.o
[1719/2723] Compiling C object test-exec-util.p/src_test_test-exec-util.c.o
[1720/2723] Compiling C object test-fstab-util.p/src_test_test-fstab-util.c.o
[1721/2723] Compiling C object test-extract-word.p/src_test_test-extract-word.c.o
[1722/2723] Compiling C object test-hostname-util.p/src_test_test-hostname-util.c.o
[1723/2723] Compiling C object test-glob-util.p/src_test_test-glob-util.c.o
[1724/2723] Compiling C object test-conf-files.p/src_test_test-conf-files.c.o
[1725/2723] Compiling C object test-import-util.p/src_test_test-import-util.c.o
[1726/2723] Compiling C object test-format-table.p/src_test_test-format-table.c.o
[1727/2723] Compiling C object test-image-filter.p/src_test_test-image-filter.c.o
[1728/2723] Compiling C object test-gpt.p/src_test_test-gpt.c.o
[1729/2723] Compiling C object test-hostname-setup.p/src_test_test-hostname-setup.c.o
[1730/2723] Compiling C object test-hexdecoct.p/src_test_test-hexdecoct.c.o
[1731/2723] Compiling C object test-io-util.p/src_test_test-io-util.c.o
[1732/2723] Compiling C object test-kbd-util.p/src_test_test-kbd-util.c.o
[1733/2723] Compiling C object test-in-addr-prefix-util.p/src_test_test-in-addr-prefix-util.c.o
[1734/2723] Compiling C object test-journal-importer.p/src_test_test-journal-importer.c.o
[1735/2723] Compiling C object test-install-file.p/src_test_test-install-file.c.o
[1736/2723] Compiling C object test-label.p/src_test_test-label.c.o
[1737/2723] Compiling C object test-ip-protocol-list.p/src_test_test-ip-protocol-list.c.o
[1738/2723] Compiling C object test-limits-util.p/src_test_test-limits-util.c.o
[1739/2723] Compiling C object test-in-addr-util.p/src_test_test-in-addr-util.c.o
[1740/2723] Compiling C object test-iovec-util.p/src_test_test-iovec-util.c.o
[1741/2723] Compiling C object test-bitfield.p/src_test_test-bitfield.c.o
[1742/2723] Compiling C object test-logarithm.p/src_test_test-logarithm.c.o
[1743/2723] Compiling C object test-image-policy.p/src_test_test-image-policy.c.o
[1744/2723] Compiling C object test-chase.p/src_test_test-chase.c.o
[1745/2723] Compiling C object test-login-util.p/src_test_test-login-util.c.o
[1746/2723] Compiling C object test-list.p/src_test_test-list.c.o
[1747/2723] Compiling C object test-fs-util.p/src_test_test-fs-util.c.o
[1748/2723] Compiling C object test-lock-util.p/src_test_test-lock-util.c.o
[1749/2723] Compiling C object test-locale-util.p/src_test_test-locale-util.c.o
[1750/2723] Compiling C object test-mempool.p/src_test_test-mempool.c.o
[1751/2723] Compiling C object test-memory-util.p/src_test_test-memory-util.c.o
[1752/2723] Compiling C object test-memstream-util.p/src_test_test-memstream-util.c.o
[1753/2723] Compiling C object test-memfd-util.p/src_test_test-memfd-util.c.o
[1754/2723] Compiling C object test-modhex.p/src_test_test-modhex.c.o
[1755/2723] Compiling C object test-net-naming-scheme.p/src_test_test-net-naming-scheme.c.o
[1756/2723] Compiling C object test-mkdir.p/src_test_test-mkdir.c.o
[1757/2723] Compiling C object test-nsresource.p/src_test_test-nsresource.c.o
[1758/2723] Compiling C object test-machine-util.p/src_test_test-machine-util.c.o
[1759/2723] Compiling C object test-log.p/src_test_test-log.c.o
[1760/2723] Compiling C object test-notify-recv.p/src_test_test-notify-recv.c.o
[1761/2723] Compiling C object test-macro.p/src_test_test-macro.c.o
[1762/2723] Compiling C object test-ordered-set.p/src_test_test-ordered-set.c.o
[1763/2723] Compiling C object test-open-file.p/src_test_test-open-file.c.o
[1764/2723] Compiling C object test-local-addresses.p/src_test_test-local-addresses.c.o
[1765/2723] Compiling C object test-osc-context.p/src_test_test-osc-context.c.o
[1766/2723] Compiling C object test-namespace-util.p/src_test_test-namespace-util.c.o
[1767/2723] Compiling C object test-mstack.p/src_test_test-mstack.c.o
[1768/2723] Compiling C object test-parse-argument.p/src_test_test-parse-argument.c.o
[1769/2723] Compiling C object test-iovec-wrapper.p/src_test_test-iovec-wrapper.c.o
[1770/2723] Compiling C object test-condition.p/src_test_test-condition.c.o
In file included from ../src/test/test-condition.c:16:
../src/shared/condition.h:87:63: warning: '__const__' attribute only applies to functions [-Wignored-attributes]
   87 | typedef const char* (*condition_to_string_t)(ConditionType t) _const_;
      |                                                               ^
../src/basic/../fundamental/macro.h:80:32: note: expanded from macro '_const_'
   80 | #define _const_ __attribute__((__const__))
      |                                ^
1 warning generated.
[1771/2723] Compiling C object test-mountpoint-util.p/src_test_test-mountpoint-util.c.o
[1772/2723] Compiling C object test-os-util.p/src_test_test-os-util.c.o
[1773/2723] Compiling C object test-nulstr-util.p/src_test_test-nulstr-util.c.o
[1774/2723] Compiling C object test-fileio.p/src_test_test-fileio.c.o
[1775/2723] Compiling C object test-pretty-print.p/src_test_test-pretty-print.c.o
[1776/2723] Compiling C object test-percent-util.p/src_test_test-percent-util.c.o
[1777/2723] Compiling C object test-parse-helpers.p/src_test_test-parse-helpers.c.o
[1778/2723] Compiling C object test-prioq.p/src_test_test-prioq.c.o
[1779/2723] Compiling C object test-path-lookup.p/src_test_test-path-lookup.c.o
[1780/2723] Compiling C object test-progress-bar.p/src_test_test-progress-bar.c.o
[1781/2723] Compiling C object test-psi-util.p/src_test_test-psi-util.c.o
[1782/2723] Compiling C object test-printf.p/src_test_test-printf.c.o
[1783/2723] Compiling C object test-raw-clone.p/src_test_test-raw-clone.c.o
[1784/2723] Compiling C object test-qrcode-util.p/src_test_test-qrcode-util.c.o
[1785/2723] Compiling C object test-options.p/src_test_test-options.c.o
[1786/2723] Compiling C object test-procfs-util.p/src_test_test-procfs-util.c.o
[1787/2723] Compiling C object test-ratelimit.p/src_test_test-ratelimit.c.o
[1788/2723] Compiling C object test-recovery-key.p/src_test_test-recovery-key.c.o
[1789/2723] Compiling C object test-install-root.p/src_test_test-install-root.c.o
[1790/2723] Compiling C object test-replace-var.p/src_test_test-replace-var.c.o
[1791/2723] Compiling C object test-recurse-dir.p/src_test_test-recurse-dir.c.o
[1792/2723] Compiling C object test-pidref.p/src_test_test-pidref.c.o
[1793/2723] Compiling C object test-secure-bits.p/src_test_test-secure-bits.c.o
[1794/2723] Compiling C object test-pe-binary.p/src_test_test-pe-binary.c.o
[1795/2723] Compiling C object test-proc-cmdline.p/src_test_test-proc-cmdline.c.o
[1796/2723] Compiling C object test-rlimit-util.p/src_test_test-rlimit-util.c.o
[1797/2723] Compiling C object test-reread-partition-table.p/src_test_test-reread-partition-table.c.o
[1798/2723] Compiling C object test-pressure.p/src_test_test-pressure.c.o
[1799/2723] Compiling C object test-rm-rf.p/src_test_test-rm-rf.c.o
[1800/2723] Compiling C object test-set-disable-mempool.p/src_test_test-set-disable-mempool.c.o
[1801/2723] Compiling C object test-sha1.p/src_test_test-sha1.c.o
[1802/2723] Compiling C object test-sleep-config.p/src_test_test-sleep-config.c.o
[1803/2723] Compiling C object test-qmp-client.p/src_test_test-qmp-client.c.o
[1804/2723] Compiling C object test-siphash24.p/src_test_test-siphash24.c.o
[1805/2723] Compiling C object test-serialize.p/src_test_test-serialize.c.o
[1806/2723] Compiling C object test-sha256.p/src_test_test-sha256.c.o
[1807/2723] Compiling C object test-sigbus.p/src_test_test-sigbus.c.o
[1808/2723] Compiling C object test-signal-util.p/src_test_test-signal-util.c.o
[1809/2723] Compiling C object test-static-destruct.p/src_test_test-static-destruct.c.o
[1810/2723] Compiling C object test-stdio.p/src_test_test-stdio.c.o
[1811/2723] Compiling C object test-specifier.p/src_test_test-specifier.c.o
[1812/2723] Compiling C object test-strip-tab-ansi.p/src_test_test-strip-tab-ansi.c.o
[1813/2723] Compiling C object test-strbuf.p/src_test_test-strbuf.c.o
[1814/2723] Compiling C object test-set.p/src_test_test-set.c.o
[1815/2723] Compiling C object test-socket-netlink.p/src_test_test-socket-netlink.c.o
[1816/2723] Compiling C object test-udev-util.p/src_test_test-udev-util.c.o
[1817/2723] Compiling C object test-stat-util.p/src_test_test-stat-util.c.o
[1818/2723] Compiling C object test-uid-classification.p/src_test_test-uid-classification.c.o
[1819/2723] Compiling C object test-path-util.p/src_test_test-path-util.c.o
[1820/2723] Compiling C object test-sysctl-util.p/src_test_test-sysctl-util.c.o
[1821/2723] Compiling C object test-strxcpyx.p/src_test_test-strxcpyx.c.o
[1822/2723] Compiling C object test-umask-util.p/src_test_test-umask-util.c.o
[1823/2723] Compiling C object test-unaligned.p/src_test_test-unaligned.c.o
[1824/2723] Compiling C object test-tmpfile-util.p/src_test_test-tmpfile-util.c.o
[1825/2723] Compiling C object test-web-util.p/src_test_test-web-util.c.o
[1826/2723] Compiling C object test-verbs.p/src_test_test-verbs.c.o
[1827/2723] Compiling C object test-utf8.p/src_test_test-utf8.c.o
[1828/2723] Compiling C object test-socket-util.p/src_test_test-socket-util.c.o
[1829/2723] Compiling C object test-process-util.p/src_test_test-process-util.c.o
[1830/2723] Compiling C object test-terminal-util.p/src_test_test-terminal-util.c.o
[1831/2723] Compiling C object test-unit-file.p/src_test_test-unit-file.c.o
[1832/2723] Compiling C object test-xattr-util.p/src_test_test-xattr-util.c.o
[1833/2723] Compiling C object test-user-record.p/src_test_test-user-record.c.o
[1834/2723] Compiling C object test-bus-benchmark.p/src_libsystemd_sd-bus_test-bus-benchmark.c.o
[1835/2723] Compiling C object test-xml.p/src_test_test-xml.c.o
[1836/2723] Compiling C object test-bus-cleanup.p/src_libsystemd_sd-bus_test-bus-cleanup.c.o
[1837/2723] Compiling C object test-bus-address.p/src_libsystemd_sd-bus_test-bus-address.c.o
[1838/2723] Compiling C object test-vpick.p/src_test_test-vpick.c.o
[1839/2723] Compiling C object test-bus-queue-ref-cycle.p/src_libsystemd_sd-bus_test-bus-queue-ref-cycle.c.o
[1840/2723] Compiling C object test-bus-signature.p/src_libsystemd_sd-bus_test-bus-signature.c.o
[1841/2723] Compiling C object test-bus-server.p/src_libsystemd_sd-bus_test-bus-server.c.o
[1842/2723] Compiling C object test-user-util.p/src_test_test-user-util.c.o
[1843/2723] Compiling C object test-journal-enum.p/src_libsystemd_sd-journal_test-journal-enum.c.o
[1844/2723] Compiling C object test-bus-track.p/src_libsystemd_sd-bus_test-bus-track.c.o
[1845/2723] Compiling C object test-tests.p/src_test_test-tests.c.o
[1846/2723] Compiling C object test-bus-watch-bind.p/src_libsystemd_sd-bus_test-bus-watch-bind.c.o
[1847/2723] Compiling C object test-journal-append.p/src_libsystemd_sd-journal_test-journal-append.c.o
[1848/2723] Compiling C object test-bus-peersockaddr.p/src_libsystemd_sd-bus_test-bus-peersockaddr.c.o
[1849/2723] Compiling C object test-uid-range.p/src_test_test-uid-range.c.o
[1850/2723] Compiling C object test-journal-dump.p/src_libsystemd_sd-journal_test-journal-dump.c.o
[1851/2723] Compiling C object test-journal-verify.p/src_libsystemd_sd-journal_test-journal-verify.c.o
[1852/2723] Compiling C object test-strv.p/src_test_test-strv.c.o
[1853/2723] Compiling C object test-bus-objects.p/src_libsystemd_sd-bus_test-bus-objects.c.o
[1854/2723] Compiling C object test-bus-chat.p/src_libsystemd_sd-bus_test-bus-chat.c.o
[1855/2723] Compiling C object test-bus-marshal.p/src_libsystemd_sd-bus_test-bus-marshal.c.o
[1856/2723] Compiling C object test-resolve.p/src_libsystemd_sd-resolve_test-resolve.c.o
[1857/2723] Compiling C object test-parse-util.p/src_test_test-parse-util.c.o
[1858/2723] Compiling C object fuzz-bus-match.p/src_libsystemd_sd-bus_fuzz-bus-match.c.o
[1859/2723] Compiling C object fuzz-bus-message.p/src_libsystemd_sd-bus_fuzz-bus-message.c.o
[1860/2723] Compiling C object fuzz-hwdb.p/src_libsystemd_sd-hwdb_fuzz-hwdb.c.o
[1861/2723] Compiling C object fuzz-bus-match.p/src_fuzz_fuzz-main.c.o
[1862/2723] Compiling C object fuzz-bus-message.p/src_fuzz_fuzz-main.c.o
[1863/2723] Compiling C object fuzz-bus-label.p/src_fuzz_fuzz-bus-label.c.o
[1864/2723] Compiling C object fuzz-bootspec.p/src_fuzz_fuzz-main.c.o
[1865/2723] Compiling C object fuzz-hwdb.p/src_fuzz_fuzz-main.c.o
[1866/2723] Compiling C object fuzz-bootspec.p/src_fuzz_fuzz-bootspec.c.o
[1867/2723] Compiling C object test-string-util.p/src_test_test-string-util.c.o
[1868/2723] Compiling C object fuzz-catalog.p/src_fuzz_fuzz-catalog.c.o
[1869/2723] Compiling C object fuzz-env-file.p/src_fuzz_fuzz-env-file.c.o
[1870/2723] Compiling C object fuzz-catalog.p/src_fuzz_fuzz-main.c.o
[1871/2723] Compiling C object fuzz-bus-label.p/src_fuzz_fuzz-main.c.o
[1872/2723] Compiling C object fuzz-calendarspec.p/src_fuzz_fuzz-calendarspec.c.o
[1873/2723] Compiling C object fuzz-calendarspec.p/src_fuzz_fuzz-main.c.o
[1874/2723] Compiling C object fuzz-hostname-setup.p/src_fuzz_fuzz-hostname-setup.c.o
[1875/2723] Compiling C object fuzz-env-file.p/src_fuzz_fuzz-main.c.o
[1876/2723] Compiling C object fuzz-json.p/src_fuzz_fuzz-json.c.o
[1877/2723] Compiling C object test-varlink-idl.p/src_libsystemd_sd-varlink_test-varlink-idl.c.o
[1878/2723] Compiling C object fuzz-pe-binary.p/src_fuzz_fuzz-main.c.o
[1879/2723] Compiling C object fuzz-json.p/src_fuzz_fuzz-main.c.o
[1880/2723] Compiling C object fuzz-hostname-setup.p/src_fuzz_fuzz-main.c.o
[1881/2723] Compiling C object fuzz-user-record.p/src_fuzz_fuzz-user-record.c.o
[1882/2723] Compiling C object fuzz-udev-database.p/src_fuzz_fuzz-udev-database.c.o
[1883/2723] Compiling C object fuzz-time-util.p/src_fuzz_fuzz-main.c.o
[1884/2723] Compiling C object fuzz-pe-binary.p/src_fuzz_fuzz-pe-binary.c.o
[1885/2723] Compiling C object fuzz-varlink.p/src_fuzz_fuzz-main.c.o
[1886/2723] Compiling C object fuzz-varlink-idl.p/src_fuzz_fuzz-varlink-idl.c.o
[1887/2723] Compiling C object fuzz-udev-database.p/src_fuzz_fuzz-main.c.o
[1888/2723] Compiling C object fuzz-time-util.p/src_fuzz_fuzz-time-util.c.o
[1889/2723] Compiling C object fuzz-varlink-idl.p/src_fuzz_fuzz-main.c.o
[1890/2723] Compiling C object fuzz-compress.p/src_fuzz_fuzz-compress.c.o
[1891/2723] Compiling C object fuzz-varlink.p/src_fuzz_fuzz-varlink.c.o
[1892/2723] Compiling C object fuzz-user-record.p/src_fuzz_fuzz-main.c.o
[1893/2723] Building translation po/ar/LC_MESSAGES/systemd-ar.mo
[1894/2723] Building translation po/be/LC_MESSAGES/systemd-be.mo
[1895/2723] Building translation po/be@latin/LC_MESSAGES/systemd-be@latin.mo
[1896/2723] Building translation po/bg/LC_MESSAGES/systemd-bg.mo
[1897/2723] Compiling C object libcryptsetup-token-systemd-tpm2.so.p/src_cryptsetup_cryptsetup-tokens_luks2-tpm2.c.o
[1898/2723] Compiling C object libcryptsetup-token-systemd-pkcs11.so.p/src_cryptsetup_cryptsetup-tokens_cryptsetup-token-systemd-pkcs11.c.o
[1899/2723] Building translation po/bo/LC_MESSAGES/systemd-bo.mo
[1900/2723] Building translation po/da/LC_MESSAGES/systemd-da.mo
[1901/2723] Building translation po/ca/LC_MESSAGES/systemd-ca.mo
[1902/2723] Compiling C object fuzz-compress.p/src_fuzz_fuzz-main.c.o
[1903/2723] Building translation po/cs/LC_MESSAGES/systemd-cs.mo
[1904/2723] Building translation po/de/LC_MESSAGES/systemd-de.mo
[1905/2723] Building translation po/es/LC_MESSAGES/systemd-es.mo
[1906/2723] Compiling C object libcryptsetup-token-systemd-pkcs11.so.p/src_cryptsetup_cryptsetup-tokens_luks2-pkcs11.c.o
[1907/2723] Building translation po/eo/LC_MESSAGES/systemd-eo.mo
[1908/2723] Building translation po/fi/LC_MESSAGES/systemd-fi.mo
[1909/2723] Building translation po/el/LC_MESSAGES/systemd-el.mo
[1910/2723] Building translation po/fr/LC_MESSAGES/systemd-fr.mo
[1911/2723] Compiling C object pam_systemd_loadkey.so.p/src_login_pam_systemd_loadkey.c.o
[1912/2723] Building translation po/eu/LC_MESSAGES/systemd-eu.mo
[1913/2723] Building translation po/et/LC_MESSAGES/systemd-et.mo
[1914/2723] Building translation po/gl/LC_MESSAGES/systemd-gl.mo
[1915/2723] Building translation po/he/LC_MESSAGES/systemd-he.mo
[1916/2723] Building translation po/hi/LC_MESSAGES/systemd-hi.mo
[1917/2723] Building translation po/hr/LC_MESSAGES/systemd-hr.mo
[1918/2723] Building translation po/hu/LC_MESSAGES/systemd-hu.mo
[1919/2723] Building translation po/ia/LC_MESSAGES/systemd-ia.mo
[1920/2723] Building translation po/id/LC_MESSAGES/systemd-id.mo
[1921/2723] Building translation po/it/LC_MESSAGES/systemd-it.mo
[1922/2723] Building translation po/ka/LC_MESSAGES/systemd-ka.mo
[1923/2723] Building translation po/ja/LC_MESSAGES/systemd-ja.mo
[1924/2723] Building translation po/km/LC_MESSAGES/systemd-km.mo
[1925/2723] Building translation po/kn/LC_MESSAGES/systemd-kn.mo
[1926/2723] Building translation po/kab/LC_MESSAGES/systemd-kab.mo
[1927/2723] Building translation po/kk/LC_MESSAGES/systemd-kk.mo
[1928/2723] Compiling C object libcryptsetup-token-systemd-tpm2.so.p/src_cryptsetup_cryptsetup-tokens_cryptsetup-token-systemd-tpm2.c.o
[1929/2723] Building translation po/kw/LC_MESSAGES/systemd-kw.mo
[1930/2723] Building translation po/lt/LC_MESSAGES/systemd-lt.mo
[1931/2723] Building translation po/ko/LC_MESSAGES/systemd-ko.mo
[1932/2723] Building translation po/nb_NO/LC_MESSAGES/systemd-nb_NO.mo
[1933/2723] Building translation po/pa/LC_MESSAGES/systemd-pa.mo
[1934/2723] Building translation po/nl/LC_MESSAGES/systemd-nl.mo
[1935/2723] Building translation po/pt_BR/LC_MESSAGES/systemd-pt_BR.mo
[1936/2723] Building translation po/pl/LC_MESSAGES/systemd-pl.mo
[1937/2723] Building translation po/pt/LC_MESSAGES/systemd-pt.mo
[1938/2723] Building translation po/ro/LC_MESSAGES/systemd-ro.mo
[1939/2723] Compiling C object test-event.p/src_libsystemd_sd-event_test-event.c.o
[1940/2723] Building translation po/ru/LC_MESSAGES/systemd-ru.mo
[1941/2723] Building translation po/si/LC_MESSAGES/systemd-si.mo
[1942/2723] Building translation po/sk/LC_MESSAGES/systemd-sk.mo
[1943/2723] Building translation po/sl/LC_MESSAGES/systemd-sl.mo
[1944/2723] Building translation po/sv/LC_MESSAGES/systemd-sv.mo
[1945/2723] Building translation po/sr/LC_MESSAGES/systemd-sr.mo
[1946/2723] Building translation po/sr@latin/LC_MESSAGES/systemd-sr@latin.mo
[1947/2723] Compiling C object libnss_mymachines.so.2.p/src_nss-mymachines_nss-mymachines.c.o
[1948/2723] Building translation po/tr/LC_MESSAGES/systemd-tr.mo
[1949/2723] Building translation po/zh_CN/LC_MESSAGES/systemd-zh_CN.mo
[1950/2723] Building translation po/uk/LC_MESSAGES/systemd-uk.mo
[1951/2723] Building translation po/lo/LC_MESSAGES/systemd-lo.mo
[1952/2723] Building translation po/zh_TW/LC_MESSAGES/systemd-zh_TW.mo
[1953/2723] Building translation po/ug/LC_MESSAGES/systemd-ug.mo
[1954/2723] Compiling C object libnss_systemd.so.2.p/src_nss-systemd_userdb-glue.c.o
[1955/2723] Compiling C object test-sd-device.p/src_libsystemd_sd-device_test-sd-device.c.o
[1956/2723] Compiling C object libnss_myhostname.so.2.p/src_nss-myhostname_nss-myhostname.c.o
[1957/2723] Generating src/core/system.conf with a custom command
[1958/2723] Compiling C object libnss_resolve.so.2.p/src_nss-resolve_nss-resolve.c.o
[1959/2723] Compiling C object libnss_systemd.so.2.p/src_nss-systemd_nss-systemd.c.o
[1960/2723] Generating src/udev/udev.pc with a custom command
[1961/2723] Generating src/journal/journald.conf with a custom command
[1962/2723] Generating src/libudev/libudev.pc with a custom command
[1963/2723] Generating src/libsystemd/libsystemd.pc with a custom command
[1964/2723] Generating src/core/systemd.pc with a custom command
[1965/2723] Compiling C object test-varlink.p/src_libsystemd_sd-varlink_test-varlink.c.o
[1966/2723] Generating src/core/org.freedesktop.systemd1.policy with a custom command
[1967/2723] Generating src/kernel-install/60-ukify.install with a custom command
[1968/2723] Generating src/boot/addonx64.efi.stub with a custom command
[1969/2723] Generating src/core/user.conf with a custom command
[1970/2723] Generating src/login/logind.conf with a custom command
[1971/2723] Compiling C object pam_systemd.so.p/src_login_pam_systemd.c.o
[1972/2723] Generating src/login/systemd-user with a custom command
[1973/2723] Generating src/journal-remote/journal-upload.conf with a custom command
[1974/2723] Generating src/rpm/systemd-update-helper with a custom command
[1975/2723] Generating src/boot/systemd-bootx64.efi with a custom command
[1976/2723] Generating src/resolve/resolved.conf with a custom command
[1977/2723] Generating src/rpm/triggers.systemd with a custom command
[1978/2723] Generating src/boot/linuxx64.efi.stub with a custom command
[1979/2723] Generating src/rpm/macros.systemd with a custom command
[1980/2723] Generating src/kernel-install/90-loaderentry.install with a custom command
[1981/2723] Linking target test-dhcp-client
[1982/2723] Linking target systemd-executor
[1983/2723] Linking target test-acd
[1984/2723] Linking target fuzz-execute-serialize
[1985/2723] Linking target fuzz-unit-file
[1986/2723] Linking target fuzz-manager-serialize
[1987/2723] Generating src/timesync/timesyncd.conf with a custom command
[1988/2723] Generating src/ssh-generator/20-systemd-ssh-proxy.conf with a custom command
[1989/2723] Linking target test-dhcp-client-id
[1990/2723] Generating src/tpm2-setup/hardware.nvpcr with a custom command
[1991/2723] Generating src/run/systemd-run0 with a custom command
[1992/2723] Linking target test-dhcp-duid
[1993/2723] Linking target test-dhcp6-client
[1994/2723] Generating src/rpm/triggers.systemd.sh with a custom command
[1995/2723] Linking target test-ip-util
[1996/2723] Linking target test-dhcp-relay
[1997/2723] Linking target test-dhcp-server
[1998/2723] Linking target test-ipv4ll-manual
[1999/2723] Linking target test-ipv4ll
[2000/2723] Linking target test-dhcp-message
[2001/2723] Linking target test-lldp-rx
[2002/2723] Generating src/tpm2-setup/cryptsetup.nvpcr with a custom command
[2003/2723] Generating src/tpm2-setup/verity.nvpcr with a custom command
[2004/2723] Generating src/userdb/20-systemd-userdb.conf with a custom command
[2005/2723] Linking target test-ndisc-ra
[2006/2723] Linking target test-tlv-util
[2007/2723] Linking target test-ndisc-rs
[2008/2723] Linking target test-ndisc-send
[2009/2723] Linking target fuzz-dhcp-client
[2010/2723] Linking target fuzz-dhcp6-client
[2011/2723] Linking target fuzz-dhcp-relay
[2012/2723] Linking target fuzz-lldp-rx
[2013/2723] Linking target fuzz-dhcp-server
[2014/2723] Linking target ata_id
[2015/2723] Generating src/tpm2-setup/login.nvpcr with a custom command
[2016/2723] Linking target fuzz-ndisc-rs
[2017/2723] Linking target cdrom_id
[2018/2723] Linking target fido_id
[2019/2723] Linking target dmi_memory_id
[2020/2723] Linking target udevadm
[2021/2723] Linking target mtd_probe
[2022/2723] Linking target iocost
[2023/2723] Linking target scsi_id
[2024/2723] Linking target test-fido-id-desc
[2025/2723] Linking target v4l_id
[2026/2723] Linking target test-link
[2027/2723] Linking target test-udev-builtin
[2028/2723] Linking target fuzz-fido-id-desc
[2029/2723] Linking target test-udev-format
[2030/2723] Linking target fuzz-link-parser
[2031/2723] Linking target test-udev-node
[2032/2723] Linking target test-udev-manager
[2033/2723] Linking target test-udev-rule-runner
[2034/2723] Linking target test-udev-rules
[2035/2723] Linking target test-udev-spawn
[2036/2723] Linking target systemd-ac-power
[2037/2723] Linking target systemd-analyze
[2038/2723] Linking target fuzz-udev-rules
[2039/2723] Linking target fuzz-udev-rule-parse-value
[2040/2723] Linking target test-verify
[2041/2723] Linking target systemd-backlight
[2042/2723] Linking target systemd-battery-check
[2043/2723] Linking target systemd-ask-password
[2044/2723] Linking target systemd-binfmt
[2045/2723] Linking target systemd-bless-boot
[2046/2723] Linking target systemd-bless-boot-generator
[2047/2723] Linking target systemd-boot-check-no-failures
[2048/2723] Linking target test-bcd
[2049/2723] Linking target fuzz-bcd
[2050/2723] Linking target fuzz-efi-string
[2051/2723] Linking target test-efi-string
[2052/2723] Linking target test-chid-match
[2053/2723] Linking target fuzz-efi-osrel
[2054/2723] Linking target test-bootspec-util
[2055/2723] Linking target bootctl
[2056/2723] Linking target busctl
[2057/2723] Linking target fuzz-efi-printf
[2058/2723] Linking target systemd-coredump
[2059/2723] Linking target systemd-cgls
[2060/2723] Linking target test-busctl-introspect
[2061/2723] Compiling C object test-json.p/src_libsystemd_sd-json_test-json.c.o
[2062/2723] Linking target test-coredump-vacuum
[2063/2723] Linking target systemd-cgtop
[2064/2723] Linking target coredumpctl
[2065/2723] Linking target systemd-creds
[2066/2723] Linking target systemd-cryptenroll
[2067/2723] Linking target systemd-debug-generator
[2068/2723] Linking target systemd-cryptsetup-generator
[2069/2723] Linking target systemd-cryptsetup
[2070/2723] Linking target systemd-dissect
[2071/2723] Linking target systemd-detect-virt
[2072/2723] Linking target systemd-delta
[2073/2723] Linking target systemd-factory-reset
[2074/2723] Linking target 30-systemd-environment-d-generator
[2075/2723] Linking target systemd-fstab-generator
[2076/2723] Linking target systemd-escape
[2077/2723] Linking target systemd-factory-reset-generator
[2078/2723] Linking target systemd-hibernate-resume
[2079/2723] Linking target systemd-getty-generator
[2080/2723] Linking target systemd-growfs
[2081/2723] Linking target systemd-makefs
[2082/2723] Linking target systemd-hibernate-resume-generator
[2083/2723] Linking target systemd-fsck
[2084/2723] Linking target systemd-gpt-auto-generator
[2085/2723] Linking target hostnamectl
[2086/2723] Linking target systemd-pull
[2087/2723] Linking target systemd-import-fs
[2088/2723] Linking target systemd-id128
[2089/2723] Linking target systemd-hwdb
[2090/2723] Linking target systemd-import
[2091/2723] Linking target systemd-export
[2092/2723] Linking target systemd-import-generator
[2093/2723] Linking target test-tar
[2094/2723] Linking target test-qcow2
[2095/2723] Linking target importctl
[2096/2723] Linking target systemd-imdsd
[2097/2723] Linking target systemd-imds
[2098/2723] Linking target test-oci-util
[2099/2723] Linking target systemd-integritysetup
[2100/2723] Linking target systemd-journald
[2101/2723] Linking target systemd-imds-generator
[2102/2723] Linking target systemd-integritysetup-generator
[2103/2723] Linking target test-journald-tables
[2104/2723] Linking target systemd-cat
[2105/2723] Linking target journalctl
[2106/2723] Linking target test-journald-config
[2107/2723] Linking target test-journald-rate-limit
[2108/2723] Linking target fuzz-journald-native
[2109/2723] Linking target fuzz-journald-native-fd
[2110/2723] Linking target test-journald-syslog
[2111/2723] Linking target fuzz-journald-audit
[2112/2723] Linking target fuzz-journald-stream
[2113/2723] Linking target fuzz-journald-kmsg
[2114/2723] Linking target systemd-journal-remote
[2115/2723] Linking target fuzz-journald-syslog
[2116/2723] Linking target test-journal-header-util
[2117/2723] Linking target systemd-journal-upload
[2118/2723] Linking target localectl
[2119/2723] Linking target fuzz-journal-remote
[2120/2723] Linking target kernel-install
[2121/2723] Linking target systemd-inhibit
[2122/2723] Linking target systemd-user-runtime-dir
[2123/2723] Linking target test-inhibit
[2124/2723] Linking target test-localed-util
[2125/2723] Linking target loginctl
[2126/2723] Linking target test-session-properties
[2127/2723] Linking target machinectl
[2128/2723] Linking target test-login-tables
[2129/2723] Linking target test-machine-tables
[2130/2723] Linking target systemd-mstack
[2131/2723] Linking target systemd-machine-id-setup
[2132/2723] Linking target systemd-mountfsd
[2133/2723] Linking target systemd-mountwork
[2134/2723] Linking target systemd-mount
[2135/2723] Linking target systemd-mute-console
[2136/2723] Linking target systemd-modules-load
[2137/2723] Linking target systemd-network-generator
[2138/2723] Linking target systemd-networkd-wait-online
[2139/2723] Linking target networkctl
[2140/2723] Linking target test-network-generator
[2141/2723] Linking target test-network-tables
[2142/2723] Linking target test-networkd-util
[2143/2723] Linking target test-modem-manager-mock
[2144/2723] Linking target test-networkd-conf
[2145/2723] Linking target systemd-notify
[2146/2723] Linking target test-networkd-address
[2147/2723] Linking target test-nspawn-tables
[2148/2723] Linking target test-network
[2149/2723] Linking target oomctl
[2150/2723] Linking target fuzz-nspawn-settings
[2151/2723] Linking target systemd-nspawn
[2152/2723] Linking target systemd-nsresourced
[2153/2723] Linking target fuzz-netdev-parser
[2154/2723] Linking target systemd-nsresourcework
[2155/2723] Linking target fuzz-network-parser
[2156/2723] Linking target fuzz-nspawn-oci
[2157/2723] Linking target test-oomd-util
[2158/2723] Linking target systemd-pcrextend
[2159/2723] Linking target systemd-path
[2160/2723] Linking target systemd-pcrlock
[2161/2723] Linking target systemd-pty-forward
[2162/2723] Linking target systemd-repart
[2163/2723] Linking target systemd-report-cgroup
[2164/2723] Linking target systemd-pstore
[2165/2723] Linking target systemd-remount-fs
[2166/2723] Linking target portablectl
[2167/2723] Linking target systemd-reply-password
[2168/2723] Linking target systemd-quotacheck
[2169/2723] Linking target systemd-report-basic
[2170/2723] Linking target systemd-report
[2171/2723] Linking target systemd-random-seed
[2172/2723] Linking target resolvectl
[2173/2723] Linking target test-resolve-tables
[2174/2723] Linking target test-dns-cache
[2175/2723] Linking target test-dns-packet
[2176/2723] Linking target test-dns-question
[2177/2723] Linking target test-dns-answer
[2178/2723] Linking target test-dns-packet-extract
[2179/2723] Linking target test-dns-packet-append
[2180/2723] Linking target test-dns-rr
[2181/2723] Linking target test-dnssec
[2182/2723] Linking target test-resolved-etc-hosts
[2183/2723] Linking target test-resolved-packet
[2184/2723] Linking target test-dns-search-domain
[2185/2723] Linking target test-dnssec-complex
[2186/2723] Linking target test-dns-zone
[2187/2723] Linking target test-dns-synthesize
[2188/2723] Linking target test-dns-query
[2189/2723] Linking target test-resolved-link
[2190/2723] Linking target test-resolved-stream
[2191/2723] Linking target test-resolved-dummy-server
[2192/2723] Linking target fuzz-dns-packet
[2193/2723] Linking target fuzz-resource-record
[2194/2723] Linking target systemd-rfkill
[2195/2723] Linking target fuzz-etc-hosts
[2196/2723] Linking target systemd-run-generator
[2197/2723] Linking target systemd-shutdown
[2198/2723] Linking target systemd-run
[2199/2723] Linking target systemd-sleep
[2200/2723] Linking target test-umount
[2201/2723] Linking target systemd-ssh-generator
[2202/2723] Linking target test-battery-capacity
[2203/2723] Linking target systemd-socket-activate
[2204/2723] Linking target systemd-socket-proxyd
[2205/2723] Linking target systemd-storagetm
[2206/2723] Linking target systemd-stdio-bridge
[2207/2723] Linking target systemd-sulogin-shell
[2208/2723] Linking target systemd-ssh-proxy
[2209/2723] Linking target systemd-ssh-issue
[2210/2723] Linking target systemd-storage-block
[2211/2723] Linking target systemd-storage-fs
[2212/2723] Linking target storagectl
[2213/2723] Linking target systemd-sysctl
[2214/2723] Linking target systemd-system-update-generator
[2215/2723] Linking target systemd-sysext
[2216/2723] Linking target systemd-sysinstall
[2217/2723] Linking target fuzz-systemctl-parse-argv
[2218/2723] Linking target systemctl
[2219/2723] Linking target timedatectl
[2220/2723] Linking target systemd-sysusers
[2221/2723] Linking target test-timesync
[2222/2723] Linking target systemd-timesyncd
[2223/2723] Linking target test-offline-passwd
[2224/2723] Linking target systemd-time-wait-sync
[2225/2723] Linking target systemd-tpm2-setup
[2226/2723] Linking target systemd-tmpfiles
[2227/2723] Linking target systemd-tpm2-swtpm
[2228/2723] Linking target systemd-tpm2-clear
[2229/2723] Linking target systemd-tpm2-generator
[2230/2723] Linking target systemd-tty-ask-password-agent
[2231/2723] Linking target systemd-user-sessions
[2232/2723] Linking target systemd-userwork
[2233/2723] Linking target systemd-update-utmp
[2234/2723] Linking target systemd-update-done
[2235/2723] Linking target varlinkctl
[2236/2723] Linking target userdbctl
[2237/2723] Linking target systemd-validatefs
[2238/2723] Linking target systemd-userdbd
[2239/2723] Linking target systemd-veritysetup
[2240/2723] Linking target systemd-vconsole-setup
[2241/2723] Linking target systemd-volatile-root
[2242/2723] Linking target systemd-veritysetup-generator
[2243/2723] Linking target systemd-vpick
[2244/2723] Linking target systemd-xdg-autostart-generator
[2245/2723] Linking target test-xdg-autostart
[2246/2723] Linking target fuzz-xdg-desktop
[2247/2723] Linking target systemd-xdg-autostart-condition
[2248/2723] Linking target test-af-list
[2249/2723] Linking target test-ask-password-api
[2250/2723] Linking target test-async
[2251/2723] Linking target test-acl-util
[2252/2723] Linking target test-boot-timestamps
[2253/2723] Linking target test-btrfs
[2254/2723] Linking target test-compress-benchmark
[2255/2723] Linking target test-chase-manual
[2256/2723] Linking target test-compress
[2257/2723] Linking target test-coredump-stacktrace
[2258/2723] Linking target test-crypto-util
[2259/2723] Linking target test-dlopen-so
[2260/2723] Linking target test-fdstore
[2261/2723] Linking target test-errno-list
[2262/2723] Linking target test-dlopen
[2263/2723] Linking target test-fd-util
[2264/2723] Linking target test-display-quota
[2265/2723] Linking target test-kexec
[2266/2723] Linking target test-ipcrm
[2267/2723] Linking target test-curl-util
[2268/2723] Linking target test-hashmap
[2269/2723] Linking target test-libmount
[2270/2723] Linking target test-math-util
[2271/2723] Linking target test-loopback
[2272/2723] Linking target test-libcrypt-util
[2273/2723] Linking target test-luo
[2274/2723] Linking target test-netlink-manual
[2275/2723] Linking target test-nft-set
[2276/2723] Linking target test-mount-util
[2277/2723] Linking target test-shift-uid
[2278/2723] Linking target test-nss-hosts
[2279/2723] Linking target test-pkcs7-util
[2280/2723] Linking target test-seccomp
[2281/2723] Linking target test-reread-partition-table-manual
[2282/2723] Linking target test-sbat
[2283/2723] Linking target test-random-util
[2284/2723] Linking target test-nss-users
[2285/2723] Linking target test-selinux
[2286/2723] Linking target test-utmp
[2287/2723] Linking target test-sizeof
[2288/2723] Linking target test-tpm2
[2289/2723] Linking target test-sleep
[2290/2723] Linking target test-varlink-idl-login
[2291/2723] Linking target test-watchdog
[2292/2723] Linking target test-libudev-sym
[2293/2723] Linking target test-time-util
[2294/2723] Linking target test-libsystemd-sym
[2295/2723] Linking target test-varlink-idl-machine
[2296/2723] Linking target test-bpf-devices
[2297/2723] Linking target test-bpf-restrict-fs
[2298/2723] Linking target test-bpf-foreign-programs
[2299/2723] Linking target test-bpf-firewall
[2300/2723] Linking target test-cgroup-cpu
[2301/2723] Linking target test-bpf-restrict-fsaccess
[2302/2723] Linking target test-cgroup-mask
[2303/2723] Linking target test-thp
[2304/2723] Linking target test-emergency-action
[2305/2723] Linking target test-chown-rec
[2306/2723] Linking target test-job-type
[2307/2723] Linking target test-core-unit
[2308/2723] Linking target test-load-fragment
[2309/2723] Linking target test-install
[2310/2723] Linking target test-engine
[2311/2723] Linking target test-taint
[2312/2723] Linking target test-path
[2313/2723] Linking target test-execute
[2314/2723] Linking target test-namespace
[2315/2723] Linking target test-ns
[2316/2723] Linking target test-sched-prio
[2317/2723] Linking target test-tables
[2318/2723] Linking target test-loop-util
[2319/2723] Linking target test-unit-serialize
[2320/2723] Linking target test-unit-name
[2321/2723] Linking target test-varlink-idl-unit
[2322/2723] Linking target test-varlink-idl-manager
[2323/2723] Linking target test-sd-device-thread
[2324/2723] Linking target test-varlink-idl-job
[2325/2723] Linking target test-bus-fiber
[2326/2723] Linking target test-bus-creds
[2327/2723] Linking target test-libudev
[2328/2723] Linking target test-udev-device-thread
[2329/2723] Linking target test-bus-match
[2330/2723] Linking target test-watch-pid
[2331/2723] Linking target test-bus-introspect
[2332/2723] Linking target test-bus-vtable
[2333/2723] Linking target test-fiber-io
[2334/2723] Linking target test-sd-device-monitor
[2335/2723] Linking target test-device-util
[2336/2723] Linking target test-event-future
[2337/2723] Linking target test-bus-error
[2338/2723] Linking target test-fiber
[2339/2723] Linking target test-fiber-ops
[2340/2723] Linking target test-sd-hwdb
[2341/2723] Linking target test-journal-file
[2342/2723] Linking target test-id128
[2343/2723] Linking target test-journal-flush
[2344/2723] Linking target test-journal-init
[2345/2723] Linking target test-journal-match
[2346/2723] Linking target test-audit-type
[2347/2723] Linking target test-catalog
[2348/2723] Linking target test-journal-interleaving
[2349/2723] Linking target test-journal-stream
[2350/2723] Linking target test-login
[2351/2723] Linking target test-journal
[2352/2723] Linking target test-journal-send
[2353/2723] Linking target test-netlink
[2354/2723] Linking target test-sd-login
[2355/2723] Linking target test-bus-vtable-cc
[2356/2723] Linking target test-sd-path
[2357/2723] Linking target test-mmap-cache
[2358/2723] Linking target test-login-shared
[2359/2723] Linking target test-alloc-util
[2360/2723] Linking target test-arphrd-util
[2361/2723] Linking target test-architecture
[2362/2723] Linking target test-audit-util
[2363/2723] Linking target test-binfmt-util
[2364/2723] Linking target test-argv-util
[2365/2723] Linking target test-bootspec
[2366/2723] Linking target test-bitfield
[2367/2723] Linking target test-build-path
[2368/2723] Linking target test-barrier
[2369/2723] Linking target test-bitmap
[2370/2723] Linking target test-blockdev-util
[2371/2723] Linking target test-bus-unit-util
[2372/2723] Linking target test-bus-util
[2373/2723] Linking target test-calendarspec
[2374/2723] Linking target test-capability-util
[2375/2723] Linking target test-capability-list
[2376/2723] Linking target test-chid
[2377/2723] Linking target test-cgroup-util
[2378/2723] Linking target test-cgroup-setup
[2379/2723] Linking target test-clock
[2380/2723] Linking target test-color-util
[2381/2723] Linking target test-conf-files
[2382/2723] Linking target test-chase
[2383/2723] Linking target test-compare-operator
[2384/2723] Linking target test-copy
[2385/2723] Linking target test-condition
[2386/2723] Linking target test-cpu-set-util
[2387/2723] Linking target test-data-fd-util
[2388/2723] Linking target test-conf-parser
[2389/2723] Linking target test-creds
[2390/2723] Linking target test-daemon
[2391/2723] Linking target test-dev-setup
[2392/2723] Linking target test-coredump-util
[2393/2723] Linking target test-date
[2394/2723] Linking target test-devnum-util
[2395/2723] Linking target test-dirent-util
[2396/2723] Linking target test-escape
[2397/2723] Linking target test-dns-domain
[2398/2723] Linking target test-ellipsize
[2399/2723] Linking target test-env-file
[2400/2723] Linking target test-errno-util
[2401/2723] Linking target test-device-nodes
[2402/2723] Linking target test-exec-util
[2403/2723] Linking target test-env-util
[2404/2723] Linking target test-extract-word
[2405/2723] Linking target test-ether-addr-util
[2406/2723] Linking target test-exit-status
[2407/2723] Linking target test-execve
[2408/2723] Linking target test-fileio
[2409/2723] Linking target test-fiemap
[2410/2723] Linking target test-fdset
[2411/2723] Linking target test-format-util
[2412/2723] Linking target test-firewall-util
[2413/2723] Linking target test-fs-util
[2414/2723] Linking target test-fstab-util
[2415/2723] Linking target test-gunicode
[2416/2723] Linking target test-format-table
[2417/2723] Linking target test-hash-funcs
[2418/2723] Linking target test-gpt
[2419/2723] Linking target test-hexdecoct
[2420/2723] Linking target test-glob-util
[2421/2723] Linking target test-hmac
[2422/2723] Linking target test-hostname-setup
[2423/2723] Linking target test-image-policy
[2424/2723] Linking target test-hostname-util
[2425/2723] Linking target test-image-filter
[2426/2723] Linking target test-import-util
[2427/2723] Linking target test-in-addr-prefix-util
[2428/2723] Linking target test-in-addr-util
[2429/2723] Linking target test-install-file
[2430/2723] Linking target test-install-root
[2431/2723] Linking target test-kbd-util
[2432/2723] Linking target test-journal-importer
[2433/2723] Linking target test-io-util
[2434/2723] Linking target test-label
[2435/2723] Linking target test-ip-protocol-list
[2436/2723] Linking target test-list
[2437/2723] Linking target test-iovec-wrapper
[2438/2723] Linking target test-iovec-util
[2439/2723] Linking target test-limits-util
[2440/2723] Linking target test-local-addresses
[2441/2723] Linking target test-lock-util
[2442/2723] Linking target test-locale-util
[2443/2723] Linking target test-log
[2444/2723] Linking target test-logarithm
[2445/2723] Linking target test-machine-util
[2446/2723] Linking target test-login-util
[2447/2723] Linking target test-macro
[2448/2723] Linking target test-mkdir
[2449/2723] Linking target test-memstream-util
[2450/2723] Linking target test-memfd-util
[2451/2723] Linking target test-mempool
[2452/2723] Linking target test-modhex
[2453/2723] Linking target test-memory-util
[2454/2723] Linking target test-mstack
[2455/2723] Linking target test-nsresource
[2456/2723] Linking target test-open-file
[2457/2723] Linking target test-net-naming-scheme
[2458/2723] Linking target test-nulstr-util
[2459/2723] Linking target test-mountpoint-util
[2460/2723] Linking target test-namespace-util
[2461/2723] Linking target test-notify-recv
[2462/2723] Linking target test-options
[2463/2723] Linking target test-os-util
[2464/2723] Linking target test-parse-argument
[2465/2723] Linking target test-osc-context
[2466/2723] Linking target test-ordered-set
[2467/2723] Linking target test-parse-helpers
[2468/2723] Linking target test-parse-util
[2469/2723] Linking target test-pe-binary
[2470/2723] Linking target test-pidref
[2471/2723] Linking target test-path-util
[2472/2723] Linking target test-path-lookup
[2473/2723] Linking target test-printf
[2474/2723] Linking target test-pretty-print
[2475/2723] Linking target test-prioq
[2476/2723] Linking target test-procfs-util
[2477/2723] Linking target test-percent-util
[2478/2723] Linking target test-pressure
[2479/2723] Linking target test-process-util
[2480/2723] Linking target test-proc-cmdline
[2481/2723] Linking target test-progress-bar
[2482/2723] Linking target test-ratelimit
[2483/2723] Linking target test-qmp-client
[2484/2723] Linking target test-qrcode-util
[2485/2723] Linking target test-psi-util
[2486/2723] Linking target test-raw-clone
[2487/2723] Linking target test-recurse-dir
[2488/2723] Linking target test-replace-var
[2489/2723] Linking target test-recovery-key
[2490/2723] Linking target test-reread-partition-table
[2491/2723] Linking target test-serialize
[2492/2723] Linking target test-secure-bits
[2493/2723] Linking target test-rlimit-util
[2494/2723] Linking target test-rm-rf
[2495/2723] Linking target test-set
[2496/2723] Linking target test-set-disable-mempool
[2497/2723] Linking target test-sha1
[2498/2723] Linking target test-sha256
[2499/2723] Linking target test-sigbus
[2500/2723] Linking target test-siphash24
[2501/2723] Linking target test-stdio
[2502/2723] Linking target test-sleep-config
[2503/2723] Linking target test-socket-netlink
[2504/2723] Linking target test-signal-util
[2505/2723] Linking target test-socket-util
[2506/2723] Linking target test-stat-util
[2507/2723] Linking target test-strxcpyx
[2508/2723] Linking target test-static-destruct
[2509/2723] Linking target test-strbuf
[2510/2723] Linking target test-strip-tab-ansi
[2511/2723] Linking target test-specifier
[2512/2723] Linking target test-strv
[2513/2723] Linking target test-string-util
[2514/2723] Linking target test-sysctl-util
[2515/2723] Linking target test-tests
[2516/2723] Linking target test-uid-classification
[2517/2723] Linking target test-terminal-util
[2518/2723] Linking target test-tmpfile-util
[2519/2723] Linking target test-udev-util
[2520/2723] Linking target test-umask-util
[2521/2723] Linking target test-unaligned
[2522/2723] Linking target test-uid-range
[2523/2723] Linking target test-unit-file
[2524/2723] Linking target test-user-record
[2525/2723] Linking target test-utf8
[2526/2723] Linking target test-user-util
[2527/2723] Linking target test-verbs
[2528/2723] Linking target test-xml
[2529/2723] Linking target test-vpick
[2530/2723] Linking target test-xattr-util
[2531/2723] Linking target test-bus-cleanup
[2532/2723] Linking target test-bus-chat
[2533/2723] Linking target test-bus-address
[2534/2723] Linking target test-web-util
[2535/2723] Linking target test-bus-marshal
[2536/2723] Linking target test-bus-benchmark
[2537/2723] Linking target test-bus-objects
[2538/2723] Linking target test-bus-watch-bind
[2539/2723] Linking target test-bus-peersockaddr
[2540/2723] Linking target test-bus-queue-ref-cycle
[2541/2723] Linking target test-bus-server
[2542/2723] Linking target test-bus-signature
[2543/2723] Linking target test-bus-track
[2544/2723] Linking target test-sd-device
[2545/2723] Linking target test-journal-dump
[2546/2723] Linking target test-event
[2547/2723] Linking target test-json
[2548/2723] Linking target test-resolve
[2549/2723] Linking target test-journal-verify
[2550/2723] Linking target test-journal-enum
[2551/2723] Linking target test-journal-append
[2552/2723] Linking target test-varlink
[2553/2723] Linking target fuzz-hwdb
[2554/2723] Linking target test-varlink-idl
[2555/2723] Linking target fuzz-bus-message
[2556/2723] Linking target fuzz-bus-label
[2557/2723] Linking target fuzz-catalog
[2558/2723] Linking target fuzz-bus-match
[2559/2723] Linking target fuzz-calendarspec
[2560/2723] Linking target fuzz-bootspec
[2561/2723] Linking target fuzz-env-file
[2562/2723] Linking target fuzz-user-record
[2563/2723] Linking target fuzz-json
[2564/2723] Linking target fuzz-udev-database
[2565/2723] Linking target fuzz-hostname-setup
[2566/2723] Linking target fuzz-pe-binary
[2567/2723] Linking target fuzz-time-util
[2568/2723] Linking target fuzz-varlink
[2569/2723] Linking target libcryptsetup-token-systemd-tpm2.so
[2570/2723] Linking target fuzz-compress
[2571/2723] Linking target libcryptsetup-token-systemd-pkcs11.so
[2572/2723] Linking target fuzz-varlink-idl
[2573/2723] Linking target libnss_mymachines.so.2
[2574/2723] Linking target pam_systemd.so
[2575/2723] Linking target pam_systemd_loadkey.so
[2576/2723] Linking target libnss_systemd.so.2
[2577/2723] Linking target libnss_resolve.so.2
[2578/2723] Linking target libnss_myhostname.so.2
[2579/2723] Generating rules.d/64-btrfs.rules with a custom command
[2580/2723] Generating rules.d/73-seat-late.rules with a custom command
[2581/2723] Generating rules.d/90-vconsole.rules with a custom command
[2582/2723] Generating rules.d/60-persistent-storage.rules with a custom command
[2583/2723] Generating rules.d/99-systemd.rules with a custom command
[2584/2723] Generating ukify with a custom command
[2585/2723] Generating rules.d/70-uaccess.rules with a custom command
[2586/2723] Generating hwdb.d/60-autosuspend-chromiumos.hwdb with a custom command (wrapped by meson to capture output)
[2587/2723] Generating shell-completion/bash/systemctl with a custom command
[2588/2723] Generating rules.d/71-seat.rules with a custom command
[2589/2723] Generating sysusers.d/basic.conf with a custom command
[2590/2723] Generating rules.d/50-udev-default.rules with a custom command
[2591/2723] Generating sysctl.d/50-coredump.conf with a custom command
[2592/2723] Generating sysusers.d/systemd-journal.conf with a custom command
[2593/2723] Generating sysusers.d/systemd-network.conf with a custom command
[2594/2723] Generating sysusers.d/systemd-imds.conf with a custom command
[2595/2723] Generating shell-completion/zsh/_systemctl with a custom command
[2596/2723] Generating sysusers.d/systemd-resolve.conf with a custom command
[2597/2723] Generating tmpfiles.d/20-systemd-osc-context.conf with a custom command
[2598/2723] Generating sysusers.d/systemd-timesync.conf with a custom command
[2599/2723] Generating tmpfiles.d/systemd.conf with a custom command
[2600/2723] Generating tmpfiles.d/20-systemd-ssh-generator.conf with a custom command
[2601/2723] Generating tmpfiles.d/20-systemd-shell-extra.conf with a custom command
[2602/2723] Generating tmpfiles.d/20-systemd-stub.conf with a custom command
[2603/2723] Generating units/breakpoint-pre-basic.service with a custom command
[2604/2723] Generating tmpfiles.d/legacy.conf with a custom command
[2605/2723] Generating tmpfiles.d/etc.conf with a custom command
[2606/2723] Generating tmpfiles.d/var.conf with a custom command
[2607/2723] Generating tmpfiles.d/20-systemd-userdb.conf with a custom command
[2608/2723] Generating units/breakpoint-pre-switch-root.service with a custom command
[2609/2723] Generating units/capsule@.service with a custom command
[2610/2723] Generating units/console-getty.service with a custom command
[2611/2723] Generating tmpfiles.d/static-nodes-permissions.conf with a custom command
[2612/2723] Generating units/breakpoint-pre-mount.service with a custom command
[2613/2723] Generating units/emergency.service with a custom command
[2614/2723] Generating units/quotaon@.service with a custom command
[2615/2723] Generating units/breakpoint-pre-udev.service with a custom command
[2616/2723] Generating units/quotaon-root.service with a custom command
[2617/2723] Generating units/getty@.service with a custom command
[2618/2723] Generating units/systemd-battery-check.service with a custom command
[2619/2723] Generating units/kmod-static-nodes.service with a custom command
[2620/2723] Generating units/debug-shell.service with a custom command
[2621/2723] Generating units/systemd-binfmt.service with a custom command
[2622/2723] Generating units/initrd-parse-etc.service with a custom command
[2623/2723] Generating units/systemd-factory-reset@.service with a custom command
[2624/2723] Generating units/container-getty@.service with a custom command
[2625/2723] Generating units/rescue.service with a custom command
[2626/2723] Generating units/systemd-boot-check-no-failures.service with a custom command
[2627/2723] Generating units/serial-getty@.service with a custom command
[2628/2723] Generating units/systemd-coredump@.service with a custom command
[2629/2723] Generating units/systemd-bless-boot.service with a custom command
[2630/2723] Generating units/systemd-backlight@.service with a custom command
[2631/2723] Generating units/systemd-fsck@.service with a custom command
[2632/2723] Generating units/systemd-growfs-root.service with a custom command
[2633/2723] Generating units/systemd-factory-reset-request.service with a custom command
[2634/2723] Generating units/systemd-fsck-root.service with a custom command
[2635/2723] Generating units/systemd-hibernate-clear.service with a custom command
[2636/2723] Generating units/systemd-growfs@.service with a custom command
[2637/2723] Generating units/systemd-factory-reset-complete.service with a custom command
[2638/2723] Generating units/systemd-hibernate-resume.service with a custom command
[2639/2723] Generating units/systemd-imds-early-network.service with a custom command
[2640/2723] Generating units/systemd-hostnamed.service with a custom command
[2641/2723] Generating units/systemd-hybrid-sleep.service with a custom command
[2642/2723] Generating units/systemd-journal-upload.service with a custom command
[2643/2723] Generating units/systemd-journald.service with a custom command
[2644/2723] Generating units/systemd-imds-import.service with a custom command
[2645/2723] Generating units/systemd-journald@.service with a custom command
[2646/2723] Generating units/systemd-importd.service with a custom command
[2647/2723] Generating units/systemd-hwdb-update.service with a custom command
[2648/2723] Generating units/systemd-imdsd@.service with a custom command
[2649/2723] Generating units/systemd-hibernate.service with a custom command
[2650/2723] Generating units/systemd-machined.service with a custom command
[2651/2723] Generating units/systemd-networkd-wait-online@.service with a custom command
[2652/2723] Generating units/systemd-nspawn@.service with a custom command
[2653/2723] Generating units/systemd-pcrfs@.service with a custom command
[2654/2723] Generating units/systemd-modules-load.service with a custom command
[2655/2723] Generating units/systemd-pcrmachine.service with a custom command
[2656/2723] Generating units/systemd-localed.service with a custom command
[2657/2723] Generating units/systemd-pcrosseparator.service with a custom command
[2658/2723] Generating units/systemd-network-generator.service with a custom command
[2659/2723] Generating units/systemd-pcrextend@.service with a custom command
[2660/2723] Generating units/systemd-networkd-wait-online.service with a custom command
[2661/2723] Generating units/systemd-oomd.service with a custom command
[2662/2723] Generating units/systemd-logind.service with a custom command
[2663/2723] Generating units/systemd-networkd.service with a custom command
[2664/2723] Generating units/systemd-pcrphase-factory-reset.service with a custom command
[2665/2723] Generating units/systemd-pcrphase-sysinit.service with a custom command
[2666/2723] Generating units/systemd-pcrphase-storage-target-mode.service with a custom command
[2667/2723] Generating units/systemd-pcrlogin@.service with a custom command
[2668/2723] Generating units/systemd-pcrproduct.service with a custom command
[2669/2723] Generating units/systemd-pcrfs-root.service with a custom command
[2670/2723] Generating units/systemd-pcrphase.service with a custom command
[2671/2723] Generating units/systemd-pcrphase-initrd.service with a custom command
[2672/2723] Generating units/systemd-tpm2-clear.service with a custom command
[2673/2723] Generating units/systemd-tpm2-setup-early.service with a custom command
[2674/2723] Generating units/systemd-report-basic@.service with a custom command
[2675/2723] Generating units/systemd-pcrlock-secureboot-policy.service with a custom command
[2676/2723] Generating units/systemd-pcrlock-firmware-code.service with a custom command
[2677/2723] Generating units/systemd-pcrlock-make-policy.service with a custom command
[2678/2723] Generating units/systemd-pcrnvdone.service with a custom command
[2679/2723] Generating units/systemd-pcrlock-machine-id.service with a custom command
[2680/2723] Generating units/systemd-pcrlock-file-system.service with a custom command
[2681/2723] Generating units/systemd-tpm2-setup.service with a custom command
[2682/2723] Generating units/systemd-quotacheck@.service with a custom command
[2683/2723] Generating units/systemd-tpm2-swtpm.service with a custom command
[2684/2723] Generating units/systemd-pcrlock-secureboot-authority.service with a custom command
[2685/2723] Generating units/systemd-pcrlock@.service with a custom command
[2686/2723] Generating units/systemd-remount-fs.service with a custom command
[2687/2723] Generating units/systemd-pstore.service with a custom command
[2688/2723] Generating units/systemd-random-seed.service with a custom command
[2689/2723] Generating units/systemd-report-cgroup@.service with a custom command
[2690/2723] Generating units/systemd-portabled.service with a custom command
[2691/2723] Generating units/systemd-pcrlock-firmware-config.service with a custom command
[2692/2723] Generating units/systemd-rfkill.service with a custom command
[2693/2723] Generating units/systemd-sysctl.service with a custom command
[2694/2723] Generating units/systemd-resolved.service with a custom command
[2695/2723] Generating units/systemd-quotacheck-root.service with a custom command
[2696/2723] Generating units/systemd-storage-fs@.service with a custom command
[2697/2723] Generating units/systemd-storagetm.service with a custom command
[2698/2723] Generating units/systemd-storage-block@.service with a custom command
[2699/2723] Generating units/systemd-time-wait-sync.service with a custom command
[2700/2723] Generating units/systemd-timesyncd.service with a custom command
[2701/2723] Generating units/systemd-suspend.service with a custom command
[2702/2723] Generating units/systemd-suspend-then-hibernate.service with a custom command
[2703/2723] Generating units/systemd-userdbd.service with a custom command
[2704/2723] Generating units/systemd-nsresourced.service with a custom command
[2705/2723] Generating units/systemd-update-utmp.service with a custom command
[2706/2723] Generating units/systemd-volatile-root.service with a custom command
[2707/2723] Generating units/systemd-update-done.service with a custom command
[2708/2723] Generating units/systemd-timedated.service with a custom command
[2709/2723] Generating units/systemd-user-sessions.service with a custom command
[2710/2723] Generating units/systemd-udevd.service with a custom command
[2711/2723] Generating units/systemd-validatefs@.service with a custom command
[2712/2723] Generating units/systemd-vconsole-setup.service with a custom command
[2713/2723] Generating units/systemd-mountfsd.service with a custom command
[2714/2723] Generating factory/templates/locale.conf with a custom command
[2715/2723] Generating units/user/systemd-storage-fs@.service with a custom command
[2716/2723] Generating units/user@.service with a custom command
[2717/2723] Generating units/user/systemd-portabled.service with a custom command
[2718/2723] Generating units/user/systemd-machined.service with a custom command
[2719/2723] Generating units/user/systemd-nspawn@.service with a custom command
[2720/2723] Generating units/user-runtime-dir@.service with a custom command
[2721/2723] Generating factory/templates/vconsole.conf with a custom command
[2722/2723] Generating units/user/systemd-importd.service with a custom command
[2723/2723] Generating export-dbus-interfaces with a custom command
INFO: autodetecting backend as ninja
INFO: calculating backend command to run: /usr/sbin/ninja -C /home/builder/build/src/systemd-261.2/build
==> Entering fakeroot environment...
==> Starting package()...
ninja: Entering directory `/home/builder/build/src/systemd-261.2/build'
[1/647] Generating src/version/version with a custom command (wrapped by meson to capture output)
Installing subdir /home/builder/build/src/systemd-261.2/src/boot/hwids to /home/builder/build/pkg/systemd/usr/lib/systemd/boot/hwids
Installing /home/builder/build/src/systemd-261.2/src/boot/hwids/aa64/msm8998-lenovo-miix-630-81f1.json to /home/builder/build/pkg/systemd/usr/lib/systemd/boot/hwids/aa64
Installing /home/builder/build/src/systemd-261.2/src/boot/hwids/aa64/sc7180-acer-aspire1.json to /home/builder/build/pkg/systemd/usr/lib/systemd/boot/hwids/aa64
Installing /home/builder/build/src/systemd-261.2/src/boot/hwids/aa64/sc8180x-lenovo-flex-5g-81xe.json to /home/builder/build/pkg/systemd/usr/lib/systemd/boot/hwids/aa64
Installing /home/builder/build/src/systemd-261.2/src/boot/hwids/aa64/sc8180x-lenovo-flex-5g-82ak.json to /home/builder/build/pkg/systemd/usr/lib/systemd/boot/hwids/aa64
Installing /home/builder/build/src/systemd-261.2/src/boot/hwids/aa64/sc8280xp-huawei-gaokun3.json to /home/builder/build/pkg/systemd/usr/lib/systemd/boot/hwids/aa64
Installing /home/builder/build/src/systemd-261.2/src/boot/hwids/aa64/sc8280xp-lenovo-thinkpad-x13s-21bx.json to /home/builder/build/pkg/systemd/usr/lib/systemd/boot/hwids/aa64
Installing /home/builder/build/src/systemd-261.2/src/boot/hwids/aa64/sc8280xp-lenovo-thinkpad-x13s-21by.json to /home/builder/build/pkg/systemd/usr/lib/systemd/boot/hwids/aa64
Installing /home/builder/build/src/systemd-261.2/src/boot/hwids/aa64/sc8280xp-lenovo-thinkpad-x13s-4810.json to /home/builder/build/pkg/systemd/usr/lib/systemd/boot/hwids/aa64
Installing /home/builder/build/src/systemd-261.2/src/boot/hwids/aa64/sc8280xp-microsoft-blackrock.json to /home/builder/build/pkg/systemd/usr/lib/systemd/boot/hwids/aa64
Installing /home/builder/build/src/systemd-261.2/src/boot/hwids/aa64/sc8280xp-microsoft-surface-pro-9-5G.json to /home/builder/build/pkg/systemd/usr/lib/systemd/boot/hwids/aa64
Installing /home/builder/build/src/systemd-261.2/src/boot/hwids/aa64/sdm850-lenovo-yoga-c630.json to /home/builder/build/pkg/systemd/usr/lib/systemd/boot/hwids/aa64
Installing /home/builder/build/src/systemd-261.2/src/boot/hwids/aa64/x1e001de-devkit.json to /home/builder/build/pkg/systemd/usr/lib/systemd/boot/hwids/aa64
Installing /home/builder/build/src/systemd-261.2/src/boot/hwids/aa64/x1e78100-acer-sfa14-11.json to /home/builder/build/pkg/systemd/usr/lib/systemd/boot/hwids/aa64
Installing /home/builder/build/src/systemd-261.2/src/boot/hwids/aa64/x1e78100-lenovo-thinkpad-t14s-lcd.json to /home/builder/build/pkg/systemd/usr/lib/systemd/boot/hwids/aa64
Installing /home/builder/build/src/systemd-261.2/src/boot/hwids/aa64/x1e78100-lenovo-thinkpad-t14s-oled.json to /home/builder/build/pkg/systemd/usr/lib/systemd/boot/hwids/aa64
Installing /home/builder/build/src/systemd-261.2/src/boot/hwids/aa64/x1e78100-lenovo-thinkpad-t14s.json to /home/builder/build/pkg/systemd/usr/lib/systemd/boot/hwids/aa64
Installing /home/builder/build/src/systemd-261.2/src/boot/hwids/aa64/x1e78100-medion-sprchrgd-14s1-elite.json to /home/builder/build/pkg/systemd/usr/lib/systemd/boot/hwids/aa64
Installing /home/builder/build/src/systemd-261.2/src/boot/hwids/aa64/x1e80100-asus-vivobook-s15.json to /home/builder/build/pkg/systemd/usr/lib/systemd/boot/hwids/aa64
Installing /home/builder/build/src/systemd-261.2/src/boot/hwids/aa64/x1e80100-asus-zenbook-a14-oled.json to /home/builder/build/pkg/systemd/usr/lib/systemd/boot/hwids/aa64
Installing /home/builder/build/src/systemd-261.2/src/boot/hwids/aa64/x1e80100-asus-zenbook-a14.json to /home/builder/build/pkg/systemd/usr/lib/systemd/boot/hwids/aa64
Installing /home/builder/build/src/systemd-261.2/src/boot/hwids/aa64/x1e80100-crd.json to /home/builder/build/pkg/systemd/usr/lib/systemd/boot/hwids/aa64
Installing /home/builder/build/src/systemd-261.2/src/boot/hwids/aa64/x1e80100-dell-inspiron-14-plus-7441.json to /home/builder/build/pkg/systemd/usr/lib/systemd/boot/hwids/aa64
Installing /home/builder/build/src/systemd-261.2/src/boot/hwids/aa64/x1e80100-dell-latitude-7455.json to /home/builder/build/pkg/systemd/usr/lib/systemd/boot/hwids/aa64
Installing /home/builder/build/src/systemd-261.2/src/boot/hwids/aa64/x1e80100-dell-xps13-9345.json to /home/builder/build/pkg/systemd/usr/lib/systemd/boot/hwids/aa64
Installing /home/builder/build/src/systemd-261.2/src/boot/hwids/aa64/x1e80100-hp-elitebook-ultra-g1q.json to /home/builder/build/pkg/systemd/usr/lib/systemd/boot/hwids/aa64
Installing /home/builder/build/src/systemd-261.2/src/boot/hwids/aa64/x1e80100-hp-omnibook-x14.json to /home/builder/build/pkg/systemd/usr/lib/systemd/boot/hwids/aa64
Installing /home/builder/build/src/systemd-261.2/src/boot/hwids/aa64/x1e80100-lenovo-yoga-slim7x.json to /home/builder/build/pkg/systemd/usr/lib/systemd/boot/hwids/aa64
Installing /home/builder/build/src/systemd-261.2/src/boot/hwids/aa64/x1e80100-microsoft-denali.json to /home/builder/build/pkg/systemd/usr/lib/systemd/boot/hwids/aa64
Installing /home/builder/build/src/systemd-261.2/src/boot/hwids/aa64/x1e80100-microsoft-romulus13.json to /home/builder/build/pkg/systemd/usr/lib/systemd/boot/hwids/aa64
Installing /home/builder/build/src/systemd-261.2/src/boot/hwids/aa64/x1e80100-microsoft-romulus15.json to /home/builder/build/pkg/systemd/usr/lib/systemd/boot/hwids/aa64
Installing /home/builder/build/src/systemd-261.2/src/boot/hwids/aa64/x1p42100-acer-swift-go14-01.json to /home/builder/build/pkg/systemd/usr/lib/systemd/boot/hwids/aa64
Installing /home/builder/build/src/systemd-261.2/src/boot/hwids/aa64/x1p42100-asus-vivobook-s15.json to /home/builder/build/pkg/systemd/usr/lib/systemd/boot/hwids/aa64
Installing /home/builder/build/src/systemd-261.2/src/boot/hwids/aa64/x1p42100-asus-zenbook-a14.json to /home/builder/build/pkg/systemd/usr/lib/systemd/boot/hwids/aa64
Installing /home/builder/build/src/systemd-261.2/src/boot/hwids/aa64/x1p42100-hp-omnibook-x14.json to /home/builder/build/pkg/systemd/usr/lib/systemd/boot/hwids/aa64
Installing /home/builder/build/src/systemd-261.2/src/boot/hwids/aa64/x1p42100-lenovo-ideapad-5-2in1.json to /home/builder/build/pkg/systemd/usr/lib/systemd/boot/hwids/aa64
Installing /home/builder/build/src/systemd-261.2/src/boot/hwids/aa64/x1p42100-lenovo-ideapad-slim-5-oled.json to /home/builder/build/pkg/systemd/usr/lib/systemd/boot/hwids/aa64
Installing /home/builder/build/src/systemd-261.2/src/boot/hwids/aa64/x1p42100-lenovo-thinkbook-16.json to /home/builder/build/pkg/systemd/usr/lib/systemd/boot/hwids/aa64
Installing /home/builder/build/src/systemd-261.2/src/boot/hwids/aa64/x1p42100-microsoft-surface-pro-12in.json to /home/builder/build/pkg/systemd/usr/lib/systemd/boot/hwids/aa64
Installing /home/builder/build/src/systemd-261.2/src/boot/hwids/aa64/x1p64100-acer-swift-sf14-11.json to /home/builder/build/pkg/systemd/usr/lib/systemd/boot/hwids/aa64
Installing subdir /home/builder/build/src/systemd-261.2/factory/etc to /home/builder/build/pkg/systemd/usr/share/factory/etc
Installing /home/builder/build/src/systemd-261.2/factory/etc/issue to /home/builder/build/pkg/systemd/usr/share/factory/etc
Installing /home/builder/build/src/systemd-261.2/factory/etc/pam.d/other to /home/builder/build/pkg/systemd/usr/share/factory/etc/pam.d
Installing /home/builder/build/src/systemd-261.2/factory/etc/pam.d/system-auth to /home/builder/build/pkg/systemd/usr/share/factory/etc/pam.d
Installing subdir /home/builder/build/src/systemd-261.2/LICENSES to /home/builder/build/pkg/systemd/usr/share/doc/systemd-261.2/LICENSES
Installing /home/builder/build/src/systemd-261.2/LICENSES/BSD-2-Clause.txt to /home/builder/build/pkg/systemd/usr/share/doc/systemd-261.2/LICENSES
Installing /home/builder/build/src/systemd-261.2/LICENSES/BSD-3-Clause.txt to /home/builder/build/pkg/systemd/usr/share/doc/systemd-261.2/LICENSES
Installing /home/builder/build/src/systemd-261.2/LICENSES/CC0-1.0.txt to /home/builder/build/pkg/systemd/usr/share/doc/systemd-261.2/LICENSES
Installing /home/builder/build/src/systemd-261.2/LICENSES/LGPL-2.0-or-later.txt to /home/builder/build/pkg/systemd/usr/share/doc/systemd-261.2/LICENSES
Installing /home/builder/build/src/systemd-261.2/LICENSES/Linux-syscall-note.txt to /home/builder/build/pkg/systemd/usr/share/doc/systemd-261.2/LICENSES
Installing /home/builder/build/src/systemd-261.2/LICENSES/MIT-0.txt to /home/builder/build/pkg/systemd/usr/share/doc/systemd-261.2/LICENSES
Installing /home/builder/build/src/systemd-261.2/LICENSES/MIT.txt to /home/builder/build/pkg/systemd/usr/share/doc/systemd-261.2/LICENSES
Installing /home/builder/build/src/systemd-261.2/LICENSES/OFL-1.1.txt to /home/builder/build/pkg/systemd/usr/share/doc/systemd-261.2/LICENSES
Installing /home/builder/build/src/systemd-261.2/LICENSES/README.md to /home/builder/build/pkg/systemd/usr/share/doc/systemd-261.2/LICENSES
Installing /home/builder/build/src/systemd-261.2/LICENSES/alg-sha1-public-domain.txt to /home/builder/build/pkg/systemd/usr/share/doc/systemd-261.2/LICENSES
Installing /home/builder/build/src/systemd-261.2/LICENSES/lookup3-public-domain.txt to /home/builder/build/pkg/systemd/usr/share/doc/systemd-261.2/LICENSES
Installing /home/builder/build/src/systemd-261.2/LICENSES/murmurhash2-public-domain.txt to /home/builder/build/pkg/systemd/usr/share/doc/systemd-261.2/LICENSES
Installing po/ar/LC_MESSAGES/systemd.mo to /home/builder/build/pkg/systemd/usr/share/locale/ar/LC_MESSAGES
Installing po/be/LC_MESSAGES/systemd.mo to /home/builder/build/pkg/systemd/usr/share/locale/be/LC_MESSAGES
Installing po/be@latin/LC_MESSAGES/systemd.mo to /home/builder/build/pkg/systemd/usr/share/locale/be@latin/LC_MESSAGES
Installing po/bg/LC_MESSAGES/systemd.mo to /home/builder/build/pkg/systemd/usr/share/locale/bg/LC_MESSAGES
Installing po/bo/LC_MESSAGES/systemd.mo to /home/builder/build/pkg/systemd/usr/share/locale/bo/LC_MESSAGES
Installing po/ca/LC_MESSAGES/systemd.mo to /home/builder/build/pkg/systemd/usr/share/locale/ca/LC_MESSAGES
Installing po/cs/LC_MESSAGES/systemd.mo to /home/builder/build/pkg/systemd/usr/share/locale/cs/LC_MESSAGES
Installing po/da/LC_MESSAGES/systemd.mo to /home/builder/build/pkg/systemd/usr/share/locale/da/LC_MESSAGES
Installing po/de/LC_MESSAGES/systemd.mo to /home/builder/build/pkg/systemd/usr/share/locale/de/LC_MESSAGES
Installing po/el/LC_MESSAGES/systemd.mo to /home/builder/build/pkg/systemd/usr/share/locale/el/LC_MESSAGES
Installing po/eo/LC_MESSAGES/systemd.mo to /home/builder/build/pkg/systemd/usr/share/locale/eo/LC_MESSAGES
Installing po/es/LC_MESSAGES/systemd.mo to /home/builder/build/pkg/systemd/usr/share/locale/es/LC_MESSAGES
Installing po/et/LC_MESSAGES/systemd.mo to /home/builder/build/pkg/systemd/usr/share/locale/et/LC_MESSAGES
Installing po/eu/LC_MESSAGES/systemd.mo to /home/builder/build/pkg/systemd/usr/share/locale/eu/LC_MESSAGES
Installing po/fi/LC_MESSAGES/systemd.mo to /home/builder/build/pkg/systemd/usr/share/locale/fi/LC_MESSAGES
Installing po/fr/LC_MESSAGES/systemd.mo to /home/builder/build/pkg/systemd/usr/share/locale/fr/LC_MESSAGES
Installing po/gl/LC_MESSAGES/systemd.mo to /home/builder/build/pkg/systemd/usr/share/locale/gl/LC_MESSAGES
Installing po/he/LC_MESSAGES/systemd.mo to /home/builder/build/pkg/systemd/usr/share/locale/he/LC_MESSAGES
Installing po/hi/LC_MESSAGES/systemd.mo to /home/builder/build/pkg/systemd/usr/share/locale/hi/LC_MESSAGES
Installing po/hr/LC_MESSAGES/systemd.mo to /home/builder/build/pkg/systemd/usr/share/locale/hr/LC_MESSAGES
Installing po/hu/LC_MESSAGES/systemd.mo to /home/builder/build/pkg/systemd/usr/share/locale/hu/LC_MESSAGES
Installing po/ia/LC_MESSAGES/systemd.mo to /home/builder/build/pkg/systemd/usr/share/locale/ia/LC_MESSAGES
Installing po/id/LC_MESSAGES/systemd.mo to /home/builder/build/pkg/systemd/usr/share/locale/id/LC_MESSAGES
Installing po/it/LC_MESSAGES/systemd.mo to /home/builder/build/pkg/systemd/usr/share/locale/it/LC_MESSAGES
Installing po/ja/LC_MESSAGES/systemd.mo to /home/builder/build/pkg/systemd/usr/share/locale/ja/LC_MESSAGES
Installing po/ka/LC_MESSAGES/systemd.mo to /home/builder/build/pkg/systemd/usr/share/locale/ka/LC_MESSAGES
Installing po/kab/LC_MESSAGES/systemd.mo to /home/builder/build/pkg/systemd/usr/share/locale/kab/LC_MESSAGES
Installing po/kk/LC_MESSAGES/systemd.mo to /home/builder/build/pkg/systemd/usr/share/locale/kk/LC_MESSAGES
Installing po/km/LC_MESSAGES/systemd.mo to /home/builder/build/pkg/systemd/usr/share/locale/km/LC_MESSAGES
Installing po/kn/LC_MESSAGES/systemd.mo to /home/builder/build/pkg/systemd/usr/share/locale/kn/LC_MESSAGES
Installing po/ko/LC_MESSAGES/systemd.mo to /home/builder/build/pkg/systemd/usr/share/locale/ko/LC_MESSAGES
Installing po/kw/LC_MESSAGES/systemd.mo to /home/builder/build/pkg/systemd/usr/share/locale/kw/LC_MESSAGES
Installing po/lt/LC_MESSAGES/systemd.mo to /home/builder/build/pkg/systemd/usr/share/locale/lt/LC_MESSAGES
Installing po/nl/LC_MESSAGES/systemd.mo to /home/builder/build/pkg/systemd/usr/share/locale/nl/LC_MESSAGES
Installing po/nb_NO/LC_MESSAGES/systemd.mo to /home/builder/build/pkg/systemd/usr/share/locale/nb_NO/LC_MESSAGES
Installing po/pa/LC_MESSAGES/systemd.mo to /home/builder/build/pkg/systemd/usr/share/locale/pa/LC_MESSAGES
Installing po/pl/LC_MESSAGES/systemd.mo to /home/builder/build/pkg/systemd/usr/share/locale/pl/LC_MESSAGES
Installing po/pt/LC_MESSAGES/systemd.mo to /home/builder/build/pkg/systemd/usr/share/locale/pt/LC_MESSAGES
Installing po/pt_BR/LC_MESSAGES/systemd.mo to /home/builder/build/pkg/systemd/usr/share/locale/pt_BR/LC_MESSAGES
Installing po/ro/LC_MESSAGES/systemd.mo to /home/builder/build/pkg/systemd/usr/share/locale/ro/LC_MESSAGES
Installing po/ru/LC_MESSAGES/systemd.mo to /home/builder/build/pkg/systemd/usr/share/locale/ru/LC_MESSAGES
Installing po/si/LC_MESSAGES/systemd.mo to /home/builder/build/pkg/systemd/usr/share/locale/si/LC_MESSAGES
Installing po/sk/LC_MESSAGES/systemd.mo to /home/builder/build/pkg/systemd/usr/share/locale/sk/LC_MESSAGES
Installing po/sl/LC_MESSAGES/systemd.mo to /home/builder/build/pkg/systemd/usr/share/locale/sl/LC_MESSAGES
Installing po/sr/LC_MESSAGES/systemd.mo to /home/builder/build/pkg/systemd/usr/share/locale/sr/LC_MESSAGES
Installing po/sr@latin/LC_MESSAGES/systemd.mo to /home/builder/build/pkg/systemd/usr/share/locale/sr@latin/LC_MESSAGES
Installing po/sv/LC_MESSAGES/systemd.mo to /home/builder/build/pkg/systemd/usr/share/locale/sv/LC_MESSAGES
Installing po/tr/LC_MESSAGES/systemd.mo to /home/builder/build/pkg/systemd/usr/share/locale/tr/LC_MESSAGES
Installing po/ug/LC_MESSAGES/systemd.mo to /home/builder/build/pkg/systemd/usr/share/locale/ug/LC_MESSAGES
Installing po/uk/LC_MESSAGES/systemd.mo to /home/builder/build/pkg/systemd/usr/share/locale/uk/LC_MESSAGES
Installing po/zh_CN/LC_MESSAGES/systemd.mo to /home/builder/build/pkg/systemd/usr/share/locale/zh_CN/LC_MESSAGES
Installing po/zh_TW/LC_MESSAGES/systemd.mo to /home/builder/build/pkg/systemd/usr/share/locale/zh_TW/LC_MESSAGES
Installing po/lo/LC_MESSAGES/systemd.mo to /home/builder/build/pkg/systemd/usr/share/locale/lo/LC_MESSAGES
Installing catalog/systemd.be.catalog to /home/builder/build/pkg/systemd/usr/lib/systemd/catalog
Installing catalog/systemd.be@latin.catalog to /home/builder/build/pkg/systemd/usr/lib/systemd/catalog
Installing catalog/systemd.bg.catalog to /home/builder/build/pkg/systemd/usr/lib/systemd/catalog
Installing catalog/systemd.catalog to /home/builder/build/pkg/systemd/usr/lib/systemd/catalog
Installing catalog/systemd.da.catalog to /home/builder/build/pkg/systemd/usr/lib/systemd/catalog
Installing catalog/systemd.de.catalog to /home/builder/build/pkg/systemd/usr/lib/systemd/catalog
Installing catalog/systemd.fr.catalog to /home/builder/build/pkg/systemd/usr/lib/systemd/catalog
Installing catalog/systemd.hr.catalog to /home/builder/build/pkg/systemd/usr/lib/systemd/catalog
Installing catalog/systemd.hu.catalog to /home/builder/build/pkg/systemd/usr/lib/systemd/catalog
Installing catalog/systemd.it.catalog to /home/builder/build/pkg/systemd/usr/lib/systemd/catalog
Installing catalog/systemd.ko.catalog to /home/builder/build/pkg/systemd/usr/lib/systemd/catalog
Installing catalog/systemd.pl.catalog to /home/builder/build/pkg/systemd/usr/lib/systemd/catalog
Installing catalog/systemd.pt_BR.catalog to /home/builder/build/pkg/systemd/usr/lib/systemd/catalog
Installing catalog/systemd.ru.catalog to /home/builder/build/pkg/systemd/usr/lib/systemd/catalog
Installing catalog/systemd.sr.catalog to /home/builder/build/pkg/systemd/usr/lib/systemd/catalog
Installing catalog/systemd.zh_CN.catalog to /home/builder/build/pkg/systemd/usr/lib/systemd/catalog
Installing catalog/systemd.zh_TW.catalog to /home/builder/build/pkg/systemd/usr/lib/systemd/catalog
Installing src/libsystemd/libsystemd.pc to /home/builder/build/pkg/systemd/usr/lib/pkgconfig
Installing src/shared/libsystemd-shared-261.so to /home/builder/build/pkg/systemd/usr/lib/systemd
Installing src/libudev/libudev.pc to /home/builder/build/pkg/systemd/usr/lib/pkgconfig
Installing libsystemd.so.0.44.0 to /home/builder/build/pkg/systemd/usr/lib
Installing libudev.so.1.7.14 to /home/builder/build/pkg/systemd/usr/lib
Installing src/core/libsystemd-core-261.so to /home/builder/build/pkg/systemd/usr/lib/systemd
Installing src/core/system.conf to /home/builder/build/pkg/systemd/etc/systemd
Installing src/core/user.conf to /home/builder/build/pkg/systemd/etc/systemd
Installing src/core/org.freedesktop.systemd1.policy to /home/builder/build/pkg/systemd/usr/share/polkit-1/actions
Installing src/core/systemd.pc to /home/builder/build/pkg/systemd/usr/share/pkgconfig
Installing src/udev/udev.pc to /home/builder/build/pkg/systemd/usr/share/pkgconfig
Installing src/boot/systemd-bootx64.efi to /home/builder/build/pkg/systemd/usr/lib/systemd/boot/efi
Installing src/boot/linuxx64.efi.stub to /home/builder/build/pkg/systemd/usr/lib/systemd/boot/efi
Installing src/boot/addonx64.efi.stub to /home/builder/build/pkg/systemd/usr/lib/systemd/boot/efi
Installing src/journal/journald.conf to /home/builder/build/pkg/systemd/etc/systemd
Installing src/journal-remote/journal-upload.conf to /home/builder/build/pkg/systemd/etc/systemd
Installing src/kernel-install/60-ukify.install to /home/builder/build/pkg/systemd/usr/lib/kernel/install.d
Installing src/kernel-install/90-loaderentry.install to /home/builder/build/pkg/systemd/usr/lib/kernel/install.d
Installing src/login/logind.conf to /home/builder/build/pkg/systemd/etc/systemd
Installing src/login/systemd-user to /home/builder/build/pkg/systemd/usr/lib/pam.d
Installing src/resolve/resolved.conf to /home/builder/build/pkg/systemd/etc/systemd
Installing src/run/systemd-run0 to /home/builder/build/pkg/systemd/usr/lib/pam.d
Installing src/ssh-generator/20-systemd-ssh-proxy.conf to /home/builder/build/pkg/systemd/usr/lib/systemd/ssh_config.d
Installing src/timesync/timesyncd.conf to /home/builder/build/pkg/systemd/etc/systemd
Installing src/tpm2-setup/cryptsetup.nvpcr to /home/builder/build/pkg/systemd/usr/lib/nvpcr
Installing src/tpm2-setup/hardware.nvpcr to /home/builder/build/pkg/systemd/usr/lib/nvpcr
Installing src/tpm2-setup/login.nvpcr to /home/builder/build/pkg/systemd/usr/lib/nvpcr
Installing src/tpm2-setup/verity.nvpcr to /home/builder/build/pkg/systemd/usr/lib/nvpcr
Installing src/userdb/20-systemd-userdb.conf to /home/builder/build/pkg/systemd/usr/lib/systemd/sshd_config.d
Installing systemd to /home/builder/build/pkg/systemd/usr/lib/systemd
Installing systemd-executor to /home/builder/build/pkg/systemd/usr/lib/systemd
Installing udevadm to /home/builder/build/pkg/systemd/usr/bin
Installing ata_id to /home/builder/build/pkg/systemd/usr/lib/udev
Installing cdrom_id to /home/builder/build/pkg/systemd/usr/lib/udev
Installing dmi_memory_id to /home/builder/build/pkg/systemd/usr/lib/udev
Installing fido_id to /home/builder/build/pkg/systemd/usr/lib/udev
Installing iocost to /home/builder/build/pkg/systemd/usr/lib/udev
Installing mtd_probe to /home/builder/build/pkg/systemd/usr/lib/udev
Installing scsi_id to /home/builder/build/pkg/systemd/usr/lib/udev
Installing v4l_id to /home/builder/build/pkg/systemd/usr/lib/udev
Installing systemd-ac-power to /home/builder/build/pkg/systemd/usr/bin
Installing systemd-analyze to /home/builder/build/pkg/systemd/usr/bin
Installing systemd-ask-password to /home/builder/build/pkg/systemd/usr/bin
Installing systemd-backlight to /home/builder/build/pkg/systemd/usr/lib/systemd
Installing systemd-battery-check to /home/builder/build/pkg/systemd/usr/lib/systemd
Installing systemd-binfmt to /home/builder/build/pkg/systemd/usr/lib/systemd
Installing systemd-bless-boot to /home/builder/build/pkg/systemd/usr/lib/systemd
Installing systemd-bless-boot-generator to /home/builder/build/pkg/systemd/usr/lib/systemd/system-generators
Installing systemd-boot-check-no-failures to /home/builder/build/pkg/systemd/usr/lib/systemd
Installing bootctl to /home/builder/build/pkg/systemd/usr/bin
Installing busctl to /home/builder/build/pkg/systemd/usr/bin
Installing systemd-cgls to /home/builder/build/pkg/systemd/usr/bin
Installing systemd-cgtop to /home/builder/build/pkg/systemd/usr/bin
Installing systemd-coredump to /home/builder/build/pkg/systemd/usr/lib/systemd
Installing coredumpctl to /home/builder/build/pkg/systemd/usr/bin
Installing systemd-creds to /home/builder/build/pkg/systemd/usr/bin
Installing systemd-cryptenroll to /home/builder/build/pkg/systemd/usr/bin
Installing systemd-cryptsetup to /home/builder/build/pkg/systemd/usr/bin
Installing systemd-cryptsetup-generator to /home/builder/build/pkg/systemd/usr/lib/systemd/system-generators
Installing systemd-debug-generator to /home/builder/build/pkg/systemd/usr/lib/systemd/system-generators
Installing systemd-delta to /home/builder/build/pkg/systemd/usr/bin
Installing systemd-detect-virt to /home/builder/build/pkg/systemd/usr/bin
Installing systemd-dissect to /home/builder/build/pkg/systemd/usr/bin
Installing 30-systemd-environment-d-generator to /home/builder/build/pkg/systemd/usr/lib/systemd/user-environment-generators
Installing systemd-escape to /home/builder/build/pkg/systemd/usr/bin
Installing systemd-factory-reset to /home/builder/build/pkg/systemd/usr/lib/systemd
Installing systemd-factory-reset-generator to /home/builder/build/pkg/systemd/usr/lib/systemd/system-generators
Installing systemd-fsck to /home/builder/build/pkg/systemd/usr/lib/systemd
Installing systemd-fstab-generator to /home/builder/build/pkg/systemd/usr/lib/systemd/system-generators
Installing systemd-getty-generator to /home/builder/build/pkg/systemd/usr/lib/systemd/system-generators
Installing systemd-gpt-auto-generator to /home/builder/build/pkg/systemd/usr/lib/systemd/system-generators
Installing systemd-growfs to /home/builder/build/pkg/systemd/usr/lib/systemd
Installing systemd-makefs to /home/builder/build/pkg/systemd/usr/lib/systemd
Installing systemd-hibernate-resume to /home/builder/build/pkg/systemd/usr/lib/systemd
Installing systemd-hibernate-resume-generator to /home/builder/build/pkg/systemd/usr/lib/systemd/system-generators
Installing systemd-hostnamed to /home/builder/build/pkg/systemd/usr/lib/systemd
Installing hostnamectl to /home/builder/build/pkg/systemd/usr/bin
Installing systemd-hwdb to /home/builder/build/pkg/systemd/usr/bin
Installing systemd-id128 to /home/builder/build/pkg/systemd/usr/bin
Installing systemd-importd to /home/builder/build/pkg/systemd/usr/lib/systemd
Installing systemd-pull to /home/builder/build/pkg/systemd/usr/lib/systemd
Installing systemd-import to /home/builder/build/pkg/systemd/usr/lib/systemd
Installing systemd-import-fs to /home/builder/build/pkg/systemd/usr/lib/systemd
Installing systemd-export to /home/builder/build/pkg/systemd/usr/lib/systemd
Installing importctl to /home/builder/build/pkg/systemd/usr/bin
Installing systemd-import-generator to /home/builder/build/pkg/systemd/usr/lib/systemd/system-generators
Installing systemd-imdsd to /home/builder/build/pkg/systemd/usr/lib/systemd
Installing systemd-imds to /home/builder/build/pkg/systemd/usr/lib/systemd
Installing systemd-imds-generator to /home/builder/build/pkg/systemd/usr/lib/systemd/system-generators
Installing systemd-integritysetup to /home/builder/build/pkg/systemd/usr/lib/systemd
Installing systemd-integritysetup-generator to /home/builder/build/pkg/systemd/usr/lib/systemd/system-generators
Installing systemd-journald to /home/builder/build/pkg/systemd/usr/lib/systemd
Installing systemd-cat to /home/builder/build/pkg/systemd/usr/bin
Installing journalctl to /home/builder/build/pkg/systemd/usr/bin
Installing systemd-journal-remote to /home/builder/build/pkg/systemd/usr/lib/systemd
Installing systemd-journal-upload to /home/builder/build/pkg/systemd/usr/lib/systemd
Installing kernel-install to /home/builder/build/pkg/systemd/usr/bin
Installing systemd-keyutil to /home/builder/build/pkg/systemd/usr/lib/systemd
Installing systemd-localed to /home/builder/build/pkg/systemd/usr/lib/systemd
Installing localectl to /home/builder/build/pkg/systemd/usr/bin
Installing systemd-logind to /home/builder/build/pkg/systemd/usr/lib/systemd
Installing loginctl to /home/builder/build/pkg/systemd/usr/bin
Installing systemd-inhibit to /home/builder/build/pkg/systemd/usr/bin
Installing systemd-user-runtime-dir to /home/builder/build/pkg/systemd/usr/lib/systemd
Installing systemd-machined to /home/builder/build/pkg/systemd/usr/lib/systemd
Installing machinectl to /home/builder/build/pkg/systemd/usr/bin
Installing systemd-machine-id-setup to /home/builder/build/pkg/systemd/usr/bin
Installing systemd-measure to /home/builder/build/pkg/systemd/usr/lib/systemd
Installing systemd-modules-load to /home/builder/build/pkg/systemd/usr/lib/systemd
Installing systemd-mount to /home/builder/build/pkg/systemd/usr/bin
Installing systemd-mountfsd to /home/builder/build/pkg/systemd/usr/lib/systemd
Installing systemd-mountwork to /home/builder/build/pkg/systemd/usr/lib/systemd
Installing systemd-mstack to /home/builder/build/pkg/systemd/usr/bin
Installing systemd-mute-console to /home/builder/build/pkg/systemd/usr/bin
Installing systemd-networkd to /home/builder/build/pkg/systemd/usr/lib/systemd
Installing systemd-networkd-wait-online to /home/builder/build/pkg/systemd/usr/lib/systemd
Installing networkctl to /home/builder/build/pkg/systemd/usr/bin
Installing systemd-network-generator to /home/builder/build/pkg/systemd/usr/lib/systemd
Installing systemd-notify to /home/builder/build/pkg/systemd/usr/bin
Installing systemd-nspawn to /home/builder/build/pkg/systemd/usr/bin
Installing systemd-nsresourced to /home/builder/build/pkg/systemd/usr/lib/systemd
Installing systemd-nsresourcework to /home/builder/build/pkg/systemd/usr/lib/systemd
Installing systemd-oomd to /home/builder/build/pkg/systemd/usr/lib/systemd
Installing oomctl to /home/builder/build/pkg/systemd/usr/bin
Installing systemd-path to /home/builder/build/pkg/systemd/usr/bin
Installing systemd-pcrextend to /home/builder/build/pkg/systemd/usr/lib/systemd
Installing systemd-pcrlock to /home/builder/build/pkg/systemd/usr/lib/systemd
Installing systemd-portabled to /home/builder/build/pkg/systemd/usr/lib/systemd
Installing portablectl to /home/builder/build/pkg/systemd/usr/bin
Installing systemd-pstore to /home/builder/build/pkg/systemd/usr/lib/systemd
Installing systemd-pty-forward to /home/builder/build/pkg/systemd/usr/bin
Installing systemd-quotacheck to /home/builder/build/pkg/systemd/usr/lib/systemd
Installing systemd-random-seed to /home/builder/build/pkg/systemd/usr/lib/systemd
Installing systemd-remount-fs to /home/builder/build/pkg/systemd/usr/lib/systemd
Installing systemd-repart to /home/builder/build/pkg/systemd/usr/bin
Installing systemd-report to /home/builder/build/pkg/systemd/usr/lib/systemd
Installing systemd-report-basic to /home/builder/build/pkg/systemd/usr/lib/systemd
Installing systemd-report-cgroup to /home/builder/build/pkg/systemd/usr/lib/systemd
Installing systemd-reply-password to /home/builder/build/pkg/systemd/usr/lib/systemd
Installing systemd-resolved to /home/builder/build/pkg/systemd/usr/lib/systemd
Installing resolvectl to /home/builder/build/pkg/systemd/usr/bin
Installing systemd-rfkill to /home/builder/build/pkg/systemd/usr/lib/systemd
Installing systemd-run to /home/builder/build/pkg/systemd/usr/bin
Installing systemd-run-generator to /home/builder/build/pkg/systemd/usr/lib/systemd/system-generators
Installing systemd-sbsign to /home/builder/build/pkg/systemd/usr/lib/systemd
Installing systemd-shutdown to /home/builder/build/pkg/systemd/usr/lib/systemd
Installing systemd-sleep to /home/builder/build/pkg/systemd/usr/lib/systemd
Installing systemd-socket-activate to /home/builder/build/pkg/systemd/usr/bin
Installing systemd-socket-proxyd to /home/builder/build/pkg/systemd/usr/lib/systemd
Installing systemd-ssh-generator to /home/builder/build/pkg/systemd/usr/lib/systemd/system-generators
Installing systemd-ssh-proxy to /home/builder/build/pkg/systemd/usr/lib/systemd
Installing systemd-ssh-issue to /home/builder/build/pkg/systemd/usr/lib/systemd
Installing systemd-stdio-bridge to /home/builder/build/pkg/systemd/usr/bin
Installing systemd-storage-block to /home/builder/build/pkg/systemd/usr/lib/systemd
Installing systemd-storage-fs to /home/builder/build/pkg/systemd/usr/lib/systemd
Installing storagectl to /home/builder/build/pkg/systemd/usr/bin
Installing systemd-storagetm to /home/builder/build/pkg/systemd/usr/lib/systemd
Installing systemd-sulogin-shell to /home/builder/build/pkg/systemd/usr/lib/systemd
Installing systemd-sysctl to /home/builder/build/pkg/systemd/usr/lib/systemd
Installing systemd-sysext to /home/builder/build/pkg/systemd/usr/bin
Installing systemd-sysinstall to /home/builder/build/pkg/systemd/usr/bin
Installing systemd-system-update-generator to /home/builder/build/pkg/systemd/usr/lib/systemd/system-generators
Installing systemctl to /home/builder/build/pkg/systemd/usr/bin
Installing systemd-sysusers to /home/builder/build/pkg/systemd/usr/bin
Installing systemd-timedated to /home/builder/build/pkg/systemd/usr/lib/systemd
Installing timedatectl to /home/builder/build/pkg/systemd/usr/bin
Installing systemd-timesyncd to /home/builder/build/pkg/systemd/usr/lib/systemd
Installing systemd-time-wait-sync to /home/builder/build/pkg/systemd/usr/lib/systemd
Installing systemd-tmpfiles to /home/builder/build/pkg/systemd/usr/bin
Installing systemd-tpm2-setup to /home/builder/build/pkg/systemd/usr/lib/systemd
Installing systemd-tpm2-clear to /home/builder/build/pkg/systemd/usr/lib/systemd
Installing systemd-tpm2-swtpm to /home/builder/build/pkg/systemd/usr/lib/systemd
Installing systemd-tpm2-generator to /home/builder/build/pkg/systemd/usr/lib/systemd/system-generators
Installing systemd-tty-ask-password-agent to /home/builder/build/pkg/systemd/usr/bin
Installing systemd-update-done to /home/builder/build/pkg/systemd/usr/lib/systemd
Installing systemd-update-utmp to /home/builder/build/pkg/systemd/usr/lib/systemd
Installing systemd-user-sessions to /home/builder/build/pkg/systemd/usr/lib/systemd
Installing systemd-userwork to /home/builder/build/pkg/systemd/usr/lib/systemd
Installing systemd-userdbd to /home/builder/build/pkg/systemd/usr/lib/systemd
Installing userdbctl to /home/builder/build/pkg/systemd/usr/bin
Installing systemd-validatefs to /home/builder/build/pkg/systemd/usr/lib/systemd
Installing varlinkctl to /home/builder/build/pkg/systemd/usr/bin
Installing systemd-vconsole-setup to /home/builder/build/pkg/systemd/usr/lib/systemd
Installing systemd-veritysetup to /home/builder/build/pkg/systemd/usr/lib/systemd
Installing systemd-veritysetup-generator to /home/builder/build/pkg/systemd/usr/lib/systemd/system-generators
Installing systemd-volatile-root to /home/builder/build/pkg/systemd/usr/lib/systemd
Installing systemd-vpick to /home/builder/build/pkg/systemd/usr/bin
Installing systemd-xdg-autostart-generator to /home/builder/build/pkg/systemd/usr/lib/systemd/user-generators
Installing systemd-xdg-autostart-condition to /home/builder/build/pkg/systemd/usr/lib/systemd
Installing libcryptsetup-token-systemd-tpm2.so to /home/builder/build/pkg/systemd/usr/lib/cryptsetup
Installing libcryptsetup-token-systemd-pkcs11.so to /home/builder/build/pkg/systemd/usr/lib/cryptsetup
Installing pam_systemd.so to /home/builder/build/pkg/systemd/usr/lib/security
Installing pam_systemd_loadkey.so to /home/builder/build/pkg/systemd/usr/lib/security
Installing libnss_myhostname.so.2 to /home/builder/build/pkg/systemd/usr/lib
Installing libnss_mymachines.so.2 to /home/builder/build/pkg/systemd/usr/lib
Installing libnss_resolve.so.2 to /home/builder/build/pkg/systemd/usr/lib
Installing libnss_systemd.so.2 to /home/builder/build/pkg/systemd/usr/lib
Installing ukify to /home/builder/build/pkg/systemd/usr/bin
Installing rules.d/50-udev-default.rules to /home/builder/build/pkg/systemd/usr/lib/udev/rules.d
Installing rules.d/60-persistent-storage.rules to /home/builder/build/pkg/systemd/usr/lib/udev/rules.d
Installing rules.d/64-btrfs.rules to /home/builder/build/pkg/systemd/usr/lib/udev/rules.d
Installing rules.d/99-systemd.rules to /home/builder/build/pkg/systemd/usr/lib/udev/rules.d
Installing rules.d/70-uaccess.rules to /home/builder/build/pkg/systemd/usr/lib/udev/rules.d
Installing rules.d/71-seat.rules to /home/builder/build/pkg/systemd/usr/lib/udev/rules.d
Installing rules.d/73-seat-late.rules to /home/builder/build/pkg/systemd/usr/lib/udev/rules.d
Installing rules.d/90-vconsole.rules to /home/builder/build/pkg/systemd/usr/lib/udev/rules.d
Installing hwdb.d/60-autosuspend-chromiumos.hwdb to /home/builder/build/pkg/systemd/usr/lib/udev/hwdb.d
Installing shell-completion/bash/systemctl to /home/builder/build/pkg/systemd/usr/share/bash-completion/completions
Installing shell-completion/zsh/_systemctl to /home/builder/build/pkg/systemd/usr/share/zsh/site-functions
Installing sysctl.d/50-coredump.conf to /home/builder/build/pkg/systemd/usr/lib/sysctl.d
Installing sysusers.d/basic.conf to /home/builder/build/pkg/systemd/usr/lib/sysusers.d
Installing sysusers.d/systemd-journal.conf to /home/builder/build/pkg/systemd/usr/lib/sysusers.d
Installing sysusers.d/systemd-network.conf to /home/builder/build/pkg/systemd/usr/lib/sysusers.d
Installing sysusers.d/systemd-resolve.conf to /home/builder/build/pkg/systemd/usr/lib/sysusers.d
Installing sysusers.d/systemd-timesync.conf to /home/builder/build/pkg/systemd/usr/lib/sysusers.d
Installing sysusers.d/systemd-imds.conf to /home/builder/build/pkg/systemd/usr/lib/sysusers.d
Installing tmpfiles.d/20-systemd-shell-extra.conf to /home/builder/build/pkg/systemd/usr/lib/tmpfiles.d
Installing tmpfiles.d/20-systemd-osc-context.conf to /home/builder/build/pkg/systemd/usr/lib/tmpfiles.d
Installing tmpfiles.d/20-systemd-ssh-generator.conf to /home/builder/build/pkg/systemd/usr/lib/tmpfiles.d
Installing tmpfiles.d/20-systemd-stub.conf to /home/builder/build/pkg/systemd/usr/lib/tmpfiles.d
Installing tmpfiles.d/20-systemd-userdb.conf to /home/builder/build/pkg/systemd/usr/lib/tmpfiles.d
Installing tmpfiles.d/etc.conf to /home/builder/build/pkg/systemd/usr/lib/tmpfiles.d
Installing tmpfiles.d/legacy.conf to /home/builder/build/pkg/systemd/usr/lib/tmpfiles.d
Installing tmpfiles.d/static-nodes-permissions.conf to /home/builder/build/pkg/systemd/usr/lib/tmpfiles.d
Installing tmpfiles.d/systemd.conf to /home/builder/build/pkg/systemd/usr/lib/tmpfiles.d
Installing tmpfiles.d/var.conf to /home/builder/build/pkg/systemd/usr/lib/tmpfiles.d
Installing units/breakpoint-pre-basic.service to /home/builder/build/pkg/systemd/usr/lib/systemd/system
Installing units/breakpoint-pre-mount.service to /home/builder/build/pkg/systemd/usr/lib/systemd/system
Installing units/breakpoint-pre-switch-root.service to /home/builder/build/pkg/systemd/usr/lib/systemd/system
Installing units/breakpoint-pre-udev.service to /home/builder/build/pkg/systemd/usr/lib/systemd/system
Installing units/capsule@.service to /home/builder/build/pkg/systemd/usr/lib/systemd/system
Installing units/console-getty.service to /home/builder/build/pkg/systemd/usr/lib/systemd/system
Installing units/container-getty@.service to /home/builder/build/pkg/systemd/usr/lib/systemd/system
Installing units/debug-shell.service to /home/builder/build/pkg/systemd/usr/lib/systemd/system
Installing units/emergency.service to /home/builder/build/pkg/systemd/usr/lib/systemd/system
Installing units/getty@.service to /home/builder/build/pkg/systemd/usr/lib/systemd/system
Installing units/systemd-battery-check.service to /home/builder/build/pkg/systemd/usr/lib/systemd/system
Installing units/initrd-parse-etc.service to /home/builder/build/pkg/systemd/usr/lib/systemd/system
Installing units/kmod-static-nodes.service to /home/builder/build/pkg/systemd/usr/lib/systemd/system
Installing units/quotaon@.service to /home/builder/build/pkg/systemd/usr/lib/systemd/system
Installing units/quotaon-root.service to /home/builder/build/pkg/systemd/usr/lib/systemd/system
Installing units/rescue.service to /home/builder/build/pkg/systemd/usr/lib/systemd/system
Installing units/serial-getty@.service to /home/builder/build/pkg/systemd/usr/lib/systemd/system
Installing units/systemd-backlight@.service to /home/builder/build/pkg/systemd/usr/lib/systemd/system
Installing units/systemd-binfmt.service to /home/builder/build/pkg/systemd/usr/lib/systemd/system
Installing units/systemd-bless-boot.service to /home/builder/build/pkg/systemd/usr/lib/systemd/system
Installing units/systemd-boot-check-no-failures.service to /home/builder/build/pkg/systemd/usr/lib/systemd/system
Installing units/systemd-coredump@.service to /home/builder/build/pkg/systemd/usr/lib/systemd/system
Installing units/systemd-factory-reset@.service to /home/builder/build/pkg/systemd/usr/lib/systemd/system
Installing units/systemd-factory-reset-complete.service to /home/builder/build/pkg/systemd/usr/lib/systemd/system
Installing units/systemd-factory-reset-request.service to /home/builder/build/pkg/systemd/usr/lib/systemd/system
Installing units/systemd-fsck-root.service to /home/builder/build/pkg/systemd/usr/lib/systemd/system
Installing units/systemd-fsck@.service to /home/builder/build/pkg/systemd/usr/lib/systemd/system
Installing units/systemd-growfs-root.service to /home/builder/build/pkg/systemd/usr/lib/systemd/system
Installing units/systemd-growfs@.service to /home/builder/build/pkg/systemd/usr/lib/systemd/system
Installing units/systemd-hibernate-clear.service to /home/builder/build/pkg/systemd/usr/lib/systemd/system
Installing units/systemd-hibernate-resume.service to /home/builder/build/pkg/systemd/usr/lib/systemd/system
Installing units/systemd-hibernate.service to /home/builder/build/pkg/systemd/usr/lib/systemd/system
Installing units/systemd-hostnamed.service to /home/builder/build/pkg/systemd/usr/lib/systemd/system
Installing units/systemd-hwdb-update.service to /home/builder/build/pkg/systemd/usr/lib/systemd/system
Installing units/systemd-hybrid-sleep.service to /home/builder/build/pkg/systemd/usr/lib/systemd/system
Installing units/systemd-imdsd@.service to /home/builder/build/pkg/systemd/usr/lib/systemd/system
Installing units/systemd-imds-early-network.service to /home/builder/build/pkg/systemd/usr/lib/systemd/system
Installing units/systemd-imds-import.service to /home/builder/build/pkg/systemd/usr/lib/systemd/system
Installing units/systemd-importd.service to /home/builder/build/pkg/systemd/usr/lib/systemd/system
Installing units/systemd-journal-upload.service to /home/builder/build/pkg/systemd/usr/lib/systemd/system
Installing units/systemd-journald.service to /home/builder/build/pkg/systemd/usr/lib/systemd/system
Installing units/systemd-journald@.service to /home/builder/build/pkg/systemd/usr/lib/systemd/system
Installing units/systemd-localed.service to /home/builder/build/pkg/systemd/usr/lib/systemd/system
Installing units/systemd-logind.service to /home/builder/build/pkg/systemd/usr/lib/systemd/system
Installing units/systemd-machined.service to /home/builder/build/pkg/systemd/usr/lib/systemd/system
Installing units/systemd-modules-load.service to /home/builder/build/pkg/systemd/usr/lib/systemd/system
Installing units/systemd-network-generator.service to /home/builder/build/pkg/systemd/usr/lib/systemd/system
Installing units/systemd-networkd-wait-online.service to /home/builder/build/pkg/systemd/usr/lib/systemd/system
Installing units/systemd-networkd-wait-online@.service to /home/builder/build/pkg/systemd/usr/lib/systemd/system
Installing units/systemd-networkd.service to /home/builder/build/pkg/systemd/usr/lib/systemd/system
Installing units/systemd-nspawn@.service to /home/builder/build/pkg/systemd/usr/lib/systemd/system
Installing units/systemd-oomd.service to /home/builder/build/pkg/systemd/usr/lib/systemd/system
Installing units/systemd-pcrextend@.service to /home/builder/build/pkg/systemd/usr/lib/systemd/system
Installing units/systemd-pcrfs-root.service to /home/builder/build/pkg/systemd/usr/lib/systemd/system
Installing units/systemd-pcrfs@.service to /home/builder/build/pkg/systemd/usr/lib/systemd/system
Installing units/systemd-pcrmachine.service to /home/builder/build/pkg/systemd/usr/lib/systemd/system
Installing units/systemd-pcrosseparator.service to /home/builder/build/pkg/systemd/usr/lib/systemd/system
Installing units/systemd-pcrphase-factory-reset.service to /home/builder/build/pkg/systemd/usr/lib/systemd/system
Installing units/systemd-pcrproduct.service to /home/builder/build/pkg/systemd/usr/lib/systemd/system
Installing units/systemd-pcrlogin@.service to /home/builder/build/pkg/systemd/usr/lib/systemd/system
Installing units/systemd-pcrphase-initrd.service to /home/builder/build/pkg/systemd/usr/lib/systemd/system
Installing units/systemd-pcrphase-sysinit.service to /home/builder/build/pkg/systemd/usr/lib/systemd/system
Installing units/systemd-pcrphase-storage-target-mode.service to /home/builder/build/pkg/systemd/usr/lib/systemd/system
Installing units/systemd-pcrphase.service to /home/builder/build/pkg/systemd/usr/lib/systemd/system
Installing units/systemd-pcrnvdone.service to /home/builder/build/pkg/systemd/usr/lib/systemd/system
Installing units/systemd-report-basic@.service to /home/builder/build/pkg/systemd/usr/lib/systemd/system
Installing units/systemd-tpm2-clear.service to /home/builder/build/pkg/systemd/usr/lib/systemd/system
Installing units/systemd-tpm2-setup.service to /home/builder/build/pkg/systemd/usr/lib/systemd/system
Installing units/systemd-tpm2-setup-early.service to /home/builder/build/pkg/systemd/usr/lib/systemd/system
Installing units/systemd-tpm2-swtpm.service to /home/builder/build/pkg/systemd/usr/lib/systemd/system
Installing units/systemd-pcrlock-make-policy.service to /home/builder/build/pkg/systemd/usr/lib/systemd/system
Installing units/systemd-pcrlock-secureboot-policy.service to /home/builder/build/pkg/systemd/usr/lib/systemd/system
Installing units/systemd-pcrlock-secureboot-authority.service to /home/builder/build/pkg/systemd/usr/lib/systemd/system
Installing units/systemd-pcrlock-file-system.service to /home/builder/build/pkg/systemd/usr/lib/systemd/system
Installing units/systemd-pcrlock-machine-id.service to /home/builder/build/pkg/systemd/usr/lib/systemd/system
Installing units/systemd-pcrlock-firmware-code.service to /home/builder/build/pkg/systemd/usr/lib/systemd/system
Installing units/systemd-pcrlock-firmware-config.service to /home/builder/build/pkg/systemd/usr/lib/systemd/system
Installing units/systemd-pcrlock@.service to /home/builder/build/pkg/systemd/usr/lib/systemd/system
Installing units/systemd-portabled.service to /home/builder/build/pkg/systemd/usr/lib/systemd/system
Installing units/systemd-pstore.service to /home/builder/build/pkg/systemd/usr/lib/systemd/system
Installing units/systemd-quotacheck@.service to /home/builder/build/pkg/systemd/usr/lib/systemd/system
Installing units/systemd-quotacheck-root.service to /home/builder/build/pkg/systemd/usr/lib/systemd/system
Installing units/systemd-random-seed.service to /home/builder/build/pkg/systemd/usr/lib/systemd/system
Installing units/systemd-remount-fs.service to /home/builder/build/pkg/systemd/usr/lib/systemd/system
Installing units/systemd-report-cgroup@.service to /home/builder/build/pkg/systemd/usr/lib/systemd/system
Installing units/systemd-resolved.service to /home/builder/build/pkg/systemd/usr/lib/systemd/system
Installing units/systemd-rfkill.service to /home/builder/build/pkg/systemd/usr/lib/systemd/system
Installing units/systemd-suspend-then-hibernate.service to /home/builder/build/pkg/systemd/usr/lib/systemd/system
Installing units/systemd-suspend.service to /home/builder/build/pkg/systemd/usr/lib/systemd/system
Installing units/systemd-sysctl.service to /home/builder/build/pkg/systemd/usr/lib/systemd/system
Installing units/systemd-storage-block@.service to /home/builder/build/pkg/systemd/usr/lib/systemd/system
Installing units/systemd-storage-fs@.service to /home/builder/build/pkg/systemd/usr/lib/systemd/system
Installing units/systemd-storagetm.service to /home/builder/build/pkg/systemd/usr/lib/systemd/system
Installing units/systemd-time-wait-sync.service to /home/builder/build/pkg/systemd/usr/lib/systemd/system
Installing units/systemd-timedated.service to /home/builder/build/pkg/systemd/usr/lib/systemd/system
Installing units/systemd-timesyncd.service to /home/builder/build/pkg/systemd/usr/lib/systemd/system
Installing units/systemd-udevd.service to /home/builder/build/pkg/systemd/usr/lib/systemd/system
Installing units/systemd-update-done.service to /home/builder/build/pkg/systemd/usr/lib/systemd/system
Installing units/systemd-update-utmp.service to /home/builder/build/pkg/systemd/usr/lib/systemd/system
Installing units/systemd-user-sessions.service to /home/builder/build/pkg/systemd/usr/lib/systemd/system
Installing units/systemd-userdbd.service to /home/builder/build/pkg/systemd/usr/lib/systemd/system
Installing units/systemd-mountfsd.service to /home/builder/build/pkg/systemd/usr/lib/systemd/system
Installing units/systemd-nsresourced.service to /home/builder/build/pkg/systemd/usr/lib/systemd/system
Installing units/systemd-validatefs@.service to /home/builder/build/pkg/systemd/usr/lib/systemd/system
Installing units/systemd-vconsole-setup.service to /home/builder/build/pkg/systemd/usr/lib/systemd/system
Installing units/systemd-volatile-root.service to /home/builder/build/pkg/systemd/usr/lib/systemd/system
Installing units/user-runtime-dir@.service to /home/builder/build/pkg/systemd/usr/lib/systemd/system
Installing units/user@.service to /home/builder/build/pkg/systemd/usr/lib/systemd/system
Installing units/user/systemd-machined.service to /home/builder/build/pkg/systemd/usr/lib/systemd/user
Installing units/user/systemd-importd.service to /home/builder/build/pkg/systemd/usr/lib/systemd/user
Installing units/user/systemd-portabled.service to /home/builder/build/pkg/systemd/usr/lib/systemd/user
Installing units/user/systemd-storage-fs@.service to /home/builder/build/pkg/systemd/usr/lib/systemd/user
Installing units/user/systemd-nspawn@.service to /home/builder/build/pkg/systemd/usr/lib/systemd/user
Installing factory/templates/locale.conf to /home/builder/build/pkg/systemd/usr/share/factory/etc
Installing factory/templates/vconsole.conf to /home/builder/build/pkg/systemd/usr/share/factory/etc
Installing /home/builder/build/src/systemd-261.2/build/interfaces/org.freedesktop.systemd1.Manager.xml to /home/builder/build/pkg/systemd/usr/share/dbus-1/interfaces
Installing /home/builder/build/src/systemd-261.2/build/interfaces/org.freedesktop.systemd1.Job.xml to /home/builder/build/pkg/systemd/usr/share/dbus-1/interfaces
Installing /home/builder/build/src/systemd-261.2/build/interfaces/org.freedesktop.systemd1.Unit.xml to /home/builder/build/pkg/systemd/usr/share/dbus-1/interfaces
Installing /home/builder/build/src/systemd-261.2/build/interfaces/org.freedesktop.systemd1.Automount.xml to /home/builder/build/pkg/systemd/usr/share/dbus-1/interfaces
Installing /home/builder/build/src/systemd-261.2/build/interfaces/org.freedesktop.systemd1.Device.xml to /home/builder/build/pkg/systemd/usr/share/dbus-1/interfaces
Installing /home/builder/build/src/systemd-261.2/build/interfaces/org.freedesktop.systemd1.Mount.xml to /home/builder/build/pkg/systemd/usr/share/dbus-1/interfaces
Installing /home/builder/build/src/systemd-261.2/build/interfaces/org.freedesktop.systemd1.Path.xml to /home/builder/build/pkg/systemd/usr/share/dbus-1/interfaces
Installing /home/builder/build/src/systemd-261.2/build/interfaces/org.freedesktop.systemd1.Scope.xml to /home/builder/build/pkg/systemd/usr/share/dbus-1/interfaces
Installing /home/builder/build/src/systemd-261.2/build/interfaces/org.freedesktop.systemd1.Service.xml to /home/builder/build/pkg/systemd/usr/share/dbus-1/interfaces
Installing /home/builder/build/src/systemd-261.2/build/interfaces/org.freedesktop.systemd1.Slice.xml to /home/builder/build/pkg/systemd/usr/share/dbus-1/interfaces
Installing /home/builder/build/src/systemd-261.2/build/interfaces/org.freedesktop.systemd1.Socket.xml to /home/builder/build/pkg/systemd/usr/share/dbus-1/interfaces
Installing /home/builder/build/src/systemd-261.2/build/interfaces/org.freedesktop.systemd1.Swap.xml to /home/builder/build/pkg/systemd/usr/share/dbus-1/interfaces
Installing /home/builder/build/src/systemd-261.2/build/interfaces/org.freedesktop.systemd1.Target.xml to /home/builder/build/pkg/systemd/usr/share/dbus-1/interfaces
Installing /home/builder/build/src/systemd-261.2/build/interfaces/org.freedesktop.systemd1.Timer.xml to /home/builder/build/pkg/systemd/usr/share/dbus-1/interfaces
Installing /home/builder/build/src/systemd-261.2/build/interfaces/org.freedesktop.LogControl1.xml to /home/builder/build/pkg/systemd/usr/share/dbus-1/interfaces
Installing /home/builder/build/src/systemd-261.2/build/interfaces/org.freedesktop.hostname1.xml to /home/builder/build/pkg/systemd/usr/share/dbus-1/interfaces
Installing /home/builder/build/src/systemd-261.2/build/interfaces/org.freedesktop.import1.Manager.xml to /home/builder/build/pkg/systemd/usr/share/dbus-1/interfaces
Installing /home/builder/build/src/systemd-261.2/build/interfaces/org.freedesktop.import1.Transfer.xml to /home/builder/build/pkg/systemd/usr/share/dbus-1/interfaces
Installing /home/builder/build/src/systemd-261.2/build/interfaces/org.freedesktop.locale1.xml to /home/builder/build/pkg/systemd/usr/share/dbus-1/interfaces
Installing /home/builder/build/src/systemd-261.2/build/interfaces/org.freedesktop.login1.Manager.xml to /home/builder/build/pkg/systemd/usr/share/dbus-1/interfaces
Installing /home/builder/build/src/systemd-261.2/build/interfaces/org.freedesktop.login1.Seat.xml to /home/builder/build/pkg/systemd/usr/share/dbus-1/interfaces
Installing /home/builder/build/src/systemd-261.2/build/interfaces/org.freedesktop.login1.Session.xml to /home/builder/build/pkg/systemd/usr/share/dbus-1/interfaces
Installing /home/builder/build/src/systemd-261.2/build/interfaces/org.freedesktop.login1.User.xml to /home/builder/build/pkg/systemd/usr/share/dbus-1/interfaces
Installing /home/builder/build/src/systemd-261.2/build/interfaces/org.freedesktop.machine1.Manager.xml to /home/builder/build/pkg/systemd/usr/share/dbus-1/interfaces
Installing /home/builder/build/src/systemd-261.2/build/interfaces/org.freedesktop.machine1.Machine.xml to /home/builder/build/pkg/systemd/usr/share/dbus-1/interfaces
Installing /home/builder/build/src/systemd-261.2/build/interfaces/org.freedesktop.machine1.Image.xml to /home/builder/build/pkg/systemd/usr/share/dbus-1/interfaces
Installing /home/builder/build/src/systemd-261.2/build/interfaces/org.freedesktop.network1.Manager.xml to /home/builder/build/pkg/systemd/usr/share/dbus-1/interfaces
Installing /home/builder/build/src/systemd-261.2/build/interfaces/org.freedesktop.network1.Link.xml to /home/builder/build/pkg/systemd/usr/share/dbus-1/interfaces
Installing /home/builder/build/src/systemd-261.2/build/interfaces/org.freedesktop.network1.DHCPServer.xml to /home/builder/build/pkg/systemd/usr/share/dbus-1/interfaces
Installing /home/builder/build/src/systemd-261.2/build/interfaces/org.freedesktop.network1.DHCPv4Client.xml to /home/builder/build/pkg/systemd/usr/share/dbus-1/interfaces
Installing /home/builder/build/src/systemd-261.2/build/interfaces/org.freedesktop.network1.DHCPv6Client.xml to /home/builder/build/pkg/systemd/usr/share/dbus-1/interfaces
Installing /home/builder/build/src/systemd-261.2/build/interfaces/org.freedesktop.network1.Network.xml to /home/builder/build/pkg/systemd/usr/share/dbus-1/interfaces
Installing /home/builder/build/src/systemd-261.2/build/interfaces/org.freedesktop.oom1.Manager.xml to /home/builder/build/pkg/systemd/usr/share/dbus-1/interfaces
Installing /home/builder/build/src/systemd-261.2/build/interfaces/org.freedesktop.portable1.Manager.xml to /home/builder/build/pkg/systemd/usr/share/dbus-1/interfaces
Installing /home/builder/build/src/systemd-261.2/build/interfaces/org.freedesktop.portable1.Image.xml to /home/builder/build/pkg/systemd/usr/share/dbus-1/interfaces
Installing /home/builder/build/src/systemd-261.2/build/interfaces/org.freedesktop.resolve1.Manager.xml to /home/builder/build/pkg/systemd/usr/share/dbus-1/interfaces
Installing /home/builder/build/src/systemd-261.2/build/interfaces/org.freedesktop.resolve1.Link.xml to /home/builder/build/pkg/systemd/usr/share/dbus-1/interfaces
Installing /home/builder/build/src/systemd-261.2/build/interfaces/org.freedesktop.resolve1.DnssdService.xml to /home/builder/build/pkg/systemd/usr/share/dbus-1/interfaces
Installing /home/builder/build/src/systemd-261.2/build/interfaces/org.freedesktop.resolve1.DnsDelegate.xml to /home/builder/build/pkg/systemd/usr/share/dbus-1/interfaces
Installing /home/builder/build/src/systemd-261.2/build/interfaces/org.freedesktop.timedate1.xml to /home/builder/build/pkg/systemd/usr/share/dbus-1/interfaces
Installing /home/builder/build/src/systemd-261.2/src/libudev/libudev.h to /home/builder/build/pkg/systemd/usr/include
Installing /home/builder/build/src/systemd-261.2/src/systemd/sd-bus.h to /home/builder/build/pkg/systemd/usr/include/systemd
Installing /home/builder/build/src/systemd-261.2/src/systemd/sd-bus-protocol.h to /home/builder/build/pkg/systemd/usr/include/systemd
Installing /home/builder/build/src/systemd-261.2/src/systemd/sd-bus-vtable.h to /home/builder/build/pkg/systemd/usr/include/systemd
Installing /home/builder/build/src/systemd-261.2/src/systemd/sd-daemon.h to /home/builder/build/pkg/systemd/usr/include/systemd
Installing /home/builder/build/src/systemd-261.2/src/systemd/sd-device.h to /home/builder/build/pkg/systemd/usr/include/systemd
Installing /home/builder/build/src/systemd-261.2/src/systemd/sd-dlopen.h to /home/builder/build/pkg/systemd/usr/include/systemd
Installing /home/builder/build/src/systemd-261.2/src/systemd/sd-event.h to /home/builder/build/pkg/systemd/usr/include/systemd
Installing /home/builder/build/src/systemd-261.2/src/systemd/sd-gpt.h to /home/builder/build/pkg/systemd/usr/include/systemd
Installing /home/builder/build/src/systemd-261.2/src/systemd/sd-hwdb.h to /home/builder/build/pkg/systemd/usr/include/systemd
Installing /home/builder/build/src/systemd-261.2/src/systemd/sd-id128.h to /home/builder/build/pkg/systemd/usr/include/systemd
Installing /home/builder/build/src/systemd-261.2/src/systemd/sd-journal.h to /home/builder/build/pkg/systemd/usr/include/systemd
Installing /home/builder/build/src/systemd-261.2/src/systemd/sd-json.h to /home/builder/build/pkg/systemd/usr/include/systemd
Installing /home/builder/build/src/systemd-261.2/src/systemd/sd-login.h to /home/builder/build/pkg/systemd/usr/include/systemd
Installing /home/builder/build/src/systemd-261.2/src/systemd/sd-messages.h to /home/builder/build/pkg/systemd/usr/include/systemd
Installing /home/builder/build/src/systemd-261.2/src/systemd/sd-path.h to /home/builder/build/pkg/systemd/usr/include/systemd
Installing /home/builder/build/src/systemd-261.2/src/systemd/sd-varlink.h to /home/builder/build/pkg/systemd/usr/include/systemd
Installing /home/builder/build/src/systemd-261.2/src/systemd/sd-varlink-idl.h to /home/builder/build/pkg/systemd/usr/include/systemd
Installing /home/builder/build/src/systemd-261.2/src/systemd/_sd-common.h to /home/builder/build/pkg/systemd/usr/include/systemd
Installing new directory /home/builder/build/pkg/systemd/usr/lib/systemd/system-environment-generators
Installing new directory /home/builder/build/pkg/systemd/usr/lib/systemd/system-shutdown
Installing new directory /home/builder/build/pkg/systemd/usr/lib/systemd/system-sleep
Installing new directory /home/builder/build/pkg/systemd/usr/lib/systemd/system-generators
Installing new directory /home/builder/build/pkg/systemd/usr/lib/systemd/user-environment-generators
Installing new directory /home/builder/build/pkg/systemd/usr/lib/systemd/user-generators
Installing new directory /home/builder/build/pkg/systemd/etc/systemd/system
Installing new directory /home/builder/build/pkg/systemd/etc/systemd/user
Installing new directory /home/builder/build/pkg/systemd/etc/udev/rules.d
Installing new directory /home/builder/build/pkg/systemd/usr/lib/binfmt.d
Installing new directory /home/builder/build/pkg/systemd/etc/binfmt.d
Installing new directory /home/builder/build/pkg/systemd/usr/lib/credstore
Installing new directory /home/builder/build/pkg/systemd/etc/credstore
Installing new directory /home/builder/build/pkg/systemd/etc/credstore.encrypted
Installing new directory /home/builder/build/pkg/systemd/usr/lib/environment.d
Installing new directory /home/builder/build/pkg/systemd/var/log/journal
Installing new directory /home/builder/build/pkg/systemd/etc/kernel/install.d
Installing new directory /home/builder/build/pkg/systemd/usr/lib/modules-load.d
Installing new directory /home/builder/build/pkg/systemd/etc/modules-load.d
Installing new directory /home/builder/build/pkg/systemd/usr/lib/systemd/varlink-bridges
Installing new directory /home/builder/build/pkg/systemd/etc/udev/hwdb.d
Installing new directory /home/builder/build/pkg/systemd/etc/systemd/network
Installing new directory /home/builder/build/pkg/systemd/etc/sysctl.d
Installing new directory /home/builder/build/pkg/systemd/etc/tmpfiles.d
Installing new directory /home/builder/build/pkg/systemd/etc/user-tmpfiles.d
Installing /home/builder/build/src/systemd-261.2/src/core/org.freedesktop.systemd1.conf to /home/builder/build/pkg/systemd/usr/share/dbus-1/system.d
Installing /home/builder/build/src/systemd-261.2/src/core/org.freedesktop.systemd1.service to /home/builder/build/pkg/systemd/usr/share/dbus-1/system-services
Installing /home/builder/build/src/systemd-261.2/src/udev/udev.conf to /home/builder/build/pkg/systemd/etc/udev
Installing /home/builder/build/src/systemd-261.2/src/udev/iocost/iocost.conf to /home/builder/build/pkg/systemd/etc/udev
Installing /home/builder/build/src/systemd-261.2/src/ask-password/io.systemd.ask-password.policy to /home/builder/build/pkg/systemd/usr/share/polkit-1/actions
Installing /home/builder/build/src/systemd-261.2/src/coredump/coredump.conf to /home/builder/build/pkg/systemd/etc/systemd
Installing /home/builder/build/src/systemd-261.2/src/creds/io.systemd.credentials.policy to /home/builder/build/pkg/systemd/usr/share/polkit-1/actions
Installing /home/builder/build/src/systemd-261.2/src/hostname/org.freedesktop.hostname1.conf to /home/builder/build/pkg/systemd/usr/share/dbus-1/system.d
Installing /home/builder/build/src/systemd-261.2/src/hostname/org.freedesktop.hostname1.service to /home/builder/build/pkg/systemd/usr/share/dbus-1/system-services
Installing /home/builder/build/src/systemd-261.2/src/hostname/org.freedesktop.hostname1.policy to /home/builder/build/pkg/systemd/usr/share/polkit-1/actions
Installing /home/builder/build/src/systemd-261.2/src/import/org.freedesktop.import1.conf to /home/builder/build/pkg/systemd/usr/share/dbus-1/system.d
Installing /home/builder/build/src/systemd-261.2/src/import/org.freedesktop.import1.service to /home/builder/build/pkg/systemd/usr/share/dbus-1/system-services
Installing /home/builder/build/src/systemd-261.2/src/import/org.freedesktop.import1.service-for-session to /home/builder/build/pkg/systemd/usr/share/dbus-1/services
Installing /home/builder/build/src/systemd-261.2/src/import/org.freedesktop.import1.policy to /home/builder/build/pkg/systemd/usr/share/polkit-1/actions
Installing /home/builder/build/src/systemd-261.2/src/import/import-pubring.pgp to /home/builder/build/pkg/systemd/usr/lib/systemd
Installing /home/builder/build/src/systemd-261.2/src/import/oci-registry/registry.docker.io.oci-registry to /home/builder/build/pkg/systemd/usr/lib/systemd/oci-registry
Installing /home/builder/build/src/systemd-261.2/src/import/oci-registry/registry.fedora.oci-registry to /home/builder/build/pkg/systemd/usr/lib/systemd/oci-registry
Installing /home/builder/build/src/systemd-261.2/src/imds/io.systemd.imds.policy to /home/builder/build/pkg/systemd/usr/share/polkit-1/actions
Installing /home/builder/build/src/systemd-261.2/src/kernel-install/90-uki-copy.install to /home/builder/build/pkg/systemd/usr/lib/kernel/install.d
Installing /home/builder/build/src/systemd-261.2/src/kernel-install/50-depmod.install to /home/builder/build/pkg/systemd/usr/lib/kernel/install.d
Installing /home/builder/build/src/systemd-261.2/src/kernel-install/install.conf to /home/builder/build/pkg/systemd/usr/lib/kernel
Installing /home/builder/build/src/systemd-261.2/src/kernel-install/uki.conf to /home/builder/build/pkg/systemd/usr/lib/kernel
Installing /home/builder/build/src/systemd-261.2/src/locale/org.freedesktop.locale1.conf to /home/builder/build/pkg/systemd/usr/share/dbus-1/system.d
Installing /home/builder/build/src/systemd-261.2/src/locale/org.freedesktop.locale1.service to /home/builder/build/pkg/systemd/usr/share/dbus-1/system-services
Installing /home/builder/build/src/systemd-261.2/src/locale/org.freedesktop.locale1.policy to /home/builder/build/pkg/systemd/usr/share/polkit-1/actions
Installing /home/builder/build/src/systemd-261.2/src/locale/kbd-model-map to /home/builder/build/pkg/systemd/usr/share/systemd
Installing /home/builder/build/src/systemd-261.2/src/locale/language-fallback-map to /home/builder/build/pkg/systemd/usr/share/systemd
Installing /home/builder/build/src/systemd-261.2/src/login/org.freedesktop.login1.conf to /home/builder/build/pkg/systemd/usr/share/dbus-1/system.d
Installing /home/builder/build/src/systemd-261.2/src/login/org.freedesktop.login1.service to /home/builder/build/pkg/systemd/usr/share/dbus-1/system-services
Installing /home/builder/build/src/systemd-261.2/src/login/org.freedesktop.login1.policy to /home/builder/build/pkg/systemd/usr/share/polkit-1/actions
Installing /home/builder/build/src/systemd-261.2/src/login/10-systemd-logind-root-ignore-inhibitors.rules.example to /home/builder/build/pkg/systemd/usr/share/polkit-1/rules.d
Installing /home/builder/build/src/systemd-261.2/src/machine/org.freedesktop.machine1.conf to /home/builder/build/pkg/systemd/usr/share/dbus-1/system.d
Installing /home/builder/build/src/systemd-261.2/src/machine/org.freedesktop.machine1.service to /home/builder/build/pkg/systemd/usr/share/dbus-1/system-services
Installing /home/builder/build/src/systemd-261.2/src/machine/org.freedesktop.machine1.service-for-session to /home/builder/build/pkg/systemd/usr/share/dbus-1/services
Installing /home/builder/build/src/systemd-261.2/src/machine/org.freedesktop.machine1.policy to /home/builder/build/pkg/systemd/usr/share/polkit-1/actions
Installing /home/builder/build/src/systemd-261.2/src/mountfsd/io.systemd.mount-file-system.policy to /home/builder/build/pkg/systemd/usr/share/polkit-1/actions
Installing /home/builder/build/src/systemd-261.2/src/network/org.freedesktop.network1.conf to /home/builder/build/pkg/systemd/usr/share/dbus-1/system.d
Installing /home/builder/build/src/systemd-261.2/src/network/org.freedesktop.network1.service to /home/builder/build/pkg/systemd/usr/share/dbus-1/system-services
Installing /home/builder/build/src/systemd-261.2/src/network/org.freedesktop.network1.policy to /home/builder/build/pkg/systemd/usr/share/polkit-1/actions
Installing /home/builder/build/src/systemd-261.2/src/network/systemd-networkd.rules to /home/builder/build/pkg/systemd/usr/share/polkit-1/rules.d
Installing /home/builder/build/src/systemd-261.2/src/network/networkd.conf to /home/builder/build/pkg/systemd/etc/systemd
Installing /home/builder/build/src/systemd-261.2/src/nsresourced/io.systemd.namespace-resource.policy to /home/builder/build/pkg/systemd/usr/share/polkit-1/actions
Installing /home/builder/build/src/systemd-261.2/src/oom/org.freedesktop.oom1.conf to /home/builder/build/pkg/systemd/usr/share/dbus-1/system.d
Installing /home/builder/build/src/systemd-261.2/src/oom/org.freedesktop.oom1.service to /home/builder/build/pkg/systemd/usr/share/dbus-1/system-services
Installing /home/builder/build/src/systemd-261.2/src/oom/oomd.conf to /home/builder/build/pkg/systemd/etc/systemd
Installing /home/builder/build/src/systemd-261.2/src/pcrlock/pcrlock.d/350-action-efi-application.pcrlock to /home/builder/build/pkg/systemd/usr/lib/pcrlock.d
Installing /home/builder/build/src/systemd-261.2/src/pcrlock/pcrlock.d/400-secureboot-separator.pcrlock.d/300-0x00000000.pcrlock to /home/builder/build/pkg/systemd/usr/lib/pcrlock.d/400-secureboot-separator.pcrlock.d
Installing /home/builder/build/src/systemd-261.2/src/pcrlock/pcrlock.d/400-secureboot-separator.pcrlock.d/600-0xffffffff.pcrlock to /home/builder/build/pkg/systemd/usr/lib/pcrlock.d/400-secureboot-separator.pcrlock.d
Installing /home/builder/build/src/systemd-261.2/src/pcrlock/pcrlock.d/500-separator.pcrlock.d/300-0x00000000.pcrlock to /home/builder/build/pkg/systemd/usr/lib/pcrlock.d/500-separator.pcrlock.d
Installing /home/builder/build/src/systemd-261.2/src/pcrlock/pcrlock.d/500-separator.pcrlock.d/600-0xffffffff.pcrlock to /home/builder/build/pkg/systemd/usr/lib/pcrlock.d/500-separator.pcrlock.d
Installing /home/builder/build/src/systemd-261.2/src/pcrlock/pcrlock.d/700-action-efi-exit-boot-services.pcrlock.d/300-present.pcrlock to /home/builder/build/pkg/systemd/usr/lib/pcrlock.d/700-action-efi-exit-boot-services.pcrlock.d
Installing /home/builder/build/src/systemd-261.2/src/pcrlock/pcrlock.d/700-action-efi-exit-boot-services.pcrlock.d/600-absent.pcrlock to /home/builder/build/pkg/systemd/usr/lib/pcrlock.d/700-action-efi-exit-boot-services.pcrlock.d
Installing /home/builder/build/src/systemd-261.2/src/pcrlock/pcrlock.d/750-enter-initrd.pcrlock to /home/builder/build/pkg/systemd/usr/lib/pcrlock.d
Installing /home/builder/build/src/systemd-261.2/src/pcrlock/pcrlock.d/750-os-separator.pcrlock to /home/builder/build/pkg/systemd/usr/lib/pcrlock.d
Installing /home/builder/build/src/systemd-261.2/src/pcrlock/pcrlock.d/770-nvpcr-separator.pcrlock to /home/builder/build/pkg/systemd/usr/lib/pcrlock.d
Installing /home/builder/build/src/systemd-261.2/src/pcrlock/pcrlock.d/800-leave-initrd.pcrlock to /home/builder/build/pkg/systemd/usr/lib/pcrlock.d
Installing /home/builder/build/src/systemd-261.2/src/pcrlock/pcrlock.d/850-sysinit.pcrlock to /home/builder/build/pkg/systemd/usr/lib/pcrlock.d
Installing /home/builder/build/src/systemd-261.2/src/pcrlock/pcrlock.d/900-ready.pcrlock to /home/builder/build/pkg/systemd/usr/lib/pcrlock.d
Installing /home/builder/build/src/systemd-261.2/src/pcrlock/pcrlock.d/950-shutdown.pcrlock to /home/builder/build/pkg/systemd/usr/lib/pcrlock.d
Installing /home/builder/build/src/systemd-261.2/src/pcrlock/pcrlock.d/990-final.pcrlock to /home/builder/build/pkg/systemd/usr/lib/pcrlock.d
Installing /home/builder/build/src/systemd-261.2/src/portable/org.freedesktop.portable1.conf to /home/builder/build/pkg/systemd/usr/share/dbus-1/system.d
Installing /home/builder/build/src/systemd-261.2/src/portable/org.freedesktop.portable1.service to /home/builder/build/pkg/systemd/usr/share/dbus-1/system-services
Installing /home/builder/build/src/systemd-261.2/src/portable/org.freedesktop.portable1.service-for-session to /home/builder/build/pkg/systemd/usr/share/dbus-1/services
Installing /home/builder/build/src/systemd-261.2/src/portable/org.freedesktop.portable1.policy to /home/builder/build/pkg/systemd/usr/share/polkit-1/actions
Installing /home/builder/build/src/systemd-261.2/src/portable/profile/system/default/service.conf to /home/builder/build/pkg/systemd/usr/lib/systemd/portable/profile/default
Installing /home/builder/build/src/systemd-261.2/src/portable/profile/system/nonetwork/service.conf to /home/builder/build/pkg/systemd/usr/lib/systemd/portable/profile/nonetwork
Installing /home/builder/build/src/systemd-261.2/src/portable/profile/system/strict/service.conf to /home/builder/build/pkg/systemd/usr/lib/systemd/portable/profile/strict
Installing /home/builder/build/src/systemd-261.2/src/portable/profile/system/trusted/service.conf to /home/builder/build/pkg/systemd/usr/lib/systemd/portable/profile/trusted
Installing /home/builder/build/src/systemd-261.2/src/portable/profile/user/default/service.conf to /home/builder/build/pkg/systemd/usr/lib/systemd/user/portable/profile/default
Installing /home/builder/build/src/systemd-261.2/src/portable/profile/user/nonetwork/service.conf to /home/builder/build/pkg/systemd/usr/lib/systemd/user/portable/profile/nonetwork
Installing /home/builder/build/src/systemd-261.2/src/portable/profile/user/strict/service.conf to /home/builder/build/pkg/systemd/usr/lib/systemd/user/portable/profile/strict
Installing /home/builder/build/src/systemd-261.2/src/portable/profile/user/trusted/service.conf to /home/builder/build/pkg/systemd/usr/lib/systemd/user/portable/profile/trusted
Installing /home/builder/build/src/systemd-261.2/src/pstore/pstore.conf to /home/builder/build/pkg/systemd/etc/systemd
Installing /home/builder/build/src/systemd-261.2/src/repart/definitions/confext.repart.d/10-root.conf to /home/builder/build/pkg/systemd/usr/lib/systemd/repart/definitions/confext.repart.d
Installing /home/builder/build/src/systemd-261.2/src/repart/definitions/confext.repart.d/20-root-verity.conf to /home/builder/build/pkg/systemd/usr/lib/systemd/repart/definitions/confext.repart.d
Installing /home/builder/build/src/systemd-261.2/src/repart/definitions/confext.repart.d/30-root-verity-sig.conf to /home/builder/build/pkg/systemd/usr/lib/systemd/repart/definitions/confext.repart.d
Installing /home/builder/build/src/systemd-261.2/src/repart/definitions/portable.repart.d/10-root.conf to /home/builder/build/pkg/systemd/usr/lib/systemd/repart/definitions/portable.repart.d
Installing /home/builder/build/src/systemd-261.2/src/repart/definitions/portable.repart.d/20-root-verity.conf to /home/builder/build/pkg/systemd/usr/lib/systemd/repart/definitions/portable.repart.d
Installing /home/builder/build/src/systemd-261.2/src/repart/definitions/portable.repart.d/30-root-verity-sig.conf to /home/builder/build/pkg/systemd/usr/lib/systemd/repart/definitions/portable.repart.d
Installing /home/builder/build/src/systemd-261.2/src/repart/definitions/sysext.repart.d/10-root.conf to /home/builder/build/pkg/systemd/usr/lib/systemd/repart/definitions/sysext.repart.d
Installing /home/builder/build/src/systemd-261.2/src/repart/definitions/sysext.repart.d/20-root-verity.conf to /home/builder/build/pkg/systemd/usr/lib/systemd/repart/definitions/sysext.repart.d
Installing /home/builder/build/src/systemd-261.2/src/repart/definitions/sysext.repart.d/30-root-verity-sig.conf to /home/builder/build/pkg/systemd/usr/lib/systemd/repart/definitions/sysext.repart.d
Installing /home/builder/build/src/systemd-261.2/src/resolve/org.freedesktop.resolve1.conf to /home/builder/build/pkg/systemd/usr/share/dbus-1/system.d
Installing /home/builder/build/src/systemd-261.2/src/resolve/org.freedesktop.resolve1.service to /home/builder/build/pkg/systemd/usr/share/dbus-1/system-services
Installing /home/builder/build/src/systemd-261.2/src/resolve/org.freedesktop.resolve1.policy to /home/builder/build/pkg/systemd/usr/share/polkit-1/actions
Installing /home/builder/build/src/systemd-261.2/src/resolve/resolv.conf to /home/builder/build/pkg/systemd/usr/lib/systemd
Installing /home/builder/build/src/systemd-261.2/src/run/empower.rules to /home/builder/build/pkg/systemd/usr/share/polkit-1/rules.d
Installing /home/builder/build/src/systemd-261.2/src/sleep/sleep.conf to /home/builder/build/pkg/systemd/etc/systemd
Installing /home/builder/build/src/systemd-261.2/src/storage/io.systemd.storage.policy to /home/builder/build/pkg/systemd/usr/share/polkit-1/actions
Installing /home/builder/build/src/systemd-261.2/src/sysext/io.systemd.sysext.policy to /home/builder/build/pkg/systemd/usr/share/polkit-1/actions
Installing /home/builder/build/src/systemd-261.2/src/timedate/org.freedesktop.timedate1.conf to /home/builder/build/pkg/systemd/usr/share/dbus-1/system.d
Installing /home/builder/build/src/systemd-261.2/src/timedate/org.freedesktop.timedate1.service to /home/builder/build/pkg/systemd/usr/share/dbus-1/system-services
Installing /home/builder/build/src/systemd-261.2/src/timedate/org.freedesktop.timedate1.policy to /home/builder/build/pkg/systemd/usr/share/polkit-1/actions
Installing /home/builder/build/src/systemd-261.2/src/timesync/org.freedesktop.timesync1.conf to /home/builder/build/pkg/systemd/usr/share/dbus-1/system.d
Installing /home/builder/build/src/systemd-261.2/src/timesync/org.freedesktop.timesync1.service to /home/builder/build/pkg/systemd/usr/share/dbus-1/system-services
Installing /home/builder/build/src/systemd-261.2/src/timesync/80-systemd-timesync.list to /home/builder/build/pkg/systemd/usr/lib/systemd/ntp-units.d
Installing /home/builder/build/src/systemd-261.2/src/timesync/org.freedesktop.timesync1.policy to /home/builder/build/pkg/systemd/usr/share/polkit-1/actions
Installing /home/builder/build/src/systemd-261.2/mime/io.systemd.xml to /home/builder/build/pkg/systemd/usr/share/mime/packages
Installing /home/builder/build/src/systemd-261.2/rules.d/README to /home/builder/build/pkg/systemd/usr/lib/udev/rules.d
Installing /home/builder/build/src/systemd-261.2/rules.d/60-autosuspend.rules to /home/builder/build/pkg/systemd/usr/lib/udev/rules.d
Installing /home/builder/build/src/systemd-261.2/rules.d/60-block.rules to /home/builder/build/pkg/systemd/usr/lib/udev/rules.d
Installing /home/builder/build/src/systemd-261.2/rules.d/60-cdrom_id.rules to /home/builder/build/pkg/systemd/usr/lib/udev/rules.d
Installing /home/builder/build/src/systemd-261.2/rules.d/60-dmi-id.rules to /home/builder/build/pkg/systemd/usr/lib/udev/rules.d
Installing /home/builder/build/src/systemd-261.2/rules.d/60-drm.rules to /home/builder/build/pkg/systemd/usr/lib/udev/rules.d
Installing /home/builder/build/src/systemd-261.2/rules.d/60-evdev.rules to /home/builder/build/pkg/systemd/usr/lib/udev/rules.d
Installing /home/builder/build/src/systemd-261.2/rules.d/60-fido-id.rules to /home/builder/build/pkg/systemd/usr/lib/udev/rules.d
Installing /home/builder/build/src/systemd-261.2/rules.d/60-gpiochip.rules to /home/builder/build/pkg/systemd/usr/lib/udev/rules.d
Installing /home/builder/build/src/systemd-261.2/rules.d/60-infiniband.rules to /home/builder/build/pkg/systemd/usr/lib/udev/rules.d
Installing /home/builder/build/src/systemd-261.2/rules.d/60-input-id.rules to /home/builder/build/pkg/systemd/usr/lib/udev/rules.d
Installing /home/builder/build/src/systemd-261.2/rules.d/60-persistent-alsa.rules to /home/builder/build/pkg/systemd/usr/lib/udev/rules.d
Installing /home/builder/build/src/systemd-261.2/rules.d/60-persistent-hidraw.rules to /home/builder/build/pkg/systemd/usr/lib/udev/rules.d
Installing /home/builder/build/src/systemd-261.2/rules.d/60-persistent-input.rules to /home/builder/build/pkg/systemd/usr/lib/udev/rules.d
Installing /home/builder/build/src/systemd-261.2/rules.d/60-persistent-storage-mtd.rules to /home/builder/build/pkg/systemd/usr/lib/udev/rules.d
Installing /home/builder/build/src/systemd-261.2/rules.d/60-persistent-storage-tape.rules to /home/builder/build/pkg/systemd/usr/lib/udev/rules.d
Installing /home/builder/build/src/systemd-261.2/rules.d/60-persistent-v4l.rules to /home/builder/build/pkg/systemd/usr/lib/udev/rules.d
Installing /home/builder/build/src/systemd-261.2/rules.d/60-sensor.rules to /home/builder/build/pkg/systemd/usr/lib/udev/rules.d
Installing /home/builder/build/src/systemd-261.2/rules.d/60-serial.rules to /home/builder/build/pkg/systemd/usr/lib/udev/rules.d
Installing /home/builder/build/src/systemd-261.2/rules.d/60-tpm2-id.rules to /home/builder/build/pkg/systemd/usr/lib/udev/rules.d
Installing /home/builder/build/src/systemd-261.2/rules.d/65-integration.rules to /home/builder/build/pkg/systemd/usr/lib/udev/rules.d
Installing /home/builder/build/src/systemd-261.2/rules.d/70-camera.rules to /home/builder/build/pkg/systemd/usr/lib/udev/rules.d
Installing /home/builder/build/src/systemd-261.2/rules.d/70-joystick.rules to /home/builder/build/pkg/systemd/usr/lib/udev/rules.d
Installing /home/builder/build/src/systemd-261.2/rules.d/70-mouse.rules to /home/builder/build/pkg/systemd/usr/lib/udev/rules.d
Installing /home/builder/build/src/systemd-261.2/rules.d/70-touchpad.rules to /home/builder/build/pkg/systemd/usr/lib/udev/rules.d
Installing /home/builder/build/src/systemd-261.2/rules.d/75-net-description.rules to /home/builder/build/pkg/systemd/usr/lib/udev/rules.d
Installing /home/builder/build/src/systemd-261.2/rules.d/75-probe_mtd.rules to /home/builder/build/pkg/systemd/usr/lib/udev/rules.d
Installing /home/builder/build/src/systemd-261.2/rules.d/78-sound-card.rules to /home/builder/build/pkg/systemd/usr/lib/udev/rules.d
Installing /home/builder/build/src/systemd-261.2/rules.d/80-net-setup-link.rules to /home/builder/build/pkg/systemd/usr/lib/udev/rules.d
Installing /home/builder/build/src/systemd-261.2/rules.d/81-net-bridge.rules to /home/builder/build/pkg/systemd/usr/lib/udev/rules.d
Installing /home/builder/build/src/systemd-261.2/rules.d/81-net-dhcp.rules to /home/builder/build/pkg/systemd/usr/lib/udev/rules.d
Installing /home/builder/build/src/systemd-261.2/rules.d/82-net-auto-link-local.rules to /home/builder/build/pkg/systemd/usr/lib/udev/rules.d
Installing /home/builder/build/src/systemd-261.2/rules.d/90-image-dissect.rules to /home/builder/build/pkg/systemd/usr/lib/udev/rules.d
Installing /home/builder/build/src/systemd-261.2/rules.d/90-iocost.rules to /home/builder/build/pkg/systemd/usr/lib/udev/rules.d
Installing /home/builder/build/src/systemd-261.2/rules.d/80-drivers.rules to /home/builder/build/pkg/systemd/usr/lib/udev/rules.d
Installing /home/builder/build/src/systemd-261.2/rules.d/70-memory.rules to /home/builder/build/pkg/systemd/usr/lib/udev/rules.d
Installing /home/builder/build/src/systemd-261.2/rules.d/70-power-switch.rules to /home/builder/build/pkg/systemd/usr/lib/udev/rules.d
Installing /home/builder/build/src/systemd-261.2/docs/var-log/README.logs to /home/builder/build/pkg/systemd/usr/share/doc/systemd-261.2
Installing /home/builder/build/src/systemd-261.2/hwdb.d/README to /home/builder/build/pkg/systemd/usr/lib/udev/hwdb.d
Installing /home/builder/build/src/systemd-261.2/hwdb.d/20-pci-vendor-model.hwdb to /home/builder/build/pkg/systemd/usr/lib/udev/hwdb.d
Installing /home/builder/build/src/systemd-261.2/hwdb.d/20-pci-classes.hwdb to /home/builder/build/pkg/systemd/usr/lib/udev/hwdb.d
Installing /home/builder/build/src/systemd-261.2/hwdb.d/20-usb-vendor-model.hwdb to /home/builder/build/pkg/systemd/usr/lib/udev/hwdb.d
Installing /home/builder/build/src/systemd-261.2/hwdb.d/20-usb-classes.hwdb to /home/builder/build/pkg/systemd/usr/lib/udev/hwdb.d
Installing /home/builder/build/src/systemd-261.2/hwdb.d/20-sdio-vendor-model.hwdb to /home/builder/build/pkg/systemd/usr/lib/udev/hwdb.d
Installing /home/builder/build/src/systemd-261.2/hwdb.d/20-sdio-classes.hwdb to /home/builder/build/pkg/systemd/usr/lib/udev/hwdb.d
Installing /home/builder/build/src/systemd-261.2/hwdb.d/20-bluetooth-vendor-product.hwdb to /home/builder/build/pkg/systemd/usr/lib/udev/hwdb.d
Installing /home/builder/build/src/systemd-261.2/hwdb.d/20-acpi-vendor.hwdb to /home/builder/build/pkg/systemd/usr/lib/udev/hwdb.d
Installing /home/builder/build/src/systemd-261.2/hwdb.d/20-OUI.hwdb to /home/builder/build/pkg/systemd/usr/lib/udev/hwdb.d
Installing /home/builder/build/src/systemd-261.2/hwdb.d/20-vmbus-class.hwdb to /home/builder/build/pkg/systemd/usr/lib/udev/hwdb.d
Installing /home/builder/build/src/systemd-261.2/hwdb.d/20-dmi-id.hwdb to /home/builder/build/pkg/systemd/usr/lib/udev/hwdb.d
Installing /home/builder/build/src/systemd-261.2/hwdb.d/20-net-ifname.hwdb to /home/builder/build/pkg/systemd/usr/lib/udev/hwdb.d
Installing /home/builder/build/src/systemd-261.2/hwdb.d/40-imds.hwdb to /home/builder/build/pkg/systemd/usr/lib/udev/hwdb.d
Installing /home/builder/build/src/systemd-261.2/hwdb.d/60-autosuspend.hwdb to /home/builder/build/pkg/systemd/usr/lib/udev/hwdb.d
Installing /home/builder/build/src/systemd-261.2/hwdb.d/60-autosuspend-fingerprint-reader.hwdb to /home/builder/build/pkg/systemd/usr/lib/udev/hwdb.d
Installing /home/builder/build/src/systemd-261.2/hwdb.d/60-evdev.hwdb to /home/builder/build/pkg/systemd/usr/lib/udev/hwdb.d
Installing /home/builder/build/src/systemd-261.2/hwdb.d/60-input-id.hwdb to /home/builder/build/pkg/systemd/usr/lib/udev/hwdb.d
Installing /home/builder/build/src/systemd-261.2/hwdb.d/60-keyboard.hwdb to /home/builder/build/pkg/systemd/usr/lib/udev/hwdb.d
Installing /home/builder/build/src/systemd-261.2/hwdb.d/60-seat.hwdb to /home/builder/build/pkg/systemd/usr/lib/udev/hwdb.d
Installing /home/builder/build/src/systemd-261.2/hwdb.d/60-sensor.hwdb to /home/builder/build/pkg/systemd/usr/lib/udev/hwdb.d
Installing /home/builder/build/src/systemd-261.2/hwdb.d/60-tpm2.hwdb to /home/builder/build/pkg/systemd/usr/lib/udev/hwdb.d
Installing /home/builder/build/src/systemd-261.2/hwdb.d/70-analyzers.hwdb to /home/builder/build/pkg/systemd/usr/lib/udev/hwdb.d
Installing /home/builder/build/src/systemd-261.2/hwdb.d/70-av-production.hwdb to /home/builder/build/pkg/systemd/usr/lib/udev/hwdb.d
Installing /home/builder/build/src/systemd-261.2/hwdb.d/70-cameras.hwdb to /home/builder/build/pkg/systemd/usr/lib/udev/hwdb.d
Installing /home/builder/build/src/systemd-261.2/hwdb.d/70-debug-appliance.hwdb to /home/builder/build/pkg/systemd/usr/lib/udev/hwdb.d
Installing /home/builder/build/src/systemd-261.2/hwdb.d/70-hardware-wallets.hwdb to /home/builder/build/pkg/systemd/usr/lib/udev/hwdb.d
Installing /home/builder/build/src/systemd-261.2/hwdb.d/70-joystick.hwdb to /home/builder/build/pkg/systemd/usr/lib/udev/hwdb.d
Installing /home/builder/build/src/systemd-261.2/hwdb.d/70-lights.hwdb to /home/builder/build/pkg/systemd/usr/lib/udev/hwdb.d
Installing /home/builder/build/src/systemd-261.2/hwdb.d/70-maker-tools.hwdb to /home/builder/build/pkg/systemd/usr/lib/udev/hwdb.d
Installing /home/builder/build/src/systemd-261.2/hwdb.d/70-mouse.hwdb to /home/builder/build/pkg/systemd/usr/lib/udev/hwdb.d
Installing /home/builder/build/src/systemd-261.2/hwdb.d/70-pda.hwdb to /home/builder/build/pkg/systemd/usr/lib/udev/hwdb.d
Installing /home/builder/build/src/systemd-261.2/hwdb.d/70-pointingstick.hwdb to /home/builder/build/pkg/systemd/usr/lib/udev/hwdb.d
Installing /home/builder/build/src/systemd-261.2/hwdb.d/70-software-radio.hwdb to /home/builder/build/pkg/systemd/usr/lib/udev/hwdb.d
Installing /home/builder/build/src/systemd-261.2/hwdb.d/70-sound-card.hwdb to /home/builder/build/pkg/systemd/usr/lib/udev/hwdb.d
Installing /home/builder/build/src/systemd-261.2/hwdb.d/70-touchpad.hwdb to /home/builder/build/pkg/systemd/usr/lib/udev/hwdb.d
Installing /home/builder/build/src/systemd-261.2/hwdb.d/70-vsock.hwdb to /home/builder/build/pkg/systemd/usr/lib/udev/hwdb.d
Installing /home/builder/build/src/systemd-261.2/hwdb.d/80-ieee1394-unit-function.hwdb to /home/builder/build/pkg/systemd/usr/lib/udev/hwdb.d
Installing /home/builder/build/src/systemd-261.2/hwdb.d/82-net-auto-link-local.hwdb to /home/builder/build/pkg/systemd/usr/lib/udev/hwdb.d
Installing /home/builder/build/src/systemd-261.2/modprobe.d/README to /home/builder/build/pkg/systemd/usr/lib/modprobe.d
Installing /home/builder/build/src/systemd-261.2/modprobe.d/systemd.conf to /home/builder/build/pkg/systemd/usr/lib/modprobe.d
Installing /home/builder/build/src/systemd-261.2/network/80-6rd-tunnel.network to /home/builder/build/pkg/systemd/usr/lib/systemd/network
Installing /home/builder/build/src/systemd-261.2/network/80-6rd-tunnel.link to /home/builder/build/pkg/systemd/usr/lib/systemd/network
Installing /home/builder/build/src/systemd-261.2/network/80-container-host0.network to /home/builder/build/pkg/systemd/usr/lib/systemd/network
Installing /home/builder/build/src/systemd-261.2/network/80-container-host0-tun.network to /home/builder/build/pkg/systemd/usr/lib/systemd/network
Installing /home/builder/build/src/systemd-261.2/network/80-container-vb.network to /home/builder/build/pkg/systemd/usr/lib/systemd/network
Installing /home/builder/build/src/systemd-261.2/network/80-container-vb.link to /home/builder/build/pkg/systemd/usr/lib/systemd/network
Installing /home/builder/build/src/systemd-261.2/network/80-container-ve.network to /home/builder/build/pkg/systemd/usr/lib/systemd/network
Installing /home/builder/build/src/systemd-261.2/network/80-container-ve.link to /home/builder/build/pkg/systemd/usr/lib/systemd/network
Installing /home/builder/build/src/systemd-261.2/network/80-container-vz.network to /home/builder/build/pkg/systemd/usr/lib/systemd/network
Installing /home/builder/build/src/systemd-261.2/network/80-container-vz.link to /home/builder/build/pkg/systemd/usr/lib/systemd/network
Installing /home/builder/build/src/systemd-261.2/network/80-namespace-ns.network to /home/builder/build/pkg/systemd/usr/lib/systemd/network
Installing /home/builder/build/src/systemd-261.2/network/80-namespace-ns.link to /home/builder/build/pkg/systemd/usr/lib/systemd/network
Installing /home/builder/build/src/systemd-261.2/network/80-namespace-ns-tun.network to /home/builder/build/pkg/systemd/usr/lib/systemd/network
Installing /home/builder/build/src/systemd-261.2/network/80-namespace-ns-tun.link to /home/builder/build/pkg/systemd/usr/lib/systemd/network
Installing /home/builder/build/src/systemd-261.2/network/80-vm-vt.network to /home/builder/build/pkg/systemd/usr/lib/systemd/network
Installing /home/builder/build/src/systemd-261.2/network/80-vm-vt.link to /home/builder/build/pkg/systemd/usr/lib/systemd/network
Installing /home/builder/build/src/systemd-261.2/network/80-wifi-adhoc.network to /home/builder/build/pkg/systemd/usr/lib/systemd/network
Installing /home/builder/build/src/systemd-261.2/network/80-auto-link-local.network.example to /home/builder/build/pkg/systemd/usr/lib/systemd/network
Installing /home/builder/build/src/systemd-261.2/network/89-ethernet.network.example to /home/builder/build/pkg/systemd/usr/lib/systemd/network
Installing /home/builder/build/src/systemd-261.2/network/80-wifi-ap.network.example to /home/builder/build/pkg/systemd/usr/lib/systemd/network
Installing /home/builder/build/src/systemd-261.2/network/80-wifi-station.network.example to /home/builder/build/pkg/systemd/usr/lib/systemd/network
Installing /home/builder/build/src/systemd-261.2/network/99-default.link to /home/builder/build/pkg/systemd/usr/lib/systemd/network
Installing /home/builder/build/src/systemd-261.2/presets/90-systemd.preset to /home/builder/build/pkg/systemd/usr/lib/systemd/system-preset
Installing /home/builder/build/src/systemd-261.2/presets/90-systemd-user.preset to /home/builder/build/pkg/systemd/usr/lib/systemd/user-preset
Installing /home/builder/build/src/systemd-261.2/presets/90-systemd-initrd.preset to /home/builder/build/pkg/systemd/usr/lib/systemd/initrd-preset
Installing /home/builder/build/src/systemd-261.2/presets/99-default-initrd.preset to /home/builder/build/pkg/systemd/usr/lib/systemd/initrd-preset
Installing /home/builder/build/src/systemd-261.2/profile.d/70-systemd-shell-extra.sh to /home/builder/build/pkg/systemd/usr/lib/systemd/profile.d
Installing /home/builder/build/src/systemd-261.2/profile.d/80-systemd-osc-context.sh to /home/builder/build/pkg/systemd/usr/lib/systemd/profile.d
Installing /home/builder/build/src/systemd-261.2/shell-completion/bash/bootctl to /home/builder/build/pkg/systemd/usr/share/bash-completion/completions
Installing /home/builder/build/src/systemd-261.2/shell-completion/bash/busctl to /home/builder/build/pkg/systemd/usr/share/bash-completion/completions
Installing /home/builder/build/src/systemd-261.2/shell-completion/bash/coredumpctl to /home/builder/build/pkg/systemd/usr/share/bash-completion/completions
Installing /home/builder/build/src/systemd-261.2/shell-completion/bash/hostnamectl to /home/builder/build/pkg/systemd/usr/share/bash-completion/completions
Installing /home/builder/build/src/systemd-261.2/shell-completion/bash/importctl to /home/builder/build/pkg/systemd/usr/share/bash-completion/completions
Installing /home/builder/build/src/systemd-261.2/shell-completion/bash/journalctl to /home/builder/build/pkg/systemd/usr/share/bash-completion/completions
Installing /home/builder/build/src/systemd-261.2/shell-completion/bash/kernel-install to /home/builder/build/pkg/systemd/usr/share/bash-completion/completions
Installing /home/builder/build/src/systemd-261.2/shell-completion/bash/localectl to /home/builder/build/pkg/systemd/usr/share/bash-completion/completions
Installing /home/builder/build/src/systemd-261.2/shell-completion/bash/loginctl to /home/builder/build/pkg/systemd/usr/share/bash-completion/completions
Installing /home/builder/build/src/systemd-261.2/shell-completion/bash/machinectl to /home/builder/build/pkg/systemd/usr/share/bash-completion/completions
Installing /home/builder/build/src/systemd-261.2/shell-completion/bash/networkctl to /home/builder/build/pkg/systemd/usr/share/bash-completion/completions
Installing /home/builder/build/src/systemd-261.2/shell-completion/bash/oomctl to /home/builder/build/pkg/systemd/usr/share/bash-completion/completions
Installing /home/builder/build/src/systemd-261.2/shell-completion/bash/portablectl to /home/builder/build/pkg/systemd/usr/share/bash-completion/completions
Installing /home/builder/build/src/systemd-261.2/shell-completion/bash/resolvectl to /home/builder/build/pkg/systemd/usr/share/bash-completion/completions
Installing /home/builder/build/src/systemd-261.2/shell-completion/bash/run0 to /home/builder/build/pkg/systemd/usr/share/bash-completion/completions
Installing /home/builder/build/src/systemd-261.2/shell-completion/bash/storagectl to /home/builder/build/pkg/systemd/usr/share/bash-completion/completions
Installing /home/builder/build/src/systemd-261.2/shell-completion/bash/systemd-analyze to /home/builder/build/pkg/systemd/usr/share/bash-completion/completions
Installing /home/builder/build/src/systemd-261.2/shell-completion/bash/systemd-cat to /home/builder/build/pkg/systemd/usr/share/bash-completion/completions
Installing /home/builder/build/src/systemd-261.2/shell-completion/bash/systemd-cgls to /home/builder/build/pkg/systemd/usr/share/bash-completion/completions
Installing /home/builder/build/src/systemd-261.2/shell-completion/bash/systemd-cgtop to /home/builder/build/pkg/systemd/usr/share/bash-completion/completions
Installing /home/builder/build/src/systemd-261.2/shell-completion/bash/systemd-confext to /home/builder/build/pkg/systemd/usr/share/bash-completion/completions
Installing /home/builder/build/src/systemd-261.2/shell-completion/bash/systemd-creds to /home/builder/build/pkg/systemd/usr/share/bash-completion/completions
Installing /home/builder/build/src/systemd-261.2/shell-completion/bash/systemd-cryptenroll to /home/builder/build/pkg/systemd/usr/share/bash-completion/completions
Installing /home/builder/build/src/systemd-261.2/shell-completion/bash/systemd-delta to /home/builder/build/pkg/systemd/usr/share/bash-completion/completions
Installing /home/builder/build/src/systemd-261.2/shell-completion/bash/systemd-detect-virt to /home/builder/build/pkg/systemd/usr/share/bash-completion/completions
Installing /home/builder/build/src/systemd-261.2/shell-completion/bash/systemd-dissect to /home/builder/build/pkg/systemd/usr/share/bash-completion/completions
Installing /home/builder/build/src/systemd-261.2/shell-completion/bash/systemd-hwdb to /home/builder/build/pkg/systemd/usr/share/bash-completion/completions
Installing /home/builder/build/src/systemd-261.2/shell-completion/bash/systemd-id128 to /home/builder/build/pkg/systemd/usr/share/bash-completion/completions
Installing /home/builder/build/src/systemd-261.2/shell-completion/bash/systemd-nspawn to /home/builder/build/pkg/systemd/usr/share/bash-completion/completions
Installing /home/builder/build/src/systemd-261.2/shell-completion/bash/systemd-path to /home/builder/build/pkg/systemd/usr/share/bash-completion/completions
Installing /home/builder/build/src/systemd-261.2/shell-completion/bash/systemd-resolve to /home/builder/build/pkg/systemd/usr/share/bash-completion/completions
Installing /home/builder/build/src/systemd-261.2/shell-completion/bash/systemd-run to /home/builder/build/pkg/systemd/usr/share/bash-completion/completions
Installing /home/builder/build/src/systemd-261.2/shell-completion/bash/systemd-sysext to /home/builder/build/pkg/systemd/usr/share/bash-completion/completions
Installing /home/builder/build/src/systemd-261.2/shell-completion/bash/systemd-sysinstall to /home/builder/build/pkg/systemd/usr/share/bash-completion/completions
Installing /home/builder/build/src/systemd-261.2/shell-completion/bash/systemd-vpick to /home/builder/build/pkg/systemd/usr/share/bash-completion/completions
Installing /home/builder/build/src/systemd-261.2/shell-completion/bash/timedatectl to /home/builder/build/pkg/systemd/usr/share/bash-completion/completions
Installing /home/builder/build/src/systemd-261.2/shell-completion/bash/udevadm to /home/builder/build/pkg/systemd/usr/share/bash-completion/completions
Installing /home/builder/build/src/systemd-261.2/shell-completion/bash/userdbctl to /home/builder/build/pkg/systemd/usr/share/bash-completion/completions
Installing /home/builder/build/src/systemd-261.2/shell-completion/bash/varlinkctl to /home/builder/build/pkg/systemd/usr/share/bash-completion/completions
Installing /home/builder/build/src/systemd-261.2/shell-completion/zsh/_bootctl to /home/builder/build/pkg/systemd/usr/share/zsh/site-functions
Installing /home/builder/build/src/systemd-261.2/shell-completion/zsh/_busctl to /home/builder/build/pkg/systemd/usr/share/zsh/site-functions
Installing /home/builder/build/src/systemd-261.2/shell-completion/zsh/_coredumpctl to /home/builder/build/pkg/systemd/usr/share/zsh/site-functions
Installing /home/builder/build/src/systemd-261.2/shell-completion/zsh/_hostnamectl to /home/builder/build/pkg/systemd/usr/share/zsh/site-functions
Installing /home/builder/build/src/systemd-261.2/shell-completion/zsh/_journalctl to /home/builder/build/pkg/systemd/usr/share/zsh/site-functions
Installing /home/builder/build/src/systemd-261.2/shell-completion/zsh/_kernel-install to /home/builder/build/pkg/systemd/usr/share/zsh/site-functions
Installing /home/builder/build/src/systemd-261.2/shell-completion/zsh/_localectl to /home/builder/build/pkg/systemd/usr/share/zsh/site-functions
Installing /home/builder/build/src/systemd-261.2/shell-completion/zsh/_loginctl to /home/builder/build/pkg/systemd/usr/share/zsh/site-functions
Installing /home/builder/build/src/systemd-261.2/shell-completion/zsh/_machinectl to /home/builder/build/pkg/systemd/usr/share/zsh/site-functions
Installing /home/builder/build/src/systemd-261.2/shell-completion/zsh/_networkctl to /home/builder/build/pkg/systemd/usr/share/zsh/site-functions
Installing /home/builder/build/src/systemd-261.2/shell-completion/zsh/_oomctl to /home/builder/build/pkg/systemd/usr/share/zsh/site-functions
Installing /home/builder/build/src/systemd-261.2/shell-completion/zsh/_resolvectl to /home/builder/build/pkg/systemd/usr/share/zsh/site-functions
Installing /home/builder/build/src/systemd-261.2/shell-completion/zsh/_run0 to /home/builder/build/pkg/systemd/usr/share/zsh/site-functions
Installing /home/builder/build/src/systemd-261.2/shell-completion/zsh/_sd_bus_address to /home/builder/build/pkg/systemd/usr/share/zsh/site-functions
Installing /home/builder/build/src/systemd-261.2/shell-completion/zsh/_sd_hosts_or_user_at_host to /home/builder/build/pkg/systemd/usr/share/zsh/site-functions
Installing /home/builder/build/src/systemd-261.2/shell-completion/zsh/_sd_machines to /home/builder/build/pkg/systemd/usr/share/zsh/site-functions
Installing /home/builder/build/src/systemd-261.2/shell-completion/zsh/_sd_outputmodes to /home/builder/build/pkg/systemd/usr/share/zsh/site-functions
Installing /home/builder/build/src/systemd-261.2/shell-completion/zsh/_sd_unit_files to /home/builder/build/pkg/systemd/usr/share/zsh/site-functions
Installing /home/builder/build/src/systemd-261.2/shell-completion/zsh/_storagectl to /home/builder/build/pkg/systemd/usr/share/zsh/site-functions
Installing /home/builder/build/src/systemd-261.2/shell-completion/zsh/_systemd to /home/builder/build/pkg/systemd/usr/share/zsh/site-functions
Installing /home/builder/build/src/systemd-261.2/shell-completion/zsh/_systemd-analyze to /home/builder/build/pkg/systemd/usr/share/zsh/site-functions
Installing /home/builder/build/src/systemd-261.2/shell-completion/zsh/_systemd-delta to /home/builder/build/pkg/systemd/usr/share/zsh/site-functions
Installing /home/builder/build/src/systemd-261.2/shell-completion/zsh/_systemd-hwdb to /home/builder/build/pkg/systemd/usr/share/zsh/site-functions
Installing /home/builder/build/src/systemd-261.2/shell-completion/zsh/_systemd-id128 to /home/builder/build/pkg/systemd/usr/share/zsh/site-functions
Installing /home/builder/build/src/systemd-261.2/shell-completion/zsh/_systemd-inhibit to /home/builder/build/pkg/systemd/usr/share/zsh/site-functions
Installing /home/builder/build/src/systemd-261.2/shell-completion/zsh/_systemd-nspawn to /home/builder/build/pkg/systemd/usr/share/zsh/site-functions
Installing /home/builder/build/src/systemd-261.2/shell-completion/zsh/_systemd-path to /home/builder/build/pkg/systemd/usr/share/zsh/site-functions
Installing /home/builder/build/src/systemd-261.2/shell-completion/zsh/_systemd-run to /home/builder/build/pkg/systemd/usr/share/zsh/site-functions
Installing /home/builder/build/src/systemd-261.2/shell-completion/zsh/_systemd-sysinstall to /home/builder/build/pkg/systemd/usr/share/zsh/site-functions
Installing /home/builder/build/src/systemd-261.2/shell-completion/zsh/_systemd-tmpfiles to /home/builder/build/pkg/systemd/usr/share/zsh/site-functions
Installing /home/builder/build/src/systemd-261.2/shell-completion/zsh/_timedatectl to /home/builder/build/pkg/systemd/usr/share/zsh/site-functions
Installing /home/builder/build/src/systemd-261.2/shell-completion/zsh/_udevadm to /home/builder/build/pkg/systemd/usr/share/zsh/site-functions
Installing /home/builder/build/src/systemd-261.2/shell-completion/zsh/_userdbctl to /home/builder/build/pkg/systemd/usr/share/zsh/site-functions
Installing /home/builder/build/src/systemd-261.2/shell-completion/zsh/_varlinkctl to /home/builder/build/pkg/systemd/usr/share/zsh/site-functions
Installing /home/builder/build/src/systemd-261.2/sysctl.d/README to /home/builder/build/pkg/systemd/usr/lib/sysctl.d
Installing /home/builder/build/src/systemd-261.2/sysctl.d/50-default.conf to /home/builder/build/pkg/systemd/usr/lib/sysctl.d
Installing /home/builder/build/src/systemd-261.2/sysctl.d/50-pid-max.conf to /home/builder/build/pkg/systemd/usr/lib/sysctl.d
Installing /home/builder/build/src/systemd-261.2/sysusers.d/README to /home/builder/build/pkg/systemd/usr/lib/sysusers.d
Installing /home/builder/build/src/systemd-261.2/sysusers.d/systemd-coredump.conf to /home/builder/build/pkg/systemd/usr/lib/sysusers.d
Installing /home/builder/build/src/systemd-261.2/sysusers.d/systemd-oom.conf to /home/builder/build/pkg/systemd/usr/lib/sysusers.d
Installing /home/builder/build/src/systemd-261.2/tmpfiles.d/README to /home/builder/build/pkg/systemd/usr/lib/tmpfiles.d
Installing /home/builder/build/src/systemd-261.2/tmpfiles.d/home.conf to /home/builder/build/pkg/systemd/usr/lib/tmpfiles.d
Installing /home/builder/build/src/systemd-261.2/tmpfiles.d/root.conf to /home/builder/build/pkg/systemd/usr/lib/tmpfiles.d
Installing /home/builder/build/src/systemd-261.2/tmpfiles.d/journal-nocow.conf to /home/builder/build/pkg/systemd/usr/lib/tmpfiles.d
Installing /home/builder/build/src/systemd-261.2/tmpfiles.d/portables.conf to /home/builder/build/pkg/systemd/usr/lib/tmpfiles.d
Installing /home/builder/build/src/systemd-261.2/tmpfiles.d/systemd-network.conf to /home/builder/build/pkg/systemd/usr/lib/tmpfiles.d
Installing /home/builder/build/src/systemd-261.2/tmpfiles.d/systemd-nologin.conf to /home/builder/build/pkg/systemd/usr/lib/tmpfiles.d
Installing /home/builder/build/src/systemd-261.2/tmpfiles.d/systemd-nspawn.conf to /home/builder/build/pkg/systemd/usr/lib/tmpfiles.d
Installing /home/builder/build/src/systemd-261.2/tmpfiles.d/systemd-pstore.conf to /home/builder/build/pkg/systemd/usr/lib/tmpfiles.d
Installing /home/builder/build/src/systemd-261.2/tmpfiles.d/systemd-resolve.conf to /home/builder/build/pkg/systemd/usr/lib/tmpfiles.d
Installing /home/builder/build/src/systemd-261.2/tmpfiles.d/20-systemd-varlink.conf to /home/builder/build/pkg/systemd/usr/lib/tmpfiles.d
Installing /home/builder/build/src/systemd-261.2/tmpfiles.d/systemd-tmp.conf to /home/builder/build/pkg/systemd/usr/lib/tmpfiles.d
Installing /home/builder/build/src/systemd-261.2/tmpfiles.d/tmp.conf to /home/builder/build/pkg/systemd/usr/lib/tmpfiles.d
Installing /home/builder/build/src/systemd-261.2/tmpfiles.d/x11.conf to /home/builder/build/pkg/systemd/usr/lib/tmpfiles.d
Installing /home/builder/build/src/systemd-261.2/tmpfiles.d/provision.conf to /home/builder/build/pkg/systemd/usr/lib/tmpfiles.d
Installing /home/builder/build/src/systemd-261.2/tmpfiles.d/credstore.conf to /home/builder/build/pkg/systemd/usr/lib/tmpfiles.d
Installing /home/builder/build/src/systemd-261.2/tmpfiles.d/user/20-systemd-varlink.conf to /home/builder/build/pkg/systemd/usr/share/user-tmpfiles.d
Installing /home/builder/build/src/systemd-261.2/units/basic.target to /home/builder/build/pkg/systemd/usr/lib/systemd/system
Installing /home/builder/build/src/systemd-261.2/units/blockdev@.target to /home/builder/build/pkg/systemd/usr/lib/systemd/system
Installing /home/builder/build/src/systemd-261.2/units/bluetooth.target to /home/builder/build/pkg/systemd/usr/lib/systemd/system
Installing /home/builder/build/src/systemd-261.2/units/boot-complete.target to /home/builder/build/pkg/systemd/usr/lib/systemd/system
Installing /home/builder/build/src/systemd-261.2/units/capsule.slice to /home/builder/build/pkg/systemd/usr/lib/systemd/system
Installing /home/builder/build/src/systemd-261.2/units/cryptsetup-pre.target to /home/builder/build/pkg/systemd/usr/lib/systemd/system
Installing /home/builder/build/src/systemd-261.2/units/cryptsetup.target to /home/builder/build/pkg/systemd/usr/lib/systemd/system
Installing /home/builder/build/src/systemd-261.2/units/dev-hugepages.mount to /home/builder/build/pkg/systemd/usr/lib/systemd/system
Installing /home/builder/build/src/systemd-261.2/units/dev-mqueue.mount to /home/builder/build/pkg/systemd/usr/lib/systemd/system
Installing /home/builder/build/src/systemd-261.2/units/emergency.target to /home/builder/build/pkg/systemd/usr/lib/systemd/system
Installing /home/builder/build/src/systemd-261.2/units/exit.target to /home/builder/build/pkg/systemd/usr/lib/systemd/system
Installing /home/builder/build/src/systemd-261.2/units/factory-reset.target to /home/builder/build/pkg/systemd/usr/lib/systemd/system
Installing /home/builder/build/src/systemd-261.2/units/factory-reset-now.target to /home/builder/build/pkg/systemd/usr/lib/systemd/system
Installing /home/builder/build/src/systemd-261.2/units/final.target to /home/builder/build/pkg/systemd/usr/lib/systemd/system
Installing /home/builder/build/src/systemd-261.2/units/first-boot-complete.target to /home/builder/build/pkg/systemd/usr/lib/systemd/system
Installing /home/builder/build/src/systemd-261.2/units/getty-pre.target to /home/builder/build/pkg/systemd/usr/lib/systemd/system
Installing /home/builder/build/src/systemd-261.2/units/getty.target to /home/builder/build/pkg/systemd/usr/lib/systemd/system
Installing /home/builder/build/src/systemd-261.2/units/graphical.target to /home/builder/build/pkg/systemd/usr/lib/systemd/system
Installing /home/builder/build/src/systemd-261.2/units/halt.target to /home/builder/build/pkg/systemd/usr/lib/systemd/system
Installing /home/builder/build/src/systemd-261.2/units/hibernate.target to /home/builder/build/pkg/systemd/usr/lib/systemd/system
Installing /home/builder/build/src/systemd-261.2/units/hybrid-sleep.target to /home/builder/build/pkg/systemd/usr/lib/systemd/system
Installing /home/builder/build/src/systemd-261.2/units/initrd-cleanup.service to /home/builder/build/pkg/systemd/usr/lib/systemd/system
Installing /home/builder/build/src/systemd-261.2/units/initrd-fs.target to /home/builder/build/pkg/systemd/usr/lib/systemd/system
Installing /home/builder/build/src/systemd-261.2/units/initrd-root-device.target to /home/builder/build/pkg/systemd/usr/lib/systemd/system
Installing /home/builder/build/src/systemd-261.2/units/initrd-root-fs.target to /home/builder/build/pkg/systemd/usr/lib/systemd/system
Installing /home/builder/build/src/systemd-261.2/units/initrd-switch-root.service to /home/builder/build/pkg/systemd/usr/lib/systemd/system
Installing /home/builder/build/src/systemd-261.2/units/initrd-switch-root.target to /home/builder/build/pkg/systemd/usr/lib/systemd/system
Installing /home/builder/build/src/systemd-261.2/units/initrd-udevadm-cleanup-db.service to /home/builder/build/pkg/systemd/usr/lib/systemd/system
Installing /home/builder/build/src/systemd-261.2/units/initrd-usr-fs.target to /home/builder/build/pkg/systemd/usr/lib/systemd/system
Installing /home/builder/build/src/systemd-261.2/units/initrd.target to /home/builder/build/pkg/systemd/usr/lib/systemd/system
Installing /home/builder/build/src/systemd-261.2/units/integritysetup-pre.target to /home/builder/build/pkg/systemd/usr/lib/systemd/system
Installing /home/builder/build/src/systemd-261.2/units/integritysetup.target to /home/builder/build/pkg/systemd/usr/lib/systemd/system
Installing /home/builder/build/src/systemd-261.2/units/kexec.target to /home/builder/build/pkg/systemd/usr/lib/systemd/system
Installing /home/builder/build/src/systemd-261.2/units/local-fs-pre.target to /home/builder/build/pkg/systemd/usr/lib/systemd/system
Installing /home/builder/build/src/systemd-261.2/units/local-fs.target to /home/builder/build/pkg/systemd/usr/lib/systemd/system
Installing /home/builder/build/src/systemd-261.2/units/machine.slice to /home/builder/build/pkg/systemd/usr/lib/systemd/system
Installing /home/builder/build/src/systemd-261.2/units/machines.target to /home/builder/build/pkg/systemd/usr/lib/systemd/system
Installing /home/builder/build/src/systemd-261.2/units/modprobe@.service to /home/builder/build/pkg/systemd/usr/lib/systemd/system
Installing /home/builder/build/src/systemd-261.2/units/multi-user.target to /home/builder/build/pkg/systemd/usr/lib/systemd/system
Installing /home/builder/build/src/systemd-261.2/units/systemd-mute-console.socket to /home/builder/build/pkg/systemd/usr/lib/systemd/system
Installing /home/builder/build/src/systemd-261.2/units/systemd-mute-console@.service to /home/builder/build/pkg/systemd/usr/lib/systemd/system
Installing /home/builder/build/src/systemd-261.2/units/system-systemd-mute-console.slice to /home/builder/build/pkg/systemd/usr/lib/systemd/system
Installing /home/builder/build/src/systemd-261.2/units/network-online.target to /home/builder/build/pkg/systemd/usr/lib/systemd/system
Installing /home/builder/build/src/systemd-261.2/units/network-pre.target to /home/builder/build/pkg/systemd/usr/lib/systemd/system
Installing /home/builder/build/src/systemd-261.2/units/network.target to /home/builder/build/pkg/systemd/usr/lib/systemd/system
Installing /home/builder/build/src/systemd-261.2/units/nss-lookup.target to /home/builder/build/pkg/systemd/usr/lib/systemd/system
Installing /home/builder/build/src/systemd-261.2/units/nss-user-lookup.target to /home/builder/build/pkg/systemd/usr/lib/systemd/system
Installing /home/builder/build/src/systemd-261.2/units/paths.target to /home/builder/build/pkg/systemd/usr/lib/systemd/system
Installing /home/builder/build/src/systemd-261.2/units/poweroff.target to /home/builder/build/pkg/systemd/usr/lib/systemd/system
Installing /home/builder/build/src/systemd-261.2/units/printer.target to /home/builder/build/pkg/systemd/usr/lib/systemd/system
Installing /home/builder/build/src/systemd-261.2/units/proc-sys-fs-binfmt_misc.automount to /home/builder/build/pkg/systemd/usr/lib/systemd/system
Installing /home/builder/build/src/systemd-261.2/units/proc-sys-fs-binfmt_misc.mount to /home/builder/build/pkg/systemd/usr/lib/systemd/system
Installing /home/builder/build/src/systemd-261.2/units/reboot.target to /home/builder/build/pkg/systemd/usr/lib/systemd/system
Installing /home/builder/build/src/systemd-261.2/units/remote-cryptsetup.target to /home/builder/build/pkg/systemd/usr/lib/systemd/system
Installing /home/builder/build/src/systemd-261.2/units/remote-fs-pre.target to /home/builder/build/pkg/systemd/usr/lib/systemd/system
Installing /home/builder/build/src/systemd-261.2/units/remote-fs.target to /home/builder/build/pkg/systemd/usr/lib/systemd/system
Installing /home/builder/build/src/systemd-261.2/units/remote-integritysetup.target to /home/builder/build/pkg/systemd/usr/lib/systemd/system
Installing /home/builder/build/src/systemd-261.2/units/remote-veritysetup.target to /home/builder/build/pkg/systemd/usr/lib/systemd/system
Installing /home/builder/build/src/systemd-261.2/units/rescue.target to /home/builder/build/pkg/systemd/usr/lib/systemd/system
Installing /home/builder/build/src/systemd-261.2/units/rpcbind.target to /home/builder/build/pkg/systemd/usr/lib/systemd/system
Installing /home/builder/build/src/systemd-261.2/units/shutdown.target to /home/builder/build/pkg/systemd/usr/lib/systemd/system
Installing /home/builder/build/src/systemd-261.2/units/sigpwr.target to /home/builder/build/pkg/systemd/usr/lib/systemd/system
Installing /home/builder/build/src/systemd-261.2/units/sleep.target to /home/builder/build/pkg/systemd/usr/lib/systemd/system
Installing /home/builder/build/src/systemd-261.2/units/slices.target to /home/builder/build/pkg/systemd/usr/lib/systemd/system
Installing /home/builder/build/src/systemd-261.2/units/smartcard.target to /home/builder/build/pkg/systemd/usr/lib/systemd/system
Installing /home/builder/build/src/systemd-261.2/units/sockets.target to /home/builder/build/pkg/systemd/usr/lib/systemd/system
Installing /home/builder/build/src/systemd-261.2/units/soft-reboot.target to /home/builder/build/pkg/systemd/usr/lib/systemd/system
Installing /home/builder/build/src/systemd-261.2/units/sound.target to /home/builder/build/pkg/systemd/usr/lib/systemd/system
Installing /home/builder/build/src/systemd-261.2/units/ssh-access.target to /home/builder/build/pkg/systemd/usr/lib/systemd/system
Installing /home/builder/build/src/systemd-261.2/units/suspend-then-hibernate.target to /home/builder/build/pkg/systemd/usr/lib/systemd/system
Installing /home/builder/build/src/systemd-261.2/units/suspend.target to /home/builder/build/pkg/systemd/usr/lib/systemd/system
Installing /home/builder/build/src/systemd-261.2/units/swap.target to /home/builder/build/pkg/systemd/usr/lib/systemd/system
Installing /home/builder/build/src/systemd-261.2/units/sys-fs-fuse-connections.mount to /home/builder/build/pkg/systemd/usr/lib/systemd/system
Installing /home/builder/build/src/systemd-261.2/units/sys-kernel-config.mount to /home/builder/build/pkg/systemd/usr/lib/systemd/system
Installing /home/builder/build/src/systemd-261.2/units/sys-kernel-debug.mount to /home/builder/build/pkg/systemd/usr/lib/systemd/system
Installing /home/builder/build/src/systemd-261.2/units/sys-kernel-tracing.mount to /home/builder/build/pkg/systemd/usr/lib/systemd/system
Installing /home/builder/build/src/systemd-261.2/units/sysinit.target to /home/builder/build/pkg/systemd/usr/lib/systemd/system
Installing /home/builder/build/src/systemd-261.2/units/syslog.socket to /home/builder/build/pkg/systemd/usr/lib/systemd/system
Installing /home/builder/build/src/systemd-261.2/units/system-install.target to /home/builder/build/pkg/systemd/usr/lib/systemd/system
Installing /home/builder/build/src/systemd-261.2/units/system-systemd-cryptsetup.slice to /home/builder/build/pkg/systemd/usr/lib/systemd/system
Installing /home/builder/build/src/systemd-261.2/units/system-systemd-veritysetup.slice to /home/builder/build/pkg/systemd/usr/lib/systemd/system
Installing /home/builder/build/src/systemd-261.2/units/system-update-cleanup.service to /home/builder/build/pkg/systemd/usr/lib/systemd/system
Installing /home/builder/build/src/systemd-261.2/units/system-update-pre.target to /home/builder/build/pkg/systemd/usr/lib/systemd/system
Installing /home/builder/build/src/systemd-261.2/units/system-update.target to /home/builder/build/pkg/systemd/usr/lib/systemd/system
Installing /home/builder/build/src/systemd-261.2/units/systemd-ask-password.socket to /home/builder/build/pkg/systemd/usr/lib/systemd/system
Installing /home/builder/build/src/systemd-261.2/units/systemd-ask-password@.service to /home/builder/build/pkg/systemd/usr/lib/systemd/system
Installing /home/builder/build/src/systemd-261.2/units/systemd-ask-password-console.path to /home/builder/build/pkg/systemd/usr/lib/systemd/system
Installing /home/builder/build/src/systemd-261.2/units/systemd-ask-password-console.service to /home/builder/build/pkg/systemd/usr/lib/systemd/system
Installing /home/builder/build/src/systemd-261.2/units/systemd-ask-password-wall.path to /home/builder/build/pkg/systemd/usr/lib/systemd/system
Installing /home/builder/build/src/systemd-261.2/units/systemd-ask-password-wall.service to /home/builder/build/pkg/systemd/usr/lib/systemd/system
Installing /home/builder/build/src/systemd-261.2/units/systemd-boot-random-seed.service to /home/builder/build/pkg/systemd/usr/lib/systemd/system
Installing /home/builder/build/src/systemd-261.2/units/systemd-boot-clear-sysfail.service to /home/builder/build/pkg/systemd/usr/lib/systemd/system
Installing /home/builder/build/src/systemd-261.2/units/systemd-boot-update.service to /home/builder/build/pkg/systemd/usr/lib/systemd/system
Installing /home/builder/build/src/systemd-261.2/units/systemd-bootctl@.service to /home/builder/build/pkg/systemd/usr/lib/systemd/system
Installing /home/builder/build/src/systemd-261.2/units/systemd-bootctl.socket to /home/builder/build/pkg/systemd/usr/lib/systemd/system
Installing /home/builder/build/src/systemd-261.2/units/systemd-confext.service to /home/builder/build/pkg/systemd/usr/lib/systemd/system
Installing /home/builder/build/src/systemd-261.2/units/systemd-confext-initrd.service to /home/builder/build/pkg/systemd/usr/lib/systemd/system
Installing /home/builder/build/src/systemd-261.2/units/systemd-confext-sysroot.service to /home/builder/build/pkg/systemd/usr/lib/systemd/system
Installing /home/builder/build/src/systemd-261.2/units/systemd-coredump.socket to /home/builder/build/pkg/systemd/usr/lib/systemd/system
Installing /home/builder/build/src/systemd-261.2/units/systemd-creds.socket to /home/builder/build/pkg/systemd/usr/lib/systemd/system
Installing /home/builder/build/src/systemd-261.2/units/systemd-creds@.service to /home/builder/build/pkg/systemd/usr/lib/systemd/system
Installing /home/builder/build/src/systemd-261.2/units/systemd-exit.service to /home/builder/build/pkg/systemd/usr/lib/systemd/system
Installing /home/builder/build/src/systemd-261.2/units/systemd-factory-reset.socket to /home/builder/build/pkg/systemd/usr/lib/systemd/system
Installing /home/builder/build/src/systemd-261.2/units/systemd-factory-reset-reboot.service to /home/builder/build/pkg/systemd/usr/lib/systemd/system
Installing /home/builder/build/src/systemd-261.2/units/systemd-halt.service to /home/builder/build/pkg/systemd/usr/lib/systemd/system
Installing /home/builder/build/src/systemd-261.2/units/systemd-hostnamed.socket to /home/builder/build/pkg/systemd/usr/lib/systemd/system
Installing /home/builder/build/src/systemd-261.2/units/systemd-imdsd.socket to /home/builder/build/pkg/systemd/usr/lib/systemd/system
Installing /home/builder/build/src/systemd-261.2/units/systemd-importd.socket to /home/builder/build/pkg/systemd/usr/lib/systemd/system
Installing /home/builder/build/src/systemd-261.2/units/imports-pre.target to /home/builder/build/pkg/systemd/usr/lib/systemd/system
Installing /home/builder/build/src/systemd-261.2/units/imports.target to /home/builder/build/pkg/systemd/usr/lib/systemd/system
Installing /home/builder/build/src/systemd-261.2/units/systemd-journal-catalog-update.service to /home/builder/build/pkg/systemd/usr/lib/systemd/system
Installing /home/builder/build/src/systemd-261.2/units/systemd-journal-flush.service to /home/builder/build/pkg/systemd/usr/lib/systemd/system
Installing /home/builder/build/src/systemd-261.2/units/systemd-journalctl@.service to /home/builder/build/pkg/systemd/usr/lib/systemd/system
Installing /home/builder/build/src/systemd-261.2/units/systemd-journalctl.socket to /home/builder/build/pkg/systemd/usr/lib/systemd/system
Installing /home/builder/build/src/systemd-261.2/units/systemd-journald-audit.socket to /home/builder/build/pkg/systemd/usr/lib/systemd/system
Installing /home/builder/build/src/systemd-261.2/units/systemd-journald-dev-log.socket to /home/builder/build/pkg/systemd/usr/lib/systemd/system
Installing /home/builder/build/src/systemd-261.2/units/systemd-journald-sync@.service to /home/builder/build/pkg/systemd/usr/lib/systemd/system
Installing /home/builder/build/src/systemd-261.2/units/systemd-journald-varlink@.socket to /home/builder/build/pkg/systemd/usr/lib/systemd/system
Installing /home/builder/build/src/systemd-261.2/units/systemd-journald.socket to /home/builder/build/pkg/systemd/usr/lib/systemd/system
Installing /home/builder/build/src/systemd-261.2/units/systemd-journald@.socket to /home/builder/build/pkg/systemd/usr/lib/systemd/system
Installing /home/builder/build/src/systemd-261.2/units/systemd-kexec.service to /home/builder/build/pkg/systemd/usr/lib/systemd/system
Installing /home/builder/build/src/systemd-261.2/units/systemd-logind-varlink.socket to /home/builder/build/pkg/systemd/usr/lib/systemd/system
Installing /home/builder/build/src/systemd-261.2/units/systemd-loop@.service to /home/builder/build/pkg/systemd/usr/lib/systemd/system
Installing /home/builder/build/src/systemd-261.2/units/systemd-machine-id-commit.service to /home/builder/build/pkg/systemd/usr/lib/systemd/system
Installing /home/builder/build/src/systemd-261.2/units/systemd-machined.socket to /home/builder/build/pkg/systemd/usr/lib/systemd/system
Installing /home/builder/build/src/systemd-261.2/units/systemd-networkd-persistent-storage.service to /home/builder/build/pkg/systemd/usr/lib/systemd/system
Installing /home/builder/build/src/systemd-261.2/units/systemd-networkd-resolve-hook.socket to /home/builder/build/pkg/systemd/usr/lib/systemd/system
Installing /home/builder/build/src/systemd-261.2/units/systemd-networkd-varlink.socket to /home/builder/build/pkg/systemd/usr/lib/systemd/system
Installing /home/builder/build/src/systemd-261.2/units/systemd-networkd-varlink-metrics.socket to /home/builder/build/pkg/systemd/usr/lib/systemd/system
Installing /home/builder/build/src/systemd-261.2/units/systemd-networkd.socket to /home/builder/build/pkg/systemd/usr/lib/systemd/system
Installing /home/builder/build/src/systemd-261.2/units/systemd-oomd.socket to /home/builder/build/pkg/systemd/usr/lib/systemd/system
Installing /home/builder/build/src/systemd-261.2/units/systemd-pcrextend.socket to /home/builder/build/pkg/systemd/usr/lib/systemd/system
Installing /home/builder/build/src/systemd-261.2/units/systemd-report-basic.socket to /home/builder/build/pkg/systemd/usr/lib/systemd/system
Installing /home/builder/build/src/systemd-261.2/units/systemd-pcrlock.socket to /home/builder/build/pkg/systemd/usr/lib/systemd/system
Installing /home/builder/build/src/systemd-261.2/units/systemd-poweroff.service to /home/builder/build/pkg/systemd/usr/lib/systemd/system
Installing /home/builder/build/src/systemd-261.2/units/systemd-reboot.service to /home/builder/build/pkg/systemd/usr/lib/systemd/system
Installing /home/builder/build/src/systemd-261.2/units/systemd-repart.service to /home/builder/build/pkg/systemd/usr/lib/systemd/system
Installing /home/builder/build/src/systemd-261.2/units/systemd-repart.socket to /home/builder/build/pkg/systemd/usr/lib/systemd/system
Installing /home/builder/build/src/systemd-261.2/units/systemd-repart@.service to /home/builder/build/pkg/systemd/usr/lib/systemd/system
Installing /home/builder/build/src/systemd-261.2/units/systemd-report-cgroup.socket to /home/builder/build/pkg/systemd/usr/lib/systemd/system
Installing /home/builder/build/src/systemd-261.2/units/systemd-resolved-varlink.socket to /home/builder/build/pkg/systemd/usr/lib/systemd/system
Installing /home/builder/build/src/systemd-261.2/units/systemd-resolved-monitor.socket to /home/builder/build/pkg/systemd/usr/lib/systemd/system
Installing /home/builder/build/src/systemd-261.2/units/systemd-rfkill.socket to /home/builder/build/pkg/systemd/usr/lib/systemd/system
Installing /home/builder/build/src/systemd-261.2/units/systemd-soft-reboot.service to /home/builder/build/pkg/systemd/usr/lib/systemd/system
Installing /home/builder/build/src/systemd-261.2/units/systemd-sysext.service to /home/builder/build/pkg/systemd/usr/lib/systemd/system
Installing /home/builder/build/src/systemd-261.2/units/systemd-sysext-initrd.service to /home/builder/build/pkg/systemd/usr/lib/systemd/system
Installing /home/builder/build/src/systemd-261.2/units/systemd-sysext-sysroot.service to /home/builder/build/pkg/systemd/usr/lib/systemd/system
Installing /home/builder/build/src/systemd-261.2/units/systemd-sysext.socket to /home/builder/build/pkg/systemd/usr/lib/systemd/system
Installing /home/builder/build/src/systemd-261.2/units/systemd-sysext@.service to /home/builder/build/pkg/systemd/usr/lib/systemd/system
Installing /home/builder/build/src/systemd-261.2/units/systemd-sysinstall.service to /home/builder/build/pkg/systemd/usr/lib/systemd/system
Installing /home/builder/build/src/systemd-261.2/units/systemd-sysusers.service to /home/builder/build/pkg/systemd/usr/lib/systemd/system
Installing /home/builder/build/src/systemd-261.2/units/systemd-storage-block.socket to /home/builder/build/pkg/systemd/usr/lib/systemd/system
Installing /home/builder/build/src/systemd-261.2/units/systemd-storage-fs.socket to /home/builder/build/pkg/systemd/usr/lib/systemd/system
Installing /home/builder/build/src/systemd-261.2/units/storage-target-mode.target to /home/builder/build/pkg/systemd/usr/lib/systemd/system
Installing /home/builder/build/src/systemd-261.2/units/systemd-tmpfiles-clean.service to /home/builder/build/pkg/systemd/usr/lib/systemd/system
Installing /home/builder/build/src/systemd-261.2/units/systemd-tmpfiles-clean.timer to /home/builder/build/pkg/systemd/usr/lib/systemd/system
Installing /home/builder/build/src/systemd-261.2/units/systemd-tmpfiles-setup-dev-early.service to /home/builder/build/pkg/systemd/usr/lib/systemd/system
Installing /home/builder/build/src/systemd-261.2/units/systemd-tmpfiles-setup-dev.service to /home/builder/build/pkg/systemd/usr/lib/systemd/system
Installing /home/builder/build/src/systemd-261.2/units/systemd-tmpfiles-setup.service to /home/builder/build/pkg/systemd/usr/lib/systemd/system
Installing /home/builder/build/src/systemd-261.2/units/systemd-udev-load-credentials.service to /home/builder/build/pkg/systemd/usr/lib/systemd/system
Installing /home/builder/build/src/systemd-261.2/units/systemd-udev-settle.service to /home/builder/build/pkg/systemd/usr/lib/systemd/system
Installing /home/builder/build/src/systemd-261.2/units/systemd-udev-trigger.service to /home/builder/build/pkg/systemd/usr/lib/systemd/system
Installing /home/builder/build/src/systemd-261.2/units/systemd-udevd-control.socket to /home/builder/build/pkg/systemd/usr/lib/systemd/system
Installing /home/builder/build/src/systemd-261.2/units/systemd-udevd-kernel.socket to /home/builder/build/pkg/systemd/usr/lib/systemd/system
Installing /home/builder/build/src/systemd-261.2/units/systemd-udevd-varlink.socket to /home/builder/build/pkg/systemd/usr/lib/systemd/system
Installing /home/builder/build/src/systemd-261.2/units/systemd-userdb-load-credentials.service to /home/builder/build/pkg/systemd/usr/lib/systemd/system
Installing /home/builder/build/src/systemd-261.2/units/systemd-userdbd.socket to /home/builder/build/pkg/systemd/usr/lib/systemd/system
Installing /home/builder/build/src/systemd-261.2/units/systemd-mountfsd.socket to /home/builder/build/pkg/systemd/usr/lib/systemd/system
Installing /home/builder/build/src/systemd-261.2/units/systemd-nsresourced.socket to /home/builder/build/pkg/systemd/usr/lib/systemd/system
Installing /home/builder/build/src/systemd-261.2/units/time-set.target to /home/builder/build/pkg/systemd/usr/lib/systemd/system
Installing /home/builder/build/src/systemd-261.2/units/time-sync.target to /home/builder/build/pkg/systemd/usr/lib/systemd/system
Installing /home/builder/build/src/systemd-261.2/units/timers.target to /home/builder/build/pkg/systemd/usr/lib/systemd/system
Installing /home/builder/build/src/systemd-261.2/units/tmp.mount to /home/builder/build/pkg/systemd/usr/lib/systemd/system
Installing /home/builder/build/src/systemd-261.2/units/tpm2.target to /home/builder/build/pkg/systemd/usr/lib/systemd/system
Installing /home/builder/build/src/systemd-261.2/units/umount.target to /home/builder/build/pkg/systemd/usr/lib/systemd/system
Installing /home/builder/build/src/systemd-261.2/units/usb-gadget.target to /home/builder/build/pkg/systemd/usr/lib/systemd/system
Installing /home/builder/build/src/systemd-261.2/units/user.slice to /home/builder/build/pkg/systemd/usr/lib/systemd/system
Installing /home/builder/build/src/systemd-261.2/units/var-lib-machines.mount to /home/builder/build/pkg/systemd/usr/lib/systemd/system
Installing /home/builder/build/src/systemd-261.2/units/veritysetup-pre.target to /home/builder/build/pkg/systemd/usr/lib/systemd/system
Installing /home/builder/build/src/systemd-261.2/units/veritysetup.target to /home/builder/build/pkg/systemd/usr/lib/systemd/system
Installing /home/builder/build/src/systemd-261.2/units/user-.slice.d/10-defaults.conf to /home/builder/build/pkg/systemd/usr/lib/systemd/system/user-.slice.d
Installing /home/builder/build/src/systemd-261.2/units/user@.service.d/10-login-barrier.conf to /home/builder/build/pkg/systemd/usr/lib/systemd/system/user@.service.d
Installing /home/builder/build/src/systemd-261.2/units/user@0.service.d/10-login-barrier.conf to /home/builder/build/pkg/systemd/usr/lib/systemd/system/user@0.service.d
Installing /home/builder/build/src/systemd-261.2/units/user/app.slice to /home/builder/build/pkg/systemd/usr/lib/systemd/user
Installing /home/builder/build/src/systemd-261.2/units/user/background.slice to /home/builder/build/pkg/systemd/usr/lib/systemd/user
Installing /home/builder/build/src/systemd-261.2/units/user/basic.target to /home/builder/build/pkg/systemd/usr/lib/systemd/user
Installing /home/builder/build/src/systemd-261.2/units/user/bluetooth.target to /home/builder/build/pkg/systemd/usr/lib/systemd/user
Installing /home/builder/build/src/systemd-261.2/units/user/capsule@.target to /home/builder/build/pkg/systemd/usr/lib/systemd/user
Installing /home/builder/build/src/systemd-261.2/units/user/default.target to /home/builder/build/pkg/systemd/usr/lib/systemd/user
Installing /home/builder/build/src/systemd-261.2/units/user/exit.target to /home/builder/build/pkg/systemd/usr/lib/systemd/user
Installing /home/builder/build/src/systemd-261.2/units/user/graphical-session-pre.target to /home/builder/build/pkg/systemd/usr/lib/systemd/user
Installing /home/builder/build/src/systemd-261.2/units/user/graphical-session.target to /home/builder/build/pkg/systemd/usr/lib/systemd/user
Installing /home/builder/build/src/systemd-261.2/units/user/machine.slice to /home/builder/build/pkg/systemd/usr/lib/systemd/user
Installing /home/builder/build/src/systemd-261.2/units/user/machines.target to /home/builder/build/pkg/systemd/usr/lib/systemd/user
Installing /home/builder/build/src/systemd-261.2/units/user/systemd-machined.socket to /home/builder/build/pkg/systemd/usr/lib/systemd/user
Installing /home/builder/build/src/systemd-261.2/units/user/systemd-importd.socket to /home/builder/build/pkg/systemd/usr/lib/systemd/user
Installing /home/builder/build/src/systemd-261.2/units/user/paths.target to /home/builder/build/pkg/systemd/usr/lib/systemd/user
Installing /home/builder/build/src/systemd-261.2/units/user/printer.target to /home/builder/build/pkg/systemd/usr/lib/systemd/user
Installing /home/builder/build/src/systemd-261.2/units/user/session.slice to /home/builder/build/pkg/systemd/usr/lib/systemd/user
Installing /home/builder/build/src/systemd-261.2/units/user/shutdown.target to /home/builder/build/pkg/systemd/usr/lib/systemd/user
Installing /home/builder/build/src/systemd-261.2/units/user/smartcard.target to /home/builder/build/pkg/systemd/usr/lib/systemd/user
Installing /home/builder/build/src/systemd-261.2/units/user/sockets.target to /home/builder/build/pkg/systemd/usr/lib/systemd/user
Installing /home/builder/build/src/systemd-261.2/units/user/sound.target to /home/builder/build/pkg/systemd/usr/lib/systemd/user
Installing /home/builder/build/src/systemd-261.2/units/user/systemd-ask-password.socket to /home/builder/build/pkg/systemd/usr/lib/systemd/user
Installing /home/builder/build/src/systemd-261.2/units/user/systemd-ask-password@.service to /home/builder/build/pkg/systemd/usr/lib/systemd/user
Installing /home/builder/build/src/systemd-261.2/units/user/systemd-exit.service to /home/builder/build/pkg/systemd/usr/lib/systemd/user
Installing /home/builder/build/src/systemd-261.2/units/user/systemd-journalctl@.service to /home/builder/build/pkg/systemd/usr/lib/systemd/user
Installing /home/builder/build/src/systemd-261.2/units/user/systemd-journalctl.socket to /home/builder/build/pkg/systemd/usr/lib/systemd/user
Installing /home/builder/build/src/systemd-261.2/units/user/systemd-storage-fs.socket to /home/builder/build/pkg/systemd/usr/lib/systemd/user
Installing /home/builder/build/src/systemd-261.2/units/user/systemd-tmpfiles-clean.service to /home/builder/build/pkg/systemd/usr/lib/systemd/user
Installing /home/builder/build/src/systemd-261.2/units/user/systemd-tmpfiles-clean.timer to /home/builder/build/pkg/systemd/usr/lib/systemd/user
Installing /home/builder/build/src/systemd-261.2/units/user/systemd-tmpfiles-setup.service to /home/builder/build/pkg/systemd/usr/lib/systemd/user
Installing /home/builder/build/src/systemd-261.2/units/user/timers.target to /home/builder/build/pkg/systemd/usr/lib/systemd/user
Installing /home/builder/build/src/systemd-261.2/units/user/xdg-desktop-autostart.target to /home/builder/build/pkg/systemd/usr/lib/systemd/user
Installing /home/builder/build/src/systemd-261.2/factory/templates/nsswitch.conf to /home/builder/build/pkg/systemd/usr/share/factory/etc
Installing /home/builder/build/src/systemd-261.2/xorg/50-systemd-user.sh to /home/builder/build/pkg/systemd/etc/X11/xinit/xinitrc.d
Installing /home/builder/build/src/systemd-261.2/LICENSE.GPL2 to /home/builder/build/pkg/systemd/usr/share/doc/systemd-261.2
Installing /home/builder/build/src/systemd-261.2/LICENSE.LGPL2.1 to /home/builder/build/pkg/systemd/usr/share/doc/systemd-261.2
Installing /home/builder/build/src/systemd-261.2/NEWS to /home/builder/build/pkg/systemd/usr/share/doc/systemd-261.2
Installing /home/builder/build/src/systemd-261.2/README to /home/builder/build/pkg/systemd/usr/share/doc/systemd-261.2
Installing /home/builder/build/src/systemd-261.2/docs/ENVIRONMENT.md to /home/builder/build/pkg/systemd/usr/share/doc/systemd-261.2
Installing /home/builder/build/src/systemd-261.2/docs/TRANSIENT-SETTINGS.md to /home/builder/build/pkg/systemd/usr/share/doc/systemd-261.2
Installing /home/builder/build/src/systemd-261.2/docs/UIDS-GIDS.md to /home/builder/build/pkg/systemd/usr/share/doc/systemd-261.2
Installing symlink pointing to libsystemd.so.0.44.0 to /home/builder/build/pkg/systemd/usr/lib/libsystemd.so.0
Installing symlink pointing to libsystemd.so.0 to /home/builder/build/pkg/systemd/usr/lib/libsystemd.so
Installing symlink pointing to libudev.so.1.7.14 to /home/builder/build/pkg/systemd/usr/lib/libudev.so.1
Installing symlink pointing to libudev.so.1 to /home/builder/build/pkg/systemd/usr/lib/libudev.so
Installing symlink pointing to libnss_myhostname.so.2 to /home/builder/build/pkg/systemd/usr/lib/libnss_myhostname.so
Installing symlink pointing to libnss_mymachines.so.2 to /home/builder/build/pkg/systemd/usr/lib/libnss_mymachines.so
Installing symlink pointing to libnss_resolve.so.2 to /home/builder/build/pkg/systemd/usr/lib/libnss_resolve.so
Installing symlink pointing to libnss_systemd.so.2 to /home/builder/build/pkg/systemd/usr/lib/libnss_systemd.so
Installing symlink pointing to ../../systemd/user to /home/builder/build/pkg/systemd/etc/xdg/systemd/user
Installing symlink pointing to ../lib/systemd/systemd to /home/builder/build/pkg/systemd/usr/bin/init
Installing symlink pointing to ../../bin/udevadm to /home/builder/build/pkg/systemd/usr/lib/systemd/systemd-udevd
Installing symlink pointing to ../../bin/systemd-cryptsetup to /home/builder/build/pkg/systemd/usr/lib/systemd/systemd-cryptsetup
Installing symlink pointing to systemd-dissect to /home/builder/build/pkg/systemd/usr/bin/mount.ddi
Installing symlink pointing to system-generators/systemd-fstab-generator to /home/builder/build/pkg/systemd/usr/lib/systemd/systemd-sysroot-fstab-check
Installing symlink pointing to registry.docker.io.oci-registry to /home/builder/build/pkg/systemd/usr/lib/systemd/oci-registry/default.oci-registry
Installing symlink pointing to registry.docker.io.oci-registry to /home/builder/build/pkg/systemd/usr/lib/systemd/oci-registry/image.alpine.oci-registry
Installing symlink pointing to registry.docker.io.oci-registry to /home/builder/build/pkg/systemd/usr/lib/systemd/oci-registry/image.archlinux.oci-registry
Installing symlink pointing to registry.docker.io.oci-registry to /home/builder/build/pkg/systemd/usr/lib/systemd/oci-registry/image.debian.oci-registry
Installing symlink pointing to registry.fedora.oci-registry to /home/builder/build/pkg/systemd/usr/lib/systemd/oci-registry/image.fedora-minimal.oci-registry
Installing symlink pointing to registry.fedora.oci-registry to /home/builder/build/pkg/systemd/usr/lib/systemd/oci-registry/image.fedora.oci-registry
Installing symlink pointing to registry.docker.io.oci-registry to /home/builder/build/pkg/systemd/usr/lib/systemd/oci-registry/image.ubuntu.oci-registry
Installing symlink pointing to systemd-mount to /home/builder/build/pkg/systemd/usr/bin/systemd-umount
Installing symlink pointing to systemd-mstack to /home/builder/build/pkg/systemd/usr/bin/mount.mstack
Installing symlink pointing to resolvectl to /home/builder/build/pkg/systemd/usr/bin/resolvconf
Installing symlink pointing to resolvectl to /home/builder/build/pkg/systemd/usr/bin/systemd-resolve
Installing symlink pointing to systemd-run to /home/builder/build/pkg/systemd/usr/bin/run0
Installing symlink pointing to ../../../usr/lib/systemd/ssh_config.d/20-systemd-ssh-proxy.conf to /home/builder/build/pkg/systemd/etc/ssh/ssh_config.d/20-systemd-ssh-proxy.conf
Installing symlink pointing to storagectl to /home/builder/build/pkg/systemd/usr/bin/mount.storage
Installing symlink pointing to systemd-sysext to /home/builder/build/pkg/systemd/usr/bin/systemd-confext
Installing symlink pointing to systemctl to /home/builder/build/pkg/systemd/usr/bin/halt
Installing symlink pointing to systemctl to /home/builder/build/pkg/systemd/usr/bin/poweroff
Installing symlink pointing to systemctl to /home/builder/build/pkg/systemd/usr/bin/reboot
Installing symlink pointing to systemctl to /home/builder/build/pkg/systemd/usr/bin/shutdown
Installing symlink pointing to ../../../usr/lib/systemd/sshd_config.d/20-systemd-userdb.conf to /home/builder/build/pkg/systemd/etc/ssh/sshd_config.d/20-systemd-userdb.conf
Installing symlink pointing to ../../bin/ukify to /home/builder/build/pkg/systemd/usr/lib/systemd/ukify
Installing symlink pointing to ../../usr/lib/systemd/profile.d/70-systemd-shell-extra.sh to /home/builder/build/pkg/systemd/etc/profile.d/70-systemd-shell-extra.sh
Installing symlink pointing to ../../usr/lib/systemd/profile.d/80-systemd-osc-context.sh to /home/builder/build/pkg/systemd/etc/profile.d/80-systemd-osc-context.sh
Installing symlink pointing to ../cryptsetup.target to /home/builder/build/pkg/systemd/usr/lib/systemd/system/sysinit.target.wants/cryptsetup.target
Installing symlink pointing to ../dev-hugepages.mount to /home/builder/build/pkg/systemd/usr/lib/systemd/system/sysinit.target.wants/dev-hugepages.mount
Installing symlink pointing to ../dev-mqueue.mount to /home/builder/build/pkg/systemd/usr/lib/systemd/system/sysinit.target.wants/dev-mqueue.mount
Installing symlink pointing to ../getty.target to /home/builder/build/pkg/systemd/usr/lib/systemd/system/multi-user.target.wants/getty.target
Installing symlink pointing to graphical.target to /home/builder/build/pkg/systemd/usr/lib/systemd/system/default.target
Installing symlink pointing to graphical.target to /home/builder/build/pkg/systemd/usr/lib/systemd/system/runlevel5.target
Installing symlink pointing to ../systemd-battery-check.service to /home/builder/build/pkg/systemd/usr/lib/systemd/system/initrd.target.wants/systemd-battery-check.service
Installing symlink pointing to ../integritysetup.target to /home/builder/build/pkg/systemd/usr/lib/systemd/system/sysinit.target.wants/integritysetup.target
Installing symlink pointing to ../kmod-static-nodes.service to /home/builder/build/pkg/systemd/usr/lib/systemd/system/sysinit.target.wants/kmod-static-nodes.service
Installing symlink pointing to multi-user.target to /home/builder/build/pkg/systemd/usr/lib/systemd/system/runlevel2.target
Installing symlink pointing to multi-user.target to /home/builder/build/pkg/systemd/usr/lib/systemd/system/runlevel3.target
Installing symlink pointing to multi-user.target to /home/builder/build/pkg/systemd/usr/lib/systemd/system/runlevel4.target
Installing symlink pointing to ../systemd-mute-console.socket to /home/builder/build/pkg/systemd/usr/lib/systemd/system/sockets.target.wants/systemd-mute-console.socket
Installing symlink pointing to poweroff.target to /home/builder/build/pkg/systemd/usr/lib/systemd/system/runlevel0.target
Installing symlink pointing to ../proc-sys-fs-binfmt_misc.automount to /home/builder/build/pkg/systemd/usr/lib/systemd/system/sysinit.target.wants/proc-sys-fs-binfmt_misc.automount
Installing symlink pointing to reboot.target to /home/builder/build/pkg/systemd/usr/lib/systemd/system/ctrl-alt-del.target
Installing symlink pointing to reboot.target to /home/builder/build/pkg/systemd/usr/lib/systemd/system/runlevel6.target
Installing symlink pointing to ../remote-cryptsetup.target to /home/builder/build/pkg/systemd/usr/lib/systemd/system/initrd-root-device.target.wants/remote-cryptsetup.target
Installing symlink pointing to ../remote-integritysetup.target to /home/builder/build/pkg/systemd/usr/lib/systemd/system/initrd-root-device.target.wants/remote-integritysetup.target
Installing symlink pointing to ../remote-veritysetup.target to /home/builder/build/pkg/systemd/usr/lib/systemd/system/initrd-root-device.target.wants/remote-veritysetup.target
Installing symlink pointing to rescue.target to /home/builder/build/pkg/systemd/usr/lib/systemd/system/runlevel1.target
Installing symlink pointing to ../sys-fs-fuse-connections.mount to /home/builder/build/pkg/systemd/usr/lib/systemd/system/sysinit.target.wants/sys-fs-fuse-connections.mount
Installing symlink pointing to ../sys-kernel-config.mount to /home/builder/build/pkg/systemd/usr/lib/systemd/system/sysinit.target.wants/sys-kernel-config.mount
Installing symlink pointing to ../sys-kernel-debug.mount to /home/builder/build/pkg/systemd/usr/lib/systemd/system/sysinit.target.wants/sys-kernel-debug.mount
Installing symlink pointing to ../sys-kernel-tracing.mount to /home/builder/build/pkg/systemd/usr/lib/systemd/system/sysinit.target.wants/sys-kernel-tracing.mount
Installing symlink pointing to ../systemd-ask-password.socket to /home/builder/build/pkg/systemd/usr/lib/systemd/system/sockets.target.wants/systemd-ask-password.socket
Installing symlink pointing to ../systemd-ask-password-console.path to /home/builder/build/pkg/systemd/usr/lib/systemd/system/sysinit.target.wants/systemd-ask-password-console.path
Installing symlink pointing to ../systemd-ask-password-wall.path to /home/builder/build/pkg/systemd/usr/lib/systemd/system/multi-user.target.wants/systemd-ask-password-wall.path
Installing symlink pointing to ../systemd-binfmt.service to /home/builder/build/pkg/systemd/usr/lib/systemd/system/sysinit.target.wants/systemd-binfmt.service
Installing symlink pointing to ../systemd-boot-random-seed.service to /home/builder/build/pkg/systemd/usr/lib/systemd/system/sysinit.target.wants/systemd-boot-random-seed.service
Installing symlink pointing to ../systemd-bootctl.socket to /home/builder/build/pkg/systemd/usr/lib/systemd/system/sockets.target.wants/systemd-bootctl.socket
Installing symlink pointing to ../systemd-confext-initrd.service to /home/builder/build/pkg/systemd/usr/lib/systemd/system/initrd.target.wants/systemd-confext-initrd.service
Installing symlink pointing to ../systemd-coredump.socket to /home/builder/build/pkg/systemd/usr/lib/systemd/system/sockets.target.wants/systemd-coredump.socket
Installing symlink pointing to ../systemd-coredump.socket to /home/builder/build/pkg/systemd/usr/lib/systemd/system/system-update-pre.target.wants/systemd-coredump.socket
Installing symlink pointing to ../systemd-creds.socket to /home/builder/build/pkg/systemd/usr/lib/systemd/system/sockets.target.wants/systemd-creds.socket
Installing symlink pointing to ../systemd-factory-reset.socket to /home/builder/build/pkg/systemd/usr/lib/systemd/system/sockets.target.wants/systemd-factory-reset.socket
Installing symlink pointing to ../systemd-factory-reset-request.service to /home/builder/build/pkg/systemd/usr/lib/systemd/system/factory-reset.target.wants/systemd-factory-reset-request.service
Installing symlink pointing to ../systemd-hibernate-clear.service to /home/builder/build/pkg/systemd/usr/lib/systemd/system/sysinit.target.wants/systemd-hibernate-clear.service
Installing symlink pointing to systemd-hostnamed.service to /home/builder/build/pkg/systemd/usr/lib/systemd/system/dbus-org.freedesktop.hostname1.service
Installing symlink pointing to ../systemd-hostnamed.socket to /home/builder/build/pkg/systemd/usr/lib/systemd/system/sockets.target.wants/systemd-hostnamed.socket
Installing symlink pointing to ../systemd-hwdb-update.service to /home/builder/build/pkg/systemd/usr/lib/systemd/system/sysinit.target.wants/systemd-hwdb-update.service
Installing symlink pointing to systemd-importd.service to /home/builder/build/pkg/systemd/usr/lib/systemd/system/dbus-org.freedesktop.import1.service
Installing symlink pointing to ../systemd-importd.socket to /home/builder/build/pkg/systemd/usr/lib/systemd/system/sockets.target.wants/systemd-importd.socket
Installing symlink pointing to ../imports.target to /home/builder/build/pkg/systemd/usr/lib/systemd/system/sysinit.target.wants/imports.target
Installing symlink pointing to ../systemd-journal-catalog-update.service to /home/builder/build/pkg/systemd/usr/lib/systemd/system/sysinit.target.wants/systemd-journal-catalog-update.service
Installing symlink pointing to ../systemd-journal-flush.service to /home/builder/build/pkg/systemd/usr/lib/systemd/system/sysinit.target.wants/systemd-journal-flush.service
Installing symlink pointing to ../systemd-journalctl.socket to /home/builder/build/pkg/systemd/usr/lib/systemd/system/sockets.target.wants/systemd-journalctl.socket
Installing symlink pointing to ../systemd-journald-dev-log.socket to /home/builder/build/pkg/systemd/usr/lib/systemd/system/sockets.target.wants/systemd-journald-dev-log.socket
Installing symlink pointing to ../systemd-journald.service to /home/builder/build/pkg/systemd/usr/lib/systemd/system/sysinit.target.wants/systemd-journald.service
Installing symlink pointing to ../systemd-journald.socket to /home/builder/build/pkg/systemd/usr/lib/systemd/system/sockets.target.wants/systemd-journald.socket
Installing symlink pointing to systemd-localed.service to /home/builder/build/pkg/systemd/usr/lib/systemd/system/dbus-org.freedesktop.locale1.service
Installing symlink pointing to ../systemd-logind-varlink.socket to /home/builder/build/pkg/systemd/usr/lib/systemd/system/sockets.target.wants/systemd-logind-varlink.socket
Installing symlink pointing to ../systemd-logind.service to /home/builder/build/pkg/systemd/usr/lib/systemd/system/multi-user.target.wants/systemd-logind.service
Installing symlink pointing to systemd-logind.service to /home/builder/build/pkg/systemd/usr/lib/systemd/system/dbus-org.freedesktop.login1.service
Installing symlink pointing to ../systemd-machine-id-commit.service to /home/builder/build/pkg/systemd/usr/lib/systemd/system/sysinit.target.wants/systemd-machine-id-commit.service
Installing symlink pointing to systemd-machined.service to /home/builder/build/pkg/systemd/usr/lib/systemd/system/dbus-org.freedesktop.machine1.service
Installing symlink pointing to ../systemd-machined.socket to /home/builder/build/pkg/systemd/usr/lib/systemd/system/sockets.target.wants/systemd-machined.socket
Installing symlink pointing to ../systemd-modules-load.service to /home/builder/build/pkg/systemd/usr/lib/systemd/system/sysinit.target.wants/systemd-modules-load.service
Installing symlink pointing to ../systemd-pcrextend.socket to /home/builder/build/pkg/systemd/usr/lib/systemd/system/sockets.target.wants/systemd-pcrextend.socket
Installing symlink pointing to ../systemd-pcrmachine.service to /home/builder/build/pkg/systemd/usr/lib/systemd/system/sysinit.target.wants/systemd-pcrmachine.service
Installing symlink pointing to ../systemd-pcrosseparator.service to /home/builder/build/pkg/systemd/usr/lib/systemd/system/sysinit.target.wants/systemd-pcrosseparator.service
Installing symlink pointing to ../systemd-pcrphase-factory-reset.service to /home/builder/build/pkg/systemd/usr/lib/systemd/system/factory-reset.target.wants/systemd-pcrphase-factory-reset.service
Installing symlink pointing to ../systemd-pcrproduct.service to /home/builder/build/pkg/systemd/usr/lib/systemd/system/sysinit.target.wants/systemd-pcrproduct.service
Installing symlink pointing to ../systemd-pcrphase-initrd.service to /home/builder/build/pkg/systemd/usr/lib/systemd/system/initrd.target.wants/systemd-pcrphase-initrd.service
Installing symlink pointing to ../systemd-pcrphase-sysinit.service to /home/builder/build/pkg/systemd/usr/lib/systemd/system/sysinit.target.wants/systemd-pcrphase-sysinit.service
Installing symlink pointing to ../systemd-pcrphase-storage-target-mode.service to /home/builder/build/pkg/systemd/usr/lib/systemd/system/storage-target-mode.target.wants/systemd-pcrphase-storage-target-mode.service
Installing symlink pointing to ../systemd-pcrphase.service to /home/builder/build/pkg/systemd/usr/lib/systemd/system/sysinit.target.wants/systemd-pcrphase.service
Installing symlink pointing to ../systemd-pcrnvdone.service to /home/builder/build/pkg/systemd/usr/lib/systemd/system/sysinit.target.wants/systemd-pcrnvdone.service
Installing symlink pointing to ../systemd-tpm2-setup.service to /home/builder/build/pkg/systemd/usr/lib/systemd/system/sysinit.target.wants/systemd-tpm2-setup.service
Installing symlink pointing to ../systemd-tpm2-setup-early.service to /home/builder/build/pkg/systemd/usr/lib/systemd/system/sysinit.target.wants/systemd-tpm2-setup-early.service
Installing symlink pointing to ../systemd-pcrlock.socket to /home/builder/build/pkg/systemd/usr/lib/systemd/system/sockets.target.wants/systemd-pcrlock.socket
Installing symlink pointing to systemd-portabled.service to /home/builder/build/pkg/systemd/usr/lib/systemd/system/dbus-org.freedesktop.portable1.service
Installing symlink pointing to ../systemd-random-seed.service to /home/builder/build/pkg/systemd/usr/lib/systemd/system/sysinit.target.wants/systemd-random-seed.service
Installing symlink pointing to ../systemd-repart.service to /home/builder/build/pkg/systemd/usr/lib/systemd/system/sysinit.target.wants/systemd-repart.service
Installing symlink pointing to ../systemd-repart.service to /home/builder/build/pkg/systemd/usr/lib/systemd/system/initrd-root-fs.target.wants/systemd-repart.service
Installing symlink pointing to ../systemd-repart.socket to /home/builder/build/pkg/systemd/usr/lib/systemd/system/sockets.target.wants/systemd-repart.socket
Installing symlink pointing to ../systemd-sysctl.service to /home/builder/build/pkg/systemd/usr/lib/systemd/system/sysinit.target.wants/systemd-sysctl.service
Installing symlink pointing to ../systemd-sysext-initrd.service to /home/builder/build/pkg/systemd/usr/lib/systemd/system/initrd.target.wants/systemd-sysext-initrd.service
Installing symlink pointing to ../systemd-sysext.socket to /home/builder/build/pkg/systemd/usr/lib/systemd/system/sockets.target.wants/systemd-sysext.socket
Installing symlink pointing to ../systemd-sysinstall.service to /home/builder/build/pkg/systemd/usr/lib/systemd/system/system-install.target.wants/systemd-sysinstall.service
Installing symlink pointing to ../systemd-sysusers.service to /home/builder/build/pkg/systemd/usr/lib/systemd/system/sysinit.target.wants/systemd-sysusers.service
Installing symlink pointing to ../systemd-storage-block.socket to /home/builder/build/pkg/systemd/usr/lib/systemd/system/sockets.target.wants/systemd-storage-block.socket
Installing symlink pointing to ../systemd-storage-fs.socket to /home/builder/build/pkg/systemd/usr/lib/systemd/system/sockets.target.wants/systemd-storage-fs.socket
Installing symlink pointing to systemd-timedated.service to /home/builder/build/pkg/systemd/usr/lib/systemd/system/dbus-org.freedesktop.timedate1.service
Installing symlink pointing to ../systemd-tmpfiles-clean.timer to /home/builder/build/pkg/systemd/usr/lib/systemd/system/timers.target.wants/systemd-tmpfiles-clean.timer
Installing symlink pointing to ../systemd-tmpfiles-setup-dev-early.service to /home/builder/build/pkg/systemd/usr/lib/systemd/system/sysinit.target.wants/systemd-tmpfiles-setup-dev-early.service
Installing symlink pointing to ../systemd-tmpfiles-setup-dev.service to /home/builder/build/pkg/systemd/usr/lib/systemd/system/sysinit.target.wants/systemd-tmpfiles-setup-dev.service
Installing symlink pointing to ../systemd-tmpfiles-setup.service to /home/builder/build/pkg/systemd/usr/lib/systemd/system/sysinit.target.wants/systemd-tmpfiles-setup.service
Installing symlink pointing to ../systemd-udev-trigger.service to /home/builder/build/pkg/systemd/usr/lib/systemd/system/sysinit.target.wants/systemd-udev-trigger.service
Installing symlink pointing to ../systemd-udevd-control.socket to /home/builder/build/pkg/systemd/usr/lib/systemd/system/sockets.target.wants/systemd-udevd-control.socket
Installing symlink pointing to ../systemd-udevd-kernel.socket to /home/builder/build/pkg/systemd/usr/lib/systemd/system/sockets.target.wants/systemd-udevd-kernel.socket
Installing symlink pointing to ../systemd-udevd-varlink.socket to /home/builder/build/pkg/systemd/usr/lib/systemd/system/sockets.target.wants/systemd-udevd-varlink.socket
Installing symlink pointing to ../systemd-udevd.service to /home/builder/build/pkg/systemd/usr/lib/systemd/system/sysinit.target.wants/systemd-udevd.service
Installing symlink pointing to ../systemd-update-done.service to /home/builder/build/pkg/systemd/usr/lib/systemd/system/sysinit.target.wants/systemd-update-done.service
Installing symlink pointing to ../systemd-update-utmp.service to /home/builder/build/pkg/systemd/usr/lib/systemd/system/sysinit.target.wants/systemd-update-utmp.service
Installing symlink pointing to ../systemd-user-sessions.service to /home/builder/build/pkg/systemd/usr/lib/systemd/system/multi-user.target.wants/systemd-user-sessions.service
Installing symlink pointing to ../tmp.mount to /home/builder/build/pkg/systemd/usr/lib/systemd/system/local-fs.target.wants/tmp.mount
Installing symlink pointing to ../var-lib-machines.mount to /home/builder/build/pkg/systemd/usr/lib/systemd/system/remote-fs.target.wants/var-lib-machines.mount
Installing symlink pointing to ../var-lib-machines.mount to /home/builder/build/pkg/systemd/usr/lib/systemd/system/machines.target.wants/var-lib-machines.mount
Installing symlink pointing to ../veritysetup.target to /home/builder/build/pkg/systemd/usr/lib/systemd/system/sysinit.target.wants/veritysetup.target
Installing symlink pointing to ../system-services/org.freedesktop.systemd1.service to /home/builder/build/pkg/systemd/usr/share/dbus-1/services/org.freedesktop.systemd1.service
Installing symlink pointing to systemd-machined.service to /home/builder/build/pkg/systemd/usr/lib/systemd/user/dbus-org.freedesktop.machine1.service
Installing symlink pointing to ../systemd-machined.socket to /home/builder/build/pkg/systemd/usr/lib/systemd/user/sockets.target.wants/systemd-machined.socket
Installing symlink pointing to systemd-importd.service to /home/builder/build/pkg/systemd/usr/lib/systemd/user/dbus-org.freedesktop.import1.service
Installing symlink pointing to ../systemd-importd.socket to /home/builder/build/pkg/systemd/usr/lib/systemd/user/sockets.target.wants/systemd-importd.socket
Installing symlink pointing to systemd-portabled.service to /home/builder/build/pkg/systemd/usr/lib/systemd/user/dbus-org.freedesktop.portable1.service
Installing symlink pointing to ../systemd-ask-password.socket to /home/builder/build/pkg/systemd/usr/lib/systemd/user/sockets.target.wants/systemd-ask-password.socket
Installing symlink pointing to ../systemd-journalctl.socket to /home/builder/build/pkg/systemd/usr/lib/systemd/user/sockets.target.wants/systemd-journalctl.socket
Installing symlink pointing to ../systemd-storage-fs.socket to /home/builder/build/pkg/systemd/usr/lib/systemd/user/sockets.target.wants/systemd-storage-fs.socket
Running custom install script '/usr/sbin/sh -c test -n "$DESTDIR" || /usr/bin/journalctl --update-catalog'
Running custom install script '/usr/sbin/sh -c /usr/sbin/ln -frsT -- "${DESTDIR:-}/etc/environment" "${DESTDIR:-}/usr/lib/environment.d/99-environment.conf"'
Running custom install script '/usr/sbin/sh -c setfacl -nm g:adm:rx,d:g:adm:rx $DESTDIR/var/log/journal || :'
Running custom install script '/usr/sbin/sh -c setfacl -nm g:wheel:rx,d:g:wheel:rx $DESTDIR/var/log/journal || :'
Running custom install script '/usr/sbin/sh -c rm -f $DESTDIR/usr/lib/libnss_myhostname.so'
Running custom install script '/usr/sbin/sh -c rm -f $DESTDIR/usr/lib/libnss_mymachines.so'
Running custom install script '/usr/sbin/sh -c rm -f $DESTDIR/usr/lib/libnss_resolve.so'
Running custom install script '/usr/sbin/sh -c rm -f $DESTDIR/usr/lib/libnss_systemd.so'
Running custom install script '/usr/sbin/sh -c test -n "$DESTDIR" || /usr/bin/systemd-hwdb update'
==> Tidying install...
  -> Removing libtool files...
  -> Removing static library files...
  -> Purging unwanted files...
  -> Stripping unneeded symbols from binaries and libraries...
==> Checking for packaging issues...
==> Creating package "systemd"...
  -> Generating .PKGINFO file...
warning: Public keyring not found; have you run 'pacman-key --init'?
error: kashira-v3: key "E4DF524F75FE51DD5FB0C7BA1925D86CD662878E" is unknown
error: keyring is not writable
warning: base: unknown key '%INSTALLED_DB%' in local database
warning: base-devel: unknown key '%INSTALLED_DB%' in local database
warning: Public keyring not found; have you run 'pacman-key --init'?
error: kashira-v3: key "E4DF524F75FE51DD5FB0C7BA1925D86CD662878E" is unknown
error: keyring is not writable
warning: base: unknown key '%INSTALLED_DB%' in local database
warning: base-devel: unknown key '%INSTALLED_DB%' in local database
warning: Public keyring not found; have you run 'pacman-key --init'?
error: kashira-v3: key "E4DF524F75FE51DD5FB0C7BA1925D86CD662878E" is unknown
error: keyring is not writable
warning: base: unknown key '%INSTALLED_DB%' in local database
warning: base-devel: unknown key '%INSTALLED_DB%' in local database
warning: Public keyring not found; have you run 'pacman-key --init'?
error: kashira-v3: key "E4DF524F75FE51DD5FB0C7BA1925D86CD662878E" is unknown
error: keyring is not writable
warning: base: unknown key '%INSTALLED_DB%' in local database
warning: base-devel: unknown key '%INSTALLED_DB%' in local database
warning: Public keyring not found; have you run 'pacman-key --init'?
error: kashira-v3: key "E4DF524F75FE51DD5FB0C7BA1925D86CD662878E" is unknown
error: keyring is not writable
warning: base: unknown key '%INSTALLED_DB%' in local database
warning: base-devel: unknown key '%INSTALLED_DB%' in local database
warning: Public keyring not found; have you run 'pacman-key --init'?
error: kashira-v3: key "E4DF524F75FE51DD5FB0C7BA1925D86CD662878E" is unknown
error: keyring is not writable
warning: base: unknown key '%INSTALLED_DB%' in local database
warning: base-devel: unknown key '%INSTALLED_DB%' in local database
warning: Public keyring not found; have you run 'pacman-key --init'?
error: kashira-v3: key "E4DF524F75FE51DD5FB0C7BA1925D86CD662878E" is unknown
error: keyring is not writable
warning: base: unknown key '%INSTALLED_DB%' in local database
warning: base-devel: unknown key '%INSTALLED_DB%' in local database
warning: Public keyring not found; have you run 'pacman-key --init'?
error: kashira-v3: key "E4DF524F75FE51DD5FB0C7BA1925D86CD662878E" is unknown
error: keyring is not writable
warning: base: unknown key '%INSTALLED_DB%' in local database
warning: base-devel: unknown key '%INSTALLED_DB%' in local database
warning: Public keyring not found; have you run 'pacman-key --init'?
error: kashira-v3: key "E4DF524F75FE51DD5FB0C7BA1925D86CD662878E" is unknown
error: keyring is not writable
warning: base: unknown key '%INSTALLED_DB%' in local database
warning: base-devel: unknown key '%INSTALLED_DB%' in local database
warning: Public keyring not found; have you run 'pacman-key --init'?
error: kashira-v3: key "E4DF524F75FE51DD5FB0C7BA1925D86CD662878E" is unknown
error: keyring is not writable
warning: base: unknown key '%INSTALLED_DB%' in local database
warning: base-devel: unknown key '%INSTALLED_DB%' in local database
warning: Public keyring not found; have you run 'pacman-key --init'?
error: kashira-v3: key "E4DF524F75FE51DD5FB0C7BA1925D86CD662878E" is unknown
error: keyring is not writable
warning: base: unknown key '%INSTALLED_DB%' in local database
warning: base-devel: unknown key '%INSTALLED_DB%' in local database
warning: Public keyring not found; have you run 'pacman-key --init'?
error: kashira-v3: key "E4DF524F75FE51DD5FB0C7BA1925D86CD662878E" is unknown
error: keyring is not writable
warning: base: unknown key '%INSTALLED_DB%' in local database
warning: base-devel: unknown key '%INSTALLED_DB%' in local database
warning: Public keyring not found; have you run 'pacman-key --init'?
error: kashira-v3: key "E4DF524F75FE51DD5FB0C7BA1925D86CD662878E" is unknown
error: keyring is not writable
warning: base: unknown key '%INSTALLED_DB%' in local database
warning: base-devel: unknown key '%INSTALLED_DB%' in local database
warning: Public keyring not found; have you run 'pacman-key --init'?
error: kashira-v3: key "E4DF524F75FE51DD5FB0C7BA1925D86CD662878E" is unknown
error: keyring is not writable
warning: base: unknown key '%INSTALLED_DB%' in local database
warning: base-devel: unknown key '%INSTALLED_DB%' in local database
warning: Public keyring not found; have you run 'pacman-key --init'?
error: kashira-v3: key "E4DF524F75FE51DD5FB0C7BA1925D86CD662878E" is unknown
error: keyring is not writable
warning: base: unknown key '%INSTALLED_DB%' in local database
warning: base-devel: unknown key '%INSTALLED_DB%' in local database
warning: Public keyring not found; have you run 'pacman-key --init'?
error: kashira-v3: key "E4DF524F75FE51DD5FB0C7BA1925D86CD662878E" is unknown
error: keyring is not writable
warning: base: unknown key '%INSTALLED_DB%' in local database
warning: base-devel: unknown key '%INSTALLED_DB%' in local database
warning: Public keyring not found; have you run 'pacman-key --init'?
error: kashira-v3: key "E4DF524F75FE51DD5FB0C7BA1925D86CD662878E" is unknown
error: keyring is not writable
warning: base: unknown key '%INSTALLED_DB%' in local database
warning: base-devel: unknown key '%INSTALLED_DB%' in local database
warning: Public keyring not found; have you run 'pacman-key --init'?
error: kashira-v3: key "E4DF524F75FE51DD5FB0C7BA1925D86CD662878E" is unknown
error: keyring is not writable
warning: base: unknown key '%INSTALLED_DB%' in local database
warning: base-devel: unknown key '%INSTALLED_DB%' in local database
warning: Public keyring not found; have you run 'pacman-key --init'?
error: kashira-v3: key "E4DF524F75FE51DD5FB0C7BA1925D86CD662878E" is unknown
error: keyring is not writable
warning: base: unknown key '%INSTALLED_DB%' in local database
warning: base-devel: unknown key '%INSTALLED_DB%' in local database
warning: Public keyring not found; have you run 'pacman-key --init'?
error: kashira-v3: key "E4DF524F75FE51DD5FB0C7BA1925D86CD662878E" is unknown
error: keyring is not writable
warning: base: unknown key '%INSTALLED_DB%' in local database
warning: base-devel: unknown key '%INSTALLED_DB%' in local database
warning: Public keyring not found; have you run 'pacman-key --init'?
error: kashira-v3: key "E4DF524F75FE51DD5FB0C7BA1925D86CD662878E" is unknown
error: keyring is not writable
warning: base: unknown key '%INSTALLED_DB%' in local database
warning: base-devel: unknown key '%INSTALLED_DB%' in local database
warning: Public keyring not found; have you run 'pacman-key --init'?
error: kashira-v3: key "E4DF524F75FE51DD5FB0C7BA1925D86CD662878E" is unknown
error: keyring is not writable
warning: base: unknown key '%INSTALLED_DB%' in local database
warning: base-devel: unknown key '%INSTALLED_DB%' in local database
warning: Public keyring not found; have you run 'pacman-key --init'?
error: kashira-v3: key "E4DF524F75FE51DD5FB0C7BA1925D86CD662878E" is unknown
error: keyring is not writable
warning: base: unknown key '%INSTALLED_DB%' in local database
warning: base-devel: unknown key '%INSTALLED_DB%' in local database
warning: Public keyring not found; have you run 'pacman-key --init'?
error: kashira-v3: key "E4DF524F75FE51DD5FB0C7BA1925D86CD662878E" is unknown
error: keyring is not writable
warning: base: unknown key '%INSTALLED_DB%' in local database
warning: base-devel: unknown key '%INSTALLED_DB%' in local database
warning: Public keyring not found; have you run 'pacman-key --init'?
error: kashira-v3: key "E4DF524F75FE51DD5FB0C7BA1925D86CD662878E" is unknown
error: keyring is not writable
warning: base: unknown key '%INSTALLED_DB%' in local database
warning: base-devel: unknown key '%INSTALLED_DB%' in local database
warning: Public keyring not found; have you run 'pacman-key --init'?
error: kashira-v3: key "E4DF524F75FE51DD5FB0C7BA1925D86CD662878E" is unknown
error: keyring is not writable
warning: base: unknown key '%INSTALLED_DB%' in local database
warning: base-devel: unknown key '%INSTALLED_DB%' in local database
warning: Public keyring not found; have you run 'pacman-key --init'?
error: kashira-v3: key "E4DF524F75FE51DD5FB0C7BA1925D86CD662878E" is unknown
error: keyring is not writable
warning: base: unknown key '%INSTALLED_DB%' in local database
warning: base-devel: unknown key '%INSTALLED_DB%' in local database
warning: Public keyring not found; have you run 'pacman-key --init'?
error: kashira-v3: key "E4DF524F75FE51DD5FB0C7BA1925D86CD662878E" is unknown
error: keyring is not writable
warning: base: unknown key '%INSTALLED_DB%' in local database
warning: base-devel: unknown key '%INSTALLED_DB%' in local database
warning: Public keyring not found; have you run 'pacman-key --init'?
error: kashira-v3: key "E4DF524F75FE51DD5FB0C7BA1925D86CD662878E" is unknown
error: keyring is not writable
warning: base: unknown key '%INSTALLED_DB%' in local database
warning: base-devel: unknown key '%INSTALLED_DB%' in local database
warning: Public keyring not found; have you run 'pacman-key --init'?
error: kashira-v3: key "E4DF524F75FE51DD5FB0C7BA1925D86CD662878E" is unknown
error: keyring is not writable
warning: base: unknown key '%INSTALLED_DB%' in local database
warning: base-devel: unknown key '%INSTALLED_DB%' in local database
warning: Public keyring not found; have you run 'pacman-key --init'?
error: kashira-v3: key "E4DF524F75FE51DD5FB0C7BA1925D86CD662878E" is unknown
error: keyring is not writable
warning: base: unknown key '%INSTALLED_DB%' in local database
warning: base-devel: unknown key '%INSTALLED_DB%' in local database
warning: Public keyring not found; have you run 'pacman-key --init'?
error: kashira-v3: key "E4DF524F75FE51DD5FB0C7BA1925D86CD662878E" is unknown
error: keyring is not writable
warning: base: unknown key '%INSTALLED_DB%' in local database
warning: base-devel: unknown key '%INSTALLED_DB%' in local database
warning: Public keyring not found; have you run 'pacman-key --init'?
error: kashira-v3: key "E4DF524F75FE51DD5FB0C7BA1925D86CD662878E" is unknown
error: keyring is not writable
warning: base: unknown key '%INSTALLED_DB%' in local database
warning: base-devel: unknown key '%INSTALLED_DB%' in local database
warning: Public keyring not found; have you run 'pacman-key --init'?
error: kashira-v3: key "E4DF524F75FE51DD5FB0C7BA1925D86CD662878E" is unknown
error: keyring is not writable
warning: base: unknown key '%INSTALLED_DB%' in local database
warning: base-devel: unknown key '%INSTALLED_DB%' in local database
warning: Public keyring not found; have you run 'pacman-key --init'?
error: kashira-v3: key "E4DF524F75FE51DD5FB0C7BA1925D86CD662878E" is unknown
error: keyring is not writable
warning: base: unknown key '%INSTALLED_DB%' in local database
warning: base-devel: unknown key '%INSTALLED_DB%' in local database
warning: Public keyring not found; have you run 'pacman-key --init'?
error: kashira-v3: key "E4DF524F75FE51DD5FB0C7BA1925D86CD662878E" is unknown
error: keyring is not writable
warning: base: unknown key '%INSTALLED_DB%' in local database
warning: base-devel: unknown key '%INSTALLED_DB%' in local database
warning: Public keyring not found; have you run 'pacman-key --init'?
error: kashira-v3: key "E4DF524F75FE51DD5FB0C7BA1925D86CD662878E" is unknown
error: keyring is not writable
warning: base: unknown key '%INSTALLED_DB%' in local database
warning: base-devel: unknown key '%INSTALLED_DB%' in local database
warning: Public keyring not found; have you run 'pacman-key --init'?
error: kashira-v3: key "E4DF524F75FE51DD5FB0C7BA1925D86CD662878E" is unknown
error: keyring is not writable
warning: base: unknown key '%INSTALLED_DB%' in local database
warning: base-devel: unknown key '%INSTALLED_DB%' in local database
warning: Public keyring not found; have you run 'pacman-key --init'?
error: kashira-v3: key "E4DF524F75FE51DD5FB0C7BA1925D86CD662878E" is unknown
error: keyring is not writable
warning: base: unknown key '%INSTALLED_DB%' in local database
warning: base-devel: unknown key '%INSTALLED_DB%' in local database
warning: Public keyring not found; have you run 'pacman-key --init'?
error: kashira-v3: key "E4DF524F75FE51DD5FB0C7BA1925D86CD662878E" is unknown
error: keyring is not writable
warning: base: unknown key '%INSTALLED_DB%' in local database
warning: base-devel: unknown key '%INSTALLED_DB%' in local database
warning: Public keyring not found; have you run 'pacman-key --init'?
error: kashira-v3: key "E4DF524F75FE51DD5FB0C7BA1925D86CD662878E" is unknown
error: keyring is not writable
warning: base: unknown key '%INSTALLED_DB%' in local database
warning: base-devel: unknown key '%INSTALLED_DB%' in local database
warning: Public keyring not found; have you run 'pacman-key --init'?
error: kashira-v3: key "E4DF524F75FE51DD5FB0C7BA1925D86CD662878E" is unknown
error: keyring is not writable
warning: base: unknown key '%INSTALLED_DB%' in local database
warning: base-devel: unknown key '%INSTALLED_DB%' in local database
warning: Public keyring not found; have you run 'pacman-key --init'?
error: kashira-v3: key "E4DF524F75FE51DD5FB0C7BA1925D86CD662878E" is unknown
error: keyring is not writable
warning: base: unknown key '%INSTALLED_DB%' in local database
warning: base-devel: unknown key '%INSTALLED_DB%' in local database
warning: Public keyring not found; have you run 'pacman-key --init'?
error: kashira-v3: key "E4DF524F75FE51DD5FB0C7BA1925D86CD662878E" is unknown
error: keyring is not writable
warning: base: unknown key '%INSTALLED_DB%' in local database
warning: base-devel: unknown key '%INSTALLED_DB%' in local database
warning: Public keyring not found; have you run 'pacman-key --init'?
error: kashira-v3: key "E4DF524F75FE51DD5FB0C7BA1925D86CD662878E" is unknown
error: keyring is not writable
warning: base: unknown key '%INSTALLED_DB%' in local database
warning: base-devel: unknown key '%INSTALLED_DB%' in local database
warning: Public keyring not found; have you run 'pacman-key --init'?
error: kashira-v3: key "E4DF524F75FE51DD5FB0C7BA1925D86CD662878E" is unknown
error: keyring is not writable
warning: base: unknown key '%INSTALLED_DB%' in local database
warning: base-devel: unknown key '%INSTALLED_DB%' in local database
warning: Public keyring not found; have you run 'pacman-key --init'?
error: kashira-v3: key "E4DF524F75FE51DD5FB0C7BA1925D86CD662878E" is unknown
error: keyring is not writable
warning: base: unknown key '%INSTALLED_DB%' in local database
warning: base-devel: unknown key '%INSTALLED_DB%' in local database
warning: Public keyring not found; have you run 'pacman-key --init'?
error: kashira-v3: key "E4DF524F75FE51DD5FB0C7BA1925D86CD662878E" is unknown
error: keyring is not writable
warning: base: unknown key '%INSTALLED_DB%' in local database
warning: base-devel: unknown key '%INSTALLED_DB%' in local database
warning: Public keyring not found; have you run 'pacman-key --init'?
error: kashira-v3: key "E4DF524F75FE51DD5FB0C7BA1925D86CD662878E" is unknown
error: keyring is not writable
warning: base: unknown key '%INSTALLED_DB%' in local database
warning: base-devel: unknown key '%INSTALLED_DB%' in local database
warning: Public keyring not found; have you run 'pacman-key --init'?
error: kashira-v3: key "E4DF524F75FE51DD5FB0C7BA1925D86CD662878E" is unknown
error: keyring is not writable
warning: base: unknown key '%INSTALLED_DB%' in local database
warning: base-devel: unknown key '%INSTALLED_DB%' in local database
warning: Public keyring not found; have you run 'pacman-key --init'?
error: kashira-v3: key "E4DF524F75FE51DD5FB0C7BA1925D86CD662878E" is unknown
error: keyring is not writable
warning: base: unknown key '%INSTALLED_DB%' in local database
warning: base-devel: unknown key '%INSTALLED_DB%' in local database
warning: Public keyring not found; have you run 'pacman-key --init'?
error: kashira-v3: key "E4DF524F75FE51DD5FB0C7BA1925D86CD662878E" is unknown
error: keyring is not writable
warning: base: unknown key '%INSTALLED_DB%' in local database
warning: base-devel: unknown key '%INSTALLED_DB%' in local database
warning: Public keyring not found; have you run 'pacman-key --init'?
error: kashira-v3: key "E4DF524F75FE51DD5FB0C7BA1925D86CD662878E" is unknown
error: keyring is not writable
warning: base: unknown key '%INSTALLED_DB%' in local database
warning: base-devel: unknown key '%INSTALLED_DB%' in local database
warning: Public keyring not found; have you run 'pacman-key --init'?
error: kashira-v3: key "E4DF524F75FE51DD5FB0C7BA1925D86CD662878E" is unknown
error: keyring is not writable
warning: base: unknown key '%INSTALLED_DB%' in local database
warning: base-devel: unknown key '%INSTALLED_DB%' in local database
warning: Public keyring not found; have you run 'pacman-key --init'?
error: kashira-v3: key "E4DF524F75FE51DD5FB0C7BA1925D86CD662878E" is unknown
error: keyring is not writable
warning: base: unknown key '%INSTALLED_DB%' in local database
warning: base-devel: unknown key '%INSTALLED_DB%' in local database
warning: Public keyring not found; have you run 'pacman-key --init'?
error: kashira-v3: key "E4DF524F75FE51DD5FB0C7BA1925D86CD662878E" is unknown
error: keyring is not writable
warning: base: unknown key '%INSTALLED_DB%' in local database
warning: base-devel: unknown key '%INSTALLED_DB%' in local database
warning: Public keyring not found; have you run 'pacman-key --init'?
error: kashira-v3: key "E4DF524F75FE51DD5FB0C7BA1925D86CD662878E" is unknown
error: keyring is not writable
warning: base: unknown key '%INSTALLED_DB%' in local database
warning: base-devel: unknown key '%INSTALLED_DB%' in local database
warning: Public keyring not found; have you run 'pacman-key --init'?
error: kashira-v3: key "E4DF524F75FE51DD5FB0C7BA1925D86CD662878E" is unknown
error: keyring is not writable
warning: base: unknown key '%INSTALLED_DB%' in local database
warning: base-devel: unknown key '%INSTALLED_DB%' in local database
warning: Public keyring not found; have you run 'pacman-key --init'?
error: kashira-v3: key "E4DF524F75FE51DD5FB0C7BA1925D86CD662878E" is unknown
error: keyring is not writable
warning: base: unknown key '%INSTALLED_DB%' in local database
warning: base-devel: unknown key '%INSTALLED_DB%' in local database
warning: Public keyring not found; have you run 'pacman-key --init'?
error: kashira-v3: key "E4DF524F75FE51DD5FB0C7BA1925D86CD662878E" is unknown
error: keyring is not writable
warning: base: unknown key '%INSTALLED_DB%' in local database
warning: base-devel: unknown key '%INSTALLED_DB%' in local database
warning: Public keyring not found; have you run 'pacman-key --init'?
error: kashira-v3: key "E4DF524F75FE51DD5FB0C7BA1925D86CD662878E" is unknown
error: keyring is not writable
warning: base: unknown key '%INSTALLED_DB%' in local database
warning: base-devel: unknown key '%INSTALLED_DB%' in local database
warning: Public keyring not found; have you run 'pacman-key --init'?
error: kashira-v3: key "E4DF524F75FE51DD5FB0C7BA1925D86CD662878E" is unknown
error: keyring is not writable
warning: base: unknown key '%INSTALLED_DB%' in local database
warning: base-devel: unknown key '%INSTALLED_DB%' in local database
warning: Public keyring not found; have you run 'pacman-key --init'?
error: kashira-v3: key "E4DF524F75FE51DD5FB0C7BA1925D86CD662878E" is unknown
error: keyring is not writable
warning: base: unknown key '%INSTALLED_DB%' in local database
warning: base-devel: unknown key '%INSTALLED_DB%' in local database
warning: Public keyring not found; have you run 'pacman-key --init'?
error: kashira-v3: key "E4DF524F75FE51DD5FB0C7BA1925D86CD662878E" is unknown
error: keyring is not writable
warning: base: unknown key '%INSTALLED_DB%' in local database
warning: base-devel: unknown key '%INSTALLED_DB%' in local database
warning: Public keyring not found; have you run 'pacman-key --init'?
error: kashira-v3: key "E4DF524F75FE51DD5FB0C7BA1925D86CD662878E" is unknown
error: keyring is not writable
warning: base: unknown key '%INSTALLED_DB%' in local database
warning: base-devel: unknown key '%INSTALLED_DB%' in local database
warning: Public keyring not found; have you run 'pacman-key --init'?
error: kashira-v3: key "E4DF524F75FE51DD5FB0C7BA1925D86CD662878E" is unknown
error: keyring is not writable
warning: base: unknown key '%INSTALLED_DB%' in local database
warning: base-devel: unknown key '%INSTALLED_DB%' in local database
warning: Public keyring not found; have you run 'pacman-key --init'?
error: kashira-v3: key "E4DF524F75FE51DD5FB0C7BA1925D86CD662878E" is unknown
error: keyring is not writable
warning: base: unknown key '%INSTALLED_DB%' in local database
warning: base-devel: unknown key '%INSTALLED_DB%' in local database
warning: Public keyring not found; have you run 'pacman-key --init'?
error: kashira-v3: key "E4DF524F75FE51DD5FB0C7BA1925D86CD662878E" is unknown
error: keyring is not writable
warning: base: unknown key '%INSTALLED_DB%' in local database
warning: base-devel: unknown key '%INSTALLED_DB%' in local database
warning: Public keyring not found; have you run 'pacman-key --init'?
error: kashira-v3: key "E4DF524F75FE51DD5FB0C7BA1925D86CD662878E" is unknown
error: keyring is not writable
warning: base: unknown key '%INSTALLED_DB%' in local database
warning: base-devel: unknown key '%INSTALLED_DB%' in local database
warning: Public keyring not found; have you run 'pacman-key --init'?
error: kashira-v3: key "E4DF524F75FE51DD5FB0C7BA1925D86CD662878E" is unknown
error: keyring is not writable
warning: base: unknown key '%INSTALLED_DB%' in local database
warning: base-devel: unknown key '%INSTALLED_DB%' in local database
warning: Public keyring not found; have you run 'pacman-key --init'?
error: kashira-v3: key "E4DF524F75FE51DD5FB0C7BA1925D86CD662878E" is unknown
error: keyring is not writable
warning: base: unknown key '%INSTALLED_DB%' in local database
warning: base-devel: unknown key '%INSTALLED_DB%' in local database
warning: Public keyring not found; have you run 'pacman-key --init'?
error: kashira-v3: key "E4DF524F75FE51DD5FB0C7BA1925D86CD662878E" is unknown
error: keyring is not writable
warning: base: unknown key '%INSTALLED_DB%' in local database
warning: base-devel: unknown key '%INSTALLED_DB%' in local database
warning: Public keyring not found; have you run 'pacman-key --init'?
error: kashira-v3: key "E4DF524F75FE51DD5FB0C7BA1925D86CD662878E" is unknown
error: keyring is not writable
warning: base: unknown key '%INSTALLED_DB%' in local database
warning: base-devel: unknown key '%INSTALLED_DB%' in local database
warning: Public keyring not found; have you run 'pacman-key --init'?
error: kashira-v3: key "E4DF524F75FE51DD5FB0C7BA1925D86CD662878E" is unknown
error: keyring is not writable
warning: base: unknown key '%INSTALLED_DB%' in local database
warning: base-devel: unknown key '%INSTALLED_DB%' in local database
warning: Public keyring not found; have you run 'pacman-key --init'?
error: kashira-v3: key "E4DF524F75FE51DD5FB0C7BA1925D86CD662878E" is unknown
error: keyring is not writable
warning: base: unknown key '%INSTALLED_DB%' in local database
warning: base-devel: unknown key '%INSTALLED_DB%' in local database
warning: Public keyring not found; have you run 'pacman-key --init'?
error: kashira-v3: key "E4DF524F75FE51DD5FB0C7BA1925D86CD662878E" is unknown
error: keyring is not writable
warning: base: unknown key '%INSTALLED_DB%' in local database
warning: base-devel: unknown key '%INSTALLED_DB%' in local database
warning: Public keyring not found; have you run 'pacman-key --init'?
error: kashira-v3: key "E4DF524F75FE51DD5FB0C7BA1925D86CD662878E" is unknown
error: keyring is not writable
warning: base: unknown key '%INSTALLED_DB%' in local database
warning: base-devel: unknown key '%INSTALLED_DB%' in local database
warning: Public keyring not found; have you run 'pacman-key --init'?
error: kashira-v3: key "E4DF524F75FE51DD5FB0C7BA1925D86CD662878E" is unknown
error: keyring is not writable
warning: base: unknown key '%INSTALLED_DB%' in local database
warning: base-devel: unknown key '%INSTALLED_DB%' in local database
warning: Public keyring not found; have you run 'pacman-key --init'?
error: kashira-v3: key "E4DF524F75FE51DD5FB0C7BA1925D86CD662878E" is unknown
error: keyring is not writable
warning: base: unknown key '%INSTALLED_DB%' in local database
warning: base-devel: unknown key '%INSTALLED_DB%' in local database
warning: Public keyring not found; have you run 'pacman-key --init'?
error: kashira-v3: key "E4DF524F75FE51DD5FB0C7BA1925D86CD662878E" is unknown
error: keyring is not writable
warning: base: unknown key '%INSTALLED_DB%' in local database
warning: base-devel: unknown key '%INSTALLED_DB%' in local database
warning: Public keyring not found; have you run 'pacman-key --init'?
error: kashira-v3: key "E4DF524F75FE51DD5FB0C7BA1925D86CD662878E" is unknown
error: keyring is not writable
warning: base: unknown key '%INSTALLED_DB%' in local database
warning: base-devel: unknown key '%INSTALLED_DB%' in local database
warning: Public keyring not found; have you run 'pacman-key --init'?
error: kashira-v3: key "E4DF524F75FE51DD5FB0C7BA1925D86CD662878E" is unknown
error: keyring is not writable
warning: base: unknown key '%INSTALLED_DB%' in local database
warning: base-devel: unknown key '%INSTALLED_DB%' in local database
warning: Public keyring not found; have you run 'pacman-key --init'?
error: kashira-v3: key "E4DF524F75FE51DD5FB0C7BA1925D86CD662878E" is unknown
error: keyring is not writable
warning: base: unknown key '%INSTALLED_DB%' in local database
warning: base-devel: unknown key '%INSTALLED_DB%' in local database
warning: Public keyring not found; have you run 'pacman-key --init'?
error: kashira-v3: key "E4DF524F75FE51DD5FB0C7BA1925D86CD662878E" is unknown
error: keyring is not writable
warning: base: unknown key '%INSTALLED_DB%' in local database
warning: base-devel: unknown key '%INSTALLED_DB%' in local database
warning: Public keyring not found; have you run 'pacman-key --init'?
error: kashira-v3: key "E4DF524F75FE51DD5FB0C7BA1925D86CD662878E" is unknown
error: keyring is not writable
warning: base: unknown key '%INSTALLED_DB%' in local database
warning: base-devel: unknown key '%INSTALLED_DB%' in local database
warning: Public keyring not found; have you run 'pacman-key --init'?
error: kashira-v3: key "E4DF524F75FE51DD5FB0C7BA1925D86CD662878E" is unknown
error: keyring is not writable
warning: base: unknown key '%INSTALLED_DB%' in local database
warning: base-devel: unknown key '%INSTALLED_DB%' in local database
warning: Public keyring not found; have you run 'pacman-key --init'?
error: kashira-v3: key "E4DF524F75FE51DD5FB0C7BA1925D86CD662878E" is unknown
error: keyring is not writable
warning: base: unknown key '%INSTALLED_DB%' in local database
warning: base-devel: unknown key '%INSTALLED_DB%' in local database
warning: Public keyring not found; have you run 'pacman-key --init'?
error: kashira-v3: key "E4DF524F75FE51DD5FB0C7BA1925D86CD662878E" is unknown
error: keyring is not writable
warning: base: unknown key '%INSTALLED_DB%' in local database
warning: base-devel: unknown key '%INSTALLED_DB%' in local database
warning: Public keyring not found; have you run 'pacman-key --init'?
error: kashira-v3: key "E4DF524F75FE51DD5FB0C7BA1925D86CD662878E" is unknown
error: keyring is not writable
warning: base: unknown key '%INSTALLED_DB%' in local database
warning: base-devel: unknown key '%INSTALLED_DB%' in local database
warning: Public keyring not found; have you run 'pacman-key --init'?
error: kashira-v3: key "E4DF524F75FE51DD5FB0C7BA1925D86CD662878E" is unknown
error: keyring is not writable
warning: base: unknown key '%INSTALLED_DB%' in local database
warning: base-devel: unknown key '%INSTALLED_DB%' in local database
warning: Public keyring not found; have you run 'pacman-key --init'?
error: kashira-v3: key "E4DF524F75FE51DD5FB0C7BA1925D86CD662878E" is unknown
error: keyring is not writable
warning: base: unknown key '%INSTALLED_DB%' in local database
warning: base-devel: unknown key '%INSTALLED_DB%' in local database
warning: Public keyring not found; have you run 'pacman-key --init'?
error: kashira-v3: key "E4DF524F75FE51DD5FB0C7BA1925D86CD662878E" is unknown
error: keyring is not writable
warning: base: unknown key '%INSTALLED_DB%' in local database
warning: base-devel: unknown key '%INSTALLED_DB%' in local database
warning: Public keyring not found; have you run 'pacman-key --init'?
error: kashira-v3: key "E4DF524F75FE51DD5FB0C7BA1925D86CD662878E" is unknown
error: keyring is not writable
warning: base: unknown key '%INSTALLED_DB%' in local database
warning: base-devel: unknown key '%INSTALLED_DB%' in local database
warning: Public keyring not found; have you run 'pacman-key --init'?
error: kashira-v3: key "E4DF524F75FE51DD5FB0C7BA1925D86CD662878E" is unknown
error: keyring is not writable
warning: base: unknown key '%INSTALLED_DB%' in local database
warning: base-devel: unknown key '%INSTALLED_DB%' in local database
warning: Public keyring not found; have you run 'pacman-key --init'?
error: kashira-v3: key "E4DF524F75FE51DD5FB0C7BA1925D86CD662878E" is unknown
error: keyring is not writable
warning: base: unknown key '%INSTALLED_DB%' in local database
warning: base-devel: unknown key '%INSTALLED_DB%' in local database
warning: Public keyring not found; have you run 'pacman-key --init'?
error: kashira-v3: key "E4DF524F75FE51DD5FB0C7BA1925D86CD662878E" is unknown
error: keyring is not writable
warning: base: unknown key '%INSTALLED_DB%' in local database
warning: base-devel: unknown key '%INSTALLED_DB%' in local database
warning: Public keyring not found; have you run 'pacman-key --init'?
error: kashira-v3: key "E4DF524F75FE51DD5FB0C7BA1925D86CD662878E" is unknown
error: keyring is not writable
warning: base: unknown key '%INSTALLED_DB%' in local database
warning: base-devel: unknown key '%INSTALLED_DB%' in local database
warning: Public keyring not found; have you run 'pacman-key --init'?
error: kashira-v3: key "E4DF524F75FE51DD5FB0C7BA1925D86CD662878E" is unknown
error: keyring is not writable
warning: base: unknown key '%INSTALLED_DB%' in local database
warning: base-devel: unknown key '%INSTALLED_DB%' in local database
warning: Public keyring not found; have you run 'pacman-key --init'?
error: kashira-v3: key "E4DF524F75FE51DD5FB0C7BA1925D86CD662878E" is unknown
error: keyring is not writable
warning: base: unknown key '%INSTALLED_DB%' in local database
warning: base-devel: unknown key '%INSTALLED_DB%' in local database
warning: Public keyring not found; have you run 'pacman-key --init'?
error: kashira-v3: key "E4DF524F75FE51DD5FB0C7BA1925D86CD662878E" is unknown
error: keyring is not writable
warning: base: unknown key '%INSTALLED_DB%' in local database
warning: base-devel: unknown key '%INSTALLED_DB%' in local database
warning: Public keyring not found; have you run 'pacman-key --init'?
error: kashira-v3: key "E4DF524F75FE51DD5FB0C7BA1925D86CD662878E" is unknown
error: keyring is not writable
warning: base: unknown key '%INSTALLED_DB%' in local database
warning: base-devel: unknown key '%INSTALLED_DB%' in local database
warning: Public keyring not found; have you run 'pacman-key --init'?
error: kashira-v3: key "E4DF524F75FE51DD5FB0C7BA1925D86CD662878E" is unknown
error: keyring is not writable
warning: base: unknown key '%INSTALLED_DB%' in local database
warning: base-devel: unknown key '%INSTALLED_DB%' in local database
warning: Public keyring not found; have you run 'pacman-key --init'?
error: kashira-v3: key "E4DF524F75FE51DD5FB0C7BA1925D86CD662878E" is unknown
error: keyring is not writable
warning: base: unknown key '%INSTALLED_DB%' in local database
warning: base-devel: unknown key '%INSTALLED_DB%' in local database
warning: Public keyring not found; have you run 'pacman-key --init'?
error: kashira-v3: key "E4DF524F75FE51DD5FB0C7BA1925D86CD662878E" is unknown
error: keyring is not writable
warning: base: unknown key '%INSTALLED_DB%' in local database
warning: base-devel: unknown key '%INSTALLED_DB%' in local database
warning: Public keyring not found; have you run 'pacman-key --init'?
error: kashira-v3: key "E4DF524F75FE51DD5FB0C7BA1925D86CD662878E" is unknown
error: keyring is not writable
warning: base: unknown key '%INSTALLED_DB%' in local database
warning: base-devel: unknown key '%INSTALLED_DB%' in local database
warning: Public keyring not found; have you run 'pacman-key --init'?
error: kashira-v3: key "E4DF524F75FE51DD5FB0C7BA1925D86CD662878E" is unknown
error: keyring is not writable
warning: base: unknown key '%INSTALLED_DB%' in local database
warning: base-devel: unknown key '%INSTALLED_DB%' in local database
warning: Public keyring not found; have you run 'pacman-key --init'?
error: kashira-v3: key "E4DF524F75FE51DD5FB0C7BA1925D86CD662878E" is unknown
error: keyring is not writable
warning: base: unknown key '%INSTALLED_DB%' in local database
warning: base-devel: unknown key '%INSTALLED_DB%' in local database
warning: Public keyring not found; have you run 'pacman-key --init'?
error: kashira-v3: key "E4DF524F75FE51DD5FB0C7BA1925D86CD662878E" is unknown
error: keyring is not writable
warning: base: unknown key '%INSTALLED_DB%' in local database
warning: base-devel: unknown key '%INSTALLED_DB%' in local database
warning: Public keyring not found; have you run 'pacman-key --init'?
error: kashira-v3: key "E4DF524F75FE51DD5FB0C7BA1925D86CD662878E" is unknown
error: keyring is not writable
warning: base: unknown key '%INSTALLED_DB%' in local database
warning: base-devel: unknown key '%INSTALLED_DB%' in local database
warning: Public keyring not found; have you run 'pacman-key --init'?
error: kashira-v3: key "E4DF524F75FE51DD5FB0C7BA1925D86CD662878E" is unknown
error: keyring is not writable
warning: base: unknown key '%INSTALLED_DB%' in local database
warning: base-devel: unknown key '%INSTALLED_DB%' in local database
warning: Public keyring not found; have you run 'pacman-key --init'?
error: kashira-v3: key "E4DF524F75FE51DD5FB0C7BA1925D86CD662878E" is unknown
error: keyring is not writable
warning: base: unknown key '%INSTALLED_DB%' in local database
warning: base-devel: unknown key '%INSTALLED_DB%' in local database
warning: Public keyring not found; have you run 'pacman-key --init'?
error: kashira-v3: key "E4DF524F75FE51DD5FB0C7BA1925D86CD662878E" is unknown
error: keyring is not writable
warning: base: unknown key '%INSTALLED_DB%' in local database
warning: base-devel: unknown key '%INSTALLED_DB%' in local database
warning: Public keyring not found; have you run 'pacman-key --init'?
error: kashira-v3: key "E4DF524F75FE51DD5FB0C7BA1925D86CD662878E" is unknown
error: keyring is not writable
warning: base: unknown key '%INSTALLED_DB%' in local database
warning: base-devel: unknown key '%INSTALLED_DB%' in local database
warning: Public keyring not found; have you run 'pacman-key --init'?
error: kashira-v3: key "E4DF524F75FE51DD5FB0C7BA1925D86CD662878E" is unknown
error: keyring is not writable
warning: base: unknown key '%INSTALLED_DB%' in local database
warning: base-devel: unknown key '%INSTALLED_DB%' in local database
warning: Public keyring not found; have you run 'pacman-key --init'?
error: kashira-v3: key "E4DF524F75FE51DD5FB0C7BA1925D86CD662878E" is unknown
error: keyring is not writable
warning: base: unknown key '%INSTALLED_DB%' in local database
warning: base-devel: unknown key '%INSTALLED_DB%' in local database
warning: Public keyring not found; have you run 'pacman-key --init'?
error: kashira-v3: key "E4DF524F75FE51DD5FB0C7BA1925D86CD662878E" is unknown
error: keyring is not writable
warning: base: unknown key '%INSTALLED_DB%' in local database
warning: base-devel: unknown key '%INSTALLED_DB%' in local database
warning: Public keyring not found; have you run 'pacman-key --init'?
error: kashira-v3: key "E4DF524F75FE51DD5FB0C7BA1925D86CD662878E" is unknown
error: keyring is not writable
warning: base: unknown key '%INSTALLED_DB%' in local database
warning: base-devel: unknown key '%INSTALLED_DB%' in local database
warning: Public keyring not found; have you run 'pacman-key --init'?
error: kashira-v3: key "E4DF524F75FE51DD5FB0C7BA1925D86CD662878E" is unknown
error: keyring is not writable
warning: base: unknown key '%INSTALLED_DB%' in local database
warning: base-devel: unknown key '%INSTALLED_DB%' in local database
warning: Public keyring not found; have you run 'pacman-key --init'?
error: kashira-v3: key "E4DF524F75FE51DD5FB0C7BA1925D86CD662878E" is unknown
error: keyring is not writable
warning: base: unknown key '%INSTALLED_DB%' in local database
warning: base-devel: unknown key '%INSTALLED_DB%' in local database
warning: Public keyring not found; have you run 'pacman-key --init'?
error: kashira-v3: key "E4DF524F75FE51DD5FB0C7BA1925D86CD662878E" is unknown
error: keyring is not writable
warning: base: unknown key '%INSTALLED_DB%' in local database
warning: base-devel: unknown key '%INSTALLED_DB%' in local database
warning: Public keyring not found; have you run 'pacman-key --init'?
error: kashira-v3: key "E4DF524F75FE51DD5FB0C7BA1925D86CD662878E" is unknown
error: keyring is not writable
warning: base: unknown key '%INSTALLED_DB%' in local database
warning: base-devel: unknown key '%INSTALLED_DB%' in local database
warning: Public keyring not found; have you run 'pacman-key --init'?
error: kashira-v3: key "E4DF524F75FE51DD5FB0C7BA1925D86CD662878E" is unknown
error: keyring is not writable
warning: base: unknown key '%INSTALLED_DB%' in local database
warning: base-devel: unknown key '%INSTALLED_DB%' in local database
warning: Public keyring not found; have you run 'pacman-key --init'?
error: kashira-v3: key "E4DF524F75FE51DD5FB0C7BA1925D86CD662878E" is unknown
error: keyring is not writable
warning: base: unknown key '%INSTALLED_DB%' in local database
warning: base-devel: unknown key '%INSTALLED_DB%' in local database
warning: Public keyring not found; have you run 'pacman-key --init'?
error: kashira-v3: key "E4DF524F75FE51DD5FB0C7BA1925D86CD662878E" is unknown
error: keyring is not writable
warning: base: unknown key '%INSTALLED_DB%' in local database
warning: base-devel: unknown key '%INSTALLED_DB%' in local database
warning: Public keyring not found; have you run 'pacman-key --init'?
error: kashira-v3: key "E4DF524F75FE51DD5FB0C7BA1925D86CD662878E" is unknown
error: keyring is not writable
warning: base: unknown key '%INSTALLED_DB%' in local database
warning: base-devel: unknown key '%INSTALLED_DB%' in local database
warning: Public keyring not found; have you run 'pacman-key --init'?
error: kashira-v3: key "E4DF524F75FE51DD5FB0C7BA1925D86CD662878E" is unknown
error: keyring is not writable
warning: base: unknown key '%INSTALLED_DB%' in local database
warning: base-devel: unknown key '%INSTALLED_DB%' in local database
warning: Public keyring not found; have you run 'pacman-key --init'?
error: kashira-v3: key "E4DF524F75FE51DD5FB0C7BA1925D86CD662878E" is unknown
error: keyring is not writable
warning: base: unknown key '%INSTALLED_DB%' in local database
warning: base-devel: unknown key '%INSTALLED_DB%' in local database
warning: Public keyring not found; have you run 'pacman-key --init'?
error: kashira-v3: key "E4DF524F75FE51DD5FB0C7BA1925D86CD662878E" is unknown
error: keyring is not writable
warning: base: unknown key '%INSTALLED_DB%' in local database
warning: base-devel: unknown key '%INSTALLED_DB%' in local database
warning: Public keyring not found; have you run 'pacman-key --init'?
error: kashira-v3: key "E4DF524F75FE51DD5FB0C7BA1925D86CD662878E" is unknown
error: keyring is not writable
warning: base: unknown key '%INSTALLED_DB%' in local database
warning: base-devel: unknown key '%INSTALLED_DB%' in local database
warning: Public keyring not found; have you run 'pacman-key --init'?
error: kashira-v3: key "E4DF524F75FE51DD5FB0C7BA1925D86CD662878E" is unknown
error: keyring is not writable
warning: base: unknown key '%INSTALLED_DB%' in local database
warning: base-devel: unknown key '%INSTALLED_DB%' in local database
warning: Public keyring not found; have you run 'pacman-key --init'?
error: kashira-v3: key "E4DF524F75FE51DD5FB0C7BA1925D86CD662878E" is unknown
error: keyring is not writable
warning: base: unknown key '%INSTALLED_DB%' in local database
warning: base-devel: unknown key '%INSTALLED_DB%' in local database
warning: Public keyring not found; have you run 'pacman-key --init'?
error: kashira-v3: key "E4DF524F75FE51DD5FB0C7BA1925D86CD662878E" is unknown
error: keyring is not writable
warning: base: unknown key '%INSTALLED_DB%' in local database
warning: base-devel: unknown key '%INSTALLED_DB%' in local database
warning: Public keyring not found; have you run 'pacman-key --init'?
error: kashira-v3: key "E4DF524F75FE51DD5FB0C7BA1925D86CD662878E" is unknown
error: keyring is not writable
warning: base: unknown key '%INSTALLED_DB%' in local database
warning: base-devel: unknown key '%INSTALLED_DB%' in local database
warning: Public keyring not found; have you run 'pacman-key --init'?
error: kashira-v3: key "E4DF524F75FE51DD5FB0C7BA1925D86CD662878E" is unknown
error: keyring is not writable
warning: base: unknown key '%INSTALLED_DB%' in local database
warning: base-devel: unknown key '%INSTALLED_DB%' in local database
warning: Public keyring not found; have you run 'pacman-key --init'?
error: kashira-v3: key "E4DF524F75FE51DD5FB0C7BA1925D86CD662878E" is unknown
error: keyring is not writable
warning: base: unknown key '%INSTALLED_DB%' in local database
warning: base-devel: unknown key '%INSTALLED_DB%' in local database
warning: Public keyring not found; have you run 'pacman-key --init'?
error: kashira-v3: key "E4DF524F75FE51DD5FB0C7BA1925D86CD662878E" is unknown
error: keyring is not writable
warning: base: unknown key '%INSTALLED_DB%' in local database
warning: base-devel: unknown key '%INSTALLED_DB%' in local database
warning: Public keyring not found; have you run 'pacman-key --init'?
error: kashira-v3: key "E4DF524F75FE51DD5FB0C7BA1925D86CD662878E" is unknown
error: keyring is not writable
warning: base: unknown key '%INSTALLED_DB%' in local database
warning: base-devel: unknown key '%INSTALLED_DB%' in local database
warning: Public keyring not found; have you run 'pacman-key --init'?
error: kashira-v3: key "E4DF524F75FE51DD5FB0C7BA1925D86CD662878E" is unknown
error: keyring is not writable
warning: base: unknown key '%INSTALLED_DB%' in local database
warning: base-devel: unknown key '%INSTALLED_DB%' in local database
warning: Public keyring not found; have you run 'pacman-key --init'?
error: kashira-v3: key "E4DF524F75FE51DD5FB0C7BA1925D86CD662878E" is unknown
error: keyring is not writable
warning: base: unknown key '%INSTALLED_DB%' in local database
warning: base-devel: unknown key '%INSTALLED_DB%' in local database
warning: Public keyring not found; have you run 'pacman-key --init'?
error: kashira-v3: key "E4DF524F75FE51DD5FB0C7BA1925D86CD662878E" is unknown
error: keyring is not writable
warning: base: unknown key '%INSTALLED_DB%' in local database
warning: base-devel: unknown key '%INSTALLED_DB%' in local database
warning: Public keyring not found; have you run 'pacman-key --init'?
error: kashira-v3: key "E4DF524F75FE51DD5FB0C7BA1925D86CD662878E" is unknown
error: keyring is not writable
warning: base: unknown key '%INSTALLED_DB%' in local database
warning: base-devel: unknown key '%INSTALLED_DB%' in local database
warning: Public keyring not found; have you run 'pacman-key --init'?
error: kashira-v3: key "E4DF524F75FE51DD5FB0C7BA1925D86CD662878E" is unknown
error: keyring is not writable
warning: base: unknown key '%INSTALLED_DB%' in local database
warning: base-devel: unknown key '%INSTALLED_DB%' in local database
warning: Public keyring not found; have you run 'pacman-key --init'?
error: kashira-v3: key "E4DF524F75FE51DD5FB0C7BA1925D86CD662878E" is unknown
error: keyring is not writable
warning: base: unknown key '%INSTALLED_DB%' in local database
warning: base-devel: unknown key '%INSTALLED_DB%' in local database
warning: Public keyring not found; have you run 'pacman-key --init'?
error: kashira-v3: key "E4DF524F75FE51DD5FB0C7BA1925D86CD662878E" is unknown
error: keyring is not writable
warning: base: unknown key '%INSTALLED_DB%' in local database
warning: base-devel: unknown key '%INSTALLED_DB%' in local database
warning: Public keyring not found; have you run 'pacman-key --init'?
error: kashira-v3: key "E4DF524F75FE51DD5FB0C7BA1925D86CD662878E" is unknown
error: keyring is not writable
warning: base: unknown key '%INSTALLED_DB%' in local database
warning: base-devel: unknown key '%INSTALLED_DB%' in local database
warning: Public keyring not found; have you run 'pacman-key --init'?
error: kashira-v3: key "E4DF524F75FE51DD5FB0C7BA1925D86CD662878E" is unknown
error: keyring is not writable
warning: base: unknown key '%INSTALLED_DB%' in local database
warning: base-devel: unknown key '%INSTALLED_DB%' in local database
warning: Public keyring not found; have you run 'pacman-key --init'?
error: kashira-v3: key "E4DF524F75FE51DD5FB0C7BA1925D86CD662878E" is unknown
error: keyring is not writable
warning: base: unknown key '%INSTALLED_DB%' in local database
warning: base-devel: unknown key '%INSTALLED_DB%' in local database
warning: Public keyring not found; have you run 'pacman-key --init'?
error: kashira-v3: key "E4DF524F75FE51DD5FB0C7BA1925D86CD662878E" is unknown
error: keyring is not writable
warning: base: unknown key '%INSTALLED_DB%' in local database
warning: base-devel: unknown key '%INSTALLED_DB%' in local database
warning: Public keyring not found; have you run 'pacman-key --init'?
error: kashira-v3: key "E4DF524F75FE51DD5FB0C7BA1925D86CD662878E" is unknown
error: keyring is not writable
warning: base: unknown key '%INSTALLED_DB%' in local database
warning: base-devel: unknown key '%INSTALLED_DB%' in local database
warning: Public keyring not found; have you run 'pacman-key --init'?
error: kashira-v3: key "E4DF524F75FE51DD5FB0C7BA1925D86CD662878E" is unknown
error: keyring is not writable
warning: base: unknown key '%INSTALLED_DB%' in local database
warning: base-devel: unknown key '%INSTALLED_DB%' in local database
warning: Public keyring not found; have you run 'pacman-key --init'?
error: kashira-v3: key "E4DF524F75FE51DD5FB0C7BA1925D86CD662878E" is unknown
error: keyring is not writable
warning: base: unknown key '%INSTALLED_DB%' in local database
warning: base-devel: unknown key '%INSTALLED_DB%' in local database
warning: Public keyring not found; have you run 'pacman-key --init'?
error: kashira-v3: key "E4DF524F75FE51DD5FB0C7BA1925D86CD662878E" is unknown
error: keyring is not writable
warning: base: unknown key '%INSTALLED_DB%' in local database
warning: base-devel: unknown key '%INSTALLED_DB%' in local database
warning: Public keyring not found; have you run 'pacman-key --init'?
error: kashira-v3: key "E4DF524F75FE51DD5FB0C7BA1925D86CD662878E" is unknown
error: keyring is not writable
warning: base: unknown key '%INSTALLED_DB%' in local database
warning: base-devel: unknown key '%INSTALLED_DB%' in local database
warning: Public keyring not found; have you run 'pacman-key --init'?
error: kashira-v3: key "E4DF524F75FE51DD5FB0C7BA1925D86CD662878E" is unknown
error: keyring is not writable
warning: base: unknown key '%INSTALLED_DB%' in local database
warning: base-devel: unknown key '%INSTALLED_DB%' in local database
warning: Public keyring not found; have you run 'pacman-key --init'?
error: kashira-v3: key "E4DF524F75FE51DD5FB0C7BA1925D86CD662878E" is unknown
error: keyring is not writable
warning: base: unknown key '%INSTALLED_DB%' in local database
warning: base-devel: unknown key '%INSTALLED_DB%' in local database
warning: Public keyring not found; have you run 'pacman-key --init'?
error: kashira-v3: key "E4DF524F75FE51DD5FB0C7BA1925D86CD662878E" is unknown
error: keyring is not writable
warning: base: unknown key '%INSTALLED_DB%' in local database
warning: base-devel: unknown key '%INSTALLED_DB%' in local database
warning: Public keyring not found; have you run 'pacman-key --init'?
error: kashira-v3: key "E4DF524F75FE51DD5FB0C7BA1925D86CD662878E" is unknown
error: keyring is not writable
warning: base: unknown key '%INSTALLED_DB%' in local database
warning: base-devel: unknown key '%INSTALLED_DB%' in local database
warning: Public keyring not found; have you run 'pacman-key --init'?
error: kashira-v3: key "E4DF524F75FE51DD5FB0C7BA1925D86CD662878E" is unknown
error: keyring is not writable
warning: base: unknown key '%INSTALLED_DB%' in local database
warning: base-devel: unknown key '%INSTALLED_DB%' in local database
warning: Public keyring not found; have you run 'pacman-key --init'?
error: kashira-v3: key "E4DF524F75FE51DD5FB0C7BA1925D86CD662878E" is unknown
error: keyring is not writable
warning: base: unknown key '%INSTALLED_DB%' in local database
warning: base-devel: unknown key '%INSTALLED_DB%' in local database
warning: Public keyring not found; have you run 'pacman-key --init'?
error: kashira-v3: key "E4DF524F75FE51DD5FB0C7BA1925D86CD662878E" is unknown
error: keyring is not writable
warning: base: unknown key '%INSTALLED_DB%' in local database
warning: base-devel: unknown key '%INSTALLED_DB%' in local database
warning: Public keyring not found; have you run 'pacman-key --init'?
error: kashira-v3: key "E4DF524F75FE51DD5FB0C7BA1925D86CD662878E" is unknown
error: keyring is not writable
warning: base: unknown key '%INSTALLED_DB%' in local database
warning: base-devel: unknown key '%INSTALLED_DB%' in local database
warning: Public keyring not found; have you run 'pacman-key --init'?
error: kashira-v3: key "E4DF524F75FE51DD5FB0C7BA1925D86CD662878E" is unknown
error: keyring is not writable
warning: base: unknown key '%INSTALLED_DB%' in local database
warning: base-devel: unknown key '%INSTALLED_DB%' in local database
warning: Public keyring not found; have you run 'pacman-key --init'?
error: kashira-v3: key "E4DF524F75FE51DD5FB0C7BA1925D86CD662878E" is unknown
error: keyring is not writable
warning: base: unknown key '%INSTALLED_DB%' in local database
warning: base-devel: unknown key '%INSTALLED_DB%' in local database
warning: Public keyring not found; have you run 'pacman-key --init'?
error: kashira-v3: key "E4DF524F75FE51DD5FB0C7BA1925D86CD662878E" is unknown
error: keyring is not writable
warning: base: unknown key '%INSTALLED_DB%' in local database
warning: base-devel: unknown key '%INSTALLED_DB%' in local database
warning: Public keyring not found; have you run 'pacman-key --init'?
error: kashira-v3: key "E4DF524F75FE51DD5FB0C7BA1925D86CD662878E" is unknown
error: keyring is not writable
warning: base: unknown key '%INSTALLED_DB%' in local database
warning: base-devel: unknown key '%INSTALLED_DB%' in local database
warning: Public keyring not found; have you run 'pacman-key --init'?
error: kashira-v3: key "E4DF524F75FE51DD5FB0C7BA1925D86CD662878E" is unknown
error: keyring is not writable
warning: base: unknown key '%INSTALLED_DB%' in local database
warning: base-devel: unknown key '%INSTALLED_DB%' in local database
warning: Public keyring not found; have you run 'pacman-key --init'?
error: kashira-v3: key "E4DF524F75FE51DD5FB0C7BA1925D86CD662878E" is unknown
error: keyring is not writable
warning: base: unknown key '%INSTALLED_DB%' in local database
warning: base-devel: unknown key '%INSTALLED_DB%' in local database
warning: Public keyring not found; have you run 'pacman-key --init'?
error: kashira-v3: key "E4DF524F75FE51DD5FB0C7BA1925D86CD662878E" is unknown
error: keyring is not writable
warning: base: unknown key '%INSTALLED_DB%' in local database
warning: base-devel: unknown key '%INSTALLED_DB%' in local database
warning: Public keyring not found; have you run 'pacman-key --init'?
error: kashira-v3: key "E4DF524F75FE51DD5FB0C7BA1925D86CD662878E" is unknown
error: keyring is not writable
warning: base: unknown key '%INSTALLED_DB%' in local database
warning: base-devel: unknown key '%INSTALLED_DB%' in local database
warning: Public keyring not found; have you run 'pacman-key --init'?
error: kashira-v3: key "E4DF524F75FE51DD5FB0C7BA1925D86CD662878E" is unknown
error: keyring is not writable
warning: base: unknown key '%INSTALLED_DB%' in local database
warning: base-devel: unknown key '%INSTALLED_DB%' in local database
warning: Public keyring not found; have you run 'pacman-key --init'?
error: kashira-v3: key "E4DF524F75FE51DD5FB0C7BA1925D86CD662878E" is unknown
error: keyring is not writable
warning: base: unknown key '%INSTALLED_DB%' in local database
warning: base-devel: unknown key '%INSTALLED_DB%' in local database
warning: Public keyring not found; have you run 'pacman-key --init'?
error: kashira-v3: key "E4DF524F75FE51DD5FB0C7BA1925D86CD662878E" is unknown
error: keyring is not writable
warning: base: unknown key '%INSTALLED_DB%' in local database
warning: base-devel: unknown key '%INSTALLED_DB%' in local database
warning: Public keyring not found; have you run 'pacman-key --init'?
error: kashira-v3: key "E4DF524F75FE51DD5FB0C7BA1925D86CD662878E" is unknown
error: keyring is not writable
warning: base: unknown key '%INSTALLED_DB%' in local database
warning: base-devel: unknown key '%INSTALLED_DB%' in local database
warning: Public keyring not found; have you run 'pacman-key --init'?
error: kashira-v3: key "E4DF524F75FE51DD5FB0C7BA1925D86CD662878E" is unknown
error: keyring is not writable
warning: base: unknown key '%INSTALLED_DB%' in local database
warning: base-devel: unknown key '%INSTALLED_DB%' in local database
warning: Public keyring not found; have you run 'pacman-key --init'?
error: kashira-v3: key "E4DF524F75FE51DD5FB0C7BA1925D86CD662878E" is unknown
error: keyring is not writable
warning: base: unknown key '%INSTALLED_DB%' in local database
warning: base-devel: unknown key '%INSTALLED_DB%' in local database
warning: Public keyring not found; have you run 'pacman-key --init'?
error: kashira-v3: key "E4DF524F75FE51DD5FB0C7BA1925D86CD662878E" is unknown
error: keyring is not writable
warning: base: unknown key '%INSTALLED_DB%' in local database
warning: base-devel: unknown key '%INSTALLED_DB%' in local database
warning: Public keyring not found; have you run 'pacman-key --init'?
error: kashira-v3: key "E4DF524F75FE51DD5FB0C7BA1925D86CD662878E" is unknown
error: keyring is not writable
warning: base: unknown key '%INSTALLED_DB%' in local database
warning: base-devel: unknown key '%INSTALLED_DB%' in local database
warning: Public keyring not found; have you run 'pacman-key --init'?
error: kashira-v3: key "E4DF524F75FE51DD5FB0C7BA1925D86CD662878E" is unknown
error: keyring is not writable
warning: base: unknown key '%INSTALLED_DB%' in local database
warning: base-devel: unknown key '%INSTALLED_DB%' in local database
warning: Public keyring not found; have you run 'pacman-key --init'?
error: kashira-v3: key "E4DF524F75FE51DD5FB0C7BA1925D86CD662878E" is unknown
error: keyring is not writable
warning: base: unknown key '%INSTALLED_DB%' in local database
warning: base-devel: unknown key '%INSTALLED_DB%' in local database
warning: Public keyring not found; have you run 'pacman-key --init'?
error: kashira-v3: key "E4DF524F75FE51DD5FB0C7BA1925D86CD662878E" is unknown
error: keyring is not writable
warning: base: unknown key '%INSTALLED_DB%' in local database
warning: base-devel: unknown key '%INSTALLED_DB%' in local database
warning: Public keyring not found; have you run 'pacman-key --init'?
error: kashira-v3: key "E4DF524F75FE51DD5FB0C7BA1925D86CD662878E" is unknown
error: keyring is not writable
warning: base: unknown key '%INSTALLED_DB%' in local database
warning: base-devel: unknown key '%INSTALLED_DB%' in local database
warning: Public keyring not found; have you run 'pacman-key --init'?
error: kashira-v3: key "E4DF524F75FE51DD5FB0C7BA1925D86CD662878E" is unknown
error: keyring is not writable
warning: base: unknown key '%INSTALLED_DB%' in local database
warning: base-devel: unknown key '%INSTALLED_DB%' in local database
warning: Public keyring not found; have you run 'pacman-key --init'?
error: kashira-v3: key "E4DF524F75FE51DD5FB0C7BA1925D86CD662878E" is unknown
error: keyring is not writable
warning: base: unknown key '%INSTALLED_DB%' in local database
warning: base-devel: unknown key '%INSTALLED_DB%' in local database
warning: Public keyring not found; have you run 'pacman-key --init'?
error: kashira-v3: key "E4DF524F75FE51DD5FB0C7BA1925D86CD662878E" is unknown
error: keyring is not writable
warning: base: unknown key '%INSTALLED_DB%' in local database
warning: base-devel: unknown key '%INSTALLED_DB%' in local database
warning: Public keyring not found; have you run 'pacman-key --init'?
error: kashira-v3: key "E4DF524F75FE51DD5FB0C7BA1925D86CD662878E" is unknown
error: keyring is not writable
warning: base: unknown key '%INSTALLED_DB%' in local database
warning: base-devel: unknown key '%INSTALLED_DB%' in local database
warning: Public keyring not found; have you run 'pacman-key --init'?
error: kashira-v3: key "E4DF524F75FE51DD5FB0C7BA1925D86CD662878E" is unknown
error: keyring is not writable
warning: base: unknown key '%INSTALLED_DB%' in local database
warning: base-devel: unknown key '%INSTALLED_DB%' in local database
warning: Public keyring not found; have you run 'pacman-key --init'?
error: kashira-v3: key "E4DF524F75FE51DD5FB0C7BA1925D86CD662878E" is unknown
error: keyring is not writable
warning: base: unknown key '%INSTALLED_DB%' in local database
warning: base-devel: unknown key '%INSTALLED_DB%' in local database
warning: Public keyring not found; have you run 'pacman-key --init'?
error: kashira-v3: key "E4DF524F75FE51DD5FB0C7BA1925D86CD662878E" is unknown
error: keyring is not writable
warning: base: unknown key '%INSTALLED_DB%' in local database
warning: base-devel: unknown key '%INSTALLED_DB%' in local database
warning: Public keyring not found; have you run 'pacman-key --init'?
error: kashira-v3: key "E4DF524F75FE51DD5FB0C7BA1925D86CD662878E" is unknown
error: keyring is not writable
warning: base: unknown key '%INSTALLED_DB%' in local database
warning: base-devel: unknown key '%INSTALLED_DB%' in local database
warning: Public keyring not found; have you run 'pacman-key --init'?
error: kashira-v3: key "E4DF524F75FE51DD5FB0C7BA1925D86CD662878E" is unknown
error: keyring is not writable
warning: base: unknown key '%INSTALLED_DB%' in local database
warning: base-devel: unknown key '%INSTALLED_DB%' in local database
warning: Public keyring not found; have you run 'pacman-key --init'?
error: kashira-v3: key "E4DF524F75FE51DD5FB0C7BA1925D86CD662878E" is unknown
error: keyring is not writable
warning: base: unknown key '%INSTALLED_DB%' in local database
warning: base-devel: unknown key '%INSTALLED_DB%' in local database
warning: Public keyring not found; have you run 'pacman-key --init'?
error: kashira-v3: key "E4DF524F75FE51DD5FB0C7BA1925D86CD662878E" is unknown
error: keyring is not writable
warning: base: unknown key '%INSTALLED_DB%' in local database
warning: base-devel: unknown key '%INSTALLED_DB%' in local database
warning: Public keyring not found; have you run 'pacman-key --init'?
error: kashira-v3: key "E4DF524F75FE51DD5FB0C7BA1925D86CD662878E" is unknown
error: keyring is not writable
warning: base: unknown key '%INSTALLED_DB%' in local database
warning: base-devel: unknown key '%INSTALLED_DB%' in local database
warning: Public keyring not found; have you run 'pacman-key --init'?
error: kashira-v3: key "E4DF524F75FE51DD5FB0C7BA1925D86CD662878E" is unknown
error: keyring is not writable
warning: base: unknown key '%INSTALLED_DB%' in local database
warning: base-devel: unknown key '%INSTALLED_DB%' in local database
warning: Public keyring not found; have you run 'pacman-key --init'?
error: kashira-v3: key "E4DF524F75FE51DD5FB0C7BA1925D86CD662878E" is unknown
error: keyring is not writable
warning: base: unknown key '%INSTALLED_DB%' in local database
warning: base-devel: unknown key '%INSTALLED_DB%' in local database
warning: Public keyring not found; have you run 'pacman-key --init'?
error: kashira-v3: key "E4DF524F75FE51DD5FB0C7BA1925D86CD662878E" is unknown
error: keyring is not writable
warning: base: unknown key '%INSTALLED_DB%' in local database
warning: base-devel: unknown key '%INSTALLED_DB%' in local database
warning: Public keyring not found; have you run 'pacman-key --init'?
error: kashira-v3: key "E4DF524F75FE51DD5FB0C7BA1925D86CD662878E" is unknown
error: keyring is not writable
warning: base: unknown key '%INSTALLED_DB%' in local database
warning: base-devel: unknown key '%INSTALLED_DB%' in local database
warning: Public keyring not found; have you run 'pacman-key --init'?
error: kashira-v3: key "E4DF524F75FE51DD5FB0C7BA1925D86CD662878E" is unknown
error: keyring is not writable
warning: base: unknown key '%INSTALLED_DB%' in local database
warning: base-devel: unknown key '%INSTALLED_DB%' in local database
warning: Public keyring not found; have you run 'pacman-key --init'?
error: kashira-v3: key "E4DF524F75FE51DD5FB0C7BA1925D86CD662878E" is unknown
error: keyring is not writable
warning: base: unknown key '%INSTALLED_DB%' in local database
warning: base-devel: unknown key '%INSTALLED_DB%' in local database
warning: Public keyring not found; have you run 'pacman-key --init'?
error: kashira-v3: key "E4DF524F75FE51DD5FB0C7BA1925D86CD662878E" is unknown
error: keyring is not writable
warning: base: unknown key '%INSTALLED_DB%' in local database
warning: base-devel: unknown key '%INSTALLED_DB%' in local database
warning: Public keyring not found; have you run 'pacman-key --init'?
error: kashira-v3: key "E4DF524F75FE51DD5FB0C7BA1925D86CD662878E" is unknown
error: keyring is not writable
warning: base: unknown key '%INSTALLED_DB%' in local database
warning: base-devel: unknown key '%INSTALLED_DB%' in local database
warning: Public keyring not found; have you run 'pacman-key --init'?
error: kashira-v3: key "E4DF524F75FE51DD5FB0C7BA1925D86CD662878E" is unknown
error: keyring is not writable
warning: base: unknown key '%INSTALLED_DB%' in local database
warning: base-devel: unknown key '%INSTALLED_DB%' in local database
warning: Public keyring not found; have you run 'pacman-key --init'?
error: kashira-v3: key "E4DF524F75FE51DD5FB0C7BA1925D86CD662878E" is unknown
error: keyring is not writable
warning: base: unknown key '%INSTALLED_DB%' in local database
warning: base-devel: unknown key '%INSTALLED_DB%' in local database
warning: Public keyring not found; have you run 'pacman-key --init'?
error: kashira-v3: key "E4DF524F75FE51DD5FB0C7BA1925D86CD662878E" is unknown
error: keyring is not writable
warning: base: unknown key '%INSTALLED_DB%' in local database
warning: base-devel: unknown key '%INSTALLED_DB%' in local database
warning: Public keyring not found; have you run 'pacman-key --init'?
error: kashira-v3: key "E4DF524F75FE51DD5FB0C7BA1925D86CD662878E" is unknown
error: keyring is not writable
warning: base: unknown key '%INSTALLED_DB%' in local database
warning: base-devel: unknown key '%INSTALLED_DB%' in local database
warning: Public keyring not found; have you run 'pacman-key --init'?
error: kashira-v3: key "E4DF524F75FE51DD5FB0C7BA1925D86CD662878E" is unknown
error: keyring is not writable
warning: base: unknown key '%INSTALLED_DB%' in local database
warning: base-devel: unknown key '%INSTALLED_DB%' in local database
warning: Public keyring not found; have you run 'pacman-key --init'?
error: kashira-v3: key "E4DF524F75FE51DD5FB0C7BA1925D86CD662878E" is unknown
error: keyring is not writable
warning: base: unknown key '%INSTALLED_DB%' in local database
warning: base-devel: unknown key '%INSTALLED_DB%' in local database
warning: Public keyring not found; have you run 'pacman-key --init'?
error: kashira-v3: key "E4DF524F75FE51DD5FB0C7BA1925D86CD662878E" is unknown
error: keyring is not writable
warning: base: unknown key '%INSTALLED_DB%' in local database
warning: base-devel: unknown key '%INSTALLED_DB%' in local database
warning: Public keyring not found; have you run 'pacman-key --init'?
error: kashira-v3: key "E4DF524F75FE51DD5FB0C7BA1925D86CD662878E" is unknown
error: keyring is not writable
warning: base: unknown key '%INSTALLED_DB%' in local database
warning: base-devel: unknown key '%INSTALLED_DB%' in local database
warning: Public keyring not found; have you run 'pacman-key --init'?
error: kashira-v3: key "E4DF524F75FE51DD5FB0C7BA1925D86CD662878E" is unknown
error: keyring is not writable
warning: base: unknown key '%INSTALLED_DB%' in local database
warning: base-devel: unknown key '%INSTALLED_DB%' in local database
warning: Public keyring not found; have you run 'pacman-key --init'?
error: kashira-v3: key "E4DF524F75FE51DD5FB0C7BA1925D86CD662878E" is unknown
error: keyring is not writable
warning: base: unknown key '%INSTALLED_DB%' in local database
warning: base-devel: unknown key '%INSTALLED_DB%' in local database
warning: Public keyring not found; have you run 'pacman-key --init'?
error: kashira-v3: key "E4DF524F75FE51DD5FB0C7BA1925D86CD662878E" is unknown
error: keyring is not writable
warning: base: unknown key '%INSTALLED_DB%' in local database
warning: base-devel: unknown key '%INSTALLED_DB%' in local database
warning: Public keyring not found; have you run 'pacman-key --init'?
error: kashira-v3: key "E4DF524F75FE51DD5FB0C7BA1925D86CD662878E" is unknown
error: keyring is not writable
warning: base: unknown key '%INSTALLED_DB%' in local database
warning: base-devel: unknown key '%INSTALLED_DB%' in local database
warning: Public keyring not found; have you run 'pacman-key --init'?
error: kashira-v3: key "E4DF524F75FE51DD5FB0C7BA1925D86CD662878E" is unknown
error: keyring is not writable
warning: base: unknown key '%INSTALLED_DB%' in local database
warning: base-devel: unknown key '%INSTALLED_DB%' in local database
warning: Public keyring not found; have you run 'pacman-key --init'?
error: kashira-v3: key "E4DF524F75FE51DD5FB0C7BA1925D86CD662878E" is unknown
error: keyring is not writable
warning: base: unknown key '%INSTALLED_DB%' in local database
warning: base-devel: unknown key '%INSTALLED_DB%' in local database
warning: Public keyring not found; have you run 'pacman-key --init'?
error: kashira-v3: key "E4DF524F75FE51DD5FB0C7BA1925D86CD662878E" is unknown
error: keyring is not writable
warning: base: unknown key '%INSTALLED_DB%' in local database
warning: base-devel: unknown key '%INSTALLED_DB%' in local database
warning: Public keyring not found; have you run 'pacman-key --init'?
error: kashira-v3: key "E4DF524F75FE51DD5FB0C7BA1925D86CD662878E" is unknown
error: keyring is not writable
warning: base: unknown key '%INSTALLED_DB%' in local database
warning: base-devel: unknown key '%INSTALLED_DB%' in local database
warning: Public keyring not found; have you run 'pacman-key --init'?
error: kashira-v3: key "E4DF524F75FE51DD5FB0C7BA1925D86CD662878E" is unknown
error: keyring is not writable
warning: base: unknown key '%INSTALLED_DB%' in local database
warning: base-devel: unknown key '%INSTALLED_DB%' in local database
warning: Public keyring not found; have you run 'pacman-key --init'?
error: kashira-v3: key "E4DF524F75FE51DD5FB0C7BA1925D86CD662878E" is unknown
error: keyring is not writable
warning: base: unknown key '%INSTALLED_DB%' in local database
warning: base-devel: unknown key '%INSTALLED_DB%' in local database
warning: Public keyring not found; have you run 'pacman-key --init'?
error: kashira-v3: key "E4DF524F75FE51DD5FB0C7BA1925D86CD662878E" is unknown
error: keyring is not writable
warning: base: unknown key '%INSTALLED_DB%' in local database
warning: base-devel: unknown key '%INSTALLED_DB%' in local database
warning: Public keyring not found; have you run 'pacman-key --init'?
error: kashira-v3: key "E4DF524F75FE51DD5FB0C7BA1925D86CD662878E" is unknown
error: keyring is not writable
warning: base: unknown key '%INSTALLED_DB%' in local database
warning: base-devel: unknown key '%INSTALLED_DB%' in local database
warning: Public keyring not found; have you run 'pacman-key --init'?
error: kashira-v3: key "E4DF524F75FE51DD5FB0C7BA1925D86CD662878E" is unknown
error: keyring is not writable
warning: base: unknown key '%INSTALLED_DB%' in local database
warning: base-devel: unknown key '%INSTALLED_DB%' in local database
warning: Public keyring not found; have you run 'pacman-key --init'?
error: kashira-v3: key "E4DF524F75FE51DD5FB0C7BA1925D86CD662878E" is unknown
error: keyring is not writable
warning: base: unknown key '%INSTALLED_DB%' in local database
warning: base-devel: unknown key '%INSTALLED_DB%' in local database
warning: Public keyring not found; have you run 'pacman-key --init'?
error: kashira-v3: key "E4DF524F75FE51DD5FB0C7BA1925D86CD662878E" is unknown
error: keyring is not writable
warning: base: unknown key '%INSTALLED_DB%' in local database
warning: base-devel: unknown key '%INSTALLED_DB%' in local database
warning: Public keyring not found; have you run 'pacman-key --init'?
error: kashira-v3: key "E4DF524F75FE51DD5FB0C7BA1925D86CD662878E" is unknown
error: keyring is not writable
warning: base: unknown key '%INSTALLED_DB%' in local database
warning: base-devel: unknown key '%INSTALLED_DB%' in local database
warning: Public keyring not found; have you run 'pacman-key --init'?
error: kashira-v3: key "E4DF524F75FE51DD5FB0C7BA1925D86CD662878E" is unknown
error: keyring is not writable
warning: base: unknown key '%INSTALLED_DB%' in local database
warning: base-devel: unknown key '%INSTALLED_DB%' in local database
warning: Public keyring not found; have you run 'pacman-key --init'?
error: kashira-v3: key "E4DF524F75FE51DD5FB0C7BA1925D86CD662878E" is unknown
error: keyring is not writable
warning: base: unknown key '%INSTALLED_DB%' in local database
warning: base-devel: unknown key '%INSTALLED_DB%' in local database
warning: Public keyring not found; have you run 'pacman-key --init'?
error: kashira-v3: key "E4DF524F75FE51DD5FB0C7BA1925D86CD662878E" is unknown
error: keyring is not writable
warning: base: unknown key '%INSTALLED_DB%' in local database
warning: base-devel: unknown key '%INSTALLED_DB%' in local database
warning: Public keyring not found; have you run 'pacman-key --init'?
error: kashira-v3: key "E4DF524F75FE51DD5FB0C7BA1925D86CD662878E" is unknown
error: keyring is not writable
warning: base: unknown key '%INSTALLED_DB%' in local database
warning: base-devel: unknown key '%INSTALLED_DB%' in local database
warning: Public keyring not found; have you run 'pacman-key --init'?
error: kashira-v3: key "E4DF524F75FE51DD5FB0C7BA1925D86CD662878E" is unknown
error: keyring is not writable
warning: base: unknown key '%INSTALLED_DB%' in local database
warning: base-devel: unknown key '%INSTALLED_DB%' in local database
warning: Public keyring not found; have you run 'pacman-key --init'?
error: kashira-v3: key "E4DF524F75FE51DD5FB0C7BA1925D86CD662878E" is unknown
error: keyring is not writable
warning: base: unknown key '%INSTALLED_DB%' in local database
warning: base-devel: unknown key '%INSTALLED_DB%' in local database
warning: Public keyring not found; have you run 'pacman-key --init'?
error: kashira-v3: key "E4DF524F75FE51DD5FB0C7BA1925D86CD662878E" is unknown
error: keyring is not writable
warning: base: unknown key '%INSTALLED_DB%' in local database
warning: base-devel: unknown key '%INSTALLED_DB%' in local database
warning: Public keyring not found; have you run 'pacman-key --init'?
error: kashira-v3: key "E4DF524F75FE51DD5FB0C7BA1925D86CD662878E" is unknown
error: keyring is not writable
warning: base: unknown key '%INSTALLED_DB%' in local database
warning: base-devel: unknown key '%INSTALLED_DB%' in local database
warning: Public keyring not found; have you run 'pacman-key --init'?
error: kashira-v3: key "E4DF524F75FE51DD5FB0C7BA1925D86CD662878E" is unknown
error: keyring is not writable
warning: base: unknown key '%INSTALLED_DB%' in local database
warning: base-devel: unknown key '%INSTALLED_DB%' in local database
warning: Public keyring not found; have you run 'pacman-key --init'?
error: kashira-v3: key "E4DF524F75FE51DD5FB0C7BA1925D86CD662878E" is unknown
error: keyring is not writable
warning: base: unknown key '%INSTALLED_DB%' in local database
warning: base-devel: unknown key '%INSTALLED_DB%' in local database
warning: Public keyring not found; have you run 'pacman-key --init'?
error: kashira-v3: key "E4DF524F75FE51DD5FB0C7BA1925D86CD662878E" is unknown
error: keyring is not writable
warning: base: unknown key '%INSTALLED_DB%' in local database
warning: base-devel: unknown key '%INSTALLED_DB%' in local database
warning: Public keyring not found; have you run 'pacman-key --init'?
error: kashira-v3: key "E4DF524F75FE51DD5FB0C7BA1925D86CD662878E" is unknown
error: keyring is not writable
warning: base: unknown key '%INSTALLED_DB%' in local database
warning: base-devel: unknown key '%INSTALLED_DB%' in local database
warning: Public keyring not found; have you run 'pacman-key --init'?
error: kashira-v3: key "E4DF524F75FE51DD5FB0C7BA1925D86CD662878E" is unknown
error: keyring is not writable
warning: base: unknown key '%INSTALLED_DB%' in local database
warning: base-devel: unknown key '%INSTALLED_DB%' in local database
warning: Public keyring not found; have you run 'pacman-key --init'?
error: kashira-v3: key "E4DF524F75FE51DD5FB0C7BA1925D86CD662878E" is unknown
error: keyring is not writable
warning: base: unknown key '%INSTALLED_DB%' in local database
warning: base-devel: unknown key '%INSTALLED_DB%' in local database
warning: Public keyring not found; have you run 'pacman-key --init'?
error: kashira-v3: key "E4DF524F75FE51DD5FB0C7BA1925D86CD662878E" is unknown
error: keyring is not writable
warning: base: unknown key '%INSTALLED_DB%' in local database
warning: base-devel: unknown key '%INSTALLED_DB%' in local database
warning: Public keyring not found; have you run 'pacman-key --init'?
error: kashira-v3: key "E4DF524F75FE51DD5FB0C7BA1925D86CD662878E" is unknown
error: keyring is not writable
warning: base: unknown key '%INSTALLED_DB%' in local database
warning: base-devel: unknown key '%INSTALLED_DB%' in local database
warning: Public keyring not found; have you run 'pacman-key --init'?
error: kashira-v3: key "E4DF524F75FE51DD5FB0C7BA1925D86CD662878E" is unknown
error: keyring is not writable
warning: base: unknown key '%INSTALLED_DB%' in local database
warning: base-devel: unknown key '%INSTALLED_DB%' in local database
warning: Public keyring not found; have you run 'pacman-key --init'?
error: kashira-v3: key "E4DF524F75FE51DD5FB0C7BA1925D86CD662878E" is unknown
error: keyring is not writable
warning: base: unknown key '%INSTALLED_DB%' in local database
warning: base-devel: unknown key '%INSTALLED_DB%' in local database
warning: Public keyring not found; have you run 'pacman-key --init'?
error: kashira-v3: key "E4DF524F75FE51DD5FB0C7BA1925D86CD662878E" is unknown
error: keyring is not writable
warning: base: unknown key '%INSTALLED_DB%' in local database
warning: base-devel: unknown key '%INSTALLED_DB%' in local database
warning: Public keyring not found; have you run 'pacman-key --init'?
error: kashira-v3: key "E4DF524F75FE51DD5FB0C7BA1925D86CD662878E" is unknown
error: keyring is not writable
warning: base: unknown key '%INSTALLED_DB%' in local database
warning: base-devel: unknown key '%INSTALLED_DB%' in local database
warning: Public keyring not found; have you run 'pacman-key --init'?
error: kashira-v3: key "E4DF524F75FE51DD5FB0C7BA1925D86CD662878E" is unknown
error: keyring is not writable
warning: base: unknown key '%INSTALLED_DB%' in local database
warning: base-devel: unknown key '%INSTALLED_DB%' in local database
warning: Public keyring not found; have you run 'pacman-key --init'?
error: kashira-v3: key "E4DF524F75FE51DD5FB0C7BA1925D86CD662878E" is unknown
error: keyring is not writable
warning: base: unknown key '%INSTALLED_DB%' in local database
warning: base-devel: unknown key '%INSTALLED_DB%' in local database
warning: Public keyring not found; have you run 'pacman-key --init'?
error: kashira-v3: key "E4DF524F75FE51DD5FB0C7BA1925D86CD662878E" is unknown
error: keyring is not writable
warning: base: unknown key '%INSTALLED_DB%' in local database
warning: base-devel: unknown key '%INSTALLED_DB%' in local database
warning: Public keyring not found; have you run 'pacman-key --init'?
error: kashira-v3: key "E4DF524F75FE51DD5FB0C7BA1925D86CD662878E" is unknown
error: keyring is not writable
warning: base: unknown key '%INSTALLED_DB%' in local database
warning: base-devel: unknown key '%INSTALLED_DB%' in local database
warning: Public keyring not found; have you run 'pacman-key --init'?
error: kashira-v3: key "E4DF524F75FE51DD5FB0C7BA1925D86CD662878E" is unknown
error: keyring is not writable
warning: base: unknown key '%INSTALLED_DB%' in local database
warning: base-devel: unknown key '%INSTALLED_DB%' in local database
warning: Public keyring not found; have you run 'pacman-key --init'?
error: kashira-v3: key "E4DF524F75FE51DD5FB0C7BA1925D86CD662878E" is unknown
error: keyring is not writable
warning: base: unknown key '%INSTALLED_DB%' in local database
warning: base-devel: unknown key '%INSTALLED_DB%' in local database
warning: Public keyring not found; have you run 'pacman-key --init'?
error: kashira-v3: key "E4DF524F75FE51DD5FB0C7BA1925D86CD662878E" is unknown
error: keyring is not writable
warning: base: unknown key '%INSTALLED_DB%' in local database
warning: base-devel: unknown key '%INSTALLED_DB%' in local database
warning: Public keyring not found; have you run 'pacman-key --init'?
error: kashira-v3: key "E4DF524F75FE51DD5FB0C7BA1925D86CD662878E" is unknown
error: keyring is not writable
warning: base: unknown key '%INSTALLED_DB%' in local database
warning: base-devel: unknown key '%INSTALLED_DB%' in local database
warning: Public keyring not found; have you run 'pacman-key --init'?
error: kashira-v3: key "E4DF524F75FE51DD5FB0C7BA1925D86CD662878E" is unknown
error: keyring is not writable
warning: base: unknown key '%INSTALLED_DB%' in local database
warning: base-devel: unknown key '%INSTALLED_DB%' in local database
warning: Public keyring not found; have you run 'pacman-key --init'?
error: kashira-v3: key "E4DF524F75FE51DD5FB0C7BA1925D86CD662878E" is unknown
error: keyring is not writable
warning: base: unknown key '%INSTALLED_DB%' in local database
warning: base-devel: unknown key '%INSTALLED_DB%' in local database
warning: Public keyring not found; have you run 'pacman-key --init'?
error: kashira-v3: key "E4DF524F75FE51DD5FB0C7BA1925D86CD662878E" is unknown
error: keyring is not writable
warning: base: unknown key '%INSTALLED_DB%' in local database
warning: base-devel: unknown key '%INSTALLED_DB%' in local database
warning: Public keyring not found; have you run 'pacman-key --init'?
error: kashira-v3: key "E4DF524F75FE51DD5FB0C7BA1925D86CD662878E" is unknown
error: keyring is not writable
warning: base: unknown key '%INSTALLED_DB%' in local database
warning: base-devel: unknown key '%INSTALLED_DB%' in local database
warning: Public keyring not found; have you run 'pacman-key --init'?
error: kashira-v3: key "E4DF524F75FE51DD5FB0C7BA1925D86CD662878E" is unknown
error: keyring is not writable
warning: base: unknown key '%INSTALLED_DB%' in local database
warning: base-devel: unknown key '%INSTALLED_DB%' in local database
warning: Public keyring not found; have you run 'pacman-key --init'?
error: kashira-v3: key "E4DF524F75FE51DD5FB0C7BA1925D86CD662878E" is unknown
error: keyring is not writable
warning: base: unknown key '%INSTALLED_DB%' in local database
warning: base-devel: unknown key '%INSTALLED_DB%' in local database
warning: Public keyring not found; have you run 'pacman-key --init'?
error: kashira-v3: key "E4DF524F75FE51DD5FB0C7BA1925D86CD662878E" is unknown
error: keyring is not writable
warning: base: unknown key '%INSTALLED_DB%' in local database
warning: base-devel: unknown key '%INSTALLED_DB%' in local database
warning: Public keyring not found; have you run 'pacman-key --init'?
error: kashira-v3: key "E4DF524F75FE51DD5FB0C7BA1925D86CD662878E" is unknown
error: keyring is not writable
warning: base: unknown key '%INSTALLED_DB%' in local database
warning: base-devel: unknown key '%INSTALLED_DB%' in local database
warning: Public keyring not found; have you run 'pacman-key --init'?
error: kashira-v3: key "E4DF524F75FE51DD5FB0C7BA1925D86CD662878E" is unknown
error: keyring is not writable
warning: base: unknown key '%INSTALLED_DB%' in local database
warning: base-devel: unknown key '%INSTALLED_DB%' in local database
warning: Public keyring not found; have you run 'pacman-key --init'?
error: kashira-v3: key "E4DF524F75FE51DD5FB0C7BA1925D86CD662878E" is unknown
error: keyring is not writable
warning: base: unknown key '%INSTALLED_DB%' in local database
warning: base-devel: unknown key '%INSTALLED_DB%' in local database
warning: Public keyring not found; have you run 'pacman-key --init'?
error: kashira-v3: key "E4DF524F75FE51DD5FB0C7BA1925D86CD662878E" is unknown
error: keyring is not writable
warning: base: unknown key '%INSTALLED_DB%' in local database
warning: base-devel: unknown key '%INSTALLED_DB%' in local database
warning: Public keyring not found; have you run 'pacman-key --init'?
error: kashira-v3: key "E4DF524F75FE51DD5FB0C7BA1925D86CD662878E" is unknown
error: keyring is not writable
warning: base: unknown key '%INSTALLED_DB%' in local database
warning: base-devel: unknown key '%INSTALLED_DB%' in local database
warning: Public keyring not found; have you run 'pacman-key --init'?
error: kashira-v3: key "E4DF524F75FE51DD5FB0C7BA1925D86CD662878E" is unknown
error: keyring is not writable
warning: base: unknown key '%INSTALLED_DB%' in local database
warning: base-devel: unknown key '%INSTALLED_DB%' in local database
warning: Public keyring not found; have you run 'pacman-key --init'?
error: kashira-v3: key "E4DF524F75FE51DD5FB0C7BA1925D86CD662878E" is unknown
error: keyring is not writable
warning: base: unknown key '%INSTALLED_DB%' in local database
warning: base-devel: unknown key '%INSTALLED_DB%' in local database
warning: Public keyring not found; have you run 'pacman-key --init'?
error: kashira-v3: key "E4DF524F75FE51DD5FB0C7BA1925D86CD662878E" is unknown
error: keyring is not writable
warning: base: unknown key '%INSTALLED_DB%' in local database
warning: base-devel: unknown key '%INSTALLED_DB%' in local database
warning: Public keyring not found; have you run 'pacman-key --init'?
error: kashira-v3: key "E4DF524F75FE51DD5FB0C7BA1925D86CD662878E" is unknown
error: keyring is not writable
warning: base: unknown key '%INSTALLED_DB%' in local database
warning: base-devel: unknown key '%INSTALLED_DB%' in local database
warning: Public keyring not found; have you run 'pacman-key --init'?
error: kashira-v3: key "E4DF524F75FE51DD5FB0C7BA1925D86CD662878E" is unknown
error: keyring is not writable
warning: base: unknown key '%INSTALLED_DB%' in local database
warning: base-devel: unknown key '%INSTALLED_DB%' in local database
warning: Public keyring not found; have you run 'pacman-key --init'?
error: kashira-v3: key "E4DF524F75FE51DD5FB0C7BA1925D86CD662878E" is unknown
error: keyring is not writable
warning: base: unknown key '%INSTALLED_DB%' in local database
warning: base-devel: unknown key '%INSTALLED_DB%' in local database
warning: Public keyring not found; have you run 'pacman-key --init'?
error: kashira-v3: key "E4DF524F75FE51DD5FB0C7BA1925D86CD662878E" is unknown
error: keyring is not writable
warning: base: unknown key '%INSTALLED_DB%' in local database
warning: base-devel: unknown key '%INSTALLED_DB%' in local database
warning: Public keyring not found; have you run 'pacman-key --init'?
error: kashira-v3: key "E4DF524F75FE51DD5FB0C7BA1925D86CD662878E" is unknown
error: keyring is not writable
warning: base: unknown key '%INSTALLED_DB%' in local database
warning: base-devel: unknown key '%INSTALLED_DB%' in local database
warning: Public keyring not found; have you run 'pacman-key --init'?
error: kashira-v3: key "E4DF524F75FE51DD5FB0C7BA1925D86CD662878E" is unknown
error: keyring is not writable
warning: base: unknown key '%INSTALLED_DB%' in local database
warning: base-devel: unknown key '%INSTALLED_DB%' in local database
warning: Public keyring not found; have you run 'pacman-key --init'?
error: kashira-v3: key "E4DF524F75FE51DD5FB0C7BA1925D86CD662878E" is unknown
error: keyring is not writable
warning: base: unknown key '%INSTALLED_DB%' in local database
warning: base-devel: unknown key '%INSTALLED_DB%' in local database
warning: Public keyring not found; have you run 'pacman-key --init'?
error: kashira-v3: key "E4DF524F75FE51DD5FB0C7BA1925D86CD662878E" is unknown
error: keyring is not writable
warning: base: unknown key '%INSTALLED_DB%' in local database
warning: base-devel: unknown key '%INSTALLED_DB%' in local database
warning: Public keyring not found; have you run 'pacman-key --init'?
error: kashira-v3: key "E4DF524F75FE51DD5FB0C7BA1925D86CD662878E" is unknown
error: keyring is not writable
warning: base: unknown key '%INSTALLED_DB%' in local database
warning: base-devel: unknown key '%INSTALLED_DB%' in local database
warning: Public keyring not found; have you run 'pacman-key --init'?
error: kashira-v3: key "E4DF524F75FE51DD5FB0C7BA1925D86CD662878E" is unknown
error: keyring is not writable
warning: base: unknown key '%INSTALLED_DB%' in local database
warning: base-devel: unknown key '%INSTALLED_DB%' in local database
warning: Public keyring not found; have you run 'pacman-key --init'?
error: kashira-v3: key "E4DF524F75FE51DD5FB0C7BA1925D86CD662878E" is unknown
error: keyring is not writable
warning: base: unknown key '%INSTALLED_DB%' in local database
warning: base-devel: unknown key '%INSTALLED_DB%' in local database
warning: Public keyring not found; have you run 'pacman-key --init'?
error: kashira-v3: key "E4DF524F75FE51DD5FB0C7BA1925D86CD662878E" is unknown
error: keyring is not writable
warning: base: unknown key '%INSTALLED_DB%' in local database
warning: base-devel: unknown key '%INSTALLED_DB%' in local database
warning: Public keyring not found; have you run 'pacman-key --init'?
error: kashira-v3: key "E4DF524F75FE51DD5FB0C7BA1925D86CD662878E" is unknown
error: keyring is not writable
warning: base: unknown key '%INSTALLED_DB%' in local database
warning: base-devel: unknown key '%INSTALLED_DB%' in local database
warning: Public keyring not found; have you run 'pacman-key --init'?
error: kashira-v3: key "E4DF524F75FE51DD5FB0C7BA1925D86CD662878E" is unknown
error: keyring is not writable
warning: base: unknown key '%INSTALLED_DB%' in local database
warning: base-devel: unknown key '%INSTALLED_DB%' in local database
warning: Public keyring not found; have you run 'pacman-key --init'?
error: kashira-v3: key "E4DF524F75FE51DD5FB0C7BA1925D86CD662878E" is unknown
error: keyring is not writable
warning: base: unknown key '%INSTALLED_DB%' in local database
warning: base-devel: unknown key '%INSTALLED_DB%' in local database
warning: Public keyring not found; have you run 'pacman-key --init'?
error: kashira-v3: key "E4DF524F75FE51DD5FB0C7BA1925D86CD662878E" is unknown
error: keyring is not writable
warning: base: unknown key '%INSTALLED_DB%' in local database
warning: base-devel: unknown key '%INSTALLED_DB%' in local database
warning: Public keyring not found; have you run 'pacman-key --init'?
error: kashira-v3: key "E4DF524F75FE51DD5FB0C7BA1925D86CD662878E" is unknown
error: keyring is not writable
warning: base: unknown key '%INSTALLED_DB%' in local database
warning: base-devel: unknown key '%INSTALLED_DB%' in local database
warning: Public keyring not found; have you run 'pacman-key --init'?
error: kashira-v3: key "E4DF524F75FE51DD5FB0C7BA1925D86CD662878E" is unknown
error: keyring is not writable
warning: base: unknown key '%INSTALLED_DB%' in local database
warning: base-devel: unknown key '%INSTALLED_DB%' in local database
warning: Public keyring not found; have you run 'pacman-key --init'?
error: kashira-v3: key "E4DF524F75FE51DD5FB0C7BA1925D86CD662878E" is unknown
error: keyring is not writable
warning: base: unknown key '%INSTALLED_DB%' in local database
warning: base-devel: unknown key '%INSTALLED_DB%' in local database
warning: Public keyring not found; have you run 'pacman-key --init'?
error: kashira-v3: key "E4DF524F75FE51DD5FB0C7BA1925D86CD662878E" is unknown
error: keyring is not writable
warning: base: unknown key '%INSTALLED_DB%' in local database
warning: base-devel: unknown key '%INSTALLED_DB%' in local database
warning: Public keyring not found; have you run 'pacman-key --init'?
error: kashira-v3: key "E4DF524F75FE51DD5FB0C7BA1925D86CD662878E" is unknown
error: keyring is not writable
warning: base: unknown key '%INSTALLED_DB%' in local database
warning: base-devel: unknown key '%INSTALLED_DB%' in local database
warning: Public keyring not found; have you run 'pacman-key --init'?
error: kashira-v3: key "E4DF524F75FE51DD5FB0C7BA1925D86CD662878E" is unknown
error: keyring is not writable
warning: base: unknown key '%INSTALLED_DB%' in local database
warning: base-devel: unknown key '%INSTALLED_DB%' in local database
warning: Public keyring not found; have you run 'pacman-key --init'?
error: kashira-v3: key "E4DF524F75FE51DD5FB0C7BA1925D86CD662878E" is unknown
error: keyring is not writable
warning: base: unknown key '%INSTALLED_DB%' in local database
warning: base-devel: unknown key '%INSTALLED_DB%' in local database
warning: Public keyring not found; have you run 'pacman-key --init'?
error: kashira-v3: key "E4DF524F75FE51DD5FB0C7BA1925D86CD662878E" is unknown
error: keyring is not writable
warning: base: unknown key '%INSTALLED_DB%' in local database
warning: base-devel: unknown key '%INSTALLED_DB%' in local database
warning: Public keyring not found; have you run 'pacman-key --init'?
error: kashira-v3: key "E4DF524F75FE51DD5FB0C7BA1925D86CD662878E" is unknown
error: keyring is not writable
warning: base: unknown key '%INSTALLED_DB%' in local database
warning: base-devel: unknown key '%INSTALLED_DB%' in local database
warning: Public keyring not found; have you run 'pacman-key --init'?
error: kashira-v3: key "E4DF524F75FE51DD5FB0C7BA1925D86CD662878E" is unknown
error: keyring is not writable
warning: base: unknown key '%INSTALLED_DB%' in local database
warning: base-devel: unknown key '%INSTALLED_DB%' in local database
warning: Public keyring not found; have you run 'pacman-key --init'?
error: kashira-v3: key "E4DF524F75FE51DD5FB0C7BA1925D86CD662878E" is unknown
error: keyring is not writable
warning: base: unknown key '%INSTALLED_DB%' in local database
warning: base-devel: unknown key '%INSTALLED_DB%' in local database
warning: Public keyring not found; have you run 'pacman-key --init'?
error: kashira-v3: key "E4DF524F75FE51DD5FB0C7BA1925D86CD662878E" is unknown
error: keyring is not writable
warning: base: unknown key '%INSTALLED_DB%' in local database
warning: base-devel: unknown key '%INSTALLED_DB%' in local database
warning: Public keyring not found; have you run 'pacman-key --init'?
error: kashira-v3: key "E4DF524F75FE51DD5FB0C7BA1925D86CD662878E" is unknown
error: keyring is not writable
warning: base: unknown key '%INSTALLED_DB%' in local database
warning: base-devel: unknown key '%INSTALLED_DB%' in local database
warning: Public keyring not found; have you run 'pacman-key --init'?
error: kashira-v3: key "E4DF524F75FE51DD5FB0C7BA1925D86CD662878E" is unknown
error: keyring is not writable
warning: base: unknown key '%INSTALLED_DB%' in local database
warning: base-devel: unknown key '%INSTALLED_DB%' in local database
warning: Public keyring not found; have you run 'pacman-key --init'?
error: kashira-v3: key "E4DF524F75FE51DD5FB0C7BA1925D86CD662878E" is unknown
error: keyring is not writable
warning: base: unknown key '%INSTALLED_DB%' in local database
warning: base-devel: unknown key '%INSTALLED_DB%' in local database
warning: Public keyring not found; have you run 'pacman-key --init'?
error: kashira-v3: key "E4DF524F75FE51DD5FB0C7BA1925D86CD662878E" is unknown
error: keyring is not writable
warning: base: unknown key '%INSTALLED_DB%' in local database
warning: base-devel: unknown key '%INSTALLED_DB%' in local database
warning: Public keyring not found; have you run 'pacman-key --init'?
error: kashira-v3: key "E4DF524F75FE51DD5FB0C7BA1925D86CD662878E" is unknown
error: keyring is not writable
warning: base: unknown key '%INSTALLED_DB%' in local database
warning: base-devel: unknown key '%INSTALLED_DB%' in local database
warning: Public keyring not found; have you run 'pacman-key --init'?
error: kashira-v3: key "E4DF524F75FE51DD5FB0C7BA1925D86CD662878E" is unknown
error: keyring is not writable
warning: base: unknown key '%INSTALLED_DB%' in local database
warning: base-devel: unknown key '%INSTALLED_DB%' in local database
warning: Public keyring not found; have you run 'pacman-key --init'?
error: kashira-v3: key "E4DF524F75FE51DD5FB0C7BA1925D86CD662878E" is unknown
error: keyring is not writable
warning: base: unknown key '%INSTALLED_DB%' in local database
warning: base-devel: unknown key '%INSTALLED_DB%' in local database
warning: Public keyring not found; have you run 'pacman-key --init'?
error: kashira-v3: key "E4DF524F75FE51DD5FB0C7BA1925D86CD662878E" is unknown
error: keyring is not writable
warning: base: unknown key '%INSTALLED_DB%' in local database
warning: base-devel: unknown key '%INSTALLED_DB%' in local database
warning: Public keyring not found; have you run 'pacman-key --init'?
error: kashira-v3: key "E4DF524F75FE51DD5FB0C7BA1925D86CD662878E" is unknown
error: keyring is not writable
warning: base: unknown key '%INSTALLED_DB%' in local database
warning: base-devel: unknown key '%INSTALLED_DB%' in local database
warning: Public keyring not found; have you run 'pacman-key --init'?
error: kashira-v3: key "E4DF524F75FE51DD5FB0C7BA1925D86CD662878E" is unknown
error: keyring is not writable
warning: base: unknown key '%INSTALLED_DB%' in local database
warning: base-devel: unknown key '%INSTALLED_DB%' in local database
warning: Public keyring not found; have you run 'pacman-key --init'?
error: kashira-v3: key "E4DF524F75FE51DD5FB0C7BA1925D86CD662878E" is unknown
error: keyring is not writable
warning: base: unknown key '%INSTALLED_DB%' in local database
warning: base-devel: unknown key '%INSTALLED_DB%' in local database
warning: Public keyring not found; have you run 'pacman-key --init'?
error: kashira-v3: key "E4DF524F75FE51DD5FB0C7BA1925D86CD662878E" is unknown
error: keyring is not writable
warning: base: unknown key '%INSTALLED_DB%' in local database
warning: base-devel: unknown key '%INSTALLED_DB%' in local database
warning: Public keyring not found; have you run 'pacman-key --init'?
error: kashira-v3: key "E4DF524F75FE51DD5FB0C7BA1925D86CD662878E" is unknown
error: keyring is not writable
warning: base: unknown key '%INSTALLED_DB%' in local database
warning: base-devel: unknown key '%INSTALLED_DB%' in local database
warning: Public keyring not found; have you run 'pacman-key --init'?
error: kashira-v3: key "E4DF524F75FE51DD5FB0C7BA1925D86CD662878E" is unknown
error: keyring is not writable
warning: base: unknown key '%INSTALLED_DB%' in local database
warning: base-devel: unknown key '%INSTALLED_DB%' in local database
warning: Public keyring not found; have you run 'pacman-key --init'?
error: kashira-v3: key "E4DF524F75FE51DD5FB0C7BA1925D86CD662878E" is unknown
error: keyring is not writable
warning: base: unknown key '%INSTALLED_DB%' in local database
warning: base-devel: unknown key '%INSTALLED_DB%' in local database
warning: Public keyring not found; have you run 'pacman-key --init'?
error: kashira-v3: key "E4DF524F75FE51DD5FB0C7BA1925D86CD662878E" is unknown
error: keyring is not writable
warning: base: unknown key '%INSTALLED_DB%' in local database
warning: base-devel: unknown key '%INSTALLED_DB%' in local database
warning: Public keyring not found; have you run 'pacman-key --init'?
error: kashira-v3: key "E4DF524F75FE51DD5FB0C7BA1925D86CD662878E" is unknown
error: keyring is not writable
warning: base: unknown key '%INSTALLED_DB%' in local database
warning: base-devel: unknown key '%INSTALLED_DB%' in local database
warning: Public keyring not found; have you run 'pacman-key --init'?
error: kashira-v3: key "E4DF524F75FE51DD5FB0C7BA1925D86CD662878E" is unknown
error: keyring is not writable
warning: base: unknown key '%INSTALLED_DB%' in local database
warning: base-devel: unknown key '%INSTALLED_DB%' in local database
warning: Public keyring not found; have you run 'pacman-key --init'?
error: kashira-v3: key "E4DF524F75FE51DD5FB0C7BA1925D86CD662878E" is unknown
error: keyring is not writable
warning: base: unknown key '%INSTALLED_DB%' in local database
warning: base-devel: unknown key '%INSTALLED_DB%' in local database
warning: Public keyring not found; have you run 'pacman-key --init'?
error: kashira-v3: key "E4DF524F75FE51DD5FB0C7BA1925D86CD662878E" is unknown
error: keyring is not writable
warning: base: unknown key '%INSTALLED_DB%' in local database
warning: base-devel: unknown key '%INSTALLED_DB%' in local database
warning: Public keyring not found; have you run 'pacman-key --init'?
error: kashira-v3: key "E4DF524F75FE51DD5FB0C7BA1925D86CD662878E" is unknown
error: keyring is not writable
warning: base: unknown key '%INSTALLED_DB%' in local database
warning: base-devel: unknown key '%INSTALLED_DB%' in local database
warning: Public keyring not found; have you run 'pacman-key --init'?
error: kashira-v3: key "E4DF524F75FE51DD5FB0C7BA1925D86CD662878E" is unknown
error: keyring is not writable
warning: base: unknown key '%INSTALLED_DB%' in local database
warning: base-devel: unknown key '%INSTALLED_DB%' in local database
warning: Public keyring not found; have you run 'pacman-key --init'?
error: kashira-v3: key "E4DF524F75FE51DD5FB0C7BA1925D86CD662878E" is unknown
error: keyring is not writable
warning: base: unknown key '%INSTALLED_DB%' in local database
warning: base-devel: unknown key '%INSTALLED_DB%' in local database
warning: Public keyring not found; have you run 'pacman-key --init'?
error: kashira-v3: key "E4DF524F75FE51DD5FB0C7BA1925D86CD662878E" is unknown
error: keyring is not writable
warning: base: unknown key '%INSTALLED_DB%' in local database
warning: base-devel: unknown key '%INSTALLED_DB%' in local database
warning: Public keyring not found; have you run 'pacman-key --init'?
error: kashira-v3: key "E4DF524F75FE51DD5FB0C7BA1925D86CD662878E" is unknown
error: keyring is not writable
warning: base: unknown key '%INSTALLED_DB%' in local database
warning: base-devel: unknown key '%INSTALLED_DB%' in local database
warning: Public keyring not found; have you run 'pacman-key --init'?
error: kashira-v3: key "E4DF524F75FE51DD5FB0C7BA1925D86CD662878E" is unknown
error: keyring is not writable
warning: base: unknown key '%INSTALLED_DB%' in local database
warning: base-devel: unknown key '%INSTALLED_DB%' in local database
warning: Public keyring not found; have you run 'pacman-key --init'?
error: kashira-v3: key "E4DF524F75FE51DD5FB0C7BA1925D86CD662878E" is unknown
error: keyring is not writable
warning: base: unknown key '%INSTALLED_DB%' in local database
warning: base-devel: unknown key '%INSTALLED_DB%' in local database
warning: Public keyring not found; have you run 'pacman-key --init'?
error: kashira-v3: key "E4DF524F75FE51DD5FB0C7BA1925D86CD662878E" is unknown
error: keyring is not writable
warning: base: unknown key '%INSTALLED_DB%' in local database
warning: base-devel: unknown key '%INSTALLED_DB%' in local database
warning: Public keyring not found; have you run 'pacman-key --init'?
error: kashira-v3: key "E4DF524F75FE51DD5FB0C7BA1925D86CD662878E" is unknown
error: keyring is not writable
warning: base: unknown key '%INSTALLED_DB%' in local database
warning: base-devel: unknown key '%INSTALLED_DB%' in local database
warning: Public keyring not found; have you run 'pacman-key --init'?
error: kashira-v3: key "E4DF524F75FE51DD5FB0C7BA1925D86CD662878E" is unknown
error: keyring is not writable
warning: base: unknown key '%INSTALLED_DB%' in local database
warning: base-devel: unknown key '%INSTALLED_DB%' in local database
warning: Public keyring not found; have you run 'pacman-key --init'?
error: kashira-v3: key "E4DF524F75FE51DD5FB0C7BA1925D86CD662878E" is unknown
error: keyring is not writable
warning: base: unknown key '%INSTALLED_DB%' in local database
warning: base-devel: unknown key '%INSTALLED_DB%' in local database
warning: Public keyring not found; have you run 'pacman-key --init'?
error: kashira-v3: key "E4DF524F75FE51DD5FB0C7BA1925D86CD662878E" is unknown
error: keyring is not writable
warning: base: unknown key '%INSTALLED_DB%' in local database
warning: base-devel: unknown key '%INSTALLED_DB%' in local database
warning: Public keyring not found; have you run 'pacman-key --init'?
error: kashira-v3: key "E4DF524F75FE51DD5FB0C7BA1925D86CD662878E" is unknown
error: keyring is not writable
warning: base: unknown key '%INSTALLED_DB%' in local database
warning: base-devel: unknown key '%INSTALLED_DB%' in local database
warning: Public keyring not found; have you run 'pacman-key --init'?
error: kashira-v3: key "E4DF524F75FE51DD5FB0C7BA1925D86CD662878E" is unknown
error: keyring is not writable
warning: base: unknown key '%INSTALLED_DB%' in local database
warning: base-devel: unknown key '%INSTALLED_DB%' in local database
warning: Public keyring not found; have you run 'pacman-key --init'?
error: kashira-v3: key "E4DF524F75FE51DD5FB0C7BA1925D86CD662878E" is unknown
error: keyring is not writable
warning: base: unknown key '%INSTALLED_DB%' in local database
warning: base-devel: unknown key '%INSTALLED_DB%' in local database
warning: Public keyring not found; have you run 'pacman-key --init'?
error: kashira-v3: key "E4DF524F75FE51DD5FB0C7BA1925D86CD662878E" is unknown
error: keyring is not writable
warning: base: unknown key '%INSTALLED_DB%' in local database
warning: base-devel: unknown key '%INSTALLED_DB%' in local database
warning: Public keyring not found; have you run 'pacman-key --init'?
error: kashira-v3: key "E4DF524F75FE51DD5FB0C7BA1925D86CD662878E" is unknown
error: keyring is not writable
warning: base: unknown key '%INSTALLED_DB%' in local database
warning: base-devel: unknown key '%INSTALLED_DB%' in local database
warning: Public keyring not found; have you run 'pacman-key --init'?
error: kashira-v3: key "E4DF524F75FE51DD5FB0C7BA1925D86CD662878E" is unknown
error: keyring is not writable
warning: base: unknown key '%INSTALLED_DB%' in local database
warning: base-devel: unknown key '%INSTALLED_DB%' in local database
warning: Public keyring not found; have you run 'pacman-key --init'?
error: kashira-v3: key "E4DF524F75FE51DD5FB0C7BA1925D86CD662878E" is unknown
error: keyring is not writable
warning: base: unknown key '%INSTALLED_DB%' in local database
warning: base-devel: unknown key '%INSTALLED_DB%' in local database
warning: Public keyring not found; have you run 'pacman-key --init'?
error: kashira-v3: key "E4DF524F75FE51DD5FB0C7BA1925D86CD662878E" is unknown
error: keyring is not writable
warning: base: unknown key '%INSTALLED_DB%' in local database
warning: base-devel: unknown key '%INSTALLED_DB%' in local database
warning: Public keyring not found; have you run 'pacman-key --init'?
error: kashira-v3: key "E4DF524F75FE51DD5FB0C7BA1925D86CD662878E" is unknown
error: keyring is not writable
warning: base: unknown key '%INSTALLED_DB%' in local database
warning: base-devel: unknown key '%INSTALLED_DB%' in local database
warning: Public keyring not found; have you run 'pacman-key --init'?
error: kashira-v3: key "E4DF524F75FE51DD5FB0C7BA1925D86CD662878E" is unknown
error: keyring is not writable
warning: base: unknown key '%INSTALLED_DB%' in local database
warning: base-devel: unknown key '%INSTALLED_DB%' in local database
warning: Public keyring not found; have you run 'pacman-key --init'?
error: kashira-v3: key "E4DF524F75FE51DD5FB0C7BA1925D86CD662878E" is unknown
error: keyring is not writable
warning: base: unknown key '%INSTALLED_DB%' in local database
warning: base-devel: unknown key '%INSTALLED_DB%' in local database
warning: Public keyring not found; have you run 'pacman-key --init'?
error: kashira-v3: key "E4DF524F75FE51DD5FB0C7BA1925D86CD662878E" is unknown
error: keyring is not writable
warning: base: unknown key '%INSTALLED_DB%' in local database
warning: base-devel: unknown key '%INSTALLED_DB%' in local database
warning: Public keyring not found; have you run 'pacman-key --init'?
error: kashira-v3: key "E4DF524F75FE51DD5FB0C7BA1925D86CD662878E" is unknown
error: keyring is not writable
warning: base: unknown key '%INSTALLED_DB%' in local database
warning: base-devel: unknown key '%INSTALLED_DB%' in local database
warning: Public keyring not found; have you run 'pacman-key --init'?
error: kashira-v3: key "E4DF524F75FE51DD5FB0C7BA1925D86CD662878E" is unknown
error: keyring is not writable
warning: base: unknown key '%INSTALLED_DB%' in local database
warning: base-devel: unknown key '%INSTALLED_DB%' in local database
warning: Public keyring not found; have you run 'pacman-key --init'?
error: kashira-v3: key "E4DF524F75FE51DD5FB0C7BA1925D86CD662878E" is unknown
error: keyring is not writable
warning: base: unknown key '%INSTALLED_DB%' in local database
warning: base-devel: unknown key '%INSTALLED_DB%' in local database
  -> Generating .BUILDINFO file...
warning: Public keyring not found; have you run 'pacman-key --init'?
error: kashira-v3: key "E4DF524F75FE51DD5FB0C7BA1925D86CD662878E" is unknown
error: keyring is not writable
warning: base: unknown key '%INSTALLED_DB%' in local database
warning: base-devel: unknown key '%INSTALLED_DB%' in local database
  -> Adding install file...
  -> Generating .MTREE file...
  -> Compressing package...
==> Leaving fakeroot environment.
==> Finished making: systemd 261.2-4 (Sat Sep 19 21:47:14 2026)
