== build tcl (deps: zlib )
warning: zlib-ng-2.3.3-1 is up to date -- skipping
 there is nothing to do
==> Making package: tcl 9.0.1-1 (Sun Sep 20 06:42:27 2026)
==> WARNING: Skipping dependency checks.
==> Retrieving sources...
  -> Found tcl9.0.1-src.tar.gz
==> WARNING: Skipping verification of source file PGP signatures.
==> Validating source files with sha256sums...
    tcl9.0.1-src.tar.gz ... Passed
==> Extracting sources...
  -> Extracting tcl9.0.1-src.tar.gz with bsdtar
==> Starting prepare()...
==> Starting build()...
configure: WARNING: unrecognized options: --enable-threads
checking whether to use symlinks for manpages... no
checking whether to compress the manpages... no
checking whether to add a package name suffix for the manpages... no
checking for gcc... clang
checking whether the C compiler works... yes
checking for C compiler default output file name... a.out
checking for suffix of executables... 
checking whether we are cross compiling... no
checking for suffix of object files... o
checking whether the compiler supports GNU C... yes
checking whether clang accepts -g... yes
checking for clang option to enable C11 features... none needed
checking for inline... inline
checking for stdio.h... yes
checking for stdlib.h... yes
checking for string.h... yes
checking for inttypes.h... yes
checking for stdint.h... yes
checking for strings.h... yes
checking for sys/stat.h... yes
checking for sys/types.h... yes
checking for unistd.h... yes
checking for sys/time.h... yes
checking how to run the C preprocessor... clang-cpp
checking for egrep -e... /usr/sbin/grep -E
checking for string.h... (cached) yes
checking for sys/wait.h... yes
checking for dlfcn.h... yes
checking for sys/param.h... yes
checking if the compiler understands -pipe... yes
checking for clang options needed to detect all undeclared functions... none needed
checking for sin... no
checking for main in -linet... no
checking for net/errno.h... no
checking for connect... yes
checking for gethostbyname... yes
checking for pthread_mutex_init in -lpthread... yes
checking for pthread_attr_setstacksize... yes
checking for pthread_atfork... yes
checking whether PTHREAD_MUTEX_RECURSIVE is declared... yes
checking how to build libraries... shared
checking for tclsh... No tclsh found on PATH
checking for zlib.h... yes
checking for gz_header... yes
checking for library containing deflateSetHeader... -lz
checking for tommath.h... no
checking for ranlib... llvm-ranlib
checking if 64bit support is requested... yes
checking if 64bit Sparc VIS support is requested... no
checking if compiler supports visibility "hidden"... yes
checking if rpath support is requested... yes
checking system version... Linux-7.2.6-1-cachyos
checking for dlopen in -ldl... yes
checking for ar... llvm-ar
checking if compiler accepts -m64 flag... yes
checking for cast to union support... yes
checking for working -fno-lto... yes
checking if the compiler understands -finput-charset... yes
checking for stdbool.h... yes
checking for vfork... yes
checking for posix_spawnp... yes
checking for posix_spawn_file_actions_adddup2... yes
checking for posix_spawnattr_setflags... yes
checking for build with symbols... no
checking for required early compiler flags...  _LARGEFILE64_SOURCE
checking if 'long' and 'long long' have the same size (64-bit)?... yes
checking whether byte ordering is bigendian... no
checking for getcwd... yes
checking for mkstemp... yes
checking for waitpid... yes
checking for strerror... yes
checking for getwd... yes
checking for wait3... yes
checking for fork... yes
checking for mknod... yes
checking for tcdrain... yes
checking for uname... yes
checking for realpath... yes
checking for getnameinfo... yes
checking for getaddrinfo... yes
checking for freeaddrinfo... yes
checking for gai_strerror... yes
checking for struct addrinfo... yes
checking for struct in6_addr... yes
checking for struct sockaddr_in6... yes
checking for struct sockaddr_storage... yes
checking for getpwuid_r... yes
checking for getpwuid_r with 5 args... yes
checking for getpwnam_r... yes
checking for getpwnam_r with 5 args... yes
checking for getgrgid_r... yes
checking for getgrgid_r with 5 args... yes
checking for getgrnam_r... yes
checking for getgrnam_r with 5 args... yes
checking whether gethostbyname_r is declared... yes
checking for gethostbyname_r... yes
checking for gethostbyname_r with 6 args... yes
checking whether gethostbyaddr_r is declared... yes
checking for gethostbyaddr_r... yes
checking for gethostbyaddr_r with 7 args... no
checking for gethostbyaddr_r with 8 args... yes
checking for termios.h... yes
checking for sys/ioctl.h... yes
checking for sys/modem.h... no
checking for fd_set in sys/types... yes
checking for pselect... yes
checking for advanced notifier support... epoll(7)
checking for sys/epoll.h... yes
checking for sys/eventfd.h... yes
checking for sys/time.h... (cached) yes
checking for gmtime_r... yes
checking for localtime_r... yes
checking tm_tzadj in struct tm... no
checking tm_gmtoff in struct tm... yes
checking long timezone variable... yes
checking for struct stat.st_blocks... yes
checking for struct stat.st_blksize... yes
checking for struct stat.st_rdev... yes
checking for blkcnt_t... yes
checking for fstatfs... yes
checking for mode_t... yes
checking for pid_t... yes
checking for size_t... yes
checking for uid_t... yes
checking for gid_t... yes
checking for socklen_t... yes
checking for intptr_t... yes
checking for uintptr_t... yes
checking union wait... no
checking for strncasecmp... yes
checking for gettimeofday... yes
checking for gettimeofday declaration... present
checking whether char is unsigned... no
checking signed char declarations... yes
checking for a putenv() that copies the buffer... no
checking for langinfo.h... yes
checking whether to use nl_langinfo... yes
checking for cfmakeraw... yes
checking for chflags... no
checking for mkstemps... yes
checking for fts... yes
checking for sys/ioctl.h... (cached) yes
checking for sys/filio.h... no
checking system version... (cached) Linux-7.2.6-1-cachyos
checking FIONBIO vs. O_NONBLOCK for nonblocking I/O... O_NONBLOCK
checking whether to use dll unloading... yes
checking for timezone data... /usr/share/zoneinfo
checking whether to enable DTrace support... no
checking whether the cpuid instruction is usable... yes
checking for macher... checking for zip... No zip found on PATH. Building minizip
checking for building with zipfs... yes
configure: creating ./config.status
config.status: creating Makefile
config.status: creating dltest/Makefile
config.status: creating tclConfig.sh
config.status: creating tcl.pc
configure: WARNING: unrecognized options: --enable-threads
clang -c -I"." -I/home/builder/build/src/tcl9.0.1/unix -I/home/builder/build/src/tcl9.0.1/generic -I/home/builder/build/src/tcl9.0.1/libtommath -O2 -march=x86-64-v3 -O2 -pipe -fno-plt -fexceptions         -Wp,-D_FORTIFY_SOURCE=3 -fstack-clash-protection -fcf-protection -pipe -m64 -finput-charset=UTF-8  -Wall -Wextra -Wshadow -Wundef -Wwrite-strings -Wpointer-arith -Wc++-compat -fextended-identifiers -fPIC -fno-common -DPACKAGE_NAME=\"tcl\" -DPACKAGE_TARNAME=\"tcl\" -DPACKAGE_VERSION=\"9.0\" -DPACKAGE_STRING=\"tcl\ 9.0\" -DPACKAGE_BUGREPORT=\"\" -DPACKAGE_URL=\"\" -DHAVE_STDIO_H=1 -DHAVE_STDLIB_H=1 -DHAVE_STRING_H=1 -DHAVE_INTTYPES_H=1 -DHAVE_STDINT_H=1 -DHAVE_STRINGS_H=1 -DHAVE_SYS_STAT_H=1 -DHAVE_SYS_TYPES_H=1 -DHAVE_UNISTD_H=1 -DHAVE_SYS_TIME_H=1 -DSTDC_HEADERS=1 -DHAVE_SYS_PARAM_H=1 -DTCL_CFGVAL_ENCODING=\"utf-8\" -D_REENTRANT=1 -D_THREAD_SAFE=1 -DHAVE_PTHREAD_ATTR_SETSTACKSIZE=1 -DHAVE_PTHREAD_ATFORK=1 -DHAVE_DECL_PTHREAD_MUTEX_RECURSIVE=1 -DMODULE_SCOPE=extern\ __attribute__\(\(__visibility__\(\"hidden\"\)\)\) -DHAVE_HIDDEN=1 -DTCL_CFG_DO64BIT=1 -DHAVE_CAST_TO_UNION=1 -DHAVE_STDBOOL_H=1 -DHAVE_VFORK=1 -DHAVE_POSIX_SPAWNP=1 -DHAVE_POSIX_SPAWN_FILE_ACTIONS_ADDDUP2=1 -DHAVE_POSIX_SPAWNATTR_SETFLAGS=1 -DTCL_SHLIB_EXT=\".so\" -DNDEBUG=1 -DTCL_CFG_OPTIMIZED=1 -DMP_PREC=4 -D_LARGEFILE64_SOURCE=1 -DTCL_WIDE_INT_IS_LONG=1 -DHAVE_GETCWD=1 -DHAVE_MKSTEMP=1 -DHAVE_WAITPID=1 -DHAVE_GETNAMEINFO=1 -DHAVE_GETADDRINFO=1 -DHAVE_FREEADDRINFO=1 -DHAVE_GAI_STRERROR=1 -DHAVE_STRUCT_ADDRINFO=1 -DHAVE_STRUCT_IN6_ADDR=1 -DHAVE_STRUCT_SOCKADDR_IN6=1 -DHAVE_STRUCT_SOCKADDR_STORAGE=1 -DHAVE_GETPWUID_R_5=1 -DHAVE_GETPWUID_R=1 -DHAVE_GETPWNAM_R_5=1 -DHAVE_GETPWNAM_R=1 -DHAVE_GETGRGID_R_5=1 -DHAVE_GETGRGID_R=1 -DHAVE_GETGRNAM_R_5=1 -DHAVE_GETGRNAM_R=1 -DHAVE_DECL_GETHOSTBYNAME_R=1 -DHAVE_GETHOSTBYNAME_R_6=1 -DHAVE_GETHOSTBYNAME_R=1 -DHAVE_DECL_GETHOSTBYADDR_R=1 -DHAVE_GETHOSTBYADDR_R_8=1 -DHAVE_GETHOSTBYADDR_R=1 -DHAVE_TERMIOS_H=1 -DHAVE_SYS_IOCTL_H=1 -DHAVE_PSELECT=1 -DHAVE_SYS_EPOLL_H=1 -DNOTIFIER_EPOLL=1 -DHAVE_SYS_EVENTFD_H=1 -DHAVE_EVENTFD=1 -DHAVE_SYS_TIME_H=1 -DHAVE_GMTIME_R=1 -DHAVE_LOCALTIME_R=1 -DHAVE_TM_GMTOFF=1 -DHAVE_TIMEZONE_VAR=1 -DHAVE_STRUCT_STAT_ST_BLOCKS=1 -DHAVE_STRUCT_STAT_ST_BLKSIZE=1 -DHAVE_STRUCT_STAT_ST_RDEV=1 -DHAVE_BLKCNT_T=1 -DHAVE_INTPTR_T=1 -DHAVE_UINTPTR_T=1 -DNO_UNION_WAIT=1 -DHAVE_SIGNED_CHAR=1 -DHAVE_LANGINFO=1 -DHAVE_CFMAKERAW=1 -DHAVE_MKSTEMPS=1 -DHAVE_FTS=1 -DHAVE_SYS_IOCTL_H=1 -DTCL_UNLOAD_DLLS=1 -DHAVE_CPUID=1 -DZIPFS_BUILD=1    -DMP_FIXED_CUTOFFS -DSTATIC_BUILD -fno-lto /home/builder/build/src/tcl9.0.1/generic/tclStubLib.c
clang -c -I"." -I/home/builder/build/src/tcl9.0.1/unix -I/home/builder/build/src/tcl9.0.1/generic -I/home/builder/build/src/tcl9.0.1/libtommath -O2 -march=x86-64-v3 -O2 -pipe -fno-plt -fexceptions         -Wp,-D_FORTIFY_SOURCE=3 -fstack-clash-protection -fcf-protection -pipe -m64 -finput-charset=UTF-8  -Wall -Wextra -Wshadow -Wundef -Wwrite-strings -Wpointer-arith -Wc++-compat -fextended-identifiers -fPIC -fno-common -DPACKAGE_NAME=\"tcl\" -DPACKAGE_TARNAME=\"tcl\" -DPACKAGE_VERSION=\"9.0\" -DPACKAGE_STRING=\"tcl\ 9.0\" -DPACKAGE_BUGREPORT=\"\" -DPACKAGE_URL=\"\" -DHAVE_STDIO_H=1 -DHAVE_STDLIB_H=1 -DHAVE_STRING_H=1 -DHAVE_INTTYPES_H=1 -DHAVE_STDINT_H=1 -DHAVE_STRINGS_H=1 -DHAVE_SYS_STAT_H=1 -DHAVE_SYS_TYPES_H=1 -DHAVE_UNISTD_H=1 -DHAVE_SYS_TIME_H=1 -DSTDC_HEADERS=1 -DHAVE_SYS_PARAM_H=1 -DTCL_CFGVAL_ENCODING=\"utf-8\" -D_REENTRANT=1 -D_THREAD_SAFE=1 -DHAVE_PTHREAD_ATTR_SETSTACKSIZE=1 -DHAVE_PTHREAD_ATFORK=1 -DHAVE_DECL_PTHREAD_MUTEX_RECURSIVE=1 -DMODULE_SCOPE=extern\ __attribute__\(\(__visibility__\(\"hidden\"\)\)\) -DHAVE_HIDDEN=1 -DTCL_CFG_DO64BIT=1 -DHAVE_CAST_TO_UNION=1 -DHAVE_STDBOOL_H=1 -DHAVE_VFORK=1 -DHAVE_POSIX_SPAWNP=1 -DHAVE_POSIX_SPAWN_FILE_ACTIONS_ADDDUP2=1 -DHAVE_POSIX_SPAWNATTR_SETFLAGS=1 -DTCL_SHLIB_EXT=\".so\" -DNDEBUG=1 -DTCL_CFG_OPTIMIZED=1 -DMP_PREC=4 -D_LARGEFILE64_SOURCE=1 -DTCL_WIDE_INT_IS_LONG=1 -DHAVE_GETCWD=1 -DHAVE_MKSTEMP=1 -DHAVE_WAITPID=1 -DHAVE_GETNAMEINFO=1 -DHAVE_GETADDRINFO=1 -DHAVE_FREEADDRINFO=1 -DHAVE_GAI_STRERROR=1 -DHAVE_STRUCT_ADDRINFO=1 -DHAVE_STRUCT_IN6_ADDR=1 -DHAVE_STRUCT_SOCKADDR_IN6=1 -DHAVE_STRUCT_SOCKADDR_STORAGE=1 -DHAVE_GETPWUID_R_5=1 -DHAVE_GETPWUID_R=1 -DHAVE_GETPWNAM_R_5=1 -DHAVE_GETPWNAM_R=1 -DHAVE_GETGRGID_R_5=1 -DHAVE_GETGRGID_R=1 -DHAVE_GETGRNAM_R_5=1 -DHAVE_GETGRNAM_R=1 -DHAVE_DECL_GETHOSTBYNAME_R=1 -DHAVE_GETHOSTBYNAME_R_6=1 -DHAVE_GETHOSTBYNAME_R=1 -DHAVE_DECL_GETHOSTBYADDR_R=1 -DHAVE_GETHOSTBYADDR_R_8=1 -DHAVE_GETHOSTBYADDR_R=1 -DHAVE_TERMIOS_H=1 -DHAVE_SYS_IOCTL_H=1 -DHAVE_PSELECT=1 -DHAVE_SYS_EPOLL_H=1 -DNOTIFIER_EPOLL=1 -DHAVE_SYS_EVENTFD_H=1 -DHAVE_EVENTFD=1 -DHAVE_SYS_TIME_H=1 -DHAVE_GMTIME_R=1 -DHAVE_LOCALTIME_R=1 -DHAVE_TM_GMTOFF=1 -DHAVE_TIMEZONE_VAR=1 -DHAVE_STRUCT_STAT_ST_BLOCKS=1 -DHAVE_STRUCT_STAT_ST_BLKSIZE=1 -DHAVE_STRUCT_STAT_ST_RDEV=1 -DHAVE_BLKCNT_T=1 -DHAVE_INTPTR_T=1 -DHAVE_UINTPTR_T=1 -DNO_UNION_WAIT=1 -DHAVE_SIGNED_CHAR=1 -DHAVE_LANGINFO=1 -DHAVE_CFMAKERAW=1 -DHAVE_MKSTEMPS=1 -DHAVE_FTS=1 -DHAVE_SYS_IOCTL_H=1 -DTCL_UNLOAD_DLLS=1 -DHAVE_CPUID=1 -DZIPFS_BUILD=1    -DMP_FIXED_CUTOFFS -DSTATIC_BUILD \
	-DCFG_RUNTIME_DLLFILE="\"libtcl9.0.so\"" \
	-DCFG_RUNTIME_LIBDIR="\"/usr/lib\"" \
	-DCFG_RUNTIME_BINDIR="\"/usr/bin\"" \
	/home/builder/build/src/tcl9.0.1/generic/tclStubCall.c
clang -c -I"." -I/home/builder/build/src/tcl9.0.1/unix -I/home/builder/build/src/tcl9.0.1/generic -I/home/builder/build/src/tcl9.0.1/libtommath -O2 -march=x86-64-v3 -O2 -pipe -fno-plt -fexceptions         -Wp,-D_FORTIFY_SOURCE=3 -fstack-clash-protection -fcf-protection -pipe -m64 -finput-charset=UTF-8  -Wall -Wextra -Wshadow -Wundef -Wwrite-strings -Wpointer-arith -Wc++-compat -fextended-identifiers -fPIC -fno-common -DPACKAGE_NAME=\"tcl\" -DPACKAGE_TARNAME=\"tcl\" -DPACKAGE_VERSION=\"9.0\" -DPACKAGE_STRING=\"tcl\ 9.0\" -DPACKAGE_BUGREPORT=\"\" -DPACKAGE_URL=\"\" -DHAVE_STDIO_H=1 -DHAVE_STDLIB_H=1 -DHAVE_STRING_H=1 -DHAVE_INTTYPES_H=1 -DHAVE_STDINT_H=1 -DHAVE_STRINGS_H=1 -DHAVE_SYS_STAT_H=1 -DHAVE_SYS_TYPES_H=1 -DHAVE_UNISTD_H=1 -DHAVE_SYS_TIME_H=1 -DSTDC_HEADERS=1 -DHAVE_SYS_PARAM_H=1 -DTCL_CFGVAL_ENCODING=\"utf-8\" -D_REENTRANT=1 -D_THREAD_SAFE=1 -DHAVE_PTHREAD_ATTR_SETSTACKSIZE=1 -DHAVE_PTHREAD_ATFORK=1 -DHAVE_DECL_PTHREAD_MUTEX_RECURSIVE=1 -DMODULE_SCOPE=extern\ __attribute__\(\(__visibility__\(\"hidden\"\)\)\) -DHAVE_HIDDEN=1 -DTCL_CFG_DO64BIT=1 -DHAVE_CAST_TO_UNION=1 -DHAVE_STDBOOL_H=1 -DHAVE_VFORK=1 -DHAVE_POSIX_SPAWNP=1 -DHAVE_POSIX_SPAWN_FILE_ACTIONS_ADDDUP2=1 -DHAVE_POSIX_SPAWNATTR_SETFLAGS=1 -DTCL_SHLIB_EXT=\".so\" -DNDEBUG=1 -DTCL_CFG_OPTIMIZED=1 -DMP_PREC=4 -D_LARGEFILE64_SOURCE=1 -DTCL_WIDE_INT_IS_LONG=1 -DHAVE_GETCWD=1 -DHAVE_MKSTEMP=1 -DHAVE_WAITPID=1 -DHAVE_GETNAMEINFO=1 -DHAVE_GETADDRINFO=1 -DHAVE_FREEADDRINFO=1 -DHAVE_GAI_STRERROR=1 -DHAVE_STRUCT_ADDRINFO=1 -DHAVE_STRUCT_IN6_ADDR=1 -DHAVE_STRUCT_SOCKADDR_IN6=1 -DHAVE_STRUCT_SOCKADDR_STORAGE=1 -DHAVE_GETPWUID_R_5=1 -DHAVE_GETPWUID_R=1 -DHAVE_GETPWNAM_R_5=1 -DHAVE_GETPWNAM_R=1 -DHAVE_GETGRGID_R_5=1 -DHAVE_GETGRGID_R=1 -DHAVE_GETGRNAM_R_5=1 -DHAVE_GETGRNAM_R=1 -DHAVE_DECL_GETHOSTBYNAME_R=1 -DHAVE_GETHOSTBYNAME_R_6=1 -DHAVE_GETHOSTBYNAME_R=1 -DHAVE_DECL_GETHOSTBYADDR_R=1 -DHAVE_GETHOSTBYADDR_R_8=1 -DHAVE_GETHOSTBYADDR_R=1 -DHAVE_TERMIOS_H=1 -DHAVE_SYS_IOCTL_H=1 -DHAVE_PSELECT=1 -DHAVE_SYS_EPOLL_H=1 -DNOTIFIER_EPOLL=1 -DHAVE_SYS_EVENTFD_H=1 -DHAVE_EVENTFD=1 -DHAVE_SYS_TIME_H=1 -DHAVE_GMTIME_R=1 -DHAVE_LOCALTIME_R=1 -DHAVE_TM_GMTOFF=1 -DHAVE_TIMEZONE_VAR=1 -DHAVE_STRUCT_STAT_ST_BLOCKS=1 -DHAVE_STRUCT_STAT_ST_BLKSIZE=1 -DHAVE_STRUCT_STAT_ST_RDEV=1 -DHAVE_BLKCNT_T=1 -DHAVE_INTPTR_T=1 -DHAVE_UINTPTR_T=1 -DNO_UNION_WAIT=1 -DHAVE_SIGNED_CHAR=1 -DHAVE_LANGINFO=1 -DHAVE_CFMAKERAW=1 -DHAVE_MKSTEMPS=1 -DHAVE_FTS=1 -DHAVE_SYS_IOCTL_H=1 -DTCL_UNLOAD_DLLS=1 -DHAVE_CPUID=1 -DZIPFS_BUILD=1    -DMP_FIXED_CUTOFFS -DSTATIC_BUILD /home/builder/build/src/tcl9.0.1/generic/tclStubLibTbl.c
clang -c -I"." -I/home/builder/build/src/tcl9.0.1/unix -I/home/builder/build/src/tcl9.0.1/generic -I/home/builder/build/src/tcl9.0.1/libtommath -O2 -march=x86-64-v3 -O2 -pipe -fno-plt -fexceptions         -Wp,-D_FORTIFY_SOURCE=3 -fstack-clash-protection -fcf-protection -pipe -m64 -finput-charset=UTF-8  -Wall -Wextra -Wshadow -Wundef -Wwrite-strings -Wpointer-arith -Wc++-compat -fextended-identifiers -fPIC -fno-common -DPACKAGE_NAME=\"tcl\" -DPACKAGE_TARNAME=\"tcl\" -DPACKAGE_VERSION=\"9.0\" -DPACKAGE_STRING=\"tcl\ 9.0\" -DPACKAGE_BUGREPORT=\"\" -DPACKAGE_URL=\"\" -DHAVE_STDIO_H=1 -DHAVE_STDLIB_H=1 -DHAVE_STRING_H=1 -DHAVE_INTTYPES_H=1 -DHAVE_STDINT_H=1 -DHAVE_STRINGS_H=1 -DHAVE_SYS_STAT_H=1 -DHAVE_SYS_TYPES_H=1 -DHAVE_UNISTD_H=1 -DHAVE_SYS_TIME_H=1 -DSTDC_HEADERS=1 -DHAVE_SYS_PARAM_H=1 -DTCL_CFGVAL_ENCODING=\"utf-8\" -D_REENTRANT=1 -D_THREAD_SAFE=1 -DHAVE_PTHREAD_ATTR_SETSTACKSIZE=1 -DHAVE_PTHREAD_ATFORK=1 -DHAVE_DECL_PTHREAD_MUTEX_RECURSIVE=1 -DMODULE_SCOPE=extern\ __attribute__\(\(__visibility__\(\"hidden\"\)\)\) -DHAVE_HIDDEN=1 -DTCL_CFG_DO64BIT=1 -DHAVE_CAST_TO_UNION=1 -DHAVE_STDBOOL_H=1 -DHAVE_VFORK=1 -DHAVE_POSIX_SPAWNP=1 -DHAVE_POSIX_SPAWN_FILE_ACTIONS_ADDDUP2=1 -DHAVE_POSIX_SPAWNATTR_SETFLAGS=1 -DTCL_SHLIB_EXT=\".so\" -DNDEBUG=1 -DTCL_CFG_OPTIMIZED=1 -DMP_PREC=4 -D_LARGEFILE64_SOURCE=1 -DTCL_WIDE_INT_IS_LONG=1 -DHAVE_GETCWD=1 -DHAVE_MKSTEMP=1 -DHAVE_WAITPID=1 -DHAVE_GETNAMEINFO=1 -DHAVE_GETADDRINFO=1 -DHAVE_FREEADDRINFO=1 -DHAVE_GAI_STRERROR=1 -DHAVE_STRUCT_ADDRINFO=1 -DHAVE_STRUCT_IN6_ADDR=1 -DHAVE_STRUCT_SOCKADDR_IN6=1 -DHAVE_STRUCT_SOCKADDR_STORAGE=1 -DHAVE_GETPWUID_R_5=1 -DHAVE_GETPWUID_R=1 -DHAVE_GETPWNAM_R_5=1 -DHAVE_GETPWNAM_R=1 -DHAVE_GETGRGID_R_5=1 -DHAVE_GETGRGID_R=1 -DHAVE_GETGRNAM_R_5=1 -DHAVE_GETGRNAM_R=1 -DHAVE_DECL_GETHOSTBYNAME_R=1 -DHAVE_GETHOSTBYNAME_R_6=1 -DHAVE_GETHOSTBYNAME_R=1 -DHAVE_DECL_GETHOSTBYADDR_R=1 -DHAVE_GETHOSTBYADDR_R_8=1 -DHAVE_GETHOSTBYADDR_R=1 -DHAVE_TERMIOS_H=1 -DHAVE_SYS_IOCTL_H=1 -DHAVE_PSELECT=1 -DHAVE_SYS_EPOLL_H=1 -DNOTIFIER_EPOLL=1 -DHAVE_SYS_EVENTFD_H=1 -DHAVE_EVENTFD=1 -DHAVE_SYS_TIME_H=1 -DHAVE_GMTIME_R=1 -DHAVE_LOCALTIME_R=1 -DHAVE_TM_GMTOFF=1 -DHAVE_TIMEZONE_VAR=1 -DHAVE_STRUCT_STAT_ST_BLOCKS=1 -DHAVE_STRUCT_STAT_ST_BLKSIZE=1 -DHAVE_STRUCT_STAT_ST_RDEV=1 -DHAVE_BLKCNT_T=1 -DHAVE_INTPTR_T=1 -DHAVE_UINTPTR_T=1 -DNO_UNION_WAIT=1 -DHAVE_SIGNED_CHAR=1 -DHAVE_LANGINFO=1 -DHAVE_CFMAKERAW=1 -DHAVE_MKSTEMPS=1 -DHAVE_FTS=1 -DHAVE_SYS_IOCTL_H=1 -DTCL_UNLOAD_DLLS=1 -DHAVE_CPUID=1 -DZIPFS_BUILD=1    -DMP_FIXED_CUTOFFS -fno-lto /home/builder/build/src/tcl9.0.1/generic/tclTomMathStubLib.c
clang -c -I"." -I/home/builder/build/src/tcl9.0.1/unix -I/home/builder/build/src/tcl9.0.1/generic -I/home/builder/build/src/tcl9.0.1/libtommath -O2 -march=x86-64-v3 -O2 -pipe -fno-plt -fexceptions         -Wp,-D_FORTIFY_SOURCE=3 -fstack-clash-protection -fcf-protection -pipe -m64 -finput-charset=UTF-8  -Wall -Wextra -Wshadow -Wundef -Wwrite-strings -Wpointer-arith -Wc++-compat -fextended-identifiers -fPIC -fno-common -DPACKAGE_NAME=\"tcl\" -DPACKAGE_TARNAME=\"tcl\" -DPACKAGE_VERSION=\"9.0\" -DPACKAGE_STRING=\"tcl\ 9.0\" -DPACKAGE_BUGREPORT=\"\" -DPACKAGE_URL=\"\" -DHAVE_STDIO_H=1 -DHAVE_STDLIB_H=1 -DHAVE_STRING_H=1 -DHAVE_INTTYPES_H=1 -DHAVE_STDINT_H=1 -DHAVE_STRINGS_H=1 -DHAVE_SYS_STAT_H=1 -DHAVE_SYS_TYPES_H=1 -DHAVE_UNISTD_H=1 -DHAVE_SYS_TIME_H=1 -DSTDC_HEADERS=1 -DHAVE_SYS_PARAM_H=1 -DTCL_CFGVAL_ENCODING=\"utf-8\" -D_REENTRANT=1 -D_THREAD_SAFE=1 -DHAVE_PTHREAD_ATTR_SETSTACKSIZE=1 -DHAVE_PTHREAD_ATFORK=1 -DHAVE_DECL_PTHREAD_MUTEX_RECURSIVE=1 -DMODULE_SCOPE=extern\ __attribute__\(\(__visibility__\(\"hidden\"\)\)\) -DHAVE_HIDDEN=1 -DTCL_CFG_DO64BIT=1 -DHAVE_CAST_TO_UNION=1 -DHAVE_STDBOOL_H=1 -DHAVE_VFORK=1 -DHAVE_POSIX_SPAWNP=1 -DHAVE_POSIX_SPAWN_FILE_ACTIONS_ADDDUP2=1 -DHAVE_POSIX_SPAWNATTR_SETFLAGS=1 -DTCL_SHLIB_EXT=\".so\" -DNDEBUG=1 -DTCL_CFG_OPTIMIZED=1 -DMP_PREC=4 -D_LARGEFILE64_SOURCE=1 -DTCL_WIDE_INT_IS_LONG=1 -DHAVE_GETCWD=1 -DHAVE_MKSTEMP=1 -DHAVE_WAITPID=1 -DHAVE_GETNAMEINFO=1 -DHAVE_GETADDRINFO=1 -DHAVE_FREEADDRINFO=1 -DHAVE_GAI_STRERROR=1 -DHAVE_STRUCT_ADDRINFO=1 -DHAVE_STRUCT_IN6_ADDR=1 -DHAVE_STRUCT_SOCKADDR_IN6=1 -DHAVE_STRUCT_SOCKADDR_STORAGE=1 -DHAVE_GETPWUID_R_5=1 -DHAVE_GETPWUID_R=1 -DHAVE_GETPWNAM_R_5=1 -DHAVE_GETPWNAM_R=1 -DHAVE_GETGRGID_R_5=1 -DHAVE_GETGRGID_R=1 -DHAVE_GETGRNAM_R_5=1 -DHAVE_GETGRNAM_R=1 -DHAVE_DECL_GETHOSTBYNAME_R=1 -DHAVE_GETHOSTBYNAME_R_6=1 -DHAVE_GETHOSTBYNAME_R=1 -DHAVE_DECL_GETHOSTBYADDR_R=1 -DHAVE_GETHOSTBYADDR_R_8=1 -DHAVE_GETHOSTBYADDR_R=1 -DHAVE_TERMIOS_H=1 -DHAVE_SYS_IOCTL_H=1 -DHAVE_PSELECT=1 -DHAVE_SYS_EPOLL_H=1 -DNOTIFIER_EPOLL=1 -DHAVE_SYS_EVENTFD_H=1 -DHAVE_EVENTFD=1 -DHAVE_SYS_TIME_H=1 -DHAVE_GMTIME_R=1 -DHAVE_LOCALTIME_R=1 -DHAVE_TM_GMTOFF=1 -DHAVE_TIMEZONE_VAR=1 -DHAVE_STRUCT_STAT_ST_BLOCKS=1 -DHAVE_STRUCT_STAT_ST_BLKSIZE=1 -DHAVE_STRUCT_STAT_ST_RDEV=1 -DHAVE_BLKCNT_T=1 -DHAVE_INTPTR_T=1 -DHAVE_UINTPTR_T=1 -DNO_UNION_WAIT=1 -DHAVE_SIGNED_CHAR=1 -DHAVE_LANGINFO=1 -DHAVE_CFMAKERAW=1 -DHAVE_MKSTEMPS=1 -DHAVE_FTS=1 -DHAVE_SYS_IOCTL_H=1 -DTCL_UNLOAD_DLLS=1 -DHAVE_CPUID=1 -DZIPFS_BUILD=1    -DMP_FIXED_CUTOFFS -fno-lto /home/builder/build/src/tcl9.0.1/generic/tclOOStubLib.c
rm -f libtclstub.a
llvm-ar cr libtclstub.a tclStubLib.o tclStubCall.o tclStubLibTbl.o tclTomMathStubLib.o tclOOStubLib.o  ; llvm-ranlib libtclstub.a
clang -c -I"." -I/home/builder/build/src/tcl9.0.1/unix -I/home/builder/build/src/tcl9.0.1/generic -I/home/builder/build/src/tcl9.0.1/libtommath -O2 -march=x86-64-v3 -O2 -pipe -fno-plt -fexceptions         -Wp,-D_FORTIFY_SOURCE=3 -fstack-clash-protection -fcf-protection -pipe -m64 -finput-charset=UTF-8  -Wall -Wextra -Wshadow -Wundef -Wwrite-strings -Wpointer-arith -Wc++-compat -fextended-identifiers -fPIC -fno-common -DPACKAGE_NAME=\"tcl\" -DPACKAGE_TARNAME=\"tcl\" -DPACKAGE_VERSION=\"9.0\" -DPACKAGE_STRING=\"tcl\ 9.0\" -DPACKAGE_BUGREPORT=\"\" -DPACKAGE_URL=\"\" -DHAVE_STDIO_H=1 -DHAVE_STDLIB_H=1 -DHAVE_STRING_H=1 -DHAVE_INTTYPES_H=1 -DHAVE_STDINT_H=1 -DHAVE_STRINGS_H=1 -DHAVE_SYS_STAT_H=1 -DHAVE_SYS_TYPES_H=1 -DHAVE_UNISTD_H=1 -DHAVE_SYS_TIME_H=1 -DSTDC_HEADERS=1 -DHAVE_SYS_PARAM_H=1 -DTCL_CFGVAL_ENCODING=\"utf-8\" -D_REENTRANT=1 -D_THREAD_SAFE=1 -DHAVE_PTHREAD_ATTR_SETSTACKSIZE=1 -DHAVE_PTHREAD_ATFORK=1 -DHAVE_DECL_PTHREAD_MUTEX_RECURSIVE=1 -DMODULE_SCOPE=extern\ __attribute__\(\(__visibility__\(\"hidden\"\)\)\) -DHAVE_HIDDEN=1 -DTCL_CFG_DO64BIT=1 -DHAVE_CAST_TO_UNION=1 -DHAVE_STDBOOL_H=1 -DHAVE_VFORK=1 -DHAVE_POSIX_SPAWNP=1 -DHAVE_POSIX_SPAWN_FILE_ACTIONS_ADDDUP2=1 -DHAVE_POSIX_SPAWNATTR_SETFLAGS=1 -DTCL_SHLIB_EXT=\".so\" -DNDEBUG=1 -DTCL_CFG_OPTIMIZED=1 -DMP_PREC=4 -D_LARGEFILE64_SOURCE=1 -DTCL_WIDE_INT_IS_LONG=1 -DHAVE_GETCWD=1 -DHAVE_MKSTEMP=1 -DHAVE_WAITPID=1 -DHAVE_GETNAMEINFO=1 -DHAVE_GETADDRINFO=1 -DHAVE_FREEADDRINFO=1 -DHAVE_GAI_STRERROR=1 -DHAVE_STRUCT_ADDRINFO=1 -DHAVE_STRUCT_IN6_ADDR=1 -DHAVE_STRUCT_SOCKADDR_IN6=1 -DHAVE_STRUCT_SOCKADDR_STORAGE=1 -DHAVE_GETPWUID_R_5=1 -DHAVE_GETPWUID_R=1 -DHAVE_GETPWNAM_R_5=1 -DHAVE_GETPWNAM_R=1 -DHAVE_GETGRGID_R_5=1 -DHAVE_GETGRGID_R=1 -DHAVE_GETGRNAM_R_5=1 -DHAVE_GETGRNAM_R=1 -DHAVE_DECL_GETHOSTBYNAME_R=1 -DHAVE_GETHOSTBYNAME_R_6=1 -DHAVE_GETHOSTBYNAME_R=1 -DHAVE_DECL_GETHOSTBYADDR_R=1 -DHAVE_GETHOSTBYADDR_R_8=1 -DHAVE_GETHOSTBYADDR_R=1 -DHAVE_TERMIOS_H=1 -DHAVE_SYS_IOCTL_H=1 -DHAVE_PSELECT=1 -DHAVE_SYS_EPOLL_H=1 -DNOTIFIER_EPOLL=1 -DHAVE_SYS_EVENTFD_H=1 -DHAVE_EVENTFD=1 -DHAVE_SYS_TIME_H=1 -DHAVE_GMTIME_R=1 -DHAVE_LOCALTIME_R=1 -DHAVE_TM_GMTOFF=1 -DHAVE_TIMEZONE_VAR=1 -DHAVE_STRUCT_STAT_ST_BLOCKS=1 -DHAVE_STRUCT_STAT_ST_BLKSIZE=1 -DHAVE_STRUCT_STAT_ST_RDEV=1 -DHAVE_BLKCNT_T=1 -DHAVE_INTPTR_T=1 -DHAVE_UINTPTR_T=1 -DNO_UNION_WAIT=1 -DHAVE_SIGNED_CHAR=1 -DHAVE_LANGINFO=1 -DHAVE_CFMAKERAW=1 -DHAVE_MKSTEMPS=1 -DHAVE_FTS=1 -DHAVE_SYS_IOCTL_H=1 -DTCL_UNLOAD_DLLS=1 -DHAVE_CPUID=1 -DZIPFS_BUILD=1    -DMP_FIXED_CUTOFFS -DBUILD_tcl /home/builder/build/src/tcl9.0.1/generic/regcomp.c
clang -c -I"." -I/home/builder/build/src/tcl9.0.1/unix -I/home/builder/build/src/tcl9.0.1/generic -I/home/builder/build/src/tcl9.0.1/libtommath -O2 -march=x86-64-v3 -O2 -pipe -fno-plt -fexceptions         -Wp,-D_FORTIFY_SOURCE=3 -fstack-clash-protection -fcf-protection -pipe -m64 -finput-charset=UTF-8  -Wall -Wextra -Wshadow -Wundef -Wwrite-strings -Wpointer-arith -Wc++-compat -fextended-identifiers -fPIC -fno-common -DPACKAGE_NAME=\"tcl\" -DPACKAGE_TARNAME=\"tcl\" -DPACKAGE_VERSION=\"9.0\" -DPACKAGE_STRING=\"tcl\ 9.0\" -DPACKAGE_BUGREPORT=\"\" -DPACKAGE_URL=\"\" -DHAVE_STDIO_H=1 -DHAVE_STDLIB_H=1 -DHAVE_STRING_H=1 -DHAVE_INTTYPES_H=1 -DHAVE_STDINT_H=1 -DHAVE_STRINGS_H=1 -DHAVE_SYS_STAT_H=1 -DHAVE_SYS_TYPES_H=1 -DHAVE_UNISTD_H=1 -DHAVE_SYS_TIME_H=1 -DSTDC_HEADERS=1 -DHAVE_SYS_PARAM_H=1 -DTCL_CFGVAL_ENCODING=\"utf-8\" -D_REENTRANT=1 -D_THREAD_SAFE=1 -DHAVE_PTHREAD_ATTR_SETSTACKSIZE=1 -DHAVE_PTHREAD_ATFORK=1 -DHAVE_DECL_PTHREAD_MUTEX_RECURSIVE=1 -DMODULE_SCOPE=extern\ __attribute__\(\(__visibility__\(\"hidden\"\)\)\) -DHAVE_HIDDEN=1 -DTCL_CFG_DO64BIT=1 -DHAVE_CAST_TO_UNION=1 -DHAVE_STDBOOL_H=1 -DHAVE_VFORK=1 -DHAVE_POSIX_SPAWNP=1 -DHAVE_POSIX_SPAWN_FILE_ACTIONS_ADDDUP2=1 -DHAVE_POSIX_SPAWNATTR_SETFLAGS=1 -DTCL_SHLIB_EXT=\".so\" -DNDEBUG=1 -DTCL_CFG_OPTIMIZED=1 -DMP_PREC=4 -D_LARGEFILE64_SOURCE=1 -DTCL_WIDE_INT_IS_LONG=1 -DHAVE_GETCWD=1 -DHAVE_MKSTEMP=1 -DHAVE_WAITPID=1 -DHAVE_GETNAMEINFO=1 -DHAVE_GETADDRINFO=1 -DHAVE_FREEADDRINFO=1 -DHAVE_GAI_STRERROR=1 -DHAVE_STRUCT_ADDRINFO=1 -DHAVE_STRUCT_IN6_ADDR=1 -DHAVE_STRUCT_SOCKADDR_IN6=1 -DHAVE_STRUCT_SOCKADDR_STORAGE=1 -DHAVE_GETPWUID_R_5=1 -DHAVE_GETPWUID_R=1 -DHAVE_GETPWNAM_R_5=1 -DHAVE_GETPWNAM_R=1 -DHAVE_GETGRGID_R_5=1 -DHAVE_GETGRGID_R=1 -DHAVE_GETGRNAM_R_5=1 -DHAVE_GETGRNAM_R=1 -DHAVE_DECL_GETHOSTBYNAME_R=1 -DHAVE_GETHOSTBYNAME_R_6=1 -DHAVE_GETHOSTBYNAME_R=1 -DHAVE_DECL_GETHOSTBYADDR_R=1 -DHAVE_GETHOSTBYADDR_R_8=1 -DHAVE_GETHOSTBYADDR_R=1 -DHAVE_TERMIOS_H=1 -DHAVE_SYS_IOCTL_H=1 -DHAVE_PSELECT=1 -DHAVE_SYS_EPOLL_H=1 -DNOTIFIER_EPOLL=1 -DHAVE_SYS_EVENTFD_H=1 -DHAVE_EVENTFD=1 -DHAVE_SYS_TIME_H=1 -DHAVE_GMTIME_R=1 -DHAVE_LOCALTIME_R=1 -DHAVE_TM_GMTOFF=1 -DHAVE_TIMEZONE_VAR=1 -DHAVE_STRUCT_STAT_ST_BLOCKS=1 -DHAVE_STRUCT_STAT_ST_BLKSIZE=1 -DHAVE_STRUCT_STAT_ST_RDEV=1 -DHAVE_BLKCNT_T=1 -DHAVE_INTPTR_T=1 -DHAVE_UINTPTR_T=1 -DNO_UNION_WAIT=1 -DHAVE_SIGNED_CHAR=1 -DHAVE_LANGINFO=1 -DHAVE_CFMAKERAW=1 -DHAVE_MKSTEMPS=1 -DHAVE_FTS=1 -DHAVE_SYS_IOCTL_H=1 -DTCL_UNLOAD_DLLS=1 -DHAVE_CPUID=1 -DZIPFS_BUILD=1    -DMP_FIXED_CUTOFFS -DBUILD_tcl /home/builder/build/src/tcl9.0.1/generic/regexec.c
clang -c -I"." -I/home/builder/build/src/tcl9.0.1/unix -I/home/builder/build/src/tcl9.0.1/generic -I/home/builder/build/src/tcl9.0.1/libtommath -O2 -march=x86-64-v3 -O2 -pipe -fno-plt -fexceptions         -Wp,-D_FORTIFY_SOURCE=3 -fstack-clash-protection -fcf-protection -pipe -m64 -finput-charset=UTF-8  -Wall -Wextra -Wshadow -Wundef -Wwrite-strings -Wpointer-arith -Wc++-compat -fextended-identifiers -fPIC -fno-common -DPACKAGE_NAME=\"tcl\" -DPACKAGE_TARNAME=\"tcl\" -DPACKAGE_VERSION=\"9.0\" -DPACKAGE_STRING=\"tcl\ 9.0\" -DPACKAGE_BUGREPORT=\"\" -DPACKAGE_URL=\"\" -DHAVE_STDIO_H=1 -DHAVE_STDLIB_H=1 -DHAVE_STRING_H=1 -DHAVE_INTTYPES_H=1 -DHAVE_STDINT_H=1 -DHAVE_STRINGS_H=1 -DHAVE_SYS_STAT_H=1 -DHAVE_SYS_TYPES_H=1 -DHAVE_UNISTD_H=1 -DHAVE_SYS_TIME_H=1 -DSTDC_HEADERS=1 -DHAVE_SYS_PARAM_H=1 -DTCL_CFGVAL_ENCODING=\"utf-8\" -D_REENTRANT=1 -D_THREAD_SAFE=1 -DHAVE_PTHREAD_ATTR_SETSTACKSIZE=1 -DHAVE_PTHREAD_ATFORK=1 -DHAVE_DECL_PTHREAD_MUTEX_RECURSIVE=1 -DMODULE_SCOPE=extern\ __attribute__\(\(__visibility__\(\"hidden\"\)\)\) -DHAVE_HIDDEN=1 -DTCL_CFG_DO64BIT=1 -DHAVE_CAST_TO_UNION=1 -DHAVE_STDBOOL_H=1 -DHAVE_VFORK=1 -DHAVE_POSIX_SPAWNP=1 -DHAVE_POSIX_SPAWN_FILE_ACTIONS_ADDDUP2=1 -DHAVE_POSIX_SPAWNATTR_SETFLAGS=1 -DTCL_SHLIB_EXT=\".so\" -DNDEBUG=1 -DTCL_CFG_OPTIMIZED=1 -DMP_PREC=4 -D_LARGEFILE64_SOURCE=1 -DTCL_WIDE_INT_IS_LONG=1 -DHAVE_GETCWD=1 -DHAVE_MKSTEMP=1 -DHAVE_WAITPID=1 -DHAVE_GETNAMEINFO=1 -DHAVE_GETADDRINFO=1 -DHAVE_FREEADDRINFO=1 -DHAVE_GAI_STRERROR=1 -DHAVE_STRUCT_ADDRINFO=1 -DHAVE_STRUCT_IN6_ADDR=1 -DHAVE_STRUCT_SOCKADDR_IN6=1 -DHAVE_STRUCT_SOCKADDR_STORAGE=1 -DHAVE_GETPWUID_R_5=1 -DHAVE_GETPWUID_R=1 -DHAVE_GETPWNAM_R_5=1 -DHAVE_GETPWNAM_R=1 -DHAVE_GETGRGID_R_5=1 -DHAVE_GETGRGID_R=1 -DHAVE_GETGRNAM_R_5=1 -DHAVE_GETGRNAM_R=1 -DHAVE_DECL_GETHOSTBYNAME_R=1 -DHAVE_GETHOSTBYNAME_R_6=1 -DHAVE_GETHOSTBYNAME_R=1 -DHAVE_DECL_GETHOSTBYADDR_R=1 -DHAVE_GETHOSTBYADDR_R_8=1 -DHAVE_GETHOSTBYADDR_R=1 -DHAVE_TERMIOS_H=1 -DHAVE_SYS_IOCTL_H=1 -DHAVE_PSELECT=1 -DHAVE_SYS_EPOLL_H=1 -DNOTIFIER_EPOLL=1 -DHAVE_SYS_EVENTFD_H=1 -DHAVE_EVENTFD=1 -DHAVE_SYS_TIME_H=1 -DHAVE_GMTIME_R=1 -DHAVE_LOCALTIME_R=1 -DHAVE_TM_GMTOFF=1 -DHAVE_TIMEZONE_VAR=1 -DHAVE_STRUCT_STAT_ST_BLOCKS=1 -DHAVE_STRUCT_STAT_ST_BLKSIZE=1 -DHAVE_STRUCT_STAT_ST_RDEV=1 -DHAVE_BLKCNT_T=1 -DHAVE_INTPTR_T=1 -DHAVE_UINTPTR_T=1 -DNO_UNION_WAIT=1 -DHAVE_SIGNED_CHAR=1 -DHAVE_LANGINFO=1 -DHAVE_CFMAKERAW=1 -DHAVE_MKSTEMPS=1 -DHAVE_FTS=1 -DHAVE_SYS_IOCTL_H=1 -DTCL_UNLOAD_DLLS=1 -DHAVE_CPUID=1 -DZIPFS_BUILD=1    -DMP_FIXED_CUTOFFS -DBUILD_tcl /home/builder/build/src/tcl9.0.1/generic/regfree.c
clang -c -I"." -I/home/builder/build/src/tcl9.0.1/unix -I/home/builder/build/src/tcl9.0.1/generic -I/home/builder/build/src/tcl9.0.1/libtommath -O2 -march=x86-64-v3 -O2 -pipe -fno-plt -fexceptions         -Wp,-D_FORTIFY_SOURCE=3 -fstack-clash-protection -fcf-protection -pipe -m64 -finput-charset=UTF-8  -Wall -Wextra -Wshadow -Wundef -Wwrite-strings -Wpointer-arith -Wc++-compat -fextended-identifiers -fPIC -fno-common -DPACKAGE_NAME=\"tcl\" -DPACKAGE_TARNAME=\"tcl\" -DPACKAGE_VERSION=\"9.0\" -DPACKAGE_STRING=\"tcl\ 9.0\" -DPACKAGE_BUGREPORT=\"\" -DPACKAGE_URL=\"\" -DHAVE_STDIO_H=1 -DHAVE_STDLIB_H=1 -DHAVE_STRING_H=1 -DHAVE_INTTYPES_H=1 -DHAVE_STDINT_H=1 -DHAVE_STRINGS_H=1 -DHAVE_SYS_STAT_H=1 -DHAVE_SYS_TYPES_H=1 -DHAVE_UNISTD_H=1 -DHAVE_SYS_TIME_H=1 -DSTDC_HEADERS=1 -DHAVE_SYS_PARAM_H=1 -DTCL_CFGVAL_ENCODING=\"utf-8\" -D_REENTRANT=1 -D_THREAD_SAFE=1 -DHAVE_PTHREAD_ATTR_SETSTACKSIZE=1 -DHAVE_PTHREAD_ATFORK=1 -DHAVE_DECL_PTHREAD_MUTEX_RECURSIVE=1 -DMODULE_SCOPE=extern\ __attribute__\(\(__visibility__\(\"hidden\"\)\)\) -DHAVE_HIDDEN=1 -DTCL_CFG_DO64BIT=1 -DHAVE_CAST_TO_UNION=1 -DHAVE_STDBOOL_H=1 -DHAVE_VFORK=1 -DHAVE_POSIX_SPAWNP=1 -DHAVE_POSIX_SPAWN_FILE_ACTIONS_ADDDUP2=1 -DHAVE_POSIX_SPAWNATTR_SETFLAGS=1 -DTCL_SHLIB_EXT=\".so\" -DNDEBUG=1 -DTCL_CFG_OPTIMIZED=1 -DMP_PREC=4 -D_LARGEFILE64_SOURCE=1 -DTCL_WIDE_INT_IS_LONG=1 -DHAVE_GETCWD=1 -DHAVE_MKSTEMP=1 -DHAVE_WAITPID=1 -DHAVE_GETNAMEINFO=1 -DHAVE_GETADDRINFO=1 -DHAVE_FREEADDRINFO=1 -DHAVE_GAI_STRERROR=1 -DHAVE_STRUCT_ADDRINFO=1 -DHAVE_STRUCT_IN6_ADDR=1 -DHAVE_STRUCT_SOCKADDR_IN6=1 -DHAVE_STRUCT_SOCKADDR_STORAGE=1 -DHAVE_GETPWUID_R_5=1 -DHAVE_GETPWUID_R=1 -DHAVE_GETPWNAM_R_5=1 -DHAVE_GETPWNAM_R=1 -DHAVE_GETGRGID_R_5=1 -DHAVE_GETGRGID_R=1 -DHAVE_GETGRNAM_R_5=1 -DHAVE_GETGRNAM_R=1 -DHAVE_DECL_GETHOSTBYNAME_R=1 -DHAVE_GETHOSTBYNAME_R_6=1 -DHAVE_GETHOSTBYNAME_R=1 -DHAVE_DECL_GETHOSTBYADDR_R=1 -DHAVE_GETHOSTBYADDR_R_8=1 -DHAVE_GETHOSTBYADDR_R=1 -DHAVE_TERMIOS_H=1 -DHAVE_SYS_IOCTL_H=1 -DHAVE_PSELECT=1 -DHAVE_SYS_EPOLL_H=1 -DNOTIFIER_EPOLL=1 -DHAVE_SYS_EVENTFD_H=1 -DHAVE_EVENTFD=1 -DHAVE_SYS_TIME_H=1 -DHAVE_GMTIME_R=1 -DHAVE_LOCALTIME_R=1 -DHAVE_TM_GMTOFF=1 -DHAVE_TIMEZONE_VAR=1 -DHAVE_STRUCT_STAT_ST_BLOCKS=1 -DHAVE_STRUCT_STAT_ST_BLKSIZE=1 -DHAVE_STRUCT_STAT_ST_RDEV=1 -DHAVE_BLKCNT_T=1 -DHAVE_INTPTR_T=1 -DHAVE_UINTPTR_T=1 -DNO_UNION_WAIT=1 -DHAVE_SIGNED_CHAR=1 -DHAVE_LANGINFO=1 -DHAVE_CFMAKERAW=1 -DHAVE_MKSTEMPS=1 -DHAVE_FTS=1 -DHAVE_SYS_IOCTL_H=1 -DTCL_UNLOAD_DLLS=1 -DHAVE_CPUID=1 -DZIPFS_BUILD=1    -DMP_FIXED_CUTOFFS -DBUILD_tcl /home/builder/build/src/tcl9.0.1/generic/regerror.c
clang -c -I"." -I/home/builder/build/src/tcl9.0.1/unix -I/home/builder/build/src/tcl9.0.1/generic -I/home/builder/build/src/tcl9.0.1/libtommath -O2 -march=x86-64-v3 -O2 -pipe -fno-plt -fexceptions         -Wp,-D_FORTIFY_SOURCE=3 -fstack-clash-protection -fcf-protection -pipe -m64 -finput-charset=UTF-8  -Wall -Wextra -Wshadow -Wundef -Wwrite-strings -Wpointer-arith -Wc++-compat -fextended-identifiers -fPIC -fno-common -DPACKAGE_NAME=\"tcl\" -DPACKAGE_TARNAME=\"tcl\" -DPACKAGE_VERSION=\"9.0\" -DPACKAGE_STRING=\"tcl\ 9.0\" -DPACKAGE_BUGREPORT=\"\" -DPACKAGE_URL=\"\" -DHAVE_STDIO_H=1 -DHAVE_STDLIB_H=1 -DHAVE_STRING_H=1 -DHAVE_INTTYPES_H=1 -DHAVE_STDINT_H=1 -DHAVE_STRINGS_H=1 -DHAVE_SYS_STAT_H=1 -DHAVE_SYS_TYPES_H=1 -DHAVE_UNISTD_H=1 -DHAVE_SYS_TIME_H=1 -DSTDC_HEADERS=1 -DHAVE_SYS_PARAM_H=1 -DTCL_CFGVAL_ENCODING=\"utf-8\" -D_REENTRANT=1 -D_THREAD_SAFE=1 -DHAVE_PTHREAD_ATTR_SETSTACKSIZE=1 -DHAVE_PTHREAD_ATFORK=1 -DHAVE_DECL_PTHREAD_MUTEX_RECURSIVE=1 -DMODULE_SCOPE=extern\ __attribute__\(\(__visibility__\(\"hidden\"\)\)\) -DHAVE_HIDDEN=1 -DTCL_CFG_DO64BIT=1 -DHAVE_CAST_TO_UNION=1 -DHAVE_STDBOOL_H=1 -DHAVE_VFORK=1 -DHAVE_POSIX_SPAWNP=1 -DHAVE_POSIX_SPAWN_FILE_ACTIONS_ADDDUP2=1 -DHAVE_POSIX_SPAWNATTR_SETFLAGS=1 -DTCL_SHLIB_EXT=\".so\" -DNDEBUG=1 -DTCL_CFG_OPTIMIZED=1 -DMP_PREC=4 -D_LARGEFILE64_SOURCE=1 -DTCL_WIDE_INT_IS_LONG=1 -DHAVE_GETCWD=1 -DHAVE_MKSTEMP=1 -DHAVE_WAITPID=1 -DHAVE_GETNAMEINFO=1 -DHAVE_GETADDRINFO=1 -DHAVE_FREEADDRINFO=1 -DHAVE_GAI_STRERROR=1 -DHAVE_STRUCT_ADDRINFO=1 -DHAVE_STRUCT_IN6_ADDR=1 -DHAVE_STRUCT_SOCKADDR_IN6=1 -DHAVE_STRUCT_SOCKADDR_STORAGE=1 -DHAVE_GETPWUID_R_5=1 -DHAVE_GETPWUID_R=1 -DHAVE_GETPWNAM_R_5=1 -DHAVE_GETPWNAM_R=1 -DHAVE_GETGRGID_R_5=1 -DHAVE_GETGRGID_R=1 -DHAVE_GETGRNAM_R_5=1 -DHAVE_GETGRNAM_R=1 -DHAVE_DECL_GETHOSTBYNAME_R=1 -DHAVE_GETHOSTBYNAME_R_6=1 -DHAVE_GETHOSTBYNAME_R=1 -DHAVE_DECL_GETHOSTBYADDR_R=1 -DHAVE_GETHOSTBYADDR_R_8=1 -DHAVE_GETHOSTBYADDR_R=1 -DHAVE_TERMIOS_H=1 -DHAVE_SYS_IOCTL_H=1 -DHAVE_PSELECT=1 -DHAVE_SYS_EPOLL_H=1 -DNOTIFIER_EPOLL=1 -DHAVE_SYS_EVENTFD_H=1 -DHAVE_EVENTFD=1 -DHAVE_SYS_TIME_H=1 -DHAVE_GMTIME_R=1 -DHAVE_LOCALTIME_R=1 -DHAVE_TM_GMTOFF=1 -DHAVE_TIMEZONE_VAR=1 -DHAVE_STRUCT_STAT_ST_BLOCKS=1 -DHAVE_STRUCT_STAT_ST_BLKSIZE=1 -DHAVE_STRUCT_STAT_ST_RDEV=1 -DHAVE_BLKCNT_T=1 -DHAVE_INTPTR_T=1 -DHAVE_UINTPTR_T=1 -DNO_UNION_WAIT=1 -DHAVE_SIGNED_CHAR=1 -DHAVE_LANGINFO=1 -DHAVE_CFMAKERAW=1 -DHAVE_MKSTEMPS=1 -DHAVE_FTS=1 -DHAVE_SYS_IOCTL_H=1 -DTCL_UNLOAD_DLLS=1 -DHAVE_CPUID=1 -DZIPFS_BUILD=1    -DMP_FIXED_CUTOFFS -DBUILD_tcl /home/builder/build/src/tcl9.0.1/generic/tclAlloc.c
clang -c -I"." -I/home/builder/build/src/tcl9.0.1/unix -I/home/builder/build/src/tcl9.0.1/generic -I/home/builder/build/src/tcl9.0.1/libtommath -O2 -march=x86-64-v3 -O2 -pipe -fno-plt -fexceptions         -Wp,-D_FORTIFY_SOURCE=3 -fstack-clash-protection -fcf-protection -pipe -m64 -finput-charset=UTF-8  -Wall -Wextra -Wshadow -Wundef -Wwrite-strings -Wpointer-arith -Wc++-compat -fextended-identifiers -fPIC -fno-common -DPACKAGE_NAME=\"tcl\" -DPACKAGE_TARNAME=\"tcl\" -DPACKAGE_VERSION=\"9.0\" -DPACKAGE_STRING=\"tcl\ 9.0\" -DPACKAGE_BUGREPORT=\"\" -DPACKAGE_URL=\"\" -DHAVE_STDIO_H=1 -DHAVE_STDLIB_H=1 -DHAVE_STRING_H=1 -DHAVE_INTTYPES_H=1 -DHAVE_STDINT_H=1 -DHAVE_STRINGS_H=1 -DHAVE_SYS_STAT_H=1 -DHAVE_SYS_TYPES_H=1 -DHAVE_UNISTD_H=1 -DHAVE_SYS_TIME_H=1 -DSTDC_HEADERS=1 -DHAVE_SYS_PARAM_H=1 -DTCL_CFGVAL_ENCODING=\"utf-8\" -D_REENTRANT=1 -D_THREAD_SAFE=1 -DHAVE_PTHREAD_ATTR_SETSTACKSIZE=1 -DHAVE_PTHREAD_ATFORK=1 -DHAVE_DECL_PTHREAD_MUTEX_RECURSIVE=1 -DMODULE_SCOPE=extern\ __attribute__\(\(__visibility__\(\"hidden\"\)\)\) -DHAVE_HIDDEN=1 -DTCL_CFG_DO64BIT=1 -DHAVE_CAST_TO_UNION=1 -DHAVE_STDBOOL_H=1 -DHAVE_VFORK=1 -DHAVE_POSIX_SPAWNP=1 -DHAVE_POSIX_SPAWN_FILE_ACTIONS_ADDDUP2=1 -DHAVE_POSIX_SPAWNATTR_SETFLAGS=1 -DTCL_SHLIB_EXT=\".so\" -DNDEBUG=1 -DTCL_CFG_OPTIMIZED=1 -DMP_PREC=4 -D_LARGEFILE64_SOURCE=1 -DTCL_WIDE_INT_IS_LONG=1 -DHAVE_GETCWD=1 -DHAVE_MKSTEMP=1 -DHAVE_WAITPID=1 -DHAVE_GETNAMEINFO=1 -DHAVE_GETADDRINFO=1 -DHAVE_FREEADDRINFO=1 -DHAVE_GAI_STRERROR=1 -DHAVE_STRUCT_ADDRINFO=1 -DHAVE_STRUCT_IN6_ADDR=1 -DHAVE_STRUCT_SOCKADDR_IN6=1 -DHAVE_STRUCT_SOCKADDR_STORAGE=1 -DHAVE_GETPWUID_R_5=1 -DHAVE_GETPWUID_R=1 -DHAVE_GETPWNAM_R_5=1 -DHAVE_GETPWNAM_R=1 -DHAVE_GETGRGID_R_5=1 -DHAVE_GETGRGID_R=1 -DHAVE_GETGRNAM_R_5=1 -DHAVE_GETGRNAM_R=1 -DHAVE_DECL_GETHOSTBYNAME_R=1 -DHAVE_GETHOSTBYNAME_R_6=1 -DHAVE_GETHOSTBYNAME_R=1 -DHAVE_DECL_GETHOSTBYADDR_R=1 -DHAVE_GETHOSTBYADDR_R_8=1 -DHAVE_GETHOSTBYADDR_R=1 -DHAVE_TERMIOS_H=1 -DHAVE_SYS_IOCTL_H=1 -DHAVE_PSELECT=1 -DHAVE_SYS_EPOLL_H=1 -DNOTIFIER_EPOLL=1 -DHAVE_SYS_EVENTFD_H=1 -DHAVE_EVENTFD=1 -DHAVE_SYS_TIME_H=1 -DHAVE_GMTIME_R=1 -DHAVE_LOCALTIME_R=1 -DHAVE_TM_GMTOFF=1 -DHAVE_TIMEZONE_VAR=1 -DHAVE_STRUCT_STAT_ST_BLOCKS=1 -DHAVE_STRUCT_STAT_ST_BLKSIZE=1 -DHAVE_STRUCT_STAT_ST_RDEV=1 -DHAVE_BLKCNT_T=1 -DHAVE_INTPTR_T=1 -DHAVE_UINTPTR_T=1 -DNO_UNION_WAIT=1 -DHAVE_SIGNED_CHAR=1 -DHAVE_LANGINFO=1 -DHAVE_CFMAKERAW=1 -DHAVE_MKSTEMPS=1 -DHAVE_FTS=1 -DHAVE_SYS_IOCTL_H=1 -DTCL_UNLOAD_DLLS=1 -DHAVE_CPUID=1 -DZIPFS_BUILD=1    -DMP_FIXED_CUTOFFS -DBUILD_tcl /home/builder/build/src/tcl9.0.1/generic/tclArithSeries.c
clang -c -I"." -I/home/builder/build/src/tcl9.0.1/unix -I/home/builder/build/src/tcl9.0.1/generic -I/home/builder/build/src/tcl9.0.1/libtommath -O2 -march=x86-64-v3 -O2 -pipe -fno-plt -fexceptions         -Wp,-D_FORTIFY_SOURCE=3 -fstack-clash-protection -fcf-protection -pipe -m64 -finput-charset=UTF-8  -Wall -Wextra -Wshadow -Wundef -Wwrite-strings -Wpointer-arith -Wc++-compat -fextended-identifiers -fPIC -fno-common -DPACKAGE_NAME=\"tcl\" -DPACKAGE_TARNAME=\"tcl\" -DPACKAGE_VERSION=\"9.0\" -DPACKAGE_STRING=\"tcl\ 9.0\" -DPACKAGE_BUGREPORT=\"\" -DPACKAGE_URL=\"\" -DHAVE_STDIO_H=1 -DHAVE_STDLIB_H=1 -DHAVE_STRING_H=1 -DHAVE_INTTYPES_H=1 -DHAVE_STDINT_H=1 -DHAVE_STRINGS_H=1 -DHAVE_SYS_STAT_H=1 -DHAVE_SYS_TYPES_H=1 -DHAVE_UNISTD_H=1 -DHAVE_SYS_TIME_H=1 -DSTDC_HEADERS=1 -DHAVE_SYS_PARAM_H=1 -DTCL_CFGVAL_ENCODING=\"utf-8\" -D_REENTRANT=1 -D_THREAD_SAFE=1 -DHAVE_PTHREAD_ATTR_SETSTACKSIZE=1 -DHAVE_PTHREAD_ATFORK=1 -DHAVE_DECL_PTHREAD_MUTEX_RECURSIVE=1 -DMODULE_SCOPE=extern\ __attribute__\(\(__visibility__\(\"hidden\"\)\)\) -DHAVE_HIDDEN=1 -DTCL_CFG_DO64BIT=1 -DHAVE_CAST_TO_UNION=1 -DHAVE_STDBOOL_H=1 -DHAVE_VFORK=1 -DHAVE_POSIX_SPAWNP=1 -DHAVE_POSIX_SPAWN_FILE_ACTIONS_ADDDUP2=1 -DHAVE_POSIX_SPAWNATTR_SETFLAGS=1 -DTCL_SHLIB_EXT=\".so\" -DNDEBUG=1 -DTCL_CFG_OPTIMIZED=1 -DMP_PREC=4 -D_LARGEFILE64_SOURCE=1 -DTCL_WIDE_INT_IS_LONG=1 -DHAVE_GETCWD=1 -DHAVE_MKSTEMP=1 -DHAVE_WAITPID=1 -DHAVE_GETNAMEINFO=1 -DHAVE_GETADDRINFO=1 -DHAVE_FREEADDRINFO=1 -DHAVE_GAI_STRERROR=1 -DHAVE_STRUCT_ADDRINFO=1 -DHAVE_STRUCT_IN6_ADDR=1 -DHAVE_STRUCT_SOCKADDR_IN6=1 -DHAVE_STRUCT_SOCKADDR_STORAGE=1 -DHAVE_GETPWUID_R_5=1 -DHAVE_GETPWUID_R=1 -DHAVE_GETPWNAM_R_5=1 -DHAVE_GETPWNAM_R=1 -DHAVE_GETGRGID_R_5=1 -DHAVE_GETGRGID_R=1 -DHAVE_GETGRNAM_R_5=1 -DHAVE_GETGRNAM_R=1 -DHAVE_DECL_GETHOSTBYNAME_R=1 -DHAVE_GETHOSTBYNAME_R_6=1 -DHAVE_GETHOSTBYNAME_R=1 -DHAVE_DECL_GETHOSTBYADDR_R=1 -DHAVE_GETHOSTBYADDR_R_8=1 -DHAVE_GETHOSTBYADDR_R=1 -DHAVE_TERMIOS_H=1 -DHAVE_SYS_IOCTL_H=1 -DHAVE_PSELECT=1 -DHAVE_SYS_EPOLL_H=1 -DNOTIFIER_EPOLL=1 -DHAVE_SYS_EVENTFD_H=1 -DHAVE_EVENTFD=1 -DHAVE_SYS_TIME_H=1 -DHAVE_GMTIME_R=1 -DHAVE_LOCALTIME_R=1 -DHAVE_TM_GMTOFF=1 -DHAVE_TIMEZONE_VAR=1 -DHAVE_STRUCT_STAT_ST_BLOCKS=1 -DHAVE_STRUCT_STAT_ST_BLKSIZE=1 -DHAVE_STRUCT_STAT_ST_RDEV=1 -DHAVE_BLKCNT_T=1 -DHAVE_INTPTR_T=1 -DHAVE_UINTPTR_T=1 -DNO_UNION_WAIT=1 -DHAVE_SIGNED_CHAR=1 -DHAVE_LANGINFO=1 -DHAVE_CFMAKERAW=1 -DHAVE_MKSTEMPS=1 -DHAVE_FTS=1 -DHAVE_SYS_IOCTL_H=1 -DTCL_UNLOAD_DLLS=1 -DHAVE_CPUID=1 -DZIPFS_BUILD=1    -DMP_FIXED_CUTOFFS -DBUILD_tcl /home/builder/build/src/tcl9.0.1/generic/tclAssembly.c
clang -c -I"." -I/home/builder/build/src/tcl9.0.1/unix -I/home/builder/build/src/tcl9.0.1/generic -I/home/builder/build/src/tcl9.0.1/libtommath -O2 -march=x86-64-v3 -O2 -pipe -fno-plt -fexceptions         -Wp,-D_FORTIFY_SOURCE=3 -fstack-clash-protection -fcf-protection -pipe -m64 -finput-charset=UTF-8  -Wall -Wextra -Wshadow -Wundef -Wwrite-strings -Wpointer-arith -Wc++-compat -fextended-identifiers -fPIC -fno-common -DPACKAGE_NAME=\"tcl\" -DPACKAGE_TARNAME=\"tcl\" -DPACKAGE_VERSION=\"9.0\" -DPACKAGE_STRING=\"tcl\ 9.0\" -DPACKAGE_BUGREPORT=\"\" -DPACKAGE_URL=\"\" -DHAVE_STDIO_H=1 -DHAVE_STDLIB_H=1 -DHAVE_STRING_H=1 -DHAVE_INTTYPES_H=1 -DHAVE_STDINT_H=1 -DHAVE_STRINGS_H=1 -DHAVE_SYS_STAT_H=1 -DHAVE_SYS_TYPES_H=1 -DHAVE_UNISTD_H=1 -DHAVE_SYS_TIME_H=1 -DSTDC_HEADERS=1 -DHAVE_SYS_PARAM_H=1 -DTCL_CFGVAL_ENCODING=\"utf-8\" -D_REENTRANT=1 -D_THREAD_SAFE=1 -DHAVE_PTHREAD_ATTR_SETSTACKSIZE=1 -DHAVE_PTHREAD_ATFORK=1 -DHAVE_DECL_PTHREAD_MUTEX_RECURSIVE=1 -DMODULE_SCOPE=extern\ __attribute__\(\(__visibility__\(\"hidden\"\)\)\) -DHAVE_HIDDEN=1 -DTCL_CFG_DO64BIT=1 -DHAVE_CAST_TO_UNION=1 -DHAVE_STDBOOL_H=1 -DHAVE_VFORK=1 -DHAVE_POSIX_SPAWNP=1 -DHAVE_POSIX_SPAWN_FILE_ACTIONS_ADDDUP2=1 -DHAVE_POSIX_SPAWNATTR_SETFLAGS=1 -DTCL_SHLIB_EXT=\".so\" -DNDEBUG=1 -DTCL_CFG_OPTIMIZED=1 -DMP_PREC=4 -D_LARGEFILE64_SOURCE=1 -DTCL_WIDE_INT_IS_LONG=1 -DHAVE_GETCWD=1 -DHAVE_MKSTEMP=1 -DHAVE_WAITPID=1 -DHAVE_GETNAMEINFO=1 -DHAVE_GETADDRINFO=1 -DHAVE_FREEADDRINFO=1 -DHAVE_GAI_STRERROR=1 -DHAVE_STRUCT_ADDRINFO=1 -DHAVE_STRUCT_IN6_ADDR=1 -DHAVE_STRUCT_SOCKADDR_IN6=1 -DHAVE_STRUCT_SOCKADDR_STORAGE=1 -DHAVE_GETPWUID_R_5=1 -DHAVE_GETPWUID_R=1 -DHAVE_GETPWNAM_R_5=1 -DHAVE_GETPWNAM_R=1 -DHAVE_GETGRGID_R_5=1 -DHAVE_GETGRGID_R=1 -DHAVE_GETGRNAM_R_5=1 -DHAVE_GETGRNAM_R=1 -DHAVE_DECL_GETHOSTBYNAME_R=1 -DHAVE_GETHOSTBYNAME_R_6=1 -DHAVE_GETHOSTBYNAME_R=1 -DHAVE_DECL_GETHOSTBYADDR_R=1 -DHAVE_GETHOSTBYADDR_R_8=1 -DHAVE_GETHOSTBYADDR_R=1 -DHAVE_TERMIOS_H=1 -DHAVE_SYS_IOCTL_H=1 -DHAVE_PSELECT=1 -DHAVE_SYS_EPOLL_H=1 -DNOTIFIER_EPOLL=1 -DHAVE_SYS_EVENTFD_H=1 -DHAVE_EVENTFD=1 -DHAVE_SYS_TIME_H=1 -DHAVE_GMTIME_R=1 -DHAVE_LOCALTIME_R=1 -DHAVE_TM_GMTOFF=1 -DHAVE_TIMEZONE_VAR=1 -DHAVE_STRUCT_STAT_ST_BLOCKS=1 -DHAVE_STRUCT_STAT_ST_BLKSIZE=1 -DHAVE_STRUCT_STAT_ST_RDEV=1 -DHAVE_BLKCNT_T=1 -DHAVE_INTPTR_T=1 -DHAVE_UINTPTR_T=1 -DNO_UNION_WAIT=1 -DHAVE_SIGNED_CHAR=1 -DHAVE_LANGINFO=1 -DHAVE_CFMAKERAW=1 -DHAVE_MKSTEMPS=1 -DHAVE_FTS=1 -DHAVE_SYS_IOCTL_H=1 -DTCL_UNLOAD_DLLS=1 -DHAVE_CPUID=1 -DZIPFS_BUILD=1    -DMP_FIXED_CUTOFFS -DBUILD_tcl /home/builder/build/src/tcl9.0.1/generic/tclAsync.c
clang -c -I"." -I/home/builder/build/src/tcl9.0.1/unix -I/home/builder/build/src/tcl9.0.1/generic -I/home/builder/build/src/tcl9.0.1/libtommath -O2 -march=x86-64-v3 -O2 -pipe -fno-plt -fexceptions         -Wp,-D_FORTIFY_SOURCE=3 -fstack-clash-protection -fcf-protection -pipe -m64 -finput-charset=UTF-8  -Wall -Wextra -Wshadow -Wundef -Wwrite-strings -Wpointer-arith -Wc++-compat -fextended-identifiers -fPIC -fno-common -DPACKAGE_NAME=\"tcl\" -DPACKAGE_TARNAME=\"tcl\" -DPACKAGE_VERSION=\"9.0\" -DPACKAGE_STRING=\"tcl\ 9.0\" -DPACKAGE_BUGREPORT=\"\" -DPACKAGE_URL=\"\" -DHAVE_STDIO_H=1 -DHAVE_STDLIB_H=1 -DHAVE_STRING_H=1 -DHAVE_INTTYPES_H=1 -DHAVE_STDINT_H=1 -DHAVE_STRINGS_H=1 -DHAVE_SYS_STAT_H=1 -DHAVE_SYS_TYPES_H=1 -DHAVE_UNISTD_H=1 -DHAVE_SYS_TIME_H=1 -DSTDC_HEADERS=1 -DHAVE_SYS_PARAM_H=1 -DTCL_CFGVAL_ENCODING=\"utf-8\" -D_REENTRANT=1 -D_THREAD_SAFE=1 -DHAVE_PTHREAD_ATTR_SETSTACKSIZE=1 -DHAVE_PTHREAD_ATFORK=1 -DHAVE_DECL_PTHREAD_MUTEX_RECURSIVE=1 -DMODULE_SCOPE=extern\ __attribute__\(\(__visibility__\(\"hidden\"\)\)\) -DHAVE_HIDDEN=1 -DTCL_CFG_DO64BIT=1 -DHAVE_CAST_TO_UNION=1 -DHAVE_STDBOOL_H=1 -DHAVE_VFORK=1 -DHAVE_POSIX_SPAWNP=1 -DHAVE_POSIX_SPAWN_FILE_ACTIONS_ADDDUP2=1 -DHAVE_POSIX_SPAWNATTR_SETFLAGS=1 -DTCL_SHLIB_EXT=\".so\" -DNDEBUG=1 -DTCL_CFG_OPTIMIZED=1 -DMP_PREC=4 -D_LARGEFILE64_SOURCE=1 -DTCL_WIDE_INT_IS_LONG=1 -DHAVE_GETCWD=1 -DHAVE_MKSTEMP=1 -DHAVE_WAITPID=1 -DHAVE_GETNAMEINFO=1 -DHAVE_GETADDRINFO=1 -DHAVE_FREEADDRINFO=1 -DHAVE_GAI_STRERROR=1 -DHAVE_STRUCT_ADDRINFO=1 -DHAVE_STRUCT_IN6_ADDR=1 -DHAVE_STRUCT_SOCKADDR_IN6=1 -DHAVE_STRUCT_SOCKADDR_STORAGE=1 -DHAVE_GETPWUID_R_5=1 -DHAVE_GETPWUID_R=1 -DHAVE_GETPWNAM_R_5=1 -DHAVE_GETPWNAM_R=1 -DHAVE_GETGRGID_R_5=1 -DHAVE_GETGRGID_R=1 -DHAVE_GETGRNAM_R_5=1 -DHAVE_GETGRNAM_R=1 -DHAVE_DECL_GETHOSTBYNAME_R=1 -DHAVE_GETHOSTBYNAME_R_6=1 -DHAVE_GETHOSTBYNAME_R=1 -DHAVE_DECL_GETHOSTBYADDR_R=1 -DHAVE_GETHOSTBYADDR_R_8=1 -DHAVE_GETHOSTBYADDR_R=1 -DHAVE_TERMIOS_H=1 -DHAVE_SYS_IOCTL_H=1 -DHAVE_PSELECT=1 -DHAVE_SYS_EPOLL_H=1 -DNOTIFIER_EPOLL=1 -DHAVE_SYS_EVENTFD_H=1 -DHAVE_EVENTFD=1 -DHAVE_SYS_TIME_H=1 -DHAVE_GMTIME_R=1 -DHAVE_LOCALTIME_R=1 -DHAVE_TM_GMTOFF=1 -DHAVE_TIMEZONE_VAR=1 -DHAVE_STRUCT_STAT_ST_BLOCKS=1 -DHAVE_STRUCT_STAT_ST_BLKSIZE=1 -DHAVE_STRUCT_STAT_ST_RDEV=1 -DHAVE_BLKCNT_T=1 -DHAVE_INTPTR_T=1 -DHAVE_UINTPTR_T=1 -DNO_UNION_WAIT=1 -DHAVE_SIGNED_CHAR=1 -DHAVE_LANGINFO=1 -DHAVE_CFMAKERAW=1 -DHAVE_MKSTEMPS=1 -DHAVE_FTS=1 -DHAVE_SYS_IOCTL_H=1 -DTCL_UNLOAD_DLLS=1 -DHAVE_CPUID=1 -DZIPFS_BUILD=1    -DMP_FIXED_CUTOFFS -DBUILD_tcl /home/builder/build/src/tcl9.0.1/generic/tclBasic.c
clang -c -I"." -I/home/builder/build/src/tcl9.0.1/unix -I/home/builder/build/src/tcl9.0.1/generic -I/home/builder/build/src/tcl9.0.1/libtommath -O2 -march=x86-64-v3 -O2 -pipe -fno-plt -fexceptions         -Wp,-D_FORTIFY_SOURCE=3 -fstack-clash-protection -fcf-protection -pipe -m64 -finput-charset=UTF-8  -Wall -Wextra -Wshadow -Wundef -Wwrite-strings -Wpointer-arith -Wc++-compat -fextended-identifiers -fPIC -fno-common -DPACKAGE_NAME=\"tcl\" -DPACKAGE_TARNAME=\"tcl\" -DPACKAGE_VERSION=\"9.0\" -DPACKAGE_STRING=\"tcl\ 9.0\" -DPACKAGE_BUGREPORT=\"\" -DPACKAGE_URL=\"\" -DHAVE_STDIO_H=1 -DHAVE_STDLIB_H=1 -DHAVE_STRING_H=1 -DHAVE_INTTYPES_H=1 -DHAVE_STDINT_H=1 -DHAVE_STRINGS_H=1 -DHAVE_SYS_STAT_H=1 -DHAVE_SYS_TYPES_H=1 -DHAVE_UNISTD_H=1 -DHAVE_SYS_TIME_H=1 -DSTDC_HEADERS=1 -DHAVE_SYS_PARAM_H=1 -DTCL_CFGVAL_ENCODING=\"utf-8\" -D_REENTRANT=1 -D_THREAD_SAFE=1 -DHAVE_PTHREAD_ATTR_SETSTACKSIZE=1 -DHAVE_PTHREAD_ATFORK=1 -DHAVE_DECL_PTHREAD_MUTEX_RECURSIVE=1 -DMODULE_SCOPE=extern\ __attribute__\(\(__visibility__\(\"hidden\"\)\)\) -DHAVE_HIDDEN=1 -DTCL_CFG_DO64BIT=1 -DHAVE_CAST_TO_UNION=1 -DHAVE_STDBOOL_H=1 -DHAVE_VFORK=1 -DHAVE_POSIX_SPAWNP=1 -DHAVE_POSIX_SPAWN_FILE_ACTIONS_ADDDUP2=1 -DHAVE_POSIX_SPAWNATTR_SETFLAGS=1 -DTCL_SHLIB_EXT=\".so\" -DNDEBUG=1 -DTCL_CFG_OPTIMIZED=1 -DMP_PREC=4 -D_LARGEFILE64_SOURCE=1 -DTCL_WIDE_INT_IS_LONG=1 -DHAVE_GETCWD=1 -DHAVE_MKSTEMP=1 -DHAVE_WAITPID=1 -DHAVE_GETNAMEINFO=1 -DHAVE_GETADDRINFO=1 -DHAVE_FREEADDRINFO=1 -DHAVE_GAI_STRERROR=1 -DHAVE_STRUCT_ADDRINFO=1 -DHAVE_STRUCT_IN6_ADDR=1 -DHAVE_STRUCT_SOCKADDR_IN6=1 -DHAVE_STRUCT_SOCKADDR_STORAGE=1 -DHAVE_GETPWUID_R_5=1 -DHAVE_GETPWUID_R=1 -DHAVE_GETPWNAM_R_5=1 -DHAVE_GETPWNAM_R=1 -DHAVE_GETGRGID_R_5=1 -DHAVE_GETGRGID_R=1 -DHAVE_GETGRNAM_R_5=1 -DHAVE_GETGRNAM_R=1 -DHAVE_DECL_GETHOSTBYNAME_R=1 -DHAVE_GETHOSTBYNAME_R_6=1 -DHAVE_GETHOSTBYNAME_R=1 -DHAVE_DECL_GETHOSTBYADDR_R=1 -DHAVE_GETHOSTBYADDR_R_8=1 -DHAVE_GETHOSTBYADDR_R=1 -DHAVE_TERMIOS_H=1 -DHAVE_SYS_IOCTL_H=1 -DHAVE_PSELECT=1 -DHAVE_SYS_EPOLL_H=1 -DNOTIFIER_EPOLL=1 -DHAVE_SYS_EVENTFD_H=1 -DHAVE_EVENTFD=1 -DHAVE_SYS_TIME_H=1 -DHAVE_GMTIME_R=1 -DHAVE_LOCALTIME_R=1 -DHAVE_TM_GMTOFF=1 -DHAVE_TIMEZONE_VAR=1 -DHAVE_STRUCT_STAT_ST_BLOCKS=1 -DHAVE_STRUCT_STAT_ST_BLKSIZE=1 -DHAVE_STRUCT_STAT_ST_RDEV=1 -DHAVE_BLKCNT_T=1 -DHAVE_INTPTR_T=1 -DHAVE_UINTPTR_T=1 -DNO_UNION_WAIT=1 -DHAVE_SIGNED_CHAR=1 -DHAVE_LANGINFO=1 -DHAVE_CFMAKERAW=1 -DHAVE_MKSTEMPS=1 -DHAVE_FTS=1 -DHAVE_SYS_IOCTL_H=1 -DTCL_UNLOAD_DLLS=1 -DHAVE_CPUID=1 -DZIPFS_BUILD=1    -DMP_FIXED_CUTOFFS -DBUILD_tcl /home/builder/build/src/tcl9.0.1/generic/tclBinary.c
clang -c -I"." -I/home/builder/build/src/tcl9.0.1/unix -I/home/builder/build/src/tcl9.0.1/generic -I/home/builder/build/src/tcl9.0.1/libtommath -O2 -march=x86-64-v3 -O2 -pipe -fno-plt -fexceptions         -Wp,-D_FORTIFY_SOURCE=3 -fstack-clash-protection -fcf-protection -pipe -m64 -finput-charset=UTF-8  -Wall -Wextra -Wshadow -Wundef -Wwrite-strings -Wpointer-arith -Wc++-compat -fextended-identifiers -fPIC -fno-common -DPACKAGE_NAME=\"tcl\" -DPACKAGE_TARNAME=\"tcl\" -DPACKAGE_VERSION=\"9.0\" -DPACKAGE_STRING=\"tcl\ 9.0\" -DPACKAGE_BUGREPORT=\"\" -DPACKAGE_URL=\"\" -DHAVE_STDIO_H=1 -DHAVE_STDLIB_H=1 -DHAVE_STRING_H=1 -DHAVE_INTTYPES_H=1 -DHAVE_STDINT_H=1 -DHAVE_STRINGS_H=1 -DHAVE_SYS_STAT_H=1 -DHAVE_SYS_TYPES_H=1 -DHAVE_UNISTD_H=1 -DHAVE_SYS_TIME_H=1 -DSTDC_HEADERS=1 -DHAVE_SYS_PARAM_H=1 -DTCL_CFGVAL_ENCODING=\"utf-8\" -D_REENTRANT=1 -D_THREAD_SAFE=1 -DHAVE_PTHREAD_ATTR_SETSTACKSIZE=1 -DHAVE_PTHREAD_ATFORK=1 -DHAVE_DECL_PTHREAD_MUTEX_RECURSIVE=1 -DMODULE_SCOPE=extern\ __attribute__\(\(__visibility__\(\"hidden\"\)\)\) -DHAVE_HIDDEN=1 -DTCL_CFG_DO64BIT=1 -DHAVE_CAST_TO_UNION=1 -DHAVE_STDBOOL_H=1 -DHAVE_VFORK=1 -DHAVE_POSIX_SPAWNP=1 -DHAVE_POSIX_SPAWN_FILE_ACTIONS_ADDDUP2=1 -DHAVE_POSIX_SPAWNATTR_SETFLAGS=1 -DTCL_SHLIB_EXT=\".so\" -DNDEBUG=1 -DTCL_CFG_OPTIMIZED=1 -DMP_PREC=4 -D_LARGEFILE64_SOURCE=1 -DTCL_WIDE_INT_IS_LONG=1 -DHAVE_GETCWD=1 -DHAVE_MKSTEMP=1 -DHAVE_WAITPID=1 -DHAVE_GETNAMEINFO=1 -DHAVE_GETADDRINFO=1 -DHAVE_FREEADDRINFO=1 -DHAVE_GAI_STRERROR=1 -DHAVE_STRUCT_ADDRINFO=1 -DHAVE_STRUCT_IN6_ADDR=1 -DHAVE_STRUCT_SOCKADDR_IN6=1 -DHAVE_STRUCT_SOCKADDR_STORAGE=1 -DHAVE_GETPWUID_R_5=1 -DHAVE_GETPWUID_R=1 -DHAVE_GETPWNAM_R_5=1 -DHAVE_GETPWNAM_R=1 -DHAVE_GETGRGID_R_5=1 -DHAVE_GETGRGID_R=1 -DHAVE_GETGRNAM_R_5=1 -DHAVE_GETGRNAM_R=1 -DHAVE_DECL_GETHOSTBYNAME_R=1 -DHAVE_GETHOSTBYNAME_R_6=1 -DHAVE_GETHOSTBYNAME_R=1 -DHAVE_DECL_GETHOSTBYADDR_R=1 -DHAVE_GETHOSTBYADDR_R_8=1 -DHAVE_GETHOSTBYADDR_R=1 -DHAVE_TERMIOS_H=1 -DHAVE_SYS_IOCTL_H=1 -DHAVE_PSELECT=1 -DHAVE_SYS_EPOLL_H=1 -DNOTIFIER_EPOLL=1 -DHAVE_SYS_EVENTFD_H=1 -DHAVE_EVENTFD=1 -DHAVE_SYS_TIME_H=1 -DHAVE_GMTIME_R=1 -DHAVE_LOCALTIME_R=1 -DHAVE_TM_GMTOFF=1 -DHAVE_TIMEZONE_VAR=1 -DHAVE_STRUCT_STAT_ST_BLOCKS=1 -DHAVE_STRUCT_STAT_ST_BLKSIZE=1 -DHAVE_STRUCT_STAT_ST_RDEV=1 -DHAVE_BLKCNT_T=1 -DHAVE_INTPTR_T=1 -DHAVE_UINTPTR_T=1 -DNO_UNION_WAIT=1 -DHAVE_SIGNED_CHAR=1 -DHAVE_LANGINFO=1 -DHAVE_CFMAKERAW=1 -DHAVE_MKSTEMPS=1 -DHAVE_FTS=1 -DHAVE_SYS_IOCTL_H=1 -DTCL_UNLOAD_DLLS=1 -DHAVE_CPUID=1 -DZIPFS_BUILD=1    -DMP_FIXED_CUTOFFS -DBUILD_tcl /home/builder/build/src/tcl9.0.1/generic/tclCkalloc.c
clang -c -I"." -I/home/builder/build/src/tcl9.0.1/unix -I/home/builder/build/src/tcl9.0.1/generic -I/home/builder/build/src/tcl9.0.1/libtommath -O2 -march=x86-64-v3 -O2 -pipe -fno-plt -fexceptions         -Wp,-D_FORTIFY_SOURCE=3 -fstack-clash-protection -fcf-protection -pipe -m64 -finput-charset=UTF-8  -Wall -Wextra -Wshadow -Wundef -Wwrite-strings -Wpointer-arith -Wc++-compat -fextended-identifiers -fPIC -fno-common -DPACKAGE_NAME=\"tcl\" -DPACKAGE_TARNAME=\"tcl\" -DPACKAGE_VERSION=\"9.0\" -DPACKAGE_STRING=\"tcl\ 9.0\" -DPACKAGE_BUGREPORT=\"\" -DPACKAGE_URL=\"\" -DHAVE_STDIO_H=1 -DHAVE_STDLIB_H=1 -DHAVE_STRING_H=1 -DHAVE_INTTYPES_H=1 -DHAVE_STDINT_H=1 -DHAVE_STRINGS_H=1 -DHAVE_SYS_STAT_H=1 -DHAVE_SYS_TYPES_H=1 -DHAVE_UNISTD_H=1 -DHAVE_SYS_TIME_H=1 -DSTDC_HEADERS=1 -DHAVE_SYS_PARAM_H=1 -DTCL_CFGVAL_ENCODING=\"utf-8\" -D_REENTRANT=1 -D_THREAD_SAFE=1 -DHAVE_PTHREAD_ATTR_SETSTACKSIZE=1 -DHAVE_PTHREAD_ATFORK=1 -DHAVE_DECL_PTHREAD_MUTEX_RECURSIVE=1 -DMODULE_SCOPE=extern\ __attribute__\(\(__visibility__\(\"hidden\"\)\)\) -DHAVE_HIDDEN=1 -DTCL_CFG_DO64BIT=1 -DHAVE_CAST_TO_UNION=1 -DHAVE_STDBOOL_H=1 -DHAVE_VFORK=1 -DHAVE_POSIX_SPAWNP=1 -DHAVE_POSIX_SPAWN_FILE_ACTIONS_ADDDUP2=1 -DHAVE_POSIX_SPAWNATTR_SETFLAGS=1 -DTCL_SHLIB_EXT=\".so\" -DNDEBUG=1 -DTCL_CFG_OPTIMIZED=1 -DMP_PREC=4 -D_LARGEFILE64_SOURCE=1 -DTCL_WIDE_INT_IS_LONG=1 -DHAVE_GETCWD=1 -DHAVE_MKSTEMP=1 -DHAVE_WAITPID=1 -DHAVE_GETNAMEINFO=1 -DHAVE_GETADDRINFO=1 -DHAVE_FREEADDRINFO=1 -DHAVE_GAI_STRERROR=1 -DHAVE_STRUCT_ADDRINFO=1 -DHAVE_STRUCT_IN6_ADDR=1 -DHAVE_STRUCT_SOCKADDR_IN6=1 -DHAVE_STRUCT_SOCKADDR_STORAGE=1 -DHAVE_GETPWUID_R_5=1 -DHAVE_GETPWUID_R=1 -DHAVE_GETPWNAM_R_5=1 -DHAVE_GETPWNAM_R=1 -DHAVE_GETGRGID_R_5=1 -DHAVE_GETGRGID_R=1 -DHAVE_GETGRNAM_R_5=1 -DHAVE_GETGRNAM_R=1 -DHAVE_DECL_GETHOSTBYNAME_R=1 -DHAVE_GETHOSTBYNAME_R_6=1 -DHAVE_GETHOSTBYNAME_R=1 -DHAVE_DECL_GETHOSTBYADDR_R=1 -DHAVE_GETHOSTBYADDR_R_8=1 -DHAVE_GETHOSTBYADDR_R=1 -DHAVE_TERMIOS_H=1 -DHAVE_SYS_IOCTL_H=1 -DHAVE_PSELECT=1 -DHAVE_SYS_EPOLL_H=1 -DNOTIFIER_EPOLL=1 -DHAVE_SYS_EVENTFD_H=1 -DHAVE_EVENTFD=1 -DHAVE_SYS_TIME_H=1 -DHAVE_GMTIME_R=1 -DHAVE_LOCALTIME_R=1 -DHAVE_TM_GMTOFF=1 -DHAVE_TIMEZONE_VAR=1 -DHAVE_STRUCT_STAT_ST_BLOCKS=1 -DHAVE_STRUCT_STAT_ST_BLKSIZE=1 -DHAVE_STRUCT_STAT_ST_RDEV=1 -DHAVE_BLKCNT_T=1 -DHAVE_INTPTR_T=1 -DHAVE_UINTPTR_T=1 -DNO_UNION_WAIT=1 -DHAVE_SIGNED_CHAR=1 -DHAVE_LANGINFO=1 -DHAVE_CFMAKERAW=1 -DHAVE_MKSTEMPS=1 -DHAVE_FTS=1 -DHAVE_SYS_IOCTL_H=1 -DTCL_UNLOAD_DLLS=1 -DHAVE_CPUID=1 -DZIPFS_BUILD=1    -DMP_FIXED_CUTOFFS -DBUILD_tcl /home/builder/build/src/tcl9.0.1/generic/tclClock.c
clang -c -I"." -I/home/builder/build/src/tcl9.0.1/unix -I/home/builder/build/src/tcl9.0.1/generic -I/home/builder/build/src/tcl9.0.1/libtommath -O2 -march=x86-64-v3 -O2 -pipe -fno-plt -fexceptions         -Wp,-D_FORTIFY_SOURCE=3 -fstack-clash-protection -fcf-protection -pipe -m64 -finput-charset=UTF-8  -Wall -Wextra -Wshadow -Wundef -Wwrite-strings -Wpointer-arith -Wc++-compat -fextended-identifiers -fPIC -fno-common -DPACKAGE_NAME=\"tcl\" -DPACKAGE_TARNAME=\"tcl\" -DPACKAGE_VERSION=\"9.0\" -DPACKAGE_STRING=\"tcl\ 9.0\" -DPACKAGE_BUGREPORT=\"\" -DPACKAGE_URL=\"\" -DHAVE_STDIO_H=1 -DHAVE_STDLIB_H=1 -DHAVE_STRING_H=1 -DHAVE_INTTYPES_H=1 -DHAVE_STDINT_H=1 -DHAVE_STRINGS_H=1 -DHAVE_SYS_STAT_H=1 -DHAVE_SYS_TYPES_H=1 -DHAVE_UNISTD_H=1 -DHAVE_SYS_TIME_H=1 -DSTDC_HEADERS=1 -DHAVE_SYS_PARAM_H=1 -DTCL_CFGVAL_ENCODING=\"utf-8\" -D_REENTRANT=1 -D_THREAD_SAFE=1 -DHAVE_PTHREAD_ATTR_SETSTACKSIZE=1 -DHAVE_PTHREAD_ATFORK=1 -DHAVE_DECL_PTHREAD_MUTEX_RECURSIVE=1 -DMODULE_SCOPE=extern\ __attribute__\(\(__visibility__\(\"hidden\"\)\)\) -DHAVE_HIDDEN=1 -DTCL_CFG_DO64BIT=1 -DHAVE_CAST_TO_UNION=1 -DHAVE_STDBOOL_H=1 -DHAVE_VFORK=1 -DHAVE_POSIX_SPAWNP=1 -DHAVE_POSIX_SPAWN_FILE_ACTIONS_ADDDUP2=1 -DHAVE_POSIX_SPAWNATTR_SETFLAGS=1 -DTCL_SHLIB_EXT=\".so\" -DNDEBUG=1 -DTCL_CFG_OPTIMIZED=1 -DMP_PREC=4 -D_LARGEFILE64_SOURCE=1 -DTCL_WIDE_INT_IS_LONG=1 -DHAVE_GETCWD=1 -DHAVE_MKSTEMP=1 -DHAVE_WAITPID=1 -DHAVE_GETNAMEINFO=1 -DHAVE_GETADDRINFO=1 -DHAVE_FREEADDRINFO=1 -DHAVE_GAI_STRERROR=1 -DHAVE_STRUCT_ADDRINFO=1 -DHAVE_STRUCT_IN6_ADDR=1 -DHAVE_STRUCT_SOCKADDR_IN6=1 -DHAVE_STRUCT_SOCKADDR_STORAGE=1 -DHAVE_GETPWUID_R_5=1 -DHAVE_GETPWUID_R=1 -DHAVE_GETPWNAM_R_5=1 -DHAVE_GETPWNAM_R=1 -DHAVE_GETGRGID_R_5=1 -DHAVE_GETGRGID_R=1 -DHAVE_GETGRNAM_R_5=1 -DHAVE_GETGRNAM_R=1 -DHAVE_DECL_GETHOSTBYNAME_R=1 -DHAVE_GETHOSTBYNAME_R_6=1 -DHAVE_GETHOSTBYNAME_R=1 -DHAVE_DECL_GETHOSTBYADDR_R=1 -DHAVE_GETHOSTBYADDR_R_8=1 -DHAVE_GETHOSTBYADDR_R=1 -DHAVE_TERMIOS_H=1 -DHAVE_SYS_IOCTL_H=1 -DHAVE_PSELECT=1 -DHAVE_SYS_EPOLL_H=1 -DNOTIFIER_EPOLL=1 -DHAVE_SYS_EVENTFD_H=1 -DHAVE_EVENTFD=1 -DHAVE_SYS_TIME_H=1 -DHAVE_GMTIME_R=1 -DHAVE_LOCALTIME_R=1 -DHAVE_TM_GMTOFF=1 -DHAVE_TIMEZONE_VAR=1 -DHAVE_STRUCT_STAT_ST_BLOCKS=1 -DHAVE_STRUCT_STAT_ST_BLKSIZE=1 -DHAVE_STRUCT_STAT_ST_RDEV=1 -DHAVE_BLKCNT_T=1 -DHAVE_INTPTR_T=1 -DHAVE_UINTPTR_T=1 -DNO_UNION_WAIT=1 -DHAVE_SIGNED_CHAR=1 -DHAVE_LANGINFO=1 -DHAVE_CFMAKERAW=1 -DHAVE_MKSTEMPS=1 -DHAVE_FTS=1 -DHAVE_SYS_IOCTL_H=1 -DTCL_UNLOAD_DLLS=1 -DHAVE_CPUID=1 -DZIPFS_BUILD=1    -DMP_FIXED_CUTOFFS -DBUILD_tcl /home/builder/build/src/tcl9.0.1/generic/tclClockFmt.c
clang -c -I"." -I/home/builder/build/src/tcl9.0.1/unix -I/home/builder/build/src/tcl9.0.1/generic -I/home/builder/build/src/tcl9.0.1/libtommath -O2 -march=x86-64-v3 -O2 -pipe -fno-plt -fexceptions         -Wp,-D_FORTIFY_SOURCE=3 -fstack-clash-protection -fcf-protection -pipe -m64 -finput-charset=UTF-8  -Wall -Wextra -Wshadow -Wundef -Wwrite-strings -Wpointer-arith -Wc++-compat -fextended-identifiers -fPIC -fno-common -DPACKAGE_NAME=\"tcl\" -DPACKAGE_TARNAME=\"tcl\" -DPACKAGE_VERSION=\"9.0\" -DPACKAGE_STRING=\"tcl\ 9.0\" -DPACKAGE_BUGREPORT=\"\" -DPACKAGE_URL=\"\" -DHAVE_STDIO_H=1 -DHAVE_STDLIB_H=1 -DHAVE_STRING_H=1 -DHAVE_INTTYPES_H=1 -DHAVE_STDINT_H=1 -DHAVE_STRINGS_H=1 -DHAVE_SYS_STAT_H=1 -DHAVE_SYS_TYPES_H=1 -DHAVE_UNISTD_H=1 -DHAVE_SYS_TIME_H=1 -DSTDC_HEADERS=1 -DHAVE_SYS_PARAM_H=1 -DTCL_CFGVAL_ENCODING=\"utf-8\" -D_REENTRANT=1 -D_THREAD_SAFE=1 -DHAVE_PTHREAD_ATTR_SETSTACKSIZE=1 -DHAVE_PTHREAD_ATFORK=1 -DHAVE_DECL_PTHREAD_MUTEX_RECURSIVE=1 -DMODULE_SCOPE=extern\ __attribute__\(\(__visibility__\(\"hidden\"\)\)\) -DHAVE_HIDDEN=1 -DTCL_CFG_DO64BIT=1 -DHAVE_CAST_TO_UNION=1 -DHAVE_STDBOOL_H=1 -DHAVE_VFORK=1 -DHAVE_POSIX_SPAWNP=1 -DHAVE_POSIX_SPAWN_FILE_ACTIONS_ADDDUP2=1 -DHAVE_POSIX_SPAWNATTR_SETFLAGS=1 -DTCL_SHLIB_EXT=\".so\" -DNDEBUG=1 -DTCL_CFG_OPTIMIZED=1 -DMP_PREC=4 -D_LARGEFILE64_SOURCE=1 -DTCL_WIDE_INT_IS_LONG=1 -DHAVE_GETCWD=1 -DHAVE_MKSTEMP=1 -DHAVE_WAITPID=1 -DHAVE_GETNAMEINFO=1 -DHAVE_GETADDRINFO=1 -DHAVE_FREEADDRINFO=1 -DHAVE_GAI_STRERROR=1 -DHAVE_STRUCT_ADDRINFO=1 -DHAVE_STRUCT_IN6_ADDR=1 -DHAVE_STRUCT_SOCKADDR_IN6=1 -DHAVE_STRUCT_SOCKADDR_STORAGE=1 -DHAVE_GETPWUID_R_5=1 -DHAVE_GETPWUID_R=1 -DHAVE_GETPWNAM_R_5=1 -DHAVE_GETPWNAM_R=1 -DHAVE_GETGRGID_R_5=1 -DHAVE_GETGRGID_R=1 -DHAVE_GETGRNAM_R_5=1 -DHAVE_GETGRNAM_R=1 -DHAVE_DECL_GETHOSTBYNAME_R=1 -DHAVE_GETHOSTBYNAME_R_6=1 -DHAVE_GETHOSTBYNAME_R=1 -DHAVE_DECL_GETHOSTBYADDR_R=1 -DHAVE_GETHOSTBYADDR_R_8=1 -DHAVE_GETHOSTBYADDR_R=1 -DHAVE_TERMIOS_H=1 -DHAVE_SYS_IOCTL_H=1 -DHAVE_PSELECT=1 -DHAVE_SYS_EPOLL_H=1 -DNOTIFIER_EPOLL=1 -DHAVE_SYS_EVENTFD_H=1 -DHAVE_EVENTFD=1 -DHAVE_SYS_TIME_H=1 -DHAVE_GMTIME_R=1 -DHAVE_LOCALTIME_R=1 -DHAVE_TM_GMTOFF=1 -DHAVE_TIMEZONE_VAR=1 -DHAVE_STRUCT_STAT_ST_BLOCKS=1 -DHAVE_STRUCT_STAT_ST_BLKSIZE=1 -DHAVE_STRUCT_STAT_ST_RDEV=1 -DHAVE_BLKCNT_T=1 -DHAVE_INTPTR_T=1 -DHAVE_UINTPTR_T=1 -DNO_UNION_WAIT=1 -DHAVE_SIGNED_CHAR=1 -DHAVE_LANGINFO=1 -DHAVE_CFMAKERAW=1 -DHAVE_MKSTEMPS=1 -DHAVE_FTS=1 -DHAVE_SYS_IOCTL_H=1 -DTCL_UNLOAD_DLLS=1 -DHAVE_CPUID=1 -DZIPFS_BUILD=1    -DMP_FIXED_CUTOFFS -DBUILD_tcl /home/builder/build/src/tcl9.0.1/generic/tclCmdAH.c
clang -c -I"." -I/home/builder/build/src/tcl9.0.1/unix -I/home/builder/build/src/tcl9.0.1/generic -I/home/builder/build/src/tcl9.0.1/libtommath -O2 -march=x86-64-v3 -O2 -pipe -fno-plt -fexceptions         -Wp,-D_FORTIFY_SOURCE=3 -fstack-clash-protection -fcf-protection -pipe -m64 -finput-charset=UTF-8  -Wall -Wextra -Wshadow -Wundef -Wwrite-strings -Wpointer-arith -Wc++-compat -fextended-identifiers -fPIC -fno-common -DPACKAGE_NAME=\"tcl\" -DPACKAGE_TARNAME=\"tcl\" -DPACKAGE_VERSION=\"9.0\" -DPACKAGE_STRING=\"tcl\ 9.0\" -DPACKAGE_BUGREPORT=\"\" -DPACKAGE_URL=\"\" -DHAVE_STDIO_H=1 -DHAVE_STDLIB_H=1 -DHAVE_STRING_H=1 -DHAVE_INTTYPES_H=1 -DHAVE_STDINT_H=1 -DHAVE_STRINGS_H=1 -DHAVE_SYS_STAT_H=1 -DHAVE_SYS_TYPES_H=1 -DHAVE_UNISTD_H=1 -DHAVE_SYS_TIME_H=1 -DSTDC_HEADERS=1 -DHAVE_SYS_PARAM_H=1 -DTCL_CFGVAL_ENCODING=\"utf-8\" -D_REENTRANT=1 -D_THREAD_SAFE=1 -DHAVE_PTHREAD_ATTR_SETSTACKSIZE=1 -DHAVE_PTHREAD_ATFORK=1 -DHAVE_DECL_PTHREAD_MUTEX_RECURSIVE=1 -DMODULE_SCOPE=extern\ __attribute__\(\(__visibility__\(\"hidden\"\)\)\) -DHAVE_HIDDEN=1 -DTCL_CFG_DO64BIT=1 -DHAVE_CAST_TO_UNION=1 -DHAVE_STDBOOL_H=1 -DHAVE_VFORK=1 -DHAVE_POSIX_SPAWNP=1 -DHAVE_POSIX_SPAWN_FILE_ACTIONS_ADDDUP2=1 -DHAVE_POSIX_SPAWNATTR_SETFLAGS=1 -DTCL_SHLIB_EXT=\".so\" -DNDEBUG=1 -DTCL_CFG_OPTIMIZED=1 -DMP_PREC=4 -D_LARGEFILE64_SOURCE=1 -DTCL_WIDE_INT_IS_LONG=1 -DHAVE_GETCWD=1 -DHAVE_MKSTEMP=1 -DHAVE_WAITPID=1 -DHAVE_GETNAMEINFO=1 -DHAVE_GETADDRINFO=1 -DHAVE_FREEADDRINFO=1 -DHAVE_GAI_STRERROR=1 -DHAVE_STRUCT_ADDRINFO=1 -DHAVE_STRUCT_IN6_ADDR=1 -DHAVE_STRUCT_SOCKADDR_IN6=1 -DHAVE_STRUCT_SOCKADDR_STORAGE=1 -DHAVE_GETPWUID_R_5=1 -DHAVE_GETPWUID_R=1 -DHAVE_GETPWNAM_R_5=1 -DHAVE_GETPWNAM_R=1 -DHAVE_GETGRGID_R_5=1 -DHAVE_GETGRGID_R=1 -DHAVE_GETGRNAM_R_5=1 -DHAVE_GETGRNAM_R=1 -DHAVE_DECL_GETHOSTBYNAME_R=1 -DHAVE_GETHOSTBYNAME_R_6=1 -DHAVE_GETHOSTBYNAME_R=1 -DHAVE_DECL_GETHOSTBYADDR_R=1 -DHAVE_GETHOSTBYADDR_R_8=1 -DHAVE_GETHOSTBYADDR_R=1 -DHAVE_TERMIOS_H=1 -DHAVE_SYS_IOCTL_H=1 -DHAVE_PSELECT=1 -DHAVE_SYS_EPOLL_H=1 -DNOTIFIER_EPOLL=1 -DHAVE_SYS_EVENTFD_H=1 -DHAVE_EVENTFD=1 -DHAVE_SYS_TIME_H=1 -DHAVE_GMTIME_R=1 -DHAVE_LOCALTIME_R=1 -DHAVE_TM_GMTOFF=1 -DHAVE_TIMEZONE_VAR=1 -DHAVE_STRUCT_STAT_ST_BLOCKS=1 -DHAVE_STRUCT_STAT_ST_BLKSIZE=1 -DHAVE_STRUCT_STAT_ST_RDEV=1 -DHAVE_BLKCNT_T=1 -DHAVE_INTPTR_T=1 -DHAVE_UINTPTR_T=1 -DNO_UNION_WAIT=1 -DHAVE_SIGNED_CHAR=1 -DHAVE_LANGINFO=1 -DHAVE_CFMAKERAW=1 -DHAVE_MKSTEMPS=1 -DHAVE_FTS=1 -DHAVE_SYS_IOCTL_H=1 -DTCL_UNLOAD_DLLS=1 -DHAVE_CPUID=1 -DZIPFS_BUILD=1    -DMP_FIXED_CUTOFFS -DBUILD_tcl /home/builder/build/src/tcl9.0.1/generic/tclCmdIL.c
clang -c -I"." -I/home/builder/build/src/tcl9.0.1/unix -I/home/builder/build/src/tcl9.0.1/generic -I/home/builder/build/src/tcl9.0.1/libtommath -O2 -march=x86-64-v3 -O2 -pipe -fno-plt -fexceptions         -Wp,-D_FORTIFY_SOURCE=3 -fstack-clash-protection -fcf-protection -pipe -m64 -finput-charset=UTF-8  -Wall -Wextra -Wshadow -Wundef -Wwrite-strings -Wpointer-arith -Wc++-compat -fextended-identifiers -fPIC -fno-common -DPACKAGE_NAME=\"tcl\" -DPACKAGE_TARNAME=\"tcl\" -DPACKAGE_VERSION=\"9.0\" -DPACKAGE_STRING=\"tcl\ 9.0\" -DPACKAGE_BUGREPORT=\"\" -DPACKAGE_URL=\"\" -DHAVE_STDIO_H=1 -DHAVE_STDLIB_H=1 -DHAVE_STRING_H=1 -DHAVE_INTTYPES_H=1 -DHAVE_STDINT_H=1 -DHAVE_STRINGS_H=1 -DHAVE_SYS_STAT_H=1 -DHAVE_SYS_TYPES_H=1 -DHAVE_UNISTD_H=1 -DHAVE_SYS_TIME_H=1 -DSTDC_HEADERS=1 -DHAVE_SYS_PARAM_H=1 -DTCL_CFGVAL_ENCODING=\"utf-8\" -D_REENTRANT=1 -D_THREAD_SAFE=1 -DHAVE_PTHREAD_ATTR_SETSTACKSIZE=1 -DHAVE_PTHREAD_ATFORK=1 -DHAVE_DECL_PTHREAD_MUTEX_RECURSIVE=1 -DMODULE_SCOPE=extern\ __attribute__\(\(__visibility__\(\"hidden\"\)\)\) -DHAVE_HIDDEN=1 -DTCL_CFG_DO64BIT=1 -DHAVE_CAST_TO_UNION=1 -DHAVE_STDBOOL_H=1 -DHAVE_VFORK=1 -DHAVE_POSIX_SPAWNP=1 -DHAVE_POSIX_SPAWN_FILE_ACTIONS_ADDDUP2=1 -DHAVE_POSIX_SPAWNATTR_SETFLAGS=1 -DTCL_SHLIB_EXT=\".so\" -DNDEBUG=1 -DTCL_CFG_OPTIMIZED=1 -DMP_PREC=4 -D_LARGEFILE64_SOURCE=1 -DTCL_WIDE_INT_IS_LONG=1 -DHAVE_GETCWD=1 -DHAVE_MKSTEMP=1 -DHAVE_WAITPID=1 -DHAVE_GETNAMEINFO=1 -DHAVE_GETADDRINFO=1 -DHAVE_FREEADDRINFO=1 -DHAVE_GAI_STRERROR=1 -DHAVE_STRUCT_ADDRINFO=1 -DHAVE_STRUCT_IN6_ADDR=1 -DHAVE_STRUCT_SOCKADDR_IN6=1 -DHAVE_STRUCT_SOCKADDR_STORAGE=1 -DHAVE_GETPWUID_R_5=1 -DHAVE_GETPWUID_R=1 -DHAVE_GETPWNAM_R_5=1 -DHAVE_GETPWNAM_R=1 -DHAVE_GETGRGID_R_5=1 -DHAVE_GETGRGID_R=1 -DHAVE_GETGRNAM_R_5=1 -DHAVE_GETGRNAM_R=1 -DHAVE_DECL_GETHOSTBYNAME_R=1 -DHAVE_GETHOSTBYNAME_R_6=1 -DHAVE_GETHOSTBYNAME_R=1 -DHAVE_DECL_GETHOSTBYADDR_R=1 -DHAVE_GETHOSTBYADDR_R_8=1 -DHAVE_GETHOSTBYADDR_R=1 -DHAVE_TERMIOS_H=1 -DHAVE_SYS_IOCTL_H=1 -DHAVE_PSELECT=1 -DHAVE_SYS_EPOLL_H=1 -DNOTIFIER_EPOLL=1 -DHAVE_SYS_EVENTFD_H=1 -DHAVE_EVENTFD=1 -DHAVE_SYS_TIME_H=1 -DHAVE_GMTIME_R=1 -DHAVE_LOCALTIME_R=1 -DHAVE_TM_GMTOFF=1 -DHAVE_TIMEZONE_VAR=1 -DHAVE_STRUCT_STAT_ST_BLOCKS=1 -DHAVE_STRUCT_STAT_ST_BLKSIZE=1 -DHAVE_STRUCT_STAT_ST_RDEV=1 -DHAVE_BLKCNT_T=1 -DHAVE_INTPTR_T=1 -DHAVE_UINTPTR_T=1 -DNO_UNION_WAIT=1 -DHAVE_SIGNED_CHAR=1 -DHAVE_LANGINFO=1 -DHAVE_CFMAKERAW=1 -DHAVE_MKSTEMPS=1 -DHAVE_FTS=1 -DHAVE_SYS_IOCTL_H=1 -DTCL_UNLOAD_DLLS=1 -DHAVE_CPUID=1 -DZIPFS_BUILD=1    -DMP_FIXED_CUTOFFS -DBUILD_tcl /home/builder/build/src/tcl9.0.1/generic/tclCmdMZ.c
clang -c -I"." -I/home/builder/build/src/tcl9.0.1/unix -I/home/builder/build/src/tcl9.0.1/generic -I/home/builder/build/src/tcl9.0.1/libtommath -O2 -march=x86-64-v3 -O2 -pipe -fno-plt -fexceptions         -Wp,-D_FORTIFY_SOURCE=3 -fstack-clash-protection -fcf-protection -pipe -m64 -finput-charset=UTF-8  -Wall -Wextra -Wshadow -Wundef -Wwrite-strings -Wpointer-arith -Wc++-compat -fextended-identifiers -fPIC -fno-common -DPACKAGE_NAME=\"tcl\" -DPACKAGE_TARNAME=\"tcl\" -DPACKAGE_VERSION=\"9.0\" -DPACKAGE_STRING=\"tcl\ 9.0\" -DPACKAGE_BUGREPORT=\"\" -DPACKAGE_URL=\"\" -DHAVE_STDIO_H=1 -DHAVE_STDLIB_H=1 -DHAVE_STRING_H=1 -DHAVE_INTTYPES_H=1 -DHAVE_STDINT_H=1 -DHAVE_STRINGS_H=1 -DHAVE_SYS_STAT_H=1 -DHAVE_SYS_TYPES_H=1 -DHAVE_UNISTD_H=1 -DHAVE_SYS_TIME_H=1 -DSTDC_HEADERS=1 -DHAVE_SYS_PARAM_H=1 -DTCL_CFGVAL_ENCODING=\"utf-8\" -D_REENTRANT=1 -D_THREAD_SAFE=1 -DHAVE_PTHREAD_ATTR_SETSTACKSIZE=1 -DHAVE_PTHREAD_ATFORK=1 -DHAVE_DECL_PTHREAD_MUTEX_RECURSIVE=1 -DMODULE_SCOPE=extern\ __attribute__\(\(__visibility__\(\"hidden\"\)\)\) -DHAVE_HIDDEN=1 -DTCL_CFG_DO64BIT=1 -DHAVE_CAST_TO_UNION=1 -DHAVE_STDBOOL_H=1 -DHAVE_VFORK=1 -DHAVE_POSIX_SPAWNP=1 -DHAVE_POSIX_SPAWN_FILE_ACTIONS_ADDDUP2=1 -DHAVE_POSIX_SPAWNATTR_SETFLAGS=1 -DTCL_SHLIB_EXT=\".so\" -DNDEBUG=1 -DTCL_CFG_OPTIMIZED=1 -DMP_PREC=4 -D_LARGEFILE64_SOURCE=1 -DTCL_WIDE_INT_IS_LONG=1 -DHAVE_GETCWD=1 -DHAVE_MKSTEMP=1 -DHAVE_WAITPID=1 -DHAVE_GETNAMEINFO=1 -DHAVE_GETADDRINFO=1 -DHAVE_FREEADDRINFO=1 -DHAVE_GAI_STRERROR=1 -DHAVE_STRUCT_ADDRINFO=1 -DHAVE_STRUCT_IN6_ADDR=1 -DHAVE_STRUCT_SOCKADDR_IN6=1 -DHAVE_STRUCT_SOCKADDR_STORAGE=1 -DHAVE_GETPWUID_R_5=1 -DHAVE_GETPWUID_R=1 -DHAVE_GETPWNAM_R_5=1 -DHAVE_GETPWNAM_R=1 -DHAVE_GETGRGID_R_5=1 -DHAVE_GETGRGID_R=1 -DHAVE_GETGRNAM_R_5=1 -DHAVE_GETGRNAM_R=1 -DHAVE_DECL_GETHOSTBYNAME_R=1 -DHAVE_GETHOSTBYNAME_R_6=1 -DHAVE_GETHOSTBYNAME_R=1 -DHAVE_DECL_GETHOSTBYADDR_R=1 -DHAVE_GETHOSTBYADDR_R_8=1 -DHAVE_GETHOSTBYADDR_R=1 -DHAVE_TERMIOS_H=1 -DHAVE_SYS_IOCTL_H=1 -DHAVE_PSELECT=1 -DHAVE_SYS_EPOLL_H=1 -DNOTIFIER_EPOLL=1 -DHAVE_SYS_EVENTFD_H=1 -DHAVE_EVENTFD=1 -DHAVE_SYS_TIME_H=1 -DHAVE_GMTIME_R=1 -DHAVE_LOCALTIME_R=1 -DHAVE_TM_GMTOFF=1 -DHAVE_TIMEZONE_VAR=1 -DHAVE_STRUCT_STAT_ST_BLOCKS=1 -DHAVE_STRUCT_STAT_ST_BLKSIZE=1 -DHAVE_STRUCT_STAT_ST_RDEV=1 -DHAVE_BLKCNT_T=1 -DHAVE_INTPTR_T=1 -DHAVE_UINTPTR_T=1 -DNO_UNION_WAIT=1 -DHAVE_SIGNED_CHAR=1 -DHAVE_LANGINFO=1 -DHAVE_CFMAKERAW=1 -DHAVE_MKSTEMPS=1 -DHAVE_FTS=1 -DHAVE_SYS_IOCTL_H=1 -DTCL_UNLOAD_DLLS=1 -DHAVE_CPUID=1 -DZIPFS_BUILD=1    -DMP_FIXED_CUTOFFS -DBUILD_tcl /home/builder/build/src/tcl9.0.1/generic/tclCompCmds.c
clang -c -I"." -I/home/builder/build/src/tcl9.0.1/unix -I/home/builder/build/src/tcl9.0.1/generic -I/home/builder/build/src/tcl9.0.1/libtommath -O2 -march=x86-64-v3 -O2 -pipe -fno-plt -fexceptions         -Wp,-D_FORTIFY_SOURCE=3 -fstack-clash-protection -fcf-protection -pipe -m64 -finput-charset=UTF-8  -Wall -Wextra -Wshadow -Wundef -Wwrite-strings -Wpointer-arith -Wc++-compat -fextended-identifiers -fPIC -fno-common -DPACKAGE_NAME=\"tcl\" -DPACKAGE_TARNAME=\"tcl\" -DPACKAGE_VERSION=\"9.0\" -DPACKAGE_STRING=\"tcl\ 9.0\" -DPACKAGE_BUGREPORT=\"\" -DPACKAGE_URL=\"\" -DHAVE_STDIO_H=1 -DHAVE_STDLIB_H=1 -DHAVE_STRING_H=1 -DHAVE_INTTYPES_H=1 -DHAVE_STDINT_H=1 -DHAVE_STRINGS_H=1 -DHAVE_SYS_STAT_H=1 -DHAVE_SYS_TYPES_H=1 -DHAVE_UNISTD_H=1 -DHAVE_SYS_TIME_H=1 -DSTDC_HEADERS=1 -DHAVE_SYS_PARAM_H=1 -DTCL_CFGVAL_ENCODING=\"utf-8\" -D_REENTRANT=1 -D_THREAD_SAFE=1 -DHAVE_PTHREAD_ATTR_SETSTACKSIZE=1 -DHAVE_PTHREAD_ATFORK=1 -DHAVE_DECL_PTHREAD_MUTEX_RECURSIVE=1 -DMODULE_SCOPE=extern\ __attribute__\(\(__visibility__\(\"hidden\"\)\)\) -DHAVE_HIDDEN=1 -DTCL_CFG_DO64BIT=1 -DHAVE_CAST_TO_UNION=1 -DHAVE_STDBOOL_H=1 -DHAVE_VFORK=1 -DHAVE_POSIX_SPAWNP=1 -DHAVE_POSIX_SPAWN_FILE_ACTIONS_ADDDUP2=1 -DHAVE_POSIX_SPAWNATTR_SETFLAGS=1 -DTCL_SHLIB_EXT=\".so\" -DNDEBUG=1 -DTCL_CFG_OPTIMIZED=1 -DMP_PREC=4 -D_LARGEFILE64_SOURCE=1 -DTCL_WIDE_INT_IS_LONG=1 -DHAVE_GETCWD=1 -DHAVE_MKSTEMP=1 -DHAVE_WAITPID=1 -DHAVE_GETNAMEINFO=1 -DHAVE_GETADDRINFO=1 -DHAVE_FREEADDRINFO=1 -DHAVE_GAI_STRERROR=1 -DHAVE_STRUCT_ADDRINFO=1 -DHAVE_STRUCT_IN6_ADDR=1 -DHAVE_STRUCT_SOCKADDR_IN6=1 -DHAVE_STRUCT_SOCKADDR_STORAGE=1 -DHAVE_GETPWUID_R_5=1 -DHAVE_GETPWUID_R=1 -DHAVE_GETPWNAM_R_5=1 -DHAVE_GETPWNAM_R=1 -DHAVE_GETGRGID_R_5=1 -DHAVE_GETGRGID_R=1 -DHAVE_GETGRNAM_R_5=1 -DHAVE_GETGRNAM_R=1 -DHAVE_DECL_GETHOSTBYNAME_R=1 -DHAVE_GETHOSTBYNAME_R_6=1 -DHAVE_GETHOSTBYNAME_R=1 -DHAVE_DECL_GETHOSTBYADDR_R=1 -DHAVE_GETHOSTBYADDR_R_8=1 -DHAVE_GETHOSTBYADDR_R=1 -DHAVE_TERMIOS_H=1 -DHAVE_SYS_IOCTL_H=1 -DHAVE_PSELECT=1 -DHAVE_SYS_EPOLL_H=1 -DNOTIFIER_EPOLL=1 -DHAVE_SYS_EVENTFD_H=1 -DHAVE_EVENTFD=1 -DHAVE_SYS_TIME_H=1 -DHAVE_GMTIME_R=1 -DHAVE_LOCALTIME_R=1 -DHAVE_TM_GMTOFF=1 -DHAVE_TIMEZONE_VAR=1 -DHAVE_STRUCT_STAT_ST_BLOCKS=1 -DHAVE_STRUCT_STAT_ST_BLKSIZE=1 -DHAVE_STRUCT_STAT_ST_RDEV=1 -DHAVE_BLKCNT_T=1 -DHAVE_INTPTR_T=1 -DHAVE_UINTPTR_T=1 -DNO_UNION_WAIT=1 -DHAVE_SIGNED_CHAR=1 -DHAVE_LANGINFO=1 -DHAVE_CFMAKERAW=1 -DHAVE_MKSTEMPS=1 -DHAVE_FTS=1 -DHAVE_SYS_IOCTL_H=1 -DTCL_UNLOAD_DLLS=1 -DHAVE_CPUID=1 -DZIPFS_BUILD=1    -DMP_FIXED_CUTOFFS -DBUILD_tcl /home/builder/build/src/tcl9.0.1/generic/tclCompCmdsGR.c
clang -c -I"." -I/home/builder/build/src/tcl9.0.1/unix -I/home/builder/build/src/tcl9.0.1/generic -I/home/builder/build/src/tcl9.0.1/libtommath -O2 -march=x86-64-v3 -O2 -pipe -fno-plt -fexceptions         -Wp,-D_FORTIFY_SOURCE=3 -fstack-clash-protection -fcf-protection -pipe -m64 -finput-charset=UTF-8  -Wall -Wextra -Wshadow -Wundef -Wwrite-strings -Wpointer-arith -Wc++-compat -fextended-identifiers -fPIC -fno-common -DPACKAGE_NAME=\"tcl\" -DPACKAGE_TARNAME=\"tcl\" -DPACKAGE_VERSION=\"9.0\" -DPACKAGE_STRING=\"tcl\ 9.0\" -DPACKAGE_BUGREPORT=\"\" -DPACKAGE_URL=\"\" -DHAVE_STDIO_H=1 -DHAVE_STDLIB_H=1 -DHAVE_STRING_H=1 -DHAVE_INTTYPES_H=1 -DHAVE_STDINT_H=1 -DHAVE_STRINGS_H=1 -DHAVE_SYS_STAT_H=1 -DHAVE_SYS_TYPES_H=1 -DHAVE_UNISTD_H=1 -DHAVE_SYS_TIME_H=1 -DSTDC_HEADERS=1 -DHAVE_SYS_PARAM_H=1 -DTCL_CFGVAL_ENCODING=\"utf-8\" -D_REENTRANT=1 -D_THREAD_SAFE=1 -DHAVE_PTHREAD_ATTR_SETSTACKSIZE=1 -DHAVE_PTHREAD_ATFORK=1 -DHAVE_DECL_PTHREAD_MUTEX_RECURSIVE=1 -DMODULE_SCOPE=extern\ __attribute__\(\(__visibility__\(\"hidden\"\)\)\) -DHAVE_HIDDEN=1 -DTCL_CFG_DO64BIT=1 -DHAVE_CAST_TO_UNION=1 -DHAVE_STDBOOL_H=1 -DHAVE_VFORK=1 -DHAVE_POSIX_SPAWNP=1 -DHAVE_POSIX_SPAWN_FILE_ACTIONS_ADDDUP2=1 -DHAVE_POSIX_SPAWNATTR_SETFLAGS=1 -DTCL_SHLIB_EXT=\".so\" -DNDEBUG=1 -DTCL_CFG_OPTIMIZED=1 -DMP_PREC=4 -D_LARGEFILE64_SOURCE=1 -DTCL_WIDE_INT_IS_LONG=1 -DHAVE_GETCWD=1 -DHAVE_MKSTEMP=1 -DHAVE_WAITPID=1 -DHAVE_GETNAMEINFO=1 -DHAVE_GETADDRINFO=1 -DHAVE_FREEADDRINFO=1 -DHAVE_GAI_STRERROR=1 -DHAVE_STRUCT_ADDRINFO=1 -DHAVE_STRUCT_IN6_ADDR=1 -DHAVE_STRUCT_SOCKADDR_IN6=1 -DHAVE_STRUCT_SOCKADDR_STORAGE=1 -DHAVE_GETPWUID_R_5=1 -DHAVE_GETPWUID_R=1 -DHAVE_GETPWNAM_R_5=1 -DHAVE_GETPWNAM_R=1 -DHAVE_GETGRGID_R_5=1 -DHAVE_GETGRGID_R=1 -DHAVE_GETGRNAM_R_5=1 -DHAVE_GETGRNAM_R=1 -DHAVE_DECL_GETHOSTBYNAME_R=1 -DHAVE_GETHOSTBYNAME_R_6=1 -DHAVE_GETHOSTBYNAME_R=1 -DHAVE_DECL_GETHOSTBYADDR_R=1 -DHAVE_GETHOSTBYADDR_R_8=1 -DHAVE_GETHOSTBYADDR_R=1 -DHAVE_TERMIOS_H=1 -DHAVE_SYS_IOCTL_H=1 -DHAVE_PSELECT=1 -DHAVE_SYS_EPOLL_H=1 -DNOTIFIER_EPOLL=1 -DHAVE_SYS_EVENTFD_H=1 -DHAVE_EVENTFD=1 -DHAVE_SYS_TIME_H=1 -DHAVE_GMTIME_R=1 -DHAVE_LOCALTIME_R=1 -DHAVE_TM_GMTOFF=1 -DHAVE_TIMEZONE_VAR=1 -DHAVE_STRUCT_STAT_ST_BLOCKS=1 -DHAVE_STRUCT_STAT_ST_BLKSIZE=1 -DHAVE_STRUCT_STAT_ST_RDEV=1 -DHAVE_BLKCNT_T=1 -DHAVE_INTPTR_T=1 -DHAVE_UINTPTR_T=1 -DNO_UNION_WAIT=1 -DHAVE_SIGNED_CHAR=1 -DHAVE_LANGINFO=1 -DHAVE_CFMAKERAW=1 -DHAVE_MKSTEMPS=1 -DHAVE_FTS=1 -DHAVE_SYS_IOCTL_H=1 -DTCL_UNLOAD_DLLS=1 -DHAVE_CPUID=1 -DZIPFS_BUILD=1    -DMP_FIXED_CUTOFFS -DBUILD_tcl /home/builder/build/src/tcl9.0.1/generic/tclCompCmdsSZ.c
clang -c -I"." -I/home/builder/build/src/tcl9.0.1/unix -I/home/builder/build/src/tcl9.0.1/generic -I/home/builder/build/src/tcl9.0.1/libtommath -O2 -march=x86-64-v3 -O2 -pipe -fno-plt -fexceptions         -Wp,-D_FORTIFY_SOURCE=3 -fstack-clash-protection -fcf-protection -pipe -m64 -finput-charset=UTF-8  -Wall -Wextra -Wshadow -Wundef -Wwrite-strings -Wpointer-arith -Wc++-compat -fextended-identifiers -fPIC -fno-common -DPACKAGE_NAME=\"tcl\" -DPACKAGE_TARNAME=\"tcl\" -DPACKAGE_VERSION=\"9.0\" -DPACKAGE_STRING=\"tcl\ 9.0\" -DPACKAGE_BUGREPORT=\"\" -DPACKAGE_URL=\"\" -DHAVE_STDIO_H=1 -DHAVE_STDLIB_H=1 -DHAVE_STRING_H=1 -DHAVE_INTTYPES_H=1 -DHAVE_STDINT_H=1 -DHAVE_STRINGS_H=1 -DHAVE_SYS_STAT_H=1 -DHAVE_SYS_TYPES_H=1 -DHAVE_UNISTD_H=1 -DHAVE_SYS_TIME_H=1 -DSTDC_HEADERS=1 -DHAVE_SYS_PARAM_H=1 -DTCL_CFGVAL_ENCODING=\"utf-8\" -D_REENTRANT=1 -D_THREAD_SAFE=1 -DHAVE_PTHREAD_ATTR_SETSTACKSIZE=1 -DHAVE_PTHREAD_ATFORK=1 -DHAVE_DECL_PTHREAD_MUTEX_RECURSIVE=1 -DMODULE_SCOPE=extern\ __attribute__\(\(__visibility__\(\"hidden\"\)\)\) -DHAVE_HIDDEN=1 -DTCL_CFG_DO64BIT=1 -DHAVE_CAST_TO_UNION=1 -DHAVE_STDBOOL_H=1 -DHAVE_VFORK=1 -DHAVE_POSIX_SPAWNP=1 -DHAVE_POSIX_SPAWN_FILE_ACTIONS_ADDDUP2=1 -DHAVE_POSIX_SPAWNATTR_SETFLAGS=1 -DTCL_SHLIB_EXT=\".so\" -DNDEBUG=1 -DTCL_CFG_OPTIMIZED=1 -DMP_PREC=4 -D_LARGEFILE64_SOURCE=1 -DTCL_WIDE_INT_IS_LONG=1 -DHAVE_GETCWD=1 -DHAVE_MKSTEMP=1 -DHAVE_WAITPID=1 -DHAVE_GETNAMEINFO=1 -DHAVE_GETADDRINFO=1 -DHAVE_FREEADDRINFO=1 -DHAVE_GAI_STRERROR=1 -DHAVE_STRUCT_ADDRINFO=1 -DHAVE_STRUCT_IN6_ADDR=1 -DHAVE_STRUCT_SOCKADDR_IN6=1 -DHAVE_STRUCT_SOCKADDR_STORAGE=1 -DHAVE_GETPWUID_R_5=1 -DHAVE_GETPWUID_R=1 -DHAVE_GETPWNAM_R_5=1 -DHAVE_GETPWNAM_R=1 -DHAVE_GETGRGID_R_5=1 -DHAVE_GETGRGID_R=1 -DHAVE_GETGRNAM_R_5=1 -DHAVE_GETGRNAM_R=1 -DHAVE_DECL_GETHOSTBYNAME_R=1 -DHAVE_GETHOSTBYNAME_R_6=1 -DHAVE_GETHOSTBYNAME_R=1 -DHAVE_DECL_GETHOSTBYADDR_R=1 -DHAVE_GETHOSTBYADDR_R_8=1 -DHAVE_GETHOSTBYADDR_R=1 -DHAVE_TERMIOS_H=1 -DHAVE_SYS_IOCTL_H=1 -DHAVE_PSELECT=1 -DHAVE_SYS_EPOLL_H=1 -DNOTIFIER_EPOLL=1 -DHAVE_SYS_EVENTFD_H=1 -DHAVE_EVENTFD=1 -DHAVE_SYS_TIME_H=1 -DHAVE_GMTIME_R=1 -DHAVE_LOCALTIME_R=1 -DHAVE_TM_GMTOFF=1 -DHAVE_TIMEZONE_VAR=1 -DHAVE_STRUCT_STAT_ST_BLOCKS=1 -DHAVE_STRUCT_STAT_ST_BLKSIZE=1 -DHAVE_STRUCT_STAT_ST_RDEV=1 -DHAVE_BLKCNT_T=1 -DHAVE_INTPTR_T=1 -DHAVE_UINTPTR_T=1 -DNO_UNION_WAIT=1 -DHAVE_SIGNED_CHAR=1 -DHAVE_LANGINFO=1 -DHAVE_CFMAKERAW=1 -DHAVE_MKSTEMPS=1 -DHAVE_FTS=1 -DHAVE_SYS_IOCTL_H=1 -DTCL_UNLOAD_DLLS=1 -DHAVE_CPUID=1 -DZIPFS_BUILD=1    -DMP_FIXED_CUTOFFS -DBUILD_tcl /home/builder/build/src/tcl9.0.1/generic/tclCompExpr.c
clang -c -I"." -I/home/builder/build/src/tcl9.0.1/unix -I/home/builder/build/src/tcl9.0.1/generic -I/home/builder/build/src/tcl9.0.1/libtommath -O2 -march=x86-64-v3 -O2 -pipe -fno-plt -fexceptions         -Wp,-D_FORTIFY_SOURCE=3 -fstack-clash-protection -fcf-protection -pipe -m64 -finput-charset=UTF-8  -Wall -Wextra -Wshadow -Wundef -Wwrite-strings -Wpointer-arith -Wc++-compat -fextended-identifiers -fPIC -fno-common -DPACKAGE_NAME=\"tcl\" -DPACKAGE_TARNAME=\"tcl\" -DPACKAGE_VERSION=\"9.0\" -DPACKAGE_STRING=\"tcl\ 9.0\" -DPACKAGE_BUGREPORT=\"\" -DPACKAGE_URL=\"\" -DHAVE_STDIO_H=1 -DHAVE_STDLIB_H=1 -DHAVE_STRING_H=1 -DHAVE_INTTYPES_H=1 -DHAVE_STDINT_H=1 -DHAVE_STRINGS_H=1 -DHAVE_SYS_STAT_H=1 -DHAVE_SYS_TYPES_H=1 -DHAVE_UNISTD_H=1 -DHAVE_SYS_TIME_H=1 -DSTDC_HEADERS=1 -DHAVE_SYS_PARAM_H=1 -DTCL_CFGVAL_ENCODING=\"utf-8\" -D_REENTRANT=1 -D_THREAD_SAFE=1 -DHAVE_PTHREAD_ATTR_SETSTACKSIZE=1 -DHAVE_PTHREAD_ATFORK=1 -DHAVE_DECL_PTHREAD_MUTEX_RECURSIVE=1 -DMODULE_SCOPE=extern\ __attribute__\(\(__visibility__\(\"hidden\"\)\)\) -DHAVE_HIDDEN=1 -DTCL_CFG_DO64BIT=1 -DHAVE_CAST_TO_UNION=1 -DHAVE_STDBOOL_H=1 -DHAVE_VFORK=1 -DHAVE_POSIX_SPAWNP=1 -DHAVE_POSIX_SPAWN_FILE_ACTIONS_ADDDUP2=1 -DHAVE_POSIX_SPAWNATTR_SETFLAGS=1 -DTCL_SHLIB_EXT=\".so\" -DNDEBUG=1 -DTCL_CFG_OPTIMIZED=1 -DMP_PREC=4 -D_LARGEFILE64_SOURCE=1 -DTCL_WIDE_INT_IS_LONG=1 -DHAVE_GETCWD=1 -DHAVE_MKSTEMP=1 -DHAVE_WAITPID=1 -DHAVE_GETNAMEINFO=1 -DHAVE_GETADDRINFO=1 -DHAVE_FREEADDRINFO=1 -DHAVE_GAI_STRERROR=1 -DHAVE_STRUCT_ADDRINFO=1 -DHAVE_STRUCT_IN6_ADDR=1 -DHAVE_STRUCT_SOCKADDR_IN6=1 -DHAVE_STRUCT_SOCKADDR_STORAGE=1 -DHAVE_GETPWUID_R_5=1 -DHAVE_GETPWUID_R=1 -DHAVE_GETPWNAM_R_5=1 -DHAVE_GETPWNAM_R=1 -DHAVE_GETGRGID_R_5=1 -DHAVE_GETGRGID_R=1 -DHAVE_GETGRNAM_R_5=1 -DHAVE_GETGRNAM_R=1 -DHAVE_DECL_GETHOSTBYNAME_R=1 -DHAVE_GETHOSTBYNAME_R_6=1 -DHAVE_GETHOSTBYNAME_R=1 -DHAVE_DECL_GETHOSTBYADDR_R=1 -DHAVE_GETHOSTBYADDR_R_8=1 -DHAVE_GETHOSTBYADDR_R=1 -DHAVE_TERMIOS_H=1 -DHAVE_SYS_IOCTL_H=1 -DHAVE_PSELECT=1 -DHAVE_SYS_EPOLL_H=1 -DNOTIFIER_EPOLL=1 -DHAVE_SYS_EVENTFD_H=1 -DHAVE_EVENTFD=1 -DHAVE_SYS_TIME_H=1 -DHAVE_GMTIME_R=1 -DHAVE_LOCALTIME_R=1 -DHAVE_TM_GMTOFF=1 -DHAVE_TIMEZONE_VAR=1 -DHAVE_STRUCT_STAT_ST_BLOCKS=1 -DHAVE_STRUCT_STAT_ST_BLKSIZE=1 -DHAVE_STRUCT_STAT_ST_RDEV=1 -DHAVE_BLKCNT_T=1 -DHAVE_INTPTR_T=1 -DHAVE_UINTPTR_T=1 -DNO_UNION_WAIT=1 -DHAVE_SIGNED_CHAR=1 -DHAVE_LANGINFO=1 -DHAVE_CFMAKERAW=1 -DHAVE_MKSTEMPS=1 -DHAVE_FTS=1 -DHAVE_SYS_IOCTL_H=1 -DTCL_UNLOAD_DLLS=1 -DHAVE_CPUID=1 -DZIPFS_BUILD=1    -DMP_FIXED_CUTOFFS -DBUILD_tcl /home/builder/build/src/tcl9.0.1/generic/tclCompile.c
clang -c -I"." -I/home/builder/build/src/tcl9.0.1/unix -I/home/builder/build/src/tcl9.0.1/generic -I/home/builder/build/src/tcl9.0.1/libtommath -O2 -march=x86-64-v3 -O2 -pipe -fno-plt -fexceptions         -Wp,-D_FORTIFY_SOURCE=3 -fstack-clash-protection -fcf-protection -pipe -m64 -finput-charset=UTF-8  -Wall -Wextra -Wshadow -Wundef -Wwrite-strings -Wpointer-arith -Wc++-compat -fextended-identifiers -fPIC -fno-common -DPACKAGE_NAME=\"tcl\" -DPACKAGE_TARNAME=\"tcl\" -DPACKAGE_VERSION=\"9.0\" -DPACKAGE_STRING=\"tcl\ 9.0\" -DPACKAGE_BUGREPORT=\"\" -DPACKAGE_URL=\"\" -DHAVE_STDIO_H=1 -DHAVE_STDLIB_H=1 -DHAVE_STRING_H=1 -DHAVE_INTTYPES_H=1 -DHAVE_STDINT_H=1 -DHAVE_STRINGS_H=1 -DHAVE_SYS_STAT_H=1 -DHAVE_SYS_TYPES_H=1 -DHAVE_UNISTD_H=1 -DHAVE_SYS_TIME_H=1 -DSTDC_HEADERS=1 -DHAVE_SYS_PARAM_H=1 -DTCL_CFGVAL_ENCODING=\"utf-8\" -D_REENTRANT=1 -D_THREAD_SAFE=1 -DHAVE_PTHREAD_ATTR_SETSTACKSIZE=1 -DHAVE_PTHREAD_ATFORK=1 -DHAVE_DECL_PTHREAD_MUTEX_RECURSIVE=1 -DMODULE_SCOPE=extern\ __attribute__\(\(__visibility__\(\"hidden\"\)\)\) -DHAVE_HIDDEN=1 -DTCL_CFG_DO64BIT=1 -DHAVE_CAST_TO_UNION=1 -DHAVE_STDBOOL_H=1 -DHAVE_VFORK=1 -DHAVE_POSIX_SPAWNP=1 -DHAVE_POSIX_SPAWN_FILE_ACTIONS_ADDDUP2=1 -DHAVE_POSIX_SPAWNATTR_SETFLAGS=1 -DTCL_SHLIB_EXT=\".so\" -DNDEBUG=1 -DTCL_CFG_OPTIMIZED=1 -DMP_PREC=4 -D_LARGEFILE64_SOURCE=1 -DTCL_WIDE_INT_IS_LONG=1 -DHAVE_GETCWD=1 -DHAVE_MKSTEMP=1 -DHAVE_WAITPID=1 -DHAVE_GETNAMEINFO=1 -DHAVE_GETADDRINFO=1 -DHAVE_FREEADDRINFO=1 -DHAVE_GAI_STRERROR=1 -DHAVE_STRUCT_ADDRINFO=1 -DHAVE_STRUCT_IN6_ADDR=1 -DHAVE_STRUCT_SOCKADDR_IN6=1 -DHAVE_STRUCT_SOCKADDR_STORAGE=1 -DHAVE_GETPWUID_R_5=1 -DHAVE_GETPWUID_R=1 -DHAVE_GETPWNAM_R_5=1 -DHAVE_GETPWNAM_R=1 -DHAVE_GETGRGID_R_5=1 -DHAVE_GETGRGID_R=1 -DHAVE_GETGRNAM_R_5=1 -DHAVE_GETGRNAM_R=1 -DHAVE_DECL_GETHOSTBYNAME_R=1 -DHAVE_GETHOSTBYNAME_R_6=1 -DHAVE_GETHOSTBYNAME_R=1 -DHAVE_DECL_GETHOSTBYADDR_R=1 -DHAVE_GETHOSTBYADDR_R_8=1 -DHAVE_GETHOSTBYADDR_R=1 -DHAVE_TERMIOS_H=1 -DHAVE_SYS_IOCTL_H=1 -DHAVE_PSELECT=1 -DHAVE_SYS_EPOLL_H=1 -DNOTIFIER_EPOLL=1 -DHAVE_SYS_EVENTFD_H=1 -DHAVE_EVENTFD=1 -DHAVE_SYS_TIME_H=1 -DHAVE_GMTIME_R=1 -DHAVE_LOCALTIME_R=1 -DHAVE_TM_GMTOFF=1 -DHAVE_TIMEZONE_VAR=1 -DHAVE_STRUCT_STAT_ST_BLOCKS=1 -DHAVE_STRUCT_STAT_ST_BLKSIZE=1 -DHAVE_STRUCT_STAT_ST_RDEV=1 -DHAVE_BLKCNT_T=1 -DHAVE_INTPTR_T=1 -DHAVE_UINTPTR_T=1 -DNO_UNION_WAIT=1 -DHAVE_SIGNED_CHAR=1 -DHAVE_LANGINFO=1 -DHAVE_CFMAKERAW=1 -DHAVE_MKSTEMPS=1 -DHAVE_FTS=1 -DHAVE_SYS_IOCTL_H=1 -DTCL_UNLOAD_DLLS=1 -DHAVE_CPUID=1 -DZIPFS_BUILD=1    -DMP_FIXED_CUTOFFS -DBUILD_tcl /home/builder/build/src/tcl9.0.1/generic/tclConfig.c
clang -c -I"." -I/home/builder/build/src/tcl9.0.1/unix -I/home/builder/build/src/tcl9.0.1/generic -I/home/builder/build/src/tcl9.0.1/libtommath -O2 -march=x86-64-v3 -O2 -pipe -fno-plt -fexceptions         -Wp,-D_FORTIFY_SOURCE=3 -fstack-clash-protection -fcf-protection -pipe -m64 -finput-charset=UTF-8  -Wall -Wextra -Wshadow -Wundef -Wwrite-strings -Wpointer-arith -Wc++-compat -fextended-identifiers -fPIC -fno-common -DPACKAGE_NAME=\"tcl\" -DPACKAGE_TARNAME=\"tcl\" -DPACKAGE_VERSION=\"9.0\" -DPACKAGE_STRING=\"tcl\ 9.0\" -DPACKAGE_BUGREPORT=\"\" -DPACKAGE_URL=\"\" -DHAVE_STDIO_H=1 -DHAVE_STDLIB_H=1 -DHAVE_STRING_H=1 -DHAVE_INTTYPES_H=1 -DHAVE_STDINT_H=1 -DHAVE_STRINGS_H=1 -DHAVE_SYS_STAT_H=1 -DHAVE_SYS_TYPES_H=1 -DHAVE_UNISTD_H=1 -DHAVE_SYS_TIME_H=1 -DSTDC_HEADERS=1 -DHAVE_SYS_PARAM_H=1 -DTCL_CFGVAL_ENCODING=\"utf-8\" -D_REENTRANT=1 -D_THREAD_SAFE=1 -DHAVE_PTHREAD_ATTR_SETSTACKSIZE=1 -DHAVE_PTHREAD_ATFORK=1 -DHAVE_DECL_PTHREAD_MUTEX_RECURSIVE=1 -DMODULE_SCOPE=extern\ __attribute__\(\(__visibility__\(\"hidden\"\)\)\) -DHAVE_HIDDEN=1 -DTCL_CFG_DO64BIT=1 -DHAVE_CAST_TO_UNION=1 -DHAVE_STDBOOL_H=1 -DHAVE_VFORK=1 -DHAVE_POSIX_SPAWNP=1 -DHAVE_POSIX_SPAWN_FILE_ACTIONS_ADDDUP2=1 -DHAVE_POSIX_SPAWNATTR_SETFLAGS=1 -DTCL_SHLIB_EXT=\".so\" -DNDEBUG=1 -DTCL_CFG_OPTIMIZED=1 -DMP_PREC=4 -D_LARGEFILE64_SOURCE=1 -DTCL_WIDE_INT_IS_LONG=1 -DHAVE_GETCWD=1 -DHAVE_MKSTEMP=1 -DHAVE_WAITPID=1 -DHAVE_GETNAMEINFO=1 -DHAVE_GETADDRINFO=1 -DHAVE_FREEADDRINFO=1 -DHAVE_GAI_STRERROR=1 -DHAVE_STRUCT_ADDRINFO=1 -DHAVE_STRUCT_IN6_ADDR=1 -DHAVE_STRUCT_SOCKADDR_IN6=1 -DHAVE_STRUCT_SOCKADDR_STORAGE=1 -DHAVE_GETPWUID_R_5=1 -DHAVE_GETPWUID_R=1 -DHAVE_GETPWNAM_R_5=1 -DHAVE_GETPWNAM_R=1 -DHAVE_GETGRGID_R_5=1 -DHAVE_GETGRGID_R=1 -DHAVE_GETGRNAM_R_5=1 -DHAVE_GETGRNAM_R=1 -DHAVE_DECL_GETHOSTBYNAME_R=1 -DHAVE_GETHOSTBYNAME_R_6=1 -DHAVE_GETHOSTBYNAME_R=1 -DHAVE_DECL_GETHOSTBYADDR_R=1 -DHAVE_GETHOSTBYADDR_R_8=1 -DHAVE_GETHOSTBYADDR_R=1 -DHAVE_TERMIOS_H=1 -DHAVE_SYS_IOCTL_H=1 -DHAVE_PSELECT=1 -DHAVE_SYS_EPOLL_H=1 -DNOTIFIER_EPOLL=1 -DHAVE_SYS_EVENTFD_H=1 -DHAVE_EVENTFD=1 -DHAVE_SYS_TIME_H=1 -DHAVE_GMTIME_R=1 -DHAVE_LOCALTIME_R=1 -DHAVE_TM_GMTOFF=1 -DHAVE_TIMEZONE_VAR=1 -DHAVE_STRUCT_STAT_ST_BLOCKS=1 -DHAVE_STRUCT_STAT_ST_BLKSIZE=1 -DHAVE_STRUCT_STAT_ST_RDEV=1 -DHAVE_BLKCNT_T=1 -DHAVE_INTPTR_T=1 -DHAVE_UINTPTR_T=1 -DNO_UNION_WAIT=1 -DHAVE_SIGNED_CHAR=1 -DHAVE_LANGINFO=1 -DHAVE_CFMAKERAW=1 -DHAVE_MKSTEMPS=1 -DHAVE_FTS=1 -DHAVE_SYS_IOCTL_H=1 -DTCL_UNLOAD_DLLS=1 -DHAVE_CPUID=1 -DZIPFS_BUILD=1    -DMP_FIXED_CUTOFFS -DBUILD_tcl /home/builder/build/src/tcl9.0.1/generic/tclDate.c
/home/builder/build/src/tcl9.0.1/generic/tclDate.c:1217:9: warning: variable 'TclDatenerrs' set but not used [-Wunused-but-set-variable]
 1217 |     int yynerrs = 0;
      |         ^
/home/builder/build/src/tcl9.0.1/generic/tclDate.c:72:25: note: expanded from macro 'yynerrs'
   72 | #define yynerrs         TclDatenerrs
      |                         ^
1 warning generated.
clang -c -I"." -I/home/builder/build/src/tcl9.0.1/unix -I/home/builder/build/src/tcl9.0.1/generic -I/home/builder/build/src/tcl9.0.1/libtommath -O2 -march=x86-64-v3 -O2 -pipe -fno-plt -fexceptions         -Wp,-D_FORTIFY_SOURCE=3 -fstack-clash-protection -fcf-protection -pipe -m64 -finput-charset=UTF-8  -Wall -Wextra -Wshadow -Wundef -Wwrite-strings -Wpointer-arith -Wc++-compat -fextended-identifiers -fPIC -fno-common -DPACKAGE_NAME=\"tcl\" -DPACKAGE_TARNAME=\"tcl\" -DPACKAGE_VERSION=\"9.0\" -DPACKAGE_STRING=\"tcl\ 9.0\" -DPACKAGE_BUGREPORT=\"\" -DPACKAGE_URL=\"\" -DHAVE_STDIO_H=1 -DHAVE_STDLIB_H=1 -DHAVE_STRING_H=1 -DHAVE_INTTYPES_H=1 -DHAVE_STDINT_H=1 -DHAVE_STRINGS_H=1 -DHAVE_SYS_STAT_H=1 -DHAVE_SYS_TYPES_H=1 -DHAVE_UNISTD_H=1 -DHAVE_SYS_TIME_H=1 -DSTDC_HEADERS=1 -DHAVE_SYS_PARAM_H=1 -DTCL_CFGVAL_ENCODING=\"utf-8\" -D_REENTRANT=1 -D_THREAD_SAFE=1 -DHAVE_PTHREAD_ATTR_SETSTACKSIZE=1 -DHAVE_PTHREAD_ATFORK=1 -DHAVE_DECL_PTHREAD_MUTEX_RECURSIVE=1 -DMODULE_SCOPE=extern\ __attribute__\(\(__visibility__\(\"hidden\"\)\)\) -DHAVE_HIDDEN=1 -DTCL_CFG_DO64BIT=1 -DHAVE_CAST_TO_UNION=1 -DHAVE_STDBOOL_H=1 -DHAVE_VFORK=1 -DHAVE_POSIX_SPAWNP=1 -DHAVE_POSIX_SPAWN_FILE_ACTIONS_ADDDUP2=1 -DHAVE_POSIX_SPAWNATTR_SETFLAGS=1 -DTCL_SHLIB_EXT=\".so\" -DNDEBUG=1 -DTCL_CFG_OPTIMIZED=1 -DMP_PREC=4 -D_LARGEFILE64_SOURCE=1 -DTCL_WIDE_INT_IS_LONG=1 -DHAVE_GETCWD=1 -DHAVE_MKSTEMP=1 -DHAVE_WAITPID=1 -DHAVE_GETNAMEINFO=1 -DHAVE_GETADDRINFO=1 -DHAVE_FREEADDRINFO=1 -DHAVE_GAI_STRERROR=1 -DHAVE_STRUCT_ADDRINFO=1 -DHAVE_STRUCT_IN6_ADDR=1 -DHAVE_STRUCT_SOCKADDR_IN6=1 -DHAVE_STRUCT_SOCKADDR_STORAGE=1 -DHAVE_GETPWUID_R_5=1 -DHAVE_GETPWUID_R=1 -DHAVE_GETPWNAM_R_5=1 -DHAVE_GETPWNAM_R=1 -DHAVE_GETGRGID_R_5=1 -DHAVE_GETGRGID_R=1 -DHAVE_GETGRNAM_R_5=1 -DHAVE_GETGRNAM_R=1 -DHAVE_DECL_GETHOSTBYNAME_R=1 -DHAVE_GETHOSTBYNAME_R_6=1 -DHAVE_GETHOSTBYNAME_R=1 -DHAVE_DECL_GETHOSTBYADDR_R=1 -DHAVE_GETHOSTBYADDR_R_8=1 -DHAVE_GETHOSTBYADDR_R=1 -DHAVE_TERMIOS_H=1 -DHAVE_SYS_IOCTL_H=1 -DHAVE_PSELECT=1 -DHAVE_SYS_EPOLL_H=1 -DNOTIFIER_EPOLL=1 -DHAVE_SYS_EVENTFD_H=1 -DHAVE_EVENTFD=1 -DHAVE_SYS_TIME_H=1 -DHAVE_GMTIME_R=1 -DHAVE_LOCALTIME_R=1 -DHAVE_TM_GMTOFF=1 -DHAVE_TIMEZONE_VAR=1 -DHAVE_STRUCT_STAT_ST_BLOCKS=1 -DHAVE_STRUCT_STAT_ST_BLKSIZE=1 -DHAVE_STRUCT_STAT_ST_RDEV=1 -DHAVE_BLKCNT_T=1 -DHAVE_INTPTR_T=1 -DHAVE_UINTPTR_T=1 -DNO_UNION_WAIT=1 -DHAVE_SIGNED_CHAR=1 -DHAVE_LANGINFO=1 -DHAVE_CFMAKERAW=1 -DHAVE_MKSTEMPS=1 -DHAVE_FTS=1 -DHAVE_SYS_IOCTL_H=1 -DTCL_UNLOAD_DLLS=1 -DHAVE_CPUID=1 -DZIPFS_BUILD=1    -DMP_FIXED_CUTOFFS -DBUILD_tcl /home/builder/build/src/tcl9.0.1/generic/tclDictObj.c
clang -c -I"." -I/home/builder/build/src/tcl9.0.1/unix -I/home/builder/build/src/tcl9.0.1/generic -I/home/builder/build/src/tcl9.0.1/libtommath -O2 -march=x86-64-v3 -O2 -pipe -fno-plt -fexceptions         -Wp,-D_FORTIFY_SOURCE=3 -fstack-clash-protection -fcf-protection -pipe -m64 -finput-charset=UTF-8  -Wall -Wextra -Wshadow -Wundef -Wwrite-strings -Wpointer-arith -Wc++-compat -fextended-identifiers -fPIC -fno-common -DPACKAGE_NAME=\"tcl\" -DPACKAGE_TARNAME=\"tcl\" -DPACKAGE_VERSION=\"9.0\" -DPACKAGE_STRING=\"tcl\ 9.0\" -DPACKAGE_BUGREPORT=\"\" -DPACKAGE_URL=\"\" -DHAVE_STDIO_H=1 -DHAVE_STDLIB_H=1 -DHAVE_STRING_H=1 -DHAVE_INTTYPES_H=1 -DHAVE_STDINT_H=1 -DHAVE_STRINGS_H=1 -DHAVE_SYS_STAT_H=1 -DHAVE_SYS_TYPES_H=1 -DHAVE_UNISTD_H=1 -DHAVE_SYS_TIME_H=1 -DSTDC_HEADERS=1 -DHAVE_SYS_PARAM_H=1 -DTCL_CFGVAL_ENCODING=\"utf-8\" -D_REENTRANT=1 -D_THREAD_SAFE=1 -DHAVE_PTHREAD_ATTR_SETSTACKSIZE=1 -DHAVE_PTHREAD_ATFORK=1 -DHAVE_DECL_PTHREAD_MUTEX_RECURSIVE=1 -DMODULE_SCOPE=extern\ __attribute__\(\(__visibility__\(\"hidden\"\)\)\) -DHAVE_HIDDEN=1 -DTCL_CFG_DO64BIT=1 -DHAVE_CAST_TO_UNION=1 -DHAVE_STDBOOL_H=1 -DHAVE_VFORK=1 -DHAVE_POSIX_SPAWNP=1 -DHAVE_POSIX_SPAWN_FILE_ACTIONS_ADDDUP2=1 -DHAVE_POSIX_SPAWNATTR_SETFLAGS=1 -DTCL_SHLIB_EXT=\".so\" -DNDEBUG=1 -DTCL_CFG_OPTIMIZED=1 -DMP_PREC=4 -D_LARGEFILE64_SOURCE=1 -DTCL_WIDE_INT_IS_LONG=1 -DHAVE_GETCWD=1 -DHAVE_MKSTEMP=1 -DHAVE_WAITPID=1 -DHAVE_GETNAMEINFO=1 -DHAVE_GETADDRINFO=1 -DHAVE_FREEADDRINFO=1 -DHAVE_GAI_STRERROR=1 -DHAVE_STRUCT_ADDRINFO=1 -DHAVE_STRUCT_IN6_ADDR=1 -DHAVE_STRUCT_SOCKADDR_IN6=1 -DHAVE_STRUCT_SOCKADDR_STORAGE=1 -DHAVE_GETPWUID_R_5=1 -DHAVE_GETPWUID_R=1 -DHAVE_GETPWNAM_R_5=1 -DHAVE_GETPWNAM_R=1 -DHAVE_GETGRGID_R_5=1 -DHAVE_GETGRGID_R=1 -DHAVE_GETGRNAM_R_5=1 -DHAVE_GETGRNAM_R=1 -DHAVE_DECL_GETHOSTBYNAME_R=1 -DHAVE_GETHOSTBYNAME_R_6=1 -DHAVE_GETHOSTBYNAME_R=1 -DHAVE_DECL_GETHOSTBYADDR_R=1 -DHAVE_GETHOSTBYADDR_R_8=1 -DHAVE_GETHOSTBYADDR_R=1 -DHAVE_TERMIOS_H=1 -DHAVE_SYS_IOCTL_H=1 -DHAVE_PSELECT=1 -DHAVE_SYS_EPOLL_H=1 -DNOTIFIER_EPOLL=1 -DHAVE_SYS_EVENTFD_H=1 -DHAVE_EVENTFD=1 -DHAVE_SYS_TIME_H=1 -DHAVE_GMTIME_R=1 -DHAVE_LOCALTIME_R=1 -DHAVE_TM_GMTOFF=1 -DHAVE_TIMEZONE_VAR=1 -DHAVE_STRUCT_STAT_ST_BLOCKS=1 -DHAVE_STRUCT_STAT_ST_BLKSIZE=1 -DHAVE_STRUCT_STAT_ST_RDEV=1 -DHAVE_BLKCNT_T=1 -DHAVE_INTPTR_T=1 -DHAVE_UINTPTR_T=1 -DNO_UNION_WAIT=1 -DHAVE_SIGNED_CHAR=1 -DHAVE_LANGINFO=1 -DHAVE_CFMAKERAW=1 -DHAVE_MKSTEMPS=1 -DHAVE_FTS=1 -DHAVE_SYS_IOCTL_H=1 -DTCL_UNLOAD_DLLS=1 -DHAVE_CPUID=1 -DZIPFS_BUILD=1    -DMP_FIXED_CUTOFFS -DBUILD_tcl /home/builder/build/src/tcl9.0.1/generic/tclDisassemble.c
clang -c -I"." -I/home/builder/build/src/tcl9.0.1/unix -I/home/builder/build/src/tcl9.0.1/generic -I/home/builder/build/src/tcl9.0.1/libtommath -O2 -march=x86-64-v3 -O2 -pipe -fno-plt -fexceptions         -Wp,-D_FORTIFY_SOURCE=3 -fstack-clash-protection -fcf-protection -pipe -m64 -finput-charset=UTF-8  -Wall -Wextra -Wshadow -Wundef -Wwrite-strings -Wpointer-arith -Wc++-compat -fextended-identifiers -fPIC -fno-common -DPACKAGE_NAME=\"tcl\" -DPACKAGE_TARNAME=\"tcl\" -DPACKAGE_VERSION=\"9.0\" -DPACKAGE_STRING=\"tcl\ 9.0\" -DPACKAGE_BUGREPORT=\"\" -DPACKAGE_URL=\"\" -DHAVE_STDIO_H=1 -DHAVE_STDLIB_H=1 -DHAVE_STRING_H=1 -DHAVE_INTTYPES_H=1 -DHAVE_STDINT_H=1 -DHAVE_STRINGS_H=1 -DHAVE_SYS_STAT_H=1 -DHAVE_SYS_TYPES_H=1 -DHAVE_UNISTD_H=1 -DHAVE_SYS_TIME_H=1 -DSTDC_HEADERS=1 -DHAVE_SYS_PARAM_H=1 -DTCL_CFGVAL_ENCODING=\"utf-8\" -D_REENTRANT=1 -D_THREAD_SAFE=1 -DHAVE_PTHREAD_ATTR_SETSTACKSIZE=1 -DHAVE_PTHREAD_ATFORK=1 -DHAVE_DECL_PTHREAD_MUTEX_RECURSIVE=1 -DMODULE_SCOPE=extern\ __attribute__\(\(__visibility__\(\"hidden\"\)\)\) -DHAVE_HIDDEN=1 -DTCL_CFG_DO64BIT=1 -DHAVE_CAST_TO_UNION=1 -DHAVE_STDBOOL_H=1 -DHAVE_VFORK=1 -DHAVE_POSIX_SPAWNP=1 -DHAVE_POSIX_SPAWN_FILE_ACTIONS_ADDDUP2=1 -DHAVE_POSIX_SPAWNATTR_SETFLAGS=1 -DTCL_SHLIB_EXT=\".so\" -DNDEBUG=1 -DTCL_CFG_OPTIMIZED=1 -DMP_PREC=4 -D_LARGEFILE64_SOURCE=1 -DTCL_WIDE_INT_IS_LONG=1 -DHAVE_GETCWD=1 -DHAVE_MKSTEMP=1 -DHAVE_WAITPID=1 -DHAVE_GETNAMEINFO=1 -DHAVE_GETADDRINFO=1 -DHAVE_FREEADDRINFO=1 -DHAVE_GAI_STRERROR=1 -DHAVE_STRUCT_ADDRINFO=1 -DHAVE_STRUCT_IN6_ADDR=1 -DHAVE_STRUCT_SOCKADDR_IN6=1 -DHAVE_STRUCT_SOCKADDR_STORAGE=1 -DHAVE_GETPWUID_R_5=1 -DHAVE_GETPWUID_R=1 -DHAVE_GETPWNAM_R_5=1 -DHAVE_GETPWNAM_R=1 -DHAVE_GETGRGID_R_5=1 -DHAVE_GETGRGID_R=1 -DHAVE_GETGRNAM_R_5=1 -DHAVE_GETGRNAM_R=1 -DHAVE_DECL_GETHOSTBYNAME_R=1 -DHAVE_GETHOSTBYNAME_R_6=1 -DHAVE_GETHOSTBYNAME_R=1 -DHAVE_DECL_GETHOSTBYADDR_R=1 -DHAVE_GETHOSTBYADDR_R_8=1 -DHAVE_GETHOSTBYADDR_R=1 -DHAVE_TERMIOS_H=1 -DHAVE_SYS_IOCTL_H=1 -DHAVE_PSELECT=1 -DHAVE_SYS_EPOLL_H=1 -DNOTIFIER_EPOLL=1 -DHAVE_SYS_EVENTFD_H=1 -DHAVE_EVENTFD=1 -DHAVE_SYS_TIME_H=1 -DHAVE_GMTIME_R=1 -DHAVE_LOCALTIME_R=1 -DHAVE_TM_GMTOFF=1 -DHAVE_TIMEZONE_VAR=1 -DHAVE_STRUCT_STAT_ST_BLOCKS=1 -DHAVE_STRUCT_STAT_ST_BLKSIZE=1 -DHAVE_STRUCT_STAT_ST_RDEV=1 -DHAVE_BLKCNT_T=1 -DHAVE_INTPTR_T=1 -DHAVE_UINTPTR_T=1 -DNO_UNION_WAIT=1 -DHAVE_SIGNED_CHAR=1 -DHAVE_LANGINFO=1 -DHAVE_CFMAKERAW=1 -DHAVE_MKSTEMPS=1 -DHAVE_FTS=1 -DHAVE_SYS_IOCTL_H=1 -DTCL_UNLOAD_DLLS=1 -DHAVE_CPUID=1 -DZIPFS_BUILD=1    -DMP_FIXED_CUTOFFS -DBUILD_tcl /home/builder/build/src/tcl9.0.1/generic/tclEncoding.c
clang -c -I"." -I/home/builder/build/src/tcl9.0.1/unix -I/home/builder/build/src/tcl9.0.1/generic -I/home/builder/build/src/tcl9.0.1/libtommath -O2 -march=x86-64-v3 -O2 -pipe -fno-plt -fexceptions         -Wp,-D_FORTIFY_SOURCE=3 -fstack-clash-protection -fcf-protection -pipe -m64 -finput-charset=UTF-8  -Wall -Wextra -Wshadow -Wundef -Wwrite-strings -Wpointer-arith -Wc++-compat -fextended-identifiers -fPIC -fno-common -DPACKAGE_NAME=\"tcl\" -DPACKAGE_TARNAME=\"tcl\" -DPACKAGE_VERSION=\"9.0\" -DPACKAGE_STRING=\"tcl\ 9.0\" -DPACKAGE_BUGREPORT=\"\" -DPACKAGE_URL=\"\" -DHAVE_STDIO_H=1 -DHAVE_STDLIB_H=1 -DHAVE_STRING_H=1 -DHAVE_INTTYPES_H=1 -DHAVE_STDINT_H=1 -DHAVE_STRINGS_H=1 -DHAVE_SYS_STAT_H=1 -DHAVE_SYS_TYPES_H=1 -DHAVE_UNISTD_H=1 -DHAVE_SYS_TIME_H=1 -DSTDC_HEADERS=1 -DHAVE_SYS_PARAM_H=1 -DTCL_CFGVAL_ENCODING=\"utf-8\" -D_REENTRANT=1 -D_THREAD_SAFE=1 -DHAVE_PTHREAD_ATTR_SETSTACKSIZE=1 -DHAVE_PTHREAD_ATFORK=1 -DHAVE_DECL_PTHREAD_MUTEX_RECURSIVE=1 -DMODULE_SCOPE=extern\ __attribute__\(\(__visibility__\(\"hidden\"\)\)\) -DHAVE_HIDDEN=1 -DTCL_CFG_DO64BIT=1 -DHAVE_CAST_TO_UNION=1 -DHAVE_STDBOOL_H=1 -DHAVE_VFORK=1 -DHAVE_POSIX_SPAWNP=1 -DHAVE_POSIX_SPAWN_FILE_ACTIONS_ADDDUP2=1 -DHAVE_POSIX_SPAWNATTR_SETFLAGS=1 -DTCL_SHLIB_EXT=\".so\" -DNDEBUG=1 -DTCL_CFG_OPTIMIZED=1 -DMP_PREC=4 -D_LARGEFILE64_SOURCE=1 -DTCL_WIDE_INT_IS_LONG=1 -DHAVE_GETCWD=1 -DHAVE_MKSTEMP=1 -DHAVE_WAITPID=1 -DHAVE_GETNAMEINFO=1 -DHAVE_GETADDRINFO=1 -DHAVE_FREEADDRINFO=1 -DHAVE_GAI_STRERROR=1 -DHAVE_STRUCT_ADDRINFO=1 -DHAVE_STRUCT_IN6_ADDR=1 -DHAVE_STRUCT_SOCKADDR_IN6=1 -DHAVE_STRUCT_SOCKADDR_STORAGE=1 -DHAVE_GETPWUID_R_5=1 -DHAVE_GETPWUID_R=1 -DHAVE_GETPWNAM_R_5=1 -DHAVE_GETPWNAM_R=1 -DHAVE_GETGRGID_R_5=1 -DHAVE_GETGRGID_R=1 -DHAVE_GETGRNAM_R_5=1 -DHAVE_GETGRNAM_R=1 -DHAVE_DECL_GETHOSTBYNAME_R=1 -DHAVE_GETHOSTBYNAME_R_6=1 -DHAVE_GETHOSTBYNAME_R=1 -DHAVE_DECL_GETHOSTBYADDR_R=1 -DHAVE_GETHOSTBYADDR_R_8=1 -DHAVE_GETHOSTBYADDR_R=1 -DHAVE_TERMIOS_H=1 -DHAVE_SYS_IOCTL_H=1 -DHAVE_PSELECT=1 -DHAVE_SYS_EPOLL_H=1 -DNOTIFIER_EPOLL=1 -DHAVE_SYS_EVENTFD_H=1 -DHAVE_EVENTFD=1 -DHAVE_SYS_TIME_H=1 -DHAVE_GMTIME_R=1 -DHAVE_LOCALTIME_R=1 -DHAVE_TM_GMTOFF=1 -DHAVE_TIMEZONE_VAR=1 -DHAVE_STRUCT_STAT_ST_BLOCKS=1 -DHAVE_STRUCT_STAT_ST_BLKSIZE=1 -DHAVE_STRUCT_STAT_ST_RDEV=1 -DHAVE_BLKCNT_T=1 -DHAVE_INTPTR_T=1 -DHAVE_UINTPTR_T=1 -DNO_UNION_WAIT=1 -DHAVE_SIGNED_CHAR=1 -DHAVE_LANGINFO=1 -DHAVE_CFMAKERAW=1 -DHAVE_MKSTEMPS=1 -DHAVE_FTS=1 -DHAVE_SYS_IOCTL_H=1 -DTCL_UNLOAD_DLLS=1 -DHAVE_CPUID=1 -DZIPFS_BUILD=1    -DMP_FIXED_CUTOFFS -DBUILD_tcl /home/builder/build/src/tcl9.0.1/generic/tclEnsemble.c
clang -c -I"." -I/home/builder/build/src/tcl9.0.1/unix -I/home/builder/build/src/tcl9.0.1/generic -I/home/builder/build/src/tcl9.0.1/libtommath -O2 -march=x86-64-v3 -O2 -pipe -fno-plt -fexceptions         -Wp,-D_FORTIFY_SOURCE=3 -fstack-clash-protection -fcf-protection -pipe -m64 -finput-charset=UTF-8  -Wall -Wextra -Wshadow -Wundef -Wwrite-strings -Wpointer-arith -Wc++-compat -fextended-identifiers -fPIC -fno-common -DPACKAGE_NAME=\"tcl\" -DPACKAGE_TARNAME=\"tcl\" -DPACKAGE_VERSION=\"9.0\" -DPACKAGE_STRING=\"tcl\ 9.0\" -DPACKAGE_BUGREPORT=\"\" -DPACKAGE_URL=\"\" -DHAVE_STDIO_H=1 -DHAVE_STDLIB_H=1 -DHAVE_STRING_H=1 -DHAVE_INTTYPES_H=1 -DHAVE_STDINT_H=1 -DHAVE_STRINGS_H=1 -DHAVE_SYS_STAT_H=1 -DHAVE_SYS_TYPES_H=1 -DHAVE_UNISTD_H=1 -DHAVE_SYS_TIME_H=1 -DSTDC_HEADERS=1 -DHAVE_SYS_PARAM_H=1 -DTCL_CFGVAL_ENCODING=\"utf-8\" -D_REENTRANT=1 -D_THREAD_SAFE=1 -DHAVE_PTHREAD_ATTR_SETSTACKSIZE=1 -DHAVE_PTHREAD_ATFORK=1 -DHAVE_DECL_PTHREAD_MUTEX_RECURSIVE=1 -DMODULE_SCOPE=extern\ __attribute__\(\(__visibility__\(\"hidden\"\)\)\) -DHAVE_HIDDEN=1 -DTCL_CFG_DO64BIT=1 -DHAVE_CAST_TO_UNION=1 -DHAVE_STDBOOL_H=1 -DHAVE_VFORK=1 -DHAVE_POSIX_SPAWNP=1 -DHAVE_POSIX_SPAWN_FILE_ACTIONS_ADDDUP2=1 -DHAVE_POSIX_SPAWNATTR_SETFLAGS=1 -DTCL_SHLIB_EXT=\".so\" -DNDEBUG=1 -DTCL_CFG_OPTIMIZED=1 -DMP_PREC=4 -D_LARGEFILE64_SOURCE=1 -DTCL_WIDE_INT_IS_LONG=1 -DHAVE_GETCWD=1 -DHAVE_MKSTEMP=1 -DHAVE_WAITPID=1 -DHAVE_GETNAMEINFO=1 -DHAVE_GETADDRINFO=1 -DHAVE_FREEADDRINFO=1 -DHAVE_GAI_STRERROR=1 -DHAVE_STRUCT_ADDRINFO=1 -DHAVE_STRUCT_IN6_ADDR=1 -DHAVE_STRUCT_SOCKADDR_IN6=1 -DHAVE_STRUCT_SOCKADDR_STORAGE=1 -DHAVE_GETPWUID_R_5=1 -DHAVE_GETPWUID_R=1 -DHAVE_GETPWNAM_R_5=1 -DHAVE_GETPWNAM_R=1 -DHAVE_GETGRGID_R_5=1 -DHAVE_GETGRGID_R=1 -DHAVE_GETGRNAM_R_5=1 -DHAVE_GETGRNAM_R=1 -DHAVE_DECL_GETHOSTBYNAME_R=1 -DHAVE_GETHOSTBYNAME_R_6=1 -DHAVE_GETHOSTBYNAME_R=1 -DHAVE_DECL_GETHOSTBYADDR_R=1 -DHAVE_GETHOSTBYADDR_R_8=1 -DHAVE_GETHOSTBYADDR_R=1 -DHAVE_TERMIOS_H=1 -DHAVE_SYS_IOCTL_H=1 -DHAVE_PSELECT=1 -DHAVE_SYS_EPOLL_H=1 -DNOTIFIER_EPOLL=1 -DHAVE_SYS_EVENTFD_H=1 -DHAVE_EVENTFD=1 -DHAVE_SYS_TIME_H=1 -DHAVE_GMTIME_R=1 -DHAVE_LOCALTIME_R=1 -DHAVE_TM_GMTOFF=1 -DHAVE_TIMEZONE_VAR=1 -DHAVE_STRUCT_STAT_ST_BLOCKS=1 -DHAVE_STRUCT_STAT_ST_BLKSIZE=1 -DHAVE_STRUCT_STAT_ST_RDEV=1 -DHAVE_BLKCNT_T=1 -DHAVE_INTPTR_T=1 -DHAVE_UINTPTR_T=1 -DNO_UNION_WAIT=1 -DHAVE_SIGNED_CHAR=1 -DHAVE_LANGINFO=1 -DHAVE_CFMAKERAW=1 -DHAVE_MKSTEMPS=1 -DHAVE_FTS=1 -DHAVE_SYS_IOCTL_H=1 -DTCL_UNLOAD_DLLS=1 -DHAVE_CPUID=1 -DZIPFS_BUILD=1    -DMP_FIXED_CUTOFFS -DBUILD_tcl /home/builder/build/src/tcl9.0.1/generic/tclEnv.c
echo "#define TCL_VERSION_UUID \\" >tclUuid.h
cat /home/builder/build/src/tcl9.0.1/manifest.uuid >>tclUuid.h
echo "" >>tclUuid.h
clang -c -I"." -I/home/builder/build/src/tcl9.0.1/unix -I/home/builder/build/src/tcl9.0.1/generic -I/home/builder/build/src/tcl9.0.1/libtommath -O2 -march=x86-64-v3 -O2 -pipe -fno-plt -fexceptions         -Wp,-D_FORTIFY_SOURCE=3 -fstack-clash-protection -fcf-protection -pipe -m64 -finput-charset=UTF-8  -Wall -Wextra -Wshadow -Wundef -Wwrite-strings -Wpointer-arith -Wc++-compat -fextended-identifiers -fPIC -fno-common -DPACKAGE_NAME=\"tcl\" -DPACKAGE_TARNAME=\"tcl\" -DPACKAGE_VERSION=\"9.0\" -DPACKAGE_STRING=\"tcl\ 9.0\" -DPACKAGE_BUGREPORT=\"\" -DPACKAGE_URL=\"\" -DHAVE_STDIO_H=1 -DHAVE_STDLIB_H=1 -DHAVE_STRING_H=1 -DHAVE_INTTYPES_H=1 -DHAVE_STDINT_H=1 -DHAVE_STRINGS_H=1 -DHAVE_SYS_STAT_H=1 -DHAVE_SYS_TYPES_H=1 -DHAVE_UNISTD_H=1 -DHAVE_SYS_TIME_H=1 -DSTDC_HEADERS=1 -DHAVE_SYS_PARAM_H=1 -DTCL_CFGVAL_ENCODING=\"utf-8\" -D_REENTRANT=1 -D_THREAD_SAFE=1 -DHAVE_PTHREAD_ATTR_SETSTACKSIZE=1 -DHAVE_PTHREAD_ATFORK=1 -DHAVE_DECL_PTHREAD_MUTEX_RECURSIVE=1 -DMODULE_SCOPE=extern\ __attribute__\(\(__visibility__\(\"hidden\"\)\)\) -DHAVE_HIDDEN=1 -DTCL_CFG_DO64BIT=1 -DHAVE_CAST_TO_UNION=1 -DHAVE_STDBOOL_H=1 -DHAVE_VFORK=1 -DHAVE_POSIX_SPAWNP=1 -DHAVE_POSIX_SPAWN_FILE_ACTIONS_ADDDUP2=1 -DHAVE_POSIX_SPAWNATTR_SETFLAGS=1 -DTCL_SHLIB_EXT=\".so\" -DNDEBUG=1 -DTCL_CFG_OPTIMIZED=1 -DMP_PREC=4 -D_LARGEFILE64_SOURCE=1 -DTCL_WIDE_INT_IS_LONG=1 -DHAVE_GETCWD=1 -DHAVE_MKSTEMP=1 -DHAVE_WAITPID=1 -DHAVE_GETNAMEINFO=1 -DHAVE_GETADDRINFO=1 -DHAVE_FREEADDRINFO=1 -DHAVE_GAI_STRERROR=1 -DHAVE_STRUCT_ADDRINFO=1 -DHAVE_STRUCT_IN6_ADDR=1 -DHAVE_STRUCT_SOCKADDR_IN6=1 -DHAVE_STRUCT_SOCKADDR_STORAGE=1 -DHAVE_GETPWUID_R_5=1 -DHAVE_GETPWUID_R=1 -DHAVE_GETPWNAM_R_5=1 -DHAVE_GETPWNAM_R=1 -DHAVE_GETGRGID_R_5=1 -DHAVE_GETGRGID_R=1 -DHAVE_GETGRNAM_R_5=1 -DHAVE_GETGRNAM_R=1 -DHAVE_DECL_GETHOSTBYNAME_R=1 -DHAVE_GETHOSTBYNAME_R_6=1 -DHAVE_GETHOSTBYNAME_R=1 -DHAVE_DECL_GETHOSTBYADDR_R=1 -DHAVE_GETHOSTBYADDR_R_8=1 -DHAVE_GETHOSTBYADDR_R=1 -DHAVE_TERMIOS_H=1 -DHAVE_SYS_IOCTL_H=1 -DHAVE_PSELECT=1 -DHAVE_SYS_EPOLL_H=1 -DNOTIFIER_EPOLL=1 -DHAVE_SYS_EVENTFD_H=1 -DHAVE_EVENTFD=1 -DHAVE_SYS_TIME_H=1 -DHAVE_GMTIME_R=1 -DHAVE_LOCALTIME_R=1 -DHAVE_TM_GMTOFF=1 -DHAVE_TIMEZONE_VAR=1 -DHAVE_STRUCT_STAT_ST_BLOCKS=1 -DHAVE_STRUCT_STAT_ST_BLKSIZE=1 -DHAVE_STRUCT_STAT_ST_RDEV=1 -DHAVE_BLKCNT_T=1 -DHAVE_INTPTR_T=1 -DHAVE_UINTPTR_T=1 -DNO_UNION_WAIT=1 -DHAVE_SIGNED_CHAR=1 -DHAVE_LANGINFO=1 -DHAVE_CFMAKERAW=1 -DHAVE_MKSTEMPS=1 -DHAVE_FTS=1 -DHAVE_SYS_IOCTL_H=1 -DTCL_UNLOAD_DLLS=1 -DHAVE_CPUID=1 -DZIPFS_BUILD=1    -DMP_FIXED_CUTOFFS -DBUILD_tcl /home/builder/build/src/tcl9.0.1/generic/tclEvent.c
clang -c -I"." -I/home/builder/build/src/tcl9.0.1/unix -I/home/builder/build/src/tcl9.0.1/generic -I/home/builder/build/src/tcl9.0.1/libtommath -O2 -march=x86-64-v3 -O2 -pipe -fno-plt -fexceptions         -Wp,-D_FORTIFY_SOURCE=3 -fstack-clash-protection -fcf-protection -pipe -m64 -finput-charset=UTF-8  -Wall -Wextra -Wshadow -Wundef -Wwrite-strings -Wpointer-arith -Wc++-compat -fextended-identifiers -fPIC -fno-common -DPACKAGE_NAME=\"tcl\" -DPACKAGE_TARNAME=\"tcl\" -DPACKAGE_VERSION=\"9.0\" -DPACKAGE_STRING=\"tcl\ 9.0\" -DPACKAGE_BUGREPORT=\"\" -DPACKAGE_URL=\"\" -DHAVE_STDIO_H=1 -DHAVE_STDLIB_H=1 -DHAVE_STRING_H=1 -DHAVE_INTTYPES_H=1 -DHAVE_STDINT_H=1 -DHAVE_STRINGS_H=1 -DHAVE_SYS_STAT_H=1 -DHAVE_SYS_TYPES_H=1 -DHAVE_UNISTD_H=1 -DHAVE_SYS_TIME_H=1 -DSTDC_HEADERS=1 -DHAVE_SYS_PARAM_H=1 -DTCL_CFGVAL_ENCODING=\"utf-8\" -D_REENTRANT=1 -D_THREAD_SAFE=1 -DHAVE_PTHREAD_ATTR_SETSTACKSIZE=1 -DHAVE_PTHREAD_ATFORK=1 -DHAVE_DECL_PTHREAD_MUTEX_RECURSIVE=1 -DMODULE_SCOPE=extern\ __attribute__\(\(__visibility__\(\"hidden\"\)\)\) -DHAVE_HIDDEN=1 -DTCL_CFG_DO64BIT=1 -DHAVE_CAST_TO_UNION=1 -DHAVE_STDBOOL_H=1 -DHAVE_VFORK=1 -DHAVE_POSIX_SPAWNP=1 -DHAVE_POSIX_SPAWN_FILE_ACTIONS_ADDDUP2=1 -DHAVE_POSIX_SPAWNATTR_SETFLAGS=1 -DTCL_SHLIB_EXT=\".so\" -DNDEBUG=1 -DTCL_CFG_OPTIMIZED=1 -DMP_PREC=4 -D_LARGEFILE64_SOURCE=1 -DTCL_WIDE_INT_IS_LONG=1 -DHAVE_GETCWD=1 -DHAVE_MKSTEMP=1 -DHAVE_WAITPID=1 -DHAVE_GETNAMEINFO=1 -DHAVE_GETADDRINFO=1 -DHAVE_FREEADDRINFO=1 -DHAVE_GAI_STRERROR=1 -DHAVE_STRUCT_ADDRINFO=1 -DHAVE_STRUCT_IN6_ADDR=1 -DHAVE_STRUCT_SOCKADDR_IN6=1 -DHAVE_STRUCT_SOCKADDR_STORAGE=1 -DHAVE_GETPWUID_R_5=1 -DHAVE_GETPWUID_R=1 -DHAVE_GETPWNAM_R_5=1 -DHAVE_GETPWNAM_R=1 -DHAVE_GETGRGID_R_5=1 -DHAVE_GETGRGID_R=1 -DHAVE_GETGRNAM_R_5=1 -DHAVE_GETGRNAM_R=1 -DHAVE_DECL_GETHOSTBYNAME_R=1 -DHAVE_GETHOSTBYNAME_R_6=1 -DHAVE_GETHOSTBYNAME_R=1 -DHAVE_DECL_GETHOSTBYADDR_R=1 -DHAVE_GETHOSTBYADDR_R_8=1 -DHAVE_GETHOSTBYADDR_R=1 -DHAVE_TERMIOS_H=1 -DHAVE_SYS_IOCTL_H=1 -DHAVE_PSELECT=1 -DHAVE_SYS_EPOLL_H=1 -DNOTIFIER_EPOLL=1 -DHAVE_SYS_EVENTFD_H=1 -DHAVE_EVENTFD=1 -DHAVE_SYS_TIME_H=1 -DHAVE_GMTIME_R=1 -DHAVE_LOCALTIME_R=1 -DHAVE_TM_GMTOFF=1 -DHAVE_TIMEZONE_VAR=1 -DHAVE_STRUCT_STAT_ST_BLOCKS=1 -DHAVE_STRUCT_STAT_ST_BLKSIZE=1 -DHAVE_STRUCT_STAT_ST_RDEV=1 -DHAVE_BLKCNT_T=1 -DHAVE_INTPTR_T=1 -DHAVE_UINTPTR_T=1 -DNO_UNION_WAIT=1 -DHAVE_SIGNED_CHAR=1 -DHAVE_LANGINFO=1 -DHAVE_CFMAKERAW=1 -DHAVE_MKSTEMPS=1 -DHAVE_FTS=1 -DHAVE_SYS_IOCTL_H=1 -DTCL_UNLOAD_DLLS=1 -DHAVE_CPUID=1 -DZIPFS_BUILD=1    -DMP_FIXED_CUTOFFS -DBUILD_tcl /home/builder/build/src/tcl9.0.1/generic/tclExecute.c
clang -c -I"." -I/home/builder/build/src/tcl9.0.1/unix -I/home/builder/build/src/tcl9.0.1/generic -I/home/builder/build/src/tcl9.0.1/libtommath -O2 -march=x86-64-v3 -O2 -pipe -fno-plt -fexceptions         -Wp,-D_FORTIFY_SOURCE=3 -fstack-clash-protection -fcf-protection -pipe -m64 -finput-charset=UTF-8  -Wall -Wextra -Wshadow -Wundef -Wwrite-strings -Wpointer-arith -Wc++-compat -fextended-identifiers -fPIC -fno-common -DPACKAGE_NAME=\"tcl\" -DPACKAGE_TARNAME=\"tcl\" -DPACKAGE_VERSION=\"9.0\" -DPACKAGE_STRING=\"tcl\ 9.0\" -DPACKAGE_BUGREPORT=\"\" -DPACKAGE_URL=\"\" -DHAVE_STDIO_H=1 -DHAVE_STDLIB_H=1 -DHAVE_STRING_H=1 -DHAVE_INTTYPES_H=1 -DHAVE_STDINT_H=1 -DHAVE_STRINGS_H=1 -DHAVE_SYS_STAT_H=1 -DHAVE_SYS_TYPES_H=1 -DHAVE_UNISTD_H=1 -DHAVE_SYS_TIME_H=1 -DSTDC_HEADERS=1 -DHAVE_SYS_PARAM_H=1 -DTCL_CFGVAL_ENCODING=\"utf-8\" -D_REENTRANT=1 -D_THREAD_SAFE=1 -DHAVE_PTHREAD_ATTR_SETSTACKSIZE=1 -DHAVE_PTHREAD_ATFORK=1 -DHAVE_DECL_PTHREAD_MUTEX_RECURSIVE=1 -DMODULE_SCOPE=extern\ __attribute__\(\(__visibility__\(\"hidden\"\)\)\) -DHAVE_HIDDEN=1 -DTCL_CFG_DO64BIT=1 -DHAVE_CAST_TO_UNION=1 -DHAVE_STDBOOL_H=1 -DHAVE_VFORK=1 -DHAVE_POSIX_SPAWNP=1 -DHAVE_POSIX_SPAWN_FILE_ACTIONS_ADDDUP2=1 -DHAVE_POSIX_SPAWNATTR_SETFLAGS=1 -DTCL_SHLIB_EXT=\".so\" -DNDEBUG=1 -DTCL_CFG_OPTIMIZED=1 -DMP_PREC=4 -D_LARGEFILE64_SOURCE=1 -DTCL_WIDE_INT_IS_LONG=1 -DHAVE_GETCWD=1 -DHAVE_MKSTEMP=1 -DHAVE_WAITPID=1 -DHAVE_GETNAMEINFO=1 -DHAVE_GETADDRINFO=1 -DHAVE_FREEADDRINFO=1 -DHAVE_GAI_STRERROR=1 -DHAVE_STRUCT_ADDRINFO=1 -DHAVE_STRUCT_IN6_ADDR=1 -DHAVE_STRUCT_SOCKADDR_IN6=1 -DHAVE_STRUCT_SOCKADDR_STORAGE=1 -DHAVE_GETPWUID_R_5=1 -DHAVE_GETPWUID_R=1 -DHAVE_GETPWNAM_R_5=1 -DHAVE_GETPWNAM_R=1 -DHAVE_GETGRGID_R_5=1 -DHAVE_GETGRGID_R=1 -DHAVE_GETGRNAM_R_5=1 -DHAVE_GETGRNAM_R=1 -DHAVE_DECL_GETHOSTBYNAME_R=1 -DHAVE_GETHOSTBYNAME_R_6=1 -DHAVE_GETHOSTBYNAME_R=1 -DHAVE_DECL_GETHOSTBYADDR_R=1 -DHAVE_GETHOSTBYADDR_R_8=1 -DHAVE_GETHOSTBYADDR_R=1 -DHAVE_TERMIOS_H=1 -DHAVE_SYS_IOCTL_H=1 -DHAVE_PSELECT=1 -DHAVE_SYS_EPOLL_H=1 -DNOTIFIER_EPOLL=1 -DHAVE_SYS_EVENTFD_H=1 -DHAVE_EVENTFD=1 -DHAVE_SYS_TIME_H=1 -DHAVE_GMTIME_R=1 -DHAVE_LOCALTIME_R=1 -DHAVE_TM_GMTOFF=1 -DHAVE_TIMEZONE_VAR=1 -DHAVE_STRUCT_STAT_ST_BLOCKS=1 -DHAVE_STRUCT_STAT_ST_BLKSIZE=1 -DHAVE_STRUCT_STAT_ST_RDEV=1 -DHAVE_BLKCNT_T=1 -DHAVE_INTPTR_T=1 -DHAVE_UINTPTR_T=1 -DNO_UNION_WAIT=1 -DHAVE_SIGNED_CHAR=1 -DHAVE_LANGINFO=1 -DHAVE_CFMAKERAW=1 -DHAVE_MKSTEMPS=1 -DHAVE_FTS=1 -DHAVE_SYS_IOCTL_H=1 -DTCL_UNLOAD_DLLS=1 -DHAVE_CPUID=1 -DZIPFS_BUILD=1    -DMP_FIXED_CUTOFFS -DBUILD_tcl /home/builder/build/src/tcl9.0.1/generic/tclFCmd.c
clang -c -I"." -I/home/builder/build/src/tcl9.0.1/unix -I/home/builder/build/src/tcl9.0.1/generic -I/home/builder/build/src/tcl9.0.1/libtommath -O2 -march=x86-64-v3 -O2 -pipe -fno-plt -fexceptions         -Wp,-D_FORTIFY_SOURCE=3 -fstack-clash-protection -fcf-protection -pipe -m64 -finput-charset=UTF-8  -Wall -Wextra -Wshadow -Wundef -Wwrite-strings -Wpointer-arith -Wc++-compat -fextended-identifiers -fPIC -fno-common -DPACKAGE_NAME=\"tcl\" -DPACKAGE_TARNAME=\"tcl\" -DPACKAGE_VERSION=\"9.0\" -DPACKAGE_STRING=\"tcl\ 9.0\" -DPACKAGE_BUGREPORT=\"\" -DPACKAGE_URL=\"\" -DHAVE_STDIO_H=1 -DHAVE_STDLIB_H=1 -DHAVE_STRING_H=1 -DHAVE_INTTYPES_H=1 -DHAVE_STDINT_H=1 -DHAVE_STRINGS_H=1 -DHAVE_SYS_STAT_H=1 -DHAVE_SYS_TYPES_H=1 -DHAVE_UNISTD_H=1 -DHAVE_SYS_TIME_H=1 -DSTDC_HEADERS=1 -DHAVE_SYS_PARAM_H=1 -DTCL_CFGVAL_ENCODING=\"utf-8\" -D_REENTRANT=1 -D_THREAD_SAFE=1 -DHAVE_PTHREAD_ATTR_SETSTACKSIZE=1 -DHAVE_PTHREAD_ATFORK=1 -DHAVE_DECL_PTHREAD_MUTEX_RECURSIVE=1 -DMODULE_SCOPE=extern\ __attribute__\(\(__visibility__\(\"hidden\"\)\)\) -DHAVE_HIDDEN=1 -DTCL_CFG_DO64BIT=1 -DHAVE_CAST_TO_UNION=1 -DHAVE_STDBOOL_H=1 -DHAVE_VFORK=1 -DHAVE_POSIX_SPAWNP=1 -DHAVE_POSIX_SPAWN_FILE_ACTIONS_ADDDUP2=1 -DHAVE_POSIX_SPAWNATTR_SETFLAGS=1 -DTCL_SHLIB_EXT=\".so\" -DNDEBUG=1 -DTCL_CFG_OPTIMIZED=1 -DMP_PREC=4 -D_LARGEFILE64_SOURCE=1 -DTCL_WIDE_INT_IS_LONG=1 -DHAVE_GETCWD=1 -DHAVE_MKSTEMP=1 -DHAVE_WAITPID=1 -DHAVE_GETNAMEINFO=1 -DHAVE_GETADDRINFO=1 -DHAVE_FREEADDRINFO=1 -DHAVE_GAI_STRERROR=1 -DHAVE_STRUCT_ADDRINFO=1 -DHAVE_STRUCT_IN6_ADDR=1 -DHAVE_STRUCT_SOCKADDR_IN6=1 -DHAVE_STRUCT_SOCKADDR_STORAGE=1 -DHAVE_GETPWUID_R_5=1 -DHAVE_GETPWUID_R=1 -DHAVE_GETPWNAM_R_5=1 -DHAVE_GETPWNAM_R=1 -DHAVE_GETGRGID_R_5=1 -DHAVE_GETGRGID_R=1 -DHAVE_GETGRNAM_R_5=1 -DHAVE_GETGRNAM_R=1 -DHAVE_DECL_GETHOSTBYNAME_R=1 -DHAVE_GETHOSTBYNAME_R_6=1 -DHAVE_GETHOSTBYNAME_R=1 -DHAVE_DECL_GETHOSTBYADDR_R=1 -DHAVE_GETHOSTBYADDR_R_8=1 -DHAVE_GETHOSTBYADDR_R=1 -DHAVE_TERMIOS_H=1 -DHAVE_SYS_IOCTL_H=1 -DHAVE_PSELECT=1 -DHAVE_SYS_EPOLL_H=1 -DNOTIFIER_EPOLL=1 -DHAVE_SYS_EVENTFD_H=1 -DHAVE_EVENTFD=1 -DHAVE_SYS_TIME_H=1 -DHAVE_GMTIME_R=1 -DHAVE_LOCALTIME_R=1 -DHAVE_TM_GMTOFF=1 -DHAVE_TIMEZONE_VAR=1 -DHAVE_STRUCT_STAT_ST_BLOCKS=1 -DHAVE_STRUCT_STAT_ST_BLKSIZE=1 -DHAVE_STRUCT_STAT_ST_RDEV=1 -DHAVE_BLKCNT_T=1 -DHAVE_INTPTR_T=1 -DHAVE_UINTPTR_T=1 -DNO_UNION_WAIT=1 -DHAVE_SIGNED_CHAR=1 -DHAVE_LANGINFO=1 -DHAVE_CFMAKERAW=1 -DHAVE_MKSTEMPS=1 -DHAVE_FTS=1 -DHAVE_SYS_IOCTL_H=1 -DTCL_UNLOAD_DLLS=1 -DHAVE_CPUID=1 -DZIPFS_BUILD=1    -DMP_FIXED_CUTOFFS -DBUILD_tcl /home/builder/build/src/tcl9.0.1/generic/tclFileName.c
clang -c -I"." -I/home/builder/build/src/tcl9.0.1/unix -I/home/builder/build/src/tcl9.0.1/generic -I/home/builder/build/src/tcl9.0.1/libtommath -O2 -march=x86-64-v3 -O2 -pipe -fno-plt -fexceptions         -Wp,-D_FORTIFY_SOURCE=3 -fstack-clash-protection -fcf-protection -pipe -m64 -finput-charset=UTF-8  -Wall -Wextra -Wshadow -Wundef -Wwrite-strings -Wpointer-arith -Wc++-compat -fextended-identifiers -fPIC -fno-common -DPACKAGE_NAME=\"tcl\" -DPACKAGE_TARNAME=\"tcl\" -DPACKAGE_VERSION=\"9.0\" -DPACKAGE_STRING=\"tcl\ 9.0\" -DPACKAGE_BUGREPORT=\"\" -DPACKAGE_URL=\"\" -DHAVE_STDIO_H=1 -DHAVE_STDLIB_H=1 -DHAVE_STRING_H=1 -DHAVE_INTTYPES_H=1 -DHAVE_STDINT_H=1 -DHAVE_STRINGS_H=1 -DHAVE_SYS_STAT_H=1 -DHAVE_SYS_TYPES_H=1 -DHAVE_UNISTD_H=1 -DHAVE_SYS_TIME_H=1 -DSTDC_HEADERS=1 -DHAVE_SYS_PARAM_H=1 -DTCL_CFGVAL_ENCODING=\"utf-8\" -D_REENTRANT=1 -D_THREAD_SAFE=1 -DHAVE_PTHREAD_ATTR_SETSTACKSIZE=1 -DHAVE_PTHREAD_ATFORK=1 -DHAVE_DECL_PTHREAD_MUTEX_RECURSIVE=1 -DMODULE_SCOPE=extern\ __attribute__\(\(__visibility__\(\"hidden\"\)\)\) -DHAVE_HIDDEN=1 -DTCL_CFG_DO64BIT=1 -DHAVE_CAST_TO_UNION=1 -DHAVE_STDBOOL_H=1 -DHAVE_VFORK=1 -DHAVE_POSIX_SPAWNP=1 -DHAVE_POSIX_SPAWN_FILE_ACTIONS_ADDDUP2=1 -DHAVE_POSIX_SPAWNATTR_SETFLAGS=1 -DTCL_SHLIB_EXT=\".so\" -DNDEBUG=1 -DTCL_CFG_OPTIMIZED=1 -DMP_PREC=4 -D_LARGEFILE64_SOURCE=1 -DTCL_WIDE_INT_IS_LONG=1 -DHAVE_GETCWD=1 -DHAVE_MKSTEMP=1 -DHAVE_WAITPID=1 -DHAVE_GETNAMEINFO=1 -DHAVE_GETADDRINFO=1 -DHAVE_FREEADDRINFO=1 -DHAVE_GAI_STRERROR=1 -DHAVE_STRUCT_ADDRINFO=1 -DHAVE_STRUCT_IN6_ADDR=1 -DHAVE_STRUCT_SOCKADDR_IN6=1 -DHAVE_STRUCT_SOCKADDR_STORAGE=1 -DHAVE_GETPWUID_R_5=1 -DHAVE_GETPWUID_R=1 -DHAVE_GETPWNAM_R_5=1 -DHAVE_GETPWNAM_R=1 -DHAVE_GETGRGID_R_5=1 -DHAVE_GETGRGID_R=1 -DHAVE_GETGRNAM_R_5=1 -DHAVE_GETGRNAM_R=1 -DHAVE_DECL_GETHOSTBYNAME_R=1 -DHAVE_GETHOSTBYNAME_R_6=1 -DHAVE_GETHOSTBYNAME_R=1 -DHAVE_DECL_GETHOSTBYADDR_R=1 -DHAVE_GETHOSTBYADDR_R_8=1 -DHAVE_GETHOSTBYADDR_R=1 -DHAVE_TERMIOS_H=1 -DHAVE_SYS_IOCTL_H=1 -DHAVE_PSELECT=1 -DHAVE_SYS_EPOLL_H=1 -DNOTIFIER_EPOLL=1 -DHAVE_SYS_EVENTFD_H=1 -DHAVE_EVENTFD=1 -DHAVE_SYS_TIME_H=1 -DHAVE_GMTIME_R=1 -DHAVE_LOCALTIME_R=1 -DHAVE_TM_GMTOFF=1 -DHAVE_TIMEZONE_VAR=1 -DHAVE_STRUCT_STAT_ST_BLOCKS=1 -DHAVE_STRUCT_STAT_ST_BLKSIZE=1 -DHAVE_STRUCT_STAT_ST_RDEV=1 -DHAVE_BLKCNT_T=1 -DHAVE_INTPTR_T=1 -DHAVE_UINTPTR_T=1 -DNO_UNION_WAIT=1 -DHAVE_SIGNED_CHAR=1 -DHAVE_LANGINFO=1 -DHAVE_CFMAKERAW=1 -DHAVE_MKSTEMPS=1 -DHAVE_FTS=1 -DHAVE_SYS_IOCTL_H=1 -DTCL_UNLOAD_DLLS=1 -DHAVE_CPUID=1 -DZIPFS_BUILD=1    -DMP_FIXED_CUTOFFS -DBUILD_tcl /home/builder/build/src/tcl9.0.1/generic/tclGet.c
clang -c -I"." -I/home/builder/build/src/tcl9.0.1/unix -I/home/builder/build/src/tcl9.0.1/generic -I/home/builder/build/src/tcl9.0.1/libtommath -O2 -march=x86-64-v3 -O2 -pipe -fno-plt -fexceptions         -Wp,-D_FORTIFY_SOURCE=3 -fstack-clash-protection -fcf-protection -pipe -m64 -finput-charset=UTF-8  -Wall -Wextra -Wshadow -Wundef -Wwrite-strings -Wpointer-arith -Wc++-compat -fextended-identifiers -fPIC -fno-common -DPACKAGE_NAME=\"tcl\" -DPACKAGE_TARNAME=\"tcl\" -DPACKAGE_VERSION=\"9.0\" -DPACKAGE_STRING=\"tcl\ 9.0\" -DPACKAGE_BUGREPORT=\"\" -DPACKAGE_URL=\"\" -DHAVE_STDIO_H=1 -DHAVE_STDLIB_H=1 -DHAVE_STRING_H=1 -DHAVE_INTTYPES_H=1 -DHAVE_STDINT_H=1 -DHAVE_STRINGS_H=1 -DHAVE_SYS_STAT_H=1 -DHAVE_SYS_TYPES_H=1 -DHAVE_UNISTD_H=1 -DHAVE_SYS_TIME_H=1 -DSTDC_HEADERS=1 -DHAVE_SYS_PARAM_H=1 -DTCL_CFGVAL_ENCODING=\"utf-8\" -D_REENTRANT=1 -D_THREAD_SAFE=1 -DHAVE_PTHREAD_ATTR_SETSTACKSIZE=1 -DHAVE_PTHREAD_ATFORK=1 -DHAVE_DECL_PTHREAD_MUTEX_RECURSIVE=1 -DMODULE_SCOPE=extern\ __attribute__\(\(__visibility__\(\"hidden\"\)\)\) -DHAVE_HIDDEN=1 -DTCL_CFG_DO64BIT=1 -DHAVE_CAST_TO_UNION=1 -DHAVE_STDBOOL_H=1 -DHAVE_VFORK=1 -DHAVE_POSIX_SPAWNP=1 -DHAVE_POSIX_SPAWN_FILE_ACTIONS_ADDDUP2=1 -DHAVE_POSIX_SPAWNATTR_SETFLAGS=1 -DTCL_SHLIB_EXT=\".so\" -DNDEBUG=1 -DTCL_CFG_OPTIMIZED=1 -DMP_PREC=4 -D_LARGEFILE64_SOURCE=1 -DTCL_WIDE_INT_IS_LONG=1 -DHAVE_GETCWD=1 -DHAVE_MKSTEMP=1 -DHAVE_WAITPID=1 -DHAVE_GETNAMEINFO=1 -DHAVE_GETADDRINFO=1 -DHAVE_FREEADDRINFO=1 -DHAVE_GAI_STRERROR=1 -DHAVE_STRUCT_ADDRINFO=1 -DHAVE_STRUCT_IN6_ADDR=1 -DHAVE_STRUCT_SOCKADDR_IN6=1 -DHAVE_STRUCT_SOCKADDR_STORAGE=1 -DHAVE_GETPWUID_R_5=1 -DHAVE_GETPWUID_R=1 -DHAVE_GETPWNAM_R_5=1 -DHAVE_GETPWNAM_R=1 -DHAVE_GETGRGID_R_5=1 -DHAVE_GETGRGID_R=1 -DHAVE_GETGRNAM_R_5=1 -DHAVE_GETGRNAM_R=1 -DHAVE_DECL_GETHOSTBYNAME_R=1 -DHAVE_GETHOSTBYNAME_R_6=1 -DHAVE_GETHOSTBYNAME_R=1 -DHAVE_DECL_GETHOSTBYADDR_R=1 -DHAVE_GETHOSTBYADDR_R_8=1 -DHAVE_GETHOSTBYADDR_R=1 -DHAVE_TERMIOS_H=1 -DHAVE_SYS_IOCTL_H=1 -DHAVE_PSELECT=1 -DHAVE_SYS_EPOLL_H=1 -DNOTIFIER_EPOLL=1 -DHAVE_SYS_EVENTFD_H=1 -DHAVE_EVENTFD=1 -DHAVE_SYS_TIME_H=1 -DHAVE_GMTIME_R=1 -DHAVE_LOCALTIME_R=1 -DHAVE_TM_GMTOFF=1 -DHAVE_TIMEZONE_VAR=1 -DHAVE_STRUCT_STAT_ST_BLOCKS=1 -DHAVE_STRUCT_STAT_ST_BLKSIZE=1 -DHAVE_STRUCT_STAT_ST_RDEV=1 -DHAVE_BLKCNT_T=1 -DHAVE_INTPTR_T=1 -DHAVE_UINTPTR_T=1 -DNO_UNION_WAIT=1 -DHAVE_SIGNED_CHAR=1 -DHAVE_LANGINFO=1 -DHAVE_CFMAKERAW=1 -DHAVE_MKSTEMPS=1 -DHAVE_FTS=1 -DHAVE_SYS_IOCTL_H=1 -DTCL_UNLOAD_DLLS=1 -DHAVE_CPUID=1 -DZIPFS_BUILD=1    -DMP_FIXED_CUTOFFS -DBUILD_tcl /home/builder/build/src/tcl9.0.1/generic/tclHash.c
clang -c -I"." -I/home/builder/build/src/tcl9.0.1/unix -I/home/builder/build/src/tcl9.0.1/generic -I/home/builder/build/src/tcl9.0.1/libtommath -O2 -march=x86-64-v3 -O2 -pipe -fno-plt -fexceptions         -Wp,-D_FORTIFY_SOURCE=3 -fstack-clash-protection -fcf-protection -pipe -m64 -finput-charset=UTF-8  -Wall -Wextra -Wshadow -Wundef -Wwrite-strings -Wpointer-arith -Wc++-compat -fextended-identifiers -fPIC -fno-common -DPACKAGE_NAME=\"tcl\" -DPACKAGE_TARNAME=\"tcl\" -DPACKAGE_VERSION=\"9.0\" -DPACKAGE_STRING=\"tcl\ 9.0\" -DPACKAGE_BUGREPORT=\"\" -DPACKAGE_URL=\"\" -DHAVE_STDIO_H=1 -DHAVE_STDLIB_H=1 -DHAVE_STRING_H=1 -DHAVE_INTTYPES_H=1 -DHAVE_STDINT_H=1 -DHAVE_STRINGS_H=1 -DHAVE_SYS_STAT_H=1 -DHAVE_SYS_TYPES_H=1 -DHAVE_UNISTD_H=1 -DHAVE_SYS_TIME_H=1 -DSTDC_HEADERS=1 -DHAVE_SYS_PARAM_H=1 -DTCL_CFGVAL_ENCODING=\"utf-8\" -D_REENTRANT=1 -D_THREAD_SAFE=1 -DHAVE_PTHREAD_ATTR_SETSTACKSIZE=1 -DHAVE_PTHREAD_ATFORK=1 -DHAVE_DECL_PTHREAD_MUTEX_RECURSIVE=1 -DMODULE_SCOPE=extern\ __attribute__\(\(__visibility__\(\"hidden\"\)\)\) -DHAVE_HIDDEN=1 -DTCL_CFG_DO64BIT=1 -DHAVE_CAST_TO_UNION=1 -DHAVE_STDBOOL_H=1 -DHAVE_VFORK=1 -DHAVE_POSIX_SPAWNP=1 -DHAVE_POSIX_SPAWN_FILE_ACTIONS_ADDDUP2=1 -DHAVE_POSIX_SPAWNATTR_SETFLAGS=1 -DTCL_SHLIB_EXT=\".so\" -DNDEBUG=1 -DTCL_CFG_OPTIMIZED=1 -DMP_PREC=4 -D_LARGEFILE64_SOURCE=1 -DTCL_WIDE_INT_IS_LONG=1 -DHAVE_GETCWD=1 -DHAVE_MKSTEMP=1 -DHAVE_WAITPID=1 -DHAVE_GETNAMEINFO=1 -DHAVE_GETADDRINFO=1 -DHAVE_FREEADDRINFO=1 -DHAVE_GAI_STRERROR=1 -DHAVE_STRUCT_ADDRINFO=1 -DHAVE_STRUCT_IN6_ADDR=1 -DHAVE_STRUCT_SOCKADDR_IN6=1 -DHAVE_STRUCT_SOCKADDR_STORAGE=1 -DHAVE_GETPWUID_R_5=1 -DHAVE_GETPWUID_R=1 -DHAVE_GETPWNAM_R_5=1 -DHAVE_GETPWNAM_R=1 -DHAVE_GETGRGID_R_5=1 -DHAVE_GETGRGID_R=1 -DHAVE_GETGRNAM_R_5=1 -DHAVE_GETGRNAM_R=1 -DHAVE_DECL_GETHOSTBYNAME_R=1 -DHAVE_GETHOSTBYNAME_R_6=1 -DHAVE_GETHOSTBYNAME_R=1 -DHAVE_DECL_GETHOSTBYADDR_R=1 -DHAVE_GETHOSTBYADDR_R_8=1 -DHAVE_GETHOSTBYADDR_R=1 -DHAVE_TERMIOS_H=1 -DHAVE_SYS_IOCTL_H=1 -DHAVE_PSELECT=1 -DHAVE_SYS_EPOLL_H=1 -DNOTIFIER_EPOLL=1 -DHAVE_SYS_EVENTFD_H=1 -DHAVE_EVENTFD=1 -DHAVE_SYS_TIME_H=1 -DHAVE_GMTIME_R=1 -DHAVE_LOCALTIME_R=1 -DHAVE_TM_GMTOFF=1 -DHAVE_TIMEZONE_VAR=1 -DHAVE_STRUCT_STAT_ST_BLOCKS=1 -DHAVE_STRUCT_STAT_ST_BLKSIZE=1 -DHAVE_STRUCT_STAT_ST_RDEV=1 -DHAVE_BLKCNT_T=1 -DHAVE_INTPTR_T=1 -DHAVE_UINTPTR_T=1 -DNO_UNION_WAIT=1 -DHAVE_SIGNED_CHAR=1 -DHAVE_LANGINFO=1 -DHAVE_CFMAKERAW=1 -DHAVE_MKSTEMPS=1 -DHAVE_FTS=1 -DHAVE_SYS_IOCTL_H=1 -DTCL_UNLOAD_DLLS=1 -DHAVE_CPUID=1 -DZIPFS_BUILD=1    -DMP_FIXED_CUTOFFS -DBUILD_tcl /home/builder/build/src/tcl9.0.1/generic/tclHistory.c
clang -c -I"." -I/home/builder/build/src/tcl9.0.1/unix -I/home/builder/build/src/tcl9.0.1/generic -I/home/builder/build/src/tcl9.0.1/libtommath -O2 -march=x86-64-v3 -O2 -pipe -fno-plt -fexceptions         -Wp,-D_FORTIFY_SOURCE=3 -fstack-clash-protection -fcf-protection -pipe -m64 -finput-charset=UTF-8  -Wall -Wextra -Wshadow -Wundef -Wwrite-strings -Wpointer-arith -Wc++-compat -fextended-identifiers -fPIC -fno-common -DPACKAGE_NAME=\"tcl\" -DPACKAGE_TARNAME=\"tcl\" -DPACKAGE_VERSION=\"9.0\" -DPACKAGE_STRING=\"tcl\ 9.0\" -DPACKAGE_BUGREPORT=\"\" -DPACKAGE_URL=\"\" -DHAVE_STDIO_H=1 -DHAVE_STDLIB_H=1 -DHAVE_STRING_H=1 -DHAVE_INTTYPES_H=1 -DHAVE_STDINT_H=1 -DHAVE_STRINGS_H=1 -DHAVE_SYS_STAT_H=1 -DHAVE_SYS_TYPES_H=1 -DHAVE_UNISTD_H=1 -DHAVE_SYS_TIME_H=1 -DSTDC_HEADERS=1 -DHAVE_SYS_PARAM_H=1 -DTCL_CFGVAL_ENCODING=\"utf-8\" -D_REENTRANT=1 -D_THREAD_SAFE=1 -DHAVE_PTHREAD_ATTR_SETSTACKSIZE=1 -DHAVE_PTHREAD_ATFORK=1 -DHAVE_DECL_PTHREAD_MUTEX_RECURSIVE=1 -DMODULE_SCOPE=extern\ __attribute__\(\(__visibility__\(\"hidden\"\)\)\) -DHAVE_HIDDEN=1 -DTCL_CFG_DO64BIT=1 -DHAVE_CAST_TO_UNION=1 -DHAVE_STDBOOL_H=1 -DHAVE_VFORK=1 -DHAVE_POSIX_SPAWNP=1 -DHAVE_POSIX_SPAWN_FILE_ACTIONS_ADDDUP2=1 -DHAVE_POSIX_SPAWNATTR_SETFLAGS=1 -DTCL_SHLIB_EXT=\".so\" -DNDEBUG=1 -DTCL_CFG_OPTIMIZED=1 -DMP_PREC=4 -D_LARGEFILE64_SOURCE=1 -DTCL_WIDE_INT_IS_LONG=1 -DHAVE_GETCWD=1 -DHAVE_MKSTEMP=1 -DHAVE_WAITPID=1 -DHAVE_GETNAMEINFO=1 -DHAVE_GETADDRINFO=1 -DHAVE_FREEADDRINFO=1 -DHAVE_GAI_STRERROR=1 -DHAVE_STRUCT_ADDRINFO=1 -DHAVE_STRUCT_IN6_ADDR=1 -DHAVE_STRUCT_SOCKADDR_IN6=1 -DHAVE_STRUCT_SOCKADDR_STORAGE=1 -DHAVE_GETPWUID_R_5=1 -DHAVE_GETPWUID_R=1 -DHAVE_GETPWNAM_R_5=1 -DHAVE_GETPWNAM_R=1 -DHAVE_GETGRGID_R_5=1 -DHAVE_GETGRGID_R=1 -DHAVE_GETGRNAM_R_5=1 -DHAVE_GETGRNAM_R=1 -DHAVE_DECL_GETHOSTBYNAME_R=1 -DHAVE_GETHOSTBYNAME_R_6=1 -DHAVE_GETHOSTBYNAME_R=1 -DHAVE_DECL_GETHOSTBYADDR_R=1 -DHAVE_GETHOSTBYADDR_R_8=1 -DHAVE_GETHOSTBYADDR_R=1 -DHAVE_TERMIOS_H=1 -DHAVE_SYS_IOCTL_H=1 -DHAVE_PSELECT=1 -DHAVE_SYS_EPOLL_H=1 -DNOTIFIER_EPOLL=1 -DHAVE_SYS_EVENTFD_H=1 -DHAVE_EVENTFD=1 -DHAVE_SYS_TIME_H=1 -DHAVE_GMTIME_R=1 -DHAVE_LOCALTIME_R=1 -DHAVE_TM_GMTOFF=1 -DHAVE_TIMEZONE_VAR=1 -DHAVE_STRUCT_STAT_ST_BLOCKS=1 -DHAVE_STRUCT_STAT_ST_BLKSIZE=1 -DHAVE_STRUCT_STAT_ST_RDEV=1 -DHAVE_BLKCNT_T=1 -DHAVE_INTPTR_T=1 -DHAVE_UINTPTR_T=1 -DNO_UNION_WAIT=1 -DHAVE_SIGNED_CHAR=1 -DHAVE_LANGINFO=1 -DHAVE_CFMAKERAW=1 -DHAVE_MKSTEMPS=1 -DHAVE_FTS=1 -DHAVE_SYS_IOCTL_H=1 -DTCL_UNLOAD_DLLS=1 -DHAVE_CPUID=1 -DZIPFS_BUILD=1    -DMP_FIXED_CUTOFFS -DBUILD_tcl /home/builder/build/src/tcl9.0.1/generic/tclIcu.c
clang -c -I"." -I/home/builder/build/src/tcl9.0.1/unix -I/home/builder/build/src/tcl9.0.1/generic -I/home/builder/build/src/tcl9.0.1/libtommath -O2 -march=x86-64-v3 -O2 -pipe -fno-plt -fexceptions         -Wp,-D_FORTIFY_SOURCE=3 -fstack-clash-protection -fcf-protection -pipe -m64 -finput-charset=UTF-8  -Wall -Wextra -Wshadow -Wundef -Wwrite-strings -Wpointer-arith -Wc++-compat -fextended-identifiers -fPIC -fno-common -DPACKAGE_NAME=\"tcl\" -DPACKAGE_TARNAME=\"tcl\" -DPACKAGE_VERSION=\"9.0\" -DPACKAGE_STRING=\"tcl\ 9.0\" -DPACKAGE_BUGREPORT=\"\" -DPACKAGE_URL=\"\" -DHAVE_STDIO_H=1 -DHAVE_STDLIB_H=1 -DHAVE_STRING_H=1 -DHAVE_INTTYPES_H=1 -DHAVE_STDINT_H=1 -DHAVE_STRINGS_H=1 -DHAVE_SYS_STAT_H=1 -DHAVE_SYS_TYPES_H=1 -DHAVE_UNISTD_H=1 -DHAVE_SYS_TIME_H=1 -DSTDC_HEADERS=1 -DHAVE_SYS_PARAM_H=1 -DTCL_CFGVAL_ENCODING=\"utf-8\" -D_REENTRANT=1 -D_THREAD_SAFE=1 -DHAVE_PTHREAD_ATTR_SETSTACKSIZE=1 -DHAVE_PTHREAD_ATFORK=1 -DHAVE_DECL_PTHREAD_MUTEX_RECURSIVE=1 -DMODULE_SCOPE=extern\ __attribute__\(\(__visibility__\(\"hidden\"\)\)\) -DHAVE_HIDDEN=1 -DTCL_CFG_DO64BIT=1 -DHAVE_CAST_TO_UNION=1 -DHAVE_STDBOOL_H=1 -DHAVE_VFORK=1 -DHAVE_POSIX_SPAWNP=1 -DHAVE_POSIX_SPAWN_FILE_ACTIONS_ADDDUP2=1 -DHAVE_POSIX_SPAWNATTR_SETFLAGS=1 -DTCL_SHLIB_EXT=\".so\" -DNDEBUG=1 -DTCL_CFG_OPTIMIZED=1 -DMP_PREC=4 -D_LARGEFILE64_SOURCE=1 -DTCL_WIDE_INT_IS_LONG=1 -DHAVE_GETCWD=1 -DHAVE_MKSTEMP=1 -DHAVE_WAITPID=1 -DHAVE_GETNAMEINFO=1 -DHAVE_GETADDRINFO=1 -DHAVE_FREEADDRINFO=1 -DHAVE_GAI_STRERROR=1 -DHAVE_STRUCT_ADDRINFO=1 -DHAVE_STRUCT_IN6_ADDR=1 -DHAVE_STRUCT_SOCKADDR_IN6=1 -DHAVE_STRUCT_SOCKADDR_STORAGE=1 -DHAVE_GETPWUID_R_5=1 -DHAVE_GETPWUID_R=1 -DHAVE_GETPWNAM_R_5=1 -DHAVE_GETPWNAM_R=1 -DHAVE_GETGRGID_R_5=1 -DHAVE_GETGRGID_R=1 -DHAVE_GETGRNAM_R_5=1 -DHAVE_GETGRNAM_R=1 -DHAVE_DECL_GETHOSTBYNAME_R=1 -DHAVE_GETHOSTBYNAME_R_6=1 -DHAVE_GETHOSTBYNAME_R=1 -DHAVE_DECL_GETHOSTBYADDR_R=1 -DHAVE_GETHOSTBYADDR_R_8=1 -DHAVE_GETHOSTBYADDR_R=1 -DHAVE_TERMIOS_H=1 -DHAVE_SYS_IOCTL_H=1 -DHAVE_PSELECT=1 -DHAVE_SYS_EPOLL_H=1 -DNOTIFIER_EPOLL=1 -DHAVE_SYS_EVENTFD_H=1 -DHAVE_EVENTFD=1 -DHAVE_SYS_TIME_H=1 -DHAVE_GMTIME_R=1 -DHAVE_LOCALTIME_R=1 -DHAVE_TM_GMTOFF=1 -DHAVE_TIMEZONE_VAR=1 -DHAVE_STRUCT_STAT_ST_BLOCKS=1 -DHAVE_STRUCT_STAT_ST_BLKSIZE=1 -DHAVE_STRUCT_STAT_ST_RDEV=1 -DHAVE_BLKCNT_T=1 -DHAVE_INTPTR_T=1 -DHAVE_UINTPTR_T=1 -DNO_UNION_WAIT=1 -DHAVE_SIGNED_CHAR=1 -DHAVE_LANGINFO=1 -DHAVE_CFMAKERAW=1 -DHAVE_MKSTEMPS=1 -DHAVE_FTS=1 -DHAVE_SYS_IOCTL_H=1 -DTCL_UNLOAD_DLLS=1 -DHAVE_CPUID=1 -DZIPFS_BUILD=1    -DMP_FIXED_CUTOFFS -DBUILD_tcl /home/builder/build/src/tcl9.0.1/generic/tclIndexObj.c
clang -c -I"." -I/home/builder/build/src/tcl9.0.1/unix -I/home/builder/build/src/tcl9.0.1/generic -I/home/builder/build/src/tcl9.0.1/libtommath -O2 -march=x86-64-v3 -O2 -pipe -fno-plt -fexceptions         -Wp,-D_FORTIFY_SOURCE=3 -fstack-clash-protection -fcf-protection -pipe -m64 -finput-charset=UTF-8  -Wall -Wextra -Wshadow -Wundef -Wwrite-strings -Wpointer-arith -Wc++-compat -fextended-identifiers -fPIC -fno-common -DPACKAGE_NAME=\"tcl\" -DPACKAGE_TARNAME=\"tcl\" -DPACKAGE_VERSION=\"9.0\" -DPACKAGE_STRING=\"tcl\ 9.0\" -DPACKAGE_BUGREPORT=\"\" -DPACKAGE_URL=\"\" -DHAVE_STDIO_H=1 -DHAVE_STDLIB_H=1 -DHAVE_STRING_H=1 -DHAVE_INTTYPES_H=1 -DHAVE_STDINT_H=1 -DHAVE_STRINGS_H=1 -DHAVE_SYS_STAT_H=1 -DHAVE_SYS_TYPES_H=1 -DHAVE_UNISTD_H=1 -DHAVE_SYS_TIME_H=1 -DSTDC_HEADERS=1 -DHAVE_SYS_PARAM_H=1 -DTCL_CFGVAL_ENCODING=\"utf-8\" -D_REENTRANT=1 -D_THREAD_SAFE=1 -DHAVE_PTHREAD_ATTR_SETSTACKSIZE=1 -DHAVE_PTHREAD_ATFORK=1 -DHAVE_DECL_PTHREAD_MUTEX_RECURSIVE=1 -DMODULE_SCOPE=extern\ __attribute__\(\(__visibility__\(\"hidden\"\)\)\) -DHAVE_HIDDEN=1 -DTCL_CFG_DO64BIT=1 -DHAVE_CAST_TO_UNION=1 -DHAVE_STDBOOL_H=1 -DHAVE_VFORK=1 -DHAVE_POSIX_SPAWNP=1 -DHAVE_POSIX_SPAWN_FILE_ACTIONS_ADDDUP2=1 -DHAVE_POSIX_SPAWNATTR_SETFLAGS=1 -DTCL_SHLIB_EXT=\".so\" -DNDEBUG=1 -DTCL_CFG_OPTIMIZED=1 -DMP_PREC=4 -D_LARGEFILE64_SOURCE=1 -DTCL_WIDE_INT_IS_LONG=1 -DHAVE_GETCWD=1 -DHAVE_MKSTEMP=1 -DHAVE_WAITPID=1 -DHAVE_GETNAMEINFO=1 -DHAVE_GETADDRINFO=1 -DHAVE_FREEADDRINFO=1 -DHAVE_GAI_STRERROR=1 -DHAVE_STRUCT_ADDRINFO=1 -DHAVE_STRUCT_IN6_ADDR=1 -DHAVE_STRUCT_SOCKADDR_IN6=1 -DHAVE_STRUCT_SOCKADDR_STORAGE=1 -DHAVE_GETPWUID_R_5=1 -DHAVE_GETPWUID_R=1 -DHAVE_GETPWNAM_R_5=1 -DHAVE_GETPWNAM_R=1 -DHAVE_GETGRGID_R_5=1 -DHAVE_GETGRGID_R=1 -DHAVE_GETGRNAM_R_5=1 -DHAVE_GETGRNAM_R=1 -DHAVE_DECL_GETHOSTBYNAME_R=1 -DHAVE_GETHOSTBYNAME_R_6=1 -DHAVE_GETHOSTBYNAME_R=1 -DHAVE_DECL_GETHOSTBYADDR_R=1 -DHAVE_GETHOSTBYADDR_R_8=1 -DHAVE_GETHOSTBYADDR_R=1 -DHAVE_TERMIOS_H=1 -DHAVE_SYS_IOCTL_H=1 -DHAVE_PSELECT=1 -DHAVE_SYS_EPOLL_H=1 -DNOTIFIER_EPOLL=1 -DHAVE_SYS_EVENTFD_H=1 -DHAVE_EVENTFD=1 -DHAVE_SYS_TIME_H=1 -DHAVE_GMTIME_R=1 -DHAVE_LOCALTIME_R=1 -DHAVE_TM_GMTOFF=1 -DHAVE_TIMEZONE_VAR=1 -DHAVE_STRUCT_STAT_ST_BLOCKS=1 -DHAVE_STRUCT_STAT_ST_BLKSIZE=1 -DHAVE_STRUCT_STAT_ST_RDEV=1 -DHAVE_BLKCNT_T=1 -DHAVE_INTPTR_T=1 -DHAVE_UINTPTR_T=1 -DNO_UNION_WAIT=1 -DHAVE_SIGNED_CHAR=1 -DHAVE_LANGINFO=1 -DHAVE_CFMAKERAW=1 -DHAVE_MKSTEMPS=1 -DHAVE_FTS=1 -DHAVE_SYS_IOCTL_H=1 -DTCL_UNLOAD_DLLS=1 -DHAVE_CPUID=1 -DZIPFS_BUILD=1    -DMP_FIXED_CUTOFFS -DBUILD_tcl /home/builder/build/src/tcl9.0.1/generic/tclInterp.c
clang -c -I"." -I/home/builder/build/src/tcl9.0.1/unix -I/home/builder/build/src/tcl9.0.1/generic -I/home/builder/build/src/tcl9.0.1/libtommath -O2 -march=x86-64-v3 -O2 -pipe -fno-plt -fexceptions         -Wp,-D_FORTIFY_SOURCE=3 -fstack-clash-protection -fcf-protection -pipe -m64 -finput-charset=UTF-8  -Wall -Wextra -Wshadow -Wundef -Wwrite-strings -Wpointer-arith -Wc++-compat -fextended-identifiers -fPIC -fno-common -DPACKAGE_NAME=\"tcl\" -DPACKAGE_TARNAME=\"tcl\" -DPACKAGE_VERSION=\"9.0\" -DPACKAGE_STRING=\"tcl\ 9.0\" -DPACKAGE_BUGREPORT=\"\" -DPACKAGE_URL=\"\" -DHAVE_STDIO_H=1 -DHAVE_STDLIB_H=1 -DHAVE_STRING_H=1 -DHAVE_INTTYPES_H=1 -DHAVE_STDINT_H=1 -DHAVE_STRINGS_H=1 -DHAVE_SYS_STAT_H=1 -DHAVE_SYS_TYPES_H=1 -DHAVE_UNISTD_H=1 -DHAVE_SYS_TIME_H=1 -DSTDC_HEADERS=1 -DHAVE_SYS_PARAM_H=1 -DTCL_CFGVAL_ENCODING=\"utf-8\" -D_REENTRANT=1 -D_THREAD_SAFE=1 -DHAVE_PTHREAD_ATTR_SETSTACKSIZE=1 -DHAVE_PTHREAD_ATFORK=1 -DHAVE_DECL_PTHREAD_MUTEX_RECURSIVE=1 -DMODULE_SCOPE=extern\ __attribute__\(\(__visibility__\(\"hidden\"\)\)\) -DHAVE_HIDDEN=1 -DTCL_CFG_DO64BIT=1 -DHAVE_CAST_TO_UNION=1 -DHAVE_STDBOOL_H=1 -DHAVE_VFORK=1 -DHAVE_POSIX_SPAWNP=1 -DHAVE_POSIX_SPAWN_FILE_ACTIONS_ADDDUP2=1 -DHAVE_POSIX_SPAWNATTR_SETFLAGS=1 -DTCL_SHLIB_EXT=\".so\" -DNDEBUG=1 -DTCL_CFG_OPTIMIZED=1 -DMP_PREC=4 -D_LARGEFILE64_SOURCE=1 -DTCL_WIDE_INT_IS_LONG=1 -DHAVE_GETCWD=1 -DHAVE_MKSTEMP=1 -DHAVE_WAITPID=1 -DHAVE_GETNAMEINFO=1 -DHAVE_GETADDRINFO=1 -DHAVE_FREEADDRINFO=1 -DHAVE_GAI_STRERROR=1 -DHAVE_STRUCT_ADDRINFO=1 -DHAVE_STRUCT_IN6_ADDR=1 -DHAVE_STRUCT_SOCKADDR_IN6=1 -DHAVE_STRUCT_SOCKADDR_STORAGE=1 -DHAVE_GETPWUID_R_5=1 -DHAVE_GETPWUID_R=1 -DHAVE_GETPWNAM_R_5=1 -DHAVE_GETPWNAM_R=1 -DHAVE_GETGRGID_R_5=1 -DHAVE_GETGRGID_R=1 -DHAVE_GETGRNAM_R_5=1 -DHAVE_GETGRNAM_R=1 -DHAVE_DECL_GETHOSTBYNAME_R=1 -DHAVE_GETHOSTBYNAME_R_6=1 -DHAVE_GETHOSTBYNAME_R=1 -DHAVE_DECL_GETHOSTBYADDR_R=1 -DHAVE_GETHOSTBYADDR_R_8=1 -DHAVE_GETHOSTBYADDR_R=1 -DHAVE_TERMIOS_H=1 -DHAVE_SYS_IOCTL_H=1 -DHAVE_PSELECT=1 -DHAVE_SYS_EPOLL_H=1 -DNOTIFIER_EPOLL=1 -DHAVE_SYS_EVENTFD_H=1 -DHAVE_EVENTFD=1 -DHAVE_SYS_TIME_H=1 -DHAVE_GMTIME_R=1 -DHAVE_LOCALTIME_R=1 -DHAVE_TM_GMTOFF=1 -DHAVE_TIMEZONE_VAR=1 -DHAVE_STRUCT_STAT_ST_BLOCKS=1 -DHAVE_STRUCT_STAT_ST_BLKSIZE=1 -DHAVE_STRUCT_STAT_ST_RDEV=1 -DHAVE_BLKCNT_T=1 -DHAVE_INTPTR_T=1 -DHAVE_UINTPTR_T=1 -DNO_UNION_WAIT=1 -DHAVE_SIGNED_CHAR=1 -DHAVE_LANGINFO=1 -DHAVE_CFMAKERAW=1 -DHAVE_MKSTEMPS=1 -DHAVE_FTS=1 -DHAVE_SYS_IOCTL_H=1 -DTCL_UNLOAD_DLLS=1 -DHAVE_CPUID=1 -DZIPFS_BUILD=1    -DMP_FIXED_CUTOFFS -DBUILD_tcl /home/builder/build/src/tcl9.0.1/generic/tclIO.c
clang -c -I"." -I/home/builder/build/src/tcl9.0.1/unix -I/home/builder/build/src/tcl9.0.1/generic -I/home/builder/build/src/tcl9.0.1/libtommath -O2 -march=x86-64-v3 -O2 -pipe -fno-plt -fexceptions         -Wp,-D_FORTIFY_SOURCE=3 -fstack-clash-protection -fcf-protection -pipe -m64 -finput-charset=UTF-8  -Wall -Wextra -Wshadow -Wundef -Wwrite-strings -Wpointer-arith -Wc++-compat -fextended-identifiers -fPIC -fno-common -DPACKAGE_NAME=\"tcl\" -DPACKAGE_TARNAME=\"tcl\" -DPACKAGE_VERSION=\"9.0\" -DPACKAGE_STRING=\"tcl\ 9.0\" -DPACKAGE_BUGREPORT=\"\" -DPACKAGE_URL=\"\" -DHAVE_STDIO_H=1 -DHAVE_STDLIB_H=1 -DHAVE_STRING_H=1 -DHAVE_INTTYPES_H=1 -DHAVE_STDINT_H=1 -DHAVE_STRINGS_H=1 -DHAVE_SYS_STAT_H=1 -DHAVE_SYS_TYPES_H=1 -DHAVE_UNISTD_H=1 -DHAVE_SYS_TIME_H=1 -DSTDC_HEADERS=1 -DHAVE_SYS_PARAM_H=1 -DTCL_CFGVAL_ENCODING=\"utf-8\" -D_REENTRANT=1 -D_THREAD_SAFE=1 -DHAVE_PTHREAD_ATTR_SETSTACKSIZE=1 -DHAVE_PTHREAD_ATFORK=1 -DHAVE_DECL_PTHREAD_MUTEX_RECURSIVE=1 -DMODULE_SCOPE=extern\ __attribute__\(\(__visibility__\(\"hidden\"\)\)\) -DHAVE_HIDDEN=1 -DTCL_CFG_DO64BIT=1 -DHAVE_CAST_TO_UNION=1 -DHAVE_STDBOOL_H=1 -DHAVE_VFORK=1 -DHAVE_POSIX_SPAWNP=1 -DHAVE_POSIX_SPAWN_FILE_ACTIONS_ADDDUP2=1 -DHAVE_POSIX_SPAWNATTR_SETFLAGS=1 -DTCL_SHLIB_EXT=\".so\" -DNDEBUG=1 -DTCL_CFG_OPTIMIZED=1 -DMP_PREC=4 -D_LARGEFILE64_SOURCE=1 -DTCL_WIDE_INT_IS_LONG=1 -DHAVE_GETCWD=1 -DHAVE_MKSTEMP=1 -DHAVE_WAITPID=1 -DHAVE_GETNAMEINFO=1 -DHAVE_GETADDRINFO=1 -DHAVE_FREEADDRINFO=1 -DHAVE_GAI_STRERROR=1 -DHAVE_STRUCT_ADDRINFO=1 -DHAVE_STRUCT_IN6_ADDR=1 -DHAVE_STRUCT_SOCKADDR_IN6=1 -DHAVE_STRUCT_SOCKADDR_STORAGE=1 -DHAVE_GETPWUID_R_5=1 -DHAVE_GETPWUID_R=1 -DHAVE_GETPWNAM_R_5=1 -DHAVE_GETPWNAM_R=1 -DHAVE_GETGRGID_R_5=1 -DHAVE_GETGRGID_R=1 -DHAVE_GETGRNAM_R_5=1 -DHAVE_GETGRNAM_R=1 -DHAVE_DECL_GETHOSTBYNAME_R=1 -DHAVE_GETHOSTBYNAME_R_6=1 -DHAVE_GETHOSTBYNAME_R=1 -DHAVE_DECL_GETHOSTBYADDR_R=1 -DHAVE_GETHOSTBYADDR_R_8=1 -DHAVE_GETHOSTBYADDR_R=1 -DHAVE_TERMIOS_H=1 -DHAVE_SYS_IOCTL_H=1 -DHAVE_PSELECT=1 -DHAVE_SYS_EPOLL_H=1 -DNOTIFIER_EPOLL=1 -DHAVE_SYS_EVENTFD_H=1 -DHAVE_EVENTFD=1 -DHAVE_SYS_TIME_H=1 -DHAVE_GMTIME_R=1 -DHAVE_LOCALTIME_R=1 -DHAVE_TM_GMTOFF=1 -DHAVE_TIMEZONE_VAR=1 -DHAVE_STRUCT_STAT_ST_BLOCKS=1 -DHAVE_STRUCT_STAT_ST_BLKSIZE=1 -DHAVE_STRUCT_STAT_ST_RDEV=1 -DHAVE_BLKCNT_T=1 -DHAVE_INTPTR_T=1 -DHAVE_UINTPTR_T=1 -DNO_UNION_WAIT=1 -DHAVE_SIGNED_CHAR=1 -DHAVE_LANGINFO=1 -DHAVE_CFMAKERAW=1 -DHAVE_MKSTEMPS=1 -DHAVE_FTS=1 -DHAVE_SYS_IOCTL_H=1 -DTCL_UNLOAD_DLLS=1 -DHAVE_CPUID=1 -DZIPFS_BUILD=1    -DMP_FIXED_CUTOFFS -DBUILD_tcl /home/builder/build/src/tcl9.0.1/generic/tclIOCmd.c
clang -c -I"." -I/home/builder/build/src/tcl9.0.1/unix -I/home/builder/build/src/tcl9.0.1/generic -I/home/builder/build/src/tcl9.0.1/libtommath -O2 -march=x86-64-v3 -O2 -pipe -fno-plt -fexceptions         -Wp,-D_FORTIFY_SOURCE=3 -fstack-clash-protection -fcf-protection -pipe -m64 -finput-charset=UTF-8  -Wall -Wextra -Wshadow -Wundef -Wwrite-strings -Wpointer-arith -Wc++-compat -fextended-identifiers -fPIC -fno-common -DPACKAGE_NAME=\"tcl\" -DPACKAGE_TARNAME=\"tcl\" -DPACKAGE_VERSION=\"9.0\" -DPACKAGE_STRING=\"tcl\ 9.0\" -DPACKAGE_BUGREPORT=\"\" -DPACKAGE_URL=\"\" -DHAVE_STDIO_H=1 -DHAVE_STDLIB_H=1 -DHAVE_STRING_H=1 -DHAVE_INTTYPES_H=1 -DHAVE_STDINT_H=1 -DHAVE_STRINGS_H=1 -DHAVE_SYS_STAT_H=1 -DHAVE_SYS_TYPES_H=1 -DHAVE_UNISTD_H=1 -DHAVE_SYS_TIME_H=1 -DSTDC_HEADERS=1 -DHAVE_SYS_PARAM_H=1 -DTCL_CFGVAL_ENCODING=\"utf-8\" -D_REENTRANT=1 -D_THREAD_SAFE=1 -DHAVE_PTHREAD_ATTR_SETSTACKSIZE=1 -DHAVE_PTHREAD_ATFORK=1 -DHAVE_DECL_PTHREAD_MUTEX_RECURSIVE=1 -DMODULE_SCOPE=extern\ __attribute__\(\(__visibility__\(\"hidden\"\)\)\) -DHAVE_HIDDEN=1 -DTCL_CFG_DO64BIT=1 -DHAVE_CAST_TO_UNION=1 -DHAVE_STDBOOL_H=1 -DHAVE_VFORK=1 -DHAVE_POSIX_SPAWNP=1 -DHAVE_POSIX_SPAWN_FILE_ACTIONS_ADDDUP2=1 -DHAVE_POSIX_SPAWNATTR_SETFLAGS=1 -DTCL_SHLIB_EXT=\".so\" -DNDEBUG=1 -DTCL_CFG_OPTIMIZED=1 -DMP_PREC=4 -D_LARGEFILE64_SOURCE=1 -DTCL_WIDE_INT_IS_LONG=1 -DHAVE_GETCWD=1 -DHAVE_MKSTEMP=1 -DHAVE_WAITPID=1 -DHAVE_GETNAMEINFO=1 -DHAVE_GETADDRINFO=1 -DHAVE_FREEADDRINFO=1 -DHAVE_GAI_STRERROR=1 -DHAVE_STRUCT_ADDRINFO=1 -DHAVE_STRUCT_IN6_ADDR=1 -DHAVE_STRUCT_SOCKADDR_IN6=1 -DHAVE_STRUCT_SOCKADDR_STORAGE=1 -DHAVE_GETPWUID_R_5=1 -DHAVE_GETPWUID_R=1 -DHAVE_GETPWNAM_R_5=1 -DHAVE_GETPWNAM_R=1 -DHAVE_GETGRGID_R_5=1 -DHAVE_GETGRGID_R=1 -DHAVE_GETGRNAM_R_5=1 -DHAVE_GETGRNAM_R=1 -DHAVE_DECL_GETHOSTBYNAME_R=1 -DHAVE_GETHOSTBYNAME_R_6=1 -DHAVE_GETHOSTBYNAME_R=1 -DHAVE_DECL_GETHOSTBYADDR_R=1 -DHAVE_GETHOSTBYADDR_R_8=1 -DHAVE_GETHOSTBYADDR_R=1 -DHAVE_TERMIOS_H=1 -DHAVE_SYS_IOCTL_H=1 -DHAVE_PSELECT=1 -DHAVE_SYS_EPOLL_H=1 -DNOTIFIER_EPOLL=1 -DHAVE_SYS_EVENTFD_H=1 -DHAVE_EVENTFD=1 -DHAVE_SYS_TIME_H=1 -DHAVE_GMTIME_R=1 -DHAVE_LOCALTIME_R=1 -DHAVE_TM_GMTOFF=1 -DHAVE_TIMEZONE_VAR=1 -DHAVE_STRUCT_STAT_ST_BLOCKS=1 -DHAVE_STRUCT_STAT_ST_BLKSIZE=1 -DHAVE_STRUCT_STAT_ST_RDEV=1 -DHAVE_BLKCNT_T=1 -DHAVE_INTPTR_T=1 -DHAVE_UINTPTR_T=1 -DNO_UNION_WAIT=1 -DHAVE_SIGNED_CHAR=1 -DHAVE_LANGINFO=1 -DHAVE_CFMAKERAW=1 -DHAVE_MKSTEMPS=1 -DHAVE_FTS=1 -DHAVE_SYS_IOCTL_H=1 -DTCL_UNLOAD_DLLS=1 -DHAVE_CPUID=1 -DZIPFS_BUILD=1    -DMP_FIXED_CUTOFFS -DBUILD_tcl /home/builder/build/src/tcl9.0.1/generic/tclIORChan.c
/home/builder/build/src/tcl9.0.1/generic/tclIORChan.c:1194:51: warning: variable 'p' is uninitialized when passed as a const pointer argument here [-Wuninitialized-const-pointer]
 1194 |         ForwardOpToHandlerThread(rcPtr, ForwardedClose, &p);
      |                                                          ^
/home/builder/build/src/tcl9.0.1/generic/tclIORChan.c:1162:55: warning: variable 'p' is uninitialized when passed as a const pointer argument here [-Wuninitialized-const-pointer]
 1162 |             ForwardOpToHandlerThread(rcPtr, ForwardedClose, &p);
      |                                                              ^
2 warnings generated.
clang -c -I"." -I/home/builder/build/src/tcl9.0.1/unix -I/home/builder/build/src/tcl9.0.1/generic -I/home/builder/build/src/tcl9.0.1/libtommath -O2 -march=x86-64-v3 -O2 -pipe -fno-plt -fexceptions         -Wp,-D_FORTIFY_SOURCE=3 -fstack-clash-protection -fcf-protection -pipe -m64 -finput-charset=UTF-8  -Wall -Wextra -Wshadow -Wundef -Wwrite-strings -Wpointer-arith -Wc++-compat -fextended-identifiers -fPIC -fno-common -DPACKAGE_NAME=\"tcl\" -DPACKAGE_TARNAME=\"tcl\" -DPACKAGE_VERSION=\"9.0\" -DPACKAGE_STRING=\"tcl\ 9.0\" -DPACKAGE_BUGREPORT=\"\" -DPACKAGE_URL=\"\" -DHAVE_STDIO_H=1 -DHAVE_STDLIB_H=1 -DHAVE_STRING_H=1 -DHAVE_INTTYPES_H=1 -DHAVE_STDINT_H=1 -DHAVE_STRINGS_H=1 -DHAVE_SYS_STAT_H=1 -DHAVE_SYS_TYPES_H=1 -DHAVE_UNISTD_H=1 -DHAVE_SYS_TIME_H=1 -DSTDC_HEADERS=1 -DHAVE_SYS_PARAM_H=1 -DTCL_CFGVAL_ENCODING=\"utf-8\" -D_REENTRANT=1 -D_THREAD_SAFE=1 -DHAVE_PTHREAD_ATTR_SETSTACKSIZE=1 -DHAVE_PTHREAD_ATFORK=1 -DHAVE_DECL_PTHREAD_MUTEX_RECURSIVE=1 -DMODULE_SCOPE=extern\ __attribute__\(\(__visibility__\(\"hidden\"\)\)\) -DHAVE_HIDDEN=1 -DTCL_CFG_DO64BIT=1 -DHAVE_CAST_TO_UNION=1 -DHAVE_STDBOOL_H=1 -DHAVE_VFORK=1 -DHAVE_POSIX_SPAWNP=1 -DHAVE_POSIX_SPAWN_FILE_ACTIONS_ADDDUP2=1 -DHAVE_POSIX_SPAWNATTR_SETFLAGS=1 -DTCL_SHLIB_EXT=\".so\" -DNDEBUG=1 -DTCL_CFG_OPTIMIZED=1 -DMP_PREC=4 -D_LARGEFILE64_SOURCE=1 -DTCL_WIDE_INT_IS_LONG=1 -DHAVE_GETCWD=1 -DHAVE_MKSTEMP=1 -DHAVE_WAITPID=1 -DHAVE_GETNAMEINFO=1 -DHAVE_GETADDRINFO=1 -DHAVE_FREEADDRINFO=1 -DHAVE_GAI_STRERROR=1 -DHAVE_STRUCT_ADDRINFO=1 -DHAVE_STRUCT_IN6_ADDR=1 -DHAVE_STRUCT_SOCKADDR_IN6=1 -DHAVE_STRUCT_SOCKADDR_STORAGE=1 -DHAVE_GETPWUID_R_5=1 -DHAVE_GETPWUID_R=1 -DHAVE_GETPWNAM_R_5=1 -DHAVE_GETPWNAM_R=1 -DHAVE_GETGRGID_R_5=1 -DHAVE_GETGRGID_R=1 -DHAVE_GETGRNAM_R_5=1 -DHAVE_GETGRNAM_R=1 -DHAVE_DECL_GETHOSTBYNAME_R=1 -DHAVE_GETHOSTBYNAME_R_6=1 -DHAVE_GETHOSTBYNAME_R=1 -DHAVE_DECL_GETHOSTBYADDR_R=1 -DHAVE_GETHOSTBYADDR_R_8=1 -DHAVE_GETHOSTBYADDR_R=1 -DHAVE_TERMIOS_H=1 -DHAVE_SYS_IOCTL_H=1 -DHAVE_PSELECT=1 -DHAVE_SYS_EPOLL_H=1 -DNOTIFIER_EPOLL=1 -DHAVE_SYS_EVENTFD_H=1 -DHAVE_EVENTFD=1 -DHAVE_SYS_TIME_H=1 -DHAVE_GMTIME_R=1 -DHAVE_LOCALTIME_R=1 -DHAVE_TM_GMTOFF=1 -DHAVE_TIMEZONE_VAR=1 -DHAVE_STRUCT_STAT_ST_BLOCKS=1 -DHAVE_STRUCT_STAT_ST_BLKSIZE=1 -DHAVE_STRUCT_STAT_ST_RDEV=1 -DHAVE_BLKCNT_T=1 -DHAVE_INTPTR_T=1 -DHAVE_UINTPTR_T=1 -DNO_UNION_WAIT=1 -DHAVE_SIGNED_CHAR=1 -DHAVE_LANGINFO=1 -DHAVE_CFMAKERAW=1 -DHAVE_MKSTEMPS=1 -DHAVE_FTS=1 -DHAVE_SYS_IOCTL_H=1 -DTCL_UNLOAD_DLLS=1 -DHAVE_CPUID=1 -DZIPFS_BUILD=1    -DMP_FIXED_CUTOFFS -DBUILD_tcl /home/builder/build/src/tcl9.0.1/generic/tclIORTrans.c
/home/builder/build/src/tcl9.0.1/generic/tclIORTrans.c:970:49: warning: variable 'p' is uninitialized when passed as a const pointer argument here [-Wuninitialized-const-pointer]
  970 |         ForwardOpToOwnerThread(rtPtr, ForwardedClose, &p);
      |                                                        ^
/home/builder/build/src/tcl9.0.1/generic/tclIORTrans.c:913:53: warning: variable 'p' is uninitialized when passed as a const pointer argument here [-Wuninitialized-const-pointer]
  913 |             ForwardOpToOwnerThread(rtPtr, ForwardedClose, &p);
      |                                                            ^
/home/builder/build/src/tcl9.0.1/generic/tclIORTrans.c:3177:49: warning: variable 'p' is uninitialized when passed as a const pointer argument here [-Wuninitialized-const-pointer]
 3177 |         ForwardOpToOwnerThread(rtPtr, ForwardedDrain, &p);
      |                                                        ^
/home/builder/build/src/tcl9.0.1/generic/tclIORTrans.c:3227:49: warning: variable 'p' is uninitialized when passed as a const pointer argument here [-Wuninitialized-const-pointer]
 3227 |         ForwardOpToOwnerThread(rtPtr, ForwardedFlush, &p);
      |                                                        ^
/home/builder/build/src/tcl9.0.1/generic/tclIORTrans.c:3282:49: warning: variable 'p' is uninitialized when passed as a const pointer argument here [-Wuninitialized-const-pointer]
 3282 |         ForwardOpToOwnerThread(rtPtr, ForwardedClear, &p);
      |                                                        ^
/home/builder/build/src/tcl9.0.1/generic/tclIORTrans.c:3314:49: warning: variable 'p' is uninitialized when passed as a const pointer argument here [-Wuninitialized-const-pointer]
 3314 |         ForwardOpToOwnerThread(rtPtr, ForwardedLimit, &p);
      |                                                        ^
6 warnings generated.
clang -c -I"." -I/home/builder/build/src/tcl9.0.1/unix -I/home/builder/build/src/tcl9.0.1/generic -I/home/builder/build/src/tcl9.0.1/libtommath -O2 -march=x86-64-v3 -O2 -pipe -fno-plt -fexceptions         -Wp,-D_FORTIFY_SOURCE=3 -fstack-clash-protection -fcf-protection -pipe -m64 -finput-charset=UTF-8  -Wall -Wextra -Wshadow -Wundef -Wwrite-strings -Wpointer-arith -Wc++-compat -fextended-identifiers -fPIC -fno-common -DPACKAGE_NAME=\"tcl\" -DPACKAGE_TARNAME=\"tcl\" -DPACKAGE_VERSION=\"9.0\" -DPACKAGE_STRING=\"tcl\ 9.0\" -DPACKAGE_BUGREPORT=\"\" -DPACKAGE_URL=\"\" -DHAVE_STDIO_H=1 -DHAVE_STDLIB_H=1 -DHAVE_STRING_H=1 -DHAVE_INTTYPES_H=1 -DHAVE_STDINT_H=1 -DHAVE_STRINGS_H=1 -DHAVE_SYS_STAT_H=1 -DHAVE_SYS_TYPES_H=1 -DHAVE_UNISTD_H=1 -DHAVE_SYS_TIME_H=1 -DSTDC_HEADERS=1 -DHAVE_SYS_PARAM_H=1 -DTCL_CFGVAL_ENCODING=\"utf-8\" -D_REENTRANT=1 -D_THREAD_SAFE=1 -DHAVE_PTHREAD_ATTR_SETSTACKSIZE=1 -DHAVE_PTHREAD_ATFORK=1 -DHAVE_DECL_PTHREAD_MUTEX_RECURSIVE=1 -DMODULE_SCOPE=extern\ __attribute__\(\(__visibility__\(\"hidden\"\)\)\) -DHAVE_HIDDEN=1 -DTCL_CFG_DO64BIT=1 -DHAVE_CAST_TO_UNION=1 -DHAVE_STDBOOL_H=1 -DHAVE_VFORK=1 -DHAVE_POSIX_SPAWNP=1 -DHAVE_POSIX_SPAWN_FILE_ACTIONS_ADDDUP2=1 -DHAVE_POSIX_SPAWNATTR_SETFLAGS=1 -DTCL_SHLIB_EXT=\".so\" -DNDEBUG=1 -DTCL_CFG_OPTIMIZED=1 -DMP_PREC=4 -D_LARGEFILE64_SOURCE=1 -DTCL_WIDE_INT_IS_LONG=1 -DHAVE_GETCWD=1 -DHAVE_MKSTEMP=1 -DHAVE_WAITPID=1 -DHAVE_GETNAMEINFO=1 -DHAVE_GETADDRINFO=1 -DHAVE_FREEADDRINFO=1 -DHAVE_GAI_STRERROR=1 -DHAVE_STRUCT_ADDRINFO=1 -DHAVE_STRUCT_IN6_ADDR=1 -DHAVE_STRUCT_SOCKADDR_IN6=1 -DHAVE_STRUCT_SOCKADDR_STORAGE=1 -DHAVE_GETPWUID_R_5=1 -DHAVE_GETPWUID_R=1 -DHAVE_GETPWNAM_R_5=1 -DHAVE_GETPWNAM_R=1 -DHAVE_GETGRGID_R_5=1 -DHAVE_GETGRGID_R=1 -DHAVE_GETGRNAM_R_5=1 -DHAVE_GETGRNAM_R=1 -DHAVE_DECL_GETHOSTBYNAME_R=1 -DHAVE_GETHOSTBYNAME_R_6=1 -DHAVE_GETHOSTBYNAME_R=1 -DHAVE_DECL_GETHOSTBYADDR_R=1 -DHAVE_GETHOSTBYADDR_R_8=1 -DHAVE_GETHOSTBYADDR_R=1 -DHAVE_TERMIOS_H=1 -DHAVE_SYS_IOCTL_H=1 -DHAVE_PSELECT=1 -DHAVE_SYS_EPOLL_H=1 -DNOTIFIER_EPOLL=1 -DHAVE_SYS_EVENTFD_H=1 -DHAVE_EVENTFD=1 -DHAVE_SYS_TIME_H=1 -DHAVE_GMTIME_R=1 -DHAVE_LOCALTIME_R=1 -DHAVE_TM_GMTOFF=1 -DHAVE_TIMEZONE_VAR=1 -DHAVE_STRUCT_STAT_ST_BLOCKS=1 -DHAVE_STRUCT_STAT_ST_BLKSIZE=1 -DHAVE_STRUCT_STAT_ST_RDEV=1 -DHAVE_BLKCNT_T=1 -DHAVE_INTPTR_T=1 -DHAVE_UINTPTR_T=1 -DNO_UNION_WAIT=1 -DHAVE_SIGNED_CHAR=1 -DHAVE_LANGINFO=1 -DHAVE_CFMAKERAW=1 -DHAVE_MKSTEMPS=1 -DHAVE_FTS=1 -DHAVE_SYS_IOCTL_H=1 -DTCL_UNLOAD_DLLS=1 -DHAVE_CPUID=1 -DZIPFS_BUILD=1    -DMP_FIXED_CUTOFFS -DBUILD_tcl /home/builder/build/src/tcl9.0.1/generic/tclIOGT.c
clang -c -I"." -I/home/builder/build/src/tcl9.0.1/unix -I/home/builder/build/src/tcl9.0.1/generic -I/home/builder/build/src/tcl9.0.1/libtommath -O2 -march=x86-64-v3 -O2 -pipe -fno-plt -fexceptions         -Wp,-D_FORTIFY_SOURCE=3 -fstack-clash-protection -fcf-protection -pipe -m64 -finput-charset=UTF-8  -Wall -Wextra -Wshadow -Wundef -Wwrite-strings -Wpointer-arith -Wc++-compat -fextended-identifiers -fPIC -fno-common -DPACKAGE_NAME=\"tcl\" -DPACKAGE_TARNAME=\"tcl\" -DPACKAGE_VERSION=\"9.0\" -DPACKAGE_STRING=\"tcl\ 9.0\" -DPACKAGE_BUGREPORT=\"\" -DPACKAGE_URL=\"\" -DHAVE_STDIO_H=1 -DHAVE_STDLIB_H=1 -DHAVE_STRING_H=1 -DHAVE_INTTYPES_H=1 -DHAVE_STDINT_H=1 -DHAVE_STRINGS_H=1 -DHAVE_SYS_STAT_H=1 -DHAVE_SYS_TYPES_H=1 -DHAVE_UNISTD_H=1 -DHAVE_SYS_TIME_H=1 -DSTDC_HEADERS=1 -DHAVE_SYS_PARAM_H=1 -DTCL_CFGVAL_ENCODING=\"utf-8\" -D_REENTRANT=1 -D_THREAD_SAFE=1 -DHAVE_PTHREAD_ATTR_SETSTACKSIZE=1 -DHAVE_PTHREAD_ATFORK=1 -DHAVE_DECL_PTHREAD_MUTEX_RECURSIVE=1 -DMODULE_SCOPE=extern\ __attribute__\(\(__visibility__\(\"hidden\"\)\)\) -DHAVE_HIDDEN=1 -DTCL_CFG_DO64BIT=1 -DHAVE_CAST_TO_UNION=1 -DHAVE_STDBOOL_H=1 -DHAVE_VFORK=1 -DHAVE_POSIX_SPAWNP=1 -DHAVE_POSIX_SPAWN_FILE_ACTIONS_ADDDUP2=1 -DHAVE_POSIX_SPAWNATTR_SETFLAGS=1 -DTCL_SHLIB_EXT=\".so\" -DNDEBUG=1 -DTCL_CFG_OPTIMIZED=1 -DMP_PREC=4 -D_LARGEFILE64_SOURCE=1 -DTCL_WIDE_INT_IS_LONG=1 -DHAVE_GETCWD=1 -DHAVE_MKSTEMP=1 -DHAVE_WAITPID=1 -DHAVE_GETNAMEINFO=1 -DHAVE_GETADDRINFO=1 -DHAVE_FREEADDRINFO=1 -DHAVE_GAI_STRERROR=1 -DHAVE_STRUCT_ADDRINFO=1 -DHAVE_STRUCT_IN6_ADDR=1 -DHAVE_STRUCT_SOCKADDR_IN6=1 -DHAVE_STRUCT_SOCKADDR_STORAGE=1 -DHAVE_GETPWUID_R_5=1 -DHAVE_GETPWUID_R=1 -DHAVE_GETPWNAM_R_5=1 -DHAVE_GETPWNAM_R=1 -DHAVE_GETGRGID_R_5=1 -DHAVE_GETGRGID_R=1 -DHAVE_GETGRNAM_R_5=1 -DHAVE_GETGRNAM_R=1 -DHAVE_DECL_GETHOSTBYNAME_R=1 -DHAVE_GETHOSTBYNAME_R_6=1 -DHAVE_GETHOSTBYNAME_R=1 -DHAVE_DECL_GETHOSTBYADDR_R=1 -DHAVE_GETHOSTBYADDR_R_8=1 -DHAVE_GETHOSTBYADDR_R=1 -DHAVE_TERMIOS_H=1 -DHAVE_SYS_IOCTL_H=1 -DHAVE_PSELECT=1 -DHAVE_SYS_EPOLL_H=1 -DNOTIFIER_EPOLL=1 -DHAVE_SYS_EVENTFD_H=1 -DHAVE_EVENTFD=1 -DHAVE_SYS_TIME_H=1 -DHAVE_GMTIME_R=1 -DHAVE_LOCALTIME_R=1 -DHAVE_TM_GMTOFF=1 -DHAVE_TIMEZONE_VAR=1 -DHAVE_STRUCT_STAT_ST_BLOCKS=1 -DHAVE_STRUCT_STAT_ST_BLKSIZE=1 -DHAVE_STRUCT_STAT_ST_RDEV=1 -DHAVE_BLKCNT_T=1 -DHAVE_INTPTR_T=1 -DHAVE_UINTPTR_T=1 -DNO_UNION_WAIT=1 -DHAVE_SIGNED_CHAR=1 -DHAVE_LANGINFO=1 -DHAVE_CFMAKERAW=1 -DHAVE_MKSTEMPS=1 -DHAVE_FTS=1 -DHAVE_SYS_IOCTL_H=1 -DTCL_UNLOAD_DLLS=1 -DHAVE_CPUID=1 -DZIPFS_BUILD=1    -DMP_FIXED_CUTOFFS -DBUILD_tcl /home/builder/build/src/tcl9.0.1/generic/tclIOSock.c
clang -c -I"." -I/home/builder/build/src/tcl9.0.1/unix -I/home/builder/build/src/tcl9.0.1/generic -I/home/builder/build/src/tcl9.0.1/libtommath -O2 -march=x86-64-v3 -O2 -pipe -fno-plt -fexceptions         -Wp,-D_FORTIFY_SOURCE=3 -fstack-clash-protection -fcf-protection -pipe -m64 -finput-charset=UTF-8  -Wall -Wextra -Wshadow -Wundef -Wwrite-strings -Wpointer-arith -Wc++-compat -fextended-identifiers -fPIC -fno-common -DPACKAGE_NAME=\"tcl\" -DPACKAGE_TARNAME=\"tcl\" -DPACKAGE_VERSION=\"9.0\" -DPACKAGE_STRING=\"tcl\ 9.0\" -DPACKAGE_BUGREPORT=\"\" -DPACKAGE_URL=\"\" -DHAVE_STDIO_H=1 -DHAVE_STDLIB_H=1 -DHAVE_STRING_H=1 -DHAVE_INTTYPES_H=1 -DHAVE_STDINT_H=1 -DHAVE_STRINGS_H=1 -DHAVE_SYS_STAT_H=1 -DHAVE_SYS_TYPES_H=1 -DHAVE_UNISTD_H=1 -DHAVE_SYS_TIME_H=1 -DSTDC_HEADERS=1 -DHAVE_SYS_PARAM_H=1 -DTCL_CFGVAL_ENCODING=\"utf-8\" -D_REENTRANT=1 -D_THREAD_SAFE=1 -DHAVE_PTHREAD_ATTR_SETSTACKSIZE=1 -DHAVE_PTHREAD_ATFORK=1 -DHAVE_DECL_PTHREAD_MUTEX_RECURSIVE=1 -DMODULE_SCOPE=extern\ __attribute__\(\(__visibility__\(\"hidden\"\)\)\) -DHAVE_HIDDEN=1 -DTCL_CFG_DO64BIT=1 -DHAVE_CAST_TO_UNION=1 -DHAVE_STDBOOL_H=1 -DHAVE_VFORK=1 -DHAVE_POSIX_SPAWNP=1 -DHAVE_POSIX_SPAWN_FILE_ACTIONS_ADDDUP2=1 -DHAVE_POSIX_SPAWNATTR_SETFLAGS=1 -DTCL_SHLIB_EXT=\".so\" -DNDEBUG=1 -DTCL_CFG_OPTIMIZED=1 -DMP_PREC=4 -D_LARGEFILE64_SOURCE=1 -DTCL_WIDE_INT_IS_LONG=1 -DHAVE_GETCWD=1 -DHAVE_MKSTEMP=1 -DHAVE_WAITPID=1 -DHAVE_GETNAMEINFO=1 -DHAVE_GETADDRINFO=1 -DHAVE_FREEADDRINFO=1 -DHAVE_GAI_STRERROR=1 -DHAVE_STRUCT_ADDRINFO=1 -DHAVE_STRUCT_IN6_ADDR=1 -DHAVE_STRUCT_SOCKADDR_IN6=1 -DHAVE_STRUCT_SOCKADDR_STORAGE=1 -DHAVE_GETPWUID_R_5=1 -DHAVE_GETPWUID_R=1 -DHAVE_GETPWNAM_R_5=1 -DHAVE_GETPWNAM_R=1 -DHAVE_GETGRGID_R_5=1 -DHAVE_GETGRGID_R=1 -DHAVE_GETGRNAM_R_5=1 -DHAVE_GETGRNAM_R=1 -DHAVE_DECL_GETHOSTBYNAME_R=1 -DHAVE_GETHOSTBYNAME_R_6=1 -DHAVE_GETHOSTBYNAME_R=1 -DHAVE_DECL_GETHOSTBYADDR_R=1 -DHAVE_GETHOSTBYADDR_R_8=1 -DHAVE_GETHOSTBYADDR_R=1 -DHAVE_TERMIOS_H=1 -DHAVE_SYS_IOCTL_H=1 -DHAVE_PSELECT=1 -DHAVE_SYS_EPOLL_H=1 -DNOTIFIER_EPOLL=1 -DHAVE_SYS_EVENTFD_H=1 -DHAVE_EVENTFD=1 -DHAVE_SYS_TIME_H=1 -DHAVE_GMTIME_R=1 -DHAVE_LOCALTIME_R=1 -DHAVE_TM_GMTOFF=1 -DHAVE_TIMEZONE_VAR=1 -DHAVE_STRUCT_STAT_ST_BLOCKS=1 -DHAVE_STRUCT_STAT_ST_BLKSIZE=1 -DHAVE_STRUCT_STAT_ST_RDEV=1 -DHAVE_BLKCNT_T=1 -DHAVE_INTPTR_T=1 -DHAVE_UINTPTR_T=1 -DNO_UNION_WAIT=1 -DHAVE_SIGNED_CHAR=1 -DHAVE_LANGINFO=1 -DHAVE_CFMAKERAW=1 -DHAVE_MKSTEMPS=1 -DHAVE_FTS=1 -DHAVE_SYS_IOCTL_H=1 -DTCL_UNLOAD_DLLS=1 -DHAVE_CPUID=1 -DZIPFS_BUILD=1    -DMP_FIXED_CUTOFFS -DBUILD_tcl /home/builder/build/src/tcl9.0.1/generic/tclIOUtil.c
clang -c -I"." -I/home/builder/build/src/tcl9.0.1/unix -I/home/builder/build/src/tcl9.0.1/generic -I/home/builder/build/src/tcl9.0.1/libtommath -O2 -march=x86-64-v3 -O2 -pipe -fno-plt -fexceptions         -Wp,-D_FORTIFY_SOURCE=3 -fstack-clash-protection -fcf-protection -pipe -m64 -finput-charset=UTF-8  -Wall -Wextra -Wshadow -Wundef -Wwrite-strings -Wpointer-arith -Wc++-compat -fextended-identifiers -fPIC -fno-common -DPACKAGE_NAME=\"tcl\" -DPACKAGE_TARNAME=\"tcl\" -DPACKAGE_VERSION=\"9.0\" -DPACKAGE_STRING=\"tcl\ 9.0\" -DPACKAGE_BUGREPORT=\"\" -DPACKAGE_URL=\"\" -DHAVE_STDIO_H=1 -DHAVE_STDLIB_H=1 -DHAVE_STRING_H=1 -DHAVE_INTTYPES_H=1 -DHAVE_STDINT_H=1 -DHAVE_STRINGS_H=1 -DHAVE_SYS_STAT_H=1 -DHAVE_SYS_TYPES_H=1 -DHAVE_UNISTD_H=1 -DHAVE_SYS_TIME_H=1 -DSTDC_HEADERS=1 -DHAVE_SYS_PARAM_H=1 -DTCL_CFGVAL_ENCODING=\"utf-8\" -D_REENTRANT=1 -D_THREAD_SAFE=1 -DHAVE_PTHREAD_ATTR_SETSTACKSIZE=1 -DHAVE_PTHREAD_ATFORK=1 -DHAVE_DECL_PTHREAD_MUTEX_RECURSIVE=1 -DMODULE_SCOPE=extern\ __attribute__\(\(__visibility__\(\"hidden\"\)\)\) -DHAVE_HIDDEN=1 -DTCL_CFG_DO64BIT=1 -DHAVE_CAST_TO_UNION=1 -DHAVE_STDBOOL_H=1 -DHAVE_VFORK=1 -DHAVE_POSIX_SPAWNP=1 -DHAVE_POSIX_SPAWN_FILE_ACTIONS_ADDDUP2=1 -DHAVE_POSIX_SPAWNATTR_SETFLAGS=1 -DTCL_SHLIB_EXT=\".so\" -DNDEBUG=1 -DTCL_CFG_OPTIMIZED=1 -DMP_PREC=4 -D_LARGEFILE64_SOURCE=1 -DTCL_WIDE_INT_IS_LONG=1 -DHAVE_GETCWD=1 -DHAVE_MKSTEMP=1 -DHAVE_WAITPID=1 -DHAVE_GETNAMEINFO=1 -DHAVE_GETADDRINFO=1 -DHAVE_FREEADDRINFO=1 -DHAVE_GAI_STRERROR=1 -DHAVE_STRUCT_ADDRINFO=1 -DHAVE_STRUCT_IN6_ADDR=1 -DHAVE_STRUCT_SOCKADDR_IN6=1 -DHAVE_STRUCT_SOCKADDR_STORAGE=1 -DHAVE_GETPWUID_R_5=1 -DHAVE_GETPWUID_R=1 -DHAVE_GETPWNAM_R_5=1 -DHAVE_GETPWNAM_R=1 -DHAVE_GETGRGID_R_5=1 -DHAVE_GETGRGID_R=1 -DHAVE_GETGRNAM_R_5=1 -DHAVE_GETGRNAM_R=1 -DHAVE_DECL_GETHOSTBYNAME_R=1 -DHAVE_GETHOSTBYNAME_R_6=1 -DHAVE_GETHOSTBYNAME_R=1 -DHAVE_DECL_GETHOSTBYADDR_R=1 -DHAVE_GETHOSTBYADDR_R_8=1 -DHAVE_GETHOSTBYADDR_R=1 -DHAVE_TERMIOS_H=1 -DHAVE_SYS_IOCTL_H=1 -DHAVE_PSELECT=1 -DHAVE_SYS_EPOLL_H=1 -DNOTIFIER_EPOLL=1 -DHAVE_SYS_EVENTFD_H=1 -DHAVE_EVENTFD=1 -DHAVE_SYS_TIME_H=1 -DHAVE_GMTIME_R=1 -DHAVE_LOCALTIME_R=1 -DHAVE_TM_GMTOFF=1 -DHAVE_TIMEZONE_VAR=1 -DHAVE_STRUCT_STAT_ST_BLOCKS=1 -DHAVE_STRUCT_STAT_ST_BLKSIZE=1 -DHAVE_STRUCT_STAT_ST_RDEV=1 -DHAVE_BLKCNT_T=1 -DHAVE_INTPTR_T=1 -DHAVE_UINTPTR_T=1 -DNO_UNION_WAIT=1 -DHAVE_SIGNED_CHAR=1 -DHAVE_LANGINFO=1 -DHAVE_CFMAKERAW=1 -DHAVE_MKSTEMPS=1 -DHAVE_FTS=1 -DHAVE_SYS_IOCTL_H=1 -DTCL_UNLOAD_DLLS=1 -DHAVE_CPUID=1 -DZIPFS_BUILD=1    -DMP_FIXED_CUTOFFS -DBUILD_tcl /home/builder/build/src/tcl9.0.1/generic/tclLink.c
clang -c -I"." -I/home/builder/build/src/tcl9.0.1/unix -I/home/builder/build/src/tcl9.0.1/generic -I/home/builder/build/src/tcl9.0.1/libtommath -O2 -march=x86-64-v3 -O2 -pipe -fno-plt -fexceptions         -Wp,-D_FORTIFY_SOURCE=3 -fstack-clash-protection -fcf-protection -pipe -m64 -finput-charset=UTF-8  -Wall -Wextra -Wshadow -Wundef -Wwrite-strings -Wpointer-arith -Wc++-compat -fextended-identifiers -fPIC -fno-common -DPACKAGE_NAME=\"tcl\" -DPACKAGE_TARNAME=\"tcl\" -DPACKAGE_VERSION=\"9.0\" -DPACKAGE_STRING=\"tcl\ 9.0\" -DPACKAGE_BUGREPORT=\"\" -DPACKAGE_URL=\"\" -DHAVE_STDIO_H=1 -DHAVE_STDLIB_H=1 -DHAVE_STRING_H=1 -DHAVE_INTTYPES_H=1 -DHAVE_STDINT_H=1 -DHAVE_STRINGS_H=1 -DHAVE_SYS_STAT_H=1 -DHAVE_SYS_TYPES_H=1 -DHAVE_UNISTD_H=1 -DHAVE_SYS_TIME_H=1 -DSTDC_HEADERS=1 -DHAVE_SYS_PARAM_H=1 -DTCL_CFGVAL_ENCODING=\"utf-8\" -D_REENTRANT=1 -D_THREAD_SAFE=1 -DHAVE_PTHREAD_ATTR_SETSTACKSIZE=1 -DHAVE_PTHREAD_ATFORK=1 -DHAVE_DECL_PTHREAD_MUTEX_RECURSIVE=1 -DMODULE_SCOPE=extern\ __attribute__\(\(__visibility__\(\"hidden\"\)\)\) -DHAVE_HIDDEN=1 -DTCL_CFG_DO64BIT=1 -DHAVE_CAST_TO_UNION=1 -DHAVE_STDBOOL_H=1 -DHAVE_VFORK=1 -DHAVE_POSIX_SPAWNP=1 -DHAVE_POSIX_SPAWN_FILE_ACTIONS_ADDDUP2=1 -DHAVE_POSIX_SPAWNATTR_SETFLAGS=1 -DTCL_SHLIB_EXT=\".so\" -DNDEBUG=1 -DTCL_CFG_OPTIMIZED=1 -DMP_PREC=4 -D_LARGEFILE64_SOURCE=1 -DTCL_WIDE_INT_IS_LONG=1 -DHAVE_GETCWD=1 -DHAVE_MKSTEMP=1 -DHAVE_WAITPID=1 -DHAVE_GETNAMEINFO=1 -DHAVE_GETADDRINFO=1 -DHAVE_FREEADDRINFO=1 -DHAVE_GAI_STRERROR=1 -DHAVE_STRUCT_ADDRINFO=1 -DHAVE_STRUCT_IN6_ADDR=1 -DHAVE_STRUCT_SOCKADDR_IN6=1 -DHAVE_STRUCT_SOCKADDR_STORAGE=1 -DHAVE_GETPWUID_R_5=1 -DHAVE_GETPWUID_R=1 -DHAVE_GETPWNAM_R_5=1 -DHAVE_GETPWNAM_R=1 -DHAVE_GETGRGID_R_5=1 -DHAVE_GETGRGID_R=1 -DHAVE_GETGRNAM_R_5=1 -DHAVE_GETGRNAM_R=1 -DHAVE_DECL_GETHOSTBYNAME_R=1 -DHAVE_GETHOSTBYNAME_R_6=1 -DHAVE_GETHOSTBYNAME_R=1 -DHAVE_DECL_GETHOSTBYADDR_R=1 -DHAVE_GETHOSTBYADDR_R_8=1 -DHAVE_GETHOSTBYADDR_R=1 -DHAVE_TERMIOS_H=1 -DHAVE_SYS_IOCTL_H=1 -DHAVE_PSELECT=1 -DHAVE_SYS_EPOLL_H=1 -DNOTIFIER_EPOLL=1 -DHAVE_SYS_EVENTFD_H=1 -DHAVE_EVENTFD=1 -DHAVE_SYS_TIME_H=1 -DHAVE_GMTIME_R=1 -DHAVE_LOCALTIME_R=1 -DHAVE_TM_GMTOFF=1 -DHAVE_TIMEZONE_VAR=1 -DHAVE_STRUCT_STAT_ST_BLOCKS=1 -DHAVE_STRUCT_STAT_ST_BLKSIZE=1 -DHAVE_STRUCT_STAT_ST_RDEV=1 -DHAVE_BLKCNT_T=1 -DHAVE_INTPTR_T=1 -DHAVE_UINTPTR_T=1 -DNO_UNION_WAIT=1 -DHAVE_SIGNED_CHAR=1 -DHAVE_LANGINFO=1 -DHAVE_CFMAKERAW=1 -DHAVE_MKSTEMPS=1 -DHAVE_FTS=1 -DHAVE_SYS_IOCTL_H=1 -DTCL_UNLOAD_DLLS=1 -DHAVE_CPUID=1 -DZIPFS_BUILD=1    -DMP_FIXED_CUTOFFS -DBUILD_tcl /home/builder/build/src/tcl9.0.1/generic/tclListObj.c
clang -c -I"." -I/home/builder/build/src/tcl9.0.1/unix -I/home/builder/build/src/tcl9.0.1/generic -I/home/builder/build/src/tcl9.0.1/libtommath -O2 -march=x86-64-v3 -O2 -pipe -fno-plt -fexceptions         -Wp,-D_FORTIFY_SOURCE=3 -fstack-clash-protection -fcf-protection -pipe -m64 -finput-charset=UTF-8  -Wall -Wextra -Wshadow -Wundef -Wwrite-strings -Wpointer-arith -Wc++-compat -fextended-identifiers -fPIC -fno-common -DPACKAGE_NAME=\"tcl\" -DPACKAGE_TARNAME=\"tcl\" -DPACKAGE_VERSION=\"9.0\" -DPACKAGE_STRING=\"tcl\ 9.0\" -DPACKAGE_BUGREPORT=\"\" -DPACKAGE_URL=\"\" -DHAVE_STDIO_H=1 -DHAVE_STDLIB_H=1 -DHAVE_STRING_H=1 -DHAVE_INTTYPES_H=1 -DHAVE_STDINT_H=1 -DHAVE_STRINGS_H=1 -DHAVE_SYS_STAT_H=1 -DHAVE_SYS_TYPES_H=1 -DHAVE_UNISTD_H=1 -DHAVE_SYS_TIME_H=1 -DSTDC_HEADERS=1 -DHAVE_SYS_PARAM_H=1 -DTCL_CFGVAL_ENCODING=\"utf-8\" -D_REENTRANT=1 -D_THREAD_SAFE=1 -DHAVE_PTHREAD_ATTR_SETSTACKSIZE=1 -DHAVE_PTHREAD_ATFORK=1 -DHAVE_DECL_PTHREAD_MUTEX_RECURSIVE=1 -DMODULE_SCOPE=extern\ __attribute__\(\(__visibility__\(\"hidden\"\)\)\) -DHAVE_HIDDEN=1 -DTCL_CFG_DO64BIT=1 -DHAVE_CAST_TO_UNION=1 -DHAVE_STDBOOL_H=1 -DHAVE_VFORK=1 -DHAVE_POSIX_SPAWNP=1 -DHAVE_POSIX_SPAWN_FILE_ACTIONS_ADDDUP2=1 -DHAVE_POSIX_SPAWNATTR_SETFLAGS=1 -DTCL_SHLIB_EXT=\".so\" -DNDEBUG=1 -DTCL_CFG_OPTIMIZED=1 -DMP_PREC=4 -D_LARGEFILE64_SOURCE=1 -DTCL_WIDE_INT_IS_LONG=1 -DHAVE_GETCWD=1 -DHAVE_MKSTEMP=1 -DHAVE_WAITPID=1 -DHAVE_GETNAMEINFO=1 -DHAVE_GETADDRINFO=1 -DHAVE_FREEADDRINFO=1 -DHAVE_GAI_STRERROR=1 -DHAVE_STRUCT_ADDRINFO=1 -DHAVE_STRUCT_IN6_ADDR=1 -DHAVE_STRUCT_SOCKADDR_IN6=1 -DHAVE_STRUCT_SOCKADDR_STORAGE=1 -DHAVE_GETPWUID_R_5=1 -DHAVE_GETPWUID_R=1 -DHAVE_GETPWNAM_R_5=1 -DHAVE_GETPWNAM_R=1 -DHAVE_GETGRGID_R_5=1 -DHAVE_GETGRGID_R=1 -DHAVE_GETGRNAM_R_5=1 -DHAVE_GETGRNAM_R=1 -DHAVE_DECL_GETHOSTBYNAME_R=1 -DHAVE_GETHOSTBYNAME_R_6=1 -DHAVE_GETHOSTBYNAME_R=1 -DHAVE_DECL_GETHOSTBYADDR_R=1 -DHAVE_GETHOSTBYADDR_R_8=1 -DHAVE_GETHOSTBYADDR_R=1 -DHAVE_TERMIOS_H=1 -DHAVE_SYS_IOCTL_H=1 -DHAVE_PSELECT=1 -DHAVE_SYS_EPOLL_H=1 -DNOTIFIER_EPOLL=1 -DHAVE_SYS_EVENTFD_H=1 -DHAVE_EVENTFD=1 -DHAVE_SYS_TIME_H=1 -DHAVE_GMTIME_R=1 -DHAVE_LOCALTIME_R=1 -DHAVE_TM_GMTOFF=1 -DHAVE_TIMEZONE_VAR=1 -DHAVE_STRUCT_STAT_ST_BLOCKS=1 -DHAVE_STRUCT_STAT_ST_BLKSIZE=1 -DHAVE_STRUCT_STAT_ST_RDEV=1 -DHAVE_BLKCNT_T=1 -DHAVE_INTPTR_T=1 -DHAVE_UINTPTR_T=1 -DNO_UNION_WAIT=1 -DHAVE_SIGNED_CHAR=1 -DHAVE_LANGINFO=1 -DHAVE_CFMAKERAW=1 -DHAVE_MKSTEMPS=1 -DHAVE_FTS=1 -DHAVE_SYS_IOCTL_H=1 -DTCL_UNLOAD_DLLS=1 -DHAVE_CPUID=1 -DZIPFS_BUILD=1    -DMP_FIXED_CUTOFFS -DBUILD_tcl /home/builder/build/src/tcl9.0.1/generic/tclLiteral.c
clang -c -I"." -I/home/builder/build/src/tcl9.0.1/unix -I/home/builder/build/src/tcl9.0.1/generic -I/home/builder/build/src/tcl9.0.1/libtommath -O2 -march=x86-64-v3 -O2 -pipe -fno-plt -fexceptions         -Wp,-D_FORTIFY_SOURCE=3 -fstack-clash-protection -fcf-protection -pipe -m64 -finput-charset=UTF-8  -Wall -Wextra -Wshadow -Wundef -Wwrite-strings -Wpointer-arith -Wc++-compat -fextended-identifiers -fPIC -fno-common -DPACKAGE_NAME=\"tcl\" -DPACKAGE_TARNAME=\"tcl\" -DPACKAGE_VERSION=\"9.0\" -DPACKAGE_STRING=\"tcl\ 9.0\" -DPACKAGE_BUGREPORT=\"\" -DPACKAGE_URL=\"\" -DHAVE_STDIO_H=1 -DHAVE_STDLIB_H=1 -DHAVE_STRING_H=1 -DHAVE_INTTYPES_H=1 -DHAVE_STDINT_H=1 -DHAVE_STRINGS_H=1 -DHAVE_SYS_STAT_H=1 -DHAVE_SYS_TYPES_H=1 -DHAVE_UNISTD_H=1 -DHAVE_SYS_TIME_H=1 -DSTDC_HEADERS=1 -DHAVE_SYS_PARAM_H=1 -DTCL_CFGVAL_ENCODING=\"utf-8\" -D_REENTRANT=1 -D_THREAD_SAFE=1 -DHAVE_PTHREAD_ATTR_SETSTACKSIZE=1 -DHAVE_PTHREAD_ATFORK=1 -DHAVE_DECL_PTHREAD_MUTEX_RECURSIVE=1 -DMODULE_SCOPE=extern\ __attribute__\(\(__visibility__\(\"hidden\"\)\)\) -DHAVE_HIDDEN=1 -DTCL_CFG_DO64BIT=1 -DHAVE_CAST_TO_UNION=1 -DHAVE_STDBOOL_H=1 -DHAVE_VFORK=1 -DHAVE_POSIX_SPAWNP=1 -DHAVE_POSIX_SPAWN_FILE_ACTIONS_ADDDUP2=1 -DHAVE_POSIX_SPAWNATTR_SETFLAGS=1 -DTCL_SHLIB_EXT=\".so\" -DNDEBUG=1 -DTCL_CFG_OPTIMIZED=1 -DMP_PREC=4 -D_LARGEFILE64_SOURCE=1 -DTCL_WIDE_INT_IS_LONG=1 -DHAVE_GETCWD=1 -DHAVE_MKSTEMP=1 -DHAVE_WAITPID=1 -DHAVE_GETNAMEINFO=1 -DHAVE_GETADDRINFO=1 -DHAVE_FREEADDRINFO=1 -DHAVE_GAI_STRERROR=1 -DHAVE_STRUCT_ADDRINFO=1 -DHAVE_STRUCT_IN6_ADDR=1 -DHAVE_STRUCT_SOCKADDR_IN6=1 -DHAVE_STRUCT_SOCKADDR_STORAGE=1 -DHAVE_GETPWUID_R_5=1 -DHAVE_GETPWUID_R=1 -DHAVE_GETPWNAM_R_5=1 -DHAVE_GETPWNAM_R=1 -DHAVE_GETGRGID_R_5=1 -DHAVE_GETGRGID_R=1 -DHAVE_GETGRNAM_R_5=1 -DHAVE_GETGRNAM_R=1 -DHAVE_DECL_GETHOSTBYNAME_R=1 -DHAVE_GETHOSTBYNAME_R_6=1 -DHAVE_GETHOSTBYNAME_R=1 -DHAVE_DECL_GETHOSTBYADDR_R=1 -DHAVE_GETHOSTBYADDR_R_8=1 -DHAVE_GETHOSTBYADDR_R=1 -DHAVE_TERMIOS_H=1 -DHAVE_SYS_IOCTL_H=1 -DHAVE_PSELECT=1 -DHAVE_SYS_EPOLL_H=1 -DNOTIFIER_EPOLL=1 -DHAVE_SYS_EVENTFD_H=1 -DHAVE_EVENTFD=1 -DHAVE_SYS_TIME_H=1 -DHAVE_GMTIME_R=1 -DHAVE_LOCALTIME_R=1 -DHAVE_TM_GMTOFF=1 -DHAVE_TIMEZONE_VAR=1 -DHAVE_STRUCT_STAT_ST_BLOCKS=1 -DHAVE_STRUCT_STAT_ST_BLKSIZE=1 -DHAVE_STRUCT_STAT_ST_RDEV=1 -DHAVE_BLKCNT_T=1 -DHAVE_INTPTR_T=1 -DHAVE_UINTPTR_T=1 -DNO_UNION_WAIT=1 -DHAVE_SIGNED_CHAR=1 -DHAVE_LANGINFO=1 -DHAVE_CFMAKERAW=1 -DHAVE_MKSTEMPS=1 -DHAVE_FTS=1 -DHAVE_SYS_IOCTL_H=1 -DTCL_UNLOAD_DLLS=1 -DHAVE_CPUID=1 -DZIPFS_BUILD=1    -DMP_FIXED_CUTOFFS -DBUILD_tcl /home/builder/build/src/tcl9.0.1/generic/tclLoad.c
clang -c -I"." -I/home/builder/build/src/tcl9.0.1/unix -I/home/builder/build/src/tcl9.0.1/generic -I/home/builder/build/src/tcl9.0.1/libtommath -O2 -march=x86-64-v3 -O2 -pipe -fno-plt -fexceptions         -Wp,-D_FORTIFY_SOURCE=3 -fstack-clash-protection -fcf-protection -pipe -m64 -finput-charset=UTF-8  -Wall -Wextra -Wshadow -Wundef -Wwrite-strings -Wpointer-arith -Wc++-compat -fextended-identifiers -fPIC -fno-common -DPACKAGE_NAME=\"tcl\" -DPACKAGE_TARNAME=\"tcl\" -DPACKAGE_VERSION=\"9.0\" -DPACKAGE_STRING=\"tcl\ 9.0\" -DPACKAGE_BUGREPORT=\"\" -DPACKAGE_URL=\"\" -DHAVE_STDIO_H=1 -DHAVE_STDLIB_H=1 -DHAVE_STRING_H=1 -DHAVE_INTTYPES_H=1 -DHAVE_STDINT_H=1 -DHAVE_STRINGS_H=1 -DHAVE_SYS_STAT_H=1 -DHAVE_SYS_TYPES_H=1 -DHAVE_UNISTD_H=1 -DHAVE_SYS_TIME_H=1 -DSTDC_HEADERS=1 -DHAVE_SYS_PARAM_H=1 -DTCL_CFGVAL_ENCODING=\"utf-8\" -D_REENTRANT=1 -D_THREAD_SAFE=1 -DHAVE_PTHREAD_ATTR_SETSTACKSIZE=1 -DHAVE_PTHREAD_ATFORK=1 -DHAVE_DECL_PTHREAD_MUTEX_RECURSIVE=1 -DMODULE_SCOPE=extern\ __attribute__\(\(__visibility__\(\"hidden\"\)\)\) -DHAVE_HIDDEN=1 -DTCL_CFG_DO64BIT=1 -DHAVE_CAST_TO_UNION=1 -DHAVE_STDBOOL_H=1 -DHAVE_VFORK=1 -DHAVE_POSIX_SPAWNP=1 -DHAVE_POSIX_SPAWN_FILE_ACTIONS_ADDDUP2=1 -DHAVE_POSIX_SPAWNATTR_SETFLAGS=1 -DTCL_SHLIB_EXT=\".so\" -DNDEBUG=1 -DTCL_CFG_OPTIMIZED=1 -DMP_PREC=4 -D_LARGEFILE64_SOURCE=1 -DTCL_WIDE_INT_IS_LONG=1 -DHAVE_GETCWD=1 -DHAVE_MKSTEMP=1 -DHAVE_WAITPID=1 -DHAVE_GETNAMEINFO=1 -DHAVE_GETADDRINFO=1 -DHAVE_FREEADDRINFO=1 -DHAVE_GAI_STRERROR=1 -DHAVE_STRUCT_ADDRINFO=1 -DHAVE_STRUCT_IN6_ADDR=1 -DHAVE_STRUCT_SOCKADDR_IN6=1 -DHAVE_STRUCT_SOCKADDR_STORAGE=1 -DHAVE_GETPWUID_R_5=1 -DHAVE_GETPWUID_R=1 -DHAVE_GETPWNAM_R_5=1 -DHAVE_GETPWNAM_R=1 -DHAVE_GETGRGID_R_5=1 -DHAVE_GETGRGID_R=1 -DHAVE_GETGRNAM_R_5=1 -DHAVE_GETGRNAM_R=1 -DHAVE_DECL_GETHOSTBYNAME_R=1 -DHAVE_GETHOSTBYNAME_R_6=1 -DHAVE_GETHOSTBYNAME_R=1 -DHAVE_DECL_GETHOSTBYADDR_R=1 -DHAVE_GETHOSTBYADDR_R_8=1 -DHAVE_GETHOSTBYADDR_R=1 -DHAVE_TERMIOS_H=1 -DHAVE_SYS_IOCTL_H=1 -DHAVE_PSELECT=1 -DHAVE_SYS_EPOLL_H=1 -DNOTIFIER_EPOLL=1 -DHAVE_SYS_EVENTFD_H=1 -DHAVE_EVENTFD=1 -DHAVE_SYS_TIME_H=1 -DHAVE_GMTIME_R=1 -DHAVE_LOCALTIME_R=1 -DHAVE_TM_GMTOFF=1 -DHAVE_TIMEZONE_VAR=1 -DHAVE_STRUCT_STAT_ST_BLOCKS=1 -DHAVE_STRUCT_STAT_ST_BLKSIZE=1 -DHAVE_STRUCT_STAT_ST_RDEV=1 -DHAVE_BLKCNT_T=1 -DHAVE_INTPTR_T=1 -DHAVE_UINTPTR_T=1 -DNO_UNION_WAIT=1 -DHAVE_SIGNED_CHAR=1 -DHAVE_LANGINFO=1 -DHAVE_CFMAKERAW=1 -DHAVE_MKSTEMPS=1 -DHAVE_FTS=1 -DHAVE_SYS_IOCTL_H=1 -DTCL_UNLOAD_DLLS=1 -DHAVE_CPUID=1 -DZIPFS_BUILD=1    -DMP_FIXED_CUTOFFS -DBUILD_tcl /home/builder/build/src/tcl9.0.1/generic/tclMain.c
clang -c -I"." -I/home/builder/build/src/tcl9.0.1/unix -I/home/builder/build/src/tcl9.0.1/generic -I/home/builder/build/src/tcl9.0.1/libtommath -O2 -march=x86-64-v3 -O2 -pipe -fno-plt -fexceptions         -Wp,-D_FORTIFY_SOURCE=3 -fstack-clash-protection -fcf-protection -pipe -m64 -finput-charset=UTF-8  -Wall -Wextra -Wshadow -Wundef -Wwrite-strings -Wpointer-arith -Wc++-compat -fextended-identifiers -fPIC -fno-common -DPACKAGE_NAME=\"tcl\" -DPACKAGE_TARNAME=\"tcl\" -DPACKAGE_VERSION=\"9.0\" -DPACKAGE_STRING=\"tcl\ 9.0\" -DPACKAGE_BUGREPORT=\"\" -DPACKAGE_URL=\"\" -DHAVE_STDIO_H=1 -DHAVE_STDLIB_H=1 -DHAVE_STRING_H=1 -DHAVE_INTTYPES_H=1 -DHAVE_STDINT_H=1 -DHAVE_STRINGS_H=1 -DHAVE_SYS_STAT_H=1 -DHAVE_SYS_TYPES_H=1 -DHAVE_UNISTD_H=1 -DHAVE_SYS_TIME_H=1 -DSTDC_HEADERS=1 -DHAVE_SYS_PARAM_H=1 -DTCL_CFGVAL_ENCODING=\"utf-8\" -D_REENTRANT=1 -D_THREAD_SAFE=1 -DHAVE_PTHREAD_ATTR_SETSTACKSIZE=1 -DHAVE_PTHREAD_ATFORK=1 -DHAVE_DECL_PTHREAD_MUTEX_RECURSIVE=1 -DMODULE_SCOPE=extern\ __attribute__\(\(__visibility__\(\"hidden\"\)\)\) -DHAVE_HIDDEN=1 -DTCL_CFG_DO64BIT=1 -DHAVE_CAST_TO_UNION=1 -DHAVE_STDBOOL_H=1 -DHAVE_VFORK=1 -DHAVE_POSIX_SPAWNP=1 -DHAVE_POSIX_SPAWN_FILE_ACTIONS_ADDDUP2=1 -DHAVE_POSIX_SPAWNATTR_SETFLAGS=1 -DTCL_SHLIB_EXT=\".so\" -DNDEBUG=1 -DTCL_CFG_OPTIMIZED=1 -DMP_PREC=4 -D_LARGEFILE64_SOURCE=1 -DTCL_WIDE_INT_IS_LONG=1 -DHAVE_GETCWD=1 -DHAVE_MKSTEMP=1 -DHAVE_WAITPID=1 -DHAVE_GETNAMEINFO=1 -DHAVE_GETADDRINFO=1 -DHAVE_FREEADDRINFO=1 -DHAVE_GAI_STRERROR=1 -DHAVE_STRUCT_ADDRINFO=1 -DHAVE_STRUCT_IN6_ADDR=1 -DHAVE_STRUCT_SOCKADDR_IN6=1 -DHAVE_STRUCT_SOCKADDR_STORAGE=1 -DHAVE_GETPWUID_R_5=1 -DHAVE_GETPWUID_R=1 -DHAVE_GETPWNAM_R_5=1 -DHAVE_GETPWNAM_R=1 -DHAVE_GETGRGID_R_5=1 -DHAVE_GETGRGID_R=1 -DHAVE_GETGRNAM_R_5=1 -DHAVE_GETGRNAM_R=1 -DHAVE_DECL_GETHOSTBYNAME_R=1 -DHAVE_GETHOSTBYNAME_R_6=1 -DHAVE_GETHOSTBYNAME_R=1 -DHAVE_DECL_GETHOSTBYADDR_R=1 -DHAVE_GETHOSTBYADDR_R_8=1 -DHAVE_GETHOSTBYADDR_R=1 -DHAVE_TERMIOS_H=1 -DHAVE_SYS_IOCTL_H=1 -DHAVE_PSELECT=1 -DHAVE_SYS_EPOLL_H=1 -DNOTIFIER_EPOLL=1 -DHAVE_SYS_EVENTFD_H=1 -DHAVE_EVENTFD=1 -DHAVE_SYS_TIME_H=1 -DHAVE_GMTIME_R=1 -DHAVE_LOCALTIME_R=1 -DHAVE_TM_GMTOFF=1 -DHAVE_TIMEZONE_VAR=1 -DHAVE_STRUCT_STAT_ST_BLOCKS=1 -DHAVE_STRUCT_STAT_ST_BLKSIZE=1 -DHAVE_STRUCT_STAT_ST_RDEV=1 -DHAVE_BLKCNT_T=1 -DHAVE_INTPTR_T=1 -DHAVE_UINTPTR_T=1 -DNO_UNION_WAIT=1 -DHAVE_SIGNED_CHAR=1 -DHAVE_LANGINFO=1 -DHAVE_CFMAKERAW=1 -DHAVE_MKSTEMPS=1 -DHAVE_FTS=1 -DHAVE_SYS_IOCTL_H=1 -DTCL_UNLOAD_DLLS=1 -DHAVE_CPUID=1 -DZIPFS_BUILD=1    -DMP_FIXED_CUTOFFS -DBUILD_tcl /home/builder/build/src/tcl9.0.1/generic/tclNamesp.c
clang -c -I"." -I/home/builder/build/src/tcl9.0.1/unix -I/home/builder/build/src/tcl9.0.1/generic -I/home/builder/build/src/tcl9.0.1/libtommath -O2 -march=x86-64-v3 -O2 -pipe -fno-plt -fexceptions         -Wp,-D_FORTIFY_SOURCE=3 -fstack-clash-protection -fcf-protection -pipe -m64 -finput-charset=UTF-8  -Wall -Wextra -Wshadow -Wundef -Wwrite-strings -Wpointer-arith -Wc++-compat -fextended-identifiers -fPIC -fno-common -DPACKAGE_NAME=\"tcl\" -DPACKAGE_TARNAME=\"tcl\" -DPACKAGE_VERSION=\"9.0\" -DPACKAGE_STRING=\"tcl\ 9.0\" -DPACKAGE_BUGREPORT=\"\" -DPACKAGE_URL=\"\" -DHAVE_STDIO_H=1 -DHAVE_STDLIB_H=1 -DHAVE_STRING_H=1 -DHAVE_INTTYPES_H=1 -DHAVE_STDINT_H=1 -DHAVE_STRINGS_H=1 -DHAVE_SYS_STAT_H=1 -DHAVE_SYS_TYPES_H=1 -DHAVE_UNISTD_H=1 -DHAVE_SYS_TIME_H=1 -DSTDC_HEADERS=1 -DHAVE_SYS_PARAM_H=1 -DTCL_CFGVAL_ENCODING=\"utf-8\" -D_REENTRANT=1 -D_THREAD_SAFE=1 -DHAVE_PTHREAD_ATTR_SETSTACKSIZE=1 -DHAVE_PTHREAD_ATFORK=1 -DHAVE_DECL_PTHREAD_MUTEX_RECURSIVE=1 -DMODULE_SCOPE=extern\ __attribute__\(\(__visibility__\(\"hidden\"\)\)\) -DHAVE_HIDDEN=1 -DTCL_CFG_DO64BIT=1 -DHAVE_CAST_TO_UNION=1 -DHAVE_STDBOOL_H=1 -DHAVE_VFORK=1 -DHAVE_POSIX_SPAWNP=1 -DHAVE_POSIX_SPAWN_FILE_ACTIONS_ADDDUP2=1 -DHAVE_POSIX_SPAWNATTR_SETFLAGS=1 -DTCL_SHLIB_EXT=\".so\" -DNDEBUG=1 -DTCL_CFG_OPTIMIZED=1 -DMP_PREC=4 -D_LARGEFILE64_SOURCE=1 -DTCL_WIDE_INT_IS_LONG=1 -DHAVE_GETCWD=1 -DHAVE_MKSTEMP=1 -DHAVE_WAITPID=1 -DHAVE_GETNAMEINFO=1 -DHAVE_GETADDRINFO=1 -DHAVE_FREEADDRINFO=1 -DHAVE_GAI_STRERROR=1 -DHAVE_STRUCT_ADDRINFO=1 -DHAVE_STRUCT_IN6_ADDR=1 -DHAVE_STRUCT_SOCKADDR_IN6=1 -DHAVE_STRUCT_SOCKADDR_STORAGE=1 -DHAVE_GETPWUID_R_5=1 -DHAVE_GETPWUID_R=1 -DHAVE_GETPWNAM_R_5=1 -DHAVE_GETPWNAM_R=1 -DHAVE_GETGRGID_R_5=1 -DHAVE_GETGRGID_R=1 -DHAVE_GETGRNAM_R_5=1 -DHAVE_GETGRNAM_R=1 -DHAVE_DECL_GETHOSTBYNAME_R=1 -DHAVE_GETHOSTBYNAME_R_6=1 -DHAVE_GETHOSTBYNAME_R=1 -DHAVE_DECL_GETHOSTBYADDR_R=1 -DHAVE_GETHOSTBYADDR_R_8=1 -DHAVE_GETHOSTBYADDR_R=1 -DHAVE_TERMIOS_H=1 -DHAVE_SYS_IOCTL_H=1 -DHAVE_PSELECT=1 -DHAVE_SYS_EPOLL_H=1 -DNOTIFIER_EPOLL=1 -DHAVE_SYS_EVENTFD_H=1 -DHAVE_EVENTFD=1 -DHAVE_SYS_TIME_H=1 -DHAVE_GMTIME_R=1 -DHAVE_LOCALTIME_R=1 -DHAVE_TM_GMTOFF=1 -DHAVE_TIMEZONE_VAR=1 -DHAVE_STRUCT_STAT_ST_BLOCKS=1 -DHAVE_STRUCT_STAT_ST_BLKSIZE=1 -DHAVE_STRUCT_STAT_ST_RDEV=1 -DHAVE_BLKCNT_T=1 -DHAVE_INTPTR_T=1 -DHAVE_UINTPTR_T=1 -DNO_UNION_WAIT=1 -DHAVE_SIGNED_CHAR=1 -DHAVE_LANGINFO=1 -DHAVE_CFMAKERAW=1 -DHAVE_MKSTEMPS=1 -DHAVE_FTS=1 -DHAVE_SYS_IOCTL_H=1 -DTCL_UNLOAD_DLLS=1 -DHAVE_CPUID=1 -DZIPFS_BUILD=1    -DMP_FIXED_CUTOFFS -DBUILD_tcl /home/builder/build/src/tcl9.0.1/generic/tclNotify.c
clang -c -I"." -I/home/builder/build/src/tcl9.0.1/unix -I/home/builder/build/src/tcl9.0.1/generic -I/home/builder/build/src/tcl9.0.1/libtommath -O2 -march=x86-64-v3 -O2 -pipe -fno-plt -fexceptions         -Wp,-D_FORTIFY_SOURCE=3 -fstack-clash-protection -fcf-protection -pipe -m64 -finput-charset=UTF-8  -Wall -Wextra -Wshadow -Wundef -Wwrite-strings -Wpointer-arith -Wc++-compat -fextended-identifiers -fPIC -fno-common -DPACKAGE_NAME=\"tcl\" -DPACKAGE_TARNAME=\"tcl\" -DPACKAGE_VERSION=\"9.0\" -DPACKAGE_STRING=\"tcl\ 9.0\" -DPACKAGE_BUGREPORT=\"\" -DPACKAGE_URL=\"\" -DHAVE_STDIO_H=1 -DHAVE_STDLIB_H=1 -DHAVE_STRING_H=1 -DHAVE_INTTYPES_H=1 -DHAVE_STDINT_H=1 -DHAVE_STRINGS_H=1 -DHAVE_SYS_STAT_H=1 -DHAVE_SYS_TYPES_H=1 -DHAVE_UNISTD_H=1 -DHAVE_SYS_TIME_H=1 -DSTDC_HEADERS=1 -DHAVE_SYS_PARAM_H=1 -DTCL_CFGVAL_ENCODING=\"utf-8\" -D_REENTRANT=1 -D_THREAD_SAFE=1 -DHAVE_PTHREAD_ATTR_SETSTACKSIZE=1 -DHAVE_PTHREAD_ATFORK=1 -DHAVE_DECL_PTHREAD_MUTEX_RECURSIVE=1 -DMODULE_SCOPE=extern\ __attribute__\(\(__visibility__\(\"hidden\"\)\)\) -DHAVE_HIDDEN=1 -DTCL_CFG_DO64BIT=1 -DHAVE_CAST_TO_UNION=1 -DHAVE_STDBOOL_H=1 -DHAVE_VFORK=1 -DHAVE_POSIX_SPAWNP=1 -DHAVE_POSIX_SPAWN_FILE_ACTIONS_ADDDUP2=1 -DHAVE_POSIX_SPAWNATTR_SETFLAGS=1 -DTCL_SHLIB_EXT=\".so\" -DNDEBUG=1 -DTCL_CFG_OPTIMIZED=1 -DMP_PREC=4 -D_LARGEFILE64_SOURCE=1 -DTCL_WIDE_INT_IS_LONG=1 -DHAVE_GETCWD=1 -DHAVE_MKSTEMP=1 -DHAVE_WAITPID=1 -DHAVE_GETNAMEINFO=1 -DHAVE_GETADDRINFO=1 -DHAVE_FREEADDRINFO=1 -DHAVE_GAI_STRERROR=1 -DHAVE_STRUCT_ADDRINFO=1 -DHAVE_STRUCT_IN6_ADDR=1 -DHAVE_STRUCT_SOCKADDR_IN6=1 -DHAVE_STRUCT_SOCKADDR_STORAGE=1 -DHAVE_GETPWUID_R_5=1 -DHAVE_GETPWUID_R=1 -DHAVE_GETPWNAM_R_5=1 -DHAVE_GETPWNAM_R=1 -DHAVE_GETGRGID_R_5=1 -DHAVE_GETGRGID_R=1 -DHAVE_GETGRNAM_R_5=1 -DHAVE_GETGRNAM_R=1 -DHAVE_DECL_GETHOSTBYNAME_R=1 -DHAVE_GETHOSTBYNAME_R_6=1 -DHAVE_GETHOSTBYNAME_R=1 -DHAVE_DECL_GETHOSTBYADDR_R=1 -DHAVE_GETHOSTBYADDR_R_8=1 -DHAVE_GETHOSTBYADDR_R=1 -DHAVE_TERMIOS_H=1 -DHAVE_SYS_IOCTL_H=1 -DHAVE_PSELECT=1 -DHAVE_SYS_EPOLL_H=1 -DNOTIFIER_EPOLL=1 -DHAVE_SYS_EVENTFD_H=1 -DHAVE_EVENTFD=1 -DHAVE_SYS_TIME_H=1 -DHAVE_GMTIME_R=1 -DHAVE_LOCALTIME_R=1 -DHAVE_TM_GMTOFF=1 -DHAVE_TIMEZONE_VAR=1 -DHAVE_STRUCT_STAT_ST_BLOCKS=1 -DHAVE_STRUCT_STAT_ST_BLKSIZE=1 -DHAVE_STRUCT_STAT_ST_RDEV=1 -DHAVE_BLKCNT_T=1 -DHAVE_INTPTR_T=1 -DHAVE_UINTPTR_T=1 -DNO_UNION_WAIT=1 -DHAVE_SIGNED_CHAR=1 -DHAVE_LANGINFO=1 -DHAVE_CFMAKERAW=1 -DHAVE_MKSTEMPS=1 -DHAVE_FTS=1 -DHAVE_SYS_IOCTL_H=1 -DTCL_UNLOAD_DLLS=1 -DHAVE_CPUID=1 -DZIPFS_BUILD=1    -DMP_FIXED_CUTOFFS -DBUILD_tcl /home/builder/build/src/tcl9.0.1/generic/tclObj.c
clang -c -I"." -I/home/builder/build/src/tcl9.0.1/unix -I/home/builder/build/src/tcl9.0.1/generic -I/home/builder/build/src/tcl9.0.1/libtommath -O2 -march=x86-64-v3 -O2 -pipe -fno-plt -fexceptions         -Wp,-D_FORTIFY_SOURCE=3 -fstack-clash-protection -fcf-protection -pipe -m64 -finput-charset=UTF-8  -Wall -Wextra -Wshadow -Wundef -Wwrite-strings -Wpointer-arith -Wc++-compat -fextended-identifiers -fPIC -fno-common -DPACKAGE_NAME=\"tcl\" -DPACKAGE_TARNAME=\"tcl\" -DPACKAGE_VERSION=\"9.0\" -DPACKAGE_STRING=\"tcl\ 9.0\" -DPACKAGE_BUGREPORT=\"\" -DPACKAGE_URL=\"\" -DHAVE_STDIO_H=1 -DHAVE_STDLIB_H=1 -DHAVE_STRING_H=1 -DHAVE_INTTYPES_H=1 -DHAVE_STDINT_H=1 -DHAVE_STRINGS_H=1 -DHAVE_SYS_STAT_H=1 -DHAVE_SYS_TYPES_H=1 -DHAVE_UNISTD_H=1 -DHAVE_SYS_TIME_H=1 -DSTDC_HEADERS=1 -DHAVE_SYS_PARAM_H=1 -DTCL_CFGVAL_ENCODING=\"utf-8\" -D_REENTRANT=1 -D_THREAD_SAFE=1 -DHAVE_PTHREAD_ATTR_SETSTACKSIZE=1 -DHAVE_PTHREAD_ATFORK=1 -DHAVE_DECL_PTHREAD_MUTEX_RECURSIVE=1 -DMODULE_SCOPE=extern\ __attribute__\(\(__visibility__\(\"hidden\"\)\)\) -DHAVE_HIDDEN=1 -DTCL_CFG_DO64BIT=1 -DHAVE_CAST_TO_UNION=1 -DHAVE_STDBOOL_H=1 -DHAVE_VFORK=1 -DHAVE_POSIX_SPAWNP=1 -DHAVE_POSIX_SPAWN_FILE_ACTIONS_ADDDUP2=1 -DHAVE_POSIX_SPAWNATTR_SETFLAGS=1 -DTCL_SHLIB_EXT=\".so\" -DNDEBUG=1 -DTCL_CFG_OPTIMIZED=1 -DMP_PREC=4 -D_LARGEFILE64_SOURCE=1 -DTCL_WIDE_INT_IS_LONG=1 -DHAVE_GETCWD=1 -DHAVE_MKSTEMP=1 -DHAVE_WAITPID=1 -DHAVE_GETNAMEINFO=1 -DHAVE_GETADDRINFO=1 -DHAVE_FREEADDRINFO=1 -DHAVE_GAI_STRERROR=1 -DHAVE_STRUCT_ADDRINFO=1 -DHAVE_STRUCT_IN6_ADDR=1 -DHAVE_STRUCT_SOCKADDR_IN6=1 -DHAVE_STRUCT_SOCKADDR_STORAGE=1 -DHAVE_GETPWUID_R_5=1 -DHAVE_GETPWUID_R=1 -DHAVE_GETPWNAM_R_5=1 -DHAVE_GETPWNAM_R=1 -DHAVE_GETGRGID_R_5=1 -DHAVE_GETGRGID_R=1 -DHAVE_GETGRNAM_R_5=1 -DHAVE_GETGRNAM_R=1 -DHAVE_DECL_GETHOSTBYNAME_R=1 -DHAVE_GETHOSTBYNAME_R_6=1 -DHAVE_GETHOSTBYNAME_R=1 -DHAVE_DECL_GETHOSTBYADDR_R=1 -DHAVE_GETHOSTBYADDR_R_8=1 -DHAVE_GETHOSTBYADDR_R=1 -DHAVE_TERMIOS_H=1 -DHAVE_SYS_IOCTL_H=1 -DHAVE_PSELECT=1 -DHAVE_SYS_EPOLL_H=1 -DNOTIFIER_EPOLL=1 -DHAVE_SYS_EVENTFD_H=1 -DHAVE_EVENTFD=1 -DHAVE_SYS_TIME_H=1 -DHAVE_GMTIME_R=1 -DHAVE_LOCALTIME_R=1 -DHAVE_TM_GMTOFF=1 -DHAVE_TIMEZONE_VAR=1 -DHAVE_STRUCT_STAT_ST_BLOCKS=1 -DHAVE_STRUCT_STAT_ST_BLKSIZE=1 -DHAVE_STRUCT_STAT_ST_RDEV=1 -DHAVE_BLKCNT_T=1 -DHAVE_INTPTR_T=1 -DHAVE_UINTPTR_T=1 -DNO_UNION_WAIT=1 -DHAVE_SIGNED_CHAR=1 -DHAVE_LANGINFO=1 -DHAVE_CFMAKERAW=1 -DHAVE_MKSTEMPS=1 -DHAVE_FTS=1 -DHAVE_SYS_IOCTL_H=1 -DTCL_UNLOAD_DLLS=1 -DHAVE_CPUID=1 -DZIPFS_BUILD=1    -DMP_FIXED_CUTOFFS -DBUILD_tcl /home/builder/build/src/tcl9.0.1/generic/tclOptimize.c
clang -c -I"." -I/home/builder/build/src/tcl9.0.1/unix -I/home/builder/build/src/tcl9.0.1/generic -I/home/builder/build/src/tcl9.0.1/libtommath -O2 -march=x86-64-v3 -O2 -pipe -fno-plt -fexceptions         -Wp,-D_FORTIFY_SOURCE=3 -fstack-clash-protection -fcf-protection -pipe -m64 -finput-charset=UTF-8  -Wall -Wextra -Wshadow -Wundef -Wwrite-strings -Wpointer-arith -Wc++-compat -fextended-identifiers -fPIC -fno-common -DPACKAGE_NAME=\"tcl\" -DPACKAGE_TARNAME=\"tcl\" -DPACKAGE_VERSION=\"9.0\" -DPACKAGE_STRING=\"tcl\ 9.0\" -DPACKAGE_BUGREPORT=\"\" -DPACKAGE_URL=\"\" -DHAVE_STDIO_H=1 -DHAVE_STDLIB_H=1 -DHAVE_STRING_H=1 -DHAVE_INTTYPES_H=1 -DHAVE_STDINT_H=1 -DHAVE_STRINGS_H=1 -DHAVE_SYS_STAT_H=1 -DHAVE_SYS_TYPES_H=1 -DHAVE_UNISTD_H=1 -DHAVE_SYS_TIME_H=1 -DSTDC_HEADERS=1 -DHAVE_SYS_PARAM_H=1 -DTCL_CFGVAL_ENCODING=\"utf-8\" -D_REENTRANT=1 -D_THREAD_SAFE=1 -DHAVE_PTHREAD_ATTR_SETSTACKSIZE=1 -DHAVE_PTHREAD_ATFORK=1 -DHAVE_DECL_PTHREAD_MUTEX_RECURSIVE=1 -DMODULE_SCOPE=extern\ __attribute__\(\(__visibility__\(\"hidden\"\)\)\) -DHAVE_HIDDEN=1 -DTCL_CFG_DO64BIT=1 -DHAVE_CAST_TO_UNION=1 -DHAVE_STDBOOL_H=1 -DHAVE_VFORK=1 -DHAVE_POSIX_SPAWNP=1 -DHAVE_POSIX_SPAWN_FILE_ACTIONS_ADDDUP2=1 -DHAVE_POSIX_SPAWNATTR_SETFLAGS=1 -DTCL_SHLIB_EXT=\".so\" -DNDEBUG=1 -DTCL_CFG_OPTIMIZED=1 -DMP_PREC=4 -D_LARGEFILE64_SOURCE=1 -DTCL_WIDE_INT_IS_LONG=1 -DHAVE_GETCWD=1 -DHAVE_MKSTEMP=1 -DHAVE_WAITPID=1 -DHAVE_GETNAMEINFO=1 -DHAVE_GETADDRINFO=1 -DHAVE_FREEADDRINFO=1 -DHAVE_GAI_STRERROR=1 -DHAVE_STRUCT_ADDRINFO=1 -DHAVE_STRUCT_IN6_ADDR=1 -DHAVE_STRUCT_SOCKADDR_IN6=1 -DHAVE_STRUCT_SOCKADDR_STORAGE=1 -DHAVE_GETPWUID_R_5=1 -DHAVE_GETPWUID_R=1 -DHAVE_GETPWNAM_R_5=1 -DHAVE_GETPWNAM_R=1 -DHAVE_GETGRGID_R_5=1 -DHAVE_GETGRGID_R=1 -DHAVE_GETGRNAM_R_5=1 -DHAVE_GETGRNAM_R=1 -DHAVE_DECL_GETHOSTBYNAME_R=1 -DHAVE_GETHOSTBYNAME_R_6=1 -DHAVE_GETHOSTBYNAME_R=1 -DHAVE_DECL_GETHOSTBYADDR_R=1 -DHAVE_GETHOSTBYADDR_R_8=1 -DHAVE_GETHOSTBYADDR_R=1 -DHAVE_TERMIOS_H=1 -DHAVE_SYS_IOCTL_H=1 -DHAVE_PSELECT=1 -DHAVE_SYS_EPOLL_H=1 -DNOTIFIER_EPOLL=1 -DHAVE_SYS_EVENTFD_H=1 -DHAVE_EVENTFD=1 -DHAVE_SYS_TIME_H=1 -DHAVE_GMTIME_R=1 -DHAVE_LOCALTIME_R=1 -DHAVE_TM_GMTOFF=1 -DHAVE_TIMEZONE_VAR=1 -DHAVE_STRUCT_STAT_ST_BLOCKS=1 -DHAVE_STRUCT_STAT_ST_BLKSIZE=1 -DHAVE_STRUCT_STAT_ST_RDEV=1 -DHAVE_BLKCNT_T=1 -DHAVE_INTPTR_T=1 -DHAVE_UINTPTR_T=1 -DNO_UNION_WAIT=1 -DHAVE_SIGNED_CHAR=1 -DHAVE_LANGINFO=1 -DHAVE_CFMAKERAW=1 -DHAVE_MKSTEMPS=1 -DHAVE_FTS=1 -DHAVE_SYS_IOCTL_H=1 -DTCL_UNLOAD_DLLS=1 -DHAVE_CPUID=1 -DZIPFS_BUILD=1    -DMP_FIXED_CUTOFFS -DBUILD_tcl /home/builder/build/src/tcl9.0.1/generic/tclPanic.c
clang -c -I"." -I/home/builder/build/src/tcl9.0.1/unix -I/home/builder/build/src/tcl9.0.1/generic -I/home/builder/build/src/tcl9.0.1/libtommath -O2 -march=x86-64-v3 -O2 -pipe -fno-plt -fexceptions         -Wp,-D_FORTIFY_SOURCE=3 -fstack-clash-protection -fcf-protection -pipe -m64 -finput-charset=UTF-8  -Wall -Wextra -Wshadow -Wundef -Wwrite-strings -Wpointer-arith -Wc++-compat -fextended-identifiers -fPIC -fno-common -DPACKAGE_NAME=\"tcl\" -DPACKAGE_TARNAME=\"tcl\" -DPACKAGE_VERSION=\"9.0\" -DPACKAGE_STRING=\"tcl\ 9.0\" -DPACKAGE_BUGREPORT=\"\" -DPACKAGE_URL=\"\" -DHAVE_STDIO_H=1 -DHAVE_STDLIB_H=1 -DHAVE_STRING_H=1 -DHAVE_INTTYPES_H=1 -DHAVE_STDINT_H=1 -DHAVE_STRINGS_H=1 -DHAVE_SYS_STAT_H=1 -DHAVE_SYS_TYPES_H=1 -DHAVE_UNISTD_H=1 -DHAVE_SYS_TIME_H=1 -DSTDC_HEADERS=1 -DHAVE_SYS_PARAM_H=1 -DTCL_CFGVAL_ENCODING=\"utf-8\" -D_REENTRANT=1 -D_THREAD_SAFE=1 -DHAVE_PTHREAD_ATTR_SETSTACKSIZE=1 -DHAVE_PTHREAD_ATFORK=1 -DHAVE_DECL_PTHREAD_MUTEX_RECURSIVE=1 -DMODULE_SCOPE=extern\ __attribute__\(\(__visibility__\(\"hidden\"\)\)\) -DHAVE_HIDDEN=1 -DTCL_CFG_DO64BIT=1 -DHAVE_CAST_TO_UNION=1 -DHAVE_STDBOOL_H=1 -DHAVE_VFORK=1 -DHAVE_POSIX_SPAWNP=1 -DHAVE_POSIX_SPAWN_FILE_ACTIONS_ADDDUP2=1 -DHAVE_POSIX_SPAWNATTR_SETFLAGS=1 -DTCL_SHLIB_EXT=\".so\" -DNDEBUG=1 -DTCL_CFG_OPTIMIZED=1 -DMP_PREC=4 -D_LARGEFILE64_SOURCE=1 -DTCL_WIDE_INT_IS_LONG=1 -DHAVE_GETCWD=1 -DHAVE_MKSTEMP=1 -DHAVE_WAITPID=1 -DHAVE_GETNAMEINFO=1 -DHAVE_GETADDRINFO=1 -DHAVE_FREEADDRINFO=1 -DHAVE_GAI_STRERROR=1 -DHAVE_STRUCT_ADDRINFO=1 -DHAVE_STRUCT_IN6_ADDR=1 -DHAVE_STRUCT_SOCKADDR_IN6=1 -DHAVE_STRUCT_SOCKADDR_STORAGE=1 -DHAVE_GETPWUID_R_5=1 -DHAVE_GETPWUID_R=1 -DHAVE_GETPWNAM_R_5=1 -DHAVE_GETPWNAM_R=1 -DHAVE_GETGRGID_R_5=1 -DHAVE_GETGRGID_R=1 -DHAVE_GETGRNAM_R_5=1 -DHAVE_GETGRNAM_R=1 -DHAVE_DECL_GETHOSTBYNAME_R=1 -DHAVE_GETHOSTBYNAME_R_6=1 -DHAVE_GETHOSTBYNAME_R=1 -DHAVE_DECL_GETHOSTBYADDR_R=1 -DHAVE_GETHOSTBYADDR_R_8=1 -DHAVE_GETHOSTBYADDR_R=1 -DHAVE_TERMIOS_H=1 -DHAVE_SYS_IOCTL_H=1 -DHAVE_PSELECT=1 -DHAVE_SYS_EPOLL_H=1 -DNOTIFIER_EPOLL=1 -DHAVE_SYS_EVENTFD_H=1 -DHAVE_EVENTFD=1 -DHAVE_SYS_TIME_H=1 -DHAVE_GMTIME_R=1 -DHAVE_LOCALTIME_R=1 -DHAVE_TM_GMTOFF=1 -DHAVE_TIMEZONE_VAR=1 -DHAVE_STRUCT_STAT_ST_BLOCKS=1 -DHAVE_STRUCT_STAT_ST_BLKSIZE=1 -DHAVE_STRUCT_STAT_ST_RDEV=1 -DHAVE_BLKCNT_T=1 -DHAVE_INTPTR_T=1 -DHAVE_UINTPTR_T=1 -DNO_UNION_WAIT=1 -DHAVE_SIGNED_CHAR=1 -DHAVE_LANGINFO=1 -DHAVE_CFMAKERAW=1 -DHAVE_MKSTEMPS=1 -DHAVE_FTS=1 -DHAVE_SYS_IOCTL_H=1 -DTCL_UNLOAD_DLLS=1 -DHAVE_CPUID=1 -DZIPFS_BUILD=1    -DMP_FIXED_CUTOFFS -DBUILD_tcl /home/builder/build/src/tcl9.0.1/generic/tclParse.c
clang -c -I"." -I/home/builder/build/src/tcl9.0.1/unix -I/home/builder/build/src/tcl9.0.1/generic -I/home/builder/build/src/tcl9.0.1/libtommath -O2 -march=x86-64-v3 -O2 -pipe -fno-plt -fexceptions         -Wp,-D_FORTIFY_SOURCE=3 -fstack-clash-protection -fcf-protection -pipe -m64 -finput-charset=UTF-8  -Wall -Wextra -Wshadow -Wundef -Wwrite-strings -Wpointer-arith -Wc++-compat -fextended-identifiers -fPIC -fno-common -DPACKAGE_NAME=\"tcl\" -DPACKAGE_TARNAME=\"tcl\" -DPACKAGE_VERSION=\"9.0\" -DPACKAGE_STRING=\"tcl\ 9.0\" -DPACKAGE_BUGREPORT=\"\" -DPACKAGE_URL=\"\" -DHAVE_STDIO_H=1 -DHAVE_STDLIB_H=1 -DHAVE_STRING_H=1 -DHAVE_INTTYPES_H=1 -DHAVE_STDINT_H=1 -DHAVE_STRINGS_H=1 -DHAVE_SYS_STAT_H=1 -DHAVE_SYS_TYPES_H=1 -DHAVE_UNISTD_H=1 -DHAVE_SYS_TIME_H=1 -DSTDC_HEADERS=1 -DHAVE_SYS_PARAM_H=1 -DTCL_CFGVAL_ENCODING=\"utf-8\" -D_REENTRANT=1 -D_THREAD_SAFE=1 -DHAVE_PTHREAD_ATTR_SETSTACKSIZE=1 -DHAVE_PTHREAD_ATFORK=1 -DHAVE_DECL_PTHREAD_MUTEX_RECURSIVE=1 -DMODULE_SCOPE=extern\ __attribute__\(\(__visibility__\(\"hidden\"\)\)\) -DHAVE_HIDDEN=1 -DTCL_CFG_DO64BIT=1 -DHAVE_CAST_TO_UNION=1 -DHAVE_STDBOOL_H=1 -DHAVE_VFORK=1 -DHAVE_POSIX_SPAWNP=1 -DHAVE_POSIX_SPAWN_FILE_ACTIONS_ADDDUP2=1 -DHAVE_POSIX_SPAWNATTR_SETFLAGS=1 -DTCL_SHLIB_EXT=\".so\" -DNDEBUG=1 -DTCL_CFG_OPTIMIZED=1 -DMP_PREC=4 -D_LARGEFILE64_SOURCE=1 -DTCL_WIDE_INT_IS_LONG=1 -DHAVE_GETCWD=1 -DHAVE_MKSTEMP=1 -DHAVE_WAITPID=1 -DHAVE_GETNAMEINFO=1 -DHAVE_GETADDRINFO=1 -DHAVE_FREEADDRINFO=1 -DHAVE_GAI_STRERROR=1 -DHAVE_STRUCT_ADDRINFO=1 -DHAVE_STRUCT_IN6_ADDR=1 -DHAVE_STRUCT_SOCKADDR_IN6=1 -DHAVE_STRUCT_SOCKADDR_STORAGE=1 -DHAVE_GETPWUID_R_5=1 -DHAVE_GETPWUID_R=1 -DHAVE_GETPWNAM_R_5=1 -DHAVE_GETPWNAM_R=1 -DHAVE_GETGRGID_R_5=1 -DHAVE_GETGRGID_R=1 -DHAVE_GETGRNAM_R_5=1 -DHAVE_GETGRNAM_R=1 -DHAVE_DECL_GETHOSTBYNAME_R=1 -DHAVE_GETHOSTBYNAME_R_6=1 -DHAVE_GETHOSTBYNAME_R=1 -DHAVE_DECL_GETHOSTBYADDR_R=1 -DHAVE_GETHOSTBYADDR_R_8=1 -DHAVE_GETHOSTBYADDR_R=1 -DHAVE_TERMIOS_H=1 -DHAVE_SYS_IOCTL_H=1 -DHAVE_PSELECT=1 -DHAVE_SYS_EPOLL_H=1 -DNOTIFIER_EPOLL=1 -DHAVE_SYS_EVENTFD_H=1 -DHAVE_EVENTFD=1 -DHAVE_SYS_TIME_H=1 -DHAVE_GMTIME_R=1 -DHAVE_LOCALTIME_R=1 -DHAVE_TM_GMTOFF=1 -DHAVE_TIMEZONE_VAR=1 -DHAVE_STRUCT_STAT_ST_BLOCKS=1 -DHAVE_STRUCT_STAT_ST_BLKSIZE=1 -DHAVE_STRUCT_STAT_ST_RDEV=1 -DHAVE_BLKCNT_T=1 -DHAVE_INTPTR_T=1 -DHAVE_UINTPTR_T=1 -DNO_UNION_WAIT=1 -DHAVE_SIGNED_CHAR=1 -DHAVE_LANGINFO=1 -DHAVE_CFMAKERAW=1 -DHAVE_MKSTEMPS=1 -DHAVE_FTS=1 -DHAVE_SYS_IOCTL_H=1 -DTCL_UNLOAD_DLLS=1 -DHAVE_CPUID=1 -DZIPFS_BUILD=1    -DMP_FIXED_CUTOFFS -DBUILD_tcl /home/builder/build/src/tcl9.0.1/generic/tclPathObj.c
clang -c -I"." -I/home/builder/build/src/tcl9.0.1/unix -I/home/builder/build/src/tcl9.0.1/generic -I/home/builder/build/src/tcl9.0.1/libtommath -O2 -march=x86-64-v3 -O2 -pipe -fno-plt -fexceptions         -Wp,-D_FORTIFY_SOURCE=3 -fstack-clash-protection -fcf-protection -pipe -m64 -finput-charset=UTF-8  -Wall -Wextra -Wshadow -Wundef -Wwrite-strings -Wpointer-arith -Wc++-compat -fextended-identifiers -fPIC -fno-common -DPACKAGE_NAME=\"tcl\" -DPACKAGE_TARNAME=\"tcl\" -DPACKAGE_VERSION=\"9.0\" -DPACKAGE_STRING=\"tcl\ 9.0\" -DPACKAGE_BUGREPORT=\"\" -DPACKAGE_URL=\"\" -DHAVE_STDIO_H=1 -DHAVE_STDLIB_H=1 -DHAVE_STRING_H=1 -DHAVE_INTTYPES_H=1 -DHAVE_STDINT_H=1 -DHAVE_STRINGS_H=1 -DHAVE_SYS_STAT_H=1 -DHAVE_SYS_TYPES_H=1 -DHAVE_UNISTD_H=1 -DHAVE_SYS_TIME_H=1 -DSTDC_HEADERS=1 -DHAVE_SYS_PARAM_H=1 -DTCL_CFGVAL_ENCODING=\"utf-8\" -D_REENTRANT=1 -D_THREAD_SAFE=1 -DHAVE_PTHREAD_ATTR_SETSTACKSIZE=1 -DHAVE_PTHREAD_ATFORK=1 -DHAVE_DECL_PTHREAD_MUTEX_RECURSIVE=1 -DMODULE_SCOPE=extern\ __attribute__\(\(__visibility__\(\"hidden\"\)\)\) -DHAVE_HIDDEN=1 -DTCL_CFG_DO64BIT=1 -DHAVE_CAST_TO_UNION=1 -DHAVE_STDBOOL_H=1 -DHAVE_VFORK=1 -DHAVE_POSIX_SPAWNP=1 -DHAVE_POSIX_SPAWN_FILE_ACTIONS_ADDDUP2=1 -DHAVE_POSIX_SPAWNATTR_SETFLAGS=1 -DTCL_SHLIB_EXT=\".so\" -DNDEBUG=1 -DTCL_CFG_OPTIMIZED=1 -DMP_PREC=4 -D_LARGEFILE64_SOURCE=1 -DTCL_WIDE_INT_IS_LONG=1 -DHAVE_GETCWD=1 -DHAVE_MKSTEMP=1 -DHAVE_WAITPID=1 -DHAVE_GETNAMEINFO=1 -DHAVE_GETADDRINFO=1 -DHAVE_FREEADDRINFO=1 -DHAVE_GAI_STRERROR=1 -DHAVE_STRUCT_ADDRINFO=1 -DHAVE_STRUCT_IN6_ADDR=1 -DHAVE_STRUCT_SOCKADDR_IN6=1 -DHAVE_STRUCT_SOCKADDR_STORAGE=1 -DHAVE_GETPWUID_R_5=1 -DHAVE_GETPWUID_R=1 -DHAVE_GETPWNAM_R_5=1 -DHAVE_GETPWNAM_R=1 -DHAVE_GETGRGID_R_5=1 -DHAVE_GETGRGID_R=1 -DHAVE_GETGRNAM_R_5=1 -DHAVE_GETGRNAM_R=1 -DHAVE_DECL_GETHOSTBYNAME_R=1 -DHAVE_GETHOSTBYNAME_R_6=1 -DHAVE_GETHOSTBYNAME_R=1 -DHAVE_DECL_GETHOSTBYADDR_R=1 -DHAVE_GETHOSTBYADDR_R_8=1 -DHAVE_GETHOSTBYADDR_R=1 -DHAVE_TERMIOS_H=1 -DHAVE_SYS_IOCTL_H=1 -DHAVE_PSELECT=1 -DHAVE_SYS_EPOLL_H=1 -DNOTIFIER_EPOLL=1 -DHAVE_SYS_EVENTFD_H=1 -DHAVE_EVENTFD=1 -DHAVE_SYS_TIME_H=1 -DHAVE_GMTIME_R=1 -DHAVE_LOCALTIME_R=1 -DHAVE_TM_GMTOFF=1 -DHAVE_TIMEZONE_VAR=1 -DHAVE_STRUCT_STAT_ST_BLOCKS=1 -DHAVE_STRUCT_STAT_ST_BLKSIZE=1 -DHAVE_STRUCT_STAT_ST_RDEV=1 -DHAVE_BLKCNT_T=1 -DHAVE_INTPTR_T=1 -DHAVE_UINTPTR_T=1 -DNO_UNION_WAIT=1 -DHAVE_SIGNED_CHAR=1 -DHAVE_LANGINFO=1 -DHAVE_CFMAKERAW=1 -DHAVE_MKSTEMPS=1 -DHAVE_FTS=1 -DHAVE_SYS_IOCTL_H=1 -DTCL_UNLOAD_DLLS=1 -DHAVE_CPUID=1 -DZIPFS_BUILD=1    -DMP_FIXED_CUTOFFS -DBUILD_tcl /home/builder/build/src/tcl9.0.1/generic/tclPipe.c
clang -c -I"." -I/home/builder/build/src/tcl9.0.1/unix -I/home/builder/build/src/tcl9.0.1/generic -I/home/builder/build/src/tcl9.0.1/libtommath -O2 -march=x86-64-v3 -O2 -pipe -fno-plt -fexceptions         -Wp,-D_FORTIFY_SOURCE=3 -fstack-clash-protection -fcf-protection -pipe -m64 -finput-charset=UTF-8  -Wall -Wextra -Wshadow -Wundef -Wwrite-strings -Wpointer-arith -Wc++-compat -fextended-identifiers -fPIC -fno-common -DPACKAGE_NAME=\"tcl\" -DPACKAGE_TARNAME=\"tcl\" -DPACKAGE_VERSION=\"9.0\" -DPACKAGE_STRING=\"tcl\ 9.0\" -DPACKAGE_BUGREPORT=\"\" -DPACKAGE_URL=\"\" -DHAVE_STDIO_H=1 -DHAVE_STDLIB_H=1 -DHAVE_STRING_H=1 -DHAVE_INTTYPES_H=1 -DHAVE_STDINT_H=1 -DHAVE_STRINGS_H=1 -DHAVE_SYS_STAT_H=1 -DHAVE_SYS_TYPES_H=1 -DHAVE_UNISTD_H=1 -DHAVE_SYS_TIME_H=1 -DSTDC_HEADERS=1 -DHAVE_SYS_PARAM_H=1 -DTCL_CFGVAL_ENCODING=\"utf-8\" -D_REENTRANT=1 -D_THREAD_SAFE=1 -DHAVE_PTHREAD_ATTR_SETSTACKSIZE=1 -DHAVE_PTHREAD_ATFORK=1 -DHAVE_DECL_PTHREAD_MUTEX_RECURSIVE=1 -DMODULE_SCOPE=extern\ __attribute__\(\(__visibility__\(\"hidden\"\)\)\) -DHAVE_HIDDEN=1 -DTCL_CFG_DO64BIT=1 -DHAVE_CAST_TO_UNION=1 -DHAVE_STDBOOL_H=1 -DHAVE_VFORK=1 -DHAVE_POSIX_SPAWNP=1 -DHAVE_POSIX_SPAWN_FILE_ACTIONS_ADDDUP2=1 -DHAVE_POSIX_SPAWNATTR_SETFLAGS=1 -DTCL_SHLIB_EXT=\".so\" -DNDEBUG=1 -DTCL_CFG_OPTIMIZED=1 -DMP_PREC=4 -D_LARGEFILE64_SOURCE=1 -DTCL_WIDE_INT_IS_LONG=1 -DHAVE_GETCWD=1 -DHAVE_MKSTEMP=1 -DHAVE_WAITPID=1 -DHAVE_GETNAMEINFO=1 -DHAVE_GETADDRINFO=1 -DHAVE_FREEADDRINFO=1 -DHAVE_GAI_STRERROR=1 -DHAVE_STRUCT_ADDRINFO=1 -DHAVE_STRUCT_IN6_ADDR=1 -DHAVE_STRUCT_SOCKADDR_IN6=1 -DHAVE_STRUCT_SOCKADDR_STORAGE=1 -DHAVE_GETPWUID_R_5=1 -DHAVE_GETPWUID_R=1 -DHAVE_GETPWNAM_R_5=1 -DHAVE_GETPWNAM_R=1 -DHAVE_GETGRGID_R_5=1 -DHAVE_GETGRGID_R=1 -DHAVE_GETGRNAM_R_5=1 -DHAVE_GETGRNAM_R=1 -DHAVE_DECL_GETHOSTBYNAME_R=1 -DHAVE_GETHOSTBYNAME_R_6=1 -DHAVE_GETHOSTBYNAME_R=1 -DHAVE_DECL_GETHOSTBYADDR_R=1 -DHAVE_GETHOSTBYADDR_R_8=1 -DHAVE_GETHOSTBYADDR_R=1 -DHAVE_TERMIOS_H=1 -DHAVE_SYS_IOCTL_H=1 -DHAVE_PSELECT=1 -DHAVE_SYS_EPOLL_H=1 -DNOTIFIER_EPOLL=1 -DHAVE_SYS_EVENTFD_H=1 -DHAVE_EVENTFD=1 -DHAVE_SYS_TIME_H=1 -DHAVE_GMTIME_R=1 -DHAVE_LOCALTIME_R=1 -DHAVE_TM_GMTOFF=1 -DHAVE_TIMEZONE_VAR=1 -DHAVE_STRUCT_STAT_ST_BLOCKS=1 -DHAVE_STRUCT_STAT_ST_BLKSIZE=1 -DHAVE_STRUCT_STAT_ST_RDEV=1 -DHAVE_BLKCNT_T=1 -DHAVE_INTPTR_T=1 -DHAVE_UINTPTR_T=1 -DNO_UNION_WAIT=1 -DHAVE_SIGNED_CHAR=1 -DHAVE_LANGINFO=1 -DHAVE_CFMAKERAW=1 -DHAVE_MKSTEMPS=1 -DHAVE_FTS=1 -DHAVE_SYS_IOCTL_H=1 -DTCL_UNLOAD_DLLS=1 -DHAVE_CPUID=1 -DZIPFS_BUILD=1    -DMP_FIXED_CUTOFFS -DBUILD_tcl /home/builder/build/src/tcl9.0.1/generic/tclPkg.c
clang -c -I"." -I/home/builder/build/src/tcl9.0.1/unix -I/home/builder/build/src/tcl9.0.1/generic -I/home/builder/build/src/tcl9.0.1/libtommath -O2 -march=x86-64-v3 -O2 -pipe -fno-plt -fexceptions         -Wp,-D_FORTIFY_SOURCE=3 -fstack-clash-protection -fcf-protection -pipe -m64 -finput-charset=UTF-8  -Wall -Wextra -Wshadow -Wundef -Wwrite-strings -Wpointer-arith -Wc++-compat -fextended-identifiers -fPIC -fno-common -DPACKAGE_NAME=\"tcl\" -DPACKAGE_TARNAME=\"tcl\" -DPACKAGE_VERSION=\"9.0\" -DPACKAGE_STRING=\"tcl\ 9.0\" -DPACKAGE_BUGREPORT=\"\" -DPACKAGE_URL=\"\" -DHAVE_STDIO_H=1 -DHAVE_STDLIB_H=1 -DHAVE_STRING_H=1 -DHAVE_INTTYPES_H=1 -DHAVE_STDINT_H=1 -DHAVE_STRINGS_H=1 -DHAVE_SYS_STAT_H=1 -DHAVE_SYS_TYPES_H=1 -DHAVE_UNISTD_H=1 -DHAVE_SYS_TIME_H=1 -DSTDC_HEADERS=1 -DHAVE_SYS_PARAM_H=1 -DTCL_CFGVAL_ENCODING=\"utf-8\" -D_REENTRANT=1 -D_THREAD_SAFE=1 -DHAVE_PTHREAD_ATTR_SETSTACKSIZE=1 -DHAVE_PTHREAD_ATFORK=1 -DHAVE_DECL_PTHREAD_MUTEX_RECURSIVE=1 -DMODULE_SCOPE=extern\ __attribute__\(\(__visibility__\(\"hidden\"\)\)\) -DHAVE_HIDDEN=1 -DTCL_CFG_DO64BIT=1 -DHAVE_CAST_TO_UNION=1 -DHAVE_STDBOOL_H=1 -DHAVE_VFORK=1 -DHAVE_POSIX_SPAWNP=1 -DHAVE_POSIX_SPAWN_FILE_ACTIONS_ADDDUP2=1 -DHAVE_POSIX_SPAWNATTR_SETFLAGS=1 -DTCL_SHLIB_EXT=\".so\" -DNDEBUG=1 -DTCL_CFG_OPTIMIZED=1 -DMP_PREC=4 -D_LARGEFILE64_SOURCE=1 -DTCL_WIDE_INT_IS_LONG=1 -DHAVE_GETCWD=1 -DHAVE_MKSTEMP=1 -DHAVE_WAITPID=1 -DHAVE_GETNAMEINFO=1 -DHAVE_GETADDRINFO=1 -DHAVE_FREEADDRINFO=1 -DHAVE_GAI_STRERROR=1 -DHAVE_STRUCT_ADDRINFO=1 -DHAVE_STRUCT_IN6_ADDR=1 -DHAVE_STRUCT_SOCKADDR_IN6=1 -DHAVE_STRUCT_SOCKADDR_STORAGE=1 -DHAVE_GETPWUID_R_5=1 -DHAVE_GETPWUID_R=1 -DHAVE_GETPWNAM_R_5=1 -DHAVE_GETPWNAM_R=1 -DHAVE_GETGRGID_R_5=1 -DHAVE_GETGRGID_R=1 -DHAVE_GETGRNAM_R_5=1 -DHAVE_GETGRNAM_R=1 -DHAVE_DECL_GETHOSTBYNAME_R=1 -DHAVE_GETHOSTBYNAME_R_6=1 -DHAVE_GETHOSTBYNAME_R=1 -DHAVE_DECL_GETHOSTBYADDR_R=1 -DHAVE_GETHOSTBYADDR_R_8=1 -DHAVE_GETHOSTBYADDR_R=1 -DHAVE_TERMIOS_H=1 -DHAVE_SYS_IOCTL_H=1 -DHAVE_PSELECT=1 -DHAVE_SYS_EPOLL_H=1 -DNOTIFIER_EPOLL=1 -DHAVE_SYS_EVENTFD_H=1 -DHAVE_EVENTFD=1 -DHAVE_SYS_TIME_H=1 -DHAVE_GMTIME_R=1 -DHAVE_LOCALTIME_R=1 -DHAVE_TM_GMTOFF=1 -DHAVE_TIMEZONE_VAR=1 -DHAVE_STRUCT_STAT_ST_BLOCKS=1 -DHAVE_STRUCT_STAT_ST_BLKSIZE=1 -DHAVE_STRUCT_STAT_ST_RDEV=1 -DHAVE_BLKCNT_T=1 -DHAVE_INTPTR_T=1 -DHAVE_UINTPTR_T=1 -DNO_UNION_WAIT=1 -DHAVE_SIGNED_CHAR=1 -DHAVE_LANGINFO=1 -DHAVE_CFMAKERAW=1 -DHAVE_MKSTEMPS=1 -DHAVE_FTS=1 -DHAVE_SYS_IOCTL_H=1 -DTCL_UNLOAD_DLLS=1 -DHAVE_CPUID=1 -DZIPFS_BUILD=1    -DMP_FIXED_CUTOFFS -DBUILD_tcl \
	-DCFG_INSTALL_LIBDIR="\"/usr/lib\"" \
	-DCFG_INSTALL_BINDIR="\"/usr/bin\"" \
	-DCFG_INSTALL_SCRDIR="\"/usr/lib/tcl9.0\"" \
	-DCFG_INSTALL_INCDIR="\"/usr/include\"" \
	-DCFG_INSTALL_DOCDIR="\"/usr/share/man\"" \
	-DCFG_RUNTIME_LIBDIR="\"/usr/lib\"" \
	-DCFG_RUNTIME_BINDIR="\"/usr/bin\"" \
	-DCFG_RUNTIME_SCRDIR="\"/usr/lib/tcl9.0\"" \
	-DCFG_RUNTIME_INCDIR="\"/usr/include\"" \
	-DCFG_RUNTIME_DOCDIR="\"/usr/share/man\"" \
	-DCFG_RUNTIME_DLLFILE="\"libtcl9.0.so\"" \
	/home/builder/build/src/tcl9.0.1/generic/tclPkgConfig.c
clang -c -I"." -I/home/builder/build/src/tcl9.0.1/unix -I/home/builder/build/src/tcl9.0.1/generic -I/home/builder/build/src/tcl9.0.1/libtommath -O2 -march=x86-64-v3 -O2 -pipe -fno-plt -fexceptions         -Wp,-D_FORTIFY_SOURCE=3 -fstack-clash-protection -fcf-protection -pipe -m64 -finput-charset=UTF-8  -Wall -Wextra -Wshadow -Wundef -Wwrite-strings -Wpointer-arith -Wc++-compat -fextended-identifiers -fPIC -fno-common -DPACKAGE_NAME=\"tcl\" -DPACKAGE_TARNAME=\"tcl\" -DPACKAGE_VERSION=\"9.0\" -DPACKAGE_STRING=\"tcl\ 9.0\" -DPACKAGE_BUGREPORT=\"\" -DPACKAGE_URL=\"\" -DHAVE_STDIO_H=1 -DHAVE_STDLIB_H=1 -DHAVE_STRING_H=1 -DHAVE_INTTYPES_H=1 -DHAVE_STDINT_H=1 -DHAVE_STRINGS_H=1 -DHAVE_SYS_STAT_H=1 -DHAVE_SYS_TYPES_H=1 -DHAVE_UNISTD_H=1 -DHAVE_SYS_TIME_H=1 -DSTDC_HEADERS=1 -DHAVE_SYS_PARAM_H=1 -DTCL_CFGVAL_ENCODING=\"utf-8\" -D_REENTRANT=1 -D_THREAD_SAFE=1 -DHAVE_PTHREAD_ATTR_SETSTACKSIZE=1 -DHAVE_PTHREAD_ATFORK=1 -DHAVE_DECL_PTHREAD_MUTEX_RECURSIVE=1 -DMODULE_SCOPE=extern\ __attribute__\(\(__visibility__\(\"hidden\"\)\)\) -DHAVE_HIDDEN=1 -DTCL_CFG_DO64BIT=1 -DHAVE_CAST_TO_UNION=1 -DHAVE_STDBOOL_H=1 -DHAVE_VFORK=1 -DHAVE_POSIX_SPAWNP=1 -DHAVE_POSIX_SPAWN_FILE_ACTIONS_ADDDUP2=1 -DHAVE_POSIX_SPAWNATTR_SETFLAGS=1 -DTCL_SHLIB_EXT=\".so\" -DNDEBUG=1 -DTCL_CFG_OPTIMIZED=1 -DMP_PREC=4 -D_LARGEFILE64_SOURCE=1 -DTCL_WIDE_INT_IS_LONG=1 -DHAVE_GETCWD=1 -DHAVE_MKSTEMP=1 -DHAVE_WAITPID=1 -DHAVE_GETNAMEINFO=1 -DHAVE_GETADDRINFO=1 -DHAVE_FREEADDRINFO=1 -DHAVE_GAI_STRERROR=1 -DHAVE_STRUCT_ADDRINFO=1 -DHAVE_STRUCT_IN6_ADDR=1 -DHAVE_STRUCT_SOCKADDR_IN6=1 -DHAVE_STRUCT_SOCKADDR_STORAGE=1 -DHAVE_GETPWUID_R_5=1 -DHAVE_GETPWUID_R=1 -DHAVE_GETPWNAM_R_5=1 -DHAVE_GETPWNAM_R=1 -DHAVE_GETGRGID_R_5=1 -DHAVE_GETGRGID_R=1 -DHAVE_GETGRNAM_R_5=1 -DHAVE_GETGRNAM_R=1 -DHAVE_DECL_GETHOSTBYNAME_R=1 -DHAVE_GETHOSTBYNAME_R_6=1 -DHAVE_GETHOSTBYNAME_R=1 -DHAVE_DECL_GETHOSTBYADDR_R=1 -DHAVE_GETHOSTBYADDR_R_8=1 -DHAVE_GETHOSTBYADDR_R=1 -DHAVE_TERMIOS_H=1 -DHAVE_SYS_IOCTL_H=1 -DHAVE_PSELECT=1 -DHAVE_SYS_EPOLL_H=1 -DNOTIFIER_EPOLL=1 -DHAVE_SYS_EVENTFD_H=1 -DHAVE_EVENTFD=1 -DHAVE_SYS_TIME_H=1 -DHAVE_GMTIME_R=1 -DHAVE_LOCALTIME_R=1 -DHAVE_TM_GMTOFF=1 -DHAVE_TIMEZONE_VAR=1 -DHAVE_STRUCT_STAT_ST_BLOCKS=1 -DHAVE_STRUCT_STAT_ST_BLKSIZE=1 -DHAVE_STRUCT_STAT_ST_RDEV=1 -DHAVE_BLKCNT_T=1 -DHAVE_INTPTR_T=1 -DHAVE_UINTPTR_T=1 -DNO_UNION_WAIT=1 -DHAVE_SIGNED_CHAR=1 -DHAVE_LANGINFO=1 -DHAVE_CFMAKERAW=1 -DHAVE_MKSTEMPS=1 -DHAVE_FTS=1 -DHAVE_SYS_IOCTL_H=1 -DTCL_UNLOAD_DLLS=1 -DHAVE_CPUID=1 -DZIPFS_BUILD=1    -DMP_FIXED_CUTOFFS -DBUILD_tcl /home/builder/build/src/tcl9.0.1/generic/tclPosixStr.c
clang -c -I"." -I/home/builder/build/src/tcl9.0.1/unix -I/home/builder/build/src/tcl9.0.1/generic -I/home/builder/build/src/tcl9.0.1/libtommath -O2 -march=x86-64-v3 -O2 -pipe -fno-plt -fexceptions         -Wp,-D_FORTIFY_SOURCE=3 -fstack-clash-protection -fcf-protection -pipe -m64 -finput-charset=UTF-8  -Wall -Wextra -Wshadow -Wundef -Wwrite-strings -Wpointer-arith -Wc++-compat -fextended-identifiers -fPIC -fno-common -DPACKAGE_NAME=\"tcl\" -DPACKAGE_TARNAME=\"tcl\" -DPACKAGE_VERSION=\"9.0\" -DPACKAGE_STRING=\"tcl\ 9.0\" -DPACKAGE_BUGREPORT=\"\" -DPACKAGE_URL=\"\" -DHAVE_STDIO_H=1 -DHAVE_STDLIB_H=1 -DHAVE_STRING_H=1 -DHAVE_INTTYPES_H=1 -DHAVE_STDINT_H=1 -DHAVE_STRINGS_H=1 -DHAVE_SYS_STAT_H=1 -DHAVE_SYS_TYPES_H=1 -DHAVE_UNISTD_H=1 -DHAVE_SYS_TIME_H=1 -DSTDC_HEADERS=1 -DHAVE_SYS_PARAM_H=1 -DTCL_CFGVAL_ENCODING=\"utf-8\" -D_REENTRANT=1 -D_THREAD_SAFE=1 -DHAVE_PTHREAD_ATTR_SETSTACKSIZE=1 -DHAVE_PTHREAD_ATFORK=1 -DHAVE_DECL_PTHREAD_MUTEX_RECURSIVE=1 -DMODULE_SCOPE=extern\ __attribute__\(\(__visibility__\(\"hidden\"\)\)\) -DHAVE_HIDDEN=1 -DTCL_CFG_DO64BIT=1 -DHAVE_CAST_TO_UNION=1 -DHAVE_STDBOOL_H=1 -DHAVE_VFORK=1 -DHAVE_POSIX_SPAWNP=1 -DHAVE_POSIX_SPAWN_FILE_ACTIONS_ADDDUP2=1 -DHAVE_POSIX_SPAWNATTR_SETFLAGS=1 -DTCL_SHLIB_EXT=\".so\" -DNDEBUG=1 -DTCL_CFG_OPTIMIZED=1 -DMP_PREC=4 -D_LARGEFILE64_SOURCE=1 -DTCL_WIDE_INT_IS_LONG=1 -DHAVE_GETCWD=1 -DHAVE_MKSTEMP=1 -DHAVE_WAITPID=1 -DHAVE_GETNAMEINFO=1 -DHAVE_GETADDRINFO=1 -DHAVE_FREEADDRINFO=1 -DHAVE_GAI_STRERROR=1 -DHAVE_STRUCT_ADDRINFO=1 -DHAVE_STRUCT_IN6_ADDR=1 -DHAVE_STRUCT_SOCKADDR_IN6=1 -DHAVE_STRUCT_SOCKADDR_STORAGE=1 -DHAVE_GETPWUID_R_5=1 -DHAVE_GETPWUID_R=1 -DHAVE_GETPWNAM_R_5=1 -DHAVE_GETPWNAM_R=1 -DHAVE_GETGRGID_R_5=1 -DHAVE_GETGRGID_R=1 -DHAVE_GETGRNAM_R_5=1 -DHAVE_GETGRNAM_R=1 -DHAVE_DECL_GETHOSTBYNAME_R=1 -DHAVE_GETHOSTBYNAME_R_6=1 -DHAVE_GETHOSTBYNAME_R=1 -DHAVE_DECL_GETHOSTBYADDR_R=1 -DHAVE_GETHOSTBYADDR_R_8=1 -DHAVE_GETHOSTBYADDR_R=1 -DHAVE_TERMIOS_H=1 -DHAVE_SYS_IOCTL_H=1 -DHAVE_PSELECT=1 -DHAVE_SYS_EPOLL_H=1 -DNOTIFIER_EPOLL=1 -DHAVE_SYS_EVENTFD_H=1 -DHAVE_EVENTFD=1 -DHAVE_SYS_TIME_H=1 -DHAVE_GMTIME_R=1 -DHAVE_LOCALTIME_R=1 -DHAVE_TM_GMTOFF=1 -DHAVE_TIMEZONE_VAR=1 -DHAVE_STRUCT_STAT_ST_BLOCKS=1 -DHAVE_STRUCT_STAT_ST_BLKSIZE=1 -DHAVE_STRUCT_STAT_ST_RDEV=1 -DHAVE_BLKCNT_T=1 -DHAVE_INTPTR_T=1 -DHAVE_UINTPTR_T=1 -DNO_UNION_WAIT=1 -DHAVE_SIGNED_CHAR=1 -DHAVE_LANGINFO=1 -DHAVE_CFMAKERAW=1 -DHAVE_MKSTEMPS=1 -DHAVE_FTS=1 -DHAVE_SYS_IOCTL_H=1 -DTCL_UNLOAD_DLLS=1 -DHAVE_CPUID=1 -DZIPFS_BUILD=1    -DMP_FIXED_CUTOFFS -DBUILD_tcl /home/builder/build/src/tcl9.0.1/generic/tclPreserve.c
clang -c -I"." -I/home/builder/build/src/tcl9.0.1/unix -I/home/builder/build/src/tcl9.0.1/generic -I/home/builder/build/src/tcl9.0.1/libtommath -O2 -march=x86-64-v3 -O2 -pipe -fno-plt -fexceptions         -Wp,-D_FORTIFY_SOURCE=3 -fstack-clash-protection -fcf-protection -pipe -m64 -finput-charset=UTF-8  -Wall -Wextra -Wshadow -Wundef -Wwrite-strings -Wpointer-arith -Wc++-compat -fextended-identifiers -fPIC -fno-common -DPACKAGE_NAME=\"tcl\" -DPACKAGE_TARNAME=\"tcl\" -DPACKAGE_VERSION=\"9.0\" -DPACKAGE_STRING=\"tcl\ 9.0\" -DPACKAGE_BUGREPORT=\"\" -DPACKAGE_URL=\"\" -DHAVE_STDIO_H=1 -DHAVE_STDLIB_H=1 -DHAVE_STRING_H=1 -DHAVE_INTTYPES_H=1 -DHAVE_STDINT_H=1 -DHAVE_STRINGS_H=1 -DHAVE_SYS_STAT_H=1 -DHAVE_SYS_TYPES_H=1 -DHAVE_UNISTD_H=1 -DHAVE_SYS_TIME_H=1 -DSTDC_HEADERS=1 -DHAVE_SYS_PARAM_H=1 -DTCL_CFGVAL_ENCODING=\"utf-8\" -D_REENTRANT=1 -D_THREAD_SAFE=1 -DHAVE_PTHREAD_ATTR_SETSTACKSIZE=1 -DHAVE_PTHREAD_ATFORK=1 -DHAVE_DECL_PTHREAD_MUTEX_RECURSIVE=1 -DMODULE_SCOPE=extern\ __attribute__\(\(__visibility__\(\"hidden\"\)\)\) -DHAVE_HIDDEN=1 -DTCL_CFG_DO64BIT=1 -DHAVE_CAST_TO_UNION=1 -DHAVE_STDBOOL_H=1 -DHAVE_VFORK=1 -DHAVE_POSIX_SPAWNP=1 -DHAVE_POSIX_SPAWN_FILE_ACTIONS_ADDDUP2=1 -DHAVE_POSIX_SPAWNATTR_SETFLAGS=1 -DTCL_SHLIB_EXT=\".so\" -DNDEBUG=1 -DTCL_CFG_OPTIMIZED=1 -DMP_PREC=4 -D_LARGEFILE64_SOURCE=1 -DTCL_WIDE_INT_IS_LONG=1 -DHAVE_GETCWD=1 -DHAVE_MKSTEMP=1 -DHAVE_WAITPID=1 -DHAVE_GETNAMEINFO=1 -DHAVE_GETADDRINFO=1 -DHAVE_FREEADDRINFO=1 -DHAVE_GAI_STRERROR=1 -DHAVE_STRUCT_ADDRINFO=1 -DHAVE_STRUCT_IN6_ADDR=1 -DHAVE_STRUCT_SOCKADDR_IN6=1 -DHAVE_STRUCT_SOCKADDR_STORAGE=1 -DHAVE_GETPWUID_R_5=1 -DHAVE_GETPWUID_R=1 -DHAVE_GETPWNAM_R_5=1 -DHAVE_GETPWNAM_R=1 -DHAVE_GETGRGID_R_5=1 -DHAVE_GETGRGID_R=1 -DHAVE_GETGRNAM_R_5=1 -DHAVE_GETGRNAM_R=1 -DHAVE_DECL_GETHOSTBYNAME_R=1 -DHAVE_GETHOSTBYNAME_R_6=1 -DHAVE_GETHOSTBYNAME_R=1 -DHAVE_DECL_GETHOSTBYADDR_R=1 -DHAVE_GETHOSTBYADDR_R_8=1 -DHAVE_GETHOSTBYADDR_R=1 -DHAVE_TERMIOS_H=1 -DHAVE_SYS_IOCTL_H=1 -DHAVE_PSELECT=1 -DHAVE_SYS_EPOLL_H=1 -DNOTIFIER_EPOLL=1 -DHAVE_SYS_EVENTFD_H=1 -DHAVE_EVENTFD=1 -DHAVE_SYS_TIME_H=1 -DHAVE_GMTIME_R=1 -DHAVE_LOCALTIME_R=1 -DHAVE_TM_GMTOFF=1 -DHAVE_TIMEZONE_VAR=1 -DHAVE_STRUCT_STAT_ST_BLOCKS=1 -DHAVE_STRUCT_STAT_ST_BLKSIZE=1 -DHAVE_STRUCT_STAT_ST_RDEV=1 -DHAVE_BLKCNT_T=1 -DHAVE_INTPTR_T=1 -DHAVE_UINTPTR_T=1 -DNO_UNION_WAIT=1 -DHAVE_SIGNED_CHAR=1 -DHAVE_LANGINFO=1 -DHAVE_CFMAKERAW=1 -DHAVE_MKSTEMPS=1 -DHAVE_FTS=1 -DHAVE_SYS_IOCTL_H=1 -DTCL_UNLOAD_DLLS=1 -DHAVE_CPUID=1 -DZIPFS_BUILD=1    -DMP_FIXED_CUTOFFS -DBUILD_tcl /home/builder/build/src/tcl9.0.1/generic/tclProc.c
clang -c -I"." -I/home/builder/build/src/tcl9.0.1/unix -I/home/builder/build/src/tcl9.0.1/generic -I/home/builder/build/src/tcl9.0.1/libtommath -O2 -march=x86-64-v3 -O2 -pipe -fno-plt -fexceptions         -Wp,-D_FORTIFY_SOURCE=3 -fstack-clash-protection -fcf-protection -pipe -m64 -finput-charset=UTF-8  -Wall -Wextra -Wshadow -Wundef -Wwrite-strings -Wpointer-arith -Wc++-compat -fextended-identifiers -fPIC -fno-common -DPACKAGE_NAME=\"tcl\" -DPACKAGE_TARNAME=\"tcl\" -DPACKAGE_VERSION=\"9.0\" -DPACKAGE_STRING=\"tcl\ 9.0\" -DPACKAGE_BUGREPORT=\"\" -DPACKAGE_URL=\"\" -DHAVE_STDIO_H=1 -DHAVE_STDLIB_H=1 -DHAVE_STRING_H=1 -DHAVE_INTTYPES_H=1 -DHAVE_STDINT_H=1 -DHAVE_STRINGS_H=1 -DHAVE_SYS_STAT_H=1 -DHAVE_SYS_TYPES_H=1 -DHAVE_UNISTD_H=1 -DHAVE_SYS_TIME_H=1 -DSTDC_HEADERS=1 -DHAVE_SYS_PARAM_H=1 -DTCL_CFGVAL_ENCODING=\"utf-8\" -D_REENTRANT=1 -D_THREAD_SAFE=1 -DHAVE_PTHREAD_ATTR_SETSTACKSIZE=1 -DHAVE_PTHREAD_ATFORK=1 -DHAVE_DECL_PTHREAD_MUTEX_RECURSIVE=1 -DMODULE_SCOPE=extern\ __attribute__\(\(__visibility__\(\"hidden\"\)\)\) -DHAVE_HIDDEN=1 -DTCL_CFG_DO64BIT=1 -DHAVE_CAST_TO_UNION=1 -DHAVE_STDBOOL_H=1 -DHAVE_VFORK=1 -DHAVE_POSIX_SPAWNP=1 -DHAVE_POSIX_SPAWN_FILE_ACTIONS_ADDDUP2=1 -DHAVE_POSIX_SPAWNATTR_SETFLAGS=1 -DTCL_SHLIB_EXT=\".so\" -DNDEBUG=1 -DTCL_CFG_OPTIMIZED=1 -DMP_PREC=4 -D_LARGEFILE64_SOURCE=1 -DTCL_WIDE_INT_IS_LONG=1 -DHAVE_GETCWD=1 -DHAVE_MKSTEMP=1 -DHAVE_WAITPID=1 -DHAVE_GETNAMEINFO=1 -DHAVE_GETADDRINFO=1 -DHAVE_FREEADDRINFO=1 -DHAVE_GAI_STRERROR=1 -DHAVE_STRUCT_ADDRINFO=1 -DHAVE_STRUCT_IN6_ADDR=1 -DHAVE_STRUCT_SOCKADDR_IN6=1 -DHAVE_STRUCT_SOCKADDR_STORAGE=1 -DHAVE_GETPWUID_R_5=1 -DHAVE_GETPWUID_R=1 -DHAVE_GETPWNAM_R_5=1 -DHAVE_GETPWNAM_R=1 -DHAVE_GETGRGID_R_5=1 -DHAVE_GETGRGID_R=1 -DHAVE_GETGRNAM_R_5=1 -DHAVE_GETGRNAM_R=1 -DHAVE_DECL_GETHOSTBYNAME_R=1 -DHAVE_GETHOSTBYNAME_R_6=1 -DHAVE_GETHOSTBYNAME_R=1 -DHAVE_DECL_GETHOSTBYADDR_R=1 -DHAVE_GETHOSTBYADDR_R_8=1 -DHAVE_GETHOSTBYADDR_R=1 -DHAVE_TERMIOS_H=1 -DHAVE_SYS_IOCTL_H=1 -DHAVE_PSELECT=1 -DHAVE_SYS_EPOLL_H=1 -DNOTIFIER_EPOLL=1 -DHAVE_SYS_EVENTFD_H=1 -DHAVE_EVENTFD=1 -DHAVE_SYS_TIME_H=1 -DHAVE_GMTIME_R=1 -DHAVE_LOCALTIME_R=1 -DHAVE_TM_GMTOFF=1 -DHAVE_TIMEZONE_VAR=1 -DHAVE_STRUCT_STAT_ST_BLOCKS=1 -DHAVE_STRUCT_STAT_ST_BLKSIZE=1 -DHAVE_STRUCT_STAT_ST_RDEV=1 -DHAVE_BLKCNT_T=1 -DHAVE_INTPTR_T=1 -DHAVE_UINTPTR_T=1 -DNO_UNION_WAIT=1 -DHAVE_SIGNED_CHAR=1 -DHAVE_LANGINFO=1 -DHAVE_CFMAKERAW=1 -DHAVE_MKSTEMPS=1 -DHAVE_FTS=1 -DHAVE_SYS_IOCTL_H=1 -DTCL_UNLOAD_DLLS=1 -DHAVE_CPUID=1 -DZIPFS_BUILD=1    -DMP_FIXED_CUTOFFS -DBUILD_tcl /home/builder/build/src/tcl9.0.1/generic/tclProcess.c
clang -c -I"." -I/home/builder/build/src/tcl9.0.1/unix -I/home/builder/build/src/tcl9.0.1/generic -I/home/builder/build/src/tcl9.0.1/libtommath -O2 -march=x86-64-v3 -O2 -pipe -fno-plt -fexceptions         -Wp,-D_FORTIFY_SOURCE=3 -fstack-clash-protection -fcf-protection -pipe -m64 -finput-charset=UTF-8  -Wall -Wextra -Wshadow -Wundef -Wwrite-strings -Wpointer-arith -Wc++-compat -fextended-identifiers -fPIC -fno-common -DPACKAGE_NAME=\"tcl\" -DPACKAGE_TARNAME=\"tcl\" -DPACKAGE_VERSION=\"9.0\" -DPACKAGE_STRING=\"tcl\ 9.0\" -DPACKAGE_BUGREPORT=\"\" -DPACKAGE_URL=\"\" -DHAVE_STDIO_H=1 -DHAVE_STDLIB_H=1 -DHAVE_STRING_H=1 -DHAVE_INTTYPES_H=1 -DHAVE_STDINT_H=1 -DHAVE_STRINGS_H=1 -DHAVE_SYS_STAT_H=1 -DHAVE_SYS_TYPES_H=1 -DHAVE_UNISTD_H=1 -DHAVE_SYS_TIME_H=1 -DSTDC_HEADERS=1 -DHAVE_SYS_PARAM_H=1 -DTCL_CFGVAL_ENCODING=\"utf-8\" -D_REENTRANT=1 -D_THREAD_SAFE=1 -DHAVE_PTHREAD_ATTR_SETSTACKSIZE=1 -DHAVE_PTHREAD_ATFORK=1 -DHAVE_DECL_PTHREAD_MUTEX_RECURSIVE=1 -DMODULE_SCOPE=extern\ __attribute__\(\(__visibility__\(\"hidden\"\)\)\) -DHAVE_HIDDEN=1 -DTCL_CFG_DO64BIT=1 -DHAVE_CAST_TO_UNION=1 -DHAVE_STDBOOL_H=1 -DHAVE_VFORK=1 -DHAVE_POSIX_SPAWNP=1 -DHAVE_POSIX_SPAWN_FILE_ACTIONS_ADDDUP2=1 -DHAVE_POSIX_SPAWNATTR_SETFLAGS=1 -DTCL_SHLIB_EXT=\".so\" -DNDEBUG=1 -DTCL_CFG_OPTIMIZED=1 -DMP_PREC=4 -D_LARGEFILE64_SOURCE=1 -DTCL_WIDE_INT_IS_LONG=1 -DHAVE_GETCWD=1 -DHAVE_MKSTEMP=1 -DHAVE_WAITPID=1 -DHAVE_GETNAMEINFO=1 -DHAVE_GETADDRINFO=1 -DHAVE_FREEADDRINFO=1 -DHAVE_GAI_STRERROR=1 -DHAVE_STRUCT_ADDRINFO=1 -DHAVE_STRUCT_IN6_ADDR=1 -DHAVE_STRUCT_SOCKADDR_IN6=1 -DHAVE_STRUCT_SOCKADDR_STORAGE=1 -DHAVE_GETPWUID_R_5=1 -DHAVE_GETPWUID_R=1 -DHAVE_GETPWNAM_R_5=1 -DHAVE_GETPWNAM_R=1 -DHAVE_GETGRGID_R_5=1 -DHAVE_GETGRGID_R=1 -DHAVE_GETGRNAM_R_5=1 -DHAVE_GETGRNAM_R=1 -DHAVE_DECL_GETHOSTBYNAME_R=1 -DHAVE_GETHOSTBYNAME_R_6=1 -DHAVE_GETHOSTBYNAME_R=1 -DHAVE_DECL_GETHOSTBYADDR_R=1 -DHAVE_GETHOSTBYADDR_R_8=1 -DHAVE_GETHOSTBYADDR_R=1 -DHAVE_TERMIOS_H=1 -DHAVE_SYS_IOCTL_H=1 -DHAVE_PSELECT=1 -DHAVE_SYS_EPOLL_H=1 -DNOTIFIER_EPOLL=1 -DHAVE_SYS_EVENTFD_H=1 -DHAVE_EVENTFD=1 -DHAVE_SYS_TIME_H=1 -DHAVE_GMTIME_R=1 -DHAVE_LOCALTIME_R=1 -DHAVE_TM_GMTOFF=1 -DHAVE_TIMEZONE_VAR=1 -DHAVE_STRUCT_STAT_ST_BLOCKS=1 -DHAVE_STRUCT_STAT_ST_BLKSIZE=1 -DHAVE_STRUCT_STAT_ST_RDEV=1 -DHAVE_BLKCNT_T=1 -DHAVE_INTPTR_T=1 -DHAVE_UINTPTR_T=1 -DNO_UNION_WAIT=1 -DHAVE_SIGNED_CHAR=1 -DHAVE_LANGINFO=1 -DHAVE_CFMAKERAW=1 -DHAVE_MKSTEMPS=1 -DHAVE_FTS=1 -DHAVE_SYS_IOCTL_H=1 -DTCL_UNLOAD_DLLS=1 -DHAVE_CPUID=1 -DZIPFS_BUILD=1    -DMP_FIXED_CUTOFFS -DBUILD_tcl /home/builder/build/src/tcl9.0.1/generic/tclRegexp.c
clang -c -I"." -I/home/builder/build/src/tcl9.0.1/unix -I/home/builder/build/src/tcl9.0.1/generic -I/home/builder/build/src/tcl9.0.1/libtommath -O2 -march=x86-64-v3 -O2 -pipe -fno-plt -fexceptions         -Wp,-D_FORTIFY_SOURCE=3 -fstack-clash-protection -fcf-protection -pipe -m64 -finput-charset=UTF-8  -Wall -Wextra -Wshadow -Wundef -Wwrite-strings -Wpointer-arith -Wc++-compat -fextended-identifiers -fPIC -fno-common -DPACKAGE_NAME=\"tcl\" -DPACKAGE_TARNAME=\"tcl\" -DPACKAGE_VERSION=\"9.0\" -DPACKAGE_STRING=\"tcl\ 9.0\" -DPACKAGE_BUGREPORT=\"\" -DPACKAGE_URL=\"\" -DHAVE_STDIO_H=1 -DHAVE_STDLIB_H=1 -DHAVE_STRING_H=1 -DHAVE_INTTYPES_H=1 -DHAVE_STDINT_H=1 -DHAVE_STRINGS_H=1 -DHAVE_SYS_STAT_H=1 -DHAVE_SYS_TYPES_H=1 -DHAVE_UNISTD_H=1 -DHAVE_SYS_TIME_H=1 -DSTDC_HEADERS=1 -DHAVE_SYS_PARAM_H=1 -DTCL_CFGVAL_ENCODING=\"utf-8\" -D_REENTRANT=1 -D_THREAD_SAFE=1 -DHAVE_PTHREAD_ATTR_SETSTACKSIZE=1 -DHAVE_PTHREAD_ATFORK=1 -DHAVE_DECL_PTHREAD_MUTEX_RECURSIVE=1 -DMODULE_SCOPE=extern\ __attribute__\(\(__visibility__\(\"hidden\"\)\)\) -DHAVE_HIDDEN=1 -DTCL_CFG_DO64BIT=1 -DHAVE_CAST_TO_UNION=1 -DHAVE_STDBOOL_H=1 -DHAVE_VFORK=1 -DHAVE_POSIX_SPAWNP=1 -DHAVE_POSIX_SPAWN_FILE_ACTIONS_ADDDUP2=1 -DHAVE_POSIX_SPAWNATTR_SETFLAGS=1 -DTCL_SHLIB_EXT=\".so\" -DNDEBUG=1 -DTCL_CFG_OPTIMIZED=1 -DMP_PREC=4 -D_LARGEFILE64_SOURCE=1 -DTCL_WIDE_INT_IS_LONG=1 -DHAVE_GETCWD=1 -DHAVE_MKSTEMP=1 -DHAVE_WAITPID=1 -DHAVE_GETNAMEINFO=1 -DHAVE_GETADDRINFO=1 -DHAVE_FREEADDRINFO=1 -DHAVE_GAI_STRERROR=1 -DHAVE_STRUCT_ADDRINFO=1 -DHAVE_STRUCT_IN6_ADDR=1 -DHAVE_STRUCT_SOCKADDR_IN6=1 -DHAVE_STRUCT_SOCKADDR_STORAGE=1 -DHAVE_GETPWUID_R_5=1 -DHAVE_GETPWUID_R=1 -DHAVE_GETPWNAM_R_5=1 -DHAVE_GETPWNAM_R=1 -DHAVE_GETGRGID_R_5=1 -DHAVE_GETGRGID_R=1 -DHAVE_GETGRNAM_R_5=1 -DHAVE_GETGRNAM_R=1 -DHAVE_DECL_GETHOSTBYNAME_R=1 -DHAVE_GETHOSTBYNAME_R_6=1 -DHAVE_GETHOSTBYNAME_R=1 -DHAVE_DECL_GETHOSTBYADDR_R=1 -DHAVE_GETHOSTBYADDR_R_8=1 -DHAVE_GETHOSTBYADDR_R=1 -DHAVE_TERMIOS_H=1 -DHAVE_SYS_IOCTL_H=1 -DHAVE_PSELECT=1 -DHAVE_SYS_EPOLL_H=1 -DNOTIFIER_EPOLL=1 -DHAVE_SYS_EVENTFD_H=1 -DHAVE_EVENTFD=1 -DHAVE_SYS_TIME_H=1 -DHAVE_GMTIME_R=1 -DHAVE_LOCALTIME_R=1 -DHAVE_TM_GMTOFF=1 -DHAVE_TIMEZONE_VAR=1 -DHAVE_STRUCT_STAT_ST_BLOCKS=1 -DHAVE_STRUCT_STAT_ST_BLKSIZE=1 -DHAVE_STRUCT_STAT_ST_RDEV=1 -DHAVE_BLKCNT_T=1 -DHAVE_INTPTR_T=1 -DHAVE_UINTPTR_T=1 -DNO_UNION_WAIT=1 -DHAVE_SIGNED_CHAR=1 -DHAVE_LANGINFO=1 -DHAVE_CFMAKERAW=1 -DHAVE_MKSTEMPS=1 -DHAVE_FTS=1 -DHAVE_SYS_IOCTL_H=1 -DTCL_UNLOAD_DLLS=1 -DHAVE_CPUID=1 -DZIPFS_BUILD=1    -DMP_FIXED_CUTOFFS -DBUILD_tcl /home/builder/build/src/tcl9.0.1/generic/tclResolve.c
clang -c -I"." -I/home/builder/build/src/tcl9.0.1/unix -I/home/builder/build/src/tcl9.0.1/generic -I/home/builder/build/src/tcl9.0.1/libtommath -O2 -march=x86-64-v3 -O2 -pipe -fno-plt -fexceptions         -Wp,-D_FORTIFY_SOURCE=3 -fstack-clash-protection -fcf-protection -pipe -m64 -finput-charset=UTF-8  -Wall -Wextra -Wshadow -Wundef -Wwrite-strings -Wpointer-arith -Wc++-compat -fextended-identifiers -fPIC -fno-common -DPACKAGE_NAME=\"tcl\" -DPACKAGE_TARNAME=\"tcl\" -DPACKAGE_VERSION=\"9.0\" -DPACKAGE_STRING=\"tcl\ 9.0\" -DPACKAGE_BUGREPORT=\"\" -DPACKAGE_URL=\"\" -DHAVE_STDIO_H=1 -DHAVE_STDLIB_H=1 -DHAVE_STRING_H=1 -DHAVE_INTTYPES_H=1 -DHAVE_STDINT_H=1 -DHAVE_STRINGS_H=1 -DHAVE_SYS_STAT_H=1 -DHAVE_SYS_TYPES_H=1 -DHAVE_UNISTD_H=1 -DHAVE_SYS_TIME_H=1 -DSTDC_HEADERS=1 -DHAVE_SYS_PARAM_H=1 -DTCL_CFGVAL_ENCODING=\"utf-8\" -D_REENTRANT=1 -D_THREAD_SAFE=1 -DHAVE_PTHREAD_ATTR_SETSTACKSIZE=1 -DHAVE_PTHREAD_ATFORK=1 -DHAVE_DECL_PTHREAD_MUTEX_RECURSIVE=1 -DMODULE_SCOPE=extern\ __attribute__\(\(__visibility__\(\"hidden\"\)\)\) -DHAVE_HIDDEN=1 -DTCL_CFG_DO64BIT=1 -DHAVE_CAST_TO_UNION=1 -DHAVE_STDBOOL_H=1 -DHAVE_VFORK=1 -DHAVE_POSIX_SPAWNP=1 -DHAVE_POSIX_SPAWN_FILE_ACTIONS_ADDDUP2=1 -DHAVE_POSIX_SPAWNATTR_SETFLAGS=1 -DTCL_SHLIB_EXT=\".so\" -DNDEBUG=1 -DTCL_CFG_OPTIMIZED=1 -DMP_PREC=4 -D_LARGEFILE64_SOURCE=1 -DTCL_WIDE_INT_IS_LONG=1 -DHAVE_GETCWD=1 -DHAVE_MKSTEMP=1 -DHAVE_WAITPID=1 -DHAVE_GETNAMEINFO=1 -DHAVE_GETADDRINFO=1 -DHAVE_FREEADDRINFO=1 -DHAVE_GAI_STRERROR=1 -DHAVE_STRUCT_ADDRINFO=1 -DHAVE_STRUCT_IN6_ADDR=1 -DHAVE_STRUCT_SOCKADDR_IN6=1 -DHAVE_STRUCT_SOCKADDR_STORAGE=1 -DHAVE_GETPWUID_R_5=1 -DHAVE_GETPWUID_R=1 -DHAVE_GETPWNAM_R_5=1 -DHAVE_GETPWNAM_R=1 -DHAVE_GETGRGID_R_5=1 -DHAVE_GETGRGID_R=1 -DHAVE_GETGRNAM_R_5=1 -DHAVE_GETGRNAM_R=1 -DHAVE_DECL_GETHOSTBYNAME_R=1 -DHAVE_GETHOSTBYNAME_R_6=1 -DHAVE_GETHOSTBYNAME_R=1 -DHAVE_DECL_GETHOSTBYADDR_R=1 -DHAVE_GETHOSTBYADDR_R_8=1 -DHAVE_GETHOSTBYADDR_R=1 -DHAVE_TERMIOS_H=1 -DHAVE_SYS_IOCTL_H=1 -DHAVE_PSELECT=1 -DHAVE_SYS_EPOLL_H=1 -DNOTIFIER_EPOLL=1 -DHAVE_SYS_EVENTFD_H=1 -DHAVE_EVENTFD=1 -DHAVE_SYS_TIME_H=1 -DHAVE_GMTIME_R=1 -DHAVE_LOCALTIME_R=1 -DHAVE_TM_GMTOFF=1 -DHAVE_TIMEZONE_VAR=1 -DHAVE_STRUCT_STAT_ST_BLOCKS=1 -DHAVE_STRUCT_STAT_ST_BLKSIZE=1 -DHAVE_STRUCT_STAT_ST_RDEV=1 -DHAVE_BLKCNT_T=1 -DHAVE_INTPTR_T=1 -DHAVE_UINTPTR_T=1 -DNO_UNION_WAIT=1 -DHAVE_SIGNED_CHAR=1 -DHAVE_LANGINFO=1 -DHAVE_CFMAKERAW=1 -DHAVE_MKSTEMPS=1 -DHAVE_FTS=1 -DHAVE_SYS_IOCTL_H=1 -DTCL_UNLOAD_DLLS=1 -DHAVE_CPUID=1 -DZIPFS_BUILD=1    -DMP_FIXED_CUTOFFS -DBUILD_tcl /home/builder/build/src/tcl9.0.1/generic/tclResult.c
clang -c -I"." -I/home/builder/build/src/tcl9.0.1/unix -I/home/builder/build/src/tcl9.0.1/generic -I/home/builder/build/src/tcl9.0.1/libtommath -O2 -march=x86-64-v3 -O2 -pipe -fno-plt -fexceptions         -Wp,-D_FORTIFY_SOURCE=3 -fstack-clash-protection -fcf-protection -pipe -m64 -finput-charset=UTF-8  -Wall -Wextra -Wshadow -Wundef -Wwrite-strings -Wpointer-arith -Wc++-compat -fextended-identifiers -fPIC -fno-common -DPACKAGE_NAME=\"tcl\" -DPACKAGE_TARNAME=\"tcl\" -DPACKAGE_VERSION=\"9.0\" -DPACKAGE_STRING=\"tcl\ 9.0\" -DPACKAGE_BUGREPORT=\"\" -DPACKAGE_URL=\"\" -DHAVE_STDIO_H=1 -DHAVE_STDLIB_H=1 -DHAVE_STRING_H=1 -DHAVE_INTTYPES_H=1 -DHAVE_STDINT_H=1 -DHAVE_STRINGS_H=1 -DHAVE_SYS_STAT_H=1 -DHAVE_SYS_TYPES_H=1 -DHAVE_UNISTD_H=1 -DHAVE_SYS_TIME_H=1 -DSTDC_HEADERS=1 -DHAVE_SYS_PARAM_H=1 -DTCL_CFGVAL_ENCODING=\"utf-8\" -D_REENTRANT=1 -D_THREAD_SAFE=1 -DHAVE_PTHREAD_ATTR_SETSTACKSIZE=1 -DHAVE_PTHREAD_ATFORK=1 -DHAVE_DECL_PTHREAD_MUTEX_RECURSIVE=1 -DMODULE_SCOPE=extern\ __attribute__\(\(__visibility__\(\"hidden\"\)\)\) -DHAVE_HIDDEN=1 -DTCL_CFG_DO64BIT=1 -DHAVE_CAST_TO_UNION=1 -DHAVE_STDBOOL_H=1 -DHAVE_VFORK=1 -DHAVE_POSIX_SPAWNP=1 -DHAVE_POSIX_SPAWN_FILE_ACTIONS_ADDDUP2=1 -DHAVE_POSIX_SPAWNATTR_SETFLAGS=1 -DTCL_SHLIB_EXT=\".so\" -DNDEBUG=1 -DTCL_CFG_OPTIMIZED=1 -DMP_PREC=4 -D_LARGEFILE64_SOURCE=1 -DTCL_WIDE_INT_IS_LONG=1 -DHAVE_GETCWD=1 -DHAVE_MKSTEMP=1 -DHAVE_WAITPID=1 -DHAVE_GETNAMEINFO=1 -DHAVE_GETADDRINFO=1 -DHAVE_FREEADDRINFO=1 -DHAVE_GAI_STRERROR=1 -DHAVE_STRUCT_ADDRINFO=1 -DHAVE_STRUCT_IN6_ADDR=1 -DHAVE_STRUCT_SOCKADDR_IN6=1 -DHAVE_STRUCT_SOCKADDR_STORAGE=1 -DHAVE_GETPWUID_R_5=1 -DHAVE_GETPWUID_R=1 -DHAVE_GETPWNAM_R_5=1 -DHAVE_GETPWNAM_R=1 -DHAVE_GETGRGID_R_5=1 -DHAVE_GETGRGID_R=1 -DHAVE_GETGRNAM_R_5=1 -DHAVE_GETGRNAM_R=1 -DHAVE_DECL_GETHOSTBYNAME_R=1 -DHAVE_GETHOSTBYNAME_R_6=1 -DHAVE_GETHOSTBYNAME_R=1 -DHAVE_DECL_GETHOSTBYADDR_R=1 -DHAVE_GETHOSTBYADDR_R_8=1 -DHAVE_GETHOSTBYADDR_R=1 -DHAVE_TERMIOS_H=1 -DHAVE_SYS_IOCTL_H=1 -DHAVE_PSELECT=1 -DHAVE_SYS_EPOLL_H=1 -DNOTIFIER_EPOLL=1 -DHAVE_SYS_EVENTFD_H=1 -DHAVE_EVENTFD=1 -DHAVE_SYS_TIME_H=1 -DHAVE_GMTIME_R=1 -DHAVE_LOCALTIME_R=1 -DHAVE_TM_GMTOFF=1 -DHAVE_TIMEZONE_VAR=1 -DHAVE_STRUCT_STAT_ST_BLOCKS=1 -DHAVE_STRUCT_STAT_ST_BLKSIZE=1 -DHAVE_STRUCT_STAT_ST_RDEV=1 -DHAVE_BLKCNT_T=1 -DHAVE_INTPTR_T=1 -DHAVE_UINTPTR_T=1 -DNO_UNION_WAIT=1 -DHAVE_SIGNED_CHAR=1 -DHAVE_LANGINFO=1 -DHAVE_CFMAKERAW=1 -DHAVE_MKSTEMPS=1 -DHAVE_FTS=1 -DHAVE_SYS_IOCTL_H=1 -DTCL_UNLOAD_DLLS=1 -DHAVE_CPUID=1 -DZIPFS_BUILD=1    -DMP_FIXED_CUTOFFS -DBUILD_tcl /home/builder/build/src/tcl9.0.1/generic/tclScan.c
clang -c -I"." -I/home/builder/build/src/tcl9.0.1/unix -I/home/builder/build/src/tcl9.0.1/generic -I/home/builder/build/src/tcl9.0.1/libtommath -O2 -march=x86-64-v3 -O2 -pipe -fno-plt -fexceptions         -Wp,-D_FORTIFY_SOURCE=3 -fstack-clash-protection -fcf-protection -pipe -m64 -finput-charset=UTF-8  -Wall -Wextra -Wshadow -Wundef -Wwrite-strings -Wpointer-arith -Wc++-compat -fextended-identifiers -fPIC -fno-common -DPACKAGE_NAME=\"tcl\" -DPACKAGE_TARNAME=\"tcl\" -DPACKAGE_VERSION=\"9.0\" -DPACKAGE_STRING=\"tcl\ 9.0\" -DPACKAGE_BUGREPORT=\"\" -DPACKAGE_URL=\"\" -DHAVE_STDIO_H=1 -DHAVE_STDLIB_H=1 -DHAVE_STRING_H=1 -DHAVE_INTTYPES_H=1 -DHAVE_STDINT_H=1 -DHAVE_STRINGS_H=1 -DHAVE_SYS_STAT_H=1 -DHAVE_SYS_TYPES_H=1 -DHAVE_UNISTD_H=1 -DHAVE_SYS_TIME_H=1 -DSTDC_HEADERS=1 -DHAVE_SYS_PARAM_H=1 -DTCL_CFGVAL_ENCODING=\"utf-8\" -D_REENTRANT=1 -D_THREAD_SAFE=1 -DHAVE_PTHREAD_ATTR_SETSTACKSIZE=1 -DHAVE_PTHREAD_ATFORK=1 -DHAVE_DECL_PTHREAD_MUTEX_RECURSIVE=1 -DMODULE_SCOPE=extern\ __attribute__\(\(__visibility__\(\"hidden\"\)\)\) -DHAVE_HIDDEN=1 -DTCL_CFG_DO64BIT=1 -DHAVE_CAST_TO_UNION=1 -DHAVE_STDBOOL_H=1 -DHAVE_VFORK=1 -DHAVE_POSIX_SPAWNP=1 -DHAVE_POSIX_SPAWN_FILE_ACTIONS_ADDDUP2=1 -DHAVE_POSIX_SPAWNATTR_SETFLAGS=1 -DTCL_SHLIB_EXT=\".so\" -DNDEBUG=1 -DTCL_CFG_OPTIMIZED=1 -DMP_PREC=4 -D_LARGEFILE64_SOURCE=1 -DTCL_WIDE_INT_IS_LONG=1 -DHAVE_GETCWD=1 -DHAVE_MKSTEMP=1 -DHAVE_WAITPID=1 -DHAVE_GETNAMEINFO=1 -DHAVE_GETADDRINFO=1 -DHAVE_FREEADDRINFO=1 -DHAVE_GAI_STRERROR=1 -DHAVE_STRUCT_ADDRINFO=1 -DHAVE_STRUCT_IN6_ADDR=1 -DHAVE_STRUCT_SOCKADDR_IN6=1 -DHAVE_STRUCT_SOCKADDR_STORAGE=1 -DHAVE_GETPWUID_R_5=1 -DHAVE_GETPWUID_R=1 -DHAVE_GETPWNAM_R_5=1 -DHAVE_GETPWNAM_R=1 -DHAVE_GETGRGID_R_5=1 -DHAVE_GETGRGID_R=1 -DHAVE_GETGRNAM_R_5=1 -DHAVE_GETGRNAM_R=1 -DHAVE_DECL_GETHOSTBYNAME_R=1 -DHAVE_GETHOSTBYNAME_R_6=1 -DHAVE_GETHOSTBYNAME_R=1 -DHAVE_DECL_GETHOSTBYADDR_R=1 -DHAVE_GETHOSTBYADDR_R_8=1 -DHAVE_GETHOSTBYADDR_R=1 -DHAVE_TERMIOS_H=1 -DHAVE_SYS_IOCTL_H=1 -DHAVE_PSELECT=1 -DHAVE_SYS_EPOLL_H=1 -DNOTIFIER_EPOLL=1 -DHAVE_SYS_EVENTFD_H=1 -DHAVE_EVENTFD=1 -DHAVE_SYS_TIME_H=1 -DHAVE_GMTIME_R=1 -DHAVE_LOCALTIME_R=1 -DHAVE_TM_GMTOFF=1 -DHAVE_TIMEZONE_VAR=1 -DHAVE_STRUCT_STAT_ST_BLOCKS=1 -DHAVE_STRUCT_STAT_ST_BLKSIZE=1 -DHAVE_STRUCT_STAT_ST_RDEV=1 -DHAVE_BLKCNT_T=1 -DHAVE_INTPTR_T=1 -DHAVE_UINTPTR_T=1 -DNO_UNION_WAIT=1 -DHAVE_SIGNED_CHAR=1 -DHAVE_LANGINFO=1 -DHAVE_CFMAKERAW=1 -DHAVE_MKSTEMPS=1 -DHAVE_FTS=1 -DHAVE_SYS_IOCTL_H=1 -DTCL_UNLOAD_DLLS=1 -DHAVE_CPUID=1 -DZIPFS_BUILD=1    -DMP_FIXED_CUTOFFS -DBUILD_tcl /home/builder/build/src/tcl9.0.1/generic/tclStringObj.c
clang -c -I"." -I/home/builder/build/src/tcl9.0.1/unix -I/home/builder/build/src/tcl9.0.1/generic -I/home/builder/build/src/tcl9.0.1/libtommath -O2 -march=x86-64-v3 -O2 -pipe -fno-plt -fexceptions         -Wp,-D_FORTIFY_SOURCE=3 -fstack-clash-protection -fcf-protection -pipe -m64 -finput-charset=UTF-8  -Wall -Wextra -Wshadow -Wundef -Wwrite-strings -Wpointer-arith -Wc++-compat -fextended-identifiers -fPIC -fno-common -DPACKAGE_NAME=\"tcl\" -DPACKAGE_TARNAME=\"tcl\" -DPACKAGE_VERSION=\"9.0\" -DPACKAGE_STRING=\"tcl\ 9.0\" -DPACKAGE_BUGREPORT=\"\" -DPACKAGE_URL=\"\" -DHAVE_STDIO_H=1 -DHAVE_STDLIB_H=1 -DHAVE_STRING_H=1 -DHAVE_INTTYPES_H=1 -DHAVE_STDINT_H=1 -DHAVE_STRINGS_H=1 -DHAVE_SYS_STAT_H=1 -DHAVE_SYS_TYPES_H=1 -DHAVE_UNISTD_H=1 -DHAVE_SYS_TIME_H=1 -DSTDC_HEADERS=1 -DHAVE_SYS_PARAM_H=1 -DTCL_CFGVAL_ENCODING=\"utf-8\" -D_REENTRANT=1 -D_THREAD_SAFE=1 -DHAVE_PTHREAD_ATTR_SETSTACKSIZE=1 -DHAVE_PTHREAD_ATFORK=1 -DHAVE_DECL_PTHREAD_MUTEX_RECURSIVE=1 -DMODULE_SCOPE=extern\ __attribute__\(\(__visibility__\(\"hidden\"\)\)\) -DHAVE_HIDDEN=1 -DTCL_CFG_DO64BIT=1 -DHAVE_CAST_TO_UNION=1 -DHAVE_STDBOOL_H=1 -DHAVE_VFORK=1 -DHAVE_POSIX_SPAWNP=1 -DHAVE_POSIX_SPAWN_FILE_ACTIONS_ADDDUP2=1 -DHAVE_POSIX_SPAWNATTR_SETFLAGS=1 -DTCL_SHLIB_EXT=\".so\" -DNDEBUG=1 -DTCL_CFG_OPTIMIZED=1 -DMP_PREC=4 -D_LARGEFILE64_SOURCE=1 -DTCL_WIDE_INT_IS_LONG=1 -DHAVE_GETCWD=1 -DHAVE_MKSTEMP=1 -DHAVE_WAITPID=1 -DHAVE_GETNAMEINFO=1 -DHAVE_GETADDRINFO=1 -DHAVE_FREEADDRINFO=1 -DHAVE_GAI_STRERROR=1 -DHAVE_STRUCT_ADDRINFO=1 -DHAVE_STRUCT_IN6_ADDR=1 -DHAVE_STRUCT_SOCKADDR_IN6=1 -DHAVE_STRUCT_SOCKADDR_STORAGE=1 -DHAVE_GETPWUID_R_5=1 -DHAVE_GETPWUID_R=1 -DHAVE_GETPWNAM_R_5=1 -DHAVE_GETPWNAM_R=1 -DHAVE_GETGRGID_R_5=1 -DHAVE_GETGRGID_R=1 -DHAVE_GETGRNAM_R_5=1 -DHAVE_GETGRNAM_R=1 -DHAVE_DECL_GETHOSTBYNAME_R=1 -DHAVE_GETHOSTBYNAME_R_6=1 -DHAVE_GETHOSTBYNAME_R=1 -DHAVE_DECL_GETHOSTBYADDR_R=1 -DHAVE_GETHOSTBYADDR_R_8=1 -DHAVE_GETHOSTBYADDR_R=1 -DHAVE_TERMIOS_H=1 -DHAVE_SYS_IOCTL_H=1 -DHAVE_PSELECT=1 -DHAVE_SYS_EPOLL_H=1 -DNOTIFIER_EPOLL=1 -DHAVE_SYS_EVENTFD_H=1 -DHAVE_EVENTFD=1 -DHAVE_SYS_TIME_H=1 -DHAVE_GMTIME_R=1 -DHAVE_LOCALTIME_R=1 -DHAVE_TM_GMTOFF=1 -DHAVE_TIMEZONE_VAR=1 -DHAVE_STRUCT_STAT_ST_BLOCKS=1 -DHAVE_STRUCT_STAT_ST_BLKSIZE=1 -DHAVE_STRUCT_STAT_ST_RDEV=1 -DHAVE_BLKCNT_T=1 -DHAVE_INTPTR_T=1 -DHAVE_UINTPTR_T=1 -DNO_UNION_WAIT=1 -DHAVE_SIGNED_CHAR=1 -DHAVE_LANGINFO=1 -DHAVE_CFMAKERAW=1 -DHAVE_MKSTEMPS=1 -DHAVE_FTS=1 -DHAVE_SYS_IOCTL_H=1 -DTCL_UNLOAD_DLLS=1 -DHAVE_CPUID=1 -DZIPFS_BUILD=1    -DMP_FIXED_CUTOFFS -DBUILD_tcl /home/builder/build/src/tcl9.0.1/generic/tclStrIdxTree.c
clang -c -I"." -I/home/builder/build/src/tcl9.0.1/unix -I/home/builder/build/src/tcl9.0.1/generic -I/home/builder/build/src/tcl9.0.1/libtommath -O2 -march=x86-64-v3 -O2 -pipe -fno-plt -fexceptions         -Wp,-D_FORTIFY_SOURCE=3 -fstack-clash-protection -fcf-protection -pipe -m64 -finput-charset=UTF-8  -Wall -Wextra -Wshadow -Wundef -Wwrite-strings -Wpointer-arith -Wc++-compat -fextended-identifiers -fPIC -fno-common -DPACKAGE_NAME=\"tcl\" -DPACKAGE_TARNAME=\"tcl\" -DPACKAGE_VERSION=\"9.0\" -DPACKAGE_STRING=\"tcl\ 9.0\" -DPACKAGE_BUGREPORT=\"\" -DPACKAGE_URL=\"\" -DHAVE_STDIO_H=1 -DHAVE_STDLIB_H=1 -DHAVE_STRING_H=1 -DHAVE_INTTYPES_H=1 -DHAVE_STDINT_H=1 -DHAVE_STRINGS_H=1 -DHAVE_SYS_STAT_H=1 -DHAVE_SYS_TYPES_H=1 -DHAVE_UNISTD_H=1 -DHAVE_SYS_TIME_H=1 -DSTDC_HEADERS=1 -DHAVE_SYS_PARAM_H=1 -DTCL_CFGVAL_ENCODING=\"utf-8\" -D_REENTRANT=1 -D_THREAD_SAFE=1 -DHAVE_PTHREAD_ATTR_SETSTACKSIZE=1 -DHAVE_PTHREAD_ATFORK=1 -DHAVE_DECL_PTHREAD_MUTEX_RECURSIVE=1 -DMODULE_SCOPE=extern\ __attribute__\(\(__visibility__\(\"hidden\"\)\)\) -DHAVE_HIDDEN=1 -DTCL_CFG_DO64BIT=1 -DHAVE_CAST_TO_UNION=1 -DHAVE_STDBOOL_H=1 -DHAVE_VFORK=1 -DHAVE_POSIX_SPAWNP=1 -DHAVE_POSIX_SPAWN_FILE_ACTIONS_ADDDUP2=1 -DHAVE_POSIX_SPAWNATTR_SETFLAGS=1 -DTCL_SHLIB_EXT=\".so\" -DNDEBUG=1 -DTCL_CFG_OPTIMIZED=1 -DMP_PREC=4 -D_LARGEFILE64_SOURCE=1 -DTCL_WIDE_INT_IS_LONG=1 -DHAVE_GETCWD=1 -DHAVE_MKSTEMP=1 -DHAVE_WAITPID=1 -DHAVE_GETNAMEINFO=1 -DHAVE_GETADDRINFO=1 -DHAVE_FREEADDRINFO=1 -DHAVE_GAI_STRERROR=1 -DHAVE_STRUCT_ADDRINFO=1 -DHAVE_STRUCT_IN6_ADDR=1 -DHAVE_STRUCT_SOCKADDR_IN6=1 -DHAVE_STRUCT_SOCKADDR_STORAGE=1 -DHAVE_GETPWUID_R_5=1 -DHAVE_GETPWUID_R=1 -DHAVE_GETPWNAM_R_5=1 -DHAVE_GETPWNAM_R=1 -DHAVE_GETGRGID_R_5=1 -DHAVE_GETGRGID_R=1 -DHAVE_GETGRNAM_R_5=1 -DHAVE_GETGRNAM_R=1 -DHAVE_DECL_GETHOSTBYNAME_R=1 -DHAVE_GETHOSTBYNAME_R_6=1 -DHAVE_GETHOSTBYNAME_R=1 -DHAVE_DECL_GETHOSTBYADDR_R=1 -DHAVE_GETHOSTBYADDR_R_8=1 -DHAVE_GETHOSTBYADDR_R=1 -DHAVE_TERMIOS_H=1 -DHAVE_SYS_IOCTL_H=1 -DHAVE_PSELECT=1 -DHAVE_SYS_EPOLL_H=1 -DNOTIFIER_EPOLL=1 -DHAVE_SYS_EVENTFD_H=1 -DHAVE_EVENTFD=1 -DHAVE_SYS_TIME_H=1 -DHAVE_GMTIME_R=1 -DHAVE_LOCALTIME_R=1 -DHAVE_TM_GMTOFF=1 -DHAVE_TIMEZONE_VAR=1 -DHAVE_STRUCT_STAT_ST_BLOCKS=1 -DHAVE_STRUCT_STAT_ST_BLKSIZE=1 -DHAVE_STRUCT_STAT_ST_RDEV=1 -DHAVE_BLKCNT_T=1 -DHAVE_INTPTR_T=1 -DHAVE_UINTPTR_T=1 -DNO_UNION_WAIT=1 -DHAVE_SIGNED_CHAR=1 -DHAVE_LANGINFO=1 -DHAVE_CFMAKERAW=1 -DHAVE_MKSTEMPS=1 -DHAVE_FTS=1 -DHAVE_SYS_IOCTL_H=1 -DTCL_UNLOAD_DLLS=1 -DHAVE_CPUID=1 -DZIPFS_BUILD=1    -DMP_FIXED_CUTOFFS -DBUILD_tcl /home/builder/build/src/tcl9.0.1/generic/tclStrToD.c
clang -c -I"." -I/home/builder/build/src/tcl9.0.1/unix -I/home/builder/build/src/tcl9.0.1/generic -I/home/builder/build/src/tcl9.0.1/libtommath -O2 -march=x86-64-v3 -O2 -pipe -fno-plt -fexceptions         -Wp,-D_FORTIFY_SOURCE=3 -fstack-clash-protection -fcf-protection -pipe -m64 -finput-charset=UTF-8  -Wall -Wextra -Wshadow -Wundef -Wwrite-strings -Wpointer-arith -Wc++-compat -fextended-identifiers -fPIC -fno-common -DPACKAGE_NAME=\"tcl\" -DPACKAGE_TARNAME=\"tcl\" -DPACKAGE_VERSION=\"9.0\" -DPACKAGE_STRING=\"tcl\ 9.0\" -DPACKAGE_BUGREPORT=\"\" -DPACKAGE_URL=\"\" -DHAVE_STDIO_H=1 -DHAVE_STDLIB_H=1 -DHAVE_STRING_H=1 -DHAVE_INTTYPES_H=1 -DHAVE_STDINT_H=1 -DHAVE_STRINGS_H=1 -DHAVE_SYS_STAT_H=1 -DHAVE_SYS_TYPES_H=1 -DHAVE_UNISTD_H=1 -DHAVE_SYS_TIME_H=1 -DSTDC_HEADERS=1 -DHAVE_SYS_PARAM_H=1 -DTCL_CFGVAL_ENCODING=\"utf-8\" -D_REENTRANT=1 -D_THREAD_SAFE=1 -DHAVE_PTHREAD_ATTR_SETSTACKSIZE=1 -DHAVE_PTHREAD_ATFORK=1 -DHAVE_DECL_PTHREAD_MUTEX_RECURSIVE=1 -DMODULE_SCOPE=extern\ __attribute__\(\(__visibility__\(\"hidden\"\)\)\) -DHAVE_HIDDEN=1 -DTCL_CFG_DO64BIT=1 -DHAVE_CAST_TO_UNION=1 -DHAVE_STDBOOL_H=1 -DHAVE_VFORK=1 -DHAVE_POSIX_SPAWNP=1 -DHAVE_POSIX_SPAWN_FILE_ACTIONS_ADDDUP2=1 -DHAVE_POSIX_SPAWNATTR_SETFLAGS=1 -DTCL_SHLIB_EXT=\".so\" -DNDEBUG=1 -DTCL_CFG_OPTIMIZED=1 -DMP_PREC=4 -D_LARGEFILE64_SOURCE=1 -DTCL_WIDE_INT_IS_LONG=1 -DHAVE_GETCWD=1 -DHAVE_MKSTEMP=1 -DHAVE_WAITPID=1 -DHAVE_GETNAMEINFO=1 -DHAVE_GETADDRINFO=1 -DHAVE_FREEADDRINFO=1 -DHAVE_GAI_STRERROR=1 -DHAVE_STRUCT_ADDRINFO=1 -DHAVE_STRUCT_IN6_ADDR=1 -DHAVE_STRUCT_SOCKADDR_IN6=1 -DHAVE_STRUCT_SOCKADDR_STORAGE=1 -DHAVE_GETPWUID_R_5=1 -DHAVE_GETPWUID_R=1 -DHAVE_GETPWNAM_R_5=1 -DHAVE_GETPWNAM_R=1 -DHAVE_GETGRGID_R_5=1 -DHAVE_GETGRGID_R=1 -DHAVE_GETGRNAM_R_5=1 -DHAVE_GETGRNAM_R=1 -DHAVE_DECL_GETHOSTBYNAME_R=1 -DHAVE_GETHOSTBYNAME_R_6=1 -DHAVE_GETHOSTBYNAME_R=1 -DHAVE_DECL_GETHOSTBYADDR_R=1 -DHAVE_GETHOSTBYADDR_R_8=1 -DHAVE_GETHOSTBYADDR_R=1 -DHAVE_TERMIOS_H=1 -DHAVE_SYS_IOCTL_H=1 -DHAVE_PSELECT=1 -DHAVE_SYS_EPOLL_H=1 -DNOTIFIER_EPOLL=1 -DHAVE_SYS_EVENTFD_H=1 -DHAVE_EVENTFD=1 -DHAVE_SYS_TIME_H=1 -DHAVE_GMTIME_R=1 -DHAVE_LOCALTIME_R=1 -DHAVE_TM_GMTOFF=1 -DHAVE_TIMEZONE_VAR=1 -DHAVE_STRUCT_STAT_ST_BLOCKS=1 -DHAVE_STRUCT_STAT_ST_BLKSIZE=1 -DHAVE_STRUCT_STAT_ST_RDEV=1 -DHAVE_BLKCNT_T=1 -DHAVE_INTPTR_T=1 -DHAVE_UINTPTR_T=1 -DNO_UNION_WAIT=1 -DHAVE_SIGNED_CHAR=1 -DHAVE_LANGINFO=1 -DHAVE_CFMAKERAW=1 -DHAVE_MKSTEMPS=1 -DHAVE_FTS=1 -DHAVE_SYS_IOCTL_H=1 -DTCL_UNLOAD_DLLS=1 -DHAVE_CPUID=1 -DZIPFS_BUILD=1    -DMP_FIXED_CUTOFFS -DBUILD_tcl /home/builder/build/src/tcl9.0.1/generic/tclThread.c
clang -c -I"." -I/home/builder/build/src/tcl9.0.1/unix -I/home/builder/build/src/tcl9.0.1/generic -I/home/builder/build/src/tcl9.0.1/libtommath -O2 -march=x86-64-v3 -O2 -pipe -fno-plt -fexceptions         -Wp,-D_FORTIFY_SOURCE=3 -fstack-clash-protection -fcf-protection -pipe -m64 -finput-charset=UTF-8  -Wall -Wextra -Wshadow -Wundef -Wwrite-strings -Wpointer-arith -Wc++-compat -fextended-identifiers -fPIC -fno-common -DPACKAGE_NAME=\"tcl\" -DPACKAGE_TARNAME=\"tcl\" -DPACKAGE_VERSION=\"9.0\" -DPACKAGE_STRING=\"tcl\ 9.0\" -DPACKAGE_BUGREPORT=\"\" -DPACKAGE_URL=\"\" -DHAVE_STDIO_H=1 -DHAVE_STDLIB_H=1 -DHAVE_STRING_H=1 -DHAVE_INTTYPES_H=1 -DHAVE_STDINT_H=1 -DHAVE_STRINGS_H=1 -DHAVE_SYS_STAT_H=1 -DHAVE_SYS_TYPES_H=1 -DHAVE_UNISTD_H=1 -DHAVE_SYS_TIME_H=1 -DSTDC_HEADERS=1 -DHAVE_SYS_PARAM_H=1 -DTCL_CFGVAL_ENCODING=\"utf-8\" -D_REENTRANT=1 -D_THREAD_SAFE=1 -DHAVE_PTHREAD_ATTR_SETSTACKSIZE=1 -DHAVE_PTHREAD_ATFORK=1 -DHAVE_DECL_PTHREAD_MUTEX_RECURSIVE=1 -DMODULE_SCOPE=extern\ __attribute__\(\(__visibility__\(\"hidden\"\)\)\) -DHAVE_HIDDEN=1 -DTCL_CFG_DO64BIT=1 -DHAVE_CAST_TO_UNION=1 -DHAVE_STDBOOL_H=1 -DHAVE_VFORK=1 -DHAVE_POSIX_SPAWNP=1 -DHAVE_POSIX_SPAWN_FILE_ACTIONS_ADDDUP2=1 -DHAVE_POSIX_SPAWNATTR_SETFLAGS=1 -DTCL_SHLIB_EXT=\".so\" -DNDEBUG=1 -DTCL_CFG_OPTIMIZED=1 -DMP_PREC=4 -D_LARGEFILE64_SOURCE=1 -DTCL_WIDE_INT_IS_LONG=1 -DHAVE_GETCWD=1 -DHAVE_MKSTEMP=1 -DHAVE_WAITPID=1 -DHAVE_GETNAMEINFO=1 -DHAVE_GETADDRINFO=1 -DHAVE_FREEADDRINFO=1 -DHAVE_GAI_STRERROR=1 -DHAVE_STRUCT_ADDRINFO=1 -DHAVE_STRUCT_IN6_ADDR=1 -DHAVE_STRUCT_SOCKADDR_IN6=1 -DHAVE_STRUCT_SOCKADDR_STORAGE=1 -DHAVE_GETPWUID_R_5=1 -DHAVE_GETPWUID_R=1 -DHAVE_GETPWNAM_R_5=1 -DHAVE_GETPWNAM_R=1 -DHAVE_GETGRGID_R_5=1 -DHAVE_GETGRGID_R=1 -DHAVE_GETGRNAM_R_5=1 -DHAVE_GETGRNAM_R=1 -DHAVE_DECL_GETHOSTBYNAME_R=1 -DHAVE_GETHOSTBYNAME_R_6=1 -DHAVE_GETHOSTBYNAME_R=1 -DHAVE_DECL_GETHOSTBYADDR_R=1 -DHAVE_GETHOSTBYADDR_R_8=1 -DHAVE_GETHOSTBYADDR_R=1 -DHAVE_TERMIOS_H=1 -DHAVE_SYS_IOCTL_H=1 -DHAVE_PSELECT=1 -DHAVE_SYS_EPOLL_H=1 -DNOTIFIER_EPOLL=1 -DHAVE_SYS_EVENTFD_H=1 -DHAVE_EVENTFD=1 -DHAVE_SYS_TIME_H=1 -DHAVE_GMTIME_R=1 -DHAVE_LOCALTIME_R=1 -DHAVE_TM_GMTOFF=1 -DHAVE_TIMEZONE_VAR=1 -DHAVE_STRUCT_STAT_ST_BLOCKS=1 -DHAVE_STRUCT_STAT_ST_BLKSIZE=1 -DHAVE_STRUCT_STAT_ST_RDEV=1 -DHAVE_BLKCNT_T=1 -DHAVE_INTPTR_T=1 -DHAVE_UINTPTR_T=1 -DNO_UNION_WAIT=1 -DHAVE_SIGNED_CHAR=1 -DHAVE_LANGINFO=1 -DHAVE_CFMAKERAW=1 -DHAVE_MKSTEMPS=1 -DHAVE_FTS=1 -DHAVE_SYS_IOCTL_H=1 -DTCL_UNLOAD_DLLS=1 -DHAVE_CPUID=1 -DZIPFS_BUILD=1    -DMP_FIXED_CUTOFFS -DBUILD_tcl /home/builder/build/src/tcl9.0.1/generic/tclThreadAlloc.c
clang -c -I"." -I/home/builder/build/src/tcl9.0.1/unix -I/home/builder/build/src/tcl9.0.1/generic -I/home/builder/build/src/tcl9.0.1/libtommath -O2 -march=x86-64-v3 -O2 -pipe -fno-plt -fexceptions         -Wp,-D_FORTIFY_SOURCE=3 -fstack-clash-protection -fcf-protection -pipe -m64 -finput-charset=UTF-8  -Wall -Wextra -Wshadow -Wundef -Wwrite-strings -Wpointer-arith -Wc++-compat -fextended-identifiers -fPIC -fno-common -DPACKAGE_NAME=\"tcl\" -DPACKAGE_TARNAME=\"tcl\" -DPACKAGE_VERSION=\"9.0\" -DPACKAGE_STRING=\"tcl\ 9.0\" -DPACKAGE_BUGREPORT=\"\" -DPACKAGE_URL=\"\" -DHAVE_STDIO_H=1 -DHAVE_STDLIB_H=1 -DHAVE_STRING_H=1 -DHAVE_INTTYPES_H=1 -DHAVE_STDINT_H=1 -DHAVE_STRINGS_H=1 -DHAVE_SYS_STAT_H=1 -DHAVE_SYS_TYPES_H=1 -DHAVE_UNISTD_H=1 -DHAVE_SYS_TIME_H=1 -DSTDC_HEADERS=1 -DHAVE_SYS_PARAM_H=1 -DTCL_CFGVAL_ENCODING=\"utf-8\" -D_REENTRANT=1 -D_THREAD_SAFE=1 -DHAVE_PTHREAD_ATTR_SETSTACKSIZE=1 -DHAVE_PTHREAD_ATFORK=1 -DHAVE_DECL_PTHREAD_MUTEX_RECURSIVE=1 -DMODULE_SCOPE=extern\ __attribute__\(\(__visibility__\(\"hidden\"\)\)\) -DHAVE_HIDDEN=1 -DTCL_CFG_DO64BIT=1 -DHAVE_CAST_TO_UNION=1 -DHAVE_STDBOOL_H=1 -DHAVE_VFORK=1 -DHAVE_POSIX_SPAWNP=1 -DHAVE_POSIX_SPAWN_FILE_ACTIONS_ADDDUP2=1 -DHAVE_POSIX_SPAWNATTR_SETFLAGS=1 -DTCL_SHLIB_EXT=\".so\" -DNDEBUG=1 -DTCL_CFG_OPTIMIZED=1 -DMP_PREC=4 -D_LARGEFILE64_SOURCE=1 -DTCL_WIDE_INT_IS_LONG=1 -DHAVE_GETCWD=1 -DHAVE_MKSTEMP=1 -DHAVE_WAITPID=1 -DHAVE_GETNAMEINFO=1 -DHAVE_GETADDRINFO=1 -DHAVE_FREEADDRINFO=1 -DHAVE_GAI_STRERROR=1 -DHAVE_STRUCT_ADDRINFO=1 -DHAVE_STRUCT_IN6_ADDR=1 -DHAVE_STRUCT_SOCKADDR_IN6=1 -DHAVE_STRUCT_SOCKADDR_STORAGE=1 -DHAVE_GETPWUID_R_5=1 -DHAVE_GETPWUID_R=1 -DHAVE_GETPWNAM_R_5=1 -DHAVE_GETPWNAM_R=1 -DHAVE_GETGRGID_R_5=1 -DHAVE_GETGRGID_R=1 -DHAVE_GETGRNAM_R_5=1 -DHAVE_GETGRNAM_R=1 -DHAVE_DECL_GETHOSTBYNAME_R=1 -DHAVE_GETHOSTBYNAME_R_6=1 -DHAVE_GETHOSTBYNAME_R=1 -DHAVE_DECL_GETHOSTBYADDR_R=1 -DHAVE_GETHOSTBYADDR_R_8=1 -DHAVE_GETHOSTBYADDR_R=1 -DHAVE_TERMIOS_H=1 -DHAVE_SYS_IOCTL_H=1 -DHAVE_PSELECT=1 -DHAVE_SYS_EPOLL_H=1 -DNOTIFIER_EPOLL=1 -DHAVE_SYS_EVENTFD_H=1 -DHAVE_EVENTFD=1 -DHAVE_SYS_TIME_H=1 -DHAVE_GMTIME_R=1 -DHAVE_LOCALTIME_R=1 -DHAVE_TM_GMTOFF=1 -DHAVE_TIMEZONE_VAR=1 -DHAVE_STRUCT_STAT_ST_BLOCKS=1 -DHAVE_STRUCT_STAT_ST_BLKSIZE=1 -DHAVE_STRUCT_STAT_ST_RDEV=1 -DHAVE_BLKCNT_T=1 -DHAVE_INTPTR_T=1 -DHAVE_UINTPTR_T=1 -DNO_UNION_WAIT=1 -DHAVE_SIGNED_CHAR=1 -DHAVE_LANGINFO=1 -DHAVE_CFMAKERAW=1 -DHAVE_MKSTEMPS=1 -DHAVE_FTS=1 -DHAVE_SYS_IOCTL_H=1 -DTCL_UNLOAD_DLLS=1 -DHAVE_CPUID=1 -DZIPFS_BUILD=1    -DMP_FIXED_CUTOFFS -DBUILD_tcl /home/builder/build/src/tcl9.0.1/generic/tclThreadJoin.c
clang -c -I"." -I/home/builder/build/src/tcl9.0.1/unix -I/home/builder/build/src/tcl9.0.1/generic -I/home/builder/build/src/tcl9.0.1/libtommath -O2 -march=x86-64-v3 -O2 -pipe -fno-plt -fexceptions         -Wp,-D_FORTIFY_SOURCE=3 -fstack-clash-protection -fcf-protection -pipe -m64 -finput-charset=UTF-8  -Wall -Wextra -Wshadow -Wundef -Wwrite-strings -Wpointer-arith -Wc++-compat -fextended-identifiers -fPIC -fno-common -DPACKAGE_NAME=\"tcl\" -DPACKAGE_TARNAME=\"tcl\" -DPACKAGE_VERSION=\"9.0\" -DPACKAGE_STRING=\"tcl\ 9.0\" -DPACKAGE_BUGREPORT=\"\" -DPACKAGE_URL=\"\" -DHAVE_STDIO_H=1 -DHAVE_STDLIB_H=1 -DHAVE_STRING_H=1 -DHAVE_INTTYPES_H=1 -DHAVE_STDINT_H=1 -DHAVE_STRINGS_H=1 -DHAVE_SYS_STAT_H=1 -DHAVE_SYS_TYPES_H=1 -DHAVE_UNISTD_H=1 -DHAVE_SYS_TIME_H=1 -DSTDC_HEADERS=1 -DHAVE_SYS_PARAM_H=1 -DTCL_CFGVAL_ENCODING=\"utf-8\" -D_REENTRANT=1 -D_THREAD_SAFE=1 -DHAVE_PTHREAD_ATTR_SETSTACKSIZE=1 -DHAVE_PTHREAD_ATFORK=1 -DHAVE_DECL_PTHREAD_MUTEX_RECURSIVE=1 -DMODULE_SCOPE=extern\ __attribute__\(\(__visibility__\(\"hidden\"\)\)\) -DHAVE_HIDDEN=1 -DTCL_CFG_DO64BIT=1 -DHAVE_CAST_TO_UNION=1 -DHAVE_STDBOOL_H=1 -DHAVE_VFORK=1 -DHAVE_POSIX_SPAWNP=1 -DHAVE_POSIX_SPAWN_FILE_ACTIONS_ADDDUP2=1 -DHAVE_POSIX_SPAWNATTR_SETFLAGS=1 -DTCL_SHLIB_EXT=\".so\" -DNDEBUG=1 -DTCL_CFG_OPTIMIZED=1 -DMP_PREC=4 -D_LARGEFILE64_SOURCE=1 -DTCL_WIDE_INT_IS_LONG=1 -DHAVE_GETCWD=1 -DHAVE_MKSTEMP=1 -DHAVE_WAITPID=1 -DHAVE_GETNAMEINFO=1 -DHAVE_GETADDRINFO=1 -DHAVE_FREEADDRINFO=1 -DHAVE_GAI_STRERROR=1 -DHAVE_STRUCT_ADDRINFO=1 -DHAVE_STRUCT_IN6_ADDR=1 -DHAVE_STRUCT_SOCKADDR_IN6=1 -DHAVE_STRUCT_SOCKADDR_STORAGE=1 -DHAVE_GETPWUID_R_5=1 -DHAVE_GETPWUID_R=1 -DHAVE_GETPWNAM_R_5=1 -DHAVE_GETPWNAM_R=1 -DHAVE_GETGRGID_R_5=1 -DHAVE_GETGRGID_R=1 -DHAVE_GETGRNAM_R_5=1 -DHAVE_GETGRNAM_R=1 -DHAVE_DECL_GETHOSTBYNAME_R=1 -DHAVE_GETHOSTBYNAME_R_6=1 -DHAVE_GETHOSTBYNAME_R=1 -DHAVE_DECL_GETHOSTBYADDR_R=1 -DHAVE_GETHOSTBYADDR_R_8=1 -DHAVE_GETHOSTBYADDR_R=1 -DHAVE_TERMIOS_H=1 -DHAVE_SYS_IOCTL_H=1 -DHAVE_PSELECT=1 -DHAVE_SYS_EPOLL_H=1 -DNOTIFIER_EPOLL=1 -DHAVE_SYS_EVENTFD_H=1 -DHAVE_EVENTFD=1 -DHAVE_SYS_TIME_H=1 -DHAVE_GMTIME_R=1 -DHAVE_LOCALTIME_R=1 -DHAVE_TM_GMTOFF=1 -DHAVE_TIMEZONE_VAR=1 -DHAVE_STRUCT_STAT_ST_BLOCKS=1 -DHAVE_STRUCT_STAT_ST_BLKSIZE=1 -DHAVE_STRUCT_STAT_ST_RDEV=1 -DHAVE_BLKCNT_T=1 -DHAVE_INTPTR_T=1 -DHAVE_UINTPTR_T=1 -DNO_UNION_WAIT=1 -DHAVE_SIGNED_CHAR=1 -DHAVE_LANGINFO=1 -DHAVE_CFMAKERAW=1 -DHAVE_MKSTEMPS=1 -DHAVE_FTS=1 -DHAVE_SYS_IOCTL_H=1 -DTCL_UNLOAD_DLLS=1 -DHAVE_CPUID=1 -DZIPFS_BUILD=1    -DMP_FIXED_CUTOFFS -DBUILD_tcl /home/builder/build/src/tcl9.0.1/generic/tclThreadStorage.c
clang -c -I"." -I/home/builder/build/src/tcl9.0.1/unix -I/home/builder/build/src/tcl9.0.1/generic -I/home/builder/build/src/tcl9.0.1/libtommath -O2 -march=x86-64-v3 -O2 -pipe -fno-plt -fexceptions         -Wp,-D_FORTIFY_SOURCE=3 -fstack-clash-protection -fcf-protection -pipe -m64 -finput-charset=UTF-8  -Wall -Wextra -Wshadow -Wundef -Wwrite-strings -Wpointer-arith -Wc++-compat -fextended-identifiers -fPIC -fno-common -DPACKAGE_NAME=\"tcl\" -DPACKAGE_TARNAME=\"tcl\" -DPACKAGE_VERSION=\"9.0\" -DPACKAGE_STRING=\"tcl\ 9.0\" -DPACKAGE_BUGREPORT=\"\" -DPACKAGE_URL=\"\" -DHAVE_STDIO_H=1 -DHAVE_STDLIB_H=1 -DHAVE_STRING_H=1 -DHAVE_INTTYPES_H=1 -DHAVE_STDINT_H=1 -DHAVE_STRINGS_H=1 -DHAVE_SYS_STAT_H=1 -DHAVE_SYS_TYPES_H=1 -DHAVE_UNISTD_H=1 -DHAVE_SYS_TIME_H=1 -DSTDC_HEADERS=1 -DHAVE_SYS_PARAM_H=1 -DTCL_CFGVAL_ENCODING=\"utf-8\" -D_REENTRANT=1 -D_THREAD_SAFE=1 -DHAVE_PTHREAD_ATTR_SETSTACKSIZE=1 -DHAVE_PTHREAD_ATFORK=1 -DHAVE_DECL_PTHREAD_MUTEX_RECURSIVE=1 -DMODULE_SCOPE=extern\ __attribute__\(\(__visibility__\(\"hidden\"\)\)\) -DHAVE_HIDDEN=1 -DTCL_CFG_DO64BIT=1 -DHAVE_CAST_TO_UNION=1 -DHAVE_STDBOOL_H=1 -DHAVE_VFORK=1 -DHAVE_POSIX_SPAWNP=1 -DHAVE_POSIX_SPAWN_FILE_ACTIONS_ADDDUP2=1 -DHAVE_POSIX_SPAWNATTR_SETFLAGS=1 -DTCL_SHLIB_EXT=\".so\" -DNDEBUG=1 -DTCL_CFG_OPTIMIZED=1 -DMP_PREC=4 -D_LARGEFILE64_SOURCE=1 -DTCL_WIDE_INT_IS_LONG=1 -DHAVE_GETCWD=1 -DHAVE_MKSTEMP=1 -DHAVE_WAITPID=1 -DHAVE_GETNAMEINFO=1 -DHAVE_GETADDRINFO=1 -DHAVE_FREEADDRINFO=1 -DHAVE_GAI_STRERROR=1 -DHAVE_STRUCT_ADDRINFO=1 -DHAVE_STRUCT_IN6_ADDR=1 -DHAVE_STRUCT_SOCKADDR_IN6=1 -DHAVE_STRUCT_SOCKADDR_STORAGE=1 -DHAVE_GETPWUID_R_5=1 -DHAVE_GETPWUID_R=1 -DHAVE_GETPWNAM_R_5=1 -DHAVE_GETPWNAM_R=1 -DHAVE_GETGRGID_R_5=1 -DHAVE_GETGRGID_R=1 -DHAVE_GETGRNAM_R_5=1 -DHAVE_GETGRNAM_R=1 -DHAVE_DECL_GETHOSTBYNAME_R=1 -DHAVE_GETHOSTBYNAME_R_6=1 -DHAVE_GETHOSTBYNAME_R=1 -DHAVE_DECL_GETHOSTBYADDR_R=1 -DHAVE_GETHOSTBYADDR_R_8=1 -DHAVE_GETHOSTBYADDR_R=1 -DHAVE_TERMIOS_H=1 -DHAVE_SYS_IOCTL_H=1 -DHAVE_PSELECT=1 -DHAVE_SYS_EPOLL_H=1 -DNOTIFIER_EPOLL=1 -DHAVE_SYS_EVENTFD_H=1 -DHAVE_EVENTFD=1 -DHAVE_SYS_TIME_H=1 -DHAVE_GMTIME_R=1 -DHAVE_LOCALTIME_R=1 -DHAVE_TM_GMTOFF=1 -DHAVE_TIMEZONE_VAR=1 -DHAVE_STRUCT_STAT_ST_BLOCKS=1 -DHAVE_STRUCT_STAT_ST_BLKSIZE=1 -DHAVE_STRUCT_STAT_ST_RDEV=1 -DHAVE_BLKCNT_T=1 -DHAVE_INTPTR_T=1 -DHAVE_UINTPTR_T=1 -DNO_UNION_WAIT=1 -DHAVE_SIGNED_CHAR=1 -DHAVE_LANGINFO=1 -DHAVE_CFMAKERAW=1 -DHAVE_MKSTEMPS=1 -DHAVE_FTS=1 -DHAVE_SYS_IOCTL_H=1 -DTCL_UNLOAD_DLLS=1 -DHAVE_CPUID=1 -DZIPFS_BUILD=1    -DMP_FIXED_CUTOFFS -DBUILD_tcl /home/builder/build/src/tcl9.0.1/generic/tclStubInit.c
clang -c -I"." -I/home/builder/build/src/tcl9.0.1/unix -I/home/builder/build/src/tcl9.0.1/generic -I/home/builder/build/src/tcl9.0.1/libtommath -O2 -march=x86-64-v3 -O2 -pipe -fno-plt -fexceptions         -Wp,-D_FORTIFY_SOURCE=3 -fstack-clash-protection -fcf-protection -pipe -m64 -finput-charset=UTF-8  -Wall -Wextra -Wshadow -Wundef -Wwrite-strings -Wpointer-arith -Wc++-compat -fextended-identifiers -fPIC -fno-common -DPACKAGE_NAME=\"tcl\" -DPACKAGE_TARNAME=\"tcl\" -DPACKAGE_VERSION=\"9.0\" -DPACKAGE_STRING=\"tcl\ 9.0\" -DPACKAGE_BUGREPORT=\"\" -DPACKAGE_URL=\"\" -DHAVE_STDIO_H=1 -DHAVE_STDLIB_H=1 -DHAVE_STRING_H=1 -DHAVE_INTTYPES_H=1 -DHAVE_STDINT_H=1 -DHAVE_STRINGS_H=1 -DHAVE_SYS_STAT_H=1 -DHAVE_SYS_TYPES_H=1 -DHAVE_UNISTD_H=1 -DHAVE_SYS_TIME_H=1 -DSTDC_HEADERS=1 -DHAVE_SYS_PARAM_H=1 -DTCL_CFGVAL_ENCODING=\"utf-8\" -D_REENTRANT=1 -D_THREAD_SAFE=1 -DHAVE_PTHREAD_ATTR_SETSTACKSIZE=1 -DHAVE_PTHREAD_ATFORK=1 -DHAVE_DECL_PTHREAD_MUTEX_RECURSIVE=1 -DMODULE_SCOPE=extern\ __attribute__\(\(__visibility__\(\"hidden\"\)\)\) -DHAVE_HIDDEN=1 -DTCL_CFG_DO64BIT=1 -DHAVE_CAST_TO_UNION=1 -DHAVE_STDBOOL_H=1 -DHAVE_VFORK=1 -DHAVE_POSIX_SPAWNP=1 -DHAVE_POSIX_SPAWN_FILE_ACTIONS_ADDDUP2=1 -DHAVE_POSIX_SPAWNATTR_SETFLAGS=1 -DTCL_SHLIB_EXT=\".so\" -DNDEBUG=1 -DTCL_CFG_OPTIMIZED=1 -DMP_PREC=4 -D_LARGEFILE64_SOURCE=1 -DTCL_WIDE_INT_IS_LONG=1 -DHAVE_GETCWD=1 -DHAVE_MKSTEMP=1 -DHAVE_WAITPID=1 -DHAVE_GETNAMEINFO=1 -DHAVE_GETADDRINFO=1 -DHAVE_FREEADDRINFO=1 -DHAVE_GAI_STRERROR=1 -DHAVE_STRUCT_ADDRINFO=1 -DHAVE_STRUCT_IN6_ADDR=1 -DHAVE_STRUCT_SOCKADDR_IN6=1 -DHAVE_STRUCT_SOCKADDR_STORAGE=1 -DHAVE_GETPWUID_R_5=1 -DHAVE_GETPWUID_R=1 -DHAVE_GETPWNAM_R_5=1 -DHAVE_GETPWNAM_R=1 -DHAVE_GETGRGID_R_5=1 -DHAVE_GETGRGID_R=1 -DHAVE_GETGRNAM_R_5=1 -DHAVE_GETGRNAM_R=1 -DHAVE_DECL_GETHOSTBYNAME_R=1 -DHAVE_GETHOSTBYNAME_R_6=1 -DHAVE_GETHOSTBYNAME_R=1 -DHAVE_DECL_GETHOSTBYADDR_R=1 -DHAVE_GETHOSTBYADDR_R_8=1 -DHAVE_GETHOSTBYADDR_R=1 -DHAVE_TERMIOS_H=1 -DHAVE_SYS_IOCTL_H=1 -DHAVE_PSELECT=1 -DHAVE_SYS_EPOLL_H=1 -DNOTIFIER_EPOLL=1 -DHAVE_SYS_EVENTFD_H=1 -DHAVE_EVENTFD=1 -DHAVE_SYS_TIME_H=1 -DHAVE_GMTIME_R=1 -DHAVE_LOCALTIME_R=1 -DHAVE_TM_GMTOFF=1 -DHAVE_TIMEZONE_VAR=1 -DHAVE_STRUCT_STAT_ST_BLOCKS=1 -DHAVE_STRUCT_STAT_ST_BLKSIZE=1 -DHAVE_STRUCT_STAT_ST_RDEV=1 -DHAVE_BLKCNT_T=1 -DHAVE_INTPTR_T=1 -DHAVE_UINTPTR_T=1 -DNO_UNION_WAIT=1 -DHAVE_SIGNED_CHAR=1 -DHAVE_LANGINFO=1 -DHAVE_CFMAKERAW=1 -DHAVE_MKSTEMPS=1 -DHAVE_FTS=1 -DHAVE_SYS_IOCTL_H=1 -DTCL_UNLOAD_DLLS=1 -DHAVE_CPUID=1 -DZIPFS_BUILD=1    -DMP_FIXED_CUTOFFS -DBUILD_tcl /home/builder/build/src/tcl9.0.1/generic/tclTimer.c
clang -c -I"." -I/home/builder/build/src/tcl9.0.1/unix -I/home/builder/build/src/tcl9.0.1/generic -I/home/builder/build/src/tcl9.0.1/libtommath -O2 -march=x86-64-v3 -O2 -pipe -fno-plt -fexceptions         -Wp,-D_FORTIFY_SOURCE=3 -fstack-clash-protection -fcf-protection -pipe -m64 -finput-charset=UTF-8  -Wall -Wextra -Wshadow -Wundef -Wwrite-strings -Wpointer-arith -Wc++-compat -fextended-identifiers -fPIC -fno-common -DPACKAGE_NAME=\"tcl\" -DPACKAGE_TARNAME=\"tcl\" -DPACKAGE_VERSION=\"9.0\" -DPACKAGE_STRING=\"tcl\ 9.0\" -DPACKAGE_BUGREPORT=\"\" -DPACKAGE_URL=\"\" -DHAVE_STDIO_H=1 -DHAVE_STDLIB_H=1 -DHAVE_STRING_H=1 -DHAVE_INTTYPES_H=1 -DHAVE_STDINT_H=1 -DHAVE_STRINGS_H=1 -DHAVE_SYS_STAT_H=1 -DHAVE_SYS_TYPES_H=1 -DHAVE_UNISTD_H=1 -DHAVE_SYS_TIME_H=1 -DSTDC_HEADERS=1 -DHAVE_SYS_PARAM_H=1 -DTCL_CFGVAL_ENCODING=\"utf-8\" -D_REENTRANT=1 -D_THREAD_SAFE=1 -DHAVE_PTHREAD_ATTR_SETSTACKSIZE=1 -DHAVE_PTHREAD_ATFORK=1 -DHAVE_DECL_PTHREAD_MUTEX_RECURSIVE=1 -DMODULE_SCOPE=extern\ __attribute__\(\(__visibility__\(\"hidden\"\)\)\) -DHAVE_HIDDEN=1 -DTCL_CFG_DO64BIT=1 -DHAVE_CAST_TO_UNION=1 -DHAVE_STDBOOL_H=1 -DHAVE_VFORK=1 -DHAVE_POSIX_SPAWNP=1 -DHAVE_POSIX_SPAWN_FILE_ACTIONS_ADDDUP2=1 -DHAVE_POSIX_SPAWNATTR_SETFLAGS=1 -DTCL_SHLIB_EXT=\".so\" -DNDEBUG=1 -DTCL_CFG_OPTIMIZED=1 -DMP_PREC=4 -D_LARGEFILE64_SOURCE=1 -DTCL_WIDE_INT_IS_LONG=1 -DHAVE_GETCWD=1 -DHAVE_MKSTEMP=1 -DHAVE_WAITPID=1 -DHAVE_GETNAMEINFO=1 -DHAVE_GETADDRINFO=1 -DHAVE_FREEADDRINFO=1 -DHAVE_GAI_STRERROR=1 -DHAVE_STRUCT_ADDRINFO=1 -DHAVE_STRUCT_IN6_ADDR=1 -DHAVE_STRUCT_SOCKADDR_IN6=1 -DHAVE_STRUCT_SOCKADDR_STORAGE=1 -DHAVE_GETPWUID_R_5=1 -DHAVE_GETPWUID_R=1 -DHAVE_GETPWNAM_R_5=1 -DHAVE_GETPWNAM_R=1 -DHAVE_GETGRGID_R_5=1 -DHAVE_GETGRGID_R=1 -DHAVE_GETGRNAM_R_5=1 -DHAVE_GETGRNAM_R=1 -DHAVE_DECL_GETHOSTBYNAME_R=1 -DHAVE_GETHOSTBYNAME_R_6=1 -DHAVE_GETHOSTBYNAME_R=1 -DHAVE_DECL_GETHOSTBYADDR_R=1 -DHAVE_GETHOSTBYADDR_R_8=1 -DHAVE_GETHOSTBYADDR_R=1 -DHAVE_TERMIOS_H=1 -DHAVE_SYS_IOCTL_H=1 -DHAVE_PSELECT=1 -DHAVE_SYS_EPOLL_H=1 -DNOTIFIER_EPOLL=1 -DHAVE_SYS_EVENTFD_H=1 -DHAVE_EVENTFD=1 -DHAVE_SYS_TIME_H=1 -DHAVE_GMTIME_R=1 -DHAVE_LOCALTIME_R=1 -DHAVE_TM_GMTOFF=1 -DHAVE_TIMEZONE_VAR=1 -DHAVE_STRUCT_STAT_ST_BLOCKS=1 -DHAVE_STRUCT_STAT_ST_BLKSIZE=1 -DHAVE_STRUCT_STAT_ST_RDEV=1 -DHAVE_BLKCNT_T=1 -DHAVE_INTPTR_T=1 -DHAVE_UINTPTR_T=1 -DNO_UNION_WAIT=1 -DHAVE_SIGNED_CHAR=1 -DHAVE_LANGINFO=1 -DHAVE_CFMAKERAW=1 -DHAVE_MKSTEMPS=1 -DHAVE_FTS=1 -DHAVE_SYS_IOCTL_H=1 -DTCL_UNLOAD_DLLS=1 -DHAVE_CPUID=1 -DZIPFS_BUILD=1    -DMP_FIXED_CUTOFFS -DBUILD_tcl /home/builder/build/src/tcl9.0.1/generic/tclTrace.c
clang -c -I"." -I/home/builder/build/src/tcl9.0.1/unix -I/home/builder/build/src/tcl9.0.1/generic -I/home/builder/build/src/tcl9.0.1/libtommath -O2 -march=x86-64-v3 -O2 -pipe -fno-plt -fexceptions         -Wp,-D_FORTIFY_SOURCE=3 -fstack-clash-protection -fcf-protection -pipe -m64 -finput-charset=UTF-8  -Wall -Wextra -Wshadow -Wundef -Wwrite-strings -Wpointer-arith -Wc++-compat -fextended-identifiers -fPIC -fno-common -DPACKAGE_NAME=\"tcl\" -DPACKAGE_TARNAME=\"tcl\" -DPACKAGE_VERSION=\"9.0\" -DPACKAGE_STRING=\"tcl\ 9.0\" -DPACKAGE_BUGREPORT=\"\" -DPACKAGE_URL=\"\" -DHAVE_STDIO_H=1 -DHAVE_STDLIB_H=1 -DHAVE_STRING_H=1 -DHAVE_INTTYPES_H=1 -DHAVE_STDINT_H=1 -DHAVE_STRINGS_H=1 -DHAVE_SYS_STAT_H=1 -DHAVE_SYS_TYPES_H=1 -DHAVE_UNISTD_H=1 -DHAVE_SYS_TIME_H=1 -DSTDC_HEADERS=1 -DHAVE_SYS_PARAM_H=1 -DTCL_CFGVAL_ENCODING=\"utf-8\" -D_REENTRANT=1 -D_THREAD_SAFE=1 -DHAVE_PTHREAD_ATTR_SETSTACKSIZE=1 -DHAVE_PTHREAD_ATFORK=1 -DHAVE_DECL_PTHREAD_MUTEX_RECURSIVE=1 -DMODULE_SCOPE=extern\ __attribute__\(\(__visibility__\(\"hidden\"\)\)\) -DHAVE_HIDDEN=1 -DTCL_CFG_DO64BIT=1 -DHAVE_CAST_TO_UNION=1 -DHAVE_STDBOOL_H=1 -DHAVE_VFORK=1 -DHAVE_POSIX_SPAWNP=1 -DHAVE_POSIX_SPAWN_FILE_ACTIONS_ADDDUP2=1 -DHAVE_POSIX_SPAWNATTR_SETFLAGS=1 -DTCL_SHLIB_EXT=\".so\" -DNDEBUG=1 -DTCL_CFG_OPTIMIZED=1 -DMP_PREC=4 -D_LARGEFILE64_SOURCE=1 -DTCL_WIDE_INT_IS_LONG=1 -DHAVE_GETCWD=1 -DHAVE_MKSTEMP=1 -DHAVE_WAITPID=1 -DHAVE_GETNAMEINFO=1 -DHAVE_GETADDRINFO=1 -DHAVE_FREEADDRINFO=1 -DHAVE_GAI_STRERROR=1 -DHAVE_STRUCT_ADDRINFO=1 -DHAVE_STRUCT_IN6_ADDR=1 -DHAVE_STRUCT_SOCKADDR_IN6=1 -DHAVE_STRUCT_SOCKADDR_STORAGE=1 -DHAVE_GETPWUID_R_5=1 -DHAVE_GETPWUID_R=1 -DHAVE_GETPWNAM_R_5=1 -DHAVE_GETPWNAM_R=1 -DHAVE_GETGRGID_R_5=1 -DHAVE_GETGRGID_R=1 -DHAVE_GETGRNAM_R_5=1 -DHAVE_GETGRNAM_R=1 -DHAVE_DECL_GETHOSTBYNAME_R=1 -DHAVE_GETHOSTBYNAME_R_6=1 -DHAVE_GETHOSTBYNAME_R=1 -DHAVE_DECL_GETHOSTBYADDR_R=1 -DHAVE_GETHOSTBYADDR_R_8=1 -DHAVE_GETHOSTBYADDR_R=1 -DHAVE_TERMIOS_H=1 -DHAVE_SYS_IOCTL_H=1 -DHAVE_PSELECT=1 -DHAVE_SYS_EPOLL_H=1 -DNOTIFIER_EPOLL=1 -DHAVE_SYS_EVENTFD_H=1 -DHAVE_EVENTFD=1 -DHAVE_SYS_TIME_H=1 -DHAVE_GMTIME_R=1 -DHAVE_LOCALTIME_R=1 -DHAVE_TM_GMTOFF=1 -DHAVE_TIMEZONE_VAR=1 -DHAVE_STRUCT_STAT_ST_BLOCKS=1 -DHAVE_STRUCT_STAT_ST_BLKSIZE=1 -DHAVE_STRUCT_STAT_ST_RDEV=1 -DHAVE_BLKCNT_T=1 -DHAVE_INTPTR_T=1 -DHAVE_UINTPTR_T=1 -DNO_UNION_WAIT=1 -DHAVE_SIGNED_CHAR=1 -DHAVE_LANGINFO=1 -DHAVE_CFMAKERAW=1 -DHAVE_MKSTEMPS=1 -DHAVE_FTS=1 -DHAVE_SYS_IOCTL_H=1 -DTCL_UNLOAD_DLLS=1 -DHAVE_CPUID=1 -DZIPFS_BUILD=1    -DMP_FIXED_CUTOFFS -DBUILD_tcl /home/builder/build/src/tcl9.0.1/generic/tclUtf.c
clang -c -I"." -I/home/builder/build/src/tcl9.0.1/unix -I/home/builder/build/src/tcl9.0.1/generic -I/home/builder/build/src/tcl9.0.1/libtommath -O2 -march=x86-64-v3 -O2 -pipe -fno-plt -fexceptions         -Wp,-D_FORTIFY_SOURCE=3 -fstack-clash-protection -fcf-protection -pipe -m64 -finput-charset=UTF-8  -Wall -Wextra -Wshadow -Wundef -Wwrite-strings -Wpointer-arith -Wc++-compat -fextended-identifiers -fPIC -fno-common -DPACKAGE_NAME=\"tcl\" -DPACKAGE_TARNAME=\"tcl\" -DPACKAGE_VERSION=\"9.0\" -DPACKAGE_STRING=\"tcl\ 9.0\" -DPACKAGE_BUGREPORT=\"\" -DPACKAGE_URL=\"\" -DHAVE_STDIO_H=1 -DHAVE_STDLIB_H=1 -DHAVE_STRING_H=1 -DHAVE_INTTYPES_H=1 -DHAVE_STDINT_H=1 -DHAVE_STRINGS_H=1 -DHAVE_SYS_STAT_H=1 -DHAVE_SYS_TYPES_H=1 -DHAVE_UNISTD_H=1 -DHAVE_SYS_TIME_H=1 -DSTDC_HEADERS=1 -DHAVE_SYS_PARAM_H=1 -DTCL_CFGVAL_ENCODING=\"utf-8\" -D_REENTRANT=1 -D_THREAD_SAFE=1 -DHAVE_PTHREAD_ATTR_SETSTACKSIZE=1 -DHAVE_PTHREAD_ATFORK=1 -DHAVE_DECL_PTHREAD_MUTEX_RECURSIVE=1 -DMODULE_SCOPE=extern\ __attribute__\(\(__visibility__\(\"hidden\"\)\)\) -DHAVE_HIDDEN=1 -DTCL_CFG_DO64BIT=1 -DHAVE_CAST_TO_UNION=1 -DHAVE_STDBOOL_H=1 -DHAVE_VFORK=1 -DHAVE_POSIX_SPAWNP=1 -DHAVE_POSIX_SPAWN_FILE_ACTIONS_ADDDUP2=1 -DHAVE_POSIX_SPAWNATTR_SETFLAGS=1 -DTCL_SHLIB_EXT=\".so\" -DNDEBUG=1 -DTCL_CFG_OPTIMIZED=1 -DMP_PREC=4 -D_LARGEFILE64_SOURCE=1 -DTCL_WIDE_INT_IS_LONG=1 -DHAVE_GETCWD=1 -DHAVE_MKSTEMP=1 -DHAVE_WAITPID=1 -DHAVE_GETNAMEINFO=1 -DHAVE_GETADDRINFO=1 -DHAVE_FREEADDRINFO=1 -DHAVE_GAI_STRERROR=1 -DHAVE_STRUCT_ADDRINFO=1 -DHAVE_STRUCT_IN6_ADDR=1 -DHAVE_STRUCT_SOCKADDR_IN6=1 -DHAVE_STRUCT_SOCKADDR_STORAGE=1 -DHAVE_GETPWUID_R_5=1 -DHAVE_GETPWUID_R=1 -DHAVE_GETPWNAM_R_5=1 -DHAVE_GETPWNAM_R=1 -DHAVE_GETGRGID_R_5=1 -DHAVE_GETGRGID_R=1 -DHAVE_GETGRNAM_R_5=1 -DHAVE_GETGRNAM_R=1 -DHAVE_DECL_GETHOSTBYNAME_R=1 -DHAVE_GETHOSTBYNAME_R_6=1 -DHAVE_GETHOSTBYNAME_R=1 -DHAVE_DECL_GETHOSTBYADDR_R=1 -DHAVE_GETHOSTBYADDR_R_8=1 -DHAVE_GETHOSTBYADDR_R=1 -DHAVE_TERMIOS_H=1 -DHAVE_SYS_IOCTL_H=1 -DHAVE_PSELECT=1 -DHAVE_SYS_EPOLL_H=1 -DNOTIFIER_EPOLL=1 -DHAVE_SYS_EVENTFD_H=1 -DHAVE_EVENTFD=1 -DHAVE_SYS_TIME_H=1 -DHAVE_GMTIME_R=1 -DHAVE_LOCALTIME_R=1 -DHAVE_TM_GMTOFF=1 -DHAVE_TIMEZONE_VAR=1 -DHAVE_STRUCT_STAT_ST_BLOCKS=1 -DHAVE_STRUCT_STAT_ST_BLKSIZE=1 -DHAVE_STRUCT_STAT_ST_RDEV=1 -DHAVE_BLKCNT_T=1 -DHAVE_INTPTR_T=1 -DHAVE_UINTPTR_T=1 -DNO_UNION_WAIT=1 -DHAVE_SIGNED_CHAR=1 -DHAVE_LANGINFO=1 -DHAVE_CFMAKERAW=1 -DHAVE_MKSTEMPS=1 -DHAVE_FTS=1 -DHAVE_SYS_IOCTL_H=1 -DTCL_UNLOAD_DLLS=1 -DHAVE_CPUID=1 -DZIPFS_BUILD=1    -DMP_FIXED_CUTOFFS -DBUILD_tcl /home/builder/build/src/tcl9.0.1/generic/tclUtil.c
clang -c -I"." -I/home/builder/build/src/tcl9.0.1/unix -I/home/builder/build/src/tcl9.0.1/generic -I/home/builder/build/src/tcl9.0.1/libtommath -O2 -march=x86-64-v3 -O2 -pipe -fno-plt -fexceptions         -Wp,-D_FORTIFY_SOURCE=3 -fstack-clash-protection -fcf-protection -pipe -m64 -finput-charset=UTF-8  -Wall -Wextra -Wshadow -Wundef -Wwrite-strings -Wpointer-arith -Wc++-compat -fextended-identifiers -fPIC -fno-common -DPACKAGE_NAME=\"tcl\" -DPACKAGE_TARNAME=\"tcl\" -DPACKAGE_VERSION=\"9.0\" -DPACKAGE_STRING=\"tcl\ 9.0\" -DPACKAGE_BUGREPORT=\"\" -DPACKAGE_URL=\"\" -DHAVE_STDIO_H=1 -DHAVE_STDLIB_H=1 -DHAVE_STRING_H=1 -DHAVE_INTTYPES_H=1 -DHAVE_STDINT_H=1 -DHAVE_STRINGS_H=1 -DHAVE_SYS_STAT_H=1 -DHAVE_SYS_TYPES_H=1 -DHAVE_UNISTD_H=1 -DHAVE_SYS_TIME_H=1 -DSTDC_HEADERS=1 -DHAVE_SYS_PARAM_H=1 -DTCL_CFGVAL_ENCODING=\"utf-8\" -D_REENTRANT=1 -D_THREAD_SAFE=1 -DHAVE_PTHREAD_ATTR_SETSTACKSIZE=1 -DHAVE_PTHREAD_ATFORK=1 -DHAVE_DECL_PTHREAD_MUTEX_RECURSIVE=1 -DMODULE_SCOPE=extern\ __attribute__\(\(__visibility__\(\"hidden\"\)\)\) -DHAVE_HIDDEN=1 -DTCL_CFG_DO64BIT=1 -DHAVE_CAST_TO_UNION=1 -DHAVE_STDBOOL_H=1 -DHAVE_VFORK=1 -DHAVE_POSIX_SPAWNP=1 -DHAVE_POSIX_SPAWN_FILE_ACTIONS_ADDDUP2=1 -DHAVE_POSIX_SPAWNATTR_SETFLAGS=1 -DTCL_SHLIB_EXT=\".so\" -DNDEBUG=1 -DTCL_CFG_OPTIMIZED=1 -DMP_PREC=4 -D_LARGEFILE64_SOURCE=1 -DTCL_WIDE_INT_IS_LONG=1 -DHAVE_GETCWD=1 -DHAVE_MKSTEMP=1 -DHAVE_WAITPID=1 -DHAVE_GETNAMEINFO=1 -DHAVE_GETADDRINFO=1 -DHAVE_FREEADDRINFO=1 -DHAVE_GAI_STRERROR=1 -DHAVE_STRUCT_ADDRINFO=1 -DHAVE_STRUCT_IN6_ADDR=1 -DHAVE_STRUCT_SOCKADDR_IN6=1 -DHAVE_STRUCT_SOCKADDR_STORAGE=1 -DHAVE_GETPWUID_R_5=1 -DHAVE_GETPWUID_R=1 -DHAVE_GETPWNAM_R_5=1 -DHAVE_GETPWNAM_R=1 -DHAVE_GETGRGID_R_5=1 -DHAVE_GETGRGID_R=1 -DHAVE_GETGRNAM_R_5=1 -DHAVE_GETGRNAM_R=1 -DHAVE_DECL_GETHOSTBYNAME_R=1 -DHAVE_GETHOSTBYNAME_R_6=1 -DHAVE_GETHOSTBYNAME_R=1 -DHAVE_DECL_GETHOSTBYADDR_R=1 -DHAVE_GETHOSTBYADDR_R_8=1 -DHAVE_GETHOSTBYADDR_R=1 -DHAVE_TERMIOS_H=1 -DHAVE_SYS_IOCTL_H=1 -DHAVE_PSELECT=1 -DHAVE_SYS_EPOLL_H=1 -DNOTIFIER_EPOLL=1 -DHAVE_SYS_EVENTFD_H=1 -DHAVE_EVENTFD=1 -DHAVE_SYS_TIME_H=1 -DHAVE_GMTIME_R=1 -DHAVE_LOCALTIME_R=1 -DHAVE_TM_GMTOFF=1 -DHAVE_TIMEZONE_VAR=1 -DHAVE_STRUCT_STAT_ST_BLOCKS=1 -DHAVE_STRUCT_STAT_ST_BLKSIZE=1 -DHAVE_STRUCT_STAT_ST_RDEV=1 -DHAVE_BLKCNT_T=1 -DHAVE_INTPTR_T=1 -DHAVE_UINTPTR_T=1 -DNO_UNION_WAIT=1 -DHAVE_SIGNED_CHAR=1 -DHAVE_LANGINFO=1 -DHAVE_CFMAKERAW=1 -DHAVE_MKSTEMPS=1 -DHAVE_FTS=1 -DHAVE_SYS_IOCTL_H=1 -DTCL_UNLOAD_DLLS=1 -DHAVE_CPUID=1 -DZIPFS_BUILD=1    -DMP_FIXED_CUTOFFS -DBUILD_tcl /home/builder/build/src/tcl9.0.1/generic/tclVar.c
clang -c -I"." -I/home/builder/build/src/tcl9.0.1/unix -I/home/builder/build/src/tcl9.0.1/generic -I/home/builder/build/src/tcl9.0.1/libtommath -O2 -march=x86-64-v3 -O2 -pipe -fno-plt -fexceptions         -Wp,-D_FORTIFY_SOURCE=3 -fstack-clash-protection -fcf-protection -pipe -m64 -finput-charset=UTF-8  -Wall -Wextra -Wshadow -Wundef -Wwrite-strings -Wpointer-arith -Wc++-compat -fextended-identifiers -fPIC -fno-common -DPACKAGE_NAME=\"tcl\" -DPACKAGE_TARNAME=\"tcl\" -DPACKAGE_VERSION=\"9.0\" -DPACKAGE_STRING=\"tcl\ 9.0\" -DPACKAGE_BUGREPORT=\"\" -DPACKAGE_URL=\"\" -DHAVE_STDIO_H=1 -DHAVE_STDLIB_H=1 -DHAVE_STRING_H=1 -DHAVE_INTTYPES_H=1 -DHAVE_STDINT_H=1 -DHAVE_STRINGS_H=1 -DHAVE_SYS_STAT_H=1 -DHAVE_SYS_TYPES_H=1 -DHAVE_UNISTD_H=1 -DHAVE_SYS_TIME_H=1 -DSTDC_HEADERS=1 -DHAVE_SYS_PARAM_H=1 -DTCL_CFGVAL_ENCODING=\"utf-8\" -D_REENTRANT=1 -D_THREAD_SAFE=1 -DHAVE_PTHREAD_ATTR_SETSTACKSIZE=1 -DHAVE_PTHREAD_ATFORK=1 -DHAVE_DECL_PTHREAD_MUTEX_RECURSIVE=1 -DMODULE_SCOPE=extern\ __attribute__\(\(__visibility__\(\"hidden\"\)\)\) -DHAVE_HIDDEN=1 -DTCL_CFG_DO64BIT=1 -DHAVE_CAST_TO_UNION=1 -DHAVE_STDBOOL_H=1 -DHAVE_VFORK=1 -DHAVE_POSIX_SPAWNP=1 -DHAVE_POSIX_SPAWN_FILE_ACTIONS_ADDDUP2=1 -DHAVE_POSIX_SPAWNATTR_SETFLAGS=1 -DTCL_SHLIB_EXT=\".so\" -DNDEBUG=1 -DTCL_CFG_OPTIMIZED=1 -DMP_PREC=4 -D_LARGEFILE64_SOURCE=1 -DTCL_WIDE_INT_IS_LONG=1 -DHAVE_GETCWD=1 -DHAVE_MKSTEMP=1 -DHAVE_WAITPID=1 -DHAVE_GETNAMEINFO=1 -DHAVE_GETADDRINFO=1 -DHAVE_FREEADDRINFO=1 -DHAVE_GAI_STRERROR=1 -DHAVE_STRUCT_ADDRINFO=1 -DHAVE_STRUCT_IN6_ADDR=1 -DHAVE_STRUCT_SOCKADDR_IN6=1 -DHAVE_STRUCT_SOCKADDR_STORAGE=1 -DHAVE_GETPWUID_R_5=1 -DHAVE_GETPWUID_R=1 -DHAVE_GETPWNAM_R_5=1 -DHAVE_GETPWNAM_R=1 -DHAVE_GETGRGID_R_5=1 -DHAVE_GETGRGID_R=1 -DHAVE_GETGRNAM_R_5=1 -DHAVE_GETGRNAM_R=1 -DHAVE_DECL_GETHOSTBYNAME_R=1 -DHAVE_GETHOSTBYNAME_R_6=1 -DHAVE_GETHOSTBYNAME_R=1 -DHAVE_DECL_GETHOSTBYADDR_R=1 -DHAVE_GETHOSTBYADDR_R_8=1 -DHAVE_GETHOSTBYADDR_R=1 -DHAVE_TERMIOS_H=1 -DHAVE_SYS_IOCTL_H=1 -DHAVE_PSELECT=1 -DHAVE_SYS_EPOLL_H=1 -DNOTIFIER_EPOLL=1 -DHAVE_SYS_EVENTFD_H=1 -DHAVE_EVENTFD=1 -DHAVE_SYS_TIME_H=1 -DHAVE_GMTIME_R=1 -DHAVE_LOCALTIME_R=1 -DHAVE_TM_GMTOFF=1 -DHAVE_TIMEZONE_VAR=1 -DHAVE_STRUCT_STAT_ST_BLOCKS=1 -DHAVE_STRUCT_STAT_ST_BLKSIZE=1 -DHAVE_STRUCT_STAT_ST_RDEV=1 -DHAVE_BLKCNT_T=1 -DHAVE_INTPTR_T=1 -DHAVE_UINTPTR_T=1 -DNO_UNION_WAIT=1 -DHAVE_SIGNED_CHAR=1 -DHAVE_LANGINFO=1 -DHAVE_CFMAKERAW=1 -DHAVE_MKSTEMPS=1 -DHAVE_FTS=1 -DHAVE_SYS_IOCTL_H=1 -DTCL_UNLOAD_DLLS=1 -DHAVE_CPUID=1 -DZIPFS_BUILD=1    -DMP_FIXED_CUTOFFS -DBUILD_tcl  /home/builder/build/src/tcl9.0.1/generic/tclZlib.c
clang -c -I"." -I/home/builder/build/src/tcl9.0.1/unix -I/home/builder/build/src/tcl9.0.1/generic -I/home/builder/build/src/tcl9.0.1/libtommath -O2 -march=x86-64-v3 -O2 -pipe -fno-plt -fexceptions         -Wp,-D_FORTIFY_SOURCE=3 -fstack-clash-protection -fcf-protection -pipe -m64 -finput-charset=UTF-8  -Wall -Wextra -Wshadow -Wundef -Wwrite-strings -Wpointer-arith -Wc++-compat -fextended-identifiers -fPIC -fno-common -DPACKAGE_NAME=\"tcl\" -DPACKAGE_TARNAME=\"tcl\" -DPACKAGE_VERSION=\"9.0\" -DPACKAGE_STRING=\"tcl\ 9.0\" -DPACKAGE_BUGREPORT=\"\" -DPACKAGE_URL=\"\" -DHAVE_STDIO_H=1 -DHAVE_STDLIB_H=1 -DHAVE_STRING_H=1 -DHAVE_INTTYPES_H=1 -DHAVE_STDINT_H=1 -DHAVE_STRINGS_H=1 -DHAVE_SYS_STAT_H=1 -DHAVE_SYS_TYPES_H=1 -DHAVE_UNISTD_H=1 -DHAVE_SYS_TIME_H=1 -DSTDC_HEADERS=1 -DHAVE_SYS_PARAM_H=1 -DTCL_CFGVAL_ENCODING=\"utf-8\" -D_REENTRANT=1 -D_THREAD_SAFE=1 -DHAVE_PTHREAD_ATTR_SETSTACKSIZE=1 -DHAVE_PTHREAD_ATFORK=1 -DHAVE_DECL_PTHREAD_MUTEX_RECURSIVE=1 -DMODULE_SCOPE=extern\ __attribute__\(\(__visibility__\(\"hidden\"\)\)\) -DHAVE_HIDDEN=1 -DTCL_CFG_DO64BIT=1 -DHAVE_CAST_TO_UNION=1 -DHAVE_STDBOOL_H=1 -DHAVE_VFORK=1 -DHAVE_POSIX_SPAWNP=1 -DHAVE_POSIX_SPAWN_FILE_ACTIONS_ADDDUP2=1 -DHAVE_POSIX_SPAWNATTR_SETFLAGS=1 -DTCL_SHLIB_EXT=\".so\" -DNDEBUG=1 -DTCL_CFG_OPTIMIZED=1 -DMP_PREC=4 -D_LARGEFILE64_SOURCE=1 -DTCL_WIDE_INT_IS_LONG=1 -DHAVE_GETCWD=1 -DHAVE_MKSTEMP=1 -DHAVE_WAITPID=1 -DHAVE_GETNAMEINFO=1 -DHAVE_GETADDRINFO=1 -DHAVE_FREEADDRINFO=1 -DHAVE_GAI_STRERROR=1 -DHAVE_STRUCT_ADDRINFO=1 -DHAVE_STRUCT_IN6_ADDR=1 -DHAVE_STRUCT_SOCKADDR_IN6=1 -DHAVE_STRUCT_SOCKADDR_STORAGE=1 -DHAVE_GETPWUID_R_5=1 -DHAVE_GETPWUID_R=1 -DHAVE_GETPWNAM_R_5=1 -DHAVE_GETPWNAM_R=1 -DHAVE_GETGRGID_R_5=1 -DHAVE_GETGRGID_R=1 -DHAVE_GETGRNAM_R_5=1 -DHAVE_GETGRNAM_R=1 -DHAVE_DECL_GETHOSTBYNAME_R=1 -DHAVE_GETHOSTBYNAME_R_6=1 -DHAVE_GETHOSTBYNAME_R=1 -DHAVE_DECL_GETHOSTBYADDR_R=1 -DHAVE_GETHOSTBYADDR_R_8=1 -DHAVE_GETHOSTBYADDR_R=1 -DHAVE_TERMIOS_H=1 -DHAVE_SYS_IOCTL_H=1 -DHAVE_PSELECT=1 -DHAVE_SYS_EPOLL_H=1 -DNOTIFIER_EPOLL=1 -DHAVE_SYS_EVENTFD_H=1 -DHAVE_EVENTFD=1 -DHAVE_SYS_TIME_H=1 -DHAVE_GMTIME_R=1 -DHAVE_LOCALTIME_R=1 -DHAVE_TM_GMTOFF=1 -DHAVE_TIMEZONE_VAR=1 -DHAVE_STRUCT_STAT_ST_BLOCKS=1 -DHAVE_STRUCT_STAT_ST_BLKSIZE=1 -DHAVE_STRUCT_STAT_ST_RDEV=1 -DHAVE_BLKCNT_T=1 -DHAVE_INTPTR_T=1 -DHAVE_UINTPTR_T=1 -DNO_UNION_WAIT=1 -DHAVE_SIGNED_CHAR=1 -DHAVE_LANGINFO=1 -DHAVE_CFMAKERAW=1 -DHAVE_MKSTEMPS=1 -DHAVE_FTS=1 -DHAVE_SYS_IOCTL_H=1 -DTCL_UNLOAD_DLLS=1 -DHAVE_CPUID=1 -DZIPFS_BUILD=1    -DMP_FIXED_CUTOFFS -DBUILD_tcl /home/builder/build/src/tcl9.0.1/generic/tclTomMathInterface.c
clang -c -I"." -I/home/builder/build/src/tcl9.0.1/unix -I/home/builder/build/src/tcl9.0.1/generic -I/home/builder/build/src/tcl9.0.1/libtommath -O2 -march=x86-64-v3 -O2 -pipe -fno-plt -fexceptions         -Wp,-D_FORTIFY_SOURCE=3 -fstack-clash-protection -fcf-protection -pipe -m64 -finput-charset=UTF-8  -Wall -Wextra -Wshadow -Wundef -Wwrite-strings -Wpointer-arith -Wc++-compat -fextended-identifiers -fPIC -fno-common -DPACKAGE_NAME=\"tcl\" -DPACKAGE_TARNAME=\"tcl\" -DPACKAGE_VERSION=\"9.0\" -DPACKAGE_STRING=\"tcl\ 9.0\" -DPACKAGE_BUGREPORT=\"\" -DPACKAGE_URL=\"\" -DHAVE_STDIO_H=1 -DHAVE_STDLIB_H=1 -DHAVE_STRING_H=1 -DHAVE_INTTYPES_H=1 -DHAVE_STDINT_H=1 -DHAVE_STRINGS_H=1 -DHAVE_SYS_STAT_H=1 -DHAVE_SYS_TYPES_H=1 -DHAVE_UNISTD_H=1 -DHAVE_SYS_TIME_H=1 -DSTDC_HEADERS=1 -DHAVE_SYS_PARAM_H=1 -DTCL_CFGVAL_ENCODING=\"utf-8\" -D_REENTRANT=1 -D_THREAD_SAFE=1 -DHAVE_PTHREAD_ATTR_SETSTACKSIZE=1 -DHAVE_PTHREAD_ATFORK=1 -DHAVE_DECL_PTHREAD_MUTEX_RECURSIVE=1 -DMODULE_SCOPE=extern\ __attribute__\(\(__visibility__\(\"hidden\"\)\)\) -DHAVE_HIDDEN=1 -DTCL_CFG_DO64BIT=1 -DHAVE_CAST_TO_UNION=1 -DHAVE_STDBOOL_H=1 -DHAVE_VFORK=1 -DHAVE_POSIX_SPAWNP=1 -DHAVE_POSIX_SPAWN_FILE_ACTIONS_ADDDUP2=1 -DHAVE_POSIX_SPAWNATTR_SETFLAGS=1 -DTCL_SHLIB_EXT=\".so\" -DNDEBUG=1 -DTCL_CFG_OPTIMIZED=1 -DMP_PREC=4 -D_LARGEFILE64_SOURCE=1 -DTCL_WIDE_INT_IS_LONG=1 -DHAVE_GETCWD=1 -DHAVE_MKSTEMP=1 -DHAVE_WAITPID=1 -DHAVE_GETNAMEINFO=1 -DHAVE_GETADDRINFO=1 -DHAVE_FREEADDRINFO=1 -DHAVE_GAI_STRERROR=1 -DHAVE_STRUCT_ADDRINFO=1 -DHAVE_STRUCT_IN6_ADDR=1 -DHAVE_STRUCT_SOCKADDR_IN6=1 -DHAVE_STRUCT_SOCKADDR_STORAGE=1 -DHAVE_GETPWUID_R_5=1 -DHAVE_GETPWUID_R=1 -DHAVE_GETPWNAM_R_5=1 -DHAVE_GETPWNAM_R=1 -DHAVE_GETGRGID_R_5=1 -DHAVE_GETGRGID_R=1 -DHAVE_GETGRNAM_R_5=1 -DHAVE_GETGRNAM_R=1 -DHAVE_DECL_GETHOSTBYNAME_R=1 -DHAVE_GETHOSTBYNAME_R_6=1 -DHAVE_GETHOSTBYNAME_R=1 -DHAVE_DECL_GETHOSTBYADDR_R=1 -DHAVE_GETHOSTBYADDR_R_8=1 -DHAVE_GETHOSTBYADDR_R=1 -DHAVE_TERMIOS_H=1 -DHAVE_SYS_IOCTL_H=1 -DHAVE_PSELECT=1 -DHAVE_SYS_EPOLL_H=1 -DNOTIFIER_EPOLL=1 -DHAVE_SYS_EVENTFD_H=1 -DHAVE_EVENTFD=1 -DHAVE_SYS_TIME_H=1 -DHAVE_GMTIME_R=1 -DHAVE_LOCALTIME_R=1 -DHAVE_TM_GMTOFF=1 -DHAVE_TIMEZONE_VAR=1 -DHAVE_STRUCT_STAT_ST_BLOCKS=1 -DHAVE_STRUCT_STAT_ST_BLKSIZE=1 -DHAVE_STRUCT_STAT_ST_RDEV=1 -DHAVE_BLKCNT_T=1 -DHAVE_INTPTR_T=1 -DHAVE_UINTPTR_T=1 -DNO_UNION_WAIT=1 -DHAVE_SIGNED_CHAR=1 -DHAVE_LANGINFO=1 -DHAVE_CFMAKERAW=1 -DHAVE_MKSTEMPS=1 -DHAVE_FTS=1 -DHAVE_SYS_IOCTL_H=1 -DTCL_UNLOAD_DLLS=1 -DHAVE_CPUID=1 -DZIPFS_BUILD=1    -DMP_FIXED_CUTOFFS -DBUILD_tcl -D_GNU_SOURCE \
	-DCFG_RUNTIME_DLLFILE="\"libtcl9.0.so\"" \
	-DCFG_RUNTIME_LIBDIR="\"/usr/lib\"" \
	-I/home/builder/build/src/tcl9.0.1/compat/zlib -I/home/builder/build/src/tcl9.0.1/compat/zlib/contrib/minizip \
	/home/builder/build/src/tcl9.0.1/generic/tclZipfs.c
clang -c -I"." -I/home/builder/build/src/tcl9.0.1/unix -I/home/builder/build/src/tcl9.0.1/generic -I/home/builder/build/src/tcl9.0.1/libtommath -O2 -march=x86-64-v3 -O2 -pipe -fno-plt -fexceptions         -Wp,-D_FORTIFY_SOURCE=3 -fstack-clash-protection -fcf-protection -pipe -m64 -finput-charset=UTF-8  -Wall -Wextra -Wshadow -Wundef -Wwrite-strings -Wpointer-arith -Wc++-compat -fextended-identifiers -fPIC -fno-common -DPACKAGE_NAME=\"tcl\" -DPACKAGE_TARNAME=\"tcl\" -DPACKAGE_VERSION=\"9.0\" -DPACKAGE_STRING=\"tcl\ 9.0\" -DPACKAGE_BUGREPORT=\"\" -DPACKAGE_URL=\"\" -DHAVE_STDIO_H=1 -DHAVE_STDLIB_H=1 -DHAVE_STRING_H=1 -DHAVE_INTTYPES_H=1 -DHAVE_STDINT_H=1 -DHAVE_STRINGS_H=1 -DHAVE_SYS_STAT_H=1 -DHAVE_SYS_TYPES_H=1 -DHAVE_UNISTD_H=1 -DHAVE_SYS_TIME_H=1 -DSTDC_HEADERS=1 -DHAVE_SYS_PARAM_H=1 -DTCL_CFGVAL_ENCODING=\"utf-8\" -D_REENTRANT=1 -D_THREAD_SAFE=1 -DHAVE_PTHREAD_ATTR_SETSTACKSIZE=1 -DHAVE_PTHREAD_ATFORK=1 -DHAVE_DECL_PTHREAD_MUTEX_RECURSIVE=1 -DMODULE_SCOPE=extern\ __attribute__\(\(__visibility__\(\"hidden\"\)\)\) -DHAVE_HIDDEN=1 -DTCL_CFG_DO64BIT=1 -DHAVE_CAST_TO_UNION=1 -DHAVE_STDBOOL_H=1 -DHAVE_VFORK=1 -DHAVE_POSIX_SPAWNP=1 -DHAVE_POSIX_SPAWN_FILE_ACTIONS_ADDDUP2=1 -DHAVE_POSIX_SPAWNATTR_SETFLAGS=1 -DTCL_SHLIB_EXT=\".so\" -DNDEBUG=1 -DTCL_CFG_OPTIMIZED=1 -DMP_PREC=4 -D_LARGEFILE64_SOURCE=1 -DTCL_WIDE_INT_IS_LONG=1 -DHAVE_GETCWD=1 -DHAVE_MKSTEMP=1 -DHAVE_WAITPID=1 -DHAVE_GETNAMEINFO=1 -DHAVE_GETADDRINFO=1 -DHAVE_FREEADDRINFO=1 -DHAVE_GAI_STRERROR=1 -DHAVE_STRUCT_ADDRINFO=1 -DHAVE_STRUCT_IN6_ADDR=1 -DHAVE_STRUCT_SOCKADDR_IN6=1 -DHAVE_STRUCT_SOCKADDR_STORAGE=1 -DHAVE_GETPWUID_R_5=1 -DHAVE_GETPWUID_R=1 -DHAVE_GETPWNAM_R_5=1 -DHAVE_GETPWNAM_R=1 -DHAVE_GETGRGID_R_5=1 -DHAVE_GETGRGID_R=1 -DHAVE_GETGRNAM_R_5=1 -DHAVE_GETGRNAM_R=1 -DHAVE_DECL_GETHOSTBYNAME_R=1 -DHAVE_GETHOSTBYNAME_R_6=1 -DHAVE_GETHOSTBYNAME_R=1 -DHAVE_DECL_GETHOSTBYADDR_R=1 -DHAVE_GETHOSTBYADDR_R_8=1 -DHAVE_GETHOSTBYADDR_R=1 -DHAVE_TERMIOS_H=1 -DHAVE_SYS_IOCTL_H=1 -DHAVE_PSELECT=1 -DHAVE_SYS_EPOLL_H=1 -DNOTIFIER_EPOLL=1 -DHAVE_SYS_EVENTFD_H=1 -DHAVE_EVENTFD=1 -DHAVE_SYS_TIME_H=1 -DHAVE_GMTIME_R=1 -DHAVE_LOCALTIME_R=1 -DHAVE_TM_GMTOFF=1 -DHAVE_TIMEZONE_VAR=1 -DHAVE_STRUCT_STAT_ST_BLOCKS=1 -DHAVE_STRUCT_STAT_ST_BLKSIZE=1 -DHAVE_STRUCT_STAT_ST_RDEV=1 -DHAVE_BLKCNT_T=1 -DHAVE_INTPTR_T=1 -DHAVE_UINTPTR_T=1 -DNO_UNION_WAIT=1 -DHAVE_SIGNED_CHAR=1 -DHAVE_LANGINFO=1 -DHAVE_CFMAKERAW=1 -DHAVE_MKSTEMPS=1 -DHAVE_FTS=1 -DHAVE_SYS_IOCTL_H=1 -DTCL_UNLOAD_DLLS=1 -DHAVE_CPUID=1 -DZIPFS_BUILD=1    -DMP_FIXED_CUTOFFS -DBUILD_tcl /home/builder/build/src/tcl9.0.1/unix/tclUnixChan.c
clang -c -I"." -I/home/builder/build/src/tcl9.0.1/unix -I/home/builder/build/src/tcl9.0.1/generic -I/home/builder/build/src/tcl9.0.1/libtommath -O2 -march=x86-64-v3 -O2 -pipe -fno-plt -fexceptions         -Wp,-D_FORTIFY_SOURCE=3 -fstack-clash-protection -fcf-protection -pipe -m64 -finput-charset=UTF-8  -Wall -Wextra -Wshadow -Wundef -Wwrite-strings -Wpointer-arith -Wc++-compat -fextended-identifiers -fPIC -fno-common -DPACKAGE_NAME=\"tcl\" -DPACKAGE_TARNAME=\"tcl\" -DPACKAGE_VERSION=\"9.0\" -DPACKAGE_STRING=\"tcl\ 9.0\" -DPACKAGE_BUGREPORT=\"\" -DPACKAGE_URL=\"\" -DHAVE_STDIO_H=1 -DHAVE_STDLIB_H=1 -DHAVE_STRING_H=1 -DHAVE_INTTYPES_H=1 -DHAVE_STDINT_H=1 -DHAVE_STRINGS_H=1 -DHAVE_SYS_STAT_H=1 -DHAVE_SYS_TYPES_H=1 -DHAVE_UNISTD_H=1 -DHAVE_SYS_TIME_H=1 -DSTDC_HEADERS=1 -DHAVE_SYS_PARAM_H=1 -DTCL_CFGVAL_ENCODING=\"utf-8\" -D_REENTRANT=1 -D_THREAD_SAFE=1 -DHAVE_PTHREAD_ATTR_SETSTACKSIZE=1 -DHAVE_PTHREAD_ATFORK=1 -DHAVE_DECL_PTHREAD_MUTEX_RECURSIVE=1 -DMODULE_SCOPE=extern\ __attribute__\(\(__visibility__\(\"hidden\"\)\)\) -DHAVE_HIDDEN=1 -DTCL_CFG_DO64BIT=1 -DHAVE_CAST_TO_UNION=1 -DHAVE_STDBOOL_H=1 -DHAVE_VFORK=1 -DHAVE_POSIX_SPAWNP=1 -DHAVE_POSIX_SPAWN_FILE_ACTIONS_ADDDUP2=1 -DHAVE_POSIX_SPAWNATTR_SETFLAGS=1 -DTCL_SHLIB_EXT=\".so\" -DNDEBUG=1 -DTCL_CFG_OPTIMIZED=1 -DMP_PREC=4 -D_LARGEFILE64_SOURCE=1 -DTCL_WIDE_INT_IS_LONG=1 -DHAVE_GETCWD=1 -DHAVE_MKSTEMP=1 -DHAVE_WAITPID=1 -DHAVE_GETNAMEINFO=1 -DHAVE_GETADDRINFO=1 -DHAVE_FREEADDRINFO=1 -DHAVE_GAI_STRERROR=1 -DHAVE_STRUCT_ADDRINFO=1 -DHAVE_STRUCT_IN6_ADDR=1 -DHAVE_STRUCT_SOCKADDR_IN6=1 -DHAVE_STRUCT_SOCKADDR_STORAGE=1 -DHAVE_GETPWUID_R_5=1 -DHAVE_GETPWUID_R=1 -DHAVE_GETPWNAM_R_5=1 -DHAVE_GETPWNAM_R=1 -DHAVE_GETGRGID_R_5=1 -DHAVE_GETGRGID_R=1 -DHAVE_GETGRNAM_R_5=1 -DHAVE_GETGRNAM_R=1 -DHAVE_DECL_GETHOSTBYNAME_R=1 -DHAVE_GETHOSTBYNAME_R_6=1 -DHAVE_GETHOSTBYNAME_R=1 -DHAVE_DECL_GETHOSTBYADDR_R=1 -DHAVE_GETHOSTBYADDR_R_8=1 -DHAVE_GETHOSTBYADDR_R=1 -DHAVE_TERMIOS_H=1 -DHAVE_SYS_IOCTL_H=1 -DHAVE_PSELECT=1 -DHAVE_SYS_EPOLL_H=1 -DNOTIFIER_EPOLL=1 -DHAVE_SYS_EVENTFD_H=1 -DHAVE_EVENTFD=1 -DHAVE_SYS_TIME_H=1 -DHAVE_GMTIME_R=1 -DHAVE_LOCALTIME_R=1 -DHAVE_TM_GMTOFF=1 -DHAVE_TIMEZONE_VAR=1 -DHAVE_STRUCT_STAT_ST_BLOCKS=1 -DHAVE_STRUCT_STAT_ST_BLKSIZE=1 -DHAVE_STRUCT_STAT_ST_RDEV=1 -DHAVE_BLKCNT_T=1 -DHAVE_INTPTR_T=1 -DHAVE_UINTPTR_T=1 -DNO_UNION_WAIT=1 -DHAVE_SIGNED_CHAR=1 -DHAVE_LANGINFO=1 -DHAVE_CFMAKERAW=1 -DHAVE_MKSTEMPS=1 -DHAVE_FTS=1 -DHAVE_SYS_IOCTL_H=1 -DTCL_UNLOAD_DLLS=1 -DHAVE_CPUID=1 -DZIPFS_BUILD=1    -DMP_FIXED_CUTOFFS -DBUILD_tcl /home/builder/build/src/tcl9.0.1/unix/tclUnixEvent.c
clang -c -I"." -I/home/builder/build/src/tcl9.0.1/unix -I/home/builder/build/src/tcl9.0.1/generic -I/home/builder/build/src/tcl9.0.1/libtommath -O2 -march=x86-64-v3 -O2 -pipe -fno-plt -fexceptions         -Wp,-D_FORTIFY_SOURCE=3 -fstack-clash-protection -fcf-protection -pipe -m64 -finput-charset=UTF-8  -Wall -Wextra -Wshadow -Wundef -Wwrite-strings -Wpointer-arith -Wc++-compat -fextended-identifiers -fPIC -fno-common -DPACKAGE_NAME=\"tcl\" -DPACKAGE_TARNAME=\"tcl\" -DPACKAGE_VERSION=\"9.0\" -DPACKAGE_STRING=\"tcl\ 9.0\" -DPACKAGE_BUGREPORT=\"\" -DPACKAGE_URL=\"\" -DHAVE_STDIO_H=1 -DHAVE_STDLIB_H=1 -DHAVE_STRING_H=1 -DHAVE_INTTYPES_H=1 -DHAVE_STDINT_H=1 -DHAVE_STRINGS_H=1 -DHAVE_SYS_STAT_H=1 -DHAVE_SYS_TYPES_H=1 -DHAVE_UNISTD_H=1 -DHAVE_SYS_TIME_H=1 -DSTDC_HEADERS=1 -DHAVE_SYS_PARAM_H=1 -DTCL_CFGVAL_ENCODING=\"utf-8\" -D_REENTRANT=1 -D_THREAD_SAFE=1 -DHAVE_PTHREAD_ATTR_SETSTACKSIZE=1 -DHAVE_PTHREAD_ATFORK=1 -DHAVE_DECL_PTHREAD_MUTEX_RECURSIVE=1 -DMODULE_SCOPE=extern\ __attribute__\(\(__visibility__\(\"hidden\"\)\)\) -DHAVE_HIDDEN=1 -DTCL_CFG_DO64BIT=1 -DHAVE_CAST_TO_UNION=1 -DHAVE_STDBOOL_H=1 -DHAVE_VFORK=1 -DHAVE_POSIX_SPAWNP=1 -DHAVE_POSIX_SPAWN_FILE_ACTIONS_ADDDUP2=1 -DHAVE_POSIX_SPAWNATTR_SETFLAGS=1 -DTCL_SHLIB_EXT=\".so\" -DNDEBUG=1 -DTCL_CFG_OPTIMIZED=1 -DMP_PREC=4 -D_LARGEFILE64_SOURCE=1 -DTCL_WIDE_INT_IS_LONG=1 -DHAVE_GETCWD=1 -DHAVE_MKSTEMP=1 -DHAVE_WAITPID=1 -DHAVE_GETNAMEINFO=1 -DHAVE_GETADDRINFO=1 -DHAVE_FREEADDRINFO=1 -DHAVE_GAI_STRERROR=1 -DHAVE_STRUCT_ADDRINFO=1 -DHAVE_STRUCT_IN6_ADDR=1 -DHAVE_STRUCT_SOCKADDR_IN6=1 -DHAVE_STRUCT_SOCKADDR_STORAGE=1 -DHAVE_GETPWUID_R_5=1 -DHAVE_GETPWUID_R=1 -DHAVE_GETPWNAM_R_5=1 -DHAVE_GETPWNAM_R=1 -DHAVE_GETGRGID_R_5=1 -DHAVE_GETGRGID_R=1 -DHAVE_GETGRNAM_R_5=1 -DHAVE_GETGRNAM_R=1 -DHAVE_DECL_GETHOSTBYNAME_R=1 -DHAVE_GETHOSTBYNAME_R_6=1 -DHAVE_GETHOSTBYNAME_R=1 -DHAVE_DECL_GETHOSTBYADDR_R=1 -DHAVE_GETHOSTBYADDR_R_8=1 -DHAVE_GETHOSTBYADDR_R=1 -DHAVE_TERMIOS_H=1 -DHAVE_SYS_IOCTL_H=1 -DHAVE_PSELECT=1 -DHAVE_SYS_EPOLL_H=1 -DNOTIFIER_EPOLL=1 -DHAVE_SYS_EVENTFD_H=1 -DHAVE_EVENTFD=1 -DHAVE_SYS_TIME_H=1 -DHAVE_GMTIME_R=1 -DHAVE_LOCALTIME_R=1 -DHAVE_TM_GMTOFF=1 -DHAVE_TIMEZONE_VAR=1 -DHAVE_STRUCT_STAT_ST_BLOCKS=1 -DHAVE_STRUCT_STAT_ST_BLKSIZE=1 -DHAVE_STRUCT_STAT_ST_RDEV=1 -DHAVE_BLKCNT_T=1 -DHAVE_INTPTR_T=1 -DHAVE_UINTPTR_T=1 -DNO_UNION_WAIT=1 -DHAVE_SIGNED_CHAR=1 -DHAVE_LANGINFO=1 -DHAVE_CFMAKERAW=1 -DHAVE_MKSTEMPS=1 -DHAVE_FTS=1 -DHAVE_SYS_IOCTL_H=1 -DTCL_UNLOAD_DLLS=1 -DHAVE_CPUID=1 -DZIPFS_BUILD=1    -DMP_FIXED_CUTOFFS -DBUILD_tcl /home/builder/build/src/tcl9.0.1/unix/tclUnixFCmd.c
clang -c -I"." -I/home/builder/build/src/tcl9.0.1/unix -I/home/builder/build/src/tcl9.0.1/generic -I/home/builder/build/src/tcl9.0.1/libtommath -O2 -march=x86-64-v3 -O2 -pipe -fno-plt -fexceptions         -Wp,-D_FORTIFY_SOURCE=3 -fstack-clash-protection -fcf-protection -pipe -m64 -finput-charset=UTF-8  -Wall -Wextra -Wshadow -Wundef -Wwrite-strings -Wpointer-arith -Wc++-compat -fextended-identifiers -fPIC -fno-common -DPACKAGE_NAME=\"tcl\" -DPACKAGE_TARNAME=\"tcl\" -DPACKAGE_VERSION=\"9.0\" -DPACKAGE_STRING=\"tcl\ 9.0\" -DPACKAGE_BUGREPORT=\"\" -DPACKAGE_URL=\"\" -DHAVE_STDIO_H=1 -DHAVE_STDLIB_H=1 -DHAVE_STRING_H=1 -DHAVE_INTTYPES_H=1 -DHAVE_STDINT_H=1 -DHAVE_STRINGS_H=1 -DHAVE_SYS_STAT_H=1 -DHAVE_SYS_TYPES_H=1 -DHAVE_UNISTD_H=1 -DHAVE_SYS_TIME_H=1 -DSTDC_HEADERS=1 -DHAVE_SYS_PARAM_H=1 -DTCL_CFGVAL_ENCODING=\"utf-8\" -D_REENTRANT=1 -D_THREAD_SAFE=1 -DHAVE_PTHREAD_ATTR_SETSTACKSIZE=1 -DHAVE_PTHREAD_ATFORK=1 -DHAVE_DECL_PTHREAD_MUTEX_RECURSIVE=1 -DMODULE_SCOPE=extern\ __attribute__\(\(__visibility__\(\"hidden\"\)\)\) -DHAVE_HIDDEN=1 -DTCL_CFG_DO64BIT=1 -DHAVE_CAST_TO_UNION=1 -DHAVE_STDBOOL_H=1 -DHAVE_VFORK=1 -DHAVE_POSIX_SPAWNP=1 -DHAVE_POSIX_SPAWN_FILE_ACTIONS_ADDDUP2=1 -DHAVE_POSIX_SPAWNATTR_SETFLAGS=1 -DTCL_SHLIB_EXT=\".so\" -DNDEBUG=1 -DTCL_CFG_OPTIMIZED=1 -DMP_PREC=4 -D_LARGEFILE64_SOURCE=1 -DTCL_WIDE_INT_IS_LONG=1 -DHAVE_GETCWD=1 -DHAVE_MKSTEMP=1 -DHAVE_WAITPID=1 -DHAVE_GETNAMEINFO=1 -DHAVE_GETADDRINFO=1 -DHAVE_FREEADDRINFO=1 -DHAVE_GAI_STRERROR=1 -DHAVE_STRUCT_ADDRINFO=1 -DHAVE_STRUCT_IN6_ADDR=1 -DHAVE_STRUCT_SOCKADDR_IN6=1 -DHAVE_STRUCT_SOCKADDR_STORAGE=1 -DHAVE_GETPWUID_R_5=1 -DHAVE_GETPWUID_R=1 -DHAVE_GETPWNAM_R_5=1 -DHAVE_GETPWNAM_R=1 -DHAVE_GETGRGID_R_5=1 -DHAVE_GETGRGID_R=1 -DHAVE_GETGRNAM_R_5=1 -DHAVE_GETGRNAM_R=1 -DHAVE_DECL_GETHOSTBYNAME_R=1 -DHAVE_GETHOSTBYNAME_R_6=1 -DHAVE_GETHOSTBYNAME_R=1 -DHAVE_DECL_GETHOSTBYADDR_R=1 -DHAVE_GETHOSTBYADDR_R_8=1 -DHAVE_GETHOSTBYADDR_R=1 -DHAVE_TERMIOS_H=1 -DHAVE_SYS_IOCTL_H=1 -DHAVE_PSELECT=1 -DHAVE_SYS_EPOLL_H=1 -DNOTIFIER_EPOLL=1 -DHAVE_SYS_EVENTFD_H=1 -DHAVE_EVENTFD=1 -DHAVE_SYS_TIME_H=1 -DHAVE_GMTIME_R=1 -DHAVE_LOCALTIME_R=1 -DHAVE_TM_GMTOFF=1 -DHAVE_TIMEZONE_VAR=1 -DHAVE_STRUCT_STAT_ST_BLOCKS=1 -DHAVE_STRUCT_STAT_ST_BLKSIZE=1 -DHAVE_STRUCT_STAT_ST_RDEV=1 -DHAVE_BLKCNT_T=1 -DHAVE_INTPTR_T=1 -DHAVE_UINTPTR_T=1 -DNO_UNION_WAIT=1 -DHAVE_SIGNED_CHAR=1 -DHAVE_LANGINFO=1 -DHAVE_CFMAKERAW=1 -DHAVE_MKSTEMPS=1 -DHAVE_FTS=1 -DHAVE_SYS_IOCTL_H=1 -DTCL_UNLOAD_DLLS=1 -DHAVE_CPUID=1 -DZIPFS_BUILD=1    -DMP_FIXED_CUTOFFS -DBUILD_tcl /home/builder/build/src/tcl9.0.1/unix/tclUnixFile.c
clang -c -I"." -I/home/builder/build/src/tcl9.0.1/unix -I/home/builder/build/src/tcl9.0.1/generic -I/home/builder/build/src/tcl9.0.1/libtommath -O2 -march=x86-64-v3 -O2 -pipe -fno-plt -fexceptions         -Wp,-D_FORTIFY_SOURCE=3 -fstack-clash-protection -fcf-protection -pipe -m64 -finput-charset=UTF-8  -Wall -Wextra -Wshadow -Wundef -Wwrite-strings -Wpointer-arith -Wc++-compat -fextended-identifiers -fPIC -fno-common -DPACKAGE_NAME=\"tcl\" -DPACKAGE_TARNAME=\"tcl\" -DPACKAGE_VERSION=\"9.0\" -DPACKAGE_STRING=\"tcl\ 9.0\" -DPACKAGE_BUGREPORT=\"\" -DPACKAGE_URL=\"\" -DHAVE_STDIO_H=1 -DHAVE_STDLIB_H=1 -DHAVE_STRING_H=1 -DHAVE_INTTYPES_H=1 -DHAVE_STDINT_H=1 -DHAVE_STRINGS_H=1 -DHAVE_SYS_STAT_H=1 -DHAVE_SYS_TYPES_H=1 -DHAVE_UNISTD_H=1 -DHAVE_SYS_TIME_H=1 -DSTDC_HEADERS=1 -DHAVE_SYS_PARAM_H=1 -DTCL_CFGVAL_ENCODING=\"utf-8\" -D_REENTRANT=1 -D_THREAD_SAFE=1 -DHAVE_PTHREAD_ATTR_SETSTACKSIZE=1 -DHAVE_PTHREAD_ATFORK=1 -DHAVE_DECL_PTHREAD_MUTEX_RECURSIVE=1 -DMODULE_SCOPE=extern\ __attribute__\(\(__visibility__\(\"hidden\"\)\)\) -DHAVE_HIDDEN=1 -DTCL_CFG_DO64BIT=1 -DHAVE_CAST_TO_UNION=1 -DHAVE_STDBOOL_H=1 -DHAVE_VFORK=1 -DHAVE_POSIX_SPAWNP=1 -DHAVE_POSIX_SPAWN_FILE_ACTIONS_ADDDUP2=1 -DHAVE_POSIX_SPAWNATTR_SETFLAGS=1 -DTCL_SHLIB_EXT=\".so\" -DNDEBUG=1 -DTCL_CFG_OPTIMIZED=1 -DMP_PREC=4 -D_LARGEFILE64_SOURCE=1 -DTCL_WIDE_INT_IS_LONG=1 -DHAVE_GETCWD=1 -DHAVE_MKSTEMP=1 -DHAVE_WAITPID=1 -DHAVE_GETNAMEINFO=1 -DHAVE_GETADDRINFO=1 -DHAVE_FREEADDRINFO=1 -DHAVE_GAI_STRERROR=1 -DHAVE_STRUCT_ADDRINFO=1 -DHAVE_STRUCT_IN6_ADDR=1 -DHAVE_STRUCT_SOCKADDR_IN6=1 -DHAVE_STRUCT_SOCKADDR_STORAGE=1 -DHAVE_GETPWUID_R_5=1 -DHAVE_GETPWUID_R=1 -DHAVE_GETPWNAM_R_5=1 -DHAVE_GETPWNAM_R=1 -DHAVE_GETGRGID_R_5=1 -DHAVE_GETGRGID_R=1 -DHAVE_GETGRNAM_R_5=1 -DHAVE_GETGRNAM_R=1 -DHAVE_DECL_GETHOSTBYNAME_R=1 -DHAVE_GETHOSTBYNAME_R_6=1 -DHAVE_GETHOSTBYNAME_R=1 -DHAVE_DECL_GETHOSTBYADDR_R=1 -DHAVE_GETHOSTBYADDR_R_8=1 -DHAVE_GETHOSTBYADDR_R=1 -DHAVE_TERMIOS_H=1 -DHAVE_SYS_IOCTL_H=1 -DHAVE_PSELECT=1 -DHAVE_SYS_EPOLL_H=1 -DNOTIFIER_EPOLL=1 -DHAVE_SYS_EVENTFD_H=1 -DHAVE_EVENTFD=1 -DHAVE_SYS_TIME_H=1 -DHAVE_GMTIME_R=1 -DHAVE_LOCALTIME_R=1 -DHAVE_TM_GMTOFF=1 -DHAVE_TIMEZONE_VAR=1 -DHAVE_STRUCT_STAT_ST_BLOCKS=1 -DHAVE_STRUCT_STAT_ST_BLKSIZE=1 -DHAVE_STRUCT_STAT_ST_RDEV=1 -DHAVE_BLKCNT_T=1 -DHAVE_INTPTR_T=1 -DHAVE_UINTPTR_T=1 -DNO_UNION_WAIT=1 -DHAVE_SIGNED_CHAR=1 -DHAVE_LANGINFO=1 -DHAVE_CFMAKERAW=1 -DHAVE_MKSTEMPS=1 -DHAVE_FTS=1 -DHAVE_SYS_IOCTL_H=1 -DTCL_UNLOAD_DLLS=1 -DHAVE_CPUID=1 -DZIPFS_BUILD=1    -DMP_FIXED_CUTOFFS -DBUILD_tcl /home/builder/build/src/tcl9.0.1/unix/tclUnixPipe.c
clang -c -I"." -I/home/builder/build/src/tcl9.0.1/unix -I/home/builder/build/src/tcl9.0.1/generic -I/home/builder/build/src/tcl9.0.1/libtommath -O2 -march=x86-64-v3 -O2 -pipe -fno-plt -fexceptions         -Wp,-D_FORTIFY_SOURCE=3 -fstack-clash-protection -fcf-protection -pipe -m64 -finput-charset=UTF-8  -Wall -Wextra -Wshadow -Wundef -Wwrite-strings -Wpointer-arith -Wc++-compat -fextended-identifiers -fPIC -fno-common -DPACKAGE_NAME=\"tcl\" -DPACKAGE_TARNAME=\"tcl\" -DPACKAGE_VERSION=\"9.0\" -DPACKAGE_STRING=\"tcl\ 9.0\" -DPACKAGE_BUGREPORT=\"\" -DPACKAGE_URL=\"\" -DHAVE_STDIO_H=1 -DHAVE_STDLIB_H=1 -DHAVE_STRING_H=1 -DHAVE_INTTYPES_H=1 -DHAVE_STDINT_H=1 -DHAVE_STRINGS_H=1 -DHAVE_SYS_STAT_H=1 -DHAVE_SYS_TYPES_H=1 -DHAVE_UNISTD_H=1 -DHAVE_SYS_TIME_H=1 -DSTDC_HEADERS=1 -DHAVE_SYS_PARAM_H=1 -DTCL_CFGVAL_ENCODING=\"utf-8\" -D_REENTRANT=1 -D_THREAD_SAFE=1 -DHAVE_PTHREAD_ATTR_SETSTACKSIZE=1 -DHAVE_PTHREAD_ATFORK=1 -DHAVE_DECL_PTHREAD_MUTEX_RECURSIVE=1 -DMODULE_SCOPE=extern\ __attribute__\(\(__visibility__\(\"hidden\"\)\)\) -DHAVE_HIDDEN=1 -DTCL_CFG_DO64BIT=1 -DHAVE_CAST_TO_UNION=1 -DHAVE_STDBOOL_H=1 -DHAVE_VFORK=1 -DHAVE_POSIX_SPAWNP=1 -DHAVE_POSIX_SPAWN_FILE_ACTIONS_ADDDUP2=1 -DHAVE_POSIX_SPAWNATTR_SETFLAGS=1 -DTCL_SHLIB_EXT=\".so\" -DNDEBUG=1 -DTCL_CFG_OPTIMIZED=1 -DMP_PREC=4 -D_LARGEFILE64_SOURCE=1 -DTCL_WIDE_INT_IS_LONG=1 -DHAVE_GETCWD=1 -DHAVE_MKSTEMP=1 -DHAVE_WAITPID=1 -DHAVE_GETNAMEINFO=1 -DHAVE_GETADDRINFO=1 -DHAVE_FREEADDRINFO=1 -DHAVE_GAI_STRERROR=1 -DHAVE_STRUCT_ADDRINFO=1 -DHAVE_STRUCT_IN6_ADDR=1 -DHAVE_STRUCT_SOCKADDR_IN6=1 -DHAVE_STRUCT_SOCKADDR_STORAGE=1 -DHAVE_GETPWUID_R_5=1 -DHAVE_GETPWUID_R=1 -DHAVE_GETPWNAM_R_5=1 -DHAVE_GETPWNAM_R=1 -DHAVE_GETGRGID_R_5=1 -DHAVE_GETGRGID_R=1 -DHAVE_GETGRNAM_R_5=1 -DHAVE_GETGRNAM_R=1 -DHAVE_DECL_GETHOSTBYNAME_R=1 -DHAVE_GETHOSTBYNAME_R_6=1 -DHAVE_GETHOSTBYNAME_R=1 -DHAVE_DECL_GETHOSTBYADDR_R=1 -DHAVE_GETHOSTBYADDR_R_8=1 -DHAVE_GETHOSTBYADDR_R=1 -DHAVE_TERMIOS_H=1 -DHAVE_SYS_IOCTL_H=1 -DHAVE_PSELECT=1 -DHAVE_SYS_EPOLL_H=1 -DNOTIFIER_EPOLL=1 -DHAVE_SYS_EVENTFD_H=1 -DHAVE_EVENTFD=1 -DHAVE_SYS_TIME_H=1 -DHAVE_GMTIME_R=1 -DHAVE_LOCALTIME_R=1 -DHAVE_TM_GMTOFF=1 -DHAVE_TIMEZONE_VAR=1 -DHAVE_STRUCT_STAT_ST_BLOCKS=1 -DHAVE_STRUCT_STAT_ST_BLKSIZE=1 -DHAVE_STRUCT_STAT_ST_RDEV=1 -DHAVE_BLKCNT_T=1 -DHAVE_INTPTR_T=1 -DHAVE_UINTPTR_T=1 -DNO_UNION_WAIT=1 -DHAVE_SIGNED_CHAR=1 -DHAVE_LANGINFO=1 -DHAVE_CFMAKERAW=1 -DHAVE_MKSTEMPS=1 -DHAVE_FTS=1 -DHAVE_SYS_IOCTL_H=1 -DTCL_UNLOAD_DLLS=1 -DHAVE_CPUID=1 -DZIPFS_BUILD=1    -DMP_FIXED_CUTOFFS -DBUILD_tcl /home/builder/build/src/tcl9.0.1/unix/tclUnixSock.c
clang -c -I"." -I/home/builder/build/src/tcl9.0.1/unix -I/home/builder/build/src/tcl9.0.1/generic -I/home/builder/build/src/tcl9.0.1/libtommath -O2 -march=x86-64-v3 -O2 -pipe -fno-plt -fexceptions         -Wp,-D_FORTIFY_SOURCE=3 -fstack-clash-protection -fcf-protection -pipe -m64 -finput-charset=UTF-8  -Wall -Wextra -Wshadow -Wundef -Wwrite-strings -Wpointer-arith -Wc++-compat -fextended-identifiers -fPIC -fno-common -DPACKAGE_NAME=\"tcl\" -DPACKAGE_TARNAME=\"tcl\" -DPACKAGE_VERSION=\"9.0\" -DPACKAGE_STRING=\"tcl\ 9.0\" -DPACKAGE_BUGREPORT=\"\" -DPACKAGE_URL=\"\" -DHAVE_STDIO_H=1 -DHAVE_STDLIB_H=1 -DHAVE_STRING_H=1 -DHAVE_INTTYPES_H=1 -DHAVE_STDINT_H=1 -DHAVE_STRINGS_H=1 -DHAVE_SYS_STAT_H=1 -DHAVE_SYS_TYPES_H=1 -DHAVE_UNISTD_H=1 -DHAVE_SYS_TIME_H=1 -DSTDC_HEADERS=1 -DHAVE_SYS_PARAM_H=1 -DTCL_CFGVAL_ENCODING=\"utf-8\" -D_REENTRANT=1 -D_THREAD_SAFE=1 -DHAVE_PTHREAD_ATTR_SETSTACKSIZE=1 -DHAVE_PTHREAD_ATFORK=1 -DHAVE_DECL_PTHREAD_MUTEX_RECURSIVE=1 -DMODULE_SCOPE=extern\ __attribute__\(\(__visibility__\(\"hidden\"\)\)\) -DHAVE_HIDDEN=1 -DTCL_CFG_DO64BIT=1 -DHAVE_CAST_TO_UNION=1 -DHAVE_STDBOOL_H=1 -DHAVE_VFORK=1 -DHAVE_POSIX_SPAWNP=1 -DHAVE_POSIX_SPAWN_FILE_ACTIONS_ADDDUP2=1 -DHAVE_POSIX_SPAWNATTR_SETFLAGS=1 -DTCL_SHLIB_EXT=\".so\" -DNDEBUG=1 -DTCL_CFG_OPTIMIZED=1 -DMP_PREC=4 -D_LARGEFILE64_SOURCE=1 -DTCL_WIDE_INT_IS_LONG=1 -DHAVE_GETCWD=1 -DHAVE_MKSTEMP=1 -DHAVE_WAITPID=1 -DHAVE_GETNAMEINFO=1 -DHAVE_GETADDRINFO=1 -DHAVE_FREEADDRINFO=1 -DHAVE_GAI_STRERROR=1 -DHAVE_STRUCT_ADDRINFO=1 -DHAVE_STRUCT_IN6_ADDR=1 -DHAVE_STRUCT_SOCKADDR_IN6=1 -DHAVE_STRUCT_SOCKADDR_STORAGE=1 -DHAVE_GETPWUID_R_5=1 -DHAVE_GETPWUID_R=1 -DHAVE_GETPWNAM_R_5=1 -DHAVE_GETPWNAM_R=1 -DHAVE_GETGRGID_R_5=1 -DHAVE_GETGRGID_R=1 -DHAVE_GETGRNAM_R_5=1 -DHAVE_GETGRNAM_R=1 -DHAVE_DECL_GETHOSTBYNAME_R=1 -DHAVE_GETHOSTBYNAME_R_6=1 -DHAVE_GETHOSTBYNAME_R=1 -DHAVE_DECL_GETHOSTBYADDR_R=1 -DHAVE_GETHOSTBYADDR_R_8=1 -DHAVE_GETHOSTBYADDR_R=1 -DHAVE_TERMIOS_H=1 -DHAVE_SYS_IOCTL_H=1 -DHAVE_PSELECT=1 -DHAVE_SYS_EPOLL_H=1 -DNOTIFIER_EPOLL=1 -DHAVE_SYS_EVENTFD_H=1 -DHAVE_EVENTFD=1 -DHAVE_SYS_TIME_H=1 -DHAVE_GMTIME_R=1 -DHAVE_LOCALTIME_R=1 -DHAVE_TM_GMTOFF=1 -DHAVE_TIMEZONE_VAR=1 -DHAVE_STRUCT_STAT_ST_BLOCKS=1 -DHAVE_STRUCT_STAT_ST_BLKSIZE=1 -DHAVE_STRUCT_STAT_ST_RDEV=1 -DHAVE_BLKCNT_T=1 -DHAVE_INTPTR_T=1 -DHAVE_UINTPTR_T=1 -DNO_UNION_WAIT=1 -DHAVE_SIGNED_CHAR=1 -DHAVE_LANGINFO=1 -DHAVE_CFMAKERAW=1 -DHAVE_MKSTEMPS=1 -DHAVE_FTS=1 -DHAVE_SYS_IOCTL_H=1 -DTCL_UNLOAD_DLLS=1 -DHAVE_CPUID=1 -DZIPFS_BUILD=1    -DMP_FIXED_CUTOFFS -DBUILD_tcl /home/builder/build/src/tcl9.0.1/unix/tclUnixTime.c
/home/builder/build/src/tcl9.0.1/unix/tclUnixTime.c:47:1: warning: unused function 'IsTimeNative' [-Wunused-function]
   47 | IsTimeNative(void)
      | ^~~~~~~~~~~~
1 warning generated.
clang -c -I"." -I/home/builder/build/src/tcl9.0.1/unix -I/home/builder/build/src/tcl9.0.1/generic -I/home/builder/build/src/tcl9.0.1/libtommath -O2 -march=x86-64-v3 -O2 -pipe -fno-plt -fexceptions         -Wp,-D_FORTIFY_SOURCE=3 -fstack-clash-protection -fcf-protection -pipe -m64 -finput-charset=UTF-8  -Wall -Wextra -Wshadow -Wundef -Wwrite-strings -Wpointer-arith -Wc++-compat -fextended-identifiers -fPIC -fno-common -DPACKAGE_NAME=\"tcl\" -DPACKAGE_TARNAME=\"tcl\" -DPACKAGE_VERSION=\"9.0\" -DPACKAGE_STRING=\"tcl\ 9.0\" -DPACKAGE_BUGREPORT=\"\" -DPACKAGE_URL=\"\" -DHAVE_STDIO_H=1 -DHAVE_STDLIB_H=1 -DHAVE_STRING_H=1 -DHAVE_INTTYPES_H=1 -DHAVE_STDINT_H=1 -DHAVE_STRINGS_H=1 -DHAVE_SYS_STAT_H=1 -DHAVE_SYS_TYPES_H=1 -DHAVE_UNISTD_H=1 -DHAVE_SYS_TIME_H=1 -DSTDC_HEADERS=1 -DHAVE_SYS_PARAM_H=1 -DTCL_CFGVAL_ENCODING=\"utf-8\" -D_REENTRANT=1 -D_THREAD_SAFE=1 -DHAVE_PTHREAD_ATTR_SETSTACKSIZE=1 -DHAVE_PTHREAD_ATFORK=1 -DHAVE_DECL_PTHREAD_MUTEX_RECURSIVE=1 -DMODULE_SCOPE=extern\ __attribute__\(\(__visibility__\(\"hidden\"\)\)\) -DHAVE_HIDDEN=1 -DTCL_CFG_DO64BIT=1 -DHAVE_CAST_TO_UNION=1 -DHAVE_STDBOOL_H=1 -DHAVE_VFORK=1 -DHAVE_POSIX_SPAWNP=1 -DHAVE_POSIX_SPAWN_FILE_ACTIONS_ADDDUP2=1 -DHAVE_POSIX_SPAWNATTR_SETFLAGS=1 -DTCL_SHLIB_EXT=\".so\" -DNDEBUG=1 -DTCL_CFG_OPTIMIZED=1 -DMP_PREC=4 -D_LARGEFILE64_SOURCE=1 -DTCL_WIDE_INT_IS_LONG=1 -DHAVE_GETCWD=1 -DHAVE_MKSTEMP=1 -DHAVE_WAITPID=1 -DHAVE_GETNAMEINFO=1 -DHAVE_GETADDRINFO=1 -DHAVE_FREEADDRINFO=1 -DHAVE_GAI_STRERROR=1 -DHAVE_STRUCT_ADDRINFO=1 -DHAVE_STRUCT_IN6_ADDR=1 -DHAVE_STRUCT_SOCKADDR_IN6=1 -DHAVE_STRUCT_SOCKADDR_STORAGE=1 -DHAVE_GETPWUID_R_5=1 -DHAVE_GETPWUID_R=1 -DHAVE_GETPWNAM_R_5=1 -DHAVE_GETPWNAM_R=1 -DHAVE_GETGRGID_R_5=1 -DHAVE_GETGRGID_R=1 -DHAVE_GETGRNAM_R_5=1 -DHAVE_GETGRNAM_R=1 -DHAVE_DECL_GETHOSTBYNAME_R=1 -DHAVE_GETHOSTBYNAME_R_6=1 -DHAVE_GETHOSTBYNAME_R=1 -DHAVE_DECL_GETHOSTBYADDR_R=1 -DHAVE_GETHOSTBYADDR_R_8=1 -DHAVE_GETHOSTBYADDR_R=1 -DHAVE_TERMIOS_H=1 -DHAVE_SYS_IOCTL_H=1 -DHAVE_PSELECT=1 -DHAVE_SYS_EPOLL_H=1 -DNOTIFIER_EPOLL=1 -DHAVE_SYS_EVENTFD_H=1 -DHAVE_EVENTFD=1 -DHAVE_SYS_TIME_H=1 -DHAVE_GMTIME_R=1 -DHAVE_LOCALTIME_R=1 -DHAVE_TM_GMTOFF=1 -DHAVE_TIMEZONE_VAR=1 -DHAVE_STRUCT_STAT_ST_BLOCKS=1 -DHAVE_STRUCT_STAT_ST_BLKSIZE=1 -DHAVE_STRUCT_STAT_ST_RDEV=1 -DHAVE_BLKCNT_T=1 -DHAVE_INTPTR_T=1 -DHAVE_UINTPTR_T=1 -DNO_UNION_WAIT=1 -DHAVE_SIGNED_CHAR=1 -DHAVE_LANGINFO=1 -DHAVE_CFMAKERAW=1 -DHAVE_MKSTEMPS=1 -DHAVE_FTS=1 -DHAVE_SYS_IOCTL_H=1 -DTCL_UNLOAD_DLLS=1 -DHAVE_CPUID=1 -DZIPFS_BUILD=1    -DMP_FIXED_CUTOFFS -DBUILD_tcl -DTCL_LIBRARY="\"/usr/lib/tcl9.0\"" -DTCL_PACKAGE_PATH="\"/usr/lib\"" /home/builder/build/src/tcl9.0.1/unix/tclUnixInit.c
clang -c -I"." -I/home/builder/build/src/tcl9.0.1/unix -I/home/builder/build/src/tcl9.0.1/generic -I/home/builder/build/src/tcl9.0.1/libtommath -O2 -march=x86-64-v3 -O2 -pipe -fno-plt -fexceptions         -Wp,-D_FORTIFY_SOURCE=3 -fstack-clash-protection -fcf-protection -pipe -m64 -finput-charset=UTF-8  -Wall -Wextra -Wshadow -Wundef -Wwrite-strings -Wpointer-arith -Wc++-compat -fextended-identifiers -fPIC -fno-common -DPACKAGE_NAME=\"tcl\" -DPACKAGE_TARNAME=\"tcl\" -DPACKAGE_VERSION=\"9.0\" -DPACKAGE_STRING=\"tcl\ 9.0\" -DPACKAGE_BUGREPORT=\"\" -DPACKAGE_URL=\"\" -DHAVE_STDIO_H=1 -DHAVE_STDLIB_H=1 -DHAVE_STRING_H=1 -DHAVE_INTTYPES_H=1 -DHAVE_STDINT_H=1 -DHAVE_STRINGS_H=1 -DHAVE_SYS_STAT_H=1 -DHAVE_SYS_TYPES_H=1 -DHAVE_UNISTD_H=1 -DHAVE_SYS_TIME_H=1 -DSTDC_HEADERS=1 -DHAVE_SYS_PARAM_H=1 -DTCL_CFGVAL_ENCODING=\"utf-8\" -D_REENTRANT=1 -D_THREAD_SAFE=1 -DHAVE_PTHREAD_ATTR_SETSTACKSIZE=1 -DHAVE_PTHREAD_ATFORK=1 -DHAVE_DECL_PTHREAD_MUTEX_RECURSIVE=1 -DMODULE_SCOPE=extern\ __attribute__\(\(__visibility__\(\"hidden\"\)\)\) -DHAVE_HIDDEN=1 -DTCL_CFG_DO64BIT=1 -DHAVE_CAST_TO_UNION=1 -DHAVE_STDBOOL_H=1 -DHAVE_VFORK=1 -DHAVE_POSIX_SPAWNP=1 -DHAVE_POSIX_SPAWN_FILE_ACTIONS_ADDDUP2=1 -DHAVE_POSIX_SPAWNATTR_SETFLAGS=1 -DTCL_SHLIB_EXT=\".so\" -DNDEBUG=1 -DTCL_CFG_OPTIMIZED=1 -DMP_PREC=4 -D_LARGEFILE64_SOURCE=1 -DTCL_WIDE_INT_IS_LONG=1 -DHAVE_GETCWD=1 -DHAVE_MKSTEMP=1 -DHAVE_WAITPID=1 -DHAVE_GETNAMEINFO=1 -DHAVE_GETADDRINFO=1 -DHAVE_FREEADDRINFO=1 -DHAVE_GAI_STRERROR=1 -DHAVE_STRUCT_ADDRINFO=1 -DHAVE_STRUCT_IN6_ADDR=1 -DHAVE_STRUCT_SOCKADDR_IN6=1 -DHAVE_STRUCT_SOCKADDR_STORAGE=1 -DHAVE_GETPWUID_R_5=1 -DHAVE_GETPWUID_R=1 -DHAVE_GETPWNAM_R_5=1 -DHAVE_GETPWNAM_R=1 -DHAVE_GETGRGID_R_5=1 -DHAVE_GETGRGID_R=1 -DHAVE_GETGRNAM_R_5=1 -DHAVE_GETGRNAM_R=1 -DHAVE_DECL_GETHOSTBYNAME_R=1 -DHAVE_GETHOSTBYNAME_R_6=1 -DHAVE_GETHOSTBYNAME_R=1 -DHAVE_DECL_GETHOSTBYADDR_R=1 -DHAVE_GETHOSTBYADDR_R_8=1 -DHAVE_GETHOSTBYADDR_R=1 -DHAVE_TERMIOS_H=1 -DHAVE_SYS_IOCTL_H=1 -DHAVE_PSELECT=1 -DHAVE_SYS_EPOLL_H=1 -DNOTIFIER_EPOLL=1 -DHAVE_SYS_EVENTFD_H=1 -DHAVE_EVENTFD=1 -DHAVE_SYS_TIME_H=1 -DHAVE_GMTIME_R=1 -DHAVE_LOCALTIME_R=1 -DHAVE_TM_GMTOFF=1 -DHAVE_TIMEZONE_VAR=1 -DHAVE_STRUCT_STAT_ST_BLOCKS=1 -DHAVE_STRUCT_STAT_ST_BLKSIZE=1 -DHAVE_STRUCT_STAT_ST_RDEV=1 -DHAVE_BLKCNT_T=1 -DHAVE_INTPTR_T=1 -DHAVE_UINTPTR_T=1 -DNO_UNION_WAIT=1 -DHAVE_SIGNED_CHAR=1 -DHAVE_LANGINFO=1 -DHAVE_CFMAKERAW=1 -DHAVE_MKSTEMPS=1 -DHAVE_FTS=1 -DHAVE_SYS_IOCTL_H=1 -DTCL_UNLOAD_DLLS=1 -DHAVE_CPUID=1 -DZIPFS_BUILD=1    -DMP_FIXED_CUTOFFS -DBUILD_tcl /home/builder/build/src/tcl9.0.1/unix/tclUnixThrd.c
clang -c -I"." -I/home/builder/build/src/tcl9.0.1/unix -I/home/builder/build/src/tcl9.0.1/generic -I/home/builder/build/src/tcl9.0.1/libtommath -O2 -march=x86-64-v3 -O2 -pipe -fno-plt -fexceptions         -Wp,-D_FORTIFY_SOURCE=3 -fstack-clash-protection -fcf-protection -pipe -m64 -finput-charset=UTF-8  -Wall -Wextra -Wshadow -Wundef -Wwrite-strings -Wpointer-arith -Wc++-compat -fextended-identifiers -fPIC -fno-common -DPACKAGE_NAME=\"tcl\" -DPACKAGE_TARNAME=\"tcl\" -DPACKAGE_VERSION=\"9.0\" -DPACKAGE_STRING=\"tcl\ 9.0\" -DPACKAGE_BUGREPORT=\"\" -DPACKAGE_URL=\"\" -DHAVE_STDIO_H=1 -DHAVE_STDLIB_H=1 -DHAVE_STRING_H=1 -DHAVE_INTTYPES_H=1 -DHAVE_STDINT_H=1 -DHAVE_STRINGS_H=1 -DHAVE_SYS_STAT_H=1 -DHAVE_SYS_TYPES_H=1 -DHAVE_UNISTD_H=1 -DHAVE_SYS_TIME_H=1 -DSTDC_HEADERS=1 -DHAVE_SYS_PARAM_H=1 -DTCL_CFGVAL_ENCODING=\"utf-8\" -D_REENTRANT=1 -D_THREAD_SAFE=1 -DHAVE_PTHREAD_ATTR_SETSTACKSIZE=1 -DHAVE_PTHREAD_ATFORK=1 -DHAVE_DECL_PTHREAD_MUTEX_RECURSIVE=1 -DMODULE_SCOPE=extern\ __attribute__\(\(__visibility__\(\"hidden\"\)\)\) -DHAVE_HIDDEN=1 -DTCL_CFG_DO64BIT=1 -DHAVE_CAST_TO_UNION=1 -DHAVE_STDBOOL_H=1 -DHAVE_VFORK=1 -DHAVE_POSIX_SPAWNP=1 -DHAVE_POSIX_SPAWN_FILE_ACTIONS_ADDDUP2=1 -DHAVE_POSIX_SPAWNATTR_SETFLAGS=1 -DTCL_SHLIB_EXT=\".so\" -DNDEBUG=1 -DTCL_CFG_OPTIMIZED=1 -DMP_PREC=4 -D_LARGEFILE64_SOURCE=1 -DTCL_WIDE_INT_IS_LONG=1 -DHAVE_GETCWD=1 -DHAVE_MKSTEMP=1 -DHAVE_WAITPID=1 -DHAVE_GETNAMEINFO=1 -DHAVE_GETADDRINFO=1 -DHAVE_FREEADDRINFO=1 -DHAVE_GAI_STRERROR=1 -DHAVE_STRUCT_ADDRINFO=1 -DHAVE_STRUCT_IN6_ADDR=1 -DHAVE_STRUCT_SOCKADDR_IN6=1 -DHAVE_STRUCT_SOCKADDR_STORAGE=1 -DHAVE_GETPWUID_R_5=1 -DHAVE_GETPWUID_R=1 -DHAVE_GETPWNAM_R_5=1 -DHAVE_GETPWNAM_R=1 -DHAVE_GETGRGID_R_5=1 -DHAVE_GETGRGID_R=1 -DHAVE_GETGRNAM_R_5=1 -DHAVE_GETGRNAM_R=1 -DHAVE_DECL_GETHOSTBYNAME_R=1 -DHAVE_GETHOSTBYNAME_R_6=1 -DHAVE_GETHOSTBYNAME_R=1 -DHAVE_DECL_GETHOSTBYADDR_R=1 -DHAVE_GETHOSTBYADDR_R_8=1 -DHAVE_GETHOSTBYADDR_R=1 -DHAVE_TERMIOS_H=1 -DHAVE_SYS_IOCTL_H=1 -DHAVE_PSELECT=1 -DHAVE_SYS_EPOLL_H=1 -DNOTIFIER_EPOLL=1 -DHAVE_SYS_EVENTFD_H=1 -DHAVE_EVENTFD=1 -DHAVE_SYS_TIME_H=1 -DHAVE_GMTIME_R=1 -DHAVE_LOCALTIME_R=1 -DHAVE_TM_GMTOFF=1 -DHAVE_TIMEZONE_VAR=1 -DHAVE_STRUCT_STAT_ST_BLOCKS=1 -DHAVE_STRUCT_STAT_ST_BLKSIZE=1 -DHAVE_STRUCT_STAT_ST_RDEV=1 -DHAVE_BLKCNT_T=1 -DHAVE_INTPTR_T=1 -DHAVE_UINTPTR_T=1 -DNO_UNION_WAIT=1 -DHAVE_SIGNED_CHAR=1 -DHAVE_LANGINFO=1 -DHAVE_CFMAKERAW=1 -DHAVE_MKSTEMPS=1 -DHAVE_FTS=1 -DHAVE_SYS_IOCTL_H=1 -DTCL_UNLOAD_DLLS=1 -DHAVE_CPUID=1 -DZIPFS_BUILD=1    -DMP_FIXED_CUTOFFS -DBUILD_tcl /home/builder/build/src/tcl9.0.1/unix/tclUnixCompat.c
clang -c -I"." -I/home/builder/build/src/tcl9.0.1/unix -I/home/builder/build/src/tcl9.0.1/generic -I/home/builder/build/src/tcl9.0.1/libtommath -O2 -march=x86-64-v3 -O2 -pipe -fno-plt -fexceptions         -Wp,-D_FORTIFY_SOURCE=3 -fstack-clash-protection -fcf-protection -pipe -m64 -finput-charset=UTF-8  -Wall -Wextra -Wshadow -Wundef -Wwrite-strings -Wpointer-arith -Wc++-compat -fextended-identifiers -fPIC -fno-common -DPACKAGE_NAME=\"tcl\" -DPACKAGE_TARNAME=\"tcl\" -DPACKAGE_VERSION=\"9.0\" -DPACKAGE_STRING=\"tcl\ 9.0\" -DPACKAGE_BUGREPORT=\"\" -DPACKAGE_URL=\"\" -DHAVE_STDIO_H=1 -DHAVE_STDLIB_H=1 -DHAVE_STRING_H=1 -DHAVE_INTTYPES_H=1 -DHAVE_STDINT_H=1 -DHAVE_STRINGS_H=1 -DHAVE_SYS_STAT_H=1 -DHAVE_SYS_TYPES_H=1 -DHAVE_UNISTD_H=1 -DHAVE_SYS_TIME_H=1 -DSTDC_HEADERS=1 -DHAVE_SYS_PARAM_H=1 -DTCL_CFGVAL_ENCODING=\"utf-8\" -D_REENTRANT=1 -D_THREAD_SAFE=1 -DHAVE_PTHREAD_ATTR_SETSTACKSIZE=1 -DHAVE_PTHREAD_ATFORK=1 -DHAVE_DECL_PTHREAD_MUTEX_RECURSIVE=1 -DMODULE_SCOPE=extern\ __attribute__\(\(__visibility__\(\"hidden\"\)\)\) -DHAVE_HIDDEN=1 -DTCL_CFG_DO64BIT=1 -DHAVE_CAST_TO_UNION=1 -DHAVE_STDBOOL_H=1 -DHAVE_VFORK=1 -DHAVE_POSIX_SPAWNP=1 -DHAVE_POSIX_SPAWN_FILE_ACTIONS_ADDDUP2=1 -DHAVE_POSIX_SPAWNATTR_SETFLAGS=1 -DTCL_SHLIB_EXT=\".so\" -DNDEBUG=1 -DTCL_CFG_OPTIMIZED=1 -DMP_PREC=4 -D_LARGEFILE64_SOURCE=1 -DTCL_WIDE_INT_IS_LONG=1 -DHAVE_GETCWD=1 -DHAVE_MKSTEMP=1 -DHAVE_WAITPID=1 -DHAVE_GETNAMEINFO=1 -DHAVE_GETADDRINFO=1 -DHAVE_FREEADDRINFO=1 -DHAVE_GAI_STRERROR=1 -DHAVE_STRUCT_ADDRINFO=1 -DHAVE_STRUCT_IN6_ADDR=1 -DHAVE_STRUCT_SOCKADDR_IN6=1 -DHAVE_STRUCT_SOCKADDR_STORAGE=1 -DHAVE_GETPWUID_R_5=1 -DHAVE_GETPWUID_R=1 -DHAVE_GETPWNAM_R_5=1 -DHAVE_GETPWNAM_R=1 -DHAVE_GETGRGID_R_5=1 -DHAVE_GETGRGID_R=1 -DHAVE_GETGRNAM_R_5=1 -DHAVE_GETGRNAM_R=1 -DHAVE_DECL_GETHOSTBYNAME_R=1 -DHAVE_GETHOSTBYNAME_R_6=1 -DHAVE_GETHOSTBYNAME_R=1 -DHAVE_DECL_GETHOSTBYADDR_R=1 -DHAVE_GETHOSTBYADDR_R_8=1 -DHAVE_GETHOSTBYADDR_R=1 -DHAVE_TERMIOS_H=1 -DHAVE_SYS_IOCTL_H=1 -DHAVE_PSELECT=1 -DHAVE_SYS_EPOLL_H=1 -DNOTIFIER_EPOLL=1 -DHAVE_SYS_EVENTFD_H=1 -DHAVE_EVENTFD=1 -DHAVE_SYS_TIME_H=1 -DHAVE_GMTIME_R=1 -DHAVE_LOCALTIME_R=1 -DHAVE_TM_GMTOFF=1 -DHAVE_TIMEZONE_VAR=1 -DHAVE_STRUCT_STAT_ST_BLOCKS=1 -DHAVE_STRUCT_STAT_ST_BLKSIZE=1 -DHAVE_STRUCT_STAT_ST_RDEV=1 -DHAVE_BLKCNT_T=1 -DHAVE_INTPTR_T=1 -DHAVE_UINTPTR_T=1 -DNO_UNION_WAIT=1 -DHAVE_SIGNED_CHAR=1 -DHAVE_LANGINFO=1 -DHAVE_CFMAKERAW=1 -DHAVE_MKSTEMPS=1 -DHAVE_FTS=1 -DHAVE_SYS_IOCTL_H=1 -DTCL_UNLOAD_DLLS=1 -DHAVE_CPUID=1 -DZIPFS_BUILD=1    -DMP_FIXED_CUTOFFS -DBUILD_tcl /home/builder/build/src/tcl9.0.1/unix/tclEpollNotfy.c
clang -c -I"." -I/home/builder/build/src/tcl9.0.1/unix -I/home/builder/build/src/tcl9.0.1/generic -I/home/builder/build/src/tcl9.0.1/libtommath -O2 -march=x86-64-v3 -O2 -pipe -fno-plt -fexceptions         -Wp,-D_FORTIFY_SOURCE=3 -fstack-clash-protection -fcf-protection -pipe -m64 -finput-charset=UTF-8  -Wall -Wextra -Wshadow -Wundef -Wwrite-strings -Wpointer-arith -Wc++-compat -fextended-identifiers -fPIC -fno-common -DPACKAGE_NAME=\"tcl\" -DPACKAGE_TARNAME=\"tcl\" -DPACKAGE_VERSION=\"9.0\" -DPACKAGE_STRING=\"tcl\ 9.0\" -DPACKAGE_BUGREPORT=\"\" -DPACKAGE_URL=\"\" -DHAVE_STDIO_H=1 -DHAVE_STDLIB_H=1 -DHAVE_STRING_H=1 -DHAVE_INTTYPES_H=1 -DHAVE_STDINT_H=1 -DHAVE_STRINGS_H=1 -DHAVE_SYS_STAT_H=1 -DHAVE_SYS_TYPES_H=1 -DHAVE_UNISTD_H=1 -DHAVE_SYS_TIME_H=1 -DSTDC_HEADERS=1 -DHAVE_SYS_PARAM_H=1 -DTCL_CFGVAL_ENCODING=\"utf-8\" -D_REENTRANT=1 -D_THREAD_SAFE=1 -DHAVE_PTHREAD_ATTR_SETSTACKSIZE=1 -DHAVE_PTHREAD_ATFORK=1 -DHAVE_DECL_PTHREAD_MUTEX_RECURSIVE=1 -DMODULE_SCOPE=extern\ __attribute__\(\(__visibility__\(\"hidden\"\)\)\) -DHAVE_HIDDEN=1 -DTCL_CFG_DO64BIT=1 -DHAVE_CAST_TO_UNION=1 -DHAVE_STDBOOL_H=1 -DHAVE_VFORK=1 -DHAVE_POSIX_SPAWNP=1 -DHAVE_POSIX_SPAWN_FILE_ACTIONS_ADDDUP2=1 -DHAVE_POSIX_SPAWNATTR_SETFLAGS=1 -DTCL_SHLIB_EXT=\".so\" -DNDEBUG=1 -DTCL_CFG_OPTIMIZED=1 -DMP_PREC=4 -D_LARGEFILE64_SOURCE=1 -DTCL_WIDE_INT_IS_LONG=1 -DHAVE_GETCWD=1 -DHAVE_MKSTEMP=1 -DHAVE_WAITPID=1 -DHAVE_GETNAMEINFO=1 -DHAVE_GETADDRINFO=1 -DHAVE_FREEADDRINFO=1 -DHAVE_GAI_STRERROR=1 -DHAVE_STRUCT_ADDRINFO=1 -DHAVE_STRUCT_IN6_ADDR=1 -DHAVE_STRUCT_SOCKADDR_IN6=1 -DHAVE_STRUCT_SOCKADDR_STORAGE=1 -DHAVE_GETPWUID_R_5=1 -DHAVE_GETPWUID_R=1 -DHAVE_GETPWNAM_R_5=1 -DHAVE_GETPWNAM_R=1 -DHAVE_GETGRGID_R_5=1 -DHAVE_GETGRGID_R=1 -DHAVE_GETGRNAM_R_5=1 -DHAVE_GETGRNAM_R=1 -DHAVE_DECL_GETHOSTBYNAME_R=1 -DHAVE_GETHOSTBYNAME_R_6=1 -DHAVE_GETHOSTBYNAME_R=1 -DHAVE_DECL_GETHOSTBYADDR_R=1 -DHAVE_GETHOSTBYADDR_R_8=1 -DHAVE_GETHOSTBYADDR_R=1 -DHAVE_TERMIOS_H=1 -DHAVE_SYS_IOCTL_H=1 -DHAVE_PSELECT=1 -DHAVE_SYS_EPOLL_H=1 -DNOTIFIER_EPOLL=1 -DHAVE_SYS_EVENTFD_H=1 -DHAVE_EVENTFD=1 -DHAVE_SYS_TIME_H=1 -DHAVE_GMTIME_R=1 -DHAVE_LOCALTIME_R=1 -DHAVE_TM_GMTOFF=1 -DHAVE_TIMEZONE_VAR=1 -DHAVE_STRUCT_STAT_ST_BLOCKS=1 -DHAVE_STRUCT_STAT_ST_BLKSIZE=1 -DHAVE_STRUCT_STAT_ST_RDEV=1 -DHAVE_BLKCNT_T=1 -DHAVE_INTPTR_T=1 -DHAVE_UINTPTR_T=1 -DNO_UNION_WAIT=1 -DHAVE_SIGNED_CHAR=1 -DHAVE_LANGINFO=1 -DHAVE_CFMAKERAW=1 -DHAVE_MKSTEMPS=1 -DHAVE_FTS=1 -DHAVE_SYS_IOCTL_H=1 -DTCL_UNLOAD_DLLS=1 -DHAVE_CPUID=1 -DZIPFS_BUILD=1    -DMP_FIXED_CUTOFFS -DBUILD_tcl /home/builder/build/src/tcl9.0.1/unix/tclKqueueNotfy.c
clang -c -I"." -I/home/builder/build/src/tcl9.0.1/unix -I/home/builder/build/src/tcl9.0.1/generic -I/home/builder/build/src/tcl9.0.1/libtommath -O2 -march=x86-64-v3 -O2 -pipe -fno-plt -fexceptions         -Wp,-D_FORTIFY_SOURCE=3 -fstack-clash-protection -fcf-protection -pipe -m64 -finput-charset=UTF-8  -Wall -Wextra -Wshadow -Wundef -Wwrite-strings -Wpointer-arith -Wc++-compat -fextended-identifiers -fPIC -fno-common -DPACKAGE_NAME=\"tcl\" -DPACKAGE_TARNAME=\"tcl\" -DPACKAGE_VERSION=\"9.0\" -DPACKAGE_STRING=\"tcl\ 9.0\" -DPACKAGE_BUGREPORT=\"\" -DPACKAGE_URL=\"\" -DHAVE_STDIO_H=1 -DHAVE_STDLIB_H=1 -DHAVE_STRING_H=1 -DHAVE_INTTYPES_H=1 -DHAVE_STDINT_H=1 -DHAVE_STRINGS_H=1 -DHAVE_SYS_STAT_H=1 -DHAVE_SYS_TYPES_H=1 -DHAVE_UNISTD_H=1 -DHAVE_SYS_TIME_H=1 -DSTDC_HEADERS=1 -DHAVE_SYS_PARAM_H=1 -DTCL_CFGVAL_ENCODING=\"utf-8\" -D_REENTRANT=1 -D_THREAD_SAFE=1 -DHAVE_PTHREAD_ATTR_SETSTACKSIZE=1 -DHAVE_PTHREAD_ATFORK=1 -DHAVE_DECL_PTHREAD_MUTEX_RECURSIVE=1 -DMODULE_SCOPE=extern\ __attribute__\(\(__visibility__\(\"hidden\"\)\)\) -DHAVE_HIDDEN=1 -DTCL_CFG_DO64BIT=1 -DHAVE_CAST_TO_UNION=1 -DHAVE_STDBOOL_H=1 -DHAVE_VFORK=1 -DHAVE_POSIX_SPAWNP=1 -DHAVE_POSIX_SPAWN_FILE_ACTIONS_ADDDUP2=1 -DHAVE_POSIX_SPAWNATTR_SETFLAGS=1 -DTCL_SHLIB_EXT=\".so\" -DNDEBUG=1 -DTCL_CFG_OPTIMIZED=1 -DMP_PREC=4 -D_LARGEFILE64_SOURCE=1 -DTCL_WIDE_INT_IS_LONG=1 -DHAVE_GETCWD=1 -DHAVE_MKSTEMP=1 -DHAVE_WAITPID=1 -DHAVE_GETNAMEINFO=1 -DHAVE_GETADDRINFO=1 -DHAVE_FREEADDRINFO=1 -DHAVE_GAI_STRERROR=1 -DHAVE_STRUCT_ADDRINFO=1 -DHAVE_STRUCT_IN6_ADDR=1 -DHAVE_STRUCT_SOCKADDR_IN6=1 -DHAVE_STRUCT_SOCKADDR_STORAGE=1 -DHAVE_GETPWUID_R_5=1 -DHAVE_GETPWUID_R=1 -DHAVE_GETPWNAM_R_5=1 -DHAVE_GETPWNAM_R=1 -DHAVE_GETGRGID_R_5=1 -DHAVE_GETGRGID_R=1 -DHAVE_GETGRNAM_R_5=1 -DHAVE_GETGRNAM_R=1 -DHAVE_DECL_GETHOSTBYNAME_R=1 -DHAVE_GETHOSTBYNAME_R_6=1 -DHAVE_GETHOSTBYNAME_R=1 -DHAVE_DECL_GETHOSTBYADDR_R=1 -DHAVE_GETHOSTBYADDR_R_8=1 -DHAVE_GETHOSTBYADDR_R=1 -DHAVE_TERMIOS_H=1 -DHAVE_SYS_IOCTL_H=1 -DHAVE_PSELECT=1 -DHAVE_SYS_EPOLL_H=1 -DNOTIFIER_EPOLL=1 -DHAVE_SYS_EVENTFD_H=1 -DHAVE_EVENTFD=1 -DHAVE_SYS_TIME_H=1 -DHAVE_GMTIME_R=1 -DHAVE_LOCALTIME_R=1 -DHAVE_TM_GMTOFF=1 -DHAVE_TIMEZONE_VAR=1 -DHAVE_STRUCT_STAT_ST_BLOCKS=1 -DHAVE_STRUCT_STAT_ST_BLKSIZE=1 -DHAVE_STRUCT_STAT_ST_RDEV=1 -DHAVE_BLKCNT_T=1 -DHAVE_INTPTR_T=1 -DHAVE_UINTPTR_T=1 -DNO_UNION_WAIT=1 -DHAVE_SIGNED_CHAR=1 -DHAVE_LANGINFO=1 -DHAVE_CFMAKERAW=1 -DHAVE_MKSTEMPS=1 -DHAVE_FTS=1 -DHAVE_SYS_IOCTL_H=1 -DTCL_UNLOAD_DLLS=1 -DHAVE_CPUID=1 -DZIPFS_BUILD=1    -DMP_FIXED_CUTOFFS -DBUILD_tcl /home/builder/build/src/tcl9.0.1/unix/tclSelectNotfy.c
clang -c -I"." -I/home/builder/build/src/tcl9.0.1/unix -I/home/builder/build/src/tcl9.0.1/generic -I/home/builder/build/src/tcl9.0.1/libtommath -O2 -march=x86-64-v3 -O2 -pipe -fno-plt -fexceptions         -Wp,-D_FORTIFY_SOURCE=3 -fstack-clash-protection -fcf-protection -pipe -m64 -finput-charset=UTF-8  -Wall -Wextra -Wshadow -Wundef -Wwrite-strings -Wpointer-arith -Wc++-compat -fextended-identifiers -fPIC -fno-common -DPACKAGE_NAME=\"tcl\" -DPACKAGE_TARNAME=\"tcl\" -DPACKAGE_VERSION=\"9.0\" -DPACKAGE_STRING=\"tcl\ 9.0\" -DPACKAGE_BUGREPORT=\"\" -DPACKAGE_URL=\"\" -DHAVE_STDIO_H=1 -DHAVE_STDLIB_H=1 -DHAVE_STRING_H=1 -DHAVE_INTTYPES_H=1 -DHAVE_STDINT_H=1 -DHAVE_STRINGS_H=1 -DHAVE_SYS_STAT_H=1 -DHAVE_SYS_TYPES_H=1 -DHAVE_UNISTD_H=1 -DHAVE_SYS_TIME_H=1 -DSTDC_HEADERS=1 -DHAVE_SYS_PARAM_H=1 -DTCL_CFGVAL_ENCODING=\"utf-8\" -D_REENTRANT=1 -D_THREAD_SAFE=1 -DHAVE_PTHREAD_ATTR_SETSTACKSIZE=1 -DHAVE_PTHREAD_ATFORK=1 -DHAVE_DECL_PTHREAD_MUTEX_RECURSIVE=1 -DMODULE_SCOPE=extern\ __attribute__\(\(__visibility__\(\"hidden\"\)\)\) -DHAVE_HIDDEN=1 -DTCL_CFG_DO64BIT=1 -DHAVE_CAST_TO_UNION=1 -DHAVE_STDBOOL_H=1 -DHAVE_VFORK=1 -DHAVE_POSIX_SPAWNP=1 -DHAVE_POSIX_SPAWN_FILE_ACTIONS_ADDDUP2=1 -DHAVE_POSIX_SPAWNATTR_SETFLAGS=1 -DTCL_SHLIB_EXT=\".so\" -DNDEBUG=1 -DTCL_CFG_OPTIMIZED=1 -DMP_PREC=4 -D_LARGEFILE64_SOURCE=1 -DTCL_WIDE_INT_IS_LONG=1 -DHAVE_GETCWD=1 -DHAVE_MKSTEMP=1 -DHAVE_WAITPID=1 -DHAVE_GETNAMEINFO=1 -DHAVE_GETADDRINFO=1 -DHAVE_FREEADDRINFO=1 -DHAVE_GAI_STRERROR=1 -DHAVE_STRUCT_ADDRINFO=1 -DHAVE_STRUCT_IN6_ADDR=1 -DHAVE_STRUCT_SOCKADDR_IN6=1 -DHAVE_STRUCT_SOCKADDR_STORAGE=1 -DHAVE_GETPWUID_R_5=1 -DHAVE_GETPWUID_R=1 -DHAVE_GETPWNAM_R_5=1 -DHAVE_GETPWNAM_R=1 -DHAVE_GETGRGID_R_5=1 -DHAVE_GETGRGID_R=1 -DHAVE_GETGRNAM_R_5=1 -DHAVE_GETGRNAM_R=1 -DHAVE_DECL_GETHOSTBYNAME_R=1 -DHAVE_GETHOSTBYNAME_R_6=1 -DHAVE_GETHOSTBYNAME_R=1 -DHAVE_DECL_GETHOSTBYADDR_R=1 -DHAVE_GETHOSTBYADDR_R_8=1 -DHAVE_GETHOSTBYADDR_R=1 -DHAVE_TERMIOS_H=1 -DHAVE_SYS_IOCTL_H=1 -DHAVE_PSELECT=1 -DHAVE_SYS_EPOLL_H=1 -DNOTIFIER_EPOLL=1 -DHAVE_SYS_EVENTFD_H=1 -DHAVE_EVENTFD=1 -DHAVE_SYS_TIME_H=1 -DHAVE_GMTIME_R=1 -DHAVE_LOCALTIME_R=1 -DHAVE_TM_GMTOFF=1 -DHAVE_TIMEZONE_VAR=1 -DHAVE_STRUCT_STAT_ST_BLOCKS=1 -DHAVE_STRUCT_STAT_ST_BLKSIZE=1 -DHAVE_STRUCT_STAT_ST_RDEV=1 -DHAVE_BLKCNT_T=1 -DHAVE_INTPTR_T=1 -DHAVE_UINTPTR_T=1 -DNO_UNION_WAIT=1 -DHAVE_SIGNED_CHAR=1 -DHAVE_LANGINFO=1 -DHAVE_CFMAKERAW=1 -DHAVE_MKSTEMPS=1 -DHAVE_FTS=1 -DHAVE_SYS_IOCTL_H=1 -DTCL_UNLOAD_DLLS=1 -DHAVE_CPUID=1 -DZIPFS_BUILD=1    -DMP_FIXED_CUTOFFS -DBUILD_tcl /home/builder/build/src/tcl9.0.1/generic/tclOO.c
clang -c -I"." -I/home/builder/build/src/tcl9.0.1/unix -I/home/builder/build/src/tcl9.0.1/generic -I/home/builder/build/src/tcl9.0.1/libtommath -O2 -march=x86-64-v3 -O2 -pipe -fno-plt -fexceptions         -Wp,-D_FORTIFY_SOURCE=3 -fstack-clash-protection -fcf-protection -pipe -m64 -finput-charset=UTF-8  -Wall -Wextra -Wshadow -Wundef -Wwrite-strings -Wpointer-arith -Wc++-compat -fextended-identifiers -fPIC -fno-common -DPACKAGE_NAME=\"tcl\" -DPACKAGE_TARNAME=\"tcl\" -DPACKAGE_VERSION=\"9.0\" -DPACKAGE_STRING=\"tcl\ 9.0\" -DPACKAGE_BUGREPORT=\"\" -DPACKAGE_URL=\"\" -DHAVE_STDIO_H=1 -DHAVE_STDLIB_H=1 -DHAVE_STRING_H=1 -DHAVE_INTTYPES_H=1 -DHAVE_STDINT_H=1 -DHAVE_STRINGS_H=1 -DHAVE_SYS_STAT_H=1 -DHAVE_SYS_TYPES_H=1 -DHAVE_UNISTD_H=1 -DHAVE_SYS_TIME_H=1 -DSTDC_HEADERS=1 -DHAVE_SYS_PARAM_H=1 -DTCL_CFGVAL_ENCODING=\"utf-8\" -D_REENTRANT=1 -D_THREAD_SAFE=1 -DHAVE_PTHREAD_ATTR_SETSTACKSIZE=1 -DHAVE_PTHREAD_ATFORK=1 -DHAVE_DECL_PTHREAD_MUTEX_RECURSIVE=1 -DMODULE_SCOPE=extern\ __attribute__\(\(__visibility__\(\"hidden\"\)\)\) -DHAVE_HIDDEN=1 -DTCL_CFG_DO64BIT=1 -DHAVE_CAST_TO_UNION=1 -DHAVE_STDBOOL_H=1 -DHAVE_VFORK=1 -DHAVE_POSIX_SPAWNP=1 -DHAVE_POSIX_SPAWN_FILE_ACTIONS_ADDDUP2=1 -DHAVE_POSIX_SPAWNATTR_SETFLAGS=1 -DTCL_SHLIB_EXT=\".so\" -DNDEBUG=1 -DTCL_CFG_OPTIMIZED=1 -DMP_PREC=4 -D_LARGEFILE64_SOURCE=1 -DTCL_WIDE_INT_IS_LONG=1 -DHAVE_GETCWD=1 -DHAVE_MKSTEMP=1 -DHAVE_WAITPID=1 -DHAVE_GETNAMEINFO=1 -DHAVE_GETADDRINFO=1 -DHAVE_FREEADDRINFO=1 -DHAVE_GAI_STRERROR=1 -DHAVE_STRUCT_ADDRINFO=1 -DHAVE_STRUCT_IN6_ADDR=1 -DHAVE_STRUCT_SOCKADDR_IN6=1 -DHAVE_STRUCT_SOCKADDR_STORAGE=1 -DHAVE_GETPWUID_R_5=1 -DHAVE_GETPWUID_R=1 -DHAVE_GETPWNAM_R_5=1 -DHAVE_GETPWNAM_R=1 -DHAVE_GETGRGID_R_5=1 -DHAVE_GETGRGID_R=1 -DHAVE_GETGRNAM_R_5=1 -DHAVE_GETGRNAM_R=1 -DHAVE_DECL_GETHOSTBYNAME_R=1 -DHAVE_GETHOSTBYNAME_R_6=1 -DHAVE_GETHOSTBYNAME_R=1 -DHAVE_DECL_GETHOSTBYADDR_R=1 -DHAVE_GETHOSTBYADDR_R_8=1 -DHAVE_GETHOSTBYADDR_R=1 -DHAVE_TERMIOS_H=1 -DHAVE_SYS_IOCTL_H=1 -DHAVE_PSELECT=1 -DHAVE_SYS_EPOLL_H=1 -DNOTIFIER_EPOLL=1 -DHAVE_SYS_EVENTFD_H=1 -DHAVE_EVENTFD=1 -DHAVE_SYS_TIME_H=1 -DHAVE_GMTIME_R=1 -DHAVE_LOCALTIME_R=1 -DHAVE_TM_GMTOFF=1 -DHAVE_TIMEZONE_VAR=1 -DHAVE_STRUCT_STAT_ST_BLOCKS=1 -DHAVE_STRUCT_STAT_ST_BLKSIZE=1 -DHAVE_STRUCT_STAT_ST_RDEV=1 -DHAVE_BLKCNT_T=1 -DHAVE_INTPTR_T=1 -DHAVE_UINTPTR_T=1 -DNO_UNION_WAIT=1 -DHAVE_SIGNED_CHAR=1 -DHAVE_LANGINFO=1 -DHAVE_CFMAKERAW=1 -DHAVE_MKSTEMPS=1 -DHAVE_FTS=1 -DHAVE_SYS_IOCTL_H=1 -DTCL_UNLOAD_DLLS=1 -DHAVE_CPUID=1 -DZIPFS_BUILD=1    -DMP_FIXED_CUTOFFS -DBUILD_tcl /home/builder/build/src/tcl9.0.1/generic/tclOOBasic.c
clang -c -I"." -I/home/builder/build/src/tcl9.0.1/unix -I/home/builder/build/src/tcl9.0.1/generic -I/home/builder/build/src/tcl9.0.1/libtommath -O2 -march=x86-64-v3 -O2 -pipe -fno-plt -fexceptions         -Wp,-D_FORTIFY_SOURCE=3 -fstack-clash-protection -fcf-protection -pipe -m64 -finput-charset=UTF-8  -Wall -Wextra -Wshadow -Wundef -Wwrite-strings -Wpointer-arith -Wc++-compat -fextended-identifiers -fPIC -fno-common -DPACKAGE_NAME=\"tcl\" -DPACKAGE_TARNAME=\"tcl\" -DPACKAGE_VERSION=\"9.0\" -DPACKAGE_STRING=\"tcl\ 9.0\" -DPACKAGE_BUGREPORT=\"\" -DPACKAGE_URL=\"\" -DHAVE_STDIO_H=1 -DHAVE_STDLIB_H=1 -DHAVE_STRING_H=1 -DHAVE_INTTYPES_H=1 -DHAVE_STDINT_H=1 -DHAVE_STRINGS_H=1 -DHAVE_SYS_STAT_H=1 -DHAVE_SYS_TYPES_H=1 -DHAVE_UNISTD_H=1 -DHAVE_SYS_TIME_H=1 -DSTDC_HEADERS=1 -DHAVE_SYS_PARAM_H=1 -DTCL_CFGVAL_ENCODING=\"utf-8\" -D_REENTRANT=1 -D_THREAD_SAFE=1 -DHAVE_PTHREAD_ATTR_SETSTACKSIZE=1 -DHAVE_PTHREAD_ATFORK=1 -DHAVE_DECL_PTHREAD_MUTEX_RECURSIVE=1 -DMODULE_SCOPE=extern\ __attribute__\(\(__visibility__\(\"hidden\"\)\)\) -DHAVE_HIDDEN=1 -DTCL_CFG_DO64BIT=1 -DHAVE_CAST_TO_UNION=1 -DHAVE_STDBOOL_H=1 -DHAVE_VFORK=1 -DHAVE_POSIX_SPAWNP=1 -DHAVE_POSIX_SPAWN_FILE_ACTIONS_ADDDUP2=1 -DHAVE_POSIX_SPAWNATTR_SETFLAGS=1 -DTCL_SHLIB_EXT=\".so\" -DNDEBUG=1 -DTCL_CFG_OPTIMIZED=1 -DMP_PREC=4 -D_LARGEFILE64_SOURCE=1 -DTCL_WIDE_INT_IS_LONG=1 -DHAVE_GETCWD=1 -DHAVE_MKSTEMP=1 -DHAVE_WAITPID=1 -DHAVE_GETNAMEINFO=1 -DHAVE_GETADDRINFO=1 -DHAVE_FREEADDRINFO=1 -DHAVE_GAI_STRERROR=1 -DHAVE_STRUCT_ADDRINFO=1 -DHAVE_STRUCT_IN6_ADDR=1 -DHAVE_STRUCT_SOCKADDR_IN6=1 -DHAVE_STRUCT_SOCKADDR_STORAGE=1 -DHAVE_GETPWUID_R_5=1 -DHAVE_GETPWUID_R=1 -DHAVE_GETPWNAM_R_5=1 -DHAVE_GETPWNAM_R=1 -DHAVE_GETGRGID_R_5=1 -DHAVE_GETGRGID_R=1 -DHAVE_GETGRNAM_R_5=1 -DHAVE_GETGRNAM_R=1 -DHAVE_DECL_GETHOSTBYNAME_R=1 -DHAVE_GETHOSTBYNAME_R_6=1 -DHAVE_GETHOSTBYNAME_R=1 -DHAVE_DECL_GETHOSTBYADDR_R=1 -DHAVE_GETHOSTBYADDR_R_8=1 -DHAVE_GETHOSTBYADDR_R=1 -DHAVE_TERMIOS_H=1 -DHAVE_SYS_IOCTL_H=1 -DHAVE_PSELECT=1 -DHAVE_SYS_EPOLL_H=1 -DNOTIFIER_EPOLL=1 -DHAVE_SYS_EVENTFD_H=1 -DHAVE_EVENTFD=1 -DHAVE_SYS_TIME_H=1 -DHAVE_GMTIME_R=1 -DHAVE_LOCALTIME_R=1 -DHAVE_TM_GMTOFF=1 -DHAVE_TIMEZONE_VAR=1 -DHAVE_STRUCT_STAT_ST_BLOCKS=1 -DHAVE_STRUCT_STAT_ST_BLKSIZE=1 -DHAVE_STRUCT_STAT_ST_RDEV=1 -DHAVE_BLKCNT_T=1 -DHAVE_INTPTR_T=1 -DHAVE_UINTPTR_T=1 -DNO_UNION_WAIT=1 -DHAVE_SIGNED_CHAR=1 -DHAVE_LANGINFO=1 -DHAVE_CFMAKERAW=1 -DHAVE_MKSTEMPS=1 -DHAVE_FTS=1 -DHAVE_SYS_IOCTL_H=1 -DTCL_UNLOAD_DLLS=1 -DHAVE_CPUID=1 -DZIPFS_BUILD=1    -DMP_FIXED_CUTOFFS -DBUILD_tcl /home/builder/build/src/tcl9.0.1/generic/tclOOCall.c
clang -c -I"." -I/home/builder/build/src/tcl9.0.1/unix -I/home/builder/build/src/tcl9.0.1/generic -I/home/builder/build/src/tcl9.0.1/libtommath -O2 -march=x86-64-v3 -O2 -pipe -fno-plt -fexceptions         -Wp,-D_FORTIFY_SOURCE=3 -fstack-clash-protection -fcf-protection -pipe -m64 -finput-charset=UTF-8  -Wall -Wextra -Wshadow -Wundef -Wwrite-strings -Wpointer-arith -Wc++-compat -fextended-identifiers -fPIC -fno-common -DPACKAGE_NAME=\"tcl\" -DPACKAGE_TARNAME=\"tcl\" -DPACKAGE_VERSION=\"9.0\" -DPACKAGE_STRING=\"tcl\ 9.0\" -DPACKAGE_BUGREPORT=\"\" -DPACKAGE_URL=\"\" -DHAVE_STDIO_H=1 -DHAVE_STDLIB_H=1 -DHAVE_STRING_H=1 -DHAVE_INTTYPES_H=1 -DHAVE_STDINT_H=1 -DHAVE_STRINGS_H=1 -DHAVE_SYS_STAT_H=1 -DHAVE_SYS_TYPES_H=1 -DHAVE_UNISTD_H=1 -DHAVE_SYS_TIME_H=1 -DSTDC_HEADERS=1 -DHAVE_SYS_PARAM_H=1 -DTCL_CFGVAL_ENCODING=\"utf-8\" -D_REENTRANT=1 -D_THREAD_SAFE=1 -DHAVE_PTHREAD_ATTR_SETSTACKSIZE=1 -DHAVE_PTHREAD_ATFORK=1 -DHAVE_DECL_PTHREAD_MUTEX_RECURSIVE=1 -DMODULE_SCOPE=extern\ __attribute__\(\(__visibility__\(\"hidden\"\)\)\) -DHAVE_HIDDEN=1 -DTCL_CFG_DO64BIT=1 -DHAVE_CAST_TO_UNION=1 -DHAVE_STDBOOL_H=1 -DHAVE_VFORK=1 -DHAVE_POSIX_SPAWNP=1 -DHAVE_POSIX_SPAWN_FILE_ACTIONS_ADDDUP2=1 -DHAVE_POSIX_SPAWNATTR_SETFLAGS=1 -DTCL_SHLIB_EXT=\".so\" -DNDEBUG=1 -DTCL_CFG_OPTIMIZED=1 -DMP_PREC=4 -D_LARGEFILE64_SOURCE=1 -DTCL_WIDE_INT_IS_LONG=1 -DHAVE_GETCWD=1 -DHAVE_MKSTEMP=1 -DHAVE_WAITPID=1 -DHAVE_GETNAMEINFO=1 -DHAVE_GETADDRINFO=1 -DHAVE_FREEADDRINFO=1 -DHAVE_GAI_STRERROR=1 -DHAVE_STRUCT_ADDRINFO=1 -DHAVE_STRUCT_IN6_ADDR=1 -DHAVE_STRUCT_SOCKADDR_IN6=1 -DHAVE_STRUCT_SOCKADDR_STORAGE=1 -DHAVE_GETPWUID_R_5=1 -DHAVE_GETPWUID_R=1 -DHAVE_GETPWNAM_R_5=1 -DHAVE_GETPWNAM_R=1 -DHAVE_GETGRGID_R_5=1 -DHAVE_GETGRGID_R=1 -DHAVE_GETGRNAM_R_5=1 -DHAVE_GETGRNAM_R=1 -DHAVE_DECL_GETHOSTBYNAME_R=1 -DHAVE_GETHOSTBYNAME_R_6=1 -DHAVE_GETHOSTBYNAME_R=1 -DHAVE_DECL_GETHOSTBYADDR_R=1 -DHAVE_GETHOSTBYADDR_R_8=1 -DHAVE_GETHOSTBYADDR_R=1 -DHAVE_TERMIOS_H=1 -DHAVE_SYS_IOCTL_H=1 -DHAVE_PSELECT=1 -DHAVE_SYS_EPOLL_H=1 -DNOTIFIER_EPOLL=1 -DHAVE_SYS_EVENTFD_H=1 -DHAVE_EVENTFD=1 -DHAVE_SYS_TIME_H=1 -DHAVE_GMTIME_R=1 -DHAVE_LOCALTIME_R=1 -DHAVE_TM_GMTOFF=1 -DHAVE_TIMEZONE_VAR=1 -DHAVE_STRUCT_STAT_ST_BLOCKS=1 -DHAVE_STRUCT_STAT_ST_BLKSIZE=1 -DHAVE_STRUCT_STAT_ST_RDEV=1 -DHAVE_BLKCNT_T=1 -DHAVE_INTPTR_T=1 -DHAVE_UINTPTR_T=1 -DNO_UNION_WAIT=1 -DHAVE_SIGNED_CHAR=1 -DHAVE_LANGINFO=1 -DHAVE_CFMAKERAW=1 -DHAVE_MKSTEMPS=1 -DHAVE_FTS=1 -DHAVE_SYS_IOCTL_H=1 -DTCL_UNLOAD_DLLS=1 -DHAVE_CPUID=1 -DZIPFS_BUILD=1    -DMP_FIXED_CUTOFFS -DBUILD_tcl /home/builder/build/src/tcl9.0.1/generic/tclOODefineCmds.c
clang -c -I"." -I/home/builder/build/src/tcl9.0.1/unix -I/home/builder/build/src/tcl9.0.1/generic -I/home/builder/build/src/tcl9.0.1/libtommath -O2 -march=x86-64-v3 -O2 -pipe -fno-plt -fexceptions         -Wp,-D_FORTIFY_SOURCE=3 -fstack-clash-protection -fcf-protection -pipe -m64 -finput-charset=UTF-8  -Wall -Wextra -Wshadow -Wundef -Wwrite-strings -Wpointer-arith -Wc++-compat -fextended-identifiers -fPIC -fno-common -DPACKAGE_NAME=\"tcl\" -DPACKAGE_TARNAME=\"tcl\" -DPACKAGE_VERSION=\"9.0\" -DPACKAGE_STRING=\"tcl\ 9.0\" -DPACKAGE_BUGREPORT=\"\" -DPACKAGE_URL=\"\" -DHAVE_STDIO_H=1 -DHAVE_STDLIB_H=1 -DHAVE_STRING_H=1 -DHAVE_INTTYPES_H=1 -DHAVE_STDINT_H=1 -DHAVE_STRINGS_H=1 -DHAVE_SYS_STAT_H=1 -DHAVE_SYS_TYPES_H=1 -DHAVE_UNISTD_H=1 -DHAVE_SYS_TIME_H=1 -DSTDC_HEADERS=1 -DHAVE_SYS_PARAM_H=1 -DTCL_CFGVAL_ENCODING=\"utf-8\" -D_REENTRANT=1 -D_THREAD_SAFE=1 -DHAVE_PTHREAD_ATTR_SETSTACKSIZE=1 -DHAVE_PTHREAD_ATFORK=1 -DHAVE_DECL_PTHREAD_MUTEX_RECURSIVE=1 -DMODULE_SCOPE=extern\ __attribute__\(\(__visibility__\(\"hidden\"\)\)\) -DHAVE_HIDDEN=1 -DTCL_CFG_DO64BIT=1 -DHAVE_CAST_TO_UNION=1 -DHAVE_STDBOOL_H=1 -DHAVE_VFORK=1 -DHAVE_POSIX_SPAWNP=1 -DHAVE_POSIX_SPAWN_FILE_ACTIONS_ADDDUP2=1 -DHAVE_POSIX_SPAWNATTR_SETFLAGS=1 -DTCL_SHLIB_EXT=\".so\" -DNDEBUG=1 -DTCL_CFG_OPTIMIZED=1 -DMP_PREC=4 -D_LARGEFILE64_SOURCE=1 -DTCL_WIDE_INT_IS_LONG=1 -DHAVE_GETCWD=1 -DHAVE_MKSTEMP=1 -DHAVE_WAITPID=1 -DHAVE_GETNAMEINFO=1 -DHAVE_GETADDRINFO=1 -DHAVE_FREEADDRINFO=1 -DHAVE_GAI_STRERROR=1 -DHAVE_STRUCT_ADDRINFO=1 -DHAVE_STRUCT_IN6_ADDR=1 -DHAVE_STRUCT_SOCKADDR_IN6=1 -DHAVE_STRUCT_SOCKADDR_STORAGE=1 -DHAVE_GETPWUID_R_5=1 -DHAVE_GETPWUID_R=1 -DHAVE_GETPWNAM_R_5=1 -DHAVE_GETPWNAM_R=1 -DHAVE_GETGRGID_R_5=1 -DHAVE_GETGRGID_R=1 -DHAVE_GETGRNAM_R_5=1 -DHAVE_GETGRNAM_R=1 -DHAVE_DECL_GETHOSTBYNAME_R=1 -DHAVE_GETHOSTBYNAME_R_6=1 -DHAVE_GETHOSTBYNAME_R=1 -DHAVE_DECL_GETHOSTBYADDR_R=1 -DHAVE_GETHOSTBYADDR_R_8=1 -DHAVE_GETHOSTBYADDR_R=1 -DHAVE_TERMIOS_H=1 -DHAVE_SYS_IOCTL_H=1 -DHAVE_PSELECT=1 -DHAVE_SYS_EPOLL_H=1 -DNOTIFIER_EPOLL=1 -DHAVE_SYS_EVENTFD_H=1 -DHAVE_EVENTFD=1 -DHAVE_SYS_TIME_H=1 -DHAVE_GMTIME_R=1 -DHAVE_LOCALTIME_R=1 -DHAVE_TM_GMTOFF=1 -DHAVE_TIMEZONE_VAR=1 -DHAVE_STRUCT_STAT_ST_BLOCKS=1 -DHAVE_STRUCT_STAT_ST_BLKSIZE=1 -DHAVE_STRUCT_STAT_ST_RDEV=1 -DHAVE_BLKCNT_T=1 -DHAVE_INTPTR_T=1 -DHAVE_UINTPTR_T=1 -DNO_UNION_WAIT=1 -DHAVE_SIGNED_CHAR=1 -DHAVE_LANGINFO=1 -DHAVE_CFMAKERAW=1 -DHAVE_MKSTEMPS=1 -DHAVE_FTS=1 -DHAVE_SYS_IOCTL_H=1 -DTCL_UNLOAD_DLLS=1 -DHAVE_CPUID=1 -DZIPFS_BUILD=1    -DMP_FIXED_CUTOFFS -DBUILD_tcl /home/builder/build/src/tcl9.0.1/generic/tclOOInfo.c
clang -c -I"." -I/home/builder/build/src/tcl9.0.1/unix -I/home/builder/build/src/tcl9.0.1/generic -I/home/builder/build/src/tcl9.0.1/libtommath -O2 -march=x86-64-v3 -O2 -pipe -fno-plt -fexceptions         -Wp,-D_FORTIFY_SOURCE=3 -fstack-clash-protection -fcf-protection -pipe -m64 -finput-charset=UTF-8  -Wall -Wextra -Wshadow -Wundef -Wwrite-strings -Wpointer-arith -Wc++-compat -fextended-identifiers -fPIC -fno-common -DPACKAGE_NAME=\"tcl\" -DPACKAGE_TARNAME=\"tcl\" -DPACKAGE_VERSION=\"9.0\" -DPACKAGE_STRING=\"tcl\ 9.0\" -DPACKAGE_BUGREPORT=\"\" -DPACKAGE_URL=\"\" -DHAVE_STDIO_H=1 -DHAVE_STDLIB_H=1 -DHAVE_STRING_H=1 -DHAVE_INTTYPES_H=1 -DHAVE_STDINT_H=1 -DHAVE_STRINGS_H=1 -DHAVE_SYS_STAT_H=1 -DHAVE_SYS_TYPES_H=1 -DHAVE_UNISTD_H=1 -DHAVE_SYS_TIME_H=1 -DSTDC_HEADERS=1 -DHAVE_SYS_PARAM_H=1 -DTCL_CFGVAL_ENCODING=\"utf-8\" -D_REENTRANT=1 -D_THREAD_SAFE=1 -DHAVE_PTHREAD_ATTR_SETSTACKSIZE=1 -DHAVE_PTHREAD_ATFORK=1 -DHAVE_DECL_PTHREAD_MUTEX_RECURSIVE=1 -DMODULE_SCOPE=extern\ __attribute__\(\(__visibility__\(\"hidden\"\)\)\) -DHAVE_HIDDEN=1 -DTCL_CFG_DO64BIT=1 -DHAVE_CAST_TO_UNION=1 -DHAVE_STDBOOL_H=1 -DHAVE_VFORK=1 -DHAVE_POSIX_SPAWNP=1 -DHAVE_POSIX_SPAWN_FILE_ACTIONS_ADDDUP2=1 -DHAVE_POSIX_SPAWNATTR_SETFLAGS=1 -DTCL_SHLIB_EXT=\".so\" -DNDEBUG=1 -DTCL_CFG_OPTIMIZED=1 -DMP_PREC=4 -D_LARGEFILE64_SOURCE=1 -DTCL_WIDE_INT_IS_LONG=1 -DHAVE_GETCWD=1 -DHAVE_MKSTEMP=1 -DHAVE_WAITPID=1 -DHAVE_GETNAMEINFO=1 -DHAVE_GETADDRINFO=1 -DHAVE_FREEADDRINFO=1 -DHAVE_GAI_STRERROR=1 -DHAVE_STRUCT_ADDRINFO=1 -DHAVE_STRUCT_IN6_ADDR=1 -DHAVE_STRUCT_SOCKADDR_IN6=1 -DHAVE_STRUCT_SOCKADDR_STORAGE=1 -DHAVE_GETPWUID_R_5=1 -DHAVE_GETPWUID_R=1 -DHAVE_GETPWNAM_R_5=1 -DHAVE_GETPWNAM_R=1 -DHAVE_GETGRGID_R_5=1 -DHAVE_GETGRGID_R=1 -DHAVE_GETGRNAM_R_5=1 -DHAVE_GETGRNAM_R=1 -DHAVE_DECL_GETHOSTBYNAME_R=1 -DHAVE_GETHOSTBYNAME_R_6=1 -DHAVE_GETHOSTBYNAME_R=1 -DHAVE_DECL_GETHOSTBYADDR_R=1 -DHAVE_GETHOSTBYADDR_R_8=1 -DHAVE_GETHOSTBYADDR_R=1 -DHAVE_TERMIOS_H=1 -DHAVE_SYS_IOCTL_H=1 -DHAVE_PSELECT=1 -DHAVE_SYS_EPOLL_H=1 -DNOTIFIER_EPOLL=1 -DHAVE_SYS_EVENTFD_H=1 -DHAVE_EVENTFD=1 -DHAVE_SYS_TIME_H=1 -DHAVE_GMTIME_R=1 -DHAVE_LOCALTIME_R=1 -DHAVE_TM_GMTOFF=1 -DHAVE_TIMEZONE_VAR=1 -DHAVE_STRUCT_STAT_ST_BLOCKS=1 -DHAVE_STRUCT_STAT_ST_BLKSIZE=1 -DHAVE_STRUCT_STAT_ST_RDEV=1 -DHAVE_BLKCNT_T=1 -DHAVE_INTPTR_T=1 -DHAVE_UINTPTR_T=1 -DNO_UNION_WAIT=1 -DHAVE_SIGNED_CHAR=1 -DHAVE_LANGINFO=1 -DHAVE_CFMAKERAW=1 -DHAVE_MKSTEMPS=1 -DHAVE_FTS=1 -DHAVE_SYS_IOCTL_H=1 -DTCL_UNLOAD_DLLS=1 -DHAVE_CPUID=1 -DZIPFS_BUILD=1    -DMP_FIXED_CUTOFFS -DBUILD_tcl /home/builder/build/src/tcl9.0.1/generic/tclOOMethod.c
clang -c -I"." -I/home/builder/build/src/tcl9.0.1/unix -I/home/builder/build/src/tcl9.0.1/generic -I/home/builder/build/src/tcl9.0.1/libtommath -O2 -march=x86-64-v3 -O2 -pipe -fno-plt -fexceptions         -Wp,-D_FORTIFY_SOURCE=3 -fstack-clash-protection -fcf-protection -pipe -m64 -finput-charset=UTF-8  -Wall -Wextra -Wshadow -Wundef -Wwrite-strings -Wpointer-arith -Wc++-compat -fextended-identifiers -fPIC -fno-common -DPACKAGE_NAME=\"tcl\" -DPACKAGE_TARNAME=\"tcl\" -DPACKAGE_VERSION=\"9.0\" -DPACKAGE_STRING=\"tcl\ 9.0\" -DPACKAGE_BUGREPORT=\"\" -DPACKAGE_URL=\"\" -DHAVE_STDIO_H=1 -DHAVE_STDLIB_H=1 -DHAVE_STRING_H=1 -DHAVE_INTTYPES_H=1 -DHAVE_STDINT_H=1 -DHAVE_STRINGS_H=1 -DHAVE_SYS_STAT_H=1 -DHAVE_SYS_TYPES_H=1 -DHAVE_UNISTD_H=1 -DHAVE_SYS_TIME_H=1 -DSTDC_HEADERS=1 -DHAVE_SYS_PARAM_H=1 -DTCL_CFGVAL_ENCODING=\"utf-8\" -D_REENTRANT=1 -D_THREAD_SAFE=1 -DHAVE_PTHREAD_ATTR_SETSTACKSIZE=1 -DHAVE_PTHREAD_ATFORK=1 -DHAVE_DECL_PTHREAD_MUTEX_RECURSIVE=1 -DMODULE_SCOPE=extern\ __attribute__\(\(__visibility__\(\"hidden\"\)\)\) -DHAVE_HIDDEN=1 -DTCL_CFG_DO64BIT=1 -DHAVE_CAST_TO_UNION=1 -DHAVE_STDBOOL_H=1 -DHAVE_VFORK=1 -DHAVE_POSIX_SPAWNP=1 -DHAVE_POSIX_SPAWN_FILE_ACTIONS_ADDDUP2=1 -DHAVE_POSIX_SPAWNATTR_SETFLAGS=1 -DTCL_SHLIB_EXT=\".so\" -DNDEBUG=1 -DTCL_CFG_OPTIMIZED=1 -DMP_PREC=4 -D_LARGEFILE64_SOURCE=1 -DTCL_WIDE_INT_IS_LONG=1 -DHAVE_GETCWD=1 -DHAVE_MKSTEMP=1 -DHAVE_WAITPID=1 -DHAVE_GETNAMEINFO=1 -DHAVE_GETADDRINFO=1 -DHAVE_FREEADDRINFO=1 -DHAVE_GAI_STRERROR=1 -DHAVE_STRUCT_ADDRINFO=1 -DHAVE_STRUCT_IN6_ADDR=1 -DHAVE_STRUCT_SOCKADDR_IN6=1 -DHAVE_STRUCT_SOCKADDR_STORAGE=1 -DHAVE_GETPWUID_R_5=1 -DHAVE_GETPWUID_R=1 -DHAVE_GETPWNAM_R_5=1 -DHAVE_GETPWNAM_R=1 -DHAVE_GETGRGID_R_5=1 -DHAVE_GETGRGID_R=1 -DHAVE_GETGRNAM_R_5=1 -DHAVE_GETGRNAM_R=1 -DHAVE_DECL_GETHOSTBYNAME_R=1 -DHAVE_GETHOSTBYNAME_R_6=1 -DHAVE_GETHOSTBYNAME_R=1 -DHAVE_DECL_GETHOSTBYADDR_R=1 -DHAVE_GETHOSTBYADDR_R_8=1 -DHAVE_GETHOSTBYADDR_R=1 -DHAVE_TERMIOS_H=1 -DHAVE_SYS_IOCTL_H=1 -DHAVE_PSELECT=1 -DHAVE_SYS_EPOLL_H=1 -DNOTIFIER_EPOLL=1 -DHAVE_SYS_EVENTFD_H=1 -DHAVE_EVENTFD=1 -DHAVE_SYS_TIME_H=1 -DHAVE_GMTIME_R=1 -DHAVE_LOCALTIME_R=1 -DHAVE_TM_GMTOFF=1 -DHAVE_TIMEZONE_VAR=1 -DHAVE_STRUCT_STAT_ST_BLOCKS=1 -DHAVE_STRUCT_STAT_ST_BLKSIZE=1 -DHAVE_STRUCT_STAT_ST_RDEV=1 -DHAVE_BLKCNT_T=1 -DHAVE_INTPTR_T=1 -DHAVE_UINTPTR_T=1 -DNO_UNION_WAIT=1 -DHAVE_SIGNED_CHAR=1 -DHAVE_LANGINFO=1 -DHAVE_CFMAKERAW=1 -DHAVE_MKSTEMPS=1 -DHAVE_FTS=1 -DHAVE_SYS_IOCTL_H=1 -DTCL_UNLOAD_DLLS=1 -DHAVE_CPUID=1 -DZIPFS_BUILD=1    -DMP_FIXED_CUTOFFS -DBUILD_tcl /home/builder/build/src/tcl9.0.1/generic/tclOOProp.c
clang -c -I"." -I/home/builder/build/src/tcl9.0.1/unix -I/home/builder/build/src/tcl9.0.1/generic -I/home/builder/build/src/tcl9.0.1/libtommath -O2 -march=x86-64-v3 -O2 -pipe -fno-plt -fexceptions         -Wp,-D_FORTIFY_SOURCE=3 -fstack-clash-protection -fcf-protection -pipe -m64 -finput-charset=UTF-8  -Wall -Wextra -Wshadow -Wundef -Wwrite-strings -Wpointer-arith -Wc++-compat -fextended-identifiers -fPIC -fno-common -DPACKAGE_NAME=\"tcl\" -DPACKAGE_TARNAME=\"tcl\" -DPACKAGE_VERSION=\"9.0\" -DPACKAGE_STRING=\"tcl\ 9.0\" -DPACKAGE_BUGREPORT=\"\" -DPACKAGE_URL=\"\" -DHAVE_STDIO_H=1 -DHAVE_STDLIB_H=1 -DHAVE_STRING_H=1 -DHAVE_INTTYPES_H=1 -DHAVE_STDINT_H=1 -DHAVE_STRINGS_H=1 -DHAVE_SYS_STAT_H=1 -DHAVE_SYS_TYPES_H=1 -DHAVE_UNISTD_H=1 -DHAVE_SYS_TIME_H=1 -DSTDC_HEADERS=1 -DHAVE_SYS_PARAM_H=1 -DTCL_CFGVAL_ENCODING=\"utf-8\" -D_REENTRANT=1 -D_THREAD_SAFE=1 -DHAVE_PTHREAD_ATTR_SETSTACKSIZE=1 -DHAVE_PTHREAD_ATFORK=1 -DHAVE_DECL_PTHREAD_MUTEX_RECURSIVE=1 -DMODULE_SCOPE=extern\ __attribute__\(\(__visibility__\(\"hidden\"\)\)\) -DHAVE_HIDDEN=1 -DTCL_CFG_DO64BIT=1 -DHAVE_CAST_TO_UNION=1 -DHAVE_STDBOOL_H=1 -DHAVE_VFORK=1 -DHAVE_POSIX_SPAWNP=1 -DHAVE_POSIX_SPAWN_FILE_ACTIONS_ADDDUP2=1 -DHAVE_POSIX_SPAWNATTR_SETFLAGS=1 -DTCL_SHLIB_EXT=\".so\" -DNDEBUG=1 -DTCL_CFG_OPTIMIZED=1 -DMP_PREC=4 -D_LARGEFILE64_SOURCE=1 -DTCL_WIDE_INT_IS_LONG=1 -DHAVE_GETCWD=1 -DHAVE_MKSTEMP=1 -DHAVE_WAITPID=1 -DHAVE_GETNAMEINFO=1 -DHAVE_GETADDRINFO=1 -DHAVE_FREEADDRINFO=1 -DHAVE_GAI_STRERROR=1 -DHAVE_STRUCT_ADDRINFO=1 -DHAVE_STRUCT_IN6_ADDR=1 -DHAVE_STRUCT_SOCKADDR_IN6=1 -DHAVE_STRUCT_SOCKADDR_STORAGE=1 -DHAVE_GETPWUID_R_5=1 -DHAVE_GETPWUID_R=1 -DHAVE_GETPWNAM_R_5=1 -DHAVE_GETPWNAM_R=1 -DHAVE_GETGRGID_R_5=1 -DHAVE_GETGRGID_R=1 -DHAVE_GETGRNAM_R_5=1 -DHAVE_GETGRNAM_R=1 -DHAVE_DECL_GETHOSTBYNAME_R=1 -DHAVE_GETHOSTBYNAME_R_6=1 -DHAVE_GETHOSTBYNAME_R=1 -DHAVE_DECL_GETHOSTBYADDR_R=1 -DHAVE_GETHOSTBYADDR_R_8=1 -DHAVE_GETHOSTBYADDR_R=1 -DHAVE_TERMIOS_H=1 -DHAVE_SYS_IOCTL_H=1 -DHAVE_PSELECT=1 -DHAVE_SYS_EPOLL_H=1 -DNOTIFIER_EPOLL=1 -DHAVE_SYS_EVENTFD_H=1 -DHAVE_EVENTFD=1 -DHAVE_SYS_TIME_H=1 -DHAVE_GMTIME_R=1 -DHAVE_LOCALTIME_R=1 -DHAVE_TM_GMTOFF=1 -DHAVE_TIMEZONE_VAR=1 -DHAVE_STRUCT_STAT_ST_BLOCKS=1 -DHAVE_STRUCT_STAT_ST_BLKSIZE=1 -DHAVE_STRUCT_STAT_ST_RDEV=1 -DHAVE_BLKCNT_T=1 -DHAVE_INTPTR_T=1 -DHAVE_UINTPTR_T=1 -DNO_UNION_WAIT=1 -DHAVE_SIGNED_CHAR=1 -DHAVE_LANGINFO=1 -DHAVE_CFMAKERAW=1 -DHAVE_MKSTEMPS=1 -DHAVE_FTS=1 -DHAVE_SYS_IOCTL_H=1 -DTCL_UNLOAD_DLLS=1 -DHAVE_CPUID=1 -DZIPFS_BUILD=1    -DMP_FIXED_CUTOFFS -DBUILD_tcl /home/builder/build/src/tcl9.0.1/generic/tclOOStubInit.c
clang -c -I"." -I/home/builder/build/src/tcl9.0.1/unix -I/home/builder/build/src/tcl9.0.1/generic -I/home/builder/build/src/tcl9.0.1/libtommath -O2 -march=x86-64-v3 -O2 -pipe -fno-plt -fexceptions         -Wp,-D_FORTIFY_SOURCE=3 -fstack-clash-protection -fcf-protection -pipe -m64 -finput-charset=UTF-8  -Wall -Wextra -Wshadow -Wundef -Wwrite-strings -Wpointer-arith -Wc++-compat -fextended-identifiers -fPIC -fno-common -DPACKAGE_NAME=\"tcl\" -DPACKAGE_TARNAME=\"tcl\" -DPACKAGE_VERSION=\"9.0\" -DPACKAGE_STRING=\"tcl\ 9.0\" -DPACKAGE_BUGREPORT=\"\" -DPACKAGE_URL=\"\" -DHAVE_STDIO_H=1 -DHAVE_STDLIB_H=1 -DHAVE_STRING_H=1 -DHAVE_INTTYPES_H=1 -DHAVE_STDINT_H=1 -DHAVE_STRINGS_H=1 -DHAVE_SYS_STAT_H=1 -DHAVE_SYS_TYPES_H=1 -DHAVE_UNISTD_H=1 -DHAVE_SYS_TIME_H=1 -DSTDC_HEADERS=1 -DHAVE_SYS_PARAM_H=1 -DTCL_CFGVAL_ENCODING=\"utf-8\" -D_REENTRANT=1 -D_THREAD_SAFE=1 -DHAVE_PTHREAD_ATTR_SETSTACKSIZE=1 -DHAVE_PTHREAD_ATFORK=1 -DHAVE_DECL_PTHREAD_MUTEX_RECURSIVE=1 -DMODULE_SCOPE=extern\ __attribute__\(\(__visibility__\(\"hidden\"\)\)\) -DHAVE_HIDDEN=1 -DTCL_CFG_DO64BIT=1 -DHAVE_CAST_TO_UNION=1 -DHAVE_STDBOOL_H=1 -DHAVE_VFORK=1 -DHAVE_POSIX_SPAWNP=1 -DHAVE_POSIX_SPAWN_FILE_ACTIONS_ADDDUP2=1 -DHAVE_POSIX_SPAWNATTR_SETFLAGS=1 -DTCL_SHLIB_EXT=\".so\" -DNDEBUG=1 -DTCL_CFG_OPTIMIZED=1 -DMP_PREC=4 -D_LARGEFILE64_SOURCE=1 -DTCL_WIDE_INT_IS_LONG=1 -DHAVE_GETCWD=1 -DHAVE_MKSTEMP=1 -DHAVE_WAITPID=1 -DHAVE_GETNAMEINFO=1 -DHAVE_GETADDRINFO=1 -DHAVE_FREEADDRINFO=1 -DHAVE_GAI_STRERROR=1 -DHAVE_STRUCT_ADDRINFO=1 -DHAVE_STRUCT_IN6_ADDR=1 -DHAVE_STRUCT_SOCKADDR_IN6=1 -DHAVE_STRUCT_SOCKADDR_STORAGE=1 -DHAVE_GETPWUID_R_5=1 -DHAVE_GETPWUID_R=1 -DHAVE_GETPWNAM_R_5=1 -DHAVE_GETPWNAM_R=1 -DHAVE_GETGRGID_R_5=1 -DHAVE_GETGRGID_R=1 -DHAVE_GETGRNAM_R_5=1 -DHAVE_GETGRNAM_R=1 -DHAVE_DECL_GETHOSTBYNAME_R=1 -DHAVE_GETHOSTBYNAME_R_6=1 -DHAVE_GETHOSTBYNAME_R=1 -DHAVE_DECL_GETHOSTBYADDR_R=1 -DHAVE_GETHOSTBYADDR_R_8=1 -DHAVE_GETHOSTBYADDR_R=1 -DHAVE_TERMIOS_H=1 -DHAVE_SYS_IOCTL_H=1 -DHAVE_PSELECT=1 -DHAVE_SYS_EPOLL_H=1 -DNOTIFIER_EPOLL=1 -DHAVE_SYS_EVENTFD_H=1 -DHAVE_EVENTFD=1 -DHAVE_SYS_TIME_H=1 -DHAVE_GMTIME_R=1 -DHAVE_LOCALTIME_R=1 -DHAVE_TM_GMTOFF=1 -DHAVE_TIMEZONE_VAR=1 -DHAVE_STRUCT_STAT_ST_BLOCKS=1 -DHAVE_STRUCT_STAT_ST_BLKSIZE=1 -DHAVE_STRUCT_STAT_ST_RDEV=1 -DHAVE_BLKCNT_T=1 -DHAVE_INTPTR_T=1 -DHAVE_UINTPTR_T=1 -DNO_UNION_WAIT=1 -DHAVE_SIGNED_CHAR=1 -DHAVE_LANGINFO=1 -DHAVE_CFMAKERAW=1 -DHAVE_MKSTEMPS=1 -DHAVE_FTS=1 -DHAVE_SYS_IOCTL_H=1 -DTCL_UNLOAD_DLLS=1 -DHAVE_CPUID=1 -DZIPFS_BUILD=1    -DMP_FIXED_CUTOFFS -DBUILD_tcl /home/builder/build/src/tcl9.0.1/unix/tclLoadDl.c
clang -c -I"." -I/home/builder/build/src/tcl9.0.1/unix -I/home/builder/build/src/tcl9.0.1/generic -I/home/builder/build/src/tcl9.0.1/libtommath -O2 -march=x86-64-v3 -O2 -pipe -fno-plt -fexceptions         -Wp,-D_FORTIFY_SOURCE=3 -fstack-clash-protection -fcf-protection -pipe -m64 -finput-charset=UTF-8  -Wall -Wextra -Wshadow -Wundef -Wwrite-strings -Wpointer-arith -Wc++-compat -fextended-identifiers -fPIC -fno-common -DPACKAGE_NAME=\"tcl\" -DPACKAGE_TARNAME=\"tcl\" -DPACKAGE_VERSION=\"9.0\" -DPACKAGE_STRING=\"tcl\ 9.0\" -DPACKAGE_BUGREPORT=\"\" -DPACKAGE_URL=\"\" -DHAVE_STDIO_H=1 -DHAVE_STDLIB_H=1 -DHAVE_STRING_H=1 -DHAVE_INTTYPES_H=1 -DHAVE_STDINT_H=1 -DHAVE_STRINGS_H=1 -DHAVE_SYS_STAT_H=1 -DHAVE_SYS_TYPES_H=1 -DHAVE_UNISTD_H=1 -DHAVE_SYS_TIME_H=1 -DSTDC_HEADERS=1 -DHAVE_SYS_PARAM_H=1 -DTCL_CFGVAL_ENCODING=\"utf-8\" -D_REENTRANT=1 -D_THREAD_SAFE=1 -DHAVE_PTHREAD_ATTR_SETSTACKSIZE=1 -DHAVE_PTHREAD_ATFORK=1 -DHAVE_DECL_PTHREAD_MUTEX_RECURSIVE=1 -DMODULE_SCOPE=extern\ __attribute__\(\(__visibility__\(\"hidden\"\)\)\) -DHAVE_HIDDEN=1 -DTCL_CFG_DO64BIT=1 -DHAVE_CAST_TO_UNION=1 -DHAVE_STDBOOL_H=1 -DHAVE_VFORK=1 -DHAVE_POSIX_SPAWNP=1 -DHAVE_POSIX_SPAWN_FILE_ACTIONS_ADDDUP2=1 -DHAVE_POSIX_SPAWNATTR_SETFLAGS=1 -DTCL_SHLIB_EXT=\".so\" -DNDEBUG=1 -DTCL_CFG_OPTIMIZED=1 -DMP_PREC=4 -D_LARGEFILE64_SOURCE=1 -DTCL_WIDE_INT_IS_LONG=1 -DHAVE_GETCWD=1 -DHAVE_MKSTEMP=1 -DHAVE_WAITPID=1 -DHAVE_GETNAMEINFO=1 -DHAVE_GETADDRINFO=1 -DHAVE_FREEADDRINFO=1 -DHAVE_GAI_STRERROR=1 -DHAVE_STRUCT_ADDRINFO=1 -DHAVE_STRUCT_IN6_ADDR=1 -DHAVE_STRUCT_SOCKADDR_IN6=1 -DHAVE_STRUCT_SOCKADDR_STORAGE=1 -DHAVE_GETPWUID_R_5=1 -DHAVE_GETPWUID_R=1 -DHAVE_GETPWNAM_R_5=1 -DHAVE_GETPWNAM_R=1 -DHAVE_GETGRGID_R_5=1 -DHAVE_GETGRGID_R=1 -DHAVE_GETGRNAM_R_5=1 -DHAVE_GETGRNAM_R=1 -DHAVE_DECL_GETHOSTBYNAME_R=1 -DHAVE_GETHOSTBYNAME_R_6=1 -DHAVE_GETHOSTBYNAME_R=1 -DHAVE_DECL_GETHOSTBYADDR_R=1 -DHAVE_GETHOSTBYADDR_R_8=1 -DHAVE_GETHOSTBYADDR_R=1 -DHAVE_TERMIOS_H=1 -DHAVE_SYS_IOCTL_H=1 -DHAVE_PSELECT=1 -DHAVE_SYS_EPOLL_H=1 -DNOTIFIER_EPOLL=1 -DHAVE_SYS_EVENTFD_H=1 -DHAVE_EVENTFD=1 -DHAVE_SYS_TIME_H=1 -DHAVE_GMTIME_R=1 -DHAVE_LOCALTIME_R=1 -DHAVE_TM_GMTOFF=1 -DHAVE_TIMEZONE_VAR=1 -DHAVE_STRUCT_STAT_ST_BLOCKS=1 -DHAVE_STRUCT_STAT_ST_BLKSIZE=1 -DHAVE_STRUCT_STAT_ST_RDEV=1 -DHAVE_BLKCNT_T=1 -DHAVE_INTPTR_T=1 -DHAVE_UINTPTR_T=1 -DNO_UNION_WAIT=1 -DHAVE_SIGNED_CHAR=1 -DHAVE_LANGINFO=1 -DHAVE_CFMAKERAW=1 -DHAVE_MKSTEMPS=1 -DHAVE_FTS=1 -DHAVE_SYS_IOCTL_H=1 -DTCL_UNLOAD_DLLS=1 -DHAVE_CPUID=1 -DZIPFS_BUILD=1    -DMP_FIXED_CUTOFFS -DBUILD_tcl /home/builder/build/src/tcl9.0.1/libtommath/bn_s_mp_reverse.c
clang -c -I"." -I/home/builder/build/src/tcl9.0.1/unix -I/home/builder/build/src/tcl9.0.1/generic -I/home/builder/build/src/tcl9.0.1/libtommath -O2 -march=x86-64-v3 -O2 -pipe -fno-plt -fexceptions         -Wp,-D_FORTIFY_SOURCE=3 -fstack-clash-protection -fcf-protection -pipe -m64 -finput-charset=UTF-8  -Wall -Wextra -Wshadow -Wundef -Wwrite-strings -Wpointer-arith -Wc++-compat -fextended-identifiers -fPIC -fno-common -DPACKAGE_NAME=\"tcl\" -DPACKAGE_TARNAME=\"tcl\" -DPACKAGE_VERSION=\"9.0\" -DPACKAGE_STRING=\"tcl\ 9.0\" -DPACKAGE_BUGREPORT=\"\" -DPACKAGE_URL=\"\" -DHAVE_STDIO_H=1 -DHAVE_STDLIB_H=1 -DHAVE_STRING_H=1 -DHAVE_INTTYPES_H=1 -DHAVE_STDINT_H=1 -DHAVE_STRINGS_H=1 -DHAVE_SYS_STAT_H=1 -DHAVE_SYS_TYPES_H=1 -DHAVE_UNISTD_H=1 -DHAVE_SYS_TIME_H=1 -DSTDC_HEADERS=1 -DHAVE_SYS_PARAM_H=1 -DTCL_CFGVAL_ENCODING=\"utf-8\" -D_REENTRANT=1 -D_THREAD_SAFE=1 -DHAVE_PTHREAD_ATTR_SETSTACKSIZE=1 -DHAVE_PTHREAD_ATFORK=1 -DHAVE_DECL_PTHREAD_MUTEX_RECURSIVE=1 -DMODULE_SCOPE=extern\ __attribute__\(\(__visibility__\(\"hidden\"\)\)\) -DHAVE_HIDDEN=1 -DTCL_CFG_DO64BIT=1 -DHAVE_CAST_TO_UNION=1 -DHAVE_STDBOOL_H=1 -DHAVE_VFORK=1 -DHAVE_POSIX_SPAWNP=1 -DHAVE_POSIX_SPAWN_FILE_ACTIONS_ADDDUP2=1 -DHAVE_POSIX_SPAWNATTR_SETFLAGS=1 -DTCL_SHLIB_EXT=\".so\" -DNDEBUG=1 -DTCL_CFG_OPTIMIZED=1 -DMP_PREC=4 -D_LARGEFILE64_SOURCE=1 -DTCL_WIDE_INT_IS_LONG=1 -DHAVE_GETCWD=1 -DHAVE_MKSTEMP=1 -DHAVE_WAITPID=1 -DHAVE_GETNAMEINFO=1 -DHAVE_GETADDRINFO=1 -DHAVE_FREEADDRINFO=1 -DHAVE_GAI_STRERROR=1 -DHAVE_STRUCT_ADDRINFO=1 -DHAVE_STRUCT_IN6_ADDR=1 -DHAVE_STRUCT_SOCKADDR_IN6=1 -DHAVE_STRUCT_SOCKADDR_STORAGE=1 -DHAVE_GETPWUID_R_5=1 -DHAVE_GETPWUID_R=1 -DHAVE_GETPWNAM_R_5=1 -DHAVE_GETPWNAM_R=1 -DHAVE_GETGRGID_R_5=1 -DHAVE_GETGRGID_R=1 -DHAVE_GETGRNAM_R_5=1 -DHAVE_GETGRNAM_R=1 -DHAVE_DECL_GETHOSTBYNAME_R=1 -DHAVE_GETHOSTBYNAME_R_6=1 -DHAVE_GETHOSTBYNAME_R=1 -DHAVE_DECL_GETHOSTBYADDR_R=1 -DHAVE_GETHOSTBYADDR_R_8=1 -DHAVE_GETHOSTBYADDR_R=1 -DHAVE_TERMIOS_H=1 -DHAVE_SYS_IOCTL_H=1 -DHAVE_PSELECT=1 -DHAVE_SYS_EPOLL_H=1 -DNOTIFIER_EPOLL=1 -DHAVE_SYS_EVENTFD_H=1 -DHAVE_EVENTFD=1 -DHAVE_SYS_TIME_H=1 -DHAVE_GMTIME_R=1 -DHAVE_LOCALTIME_R=1 -DHAVE_TM_GMTOFF=1 -DHAVE_TIMEZONE_VAR=1 -DHAVE_STRUCT_STAT_ST_BLOCKS=1 -DHAVE_STRUCT_STAT_ST_BLKSIZE=1 -DHAVE_STRUCT_STAT_ST_RDEV=1 -DHAVE_BLKCNT_T=1 -DHAVE_INTPTR_T=1 -DHAVE_UINTPTR_T=1 -DNO_UNION_WAIT=1 -DHAVE_SIGNED_CHAR=1 -DHAVE_LANGINFO=1 -DHAVE_CFMAKERAW=1 -DHAVE_MKSTEMPS=1 -DHAVE_FTS=1 -DHAVE_SYS_IOCTL_H=1 -DTCL_UNLOAD_DLLS=1 -DHAVE_CPUID=1 -DZIPFS_BUILD=1    -DMP_FIXED_CUTOFFS -DBUILD_tcl /home/builder/build/src/tcl9.0.1/libtommath/bn_s_mp_mul_digs_fast.c
clang -c -I"." -I/home/builder/build/src/tcl9.0.1/unix -I/home/builder/build/src/tcl9.0.1/generic -I/home/builder/build/src/tcl9.0.1/libtommath -O2 -march=x86-64-v3 -O2 -pipe -fno-plt -fexceptions         -Wp,-D_FORTIFY_SOURCE=3 -fstack-clash-protection -fcf-protection -pipe -m64 -finput-charset=UTF-8  -Wall -Wextra -Wshadow -Wundef -Wwrite-strings -Wpointer-arith -Wc++-compat -fextended-identifiers -fPIC -fno-common -DPACKAGE_NAME=\"tcl\" -DPACKAGE_TARNAME=\"tcl\" -DPACKAGE_VERSION=\"9.0\" -DPACKAGE_STRING=\"tcl\ 9.0\" -DPACKAGE_BUGREPORT=\"\" -DPACKAGE_URL=\"\" -DHAVE_STDIO_H=1 -DHAVE_STDLIB_H=1 -DHAVE_STRING_H=1 -DHAVE_INTTYPES_H=1 -DHAVE_STDINT_H=1 -DHAVE_STRINGS_H=1 -DHAVE_SYS_STAT_H=1 -DHAVE_SYS_TYPES_H=1 -DHAVE_UNISTD_H=1 -DHAVE_SYS_TIME_H=1 -DSTDC_HEADERS=1 -DHAVE_SYS_PARAM_H=1 -DTCL_CFGVAL_ENCODING=\"utf-8\" -D_REENTRANT=1 -D_THREAD_SAFE=1 -DHAVE_PTHREAD_ATTR_SETSTACKSIZE=1 -DHAVE_PTHREAD_ATFORK=1 -DHAVE_DECL_PTHREAD_MUTEX_RECURSIVE=1 -DMODULE_SCOPE=extern\ __attribute__\(\(__visibility__\(\"hidden\"\)\)\) -DHAVE_HIDDEN=1 -DTCL_CFG_DO64BIT=1 -DHAVE_CAST_TO_UNION=1 -DHAVE_STDBOOL_H=1 -DHAVE_VFORK=1 -DHAVE_POSIX_SPAWNP=1 -DHAVE_POSIX_SPAWN_FILE_ACTIONS_ADDDUP2=1 -DHAVE_POSIX_SPAWNATTR_SETFLAGS=1 -DTCL_SHLIB_EXT=\".so\" -DNDEBUG=1 -DTCL_CFG_OPTIMIZED=1 -DMP_PREC=4 -D_LARGEFILE64_SOURCE=1 -DTCL_WIDE_INT_IS_LONG=1 -DHAVE_GETCWD=1 -DHAVE_MKSTEMP=1 -DHAVE_WAITPID=1 -DHAVE_GETNAMEINFO=1 -DHAVE_GETADDRINFO=1 -DHAVE_FREEADDRINFO=1 -DHAVE_GAI_STRERROR=1 -DHAVE_STRUCT_ADDRINFO=1 -DHAVE_STRUCT_IN6_ADDR=1 -DHAVE_STRUCT_SOCKADDR_IN6=1 -DHAVE_STRUCT_SOCKADDR_STORAGE=1 -DHAVE_GETPWUID_R_5=1 -DHAVE_GETPWUID_R=1 -DHAVE_GETPWNAM_R_5=1 -DHAVE_GETPWNAM_R=1 -DHAVE_GETGRGID_R_5=1 -DHAVE_GETGRGID_R=1 -DHAVE_GETGRNAM_R_5=1 -DHAVE_GETGRNAM_R=1 -DHAVE_DECL_GETHOSTBYNAME_R=1 -DHAVE_GETHOSTBYNAME_R_6=1 -DHAVE_GETHOSTBYNAME_R=1 -DHAVE_DECL_GETHOSTBYADDR_R=1 -DHAVE_GETHOSTBYADDR_R_8=1 -DHAVE_GETHOSTBYADDR_R=1 -DHAVE_TERMIOS_H=1 -DHAVE_SYS_IOCTL_H=1 -DHAVE_PSELECT=1 -DHAVE_SYS_EPOLL_H=1 -DNOTIFIER_EPOLL=1 -DHAVE_SYS_EVENTFD_H=1 -DHAVE_EVENTFD=1 -DHAVE_SYS_TIME_H=1 -DHAVE_GMTIME_R=1 -DHAVE_LOCALTIME_R=1 -DHAVE_TM_GMTOFF=1 -DHAVE_TIMEZONE_VAR=1 -DHAVE_STRUCT_STAT_ST_BLOCKS=1 -DHAVE_STRUCT_STAT_ST_BLKSIZE=1 -DHAVE_STRUCT_STAT_ST_RDEV=1 -DHAVE_BLKCNT_T=1 -DHAVE_INTPTR_T=1 -DHAVE_UINTPTR_T=1 -DNO_UNION_WAIT=1 -DHAVE_SIGNED_CHAR=1 -DHAVE_LANGINFO=1 -DHAVE_CFMAKERAW=1 -DHAVE_MKSTEMPS=1 -DHAVE_FTS=1 -DHAVE_SYS_IOCTL_H=1 -DTCL_UNLOAD_DLLS=1 -DHAVE_CPUID=1 -DZIPFS_BUILD=1    -DMP_FIXED_CUTOFFS -DBUILD_tcl /home/builder/build/src/tcl9.0.1/libtommath/bn_s_mp_sqr_fast.c
clang -c -I"." -I/home/builder/build/src/tcl9.0.1/unix -I/home/builder/build/src/tcl9.0.1/generic -I/home/builder/build/src/tcl9.0.1/libtommath -O2 -march=x86-64-v3 -O2 -pipe -fno-plt -fexceptions         -Wp,-D_FORTIFY_SOURCE=3 -fstack-clash-protection -fcf-protection -pipe -m64 -finput-charset=UTF-8  -Wall -Wextra -Wshadow -Wundef -Wwrite-strings -Wpointer-arith -Wc++-compat -fextended-identifiers -fPIC -fno-common -DPACKAGE_NAME=\"tcl\" -DPACKAGE_TARNAME=\"tcl\" -DPACKAGE_VERSION=\"9.0\" -DPACKAGE_STRING=\"tcl\ 9.0\" -DPACKAGE_BUGREPORT=\"\" -DPACKAGE_URL=\"\" -DHAVE_STDIO_H=1 -DHAVE_STDLIB_H=1 -DHAVE_STRING_H=1 -DHAVE_INTTYPES_H=1 -DHAVE_STDINT_H=1 -DHAVE_STRINGS_H=1 -DHAVE_SYS_STAT_H=1 -DHAVE_SYS_TYPES_H=1 -DHAVE_UNISTD_H=1 -DHAVE_SYS_TIME_H=1 -DSTDC_HEADERS=1 -DHAVE_SYS_PARAM_H=1 -DTCL_CFGVAL_ENCODING=\"utf-8\" -D_REENTRANT=1 -D_THREAD_SAFE=1 -DHAVE_PTHREAD_ATTR_SETSTACKSIZE=1 -DHAVE_PTHREAD_ATFORK=1 -DHAVE_DECL_PTHREAD_MUTEX_RECURSIVE=1 -DMODULE_SCOPE=extern\ __attribute__\(\(__visibility__\(\"hidden\"\)\)\) -DHAVE_HIDDEN=1 -DTCL_CFG_DO64BIT=1 -DHAVE_CAST_TO_UNION=1 -DHAVE_STDBOOL_H=1 -DHAVE_VFORK=1 -DHAVE_POSIX_SPAWNP=1 -DHAVE_POSIX_SPAWN_FILE_ACTIONS_ADDDUP2=1 -DHAVE_POSIX_SPAWNATTR_SETFLAGS=1 -DTCL_SHLIB_EXT=\".so\" -DNDEBUG=1 -DTCL_CFG_OPTIMIZED=1 -DMP_PREC=4 -D_LARGEFILE64_SOURCE=1 -DTCL_WIDE_INT_IS_LONG=1 -DHAVE_GETCWD=1 -DHAVE_MKSTEMP=1 -DHAVE_WAITPID=1 -DHAVE_GETNAMEINFO=1 -DHAVE_GETADDRINFO=1 -DHAVE_FREEADDRINFO=1 -DHAVE_GAI_STRERROR=1 -DHAVE_STRUCT_ADDRINFO=1 -DHAVE_STRUCT_IN6_ADDR=1 -DHAVE_STRUCT_SOCKADDR_IN6=1 -DHAVE_STRUCT_SOCKADDR_STORAGE=1 -DHAVE_GETPWUID_R_5=1 -DHAVE_GETPWUID_R=1 -DHAVE_GETPWNAM_R_5=1 -DHAVE_GETPWNAM_R=1 -DHAVE_GETGRGID_R_5=1 -DHAVE_GETGRGID_R=1 -DHAVE_GETGRNAM_R_5=1 -DHAVE_GETGRNAM_R=1 -DHAVE_DECL_GETHOSTBYNAME_R=1 -DHAVE_GETHOSTBYNAME_R_6=1 -DHAVE_GETHOSTBYNAME_R=1 -DHAVE_DECL_GETHOSTBYADDR_R=1 -DHAVE_GETHOSTBYADDR_R_8=1 -DHAVE_GETHOSTBYADDR_R=1 -DHAVE_TERMIOS_H=1 -DHAVE_SYS_IOCTL_H=1 -DHAVE_PSELECT=1 -DHAVE_SYS_EPOLL_H=1 -DNOTIFIER_EPOLL=1 -DHAVE_SYS_EVENTFD_H=1 -DHAVE_EVENTFD=1 -DHAVE_SYS_TIME_H=1 -DHAVE_GMTIME_R=1 -DHAVE_LOCALTIME_R=1 -DHAVE_TM_GMTOFF=1 -DHAVE_TIMEZONE_VAR=1 -DHAVE_STRUCT_STAT_ST_BLOCKS=1 -DHAVE_STRUCT_STAT_ST_BLKSIZE=1 -DHAVE_STRUCT_STAT_ST_RDEV=1 -DHAVE_BLKCNT_T=1 -DHAVE_INTPTR_T=1 -DHAVE_UINTPTR_T=1 -DNO_UNION_WAIT=1 -DHAVE_SIGNED_CHAR=1 -DHAVE_LANGINFO=1 -DHAVE_CFMAKERAW=1 -DHAVE_MKSTEMPS=1 -DHAVE_FTS=1 -DHAVE_SYS_IOCTL_H=1 -DTCL_UNLOAD_DLLS=1 -DHAVE_CPUID=1 -DZIPFS_BUILD=1    -DMP_FIXED_CUTOFFS -DBUILD_tcl /home/builder/build/src/tcl9.0.1/libtommath/bn_mp_add.c
clang -c -I"." -I/home/builder/build/src/tcl9.0.1/unix -I/home/builder/build/src/tcl9.0.1/generic -I/home/builder/build/src/tcl9.0.1/libtommath -O2 -march=x86-64-v3 -O2 -pipe -fno-plt -fexceptions         -Wp,-D_FORTIFY_SOURCE=3 -fstack-clash-protection -fcf-protection -pipe -m64 -finput-charset=UTF-8  -Wall -Wextra -Wshadow -Wundef -Wwrite-strings -Wpointer-arith -Wc++-compat -fextended-identifiers -fPIC -fno-common -DPACKAGE_NAME=\"tcl\" -DPACKAGE_TARNAME=\"tcl\" -DPACKAGE_VERSION=\"9.0\" -DPACKAGE_STRING=\"tcl\ 9.0\" -DPACKAGE_BUGREPORT=\"\" -DPACKAGE_URL=\"\" -DHAVE_STDIO_H=1 -DHAVE_STDLIB_H=1 -DHAVE_STRING_H=1 -DHAVE_INTTYPES_H=1 -DHAVE_STDINT_H=1 -DHAVE_STRINGS_H=1 -DHAVE_SYS_STAT_H=1 -DHAVE_SYS_TYPES_H=1 -DHAVE_UNISTD_H=1 -DHAVE_SYS_TIME_H=1 -DSTDC_HEADERS=1 -DHAVE_SYS_PARAM_H=1 -DTCL_CFGVAL_ENCODING=\"utf-8\" -D_REENTRANT=1 -D_THREAD_SAFE=1 -DHAVE_PTHREAD_ATTR_SETSTACKSIZE=1 -DHAVE_PTHREAD_ATFORK=1 -DHAVE_DECL_PTHREAD_MUTEX_RECURSIVE=1 -DMODULE_SCOPE=extern\ __attribute__\(\(__visibility__\(\"hidden\"\)\)\) -DHAVE_HIDDEN=1 -DTCL_CFG_DO64BIT=1 -DHAVE_CAST_TO_UNION=1 -DHAVE_STDBOOL_H=1 -DHAVE_VFORK=1 -DHAVE_POSIX_SPAWNP=1 -DHAVE_POSIX_SPAWN_FILE_ACTIONS_ADDDUP2=1 -DHAVE_POSIX_SPAWNATTR_SETFLAGS=1 -DTCL_SHLIB_EXT=\".so\" -DNDEBUG=1 -DTCL_CFG_OPTIMIZED=1 -DMP_PREC=4 -D_LARGEFILE64_SOURCE=1 -DTCL_WIDE_INT_IS_LONG=1 -DHAVE_GETCWD=1 -DHAVE_MKSTEMP=1 -DHAVE_WAITPID=1 -DHAVE_GETNAMEINFO=1 -DHAVE_GETADDRINFO=1 -DHAVE_FREEADDRINFO=1 -DHAVE_GAI_STRERROR=1 -DHAVE_STRUCT_ADDRINFO=1 -DHAVE_STRUCT_IN6_ADDR=1 -DHAVE_STRUCT_SOCKADDR_IN6=1 -DHAVE_STRUCT_SOCKADDR_STORAGE=1 -DHAVE_GETPWUID_R_5=1 -DHAVE_GETPWUID_R=1 -DHAVE_GETPWNAM_R_5=1 -DHAVE_GETPWNAM_R=1 -DHAVE_GETGRGID_R_5=1 -DHAVE_GETGRGID_R=1 -DHAVE_GETGRNAM_R_5=1 -DHAVE_GETGRNAM_R=1 -DHAVE_DECL_GETHOSTBYNAME_R=1 -DHAVE_GETHOSTBYNAME_R_6=1 -DHAVE_GETHOSTBYNAME_R=1 -DHAVE_DECL_GETHOSTBYADDR_R=1 -DHAVE_GETHOSTBYADDR_R_8=1 -DHAVE_GETHOSTBYADDR_R=1 -DHAVE_TERMIOS_H=1 -DHAVE_SYS_IOCTL_H=1 -DHAVE_PSELECT=1 -DHAVE_SYS_EPOLL_H=1 -DNOTIFIER_EPOLL=1 -DHAVE_SYS_EVENTFD_H=1 -DHAVE_EVENTFD=1 -DHAVE_SYS_TIME_H=1 -DHAVE_GMTIME_R=1 -DHAVE_LOCALTIME_R=1 -DHAVE_TM_GMTOFF=1 -DHAVE_TIMEZONE_VAR=1 -DHAVE_STRUCT_STAT_ST_BLOCKS=1 -DHAVE_STRUCT_STAT_ST_BLKSIZE=1 -DHAVE_STRUCT_STAT_ST_RDEV=1 -DHAVE_BLKCNT_T=1 -DHAVE_INTPTR_T=1 -DHAVE_UINTPTR_T=1 -DNO_UNION_WAIT=1 -DHAVE_SIGNED_CHAR=1 -DHAVE_LANGINFO=1 -DHAVE_CFMAKERAW=1 -DHAVE_MKSTEMPS=1 -DHAVE_FTS=1 -DHAVE_SYS_IOCTL_H=1 -DTCL_UNLOAD_DLLS=1 -DHAVE_CPUID=1 -DZIPFS_BUILD=1    -DMP_FIXED_CUTOFFS -DBUILD_tcl /home/builder/build/src/tcl9.0.1/libtommath/bn_mp_and.c
clang -c -I"." -I/home/builder/build/src/tcl9.0.1/unix -I/home/builder/build/src/tcl9.0.1/generic -I/home/builder/build/src/tcl9.0.1/libtommath -O2 -march=x86-64-v3 -O2 -pipe -fno-plt -fexceptions         -Wp,-D_FORTIFY_SOURCE=3 -fstack-clash-protection -fcf-protection -pipe -m64 -finput-charset=UTF-8  -Wall -Wextra -Wshadow -Wundef -Wwrite-strings -Wpointer-arith -Wc++-compat -fextended-identifiers -fPIC -fno-common -DPACKAGE_NAME=\"tcl\" -DPACKAGE_TARNAME=\"tcl\" -DPACKAGE_VERSION=\"9.0\" -DPACKAGE_STRING=\"tcl\ 9.0\" -DPACKAGE_BUGREPORT=\"\" -DPACKAGE_URL=\"\" -DHAVE_STDIO_H=1 -DHAVE_STDLIB_H=1 -DHAVE_STRING_H=1 -DHAVE_INTTYPES_H=1 -DHAVE_STDINT_H=1 -DHAVE_STRINGS_H=1 -DHAVE_SYS_STAT_H=1 -DHAVE_SYS_TYPES_H=1 -DHAVE_UNISTD_H=1 -DHAVE_SYS_TIME_H=1 -DSTDC_HEADERS=1 -DHAVE_SYS_PARAM_H=1 -DTCL_CFGVAL_ENCODING=\"utf-8\" -D_REENTRANT=1 -D_THREAD_SAFE=1 -DHAVE_PTHREAD_ATTR_SETSTACKSIZE=1 -DHAVE_PTHREAD_ATFORK=1 -DHAVE_DECL_PTHREAD_MUTEX_RECURSIVE=1 -DMODULE_SCOPE=extern\ __attribute__\(\(__visibility__\(\"hidden\"\)\)\) -DHAVE_HIDDEN=1 -DTCL_CFG_DO64BIT=1 -DHAVE_CAST_TO_UNION=1 -DHAVE_STDBOOL_H=1 -DHAVE_VFORK=1 -DHAVE_POSIX_SPAWNP=1 -DHAVE_POSIX_SPAWN_FILE_ACTIONS_ADDDUP2=1 -DHAVE_POSIX_SPAWNATTR_SETFLAGS=1 -DTCL_SHLIB_EXT=\".so\" -DNDEBUG=1 -DTCL_CFG_OPTIMIZED=1 -DMP_PREC=4 -D_LARGEFILE64_SOURCE=1 -DTCL_WIDE_INT_IS_LONG=1 -DHAVE_GETCWD=1 -DHAVE_MKSTEMP=1 -DHAVE_WAITPID=1 -DHAVE_GETNAMEINFO=1 -DHAVE_GETADDRINFO=1 -DHAVE_FREEADDRINFO=1 -DHAVE_GAI_STRERROR=1 -DHAVE_STRUCT_ADDRINFO=1 -DHAVE_STRUCT_IN6_ADDR=1 -DHAVE_STRUCT_SOCKADDR_IN6=1 -DHAVE_STRUCT_SOCKADDR_STORAGE=1 -DHAVE_GETPWUID_R_5=1 -DHAVE_GETPWUID_R=1 -DHAVE_GETPWNAM_R_5=1 -DHAVE_GETPWNAM_R=1 -DHAVE_GETGRGID_R_5=1 -DHAVE_GETGRGID_R=1 -DHAVE_GETGRNAM_R_5=1 -DHAVE_GETGRNAM_R=1 -DHAVE_DECL_GETHOSTBYNAME_R=1 -DHAVE_GETHOSTBYNAME_R_6=1 -DHAVE_GETHOSTBYNAME_R=1 -DHAVE_DECL_GETHOSTBYADDR_R=1 -DHAVE_GETHOSTBYADDR_R_8=1 -DHAVE_GETHOSTBYADDR_R=1 -DHAVE_TERMIOS_H=1 -DHAVE_SYS_IOCTL_H=1 -DHAVE_PSELECT=1 -DHAVE_SYS_EPOLL_H=1 -DNOTIFIER_EPOLL=1 -DHAVE_SYS_EVENTFD_H=1 -DHAVE_EVENTFD=1 -DHAVE_SYS_TIME_H=1 -DHAVE_GMTIME_R=1 -DHAVE_LOCALTIME_R=1 -DHAVE_TM_GMTOFF=1 -DHAVE_TIMEZONE_VAR=1 -DHAVE_STRUCT_STAT_ST_BLOCKS=1 -DHAVE_STRUCT_STAT_ST_BLKSIZE=1 -DHAVE_STRUCT_STAT_ST_RDEV=1 -DHAVE_BLKCNT_T=1 -DHAVE_INTPTR_T=1 -DHAVE_UINTPTR_T=1 -DNO_UNION_WAIT=1 -DHAVE_SIGNED_CHAR=1 -DHAVE_LANGINFO=1 -DHAVE_CFMAKERAW=1 -DHAVE_MKSTEMPS=1 -DHAVE_FTS=1 -DHAVE_SYS_IOCTL_H=1 -DTCL_UNLOAD_DLLS=1 -DHAVE_CPUID=1 -DZIPFS_BUILD=1    -DMP_FIXED_CUTOFFS -DBUILD_tcl /home/builder/build/src/tcl9.0.1/libtommath/bn_mp_add_d.c
clang -c -I"." -I/home/builder/build/src/tcl9.0.1/unix -I/home/builder/build/src/tcl9.0.1/generic -I/home/builder/build/src/tcl9.0.1/libtommath -O2 -march=x86-64-v3 -O2 -pipe -fno-plt -fexceptions         -Wp,-D_FORTIFY_SOURCE=3 -fstack-clash-protection -fcf-protection -pipe -m64 -finput-charset=UTF-8  -Wall -Wextra -Wshadow -Wundef -Wwrite-strings -Wpointer-arith -Wc++-compat -fextended-identifiers -fPIC -fno-common -DPACKAGE_NAME=\"tcl\" -DPACKAGE_TARNAME=\"tcl\" -DPACKAGE_VERSION=\"9.0\" -DPACKAGE_STRING=\"tcl\ 9.0\" -DPACKAGE_BUGREPORT=\"\" -DPACKAGE_URL=\"\" -DHAVE_STDIO_H=1 -DHAVE_STDLIB_H=1 -DHAVE_STRING_H=1 -DHAVE_INTTYPES_H=1 -DHAVE_STDINT_H=1 -DHAVE_STRINGS_H=1 -DHAVE_SYS_STAT_H=1 -DHAVE_SYS_TYPES_H=1 -DHAVE_UNISTD_H=1 -DHAVE_SYS_TIME_H=1 -DSTDC_HEADERS=1 -DHAVE_SYS_PARAM_H=1 -DTCL_CFGVAL_ENCODING=\"utf-8\" -D_REENTRANT=1 -D_THREAD_SAFE=1 -DHAVE_PTHREAD_ATTR_SETSTACKSIZE=1 -DHAVE_PTHREAD_ATFORK=1 -DHAVE_DECL_PTHREAD_MUTEX_RECURSIVE=1 -DMODULE_SCOPE=extern\ __attribute__\(\(__visibility__\(\"hidden\"\)\)\) -DHAVE_HIDDEN=1 -DTCL_CFG_DO64BIT=1 -DHAVE_CAST_TO_UNION=1 -DHAVE_STDBOOL_H=1 -DHAVE_VFORK=1 -DHAVE_POSIX_SPAWNP=1 -DHAVE_POSIX_SPAWN_FILE_ACTIONS_ADDDUP2=1 -DHAVE_POSIX_SPAWNATTR_SETFLAGS=1 -DTCL_SHLIB_EXT=\".so\" -DNDEBUG=1 -DTCL_CFG_OPTIMIZED=1 -DMP_PREC=4 -D_LARGEFILE64_SOURCE=1 -DTCL_WIDE_INT_IS_LONG=1 -DHAVE_GETCWD=1 -DHAVE_MKSTEMP=1 -DHAVE_WAITPID=1 -DHAVE_GETNAMEINFO=1 -DHAVE_GETADDRINFO=1 -DHAVE_FREEADDRINFO=1 -DHAVE_GAI_STRERROR=1 -DHAVE_STRUCT_ADDRINFO=1 -DHAVE_STRUCT_IN6_ADDR=1 -DHAVE_STRUCT_SOCKADDR_IN6=1 -DHAVE_STRUCT_SOCKADDR_STORAGE=1 -DHAVE_GETPWUID_R_5=1 -DHAVE_GETPWUID_R=1 -DHAVE_GETPWNAM_R_5=1 -DHAVE_GETPWNAM_R=1 -DHAVE_GETGRGID_R_5=1 -DHAVE_GETGRGID_R=1 -DHAVE_GETGRNAM_R_5=1 -DHAVE_GETGRNAM_R=1 -DHAVE_DECL_GETHOSTBYNAME_R=1 -DHAVE_GETHOSTBYNAME_R_6=1 -DHAVE_GETHOSTBYNAME_R=1 -DHAVE_DECL_GETHOSTBYADDR_R=1 -DHAVE_GETHOSTBYADDR_R_8=1 -DHAVE_GETHOSTBYADDR_R=1 -DHAVE_TERMIOS_H=1 -DHAVE_SYS_IOCTL_H=1 -DHAVE_PSELECT=1 -DHAVE_SYS_EPOLL_H=1 -DNOTIFIER_EPOLL=1 -DHAVE_SYS_EVENTFD_H=1 -DHAVE_EVENTFD=1 -DHAVE_SYS_TIME_H=1 -DHAVE_GMTIME_R=1 -DHAVE_LOCALTIME_R=1 -DHAVE_TM_GMTOFF=1 -DHAVE_TIMEZONE_VAR=1 -DHAVE_STRUCT_STAT_ST_BLOCKS=1 -DHAVE_STRUCT_STAT_ST_BLKSIZE=1 -DHAVE_STRUCT_STAT_ST_RDEV=1 -DHAVE_BLKCNT_T=1 -DHAVE_INTPTR_T=1 -DHAVE_UINTPTR_T=1 -DNO_UNION_WAIT=1 -DHAVE_SIGNED_CHAR=1 -DHAVE_LANGINFO=1 -DHAVE_CFMAKERAW=1 -DHAVE_MKSTEMPS=1 -DHAVE_FTS=1 -DHAVE_SYS_IOCTL_H=1 -DTCL_UNLOAD_DLLS=1 -DHAVE_CPUID=1 -DZIPFS_BUILD=1    -DMP_FIXED_CUTOFFS -DBUILD_tcl /home/builder/build/src/tcl9.0.1/libtommath/bn_mp_clamp.c
clang -c -I"." -I/home/builder/build/src/tcl9.0.1/unix -I/home/builder/build/src/tcl9.0.1/generic -I/home/builder/build/src/tcl9.0.1/libtommath -O2 -march=x86-64-v3 -O2 -pipe -fno-plt -fexceptions         -Wp,-D_FORTIFY_SOURCE=3 -fstack-clash-protection -fcf-protection -pipe -m64 -finput-charset=UTF-8  -Wall -Wextra -Wshadow -Wundef -Wwrite-strings -Wpointer-arith -Wc++-compat -fextended-identifiers -fPIC -fno-common -DPACKAGE_NAME=\"tcl\" -DPACKAGE_TARNAME=\"tcl\" -DPACKAGE_VERSION=\"9.0\" -DPACKAGE_STRING=\"tcl\ 9.0\" -DPACKAGE_BUGREPORT=\"\" -DPACKAGE_URL=\"\" -DHAVE_STDIO_H=1 -DHAVE_STDLIB_H=1 -DHAVE_STRING_H=1 -DHAVE_INTTYPES_H=1 -DHAVE_STDINT_H=1 -DHAVE_STRINGS_H=1 -DHAVE_SYS_STAT_H=1 -DHAVE_SYS_TYPES_H=1 -DHAVE_UNISTD_H=1 -DHAVE_SYS_TIME_H=1 -DSTDC_HEADERS=1 -DHAVE_SYS_PARAM_H=1 -DTCL_CFGVAL_ENCODING=\"utf-8\" -D_REENTRANT=1 -D_THREAD_SAFE=1 -DHAVE_PTHREAD_ATTR_SETSTACKSIZE=1 -DHAVE_PTHREAD_ATFORK=1 -DHAVE_DECL_PTHREAD_MUTEX_RECURSIVE=1 -DMODULE_SCOPE=extern\ __attribute__\(\(__visibility__\(\"hidden\"\)\)\) -DHAVE_HIDDEN=1 -DTCL_CFG_DO64BIT=1 -DHAVE_CAST_TO_UNION=1 -DHAVE_STDBOOL_H=1 -DHAVE_VFORK=1 -DHAVE_POSIX_SPAWNP=1 -DHAVE_POSIX_SPAWN_FILE_ACTIONS_ADDDUP2=1 -DHAVE_POSIX_SPAWNATTR_SETFLAGS=1 -DTCL_SHLIB_EXT=\".so\" -DNDEBUG=1 -DTCL_CFG_OPTIMIZED=1 -DMP_PREC=4 -D_LARGEFILE64_SOURCE=1 -DTCL_WIDE_INT_IS_LONG=1 -DHAVE_GETCWD=1 -DHAVE_MKSTEMP=1 -DHAVE_WAITPID=1 -DHAVE_GETNAMEINFO=1 -DHAVE_GETADDRINFO=1 -DHAVE_FREEADDRINFO=1 -DHAVE_GAI_STRERROR=1 -DHAVE_STRUCT_ADDRINFO=1 -DHAVE_STRUCT_IN6_ADDR=1 -DHAVE_STRUCT_SOCKADDR_IN6=1 -DHAVE_STRUCT_SOCKADDR_STORAGE=1 -DHAVE_GETPWUID_R_5=1 -DHAVE_GETPWUID_R=1 -DHAVE_GETPWNAM_R_5=1 -DHAVE_GETPWNAM_R=1 -DHAVE_GETGRGID_R_5=1 -DHAVE_GETGRGID_R=1 -DHAVE_GETGRNAM_R_5=1 -DHAVE_GETGRNAM_R=1 -DHAVE_DECL_GETHOSTBYNAME_R=1 -DHAVE_GETHOSTBYNAME_R_6=1 -DHAVE_GETHOSTBYNAME_R=1 -DHAVE_DECL_GETHOSTBYADDR_R=1 -DHAVE_GETHOSTBYADDR_R_8=1 -DHAVE_GETHOSTBYADDR_R=1 -DHAVE_TERMIOS_H=1 -DHAVE_SYS_IOCTL_H=1 -DHAVE_PSELECT=1 -DHAVE_SYS_EPOLL_H=1 -DNOTIFIER_EPOLL=1 -DHAVE_SYS_EVENTFD_H=1 -DHAVE_EVENTFD=1 -DHAVE_SYS_TIME_H=1 -DHAVE_GMTIME_R=1 -DHAVE_LOCALTIME_R=1 -DHAVE_TM_GMTOFF=1 -DHAVE_TIMEZONE_VAR=1 -DHAVE_STRUCT_STAT_ST_BLOCKS=1 -DHAVE_STRUCT_STAT_ST_BLKSIZE=1 -DHAVE_STRUCT_STAT_ST_RDEV=1 -DHAVE_BLKCNT_T=1 -DHAVE_INTPTR_T=1 -DHAVE_UINTPTR_T=1 -DNO_UNION_WAIT=1 -DHAVE_SIGNED_CHAR=1 -DHAVE_LANGINFO=1 -DHAVE_CFMAKERAW=1 -DHAVE_MKSTEMPS=1 -DHAVE_FTS=1 -DHAVE_SYS_IOCTL_H=1 -DTCL_UNLOAD_DLLS=1 -DHAVE_CPUID=1 -DZIPFS_BUILD=1    -DMP_FIXED_CUTOFFS -DBUILD_tcl /home/builder/build/src/tcl9.0.1/libtommath/bn_mp_clear.c
clang -c -I"." -I/home/builder/build/src/tcl9.0.1/unix -I/home/builder/build/src/tcl9.0.1/generic -I/home/builder/build/src/tcl9.0.1/libtommath -O2 -march=x86-64-v3 -O2 -pipe -fno-plt -fexceptions         -Wp,-D_FORTIFY_SOURCE=3 -fstack-clash-protection -fcf-protection -pipe -m64 -finput-charset=UTF-8  -Wall -Wextra -Wshadow -Wundef -Wwrite-strings -Wpointer-arith -Wc++-compat -fextended-identifiers -fPIC -fno-common -DPACKAGE_NAME=\"tcl\" -DPACKAGE_TARNAME=\"tcl\" -DPACKAGE_VERSION=\"9.0\" -DPACKAGE_STRING=\"tcl\ 9.0\" -DPACKAGE_BUGREPORT=\"\" -DPACKAGE_URL=\"\" -DHAVE_STDIO_H=1 -DHAVE_STDLIB_H=1 -DHAVE_STRING_H=1 -DHAVE_INTTYPES_H=1 -DHAVE_STDINT_H=1 -DHAVE_STRINGS_H=1 -DHAVE_SYS_STAT_H=1 -DHAVE_SYS_TYPES_H=1 -DHAVE_UNISTD_H=1 -DHAVE_SYS_TIME_H=1 -DSTDC_HEADERS=1 -DHAVE_SYS_PARAM_H=1 -DTCL_CFGVAL_ENCODING=\"utf-8\" -D_REENTRANT=1 -D_THREAD_SAFE=1 -DHAVE_PTHREAD_ATTR_SETSTACKSIZE=1 -DHAVE_PTHREAD_ATFORK=1 -DHAVE_DECL_PTHREAD_MUTEX_RECURSIVE=1 -DMODULE_SCOPE=extern\ __attribute__\(\(__visibility__\(\"hidden\"\)\)\) -DHAVE_HIDDEN=1 -DTCL_CFG_DO64BIT=1 -DHAVE_CAST_TO_UNION=1 -DHAVE_STDBOOL_H=1 -DHAVE_VFORK=1 -DHAVE_POSIX_SPAWNP=1 -DHAVE_POSIX_SPAWN_FILE_ACTIONS_ADDDUP2=1 -DHAVE_POSIX_SPAWNATTR_SETFLAGS=1 -DTCL_SHLIB_EXT=\".so\" -DNDEBUG=1 -DTCL_CFG_OPTIMIZED=1 -DMP_PREC=4 -D_LARGEFILE64_SOURCE=1 -DTCL_WIDE_INT_IS_LONG=1 -DHAVE_GETCWD=1 -DHAVE_MKSTEMP=1 -DHAVE_WAITPID=1 -DHAVE_GETNAMEINFO=1 -DHAVE_GETADDRINFO=1 -DHAVE_FREEADDRINFO=1 -DHAVE_GAI_STRERROR=1 -DHAVE_STRUCT_ADDRINFO=1 -DHAVE_STRUCT_IN6_ADDR=1 -DHAVE_STRUCT_SOCKADDR_IN6=1 -DHAVE_STRUCT_SOCKADDR_STORAGE=1 -DHAVE_GETPWUID_R_5=1 -DHAVE_GETPWUID_R=1 -DHAVE_GETPWNAM_R_5=1 -DHAVE_GETPWNAM_R=1 -DHAVE_GETGRGID_R_5=1 -DHAVE_GETGRGID_R=1 -DHAVE_GETGRNAM_R_5=1 -DHAVE_GETGRNAM_R=1 -DHAVE_DECL_GETHOSTBYNAME_R=1 -DHAVE_GETHOSTBYNAME_R_6=1 -DHAVE_GETHOSTBYNAME_R=1 -DHAVE_DECL_GETHOSTBYADDR_R=1 -DHAVE_GETHOSTBYADDR_R_8=1 -DHAVE_GETHOSTBYADDR_R=1 -DHAVE_TERMIOS_H=1 -DHAVE_SYS_IOCTL_H=1 -DHAVE_PSELECT=1 -DHAVE_SYS_EPOLL_H=1 -DNOTIFIER_EPOLL=1 -DHAVE_SYS_EVENTFD_H=1 -DHAVE_EVENTFD=1 -DHAVE_SYS_TIME_H=1 -DHAVE_GMTIME_R=1 -DHAVE_LOCALTIME_R=1 -DHAVE_TM_GMTOFF=1 -DHAVE_TIMEZONE_VAR=1 -DHAVE_STRUCT_STAT_ST_BLOCKS=1 -DHAVE_STRUCT_STAT_ST_BLKSIZE=1 -DHAVE_STRUCT_STAT_ST_RDEV=1 -DHAVE_BLKCNT_T=1 -DHAVE_INTPTR_T=1 -DHAVE_UINTPTR_T=1 -DNO_UNION_WAIT=1 -DHAVE_SIGNED_CHAR=1 -DHAVE_LANGINFO=1 -DHAVE_CFMAKERAW=1 -DHAVE_MKSTEMPS=1 -DHAVE_FTS=1 -DHAVE_SYS_IOCTL_H=1 -DTCL_UNLOAD_DLLS=1 -DHAVE_CPUID=1 -DZIPFS_BUILD=1    -DMP_FIXED_CUTOFFS -DBUILD_tcl /home/builder/build/src/tcl9.0.1/libtommath/bn_mp_clear_multi.c
clang -c -I"." -I/home/builder/build/src/tcl9.0.1/unix -I/home/builder/build/src/tcl9.0.1/generic -I/home/builder/build/src/tcl9.0.1/libtommath -O2 -march=x86-64-v3 -O2 -pipe -fno-plt -fexceptions         -Wp,-D_FORTIFY_SOURCE=3 -fstack-clash-protection -fcf-protection -pipe -m64 -finput-charset=UTF-8  -Wall -Wextra -Wshadow -Wundef -Wwrite-strings -Wpointer-arith -Wc++-compat -fextended-identifiers -fPIC -fno-common -DPACKAGE_NAME=\"tcl\" -DPACKAGE_TARNAME=\"tcl\" -DPACKAGE_VERSION=\"9.0\" -DPACKAGE_STRING=\"tcl\ 9.0\" -DPACKAGE_BUGREPORT=\"\" -DPACKAGE_URL=\"\" -DHAVE_STDIO_H=1 -DHAVE_STDLIB_H=1 -DHAVE_STRING_H=1 -DHAVE_INTTYPES_H=1 -DHAVE_STDINT_H=1 -DHAVE_STRINGS_H=1 -DHAVE_SYS_STAT_H=1 -DHAVE_SYS_TYPES_H=1 -DHAVE_UNISTD_H=1 -DHAVE_SYS_TIME_H=1 -DSTDC_HEADERS=1 -DHAVE_SYS_PARAM_H=1 -DTCL_CFGVAL_ENCODING=\"utf-8\" -D_REENTRANT=1 -D_THREAD_SAFE=1 -DHAVE_PTHREAD_ATTR_SETSTACKSIZE=1 -DHAVE_PTHREAD_ATFORK=1 -DHAVE_DECL_PTHREAD_MUTEX_RECURSIVE=1 -DMODULE_SCOPE=extern\ __attribute__\(\(__visibility__\(\"hidden\"\)\)\) -DHAVE_HIDDEN=1 -DTCL_CFG_DO64BIT=1 -DHAVE_CAST_TO_UNION=1 -DHAVE_STDBOOL_H=1 -DHAVE_VFORK=1 -DHAVE_POSIX_SPAWNP=1 -DHAVE_POSIX_SPAWN_FILE_ACTIONS_ADDDUP2=1 -DHAVE_POSIX_SPAWNATTR_SETFLAGS=1 -DTCL_SHLIB_EXT=\".so\" -DNDEBUG=1 -DTCL_CFG_OPTIMIZED=1 -DMP_PREC=4 -D_LARGEFILE64_SOURCE=1 -DTCL_WIDE_INT_IS_LONG=1 -DHAVE_GETCWD=1 -DHAVE_MKSTEMP=1 -DHAVE_WAITPID=1 -DHAVE_GETNAMEINFO=1 -DHAVE_GETADDRINFO=1 -DHAVE_FREEADDRINFO=1 -DHAVE_GAI_STRERROR=1 -DHAVE_STRUCT_ADDRINFO=1 -DHAVE_STRUCT_IN6_ADDR=1 -DHAVE_STRUCT_SOCKADDR_IN6=1 -DHAVE_STRUCT_SOCKADDR_STORAGE=1 -DHAVE_GETPWUID_R_5=1 -DHAVE_GETPWUID_R=1 -DHAVE_GETPWNAM_R_5=1 -DHAVE_GETPWNAM_R=1 -DHAVE_GETGRGID_R_5=1 -DHAVE_GETGRGID_R=1 -DHAVE_GETGRNAM_R_5=1 -DHAVE_GETGRNAM_R=1 -DHAVE_DECL_GETHOSTBYNAME_R=1 -DHAVE_GETHOSTBYNAME_R_6=1 -DHAVE_GETHOSTBYNAME_R=1 -DHAVE_DECL_GETHOSTBYADDR_R=1 -DHAVE_GETHOSTBYADDR_R_8=1 -DHAVE_GETHOSTBYADDR_R=1 -DHAVE_TERMIOS_H=1 -DHAVE_SYS_IOCTL_H=1 -DHAVE_PSELECT=1 -DHAVE_SYS_EPOLL_H=1 -DNOTIFIER_EPOLL=1 -DHAVE_SYS_EVENTFD_H=1 -DHAVE_EVENTFD=1 -DHAVE_SYS_TIME_H=1 -DHAVE_GMTIME_R=1 -DHAVE_LOCALTIME_R=1 -DHAVE_TM_GMTOFF=1 -DHAVE_TIMEZONE_VAR=1 -DHAVE_STRUCT_STAT_ST_BLOCKS=1 -DHAVE_STRUCT_STAT_ST_BLKSIZE=1 -DHAVE_STRUCT_STAT_ST_RDEV=1 -DHAVE_BLKCNT_T=1 -DHAVE_INTPTR_T=1 -DHAVE_UINTPTR_T=1 -DNO_UNION_WAIT=1 -DHAVE_SIGNED_CHAR=1 -DHAVE_LANGINFO=1 -DHAVE_CFMAKERAW=1 -DHAVE_MKSTEMPS=1 -DHAVE_FTS=1 -DHAVE_SYS_IOCTL_H=1 -DTCL_UNLOAD_DLLS=1 -DHAVE_CPUID=1 -DZIPFS_BUILD=1    -DMP_FIXED_CUTOFFS -DBUILD_tcl /home/builder/build/src/tcl9.0.1/libtommath/bn_mp_cmp.c
clang -c -I"." -I/home/builder/build/src/tcl9.0.1/unix -I/home/builder/build/src/tcl9.0.1/generic -I/home/builder/build/src/tcl9.0.1/libtommath -O2 -march=x86-64-v3 -O2 -pipe -fno-plt -fexceptions         -Wp,-D_FORTIFY_SOURCE=3 -fstack-clash-protection -fcf-protection -pipe -m64 -finput-charset=UTF-8  -Wall -Wextra -Wshadow -Wundef -Wwrite-strings -Wpointer-arith -Wc++-compat -fextended-identifiers -fPIC -fno-common -DPACKAGE_NAME=\"tcl\" -DPACKAGE_TARNAME=\"tcl\" -DPACKAGE_VERSION=\"9.0\" -DPACKAGE_STRING=\"tcl\ 9.0\" -DPACKAGE_BUGREPORT=\"\" -DPACKAGE_URL=\"\" -DHAVE_STDIO_H=1 -DHAVE_STDLIB_H=1 -DHAVE_STRING_H=1 -DHAVE_INTTYPES_H=1 -DHAVE_STDINT_H=1 -DHAVE_STRINGS_H=1 -DHAVE_SYS_STAT_H=1 -DHAVE_SYS_TYPES_H=1 -DHAVE_UNISTD_H=1 -DHAVE_SYS_TIME_H=1 -DSTDC_HEADERS=1 -DHAVE_SYS_PARAM_H=1 -DTCL_CFGVAL_ENCODING=\"utf-8\" -D_REENTRANT=1 -D_THREAD_SAFE=1 -DHAVE_PTHREAD_ATTR_SETSTACKSIZE=1 -DHAVE_PTHREAD_ATFORK=1 -DHAVE_DECL_PTHREAD_MUTEX_RECURSIVE=1 -DMODULE_SCOPE=extern\ __attribute__\(\(__visibility__\(\"hidden\"\)\)\) -DHAVE_HIDDEN=1 -DTCL_CFG_DO64BIT=1 -DHAVE_CAST_TO_UNION=1 -DHAVE_STDBOOL_H=1 -DHAVE_VFORK=1 -DHAVE_POSIX_SPAWNP=1 -DHAVE_POSIX_SPAWN_FILE_ACTIONS_ADDDUP2=1 -DHAVE_POSIX_SPAWNATTR_SETFLAGS=1 -DTCL_SHLIB_EXT=\".so\" -DNDEBUG=1 -DTCL_CFG_OPTIMIZED=1 -DMP_PREC=4 -D_LARGEFILE64_SOURCE=1 -DTCL_WIDE_INT_IS_LONG=1 -DHAVE_GETCWD=1 -DHAVE_MKSTEMP=1 -DHAVE_WAITPID=1 -DHAVE_GETNAMEINFO=1 -DHAVE_GETADDRINFO=1 -DHAVE_FREEADDRINFO=1 -DHAVE_GAI_STRERROR=1 -DHAVE_STRUCT_ADDRINFO=1 -DHAVE_STRUCT_IN6_ADDR=1 -DHAVE_STRUCT_SOCKADDR_IN6=1 -DHAVE_STRUCT_SOCKADDR_STORAGE=1 -DHAVE_GETPWUID_R_5=1 -DHAVE_GETPWUID_R=1 -DHAVE_GETPWNAM_R_5=1 -DHAVE_GETPWNAM_R=1 -DHAVE_GETGRGID_R_5=1 -DHAVE_GETGRGID_R=1 -DHAVE_GETGRNAM_R_5=1 -DHAVE_GETGRNAM_R=1 -DHAVE_DECL_GETHOSTBYNAME_R=1 -DHAVE_GETHOSTBYNAME_R_6=1 -DHAVE_GETHOSTBYNAME_R=1 -DHAVE_DECL_GETHOSTBYADDR_R=1 -DHAVE_GETHOSTBYADDR_R_8=1 -DHAVE_GETHOSTBYADDR_R=1 -DHAVE_TERMIOS_H=1 -DHAVE_SYS_IOCTL_H=1 -DHAVE_PSELECT=1 -DHAVE_SYS_EPOLL_H=1 -DNOTIFIER_EPOLL=1 -DHAVE_SYS_EVENTFD_H=1 -DHAVE_EVENTFD=1 -DHAVE_SYS_TIME_H=1 -DHAVE_GMTIME_R=1 -DHAVE_LOCALTIME_R=1 -DHAVE_TM_GMTOFF=1 -DHAVE_TIMEZONE_VAR=1 -DHAVE_STRUCT_STAT_ST_BLOCKS=1 -DHAVE_STRUCT_STAT_ST_BLKSIZE=1 -DHAVE_STRUCT_STAT_ST_RDEV=1 -DHAVE_BLKCNT_T=1 -DHAVE_INTPTR_T=1 -DHAVE_UINTPTR_T=1 -DNO_UNION_WAIT=1 -DHAVE_SIGNED_CHAR=1 -DHAVE_LANGINFO=1 -DHAVE_CFMAKERAW=1 -DHAVE_MKSTEMPS=1 -DHAVE_FTS=1 -DHAVE_SYS_IOCTL_H=1 -DTCL_UNLOAD_DLLS=1 -DHAVE_CPUID=1 -DZIPFS_BUILD=1    -DMP_FIXED_CUTOFFS -DBUILD_tcl /home/builder/build/src/tcl9.0.1/libtommath/bn_mp_cmp_d.c
clang -c -I"." -I/home/builder/build/src/tcl9.0.1/unix -I/home/builder/build/src/tcl9.0.1/generic -I/home/builder/build/src/tcl9.0.1/libtommath -O2 -march=x86-64-v3 -O2 -pipe -fno-plt -fexceptions         -Wp,-D_FORTIFY_SOURCE=3 -fstack-clash-protection -fcf-protection -pipe -m64 -finput-charset=UTF-8  -Wall -Wextra -Wshadow -Wundef -Wwrite-strings -Wpointer-arith -Wc++-compat -fextended-identifiers -fPIC -fno-common -DPACKAGE_NAME=\"tcl\" -DPACKAGE_TARNAME=\"tcl\" -DPACKAGE_VERSION=\"9.0\" -DPACKAGE_STRING=\"tcl\ 9.0\" -DPACKAGE_BUGREPORT=\"\" -DPACKAGE_URL=\"\" -DHAVE_STDIO_H=1 -DHAVE_STDLIB_H=1 -DHAVE_STRING_H=1 -DHAVE_INTTYPES_H=1 -DHAVE_STDINT_H=1 -DHAVE_STRINGS_H=1 -DHAVE_SYS_STAT_H=1 -DHAVE_SYS_TYPES_H=1 -DHAVE_UNISTD_H=1 -DHAVE_SYS_TIME_H=1 -DSTDC_HEADERS=1 -DHAVE_SYS_PARAM_H=1 -DTCL_CFGVAL_ENCODING=\"utf-8\" -D_REENTRANT=1 -D_THREAD_SAFE=1 -DHAVE_PTHREAD_ATTR_SETSTACKSIZE=1 -DHAVE_PTHREAD_ATFORK=1 -DHAVE_DECL_PTHREAD_MUTEX_RECURSIVE=1 -DMODULE_SCOPE=extern\ __attribute__\(\(__visibility__\(\"hidden\"\)\)\) -DHAVE_HIDDEN=1 -DTCL_CFG_DO64BIT=1 -DHAVE_CAST_TO_UNION=1 -DHAVE_STDBOOL_H=1 -DHAVE_VFORK=1 -DHAVE_POSIX_SPAWNP=1 -DHAVE_POSIX_SPAWN_FILE_ACTIONS_ADDDUP2=1 -DHAVE_POSIX_SPAWNATTR_SETFLAGS=1 -DTCL_SHLIB_EXT=\".so\" -DNDEBUG=1 -DTCL_CFG_OPTIMIZED=1 -DMP_PREC=4 -D_LARGEFILE64_SOURCE=1 -DTCL_WIDE_INT_IS_LONG=1 -DHAVE_GETCWD=1 -DHAVE_MKSTEMP=1 -DHAVE_WAITPID=1 -DHAVE_GETNAMEINFO=1 -DHAVE_GETADDRINFO=1 -DHAVE_FREEADDRINFO=1 -DHAVE_GAI_STRERROR=1 -DHAVE_STRUCT_ADDRINFO=1 -DHAVE_STRUCT_IN6_ADDR=1 -DHAVE_STRUCT_SOCKADDR_IN6=1 -DHAVE_STRUCT_SOCKADDR_STORAGE=1 -DHAVE_GETPWUID_R_5=1 -DHAVE_GETPWUID_R=1 -DHAVE_GETPWNAM_R_5=1 -DHAVE_GETPWNAM_R=1 -DHAVE_GETGRGID_R_5=1 -DHAVE_GETGRGID_R=1 -DHAVE_GETGRNAM_R_5=1 -DHAVE_GETGRNAM_R=1 -DHAVE_DECL_GETHOSTBYNAME_R=1 -DHAVE_GETHOSTBYNAME_R_6=1 -DHAVE_GETHOSTBYNAME_R=1 -DHAVE_DECL_GETHOSTBYADDR_R=1 -DHAVE_GETHOSTBYADDR_R_8=1 -DHAVE_GETHOSTBYADDR_R=1 -DHAVE_TERMIOS_H=1 -DHAVE_SYS_IOCTL_H=1 -DHAVE_PSELECT=1 -DHAVE_SYS_EPOLL_H=1 -DNOTIFIER_EPOLL=1 -DHAVE_SYS_EVENTFD_H=1 -DHAVE_EVENTFD=1 -DHAVE_SYS_TIME_H=1 -DHAVE_GMTIME_R=1 -DHAVE_LOCALTIME_R=1 -DHAVE_TM_GMTOFF=1 -DHAVE_TIMEZONE_VAR=1 -DHAVE_STRUCT_STAT_ST_BLOCKS=1 -DHAVE_STRUCT_STAT_ST_BLKSIZE=1 -DHAVE_STRUCT_STAT_ST_RDEV=1 -DHAVE_BLKCNT_T=1 -DHAVE_INTPTR_T=1 -DHAVE_UINTPTR_T=1 -DNO_UNION_WAIT=1 -DHAVE_SIGNED_CHAR=1 -DHAVE_LANGINFO=1 -DHAVE_CFMAKERAW=1 -DHAVE_MKSTEMPS=1 -DHAVE_FTS=1 -DHAVE_SYS_IOCTL_H=1 -DTCL_UNLOAD_DLLS=1 -DHAVE_CPUID=1 -DZIPFS_BUILD=1    -DMP_FIXED_CUTOFFS -DBUILD_tcl /home/builder/build/src/tcl9.0.1/libtommath/bn_mp_cmp_mag.c
clang -c -I"." -I/home/builder/build/src/tcl9.0.1/unix -I/home/builder/build/src/tcl9.0.1/generic -I/home/builder/build/src/tcl9.0.1/libtommath -O2 -march=x86-64-v3 -O2 -pipe -fno-plt -fexceptions         -Wp,-D_FORTIFY_SOURCE=3 -fstack-clash-protection -fcf-protection -pipe -m64 -finput-charset=UTF-8  -Wall -Wextra -Wshadow -Wundef -Wwrite-strings -Wpointer-arith -Wc++-compat -fextended-identifiers -fPIC -fno-common -DPACKAGE_NAME=\"tcl\" -DPACKAGE_TARNAME=\"tcl\" -DPACKAGE_VERSION=\"9.0\" -DPACKAGE_STRING=\"tcl\ 9.0\" -DPACKAGE_BUGREPORT=\"\" -DPACKAGE_URL=\"\" -DHAVE_STDIO_H=1 -DHAVE_STDLIB_H=1 -DHAVE_STRING_H=1 -DHAVE_INTTYPES_H=1 -DHAVE_STDINT_H=1 -DHAVE_STRINGS_H=1 -DHAVE_SYS_STAT_H=1 -DHAVE_SYS_TYPES_H=1 -DHAVE_UNISTD_H=1 -DHAVE_SYS_TIME_H=1 -DSTDC_HEADERS=1 -DHAVE_SYS_PARAM_H=1 -DTCL_CFGVAL_ENCODING=\"utf-8\" -D_REENTRANT=1 -D_THREAD_SAFE=1 -DHAVE_PTHREAD_ATTR_SETSTACKSIZE=1 -DHAVE_PTHREAD_ATFORK=1 -DHAVE_DECL_PTHREAD_MUTEX_RECURSIVE=1 -DMODULE_SCOPE=extern\ __attribute__\(\(__visibility__\(\"hidden\"\)\)\) -DHAVE_HIDDEN=1 -DTCL_CFG_DO64BIT=1 -DHAVE_CAST_TO_UNION=1 -DHAVE_STDBOOL_H=1 -DHAVE_VFORK=1 -DHAVE_POSIX_SPAWNP=1 -DHAVE_POSIX_SPAWN_FILE_ACTIONS_ADDDUP2=1 -DHAVE_POSIX_SPAWNATTR_SETFLAGS=1 -DTCL_SHLIB_EXT=\".so\" -DNDEBUG=1 -DTCL_CFG_OPTIMIZED=1 -DMP_PREC=4 -D_LARGEFILE64_SOURCE=1 -DTCL_WIDE_INT_IS_LONG=1 -DHAVE_GETCWD=1 -DHAVE_MKSTEMP=1 -DHAVE_WAITPID=1 -DHAVE_GETNAMEINFO=1 -DHAVE_GETADDRINFO=1 -DHAVE_FREEADDRINFO=1 -DHAVE_GAI_STRERROR=1 -DHAVE_STRUCT_ADDRINFO=1 -DHAVE_STRUCT_IN6_ADDR=1 -DHAVE_STRUCT_SOCKADDR_IN6=1 -DHAVE_STRUCT_SOCKADDR_STORAGE=1 -DHAVE_GETPWUID_R_5=1 -DHAVE_GETPWUID_R=1 -DHAVE_GETPWNAM_R_5=1 -DHAVE_GETPWNAM_R=1 -DHAVE_GETGRGID_R_5=1 -DHAVE_GETGRGID_R=1 -DHAVE_GETGRNAM_R_5=1 -DHAVE_GETGRNAM_R=1 -DHAVE_DECL_GETHOSTBYNAME_R=1 -DHAVE_GETHOSTBYNAME_R_6=1 -DHAVE_GETHOSTBYNAME_R=1 -DHAVE_DECL_GETHOSTBYADDR_R=1 -DHAVE_GETHOSTBYADDR_R_8=1 -DHAVE_GETHOSTBYADDR_R=1 -DHAVE_TERMIOS_H=1 -DHAVE_SYS_IOCTL_H=1 -DHAVE_PSELECT=1 -DHAVE_SYS_EPOLL_H=1 -DNOTIFIER_EPOLL=1 -DHAVE_SYS_EVENTFD_H=1 -DHAVE_EVENTFD=1 -DHAVE_SYS_TIME_H=1 -DHAVE_GMTIME_R=1 -DHAVE_LOCALTIME_R=1 -DHAVE_TM_GMTOFF=1 -DHAVE_TIMEZONE_VAR=1 -DHAVE_STRUCT_STAT_ST_BLOCKS=1 -DHAVE_STRUCT_STAT_ST_BLKSIZE=1 -DHAVE_STRUCT_STAT_ST_RDEV=1 -DHAVE_BLKCNT_T=1 -DHAVE_INTPTR_T=1 -DHAVE_UINTPTR_T=1 -DNO_UNION_WAIT=1 -DHAVE_SIGNED_CHAR=1 -DHAVE_LANGINFO=1 -DHAVE_CFMAKERAW=1 -DHAVE_MKSTEMPS=1 -DHAVE_FTS=1 -DHAVE_SYS_IOCTL_H=1 -DTCL_UNLOAD_DLLS=1 -DHAVE_CPUID=1 -DZIPFS_BUILD=1    -DMP_FIXED_CUTOFFS -DBUILD_tcl /home/builder/build/src/tcl9.0.1/libtommath/bn_mp_cnt_lsb.c
clang -c -I"." -I/home/builder/build/src/tcl9.0.1/unix -I/home/builder/build/src/tcl9.0.1/generic -I/home/builder/build/src/tcl9.0.1/libtommath -O2 -march=x86-64-v3 -O2 -pipe -fno-plt -fexceptions         -Wp,-D_FORTIFY_SOURCE=3 -fstack-clash-protection -fcf-protection -pipe -m64 -finput-charset=UTF-8  -Wall -Wextra -Wshadow -Wundef -Wwrite-strings -Wpointer-arith -Wc++-compat -fextended-identifiers -fPIC -fno-common -DPACKAGE_NAME=\"tcl\" -DPACKAGE_TARNAME=\"tcl\" -DPACKAGE_VERSION=\"9.0\" -DPACKAGE_STRING=\"tcl\ 9.0\" -DPACKAGE_BUGREPORT=\"\" -DPACKAGE_URL=\"\" -DHAVE_STDIO_H=1 -DHAVE_STDLIB_H=1 -DHAVE_STRING_H=1 -DHAVE_INTTYPES_H=1 -DHAVE_STDINT_H=1 -DHAVE_STRINGS_H=1 -DHAVE_SYS_STAT_H=1 -DHAVE_SYS_TYPES_H=1 -DHAVE_UNISTD_H=1 -DHAVE_SYS_TIME_H=1 -DSTDC_HEADERS=1 -DHAVE_SYS_PARAM_H=1 -DTCL_CFGVAL_ENCODING=\"utf-8\" -D_REENTRANT=1 -D_THREAD_SAFE=1 -DHAVE_PTHREAD_ATTR_SETSTACKSIZE=1 -DHAVE_PTHREAD_ATFORK=1 -DHAVE_DECL_PTHREAD_MUTEX_RECURSIVE=1 -DMODULE_SCOPE=extern\ __attribute__\(\(__visibility__\(\"hidden\"\)\)\) -DHAVE_HIDDEN=1 -DTCL_CFG_DO64BIT=1 -DHAVE_CAST_TO_UNION=1 -DHAVE_STDBOOL_H=1 -DHAVE_VFORK=1 -DHAVE_POSIX_SPAWNP=1 -DHAVE_POSIX_SPAWN_FILE_ACTIONS_ADDDUP2=1 -DHAVE_POSIX_SPAWNATTR_SETFLAGS=1 -DTCL_SHLIB_EXT=\".so\" -DNDEBUG=1 -DTCL_CFG_OPTIMIZED=1 -DMP_PREC=4 -D_LARGEFILE64_SOURCE=1 -DTCL_WIDE_INT_IS_LONG=1 -DHAVE_GETCWD=1 -DHAVE_MKSTEMP=1 -DHAVE_WAITPID=1 -DHAVE_GETNAMEINFO=1 -DHAVE_GETADDRINFO=1 -DHAVE_FREEADDRINFO=1 -DHAVE_GAI_STRERROR=1 -DHAVE_STRUCT_ADDRINFO=1 -DHAVE_STRUCT_IN6_ADDR=1 -DHAVE_STRUCT_SOCKADDR_IN6=1 -DHAVE_STRUCT_SOCKADDR_STORAGE=1 -DHAVE_GETPWUID_R_5=1 -DHAVE_GETPWUID_R=1 -DHAVE_GETPWNAM_R_5=1 -DHAVE_GETPWNAM_R=1 -DHAVE_GETGRGID_R_5=1 -DHAVE_GETGRGID_R=1 -DHAVE_GETGRNAM_R_5=1 -DHAVE_GETGRNAM_R=1 -DHAVE_DECL_GETHOSTBYNAME_R=1 -DHAVE_GETHOSTBYNAME_R_6=1 -DHAVE_GETHOSTBYNAME_R=1 -DHAVE_DECL_GETHOSTBYADDR_R=1 -DHAVE_GETHOSTBYADDR_R_8=1 -DHAVE_GETHOSTBYADDR_R=1 -DHAVE_TERMIOS_H=1 -DHAVE_SYS_IOCTL_H=1 -DHAVE_PSELECT=1 -DHAVE_SYS_EPOLL_H=1 -DNOTIFIER_EPOLL=1 -DHAVE_SYS_EVENTFD_H=1 -DHAVE_EVENTFD=1 -DHAVE_SYS_TIME_H=1 -DHAVE_GMTIME_R=1 -DHAVE_LOCALTIME_R=1 -DHAVE_TM_GMTOFF=1 -DHAVE_TIMEZONE_VAR=1 -DHAVE_STRUCT_STAT_ST_BLOCKS=1 -DHAVE_STRUCT_STAT_ST_BLKSIZE=1 -DHAVE_STRUCT_STAT_ST_RDEV=1 -DHAVE_BLKCNT_T=1 -DHAVE_INTPTR_T=1 -DHAVE_UINTPTR_T=1 -DNO_UNION_WAIT=1 -DHAVE_SIGNED_CHAR=1 -DHAVE_LANGINFO=1 -DHAVE_CFMAKERAW=1 -DHAVE_MKSTEMPS=1 -DHAVE_FTS=1 -DHAVE_SYS_IOCTL_H=1 -DTCL_UNLOAD_DLLS=1 -DHAVE_CPUID=1 -DZIPFS_BUILD=1    -DMP_FIXED_CUTOFFS -DBUILD_tcl /home/builder/build/src/tcl9.0.1/libtommath/bn_mp_copy.c
clang -c -I"." -I/home/builder/build/src/tcl9.0.1/unix -I/home/builder/build/src/tcl9.0.1/generic -I/home/builder/build/src/tcl9.0.1/libtommath -O2 -march=x86-64-v3 -O2 -pipe -fno-plt -fexceptions         -Wp,-D_FORTIFY_SOURCE=3 -fstack-clash-protection -fcf-protection -pipe -m64 -finput-charset=UTF-8  -Wall -Wextra -Wshadow -Wundef -Wwrite-strings -Wpointer-arith -Wc++-compat -fextended-identifiers -fPIC -fno-common -DPACKAGE_NAME=\"tcl\" -DPACKAGE_TARNAME=\"tcl\" -DPACKAGE_VERSION=\"9.0\" -DPACKAGE_STRING=\"tcl\ 9.0\" -DPACKAGE_BUGREPORT=\"\" -DPACKAGE_URL=\"\" -DHAVE_STDIO_H=1 -DHAVE_STDLIB_H=1 -DHAVE_STRING_H=1 -DHAVE_INTTYPES_H=1 -DHAVE_STDINT_H=1 -DHAVE_STRINGS_H=1 -DHAVE_SYS_STAT_H=1 -DHAVE_SYS_TYPES_H=1 -DHAVE_UNISTD_H=1 -DHAVE_SYS_TIME_H=1 -DSTDC_HEADERS=1 -DHAVE_SYS_PARAM_H=1 -DTCL_CFGVAL_ENCODING=\"utf-8\" -D_REENTRANT=1 -D_THREAD_SAFE=1 -DHAVE_PTHREAD_ATTR_SETSTACKSIZE=1 -DHAVE_PTHREAD_ATFORK=1 -DHAVE_DECL_PTHREAD_MUTEX_RECURSIVE=1 -DMODULE_SCOPE=extern\ __attribute__\(\(__visibility__\(\"hidden\"\)\)\) -DHAVE_HIDDEN=1 -DTCL_CFG_DO64BIT=1 -DHAVE_CAST_TO_UNION=1 -DHAVE_STDBOOL_H=1 -DHAVE_VFORK=1 -DHAVE_POSIX_SPAWNP=1 -DHAVE_POSIX_SPAWN_FILE_ACTIONS_ADDDUP2=1 -DHAVE_POSIX_SPAWNATTR_SETFLAGS=1 -DTCL_SHLIB_EXT=\".so\" -DNDEBUG=1 -DTCL_CFG_OPTIMIZED=1 -DMP_PREC=4 -D_LARGEFILE64_SOURCE=1 -DTCL_WIDE_INT_IS_LONG=1 -DHAVE_GETCWD=1 -DHAVE_MKSTEMP=1 -DHAVE_WAITPID=1 -DHAVE_GETNAMEINFO=1 -DHAVE_GETADDRINFO=1 -DHAVE_FREEADDRINFO=1 -DHAVE_GAI_STRERROR=1 -DHAVE_STRUCT_ADDRINFO=1 -DHAVE_STRUCT_IN6_ADDR=1 -DHAVE_STRUCT_SOCKADDR_IN6=1 -DHAVE_STRUCT_SOCKADDR_STORAGE=1 -DHAVE_GETPWUID_R_5=1 -DHAVE_GETPWUID_R=1 -DHAVE_GETPWNAM_R_5=1 -DHAVE_GETPWNAM_R=1 -DHAVE_GETGRGID_R_5=1 -DHAVE_GETGRGID_R=1 -DHAVE_GETGRNAM_R_5=1 -DHAVE_GETGRNAM_R=1 -DHAVE_DECL_GETHOSTBYNAME_R=1 -DHAVE_GETHOSTBYNAME_R_6=1 -DHAVE_GETHOSTBYNAME_R=1 -DHAVE_DECL_GETHOSTBYADDR_R=1 -DHAVE_GETHOSTBYADDR_R_8=1 -DHAVE_GETHOSTBYADDR_R=1 -DHAVE_TERMIOS_H=1 -DHAVE_SYS_IOCTL_H=1 -DHAVE_PSELECT=1 -DHAVE_SYS_EPOLL_H=1 -DNOTIFIER_EPOLL=1 -DHAVE_SYS_EVENTFD_H=1 -DHAVE_EVENTFD=1 -DHAVE_SYS_TIME_H=1 -DHAVE_GMTIME_R=1 -DHAVE_LOCALTIME_R=1 -DHAVE_TM_GMTOFF=1 -DHAVE_TIMEZONE_VAR=1 -DHAVE_STRUCT_STAT_ST_BLOCKS=1 -DHAVE_STRUCT_STAT_ST_BLKSIZE=1 -DHAVE_STRUCT_STAT_ST_RDEV=1 -DHAVE_BLKCNT_T=1 -DHAVE_INTPTR_T=1 -DHAVE_UINTPTR_T=1 -DNO_UNION_WAIT=1 -DHAVE_SIGNED_CHAR=1 -DHAVE_LANGINFO=1 -DHAVE_CFMAKERAW=1 -DHAVE_MKSTEMPS=1 -DHAVE_FTS=1 -DHAVE_SYS_IOCTL_H=1 -DTCL_UNLOAD_DLLS=1 -DHAVE_CPUID=1 -DZIPFS_BUILD=1    -DMP_FIXED_CUTOFFS -DBUILD_tcl /home/builder/build/src/tcl9.0.1/libtommath/bn_mp_count_bits.c
clang -c -I"." -I/home/builder/build/src/tcl9.0.1/unix -I/home/builder/build/src/tcl9.0.1/generic -I/home/builder/build/src/tcl9.0.1/libtommath -O2 -march=x86-64-v3 -O2 -pipe -fno-plt -fexceptions         -Wp,-D_FORTIFY_SOURCE=3 -fstack-clash-protection -fcf-protection -pipe -m64 -finput-charset=UTF-8  -Wall -Wextra -Wshadow -Wundef -Wwrite-strings -Wpointer-arith -Wc++-compat -fextended-identifiers -fPIC -fno-common -DPACKAGE_NAME=\"tcl\" -DPACKAGE_TARNAME=\"tcl\" -DPACKAGE_VERSION=\"9.0\" -DPACKAGE_STRING=\"tcl\ 9.0\" -DPACKAGE_BUGREPORT=\"\" -DPACKAGE_URL=\"\" -DHAVE_STDIO_H=1 -DHAVE_STDLIB_H=1 -DHAVE_STRING_H=1 -DHAVE_INTTYPES_H=1 -DHAVE_STDINT_H=1 -DHAVE_STRINGS_H=1 -DHAVE_SYS_STAT_H=1 -DHAVE_SYS_TYPES_H=1 -DHAVE_UNISTD_H=1 -DHAVE_SYS_TIME_H=1 -DSTDC_HEADERS=1 -DHAVE_SYS_PARAM_H=1 -DTCL_CFGVAL_ENCODING=\"utf-8\" -D_REENTRANT=1 -D_THREAD_SAFE=1 -DHAVE_PTHREAD_ATTR_SETSTACKSIZE=1 -DHAVE_PTHREAD_ATFORK=1 -DHAVE_DECL_PTHREAD_MUTEX_RECURSIVE=1 -DMODULE_SCOPE=extern\ __attribute__\(\(__visibility__\(\"hidden\"\)\)\) -DHAVE_HIDDEN=1 -DTCL_CFG_DO64BIT=1 -DHAVE_CAST_TO_UNION=1 -DHAVE_STDBOOL_H=1 -DHAVE_VFORK=1 -DHAVE_POSIX_SPAWNP=1 -DHAVE_POSIX_SPAWN_FILE_ACTIONS_ADDDUP2=1 -DHAVE_POSIX_SPAWNATTR_SETFLAGS=1 -DTCL_SHLIB_EXT=\".so\" -DNDEBUG=1 -DTCL_CFG_OPTIMIZED=1 -DMP_PREC=4 -D_LARGEFILE64_SOURCE=1 -DTCL_WIDE_INT_IS_LONG=1 -DHAVE_GETCWD=1 -DHAVE_MKSTEMP=1 -DHAVE_WAITPID=1 -DHAVE_GETNAMEINFO=1 -DHAVE_GETADDRINFO=1 -DHAVE_FREEADDRINFO=1 -DHAVE_GAI_STRERROR=1 -DHAVE_STRUCT_ADDRINFO=1 -DHAVE_STRUCT_IN6_ADDR=1 -DHAVE_STRUCT_SOCKADDR_IN6=1 -DHAVE_STRUCT_SOCKADDR_STORAGE=1 -DHAVE_GETPWUID_R_5=1 -DHAVE_GETPWUID_R=1 -DHAVE_GETPWNAM_R_5=1 -DHAVE_GETPWNAM_R=1 -DHAVE_GETGRGID_R_5=1 -DHAVE_GETGRGID_R=1 -DHAVE_GETGRNAM_R_5=1 -DHAVE_GETGRNAM_R=1 -DHAVE_DECL_GETHOSTBYNAME_R=1 -DHAVE_GETHOSTBYNAME_R_6=1 -DHAVE_GETHOSTBYNAME_R=1 -DHAVE_DECL_GETHOSTBYADDR_R=1 -DHAVE_GETHOSTBYADDR_R_8=1 -DHAVE_GETHOSTBYADDR_R=1 -DHAVE_TERMIOS_H=1 -DHAVE_SYS_IOCTL_H=1 -DHAVE_PSELECT=1 -DHAVE_SYS_EPOLL_H=1 -DNOTIFIER_EPOLL=1 -DHAVE_SYS_EVENTFD_H=1 -DHAVE_EVENTFD=1 -DHAVE_SYS_TIME_H=1 -DHAVE_GMTIME_R=1 -DHAVE_LOCALTIME_R=1 -DHAVE_TM_GMTOFF=1 -DHAVE_TIMEZONE_VAR=1 -DHAVE_STRUCT_STAT_ST_BLOCKS=1 -DHAVE_STRUCT_STAT_ST_BLKSIZE=1 -DHAVE_STRUCT_STAT_ST_RDEV=1 -DHAVE_BLKCNT_T=1 -DHAVE_INTPTR_T=1 -DHAVE_UINTPTR_T=1 -DNO_UNION_WAIT=1 -DHAVE_SIGNED_CHAR=1 -DHAVE_LANGINFO=1 -DHAVE_CFMAKERAW=1 -DHAVE_MKSTEMPS=1 -DHAVE_FTS=1 -DHAVE_SYS_IOCTL_H=1 -DTCL_UNLOAD_DLLS=1 -DHAVE_CPUID=1 -DZIPFS_BUILD=1    -DMP_FIXED_CUTOFFS -DBUILD_tcl /home/builder/build/src/tcl9.0.1/libtommath/bn_mp_div.c
clang -c -I"." -I/home/builder/build/src/tcl9.0.1/unix -I/home/builder/build/src/tcl9.0.1/generic -I/home/builder/build/src/tcl9.0.1/libtommath -O2 -march=x86-64-v3 -O2 -pipe -fno-plt -fexceptions         -Wp,-D_FORTIFY_SOURCE=3 -fstack-clash-protection -fcf-protection -pipe -m64 -finput-charset=UTF-8  -Wall -Wextra -Wshadow -Wundef -Wwrite-strings -Wpointer-arith -Wc++-compat -fextended-identifiers -fPIC -fno-common -DPACKAGE_NAME=\"tcl\" -DPACKAGE_TARNAME=\"tcl\" -DPACKAGE_VERSION=\"9.0\" -DPACKAGE_STRING=\"tcl\ 9.0\" -DPACKAGE_BUGREPORT=\"\" -DPACKAGE_URL=\"\" -DHAVE_STDIO_H=1 -DHAVE_STDLIB_H=1 -DHAVE_STRING_H=1 -DHAVE_INTTYPES_H=1 -DHAVE_STDINT_H=1 -DHAVE_STRINGS_H=1 -DHAVE_SYS_STAT_H=1 -DHAVE_SYS_TYPES_H=1 -DHAVE_UNISTD_H=1 -DHAVE_SYS_TIME_H=1 -DSTDC_HEADERS=1 -DHAVE_SYS_PARAM_H=1 -DTCL_CFGVAL_ENCODING=\"utf-8\" -D_REENTRANT=1 -D_THREAD_SAFE=1 -DHAVE_PTHREAD_ATTR_SETSTACKSIZE=1 -DHAVE_PTHREAD_ATFORK=1 -DHAVE_DECL_PTHREAD_MUTEX_RECURSIVE=1 -DMODULE_SCOPE=extern\ __attribute__\(\(__visibility__\(\"hidden\"\)\)\) -DHAVE_HIDDEN=1 -DTCL_CFG_DO64BIT=1 -DHAVE_CAST_TO_UNION=1 -DHAVE_STDBOOL_H=1 -DHAVE_VFORK=1 -DHAVE_POSIX_SPAWNP=1 -DHAVE_POSIX_SPAWN_FILE_ACTIONS_ADDDUP2=1 -DHAVE_POSIX_SPAWNATTR_SETFLAGS=1 -DTCL_SHLIB_EXT=\".so\" -DNDEBUG=1 -DTCL_CFG_OPTIMIZED=1 -DMP_PREC=4 -D_LARGEFILE64_SOURCE=1 -DTCL_WIDE_INT_IS_LONG=1 -DHAVE_GETCWD=1 -DHAVE_MKSTEMP=1 -DHAVE_WAITPID=1 -DHAVE_GETNAMEINFO=1 -DHAVE_GETADDRINFO=1 -DHAVE_FREEADDRINFO=1 -DHAVE_GAI_STRERROR=1 -DHAVE_STRUCT_ADDRINFO=1 -DHAVE_STRUCT_IN6_ADDR=1 -DHAVE_STRUCT_SOCKADDR_IN6=1 -DHAVE_STRUCT_SOCKADDR_STORAGE=1 -DHAVE_GETPWUID_R_5=1 -DHAVE_GETPWUID_R=1 -DHAVE_GETPWNAM_R_5=1 -DHAVE_GETPWNAM_R=1 -DHAVE_GETGRGID_R_5=1 -DHAVE_GETGRGID_R=1 -DHAVE_GETGRNAM_R_5=1 -DHAVE_GETGRNAM_R=1 -DHAVE_DECL_GETHOSTBYNAME_R=1 -DHAVE_GETHOSTBYNAME_R_6=1 -DHAVE_GETHOSTBYNAME_R=1 -DHAVE_DECL_GETHOSTBYADDR_R=1 -DHAVE_GETHOSTBYADDR_R_8=1 -DHAVE_GETHOSTBYADDR_R=1 -DHAVE_TERMIOS_H=1 -DHAVE_SYS_IOCTL_H=1 -DHAVE_PSELECT=1 -DHAVE_SYS_EPOLL_H=1 -DNOTIFIER_EPOLL=1 -DHAVE_SYS_EVENTFD_H=1 -DHAVE_EVENTFD=1 -DHAVE_SYS_TIME_H=1 -DHAVE_GMTIME_R=1 -DHAVE_LOCALTIME_R=1 -DHAVE_TM_GMTOFF=1 -DHAVE_TIMEZONE_VAR=1 -DHAVE_STRUCT_STAT_ST_BLOCKS=1 -DHAVE_STRUCT_STAT_ST_BLKSIZE=1 -DHAVE_STRUCT_STAT_ST_RDEV=1 -DHAVE_BLKCNT_T=1 -DHAVE_INTPTR_T=1 -DHAVE_UINTPTR_T=1 -DNO_UNION_WAIT=1 -DHAVE_SIGNED_CHAR=1 -DHAVE_LANGINFO=1 -DHAVE_CFMAKERAW=1 -DHAVE_MKSTEMPS=1 -DHAVE_FTS=1 -DHAVE_SYS_IOCTL_H=1 -DTCL_UNLOAD_DLLS=1 -DHAVE_CPUID=1 -DZIPFS_BUILD=1    -DMP_FIXED_CUTOFFS -DBUILD_tcl /home/builder/build/src/tcl9.0.1/libtommath/bn_mp_div_d.c
clang -c -I"." -I/home/builder/build/src/tcl9.0.1/unix -I/home/builder/build/src/tcl9.0.1/generic -I/home/builder/build/src/tcl9.0.1/libtommath -O2 -march=x86-64-v3 -O2 -pipe -fno-plt -fexceptions         -Wp,-D_FORTIFY_SOURCE=3 -fstack-clash-protection -fcf-protection -pipe -m64 -finput-charset=UTF-8  -Wall -Wextra -Wshadow -Wundef -Wwrite-strings -Wpointer-arith -Wc++-compat -fextended-identifiers -fPIC -fno-common -DPACKAGE_NAME=\"tcl\" -DPACKAGE_TARNAME=\"tcl\" -DPACKAGE_VERSION=\"9.0\" -DPACKAGE_STRING=\"tcl\ 9.0\" -DPACKAGE_BUGREPORT=\"\" -DPACKAGE_URL=\"\" -DHAVE_STDIO_H=1 -DHAVE_STDLIB_H=1 -DHAVE_STRING_H=1 -DHAVE_INTTYPES_H=1 -DHAVE_STDINT_H=1 -DHAVE_STRINGS_H=1 -DHAVE_SYS_STAT_H=1 -DHAVE_SYS_TYPES_H=1 -DHAVE_UNISTD_H=1 -DHAVE_SYS_TIME_H=1 -DSTDC_HEADERS=1 -DHAVE_SYS_PARAM_H=1 -DTCL_CFGVAL_ENCODING=\"utf-8\" -D_REENTRANT=1 -D_THREAD_SAFE=1 -DHAVE_PTHREAD_ATTR_SETSTACKSIZE=1 -DHAVE_PTHREAD_ATFORK=1 -DHAVE_DECL_PTHREAD_MUTEX_RECURSIVE=1 -DMODULE_SCOPE=extern\ __attribute__\(\(__visibility__\(\"hidden\"\)\)\) -DHAVE_HIDDEN=1 -DTCL_CFG_DO64BIT=1 -DHAVE_CAST_TO_UNION=1 -DHAVE_STDBOOL_H=1 -DHAVE_VFORK=1 -DHAVE_POSIX_SPAWNP=1 -DHAVE_POSIX_SPAWN_FILE_ACTIONS_ADDDUP2=1 -DHAVE_POSIX_SPAWNATTR_SETFLAGS=1 -DTCL_SHLIB_EXT=\".so\" -DNDEBUG=1 -DTCL_CFG_OPTIMIZED=1 -DMP_PREC=4 -D_LARGEFILE64_SOURCE=1 -DTCL_WIDE_INT_IS_LONG=1 -DHAVE_GETCWD=1 -DHAVE_MKSTEMP=1 -DHAVE_WAITPID=1 -DHAVE_GETNAMEINFO=1 -DHAVE_GETADDRINFO=1 -DHAVE_FREEADDRINFO=1 -DHAVE_GAI_STRERROR=1 -DHAVE_STRUCT_ADDRINFO=1 -DHAVE_STRUCT_IN6_ADDR=1 -DHAVE_STRUCT_SOCKADDR_IN6=1 -DHAVE_STRUCT_SOCKADDR_STORAGE=1 -DHAVE_GETPWUID_R_5=1 -DHAVE_GETPWUID_R=1 -DHAVE_GETPWNAM_R_5=1 -DHAVE_GETPWNAM_R=1 -DHAVE_GETGRGID_R_5=1 -DHAVE_GETGRGID_R=1 -DHAVE_GETGRNAM_R_5=1 -DHAVE_GETGRNAM_R=1 -DHAVE_DECL_GETHOSTBYNAME_R=1 -DHAVE_GETHOSTBYNAME_R_6=1 -DHAVE_GETHOSTBYNAME_R=1 -DHAVE_DECL_GETHOSTBYADDR_R=1 -DHAVE_GETHOSTBYADDR_R_8=1 -DHAVE_GETHOSTBYADDR_R=1 -DHAVE_TERMIOS_H=1 -DHAVE_SYS_IOCTL_H=1 -DHAVE_PSELECT=1 -DHAVE_SYS_EPOLL_H=1 -DNOTIFIER_EPOLL=1 -DHAVE_SYS_EVENTFD_H=1 -DHAVE_EVENTFD=1 -DHAVE_SYS_TIME_H=1 -DHAVE_GMTIME_R=1 -DHAVE_LOCALTIME_R=1 -DHAVE_TM_GMTOFF=1 -DHAVE_TIMEZONE_VAR=1 -DHAVE_STRUCT_STAT_ST_BLOCKS=1 -DHAVE_STRUCT_STAT_ST_BLKSIZE=1 -DHAVE_STRUCT_STAT_ST_RDEV=1 -DHAVE_BLKCNT_T=1 -DHAVE_INTPTR_T=1 -DHAVE_UINTPTR_T=1 -DNO_UNION_WAIT=1 -DHAVE_SIGNED_CHAR=1 -DHAVE_LANGINFO=1 -DHAVE_CFMAKERAW=1 -DHAVE_MKSTEMPS=1 -DHAVE_FTS=1 -DHAVE_SYS_IOCTL_H=1 -DTCL_UNLOAD_DLLS=1 -DHAVE_CPUID=1 -DZIPFS_BUILD=1    -DMP_FIXED_CUTOFFS -DBUILD_tcl /home/builder/build/src/tcl9.0.1/libtommath/bn_mp_div_2.c
clang -c -I"." -I/home/builder/build/src/tcl9.0.1/unix -I/home/builder/build/src/tcl9.0.1/generic -I/home/builder/build/src/tcl9.0.1/libtommath -O2 -march=x86-64-v3 -O2 -pipe -fno-plt -fexceptions         -Wp,-D_FORTIFY_SOURCE=3 -fstack-clash-protection -fcf-protection -pipe -m64 -finput-charset=UTF-8  -Wall -Wextra -Wshadow -Wundef -Wwrite-strings -Wpointer-arith -Wc++-compat -fextended-identifiers -fPIC -fno-common -DPACKAGE_NAME=\"tcl\" -DPACKAGE_TARNAME=\"tcl\" -DPACKAGE_VERSION=\"9.0\" -DPACKAGE_STRING=\"tcl\ 9.0\" -DPACKAGE_BUGREPORT=\"\" -DPACKAGE_URL=\"\" -DHAVE_STDIO_H=1 -DHAVE_STDLIB_H=1 -DHAVE_STRING_H=1 -DHAVE_INTTYPES_H=1 -DHAVE_STDINT_H=1 -DHAVE_STRINGS_H=1 -DHAVE_SYS_STAT_H=1 -DHAVE_SYS_TYPES_H=1 -DHAVE_UNISTD_H=1 -DHAVE_SYS_TIME_H=1 -DSTDC_HEADERS=1 -DHAVE_SYS_PARAM_H=1 -DTCL_CFGVAL_ENCODING=\"utf-8\" -D_REENTRANT=1 -D_THREAD_SAFE=1 -DHAVE_PTHREAD_ATTR_SETSTACKSIZE=1 -DHAVE_PTHREAD_ATFORK=1 -DHAVE_DECL_PTHREAD_MUTEX_RECURSIVE=1 -DMODULE_SCOPE=extern\ __attribute__\(\(__visibility__\(\"hidden\"\)\)\) -DHAVE_HIDDEN=1 -DTCL_CFG_DO64BIT=1 -DHAVE_CAST_TO_UNION=1 -DHAVE_STDBOOL_H=1 -DHAVE_VFORK=1 -DHAVE_POSIX_SPAWNP=1 -DHAVE_POSIX_SPAWN_FILE_ACTIONS_ADDDUP2=1 -DHAVE_POSIX_SPAWNATTR_SETFLAGS=1 -DTCL_SHLIB_EXT=\".so\" -DNDEBUG=1 -DTCL_CFG_OPTIMIZED=1 -DMP_PREC=4 -D_LARGEFILE64_SOURCE=1 -DTCL_WIDE_INT_IS_LONG=1 -DHAVE_GETCWD=1 -DHAVE_MKSTEMP=1 -DHAVE_WAITPID=1 -DHAVE_GETNAMEINFO=1 -DHAVE_GETADDRINFO=1 -DHAVE_FREEADDRINFO=1 -DHAVE_GAI_STRERROR=1 -DHAVE_STRUCT_ADDRINFO=1 -DHAVE_STRUCT_IN6_ADDR=1 -DHAVE_STRUCT_SOCKADDR_IN6=1 -DHAVE_STRUCT_SOCKADDR_STORAGE=1 -DHAVE_GETPWUID_R_5=1 -DHAVE_GETPWUID_R=1 -DHAVE_GETPWNAM_R_5=1 -DHAVE_GETPWNAM_R=1 -DHAVE_GETGRGID_R_5=1 -DHAVE_GETGRGID_R=1 -DHAVE_GETGRNAM_R_5=1 -DHAVE_GETGRNAM_R=1 -DHAVE_DECL_GETHOSTBYNAME_R=1 -DHAVE_GETHOSTBYNAME_R_6=1 -DHAVE_GETHOSTBYNAME_R=1 -DHAVE_DECL_GETHOSTBYADDR_R=1 -DHAVE_GETHOSTBYADDR_R_8=1 -DHAVE_GETHOSTBYADDR_R=1 -DHAVE_TERMIOS_H=1 -DHAVE_SYS_IOCTL_H=1 -DHAVE_PSELECT=1 -DHAVE_SYS_EPOLL_H=1 -DNOTIFIER_EPOLL=1 -DHAVE_SYS_EVENTFD_H=1 -DHAVE_EVENTFD=1 -DHAVE_SYS_TIME_H=1 -DHAVE_GMTIME_R=1 -DHAVE_LOCALTIME_R=1 -DHAVE_TM_GMTOFF=1 -DHAVE_TIMEZONE_VAR=1 -DHAVE_STRUCT_STAT_ST_BLOCKS=1 -DHAVE_STRUCT_STAT_ST_BLKSIZE=1 -DHAVE_STRUCT_STAT_ST_RDEV=1 -DHAVE_BLKCNT_T=1 -DHAVE_INTPTR_T=1 -DHAVE_UINTPTR_T=1 -DNO_UNION_WAIT=1 -DHAVE_SIGNED_CHAR=1 -DHAVE_LANGINFO=1 -DHAVE_CFMAKERAW=1 -DHAVE_MKSTEMPS=1 -DHAVE_FTS=1 -DHAVE_SYS_IOCTL_H=1 -DTCL_UNLOAD_DLLS=1 -DHAVE_CPUID=1 -DZIPFS_BUILD=1    -DMP_FIXED_CUTOFFS -DBUILD_tcl /home/builder/build/src/tcl9.0.1/libtommath/bn_mp_div_2d.c
clang -c -I"." -I/home/builder/build/src/tcl9.0.1/unix -I/home/builder/build/src/tcl9.0.1/generic -I/home/builder/build/src/tcl9.0.1/libtommath -O2 -march=x86-64-v3 -O2 -pipe -fno-plt -fexceptions         -Wp,-D_FORTIFY_SOURCE=3 -fstack-clash-protection -fcf-protection -pipe -m64 -finput-charset=UTF-8  -Wall -Wextra -Wshadow -Wundef -Wwrite-strings -Wpointer-arith -Wc++-compat -fextended-identifiers -fPIC -fno-common -DPACKAGE_NAME=\"tcl\" -DPACKAGE_TARNAME=\"tcl\" -DPACKAGE_VERSION=\"9.0\" -DPACKAGE_STRING=\"tcl\ 9.0\" -DPACKAGE_BUGREPORT=\"\" -DPACKAGE_URL=\"\" -DHAVE_STDIO_H=1 -DHAVE_STDLIB_H=1 -DHAVE_STRING_H=1 -DHAVE_INTTYPES_H=1 -DHAVE_STDINT_H=1 -DHAVE_STRINGS_H=1 -DHAVE_SYS_STAT_H=1 -DHAVE_SYS_TYPES_H=1 -DHAVE_UNISTD_H=1 -DHAVE_SYS_TIME_H=1 -DSTDC_HEADERS=1 -DHAVE_SYS_PARAM_H=1 -DTCL_CFGVAL_ENCODING=\"utf-8\" -D_REENTRANT=1 -D_THREAD_SAFE=1 -DHAVE_PTHREAD_ATTR_SETSTACKSIZE=1 -DHAVE_PTHREAD_ATFORK=1 -DHAVE_DECL_PTHREAD_MUTEX_RECURSIVE=1 -DMODULE_SCOPE=extern\ __attribute__\(\(__visibility__\(\"hidden\"\)\)\) -DHAVE_HIDDEN=1 -DTCL_CFG_DO64BIT=1 -DHAVE_CAST_TO_UNION=1 -DHAVE_STDBOOL_H=1 -DHAVE_VFORK=1 -DHAVE_POSIX_SPAWNP=1 -DHAVE_POSIX_SPAWN_FILE_ACTIONS_ADDDUP2=1 -DHAVE_POSIX_SPAWNATTR_SETFLAGS=1 -DTCL_SHLIB_EXT=\".so\" -DNDEBUG=1 -DTCL_CFG_OPTIMIZED=1 -DMP_PREC=4 -D_LARGEFILE64_SOURCE=1 -DTCL_WIDE_INT_IS_LONG=1 -DHAVE_GETCWD=1 -DHAVE_MKSTEMP=1 -DHAVE_WAITPID=1 -DHAVE_GETNAMEINFO=1 -DHAVE_GETADDRINFO=1 -DHAVE_FREEADDRINFO=1 -DHAVE_GAI_STRERROR=1 -DHAVE_STRUCT_ADDRINFO=1 -DHAVE_STRUCT_IN6_ADDR=1 -DHAVE_STRUCT_SOCKADDR_IN6=1 -DHAVE_STRUCT_SOCKADDR_STORAGE=1 -DHAVE_GETPWUID_R_5=1 -DHAVE_GETPWUID_R=1 -DHAVE_GETPWNAM_R_5=1 -DHAVE_GETPWNAM_R=1 -DHAVE_GETGRGID_R_5=1 -DHAVE_GETGRGID_R=1 -DHAVE_GETGRNAM_R_5=1 -DHAVE_GETGRNAM_R=1 -DHAVE_DECL_GETHOSTBYNAME_R=1 -DHAVE_GETHOSTBYNAME_R_6=1 -DHAVE_GETHOSTBYNAME_R=1 -DHAVE_DECL_GETHOSTBYADDR_R=1 -DHAVE_GETHOSTBYADDR_R_8=1 -DHAVE_GETHOSTBYADDR_R=1 -DHAVE_TERMIOS_H=1 -DHAVE_SYS_IOCTL_H=1 -DHAVE_PSELECT=1 -DHAVE_SYS_EPOLL_H=1 -DNOTIFIER_EPOLL=1 -DHAVE_SYS_EVENTFD_H=1 -DHAVE_EVENTFD=1 -DHAVE_SYS_TIME_H=1 -DHAVE_GMTIME_R=1 -DHAVE_LOCALTIME_R=1 -DHAVE_TM_GMTOFF=1 -DHAVE_TIMEZONE_VAR=1 -DHAVE_STRUCT_STAT_ST_BLOCKS=1 -DHAVE_STRUCT_STAT_ST_BLKSIZE=1 -DHAVE_STRUCT_STAT_ST_RDEV=1 -DHAVE_BLKCNT_T=1 -DHAVE_INTPTR_T=1 -DHAVE_UINTPTR_T=1 -DNO_UNION_WAIT=1 -DHAVE_SIGNED_CHAR=1 -DHAVE_LANGINFO=1 -DHAVE_CFMAKERAW=1 -DHAVE_MKSTEMPS=1 -DHAVE_FTS=1 -DHAVE_SYS_IOCTL_H=1 -DTCL_UNLOAD_DLLS=1 -DHAVE_CPUID=1 -DZIPFS_BUILD=1    -DMP_FIXED_CUTOFFS -DBUILD_tcl /home/builder/build/src/tcl9.0.1/libtommath/bn_s_mp_div_3.c
clang -c -I"." -I/home/builder/build/src/tcl9.0.1/unix -I/home/builder/build/src/tcl9.0.1/generic -I/home/builder/build/src/tcl9.0.1/libtommath -O2 -march=x86-64-v3 -O2 -pipe -fno-plt -fexceptions         -Wp,-D_FORTIFY_SOURCE=3 -fstack-clash-protection -fcf-protection -pipe -m64 -finput-charset=UTF-8  -Wall -Wextra -Wshadow -Wundef -Wwrite-strings -Wpointer-arith -Wc++-compat -fextended-identifiers -fPIC -fno-common -DPACKAGE_NAME=\"tcl\" -DPACKAGE_TARNAME=\"tcl\" -DPACKAGE_VERSION=\"9.0\" -DPACKAGE_STRING=\"tcl\ 9.0\" -DPACKAGE_BUGREPORT=\"\" -DPACKAGE_URL=\"\" -DHAVE_STDIO_H=1 -DHAVE_STDLIB_H=1 -DHAVE_STRING_H=1 -DHAVE_INTTYPES_H=1 -DHAVE_STDINT_H=1 -DHAVE_STRINGS_H=1 -DHAVE_SYS_STAT_H=1 -DHAVE_SYS_TYPES_H=1 -DHAVE_UNISTD_H=1 -DHAVE_SYS_TIME_H=1 -DSTDC_HEADERS=1 -DHAVE_SYS_PARAM_H=1 -DTCL_CFGVAL_ENCODING=\"utf-8\" -D_REENTRANT=1 -D_THREAD_SAFE=1 -DHAVE_PTHREAD_ATTR_SETSTACKSIZE=1 -DHAVE_PTHREAD_ATFORK=1 -DHAVE_DECL_PTHREAD_MUTEX_RECURSIVE=1 -DMODULE_SCOPE=extern\ __attribute__\(\(__visibility__\(\"hidden\"\)\)\) -DHAVE_HIDDEN=1 -DTCL_CFG_DO64BIT=1 -DHAVE_CAST_TO_UNION=1 -DHAVE_STDBOOL_H=1 -DHAVE_VFORK=1 -DHAVE_POSIX_SPAWNP=1 -DHAVE_POSIX_SPAWN_FILE_ACTIONS_ADDDUP2=1 -DHAVE_POSIX_SPAWNATTR_SETFLAGS=1 -DTCL_SHLIB_EXT=\".so\" -DNDEBUG=1 -DTCL_CFG_OPTIMIZED=1 -DMP_PREC=4 -D_LARGEFILE64_SOURCE=1 -DTCL_WIDE_INT_IS_LONG=1 -DHAVE_GETCWD=1 -DHAVE_MKSTEMP=1 -DHAVE_WAITPID=1 -DHAVE_GETNAMEINFO=1 -DHAVE_GETADDRINFO=1 -DHAVE_FREEADDRINFO=1 -DHAVE_GAI_STRERROR=1 -DHAVE_STRUCT_ADDRINFO=1 -DHAVE_STRUCT_IN6_ADDR=1 -DHAVE_STRUCT_SOCKADDR_IN6=1 -DHAVE_STRUCT_SOCKADDR_STORAGE=1 -DHAVE_GETPWUID_R_5=1 -DHAVE_GETPWUID_R=1 -DHAVE_GETPWNAM_R_5=1 -DHAVE_GETPWNAM_R=1 -DHAVE_GETGRGID_R_5=1 -DHAVE_GETGRGID_R=1 -DHAVE_GETGRNAM_R_5=1 -DHAVE_GETGRNAM_R=1 -DHAVE_DECL_GETHOSTBYNAME_R=1 -DHAVE_GETHOSTBYNAME_R_6=1 -DHAVE_GETHOSTBYNAME_R=1 -DHAVE_DECL_GETHOSTBYADDR_R=1 -DHAVE_GETHOSTBYADDR_R_8=1 -DHAVE_GETHOSTBYADDR_R=1 -DHAVE_TERMIOS_H=1 -DHAVE_SYS_IOCTL_H=1 -DHAVE_PSELECT=1 -DHAVE_SYS_EPOLL_H=1 -DNOTIFIER_EPOLL=1 -DHAVE_SYS_EVENTFD_H=1 -DHAVE_EVENTFD=1 -DHAVE_SYS_TIME_H=1 -DHAVE_GMTIME_R=1 -DHAVE_LOCALTIME_R=1 -DHAVE_TM_GMTOFF=1 -DHAVE_TIMEZONE_VAR=1 -DHAVE_STRUCT_STAT_ST_BLOCKS=1 -DHAVE_STRUCT_STAT_ST_BLKSIZE=1 -DHAVE_STRUCT_STAT_ST_RDEV=1 -DHAVE_BLKCNT_T=1 -DHAVE_INTPTR_T=1 -DHAVE_UINTPTR_T=1 -DNO_UNION_WAIT=1 -DHAVE_SIGNED_CHAR=1 -DHAVE_LANGINFO=1 -DHAVE_CFMAKERAW=1 -DHAVE_MKSTEMPS=1 -DHAVE_FTS=1 -DHAVE_SYS_IOCTL_H=1 -DTCL_UNLOAD_DLLS=1 -DHAVE_CPUID=1 -DZIPFS_BUILD=1    -DMP_FIXED_CUTOFFS -DBUILD_tcl /home/builder/build/src/tcl9.0.1/libtommath/bn_mp_exch.c
clang -c -I"." -I/home/builder/build/src/tcl9.0.1/unix -I/home/builder/build/src/tcl9.0.1/generic -I/home/builder/build/src/tcl9.0.1/libtommath -O2 -march=x86-64-v3 -O2 -pipe -fno-plt -fexceptions         -Wp,-D_FORTIFY_SOURCE=3 -fstack-clash-protection -fcf-protection -pipe -m64 -finput-charset=UTF-8  -Wall -Wextra -Wshadow -Wundef -Wwrite-strings -Wpointer-arith -Wc++-compat -fextended-identifiers -fPIC -fno-common -DPACKAGE_NAME=\"tcl\" -DPACKAGE_TARNAME=\"tcl\" -DPACKAGE_VERSION=\"9.0\" -DPACKAGE_STRING=\"tcl\ 9.0\" -DPACKAGE_BUGREPORT=\"\" -DPACKAGE_URL=\"\" -DHAVE_STDIO_H=1 -DHAVE_STDLIB_H=1 -DHAVE_STRING_H=1 -DHAVE_INTTYPES_H=1 -DHAVE_STDINT_H=1 -DHAVE_STRINGS_H=1 -DHAVE_SYS_STAT_H=1 -DHAVE_SYS_TYPES_H=1 -DHAVE_UNISTD_H=1 -DHAVE_SYS_TIME_H=1 -DSTDC_HEADERS=1 -DHAVE_SYS_PARAM_H=1 -DTCL_CFGVAL_ENCODING=\"utf-8\" -D_REENTRANT=1 -D_THREAD_SAFE=1 -DHAVE_PTHREAD_ATTR_SETSTACKSIZE=1 -DHAVE_PTHREAD_ATFORK=1 -DHAVE_DECL_PTHREAD_MUTEX_RECURSIVE=1 -DMODULE_SCOPE=extern\ __attribute__\(\(__visibility__\(\"hidden\"\)\)\) -DHAVE_HIDDEN=1 -DTCL_CFG_DO64BIT=1 -DHAVE_CAST_TO_UNION=1 -DHAVE_STDBOOL_H=1 -DHAVE_VFORK=1 -DHAVE_POSIX_SPAWNP=1 -DHAVE_POSIX_SPAWN_FILE_ACTIONS_ADDDUP2=1 -DHAVE_POSIX_SPAWNATTR_SETFLAGS=1 -DTCL_SHLIB_EXT=\".so\" -DNDEBUG=1 -DTCL_CFG_OPTIMIZED=1 -DMP_PREC=4 -D_LARGEFILE64_SOURCE=1 -DTCL_WIDE_INT_IS_LONG=1 -DHAVE_GETCWD=1 -DHAVE_MKSTEMP=1 -DHAVE_WAITPID=1 -DHAVE_GETNAMEINFO=1 -DHAVE_GETADDRINFO=1 -DHAVE_FREEADDRINFO=1 -DHAVE_GAI_STRERROR=1 -DHAVE_STRUCT_ADDRINFO=1 -DHAVE_STRUCT_IN6_ADDR=1 -DHAVE_STRUCT_SOCKADDR_IN6=1 -DHAVE_STRUCT_SOCKADDR_STORAGE=1 -DHAVE_GETPWUID_R_5=1 -DHAVE_GETPWUID_R=1 -DHAVE_GETPWNAM_R_5=1 -DHAVE_GETPWNAM_R=1 -DHAVE_GETGRGID_R_5=1 -DHAVE_GETGRGID_R=1 -DHAVE_GETGRNAM_R_5=1 -DHAVE_GETGRNAM_R=1 -DHAVE_DECL_GETHOSTBYNAME_R=1 -DHAVE_GETHOSTBYNAME_R_6=1 -DHAVE_GETHOSTBYNAME_R=1 -DHAVE_DECL_GETHOSTBYADDR_R=1 -DHAVE_GETHOSTBYADDR_R_8=1 -DHAVE_GETHOSTBYADDR_R=1 -DHAVE_TERMIOS_H=1 -DHAVE_SYS_IOCTL_H=1 -DHAVE_PSELECT=1 -DHAVE_SYS_EPOLL_H=1 -DNOTIFIER_EPOLL=1 -DHAVE_SYS_EVENTFD_H=1 -DHAVE_EVENTFD=1 -DHAVE_SYS_TIME_H=1 -DHAVE_GMTIME_R=1 -DHAVE_LOCALTIME_R=1 -DHAVE_TM_GMTOFF=1 -DHAVE_TIMEZONE_VAR=1 -DHAVE_STRUCT_STAT_ST_BLOCKS=1 -DHAVE_STRUCT_STAT_ST_BLKSIZE=1 -DHAVE_STRUCT_STAT_ST_RDEV=1 -DHAVE_BLKCNT_T=1 -DHAVE_INTPTR_T=1 -DHAVE_UINTPTR_T=1 -DNO_UNION_WAIT=1 -DHAVE_SIGNED_CHAR=1 -DHAVE_LANGINFO=1 -DHAVE_CFMAKERAW=1 -DHAVE_MKSTEMPS=1 -DHAVE_FTS=1 -DHAVE_SYS_IOCTL_H=1 -DTCL_UNLOAD_DLLS=1 -DHAVE_CPUID=1 -DZIPFS_BUILD=1    -DMP_FIXED_CUTOFFS -DBUILD_tcl /home/builder/build/src/tcl9.0.1/libtommath/bn_mp_expt_n.c
clang -c -I"." -I/home/builder/build/src/tcl9.0.1/unix -I/home/builder/build/src/tcl9.0.1/generic -I/home/builder/build/src/tcl9.0.1/libtommath -O2 -march=x86-64-v3 -O2 -pipe -fno-plt -fexceptions         -Wp,-D_FORTIFY_SOURCE=3 -fstack-clash-protection -fcf-protection -pipe -m64 -finput-charset=UTF-8  -Wall -Wextra -Wshadow -Wundef -Wwrite-strings -Wpointer-arith -Wc++-compat -fextended-identifiers -fPIC -fno-common -DPACKAGE_NAME=\"tcl\" -DPACKAGE_TARNAME=\"tcl\" -DPACKAGE_VERSION=\"9.0\" -DPACKAGE_STRING=\"tcl\ 9.0\" -DPACKAGE_BUGREPORT=\"\" -DPACKAGE_URL=\"\" -DHAVE_STDIO_H=1 -DHAVE_STDLIB_H=1 -DHAVE_STRING_H=1 -DHAVE_INTTYPES_H=1 -DHAVE_STDINT_H=1 -DHAVE_STRINGS_H=1 -DHAVE_SYS_STAT_H=1 -DHAVE_SYS_TYPES_H=1 -DHAVE_UNISTD_H=1 -DHAVE_SYS_TIME_H=1 -DSTDC_HEADERS=1 -DHAVE_SYS_PARAM_H=1 -DTCL_CFGVAL_ENCODING=\"utf-8\" -D_REENTRANT=1 -D_THREAD_SAFE=1 -DHAVE_PTHREAD_ATTR_SETSTACKSIZE=1 -DHAVE_PTHREAD_ATFORK=1 -DHAVE_DECL_PTHREAD_MUTEX_RECURSIVE=1 -DMODULE_SCOPE=extern\ __attribute__\(\(__visibility__\(\"hidden\"\)\)\) -DHAVE_HIDDEN=1 -DTCL_CFG_DO64BIT=1 -DHAVE_CAST_TO_UNION=1 -DHAVE_STDBOOL_H=1 -DHAVE_VFORK=1 -DHAVE_POSIX_SPAWNP=1 -DHAVE_POSIX_SPAWN_FILE_ACTIONS_ADDDUP2=1 -DHAVE_POSIX_SPAWNATTR_SETFLAGS=1 -DTCL_SHLIB_EXT=\".so\" -DNDEBUG=1 -DTCL_CFG_OPTIMIZED=1 -DMP_PREC=4 -D_LARGEFILE64_SOURCE=1 -DTCL_WIDE_INT_IS_LONG=1 -DHAVE_GETCWD=1 -DHAVE_MKSTEMP=1 -DHAVE_WAITPID=1 -DHAVE_GETNAMEINFO=1 -DHAVE_GETADDRINFO=1 -DHAVE_FREEADDRINFO=1 -DHAVE_GAI_STRERROR=1 -DHAVE_STRUCT_ADDRINFO=1 -DHAVE_STRUCT_IN6_ADDR=1 -DHAVE_STRUCT_SOCKADDR_IN6=1 -DHAVE_STRUCT_SOCKADDR_STORAGE=1 -DHAVE_GETPWUID_R_5=1 -DHAVE_GETPWUID_R=1 -DHAVE_GETPWNAM_R_5=1 -DHAVE_GETPWNAM_R=1 -DHAVE_GETGRGID_R_5=1 -DHAVE_GETGRGID_R=1 -DHAVE_GETGRNAM_R_5=1 -DHAVE_GETGRNAM_R=1 -DHAVE_DECL_GETHOSTBYNAME_R=1 -DHAVE_GETHOSTBYNAME_R_6=1 -DHAVE_GETHOSTBYNAME_R=1 -DHAVE_DECL_GETHOSTBYADDR_R=1 -DHAVE_GETHOSTBYADDR_R_8=1 -DHAVE_GETHOSTBYADDR_R=1 -DHAVE_TERMIOS_H=1 -DHAVE_SYS_IOCTL_H=1 -DHAVE_PSELECT=1 -DHAVE_SYS_EPOLL_H=1 -DNOTIFIER_EPOLL=1 -DHAVE_SYS_EVENTFD_H=1 -DHAVE_EVENTFD=1 -DHAVE_SYS_TIME_H=1 -DHAVE_GMTIME_R=1 -DHAVE_LOCALTIME_R=1 -DHAVE_TM_GMTOFF=1 -DHAVE_TIMEZONE_VAR=1 -DHAVE_STRUCT_STAT_ST_BLOCKS=1 -DHAVE_STRUCT_STAT_ST_BLKSIZE=1 -DHAVE_STRUCT_STAT_ST_RDEV=1 -DHAVE_BLKCNT_T=1 -DHAVE_INTPTR_T=1 -DHAVE_UINTPTR_T=1 -DNO_UNION_WAIT=1 -DHAVE_SIGNED_CHAR=1 -DHAVE_LANGINFO=1 -DHAVE_CFMAKERAW=1 -DHAVE_MKSTEMPS=1 -DHAVE_FTS=1 -DHAVE_SYS_IOCTL_H=1 -DTCL_UNLOAD_DLLS=1 -DHAVE_CPUID=1 -DZIPFS_BUILD=1    -DMP_FIXED_CUTOFFS -DBUILD_tcl /home/builder/build/src/tcl9.0.1/libtommath/bn_mp_get_mag_u64.c
clang -c -I"." -I/home/builder/build/src/tcl9.0.1/unix -I/home/builder/build/src/tcl9.0.1/generic -I/home/builder/build/src/tcl9.0.1/libtommath -O2 -march=x86-64-v3 -O2 -pipe -fno-plt -fexceptions         -Wp,-D_FORTIFY_SOURCE=3 -fstack-clash-protection -fcf-protection -pipe -m64 -finput-charset=UTF-8  -Wall -Wextra -Wshadow -Wundef -Wwrite-strings -Wpointer-arith -Wc++-compat -fextended-identifiers -fPIC -fno-common -DPACKAGE_NAME=\"tcl\" -DPACKAGE_TARNAME=\"tcl\" -DPACKAGE_VERSION=\"9.0\" -DPACKAGE_STRING=\"tcl\ 9.0\" -DPACKAGE_BUGREPORT=\"\" -DPACKAGE_URL=\"\" -DHAVE_STDIO_H=1 -DHAVE_STDLIB_H=1 -DHAVE_STRING_H=1 -DHAVE_INTTYPES_H=1 -DHAVE_STDINT_H=1 -DHAVE_STRINGS_H=1 -DHAVE_SYS_STAT_H=1 -DHAVE_SYS_TYPES_H=1 -DHAVE_UNISTD_H=1 -DHAVE_SYS_TIME_H=1 -DSTDC_HEADERS=1 -DHAVE_SYS_PARAM_H=1 -DTCL_CFGVAL_ENCODING=\"utf-8\" -D_REENTRANT=1 -D_THREAD_SAFE=1 -DHAVE_PTHREAD_ATTR_SETSTACKSIZE=1 -DHAVE_PTHREAD_ATFORK=1 -DHAVE_DECL_PTHREAD_MUTEX_RECURSIVE=1 -DMODULE_SCOPE=extern\ __attribute__\(\(__visibility__\(\"hidden\"\)\)\) -DHAVE_HIDDEN=1 -DTCL_CFG_DO64BIT=1 -DHAVE_CAST_TO_UNION=1 -DHAVE_STDBOOL_H=1 -DHAVE_VFORK=1 -DHAVE_POSIX_SPAWNP=1 -DHAVE_POSIX_SPAWN_FILE_ACTIONS_ADDDUP2=1 -DHAVE_POSIX_SPAWNATTR_SETFLAGS=1 -DTCL_SHLIB_EXT=\".so\" -DNDEBUG=1 -DTCL_CFG_OPTIMIZED=1 -DMP_PREC=4 -D_LARGEFILE64_SOURCE=1 -DTCL_WIDE_INT_IS_LONG=1 -DHAVE_GETCWD=1 -DHAVE_MKSTEMP=1 -DHAVE_WAITPID=1 -DHAVE_GETNAMEINFO=1 -DHAVE_GETADDRINFO=1 -DHAVE_FREEADDRINFO=1 -DHAVE_GAI_STRERROR=1 -DHAVE_STRUCT_ADDRINFO=1 -DHAVE_STRUCT_IN6_ADDR=1 -DHAVE_STRUCT_SOCKADDR_IN6=1 -DHAVE_STRUCT_SOCKADDR_STORAGE=1 -DHAVE_GETPWUID_R_5=1 -DHAVE_GETPWUID_R=1 -DHAVE_GETPWNAM_R_5=1 -DHAVE_GETPWNAM_R=1 -DHAVE_GETGRGID_R_5=1 -DHAVE_GETGRGID_R=1 -DHAVE_GETGRNAM_R_5=1 -DHAVE_GETGRNAM_R=1 -DHAVE_DECL_GETHOSTBYNAME_R=1 -DHAVE_GETHOSTBYNAME_R_6=1 -DHAVE_GETHOSTBYNAME_R=1 -DHAVE_DECL_GETHOSTBYADDR_R=1 -DHAVE_GETHOSTBYADDR_R_8=1 -DHAVE_GETHOSTBYADDR_R=1 -DHAVE_TERMIOS_H=1 -DHAVE_SYS_IOCTL_H=1 -DHAVE_PSELECT=1 -DHAVE_SYS_EPOLL_H=1 -DNOTIFIER_EPOLL=1 -DHAVE_SYS_EVENTFD_H=1 -DHAVE_EVENTFD=1 -DHAVE_SYS_TIME_H=1 -DHAVE_GMTIME_R=1 -DHAVE_LOCALTIME_R=1 -DHAVE_TM_GMTOFF=1 -DHAVE_TIMEZONE_VAR=1 -DHAVE_STRUCT_STAT_ST_BLOCKS=1 -DHAVE_STRUCT_STAT_ST_BLKSIZE=1 -DHAVE_STRUCT_STAT_ST_RDEV=1 -DHAVE_BLKCNT_T=1 -DHAVE_INTPTR_T=1 -DHAVE_UINTPTR_T=1 -DNO_UNION_WAIT=1 -DHAVE_SIGNED_CHAR=1 -DHAVE_LANGINFO=1 -DHAVE_CFMAKERAW=1 -DHAVE_MKSTEMPS=1 -DHAVE_FTS=1 -DHAVE_SYS_IOCTL_H=1 -DTCL_UNLOAD_DLLS=1 -DHAVE_CPUID=1 -DZIPFS_BUILD=1    -DMP_FIXED_CUTOFFS -DBUILD_tcl /home/builder/build/src/tcl9.0.1/libtommath/bn_mp_grow.c
clang -c -I"." -I/home/builder/build/src/tcl9.0.1/unix -I/home/builder/build/src/tcl9.0.1/generic -I/home/builder/build/src/tcl9.0.1/libtommath -O2 -march=x86-64-v3 -O2 -pipe -fno-plt -fexceptions         -Wp,-D_FORTIFY_SOURCE=3 -fstack-clash-protection -fcf-protection -pipe -m64 -finput-charset=UTF-8  -Wall -Wextra -Wshadow -Wundef -Wwrite-strings -Wpointer-arith -Wc++-compat -fextended-identifiers -fPIC -fno-common -DPACKAGE_NAME=\"tcl\" -DPACKAGE_TARNAME=\"tcl\" -DPACKAGE_VERSION=\"9.0\" -DPACKAGE_STRING=\"tcl\ 9.0\" -DPACKAGE_BUGREPORT=\"\" -DPACKAGE_URL=\"\" -DHAVE_STDIO_H=1 -DHAVE_STDLIB_H=1 -DHAVE_STRING_H=1 -DHAVE_INTTYPES_H=1 -DHAVE_STDINT_H=1 -DHAVE_STRINGS_H=1 -DHAVE_SYS_STAT_H=1 -DHAVE_SYS_TYPES_H=1 -DHAVE_UNISTD_H=1 -DHAVE_SYS_TIME_H=1 -DSTDC_HEADERS=1 -DHAVE_SYS_PARAM_H=1 -DTCL_CFGVAL_ENCODING=\"utf-8\" -D_REENTRANT=1 -D_THREAD_SAFE=1 -DHAVE_PTHREAD_ATTR_SETSTACKSIZE=1 -DHAVE_PTHREAD_ATFORK=1 -DHAVE_DECL_PTHREAD_MUTEX_RECURSIVE=1 -DMODULE_SCOPE=extern\ __attribute__\(\(__visibility__\(\"hidden\"\)\)\) -DHAVE_HIDDEN=1 -DTCL_CFG_DO64BIT=1 -DHAVE_CAST_TO_UNION=1 -DHAVE_STDBOOL_H=1 -DHAVE_VFORK=1 -DHAVE_POSIX_SPAWNP=1 -DHAVE_POSIX_SPAWN_FILE_ACTIONS_ADDDUP2=1 -DHAVE_POSIX_SPAWNATTR_SETFLAGS=1 -DTCL_SHLIB_EXT=\".so\" -DNDEBUG=1 -DTCL_CFG_OPTIMIZED=1 -DMP_PREC=4 -D_LARGEFILE64_SOURCE=1 -DTCL_WIDE_INT_IS_LONG=1 -DHAVE_GETCWD=1 -DHAVE_MKSTEMP=1 -DHAVE_WAITPID=1 -DHAVE_GETNAMEINFO=1 -DHAVE_GETADDRINFO=1 -DHAVE_FREEADDRINFO=1 -DHAVE_GAI_STRERROR=1 -DHAVE_STRUCT_ADDRINFO=1 -DHAVE_STRUCT_IN6_ADDR=1 -DHAVE_STRUCT_SOCKADDR_IN6=1 -DHAVE_STRUCT_SOCKADDR_STORAGE=1 -DHAVE_GETPWUID_R_5=1 -DHAVE_GETPWUID_R=1 -DHAVE_GETPWNAM_R_5=1 -DHAVE_GETPWNAM_R=1 -DHAVE_GETGRGID_R_5=1 -DHAVE_GETGRGID_R=1 -DHAVE_GETGRNAM_R_5=1 -DHAVE_GETGRNAM_R=1 -DHAVE_DECL_GETHOSTBYNAME_R=1 -DHAVE_GETHOSTBYNAME_R_6=1 -DHAVE_GETHOSTBYNAME_R=1 -DHAVE_DECL_GETHOSTBYADDR_R=1 -DHAVE_GETHOSTBYADDR_R_8=1 -DHAVE_GETHOSTBYADDR_R=1 -DHAVE_TERMIOS_H=1 -DHAVE_SYS_IOCTL_H=1 -DHAVE_PSELECT=1 -DHAVE_SYS_EPOLL_H=1 -DNOTIFIER_EPOLL=1 -DHAVE_SYS_EVENTFD_H=1 -DHAVE_EVENTFD=1 -DHAVE_SYS_TIME_H=1 -DHAVE_GMTIME_R=1 -DHAVE_LOCALTIME_R=1 -DHAVE_TM_GMTOFF=1 -DHAVE_TIMEZONE_VAR=1 -DHAVE_STRUCT_STAT_ST_BLOCKS=1 -DHAVE_STRUCT_STAT_ST_BLKSIZE=1 -DHAVE_STRUCT_STAT_ST_RDEV=1 -DHAVE_BLKCNT_T=1 -DHAVE_INTPTR_T=1 -DHAVE_UINTPTR_T=1 -DNO_UNION_WAIT=1 -DHAVE_SIGNED_CHAR=1 -DHAVE_LANGINFO=1 -DHAVE_CFMAKERAW=1 -DHAVE_MKSTEMPS=1 -DHAVE_FTS=1 -DHAVE_SYS_IOCTL_H=1 -DTCL_UNLOAD_DLLS=1 -DHAVE_CPUID=1 -DZIPFS_BUILD=1    -DMP_FIXED_CUTOFFS -DBUILD_tcl /home/builder/build/src/tcl9.0.1/libtommath/bn_mp_init.c
clang -c -I"." -I/home/builder/build/src/tcl9.0.1/unix -I/home/builder/build/src/tcl9.0.1/generic -I/home/builder/build/src/tcl9.0.1/libtommath -O2 -march=x86-64-v3 -O2 -pipe -fno-plt -fexceptions         -Wp,-D_FORTIFY_SOURCE=3 -fstack-clash-protection -fcf-protection -pipe -m64 -finput-charset=UTF-8  -Wall -Wextra -Wshadow -Wundef -Wwrite-strings -Wpointer-arith -Wc++-compat -fextended-identifiers -fPIC -fno-common -DPACKAGE_NAME=\"tcl\" -DPACKAGE_TARNAME=\"tcl\" -DPACKAGE_VERSION=\"9.0\" -DPACKAGE_STRING=\"tcl\ 9.0\" -DPACKAGE_BUGREPORT=\"\" -DPACKAGE_URL=\"\" -DHAVE_STDIO_H=1 -DHAVE_STDLIB_H=1 -DHAVE_STRING_H=1 -DHAVE_INTTYPES_H=1 -DHAVE_STDINT_H=1 -DHAVE_STRINGS_H=1 -DHAVE_SYS_STAT_H=1 -DHAVE_SYS_TYPES_H=1 -DHAVE_UNISTD_H=1 -DHAVE_SYS_TIME_H=1 -DSTDC_HEADERS=1 -DHAVE_SYS_PARAM_H=1 -DTCL_CFGVAL_ENCODING=\"utf-8\" -D_REENTRANT=1 -D_THREAD_SAFE=1 -DHAVE_PTHREAD_ATTR_SETSTACKSIZE=1 -DHAVE_PTHREAD_ATFORK=1 -DHAVE_DECL_PTHREAD_MUTEX_RECURSIVE=1 -DMODULE_SCOPE=extern\ __attribute__\(\(__visibility__\(\"hidden\"\)\)\) -DHAVE_HIDDEN=1 -DTCL_CFG_DO64BIT=1 -DHAVE_CAST_TO_UNION=1 -DHAVE_STDBOOL_H=1 -DHAVE_VFORK=1 -DHAVE_POSIX_SPAWNP=1 -DHAVE_POSIX_SPAWN_FILE_ACTIONS_ADDDUP2=1 -DHAVE_POSIX_SPAWNATTR_SETFLAGS=1 -DTCL_SHLIB_EXT=\".so\" -DNDEBUG=1 -DTCL_CFG_OPTIMIZED=1 -DMP_PREC=4 -D_LARGEFILE64_SOURCE=1 -DTCL_WIDE_INT_IS_LONG=1 -DHAVE_GETCWD=1 -DHAVE_MKSTEMP=1 -DHAVE_WAITPID=1 -DHAVE_GETNAMEINFO=1 -DHAVE_GETADDRINFO=1 -DHAVE_FREEADDRINFO=1 -DHAVE_GAI_STRERROR=1 -DHAVE_STRUCT_ADDRINFO=1 -DHAVE_STRUCT_IN6_ADDR=1 -DHAVE_STRUCT_SOCKADDR_IN6=1 -DHAVE_STRUCT_SOCKADDR_STORAGE=1 -DHAVE_GETPWUID_R_5=1 -DHAVE_GETPWUID_R=1 -DHAVE_GETPWNAM_R_5=1 -DHAVE_GETPWNAM_R=1 -DHAVE_GETGRGID_R_5=1 -DHAVE_GETGRGID_R=1 -DHAVE_GETGRNAM_R_5=1 -DHAVE_GETGRNAM_R=1 -DHAVE_DECL_GETHOSTBYNAME_R=1 -DHAVE_GETHOSTBYNAME_R_6=1 -DHAVE_GETHOSTBYNAME_R=1 -DHAVE_DECL_GETHOSTBYADDR_R=1 -DHAVE_GETHOSTBYADDR_R_8=1 -DHAVE_GETHOSTBYADDR_R=1 -DHAVE_TERMIOS_H=1 -DHAVE_SYS_IOCTL_H=1 -DHAVE_PSELECT=1 -DHAVE_SYS_EPOLL_H=1 -DNOTIFIER_EPOLL=1 -DHAVE_SYS_EVENTFD_H=1 -DHAVE_EVENTFD=1 -DHAVE_SYS_TIME_H=1 -DHAVE_GMTIME_R=1 -DHAVE_LOCALTIME_R=1 -DHAVE_TM_GMTOFF=1 -DHAVE_TIMEZONE_VAR=1 -DHAVE_STRUCT_STAT_ST_BLOCKS=1 -DHAVE_STRUCT_STAT_ST_BLKSIZE=1 -DHAVE_STRUCT_STAT_ST_RDEV=1 -DHAVE_BLKCNT_T=1 -DHAVE_INTPTR_T=1 -DHAVE_UINTPTR_T=1 -DNO_UNION_WAIT=1 -DHAVE_SIGNED_CHAR=1 -DHAVE_LANGINFO=1 -DHAVE_CFMAKERAW=1 -DHAVE_MKSTEMPS=1 -DHAVE_FTS=1 -DHAVE_SYS_IOCTL_H=1 -DTCL_UNLOAD_DLLS=1 -DHAVE_CPUID=1 -DZIPFS_BUILD=1    -DMP_FIXED_CUTOFFS -DBUILD_tcl /home/builder/build/src/tcl9.0.1/libtommath/bn_mp_init_copy.c
clang -c -I"." -I/home/builder/build/src/tcl9.0.1/unix -I/home/builder/build/src/tcl9.0.1/generic -I/home/builder/build/src/tcl9.0.1/libtommath -O2 -march=x86-64-v3 -O2 -pipe -fno-plt -fexceptions         -Wp,-D_FORTIFY_SOURCE=3 -fstack-clash-protection -fcf-protection -pipe -m64 -finput-charset=UTF-8  -Wall -Wextra -Wshadow -Wundef -Wwrite-strings -Wpointer-arith -Wc++-compat -fextended-identifiers -fPIC -fno-common -DPACKAGE_NAME=\"tcl\" -DPACKAGE_TARNAME=\"tcl\" -DPACKAGE_VERSION=\"9.0\" -DPACKAGE_STRING=\"tcl\ 9.0\" -DPACKAGE_BUGREPORT=\"\" -DPACKAGE_URL=\"\" -DHAVE_STDIO_H=1 -DHAVE_STDLIB_H=1 -DHAVE_STRING_H=1 -DHAVE_INTTYPES_H=1 -DHAVE_STDINT_H=1 -DHAVE_STRINGS_H=1 -DHAVE_SYS_STAT_H=1 -DHAVE_SYS_TYPES_H=1 -DHAVE_UNISTD_H=1 -DHAVE_SYS_TIME_H=1 -DSTDC_HEADERS=1 -DHAVE_SYS_PARAM_H=1 -DTCL_CFGVAL_ENCODING=\"utf-8\" -D_REENTRANT=1 -D_THREAD_SAFE=1 -DHAVE_PTHREAD_ATTR_SETSTACKSIZE=1 -DHAVE_PTHREAD_ATFORK=1 -DHAVE_DECL_PTHREAD_MUTEX_RECURSIVE=1 -DMODULE_SCOPE=extern\ __attribute__\(\(__visibility__\(\"hidden\"\)\)\) -DHAVE_HIDDEN=1 -DTCL_CFG_DO64BIT=1 -DHAVE_CAST_TO_UNION=1 -DHAVE_STDBOOL_H=1 -DHAVE_VFORK=1 -DHAVE_POSIX_SPAWNP=1 -DHAVE_POSIX_SPAWN_FILE_ACTIONS_ADDDUP2=1 -DHAVE_POSIX_SPAWNATTR_SETFLAGS=1 -DTCL_SHLIB_EXT=\".so\" -DNDEBUG=1 -DTCL_CFG_OPTIMIZED=1 -DMP_PREC=4 -D_LARGEFILE64_SOURCE=1 -DTCL_WIDE_INT_IS_LONG=1 -DHAVE_GETCWD=1 -DHAVE_MKSTEMP=1 -DHAVE_WAITPID=1 -DHAVE_GETNAMEINFO=1 -DHAVE_GETADDRINFO=1 -DHAVE_FREEADDRINFO=1 -DHAVE_GAI_STRERROR=1 -DHAVE_STRUCT_ADDRINFO=1 -DHAVE_STRUCT_IN6_ADDR=1 -DHAVE_STRUCT_SOCKADDR_IN6=1 -DHAVE_STRUCT_SOCKADDR_STORAGE=1 -DHAVE_GETPWUID_R_5=1 -DHAVE_GETPWUID_R=1 -DHAVE_GETPWNAM_R_5=1 -DHAVE_GETPWNAM_R=1 -DHAVE_GETGRGID_R_5=1 -DHAVE_GETGRGID_R=1 -DHAVE_GETGRNAM_R_5=1 -DHAVE_GETGRNAM_R=1 -DHAVE_DECL_GETHOSTBYNAME_R=1 -DHAVE_GETHOSTBYNAME_R_6=1 -DHAVE_GETHOSTBYNAME_R=1 -DHAVE_DECL_GETHOSTBYADDR_R=1 -DHAVE_GETHOSTBYADDR_R_8=1 -DHAVE_GETHOSTBYADDR_R=1 -DHAVE_TERMIOS_H=1 -DHAVE_SYS_IOCTL_H=1 -DHAVE_PSELECT=1 -DHAVE_SYS_EPOLL_H=1 -DNOTIFIER_EPOLL=1 -DHAVE_SYS_EVENTFD_H=1 -DHAVE_EVENTFD=1 -DHAVE_SYS_TIME_H=1 -DHAVE_GMTIME_R=1 -DHAVE_LOCALTIME_R=1 -DHAVE_TM_GMTOFF=1 -DHAVE_TIMEZONE_VAR=1 -DHAVE_STRUCT_STAT_ST_BLOCKS=1 -DHAVE_STRUCT_STAT_ST_BLKSIZE=1 -DHAVE_STRUCT_STAT_ST_RDEV=1 -DHAVE_BLKCNT_T=1 -DHAVE_INTPTR_T=1 -DHAVE_UINTPTR_T=1 -DNO_UNION_WAIT=1 -DHAVE_SIGNED_CHAR=1 -DHAVE_LANGINFO=1 -DHAVE_CFMAKERAW=1 -DHAVE_MKSTEMPS=1 -DHAVE_FTS=1 -DHAVE_SYS_IOCTL_H=1 -DTCL_UNLOAD_DLLS=1 -DHAVE_CPUID=1 -DZIPFS_BUILD=1    -DMP_FIXED_CUTOFFS -DBUILD_tcl /home/builder/build/src/tcl9.0.1/libtommath/bn_mp_init_multi.c
clang -c -I"." -I/home/builder/build/src/tcl9.0.1/unix -I/home/builder/build/src/tcl9.0.1/generic -I/home/builder/build/src/tcl9.0.1/libtommath -O2 -march=x86-64-v3 -O2 -pipe -fno-plt -fexceptions         -Wp,-D_FORTIFY_SOURCE=3 -fstack-clash-protection -fcf-protection -pipe -m64 -finput-charset=UTF-8  -Wall -Wextra -Wshadow -Wundef -Wwrite-strings -Wpointer-arith -Wc++-compat -fextended-identifiers -fPIC -fno-common -DPACKAGE_NAME=\"tcl\" -DPACKAGE_TARNAME=\"tcl\" -DPACKAGE_VERSION=\"9.0\" -DPACKAGE_STRING=\"tcl\ 9.0\" -DPACKAGE_BUGREPORT=\"\" -DPACKAGE_URL=\"\" -DHAVE_STDIO_H=1 -DHAVE_STDLIB_H=1 -DHAVE_STRING_H=1 -DHAVE_INTTYPES_H=1 -DHAVE_STDINT_H=1 -DHAVE_STRINGS_H=1 -DHAVE_SYS_STAT_H=1 -DHAVE_SYS_TYPES_H=1 -DHAVE_UNISTD_H=1 -DHAVE_SYS_TIME_H=1 -DSTDC_HEADERS=1 -DHAVE_SYS_PARAM_H=1 -DTCL_CFGVAL_ENCODING=\"utf-8\" -D_REENTRANT=1 -D_THREAD_SAFE=1 -DHAVE_PTHREAD_ATTR_SETSTACKSIZE=1 -DHAVE_PTHREAD_ATFORK=1 -DHAVE_DECL_PTHREAD_MUTEX_RECURSIVE=1 -DMODULE_SCOPE=extern\ __attribute__\(\(__visibility__\(\"hidden\"\)\)\) -DHAVE_HIDDEN=1 -DTCL_CFG_DO64BIT=1 -DHAVE_CAST_TO_UNION=1 -DHAVE_STDBOOL_H=1 -DHAVE_VFORK=1 -DHAVE_POSIX_SPAWNP=1 -DHAVE_POSIX_SPAWN_FILE_ACTIONS_ADDDUP2=1 -DHAVE_POSIX_SPAWNATTR_SETFLAGS=1 -DTCL_SHLIB_EXT=\".so\" -DNDEBUG=1 -DTCL_CFG_OPTIMIZED=1 -DMP_PREC=4 -D_LARGEFILE64_SOURCE=1 -DTCL_WIDE_INT_IS_LONG=1 -DHAVE_GETCWD=1 -DHAVE_MKSTEMP=1 -DHAVE_WAITPID=1 -DHAVE_GETNAMEINFO=1 -DHAVE_GETADDRINFO=1 -DHAVE_FREEADDRINFO=1 -DHAVE_GAI_STRERROR=1 -DHAVE_STRUCT_ADDRINFO=1 -DHAVE_STRUCT_IN6_ADDR=1 -DHAVE_STRUCT_SOCKADDR_IN6=1 -DHAVE_STRUCT_SOCKADDR_STORAGE=1 -DHAVE_GETPWUID_R_5=1 -DHAVE_GETPWUID_R=1 -DHAVE_GETPWNAM_R_5=1 -DHAVE_GETPWNAM_R=1 -DHAVE_GETGRGID_R_5=1 -DHAVE_GETGRGID_R=1 -DHAVE_GETGRNAM_R_5=1 -DHAVE_GETGRNAM_R=1 -DHAVE_DECL_GETHOSTBYNAME_R=1 -DHAVE_GETHOSTBYNAME_R_6=1 -DHAVE_GETHOSTBYNAME_R=1 -DHAVE_DECL_GETHOSTBYADDR_R=1 -DHAVE_GETHOSTBYADDR_R_8=1 -DHAVE_GETHOSTBYADDR_R=1 -DHAVE_TERMIOS_H=1 -DHAVE_SYS_IOCTL_H=1 -DHAVE_PSELECT=1 -DHAVE_SYS_EPOLL_H=1 -DNOTIFIER_EPOLL=1 -DHAVE_SYS_EVENTFD_H=1 -DHAVE_EVENTFD=1 -DHAVE_SYS_TIME_H=1 -DHAVE_GMTIME_R=1 -DHAVE_LOCALTIME_R=1 -DHAVE_TM_GMTOFF=1 -DHAVE_TIMEZONE_VAR=1 -DHAVE_STRUCT_STAT_ST_BLOCKS=1 -DHAVE_STRUCT_STAT_ST_BLKSIZE=1 -DHAVE_STRUCT_STAT_ST_RDEV=1 -DHAVE_BLKCNT_T=1 -DHAVE_INTPTR_T=1 -DHAVE_UINTPTR_T=1 -DNO_UNION_WAIT=1 -DHAVE_SIGNED_CHAR=1 -DHAVE_LANGINFO=1 -DHAVE_CFMAKERAW=1 -DHAVE_MKSTEMPS=1 -DHAVE_FTS=1 -DHAVE_SYS_IOCTL_H=1 -DTCL_UNLOAD_DLLS=1 -DHAVE_CPUID=1 -DZIPFS_BUILD=1    -DMP_FIXED_CUTOFFS -DBUILD_tcl /home/builder/build/src/tcl9.0.1/libtommath/bn_mp_init_set.c
clang -c -I"." -I/home/builder/build/src/tcl9.0.1/unix -I/home/builder/build/src/tcl9.0.1/generic -I/home/builder/build/src/tcl9.0.1/libtommath -O2 -march=x86-64-v3 -O2 -pipe -fno-plt -fexceptions         -Wp,-D_FORTIFY_SOURCE=3 -fstack-clash-protection -fcf-protection -pipe -m64 -finput-charset=UTF-8  -Wall -Wextra -Wshadow -Wundef -Wwrite-strings -Wpointer-arith -Wc++-compat -fextended-identifiers -fPIC -fno-common -DPACKAGE_NAME=\"tcl\" -DPACKAGE_TARNAME=\"tcl\" -DPACKAGE_VERSION=\"9.0\" -DPACKAGE_STRING=\"tcl\ 9.0\" -DPACKAGE_BUGREPORT=\"\" -DPACKAGE_URL=\"\" -DHAVE_STDIO_H=1 -DHAVE_STDLIB_H=1 -DHAVE_STRING_H=1 -DHAVE_INTTYPES_H=1 -DHAVE_STDINT_H=1 -DHAVE_STRINGS_H=1 -DHAVE_SYS_STAT_H=1 -DHAVE_SYS_TYPES_H=1 -DHAVE_UNISTD_H=1 -DHAVE_SYS_TIME_H=1 -DSTDC_HEADERS=1 -DHAVE_SYS_PARAM_H=1 -DTCL_CFGVAL_ENCODING=\"utf-8\" -D_REENTRANT=1 -D_THREAD_SAFE=1 -DHAVE_PTHREAD_ATTR_SETSTACKSIZE=1 -DHAVE_PTHREAD_ATFORK=1 -DHAVE_DECL_PTHREAD_MUTEX_RECURSIVE=1 -DMODULE_SCOPE=extern\ __attribute__\(\(__visibility__\(\"hidden\"\)\)\) -DHAVE_HIDDEN=1 -DTCL_CFG_DO64BIT=1 -DHAVE_CAST_TO_UNION=1 -DHAVE_STDBOOL_H=1 -DHAVE_VFORK=1 -DHAVE_POSIX_SPAWNP=1 -DHAVE_POSIX_SPAWN_FILE_ACTIONS_ADDDUP2=1 -DHAVE_POSIX_SPAWNATTR_SETFLAGS=1 -DTCL_SHLIB_EXT=\".so\" -DNDEBUG=1 -DTCL_CFG_OPTIMIZED=1 -DMP_PREC=4 -D_LARGEFILE64_SOURCE=1 -DTCL_WIDE_INT_IS_LONG=1 -DHAVE_GETCWD=1 -DHAVE_MKSTEMP=1 -DHAVE_WAITPID=1 -DHAVE_GETNAMEINFO=1 -DHAVE_GETADDRINFO=1 -DHAVE_FREEADDRINFO=1 -DHAVE_GAI_STRERROR=1 -DHAVE_STRUCT_ADDRINFO=1 -DHAVE_STRUCT_IN6_ADDR=1 -DHAVE_STRUCT_SOCKADDR_IN6=1 -DHAVE_STRUCT_SOCKADDR_STORAGE=1 -DHAVE_GETPWUID_R_5=1 -DHAVE_GETPWUID_R=1 -DHAVE_GETPWNAM_R_5=1 -DHAVE_GETPWNAM_R=1 -DHAVE_GETGRGID_R_5=1 -DHAVE_GETGRGID_R=1 -DHAVE_GETGRNAM_R_5=1 -DHAVE_GETGRNAM_R=1 -DHAVE_DECL_GETHOSTBYNAME_R=1 -DHAVE_GETHOSTBYNAME_R_6=1 -DHAVE_GETHOSTBYNAME_R=1 -DHAVE_DECL_GETHOSTBYADDR_R=1 -DHAVE_GETHOSTBYADDR_R_8=1 -DHAVE_GETHOSTBYADDR_R=1 -DHAVE_TERMIOS_H=1 -DHAVE_SYS_IOCTL_H=1 -DHAVE_PSELECT=1 -DHAVE_SYS_EPOLL_H=1 -DNOTIFIER_EPOLL=1 -DHAVE_SYS_EVENTFD_H=1 -DHAVE_EVENTFD=1 -DHAVE_SYS_TIME_H=1 -DHAVE_GMTIME_R=1 -DHAVE_LOCALTIME_R=1 -DHAVE_TM_GMTOFF=1 -DHAVE_TIMEZONE_VAR=1 -DHAVE_STRUCT_STAT_ST_BLOCKS=1 -DHAVE_STRUCT_STAT_ST_BLKSIZE=1 -DHAVE_STRUCT_STAT_ST_RDEV=1 -DHAVE_BLKCNT_T=1 -DHAVE_INTPTR_T=1 -DHAVE_UINTPTR_T=1 -DNO_UNION_WAIT=1 -DHAVE_SIGNED_CHAR=1 -DHAVE_LANGINFO=1 -DHAVE_CFMAKERAW=1 -DHAVE_MKSTEMPS=1 -DHAVE_FTS=1 -DHAVE_SYS_IOCTL_H=1 -DTCL_UNLOAD_DLLS=1 -DHAVE_CPUID=1 -DZIPFS_BUILD=1    -DMP_FIXED_CUTOFFS -DBUILD_tcl /home/builder/build/src/tcl9.0.1/libtommath/bn_mp_init_size.c
clang -c -I"." -I/home/builder/build/src/tcl9.0.1/unix -I/home/builder/build/src/tcl9.0.1/generic -I/home/builder/build/src/tcl9.0.1/libtommath -O2 -march=x86-64-v3 -O2 -pipe -fno-plt -fexceptions         -Wp,-D_FORTIFY_SOURCE=3 -fstack-clash-protection -fcf-protection -pipe -m64 -finput-charset=UTF-8  -Wall -Wextra -Wshadow -Wundef -Wwrite-strings -Wpointer-arith -Wc++-compat -fextended-identifiers -fPIC -fno-common -DPACKAGE_NAME=\"tcl\" -DPACKAGE_TARNAME=\"tcl\" -DPACKAGE_VERSION=\"9.0\" -DPACKAGE_STRING=\"tcl\ 9.0\" -DPACKAGE_BUGREPORT=\"\" -DPACKAGE_URL=\"\" -DHAVE_STDIO_H=1 -DHAVE_STDLIB_H=1 -DHAVE_STRING_H=1 -DHAVE_INTTYPES_H=1 -DHAVE_STDINT_H=1 -DHAVE_STRINGS_H=1 -DHAVE_SYS_STAT_H=1 -DHAVE_SYS_TYPES_H=1 -DHAVE_UNISTD_H=1 -DHAVE_SYS_TIME_H=1 -DSTDC_HEADERS=1 -DHAVE_SYS_PARAM_H=1 -DTCL_CFGVAL_ENCODING=\"utf-8\" -D_REENTRANT=1 -D_THREAD_SAFE=1 -DHAVE_PTHREAD_ATTR_SETSTACKSIZE=1 -DHAVE_PTHREAD_ATFORK=1 -DHAVE_DECL_PTHREAD_MUTEX_RECURSIVE=1 -DMODULE_SCOPE=extern\ __attribute__\(\(__visibility__\(\"hidden\"\)\)\) -DHAVE_HIDDEN=1 -DTCL_CFG_DO64BIT=1 -DHAVE_CAST_TO_UNION=1 -DHAVE_STDBOOL_H=1 -DHAVE_VFORK=1 -DHAVE_POSIX_SPAWNP=1 -DHAVE_POSIX_SPAWN_FILE_ACTIONS_ADDDUP2=1 -DHAVE_POSIX_SPAWNATTR_SETFLAGS=1 -DTCL_SHLIB_EXT=\".so\" -DNDEBUG=1 -DTCL_CFG_OPTIMIZED=1 -DMP_PREC=4 -D_LARGEFILE64_SOURCE=1 -DTCL_WIDE_INT_IS_LONG=1 -DHAVE_GETCWD=1 -DHAVE_MKSTEMP=1 -DHAVE_WAITPID=1 -DHAVE_GETNAMEINFO=1 -DHAVE_GETADDRINFO=1 -DHAVE_FREEADDRINFO=1 -DHAVE_GAI_STRERROR=1 -DHAVE_STRUCT_ADDRINFO=1 -DHAVE_STRUCT_IN6_ADDR=1 -DHAVE_STRUCT_SOCKADDR_IN6=1 -DHAVE_STRUCT_SOCKADDR_STORAGE=1 -DHAVE_GETPWUID_R_5=1 -DHAVE_GETPWUID_R=1 -DHAVE_GETPWNAM_R_5=1 -DHAVE_GETPWNAM_R=1 -DHAVE_GETGRGID_R_5=1 -DHAVE_GETGRGID_R=1 -DHAVE_GETGRNAM_R_5=1 -DHAVE_GETGRNAM_R=1 -DHAVE_DECL_GETHOSTBYNAME_R=1 -DHAVE_GETHOSTBYNAME_R_6=1 -DHAVE_GETHOSTBYNAME_R=1 -DHAVE_DECL_GETHOSTBYADDR_R=1 -DHAVE_GETHOSTBYADDR_R_8=1 -DHAVE_GETHOSTBYADDR_R=1 -DHAVE_TERMIOS_H=1 -DHAVE_SYS_IOCTL_H=1 -DHAVE_PSELECT=1 -DHAVE_SYS_EPOLL_H=1 -DNOTIFIER_EPOLL=1 -DHAVE_SYS_EVENTFD_H=1 -DHAVE_EVENTFD=1 -DHAVE_SYS_TIME_H=1 -DHAVE_GMTIME_R=1 -DHAVE_LOCALTIME_R=1 -DHAVE_TM_GMTOFF=1 -DHAVE_TIMEZONE_VAR=1 -DHAVE_STRUCT_STAT_ST_BLOCKS=1 -DHAVE_STRUCT_STAT_ST_BLKSIZE=1 -DHAVE_STRUCT_STAT_ST_RDEV=1 -DHAVE_BLKCNT_T=1 -DHAVE_INTPTR_T=1 -DHAVE_UINTPTR_T=1 -DNO_UNION_WAIT=1 -DHAVE_SIGNED_CHAR=1 -DHAVE_LANGINFO=1 -DHAVE_CFMAKERAW=1 -DHAVE_MKSTEMPS=1 -DHAVE_FTS=1 -DHAVE_SYS_IOCTL_H=1 -DTCL_UNLOAD_DLLS=1 -DHAVE_CPUID=1 -DZIPFS_BUILD=1    -DMP_FIXED_CUTOFFS -DBUILD_tcl /home/builder/build/src/tcl9.0.1/libtommath/bn_s_mp_karatsuba_mul.c
clang -c -I"." -I/home/builder/build/src/tcl9.0.1/unix -I/home/builder/build/src/tcl9.0.1/generic -I/home/builder/build/src/tcl9.0.1/libtommath -O2 -march=x86-64-v3 -O2 -pipe -fno-plt -fexceptions         -Wp,-D_FORTIFY_SOURCE=3 -fstack-clash-protection -fcf-protection -pipe -m64 -finput-charset=UTF-8  -Wall -Wextra -Wshadow -Wundef -Wwrite-strings -Wpointer-arith -Wc++-compat -fextended-identifiers -fPIC -fno-common -DPACKAGE_NAME=\"tcl\" -DPACKAGE_TARNAME=\"tcl\" -DPACKAGE_VERSION=\"9.0\" -DPACKAGE_STRING=\"tcl\ 9.0\" -DPACKAGE_BUGREPORT=\"\" -DPACKAGE_URL=\"\" -DHAVE_STDIO_H=1 -DHAVE_STDLIB_H=1 -DHAVE_STRING_H=1 -DHAVE_INTTYPES_H=1 -DHAVE_STDINT_H=1 -DHAVE_STRINGS_H=1 -DHAVE_SYS_STAT_H=1 -DHAVE_SYS_TYPES_H=1 -DHAVE_UNISTD_H=1 -DHAVE_SYS_TIME_H=1 -DSTDC_HEADERS=1 -DHAVE_SYS_PARAM_H=1 -DTCL_CFGVAL_ENCODING=\"utf-8\" -D_REENTRANT=1 -D_THREAD_SAFE=1 -DHAVE_PTHREAD_ATTR_SETSTACKSIZE=1 -DHAVE_PTHREAD_ATFORK=1 -DHAVE_DECL_PTHREAD_MUTEX_RECURSIVE=1 -DMODULE_SCOPE=extern\ __attribute__\(\(__visibility__\(\"hidden\"\)\)\) -DHAVE_HIDDEN=1 -DTCL_CFG_DO64BIT=1 -DHAVE_CAST_TO_UNION=1 -DHAVE_STDBOOL_H=1 -DHAVE_VFORK=1 -DHAVE_POSIX_SPAWNP=1 -DHAVE_POSIX_SPAWN_FILE_ACTIONS_ADDDUP2=1 -DHAVE_POSIX_SPAWNATTR_SETFLAGS=1 -DTCL_SHLIB_EXT=\".so\" -DNDEBUG=1 -DTCL_CFG_OPTIMIZED=1 -DMP_PREC=4 -D_LARGEFILE64_SOURCE=1 -DTCL_WIDE_INT_IS_LONG=1 -DHAVE_GETCWD=1 -DHAVE_MKSTEMP=1 -DHAVE_WAITPID=1 -DHAVE_GETNAMEINFO=1 -DHAVE_GETADDRINFO=1 -DHAVE_FREEADDRINFO=1 -DHAVE_GAI_STRERROR=1 -DHAVE_STRUCT_ADDRINFO=1 -DHAVE_STRUCT_IN6_ADDR=1 -DHAVE_STRUCT_SOCKADDR_IN6=1 -DHAVE_STRUCT_SOCKADDR_STORAGE=1 -DHAVE_GETPWUID_R_5=1 -DHAVE_GETPWUID_R=1 -DHAVE_GETPWNAM_R_5=1 -DHAVE_GETPWNAM_R=1 -DHAVE_GETGRGID_R_5=1 -DHAVE_GETGRGID_R=1 -DHAVE_GETGRNAM_R_5=1 -DHAVE_GETGRNAM_R=1 -DHAVE_DECL_GETHOSTBYNAME_R=1 -DHAVE_GETHOSTBYNAME_R_6=1 -DHAVE_GETHOSTBYNAME_R=1 -DHAVE_DECL_GETHOSTBYADDR_R=1 -DHAVE_GETHOSTBYADDR_R_8=1 -DHAVE_GETHOSTBYADDR_R=1 -DHAVE_TERMIOS_H=1 -DHAVE_SYS_IOCTL_H=1 -DHAVE_PSELECT=1 -DHAVE_SYS_EPOLL_H=1 -DNOTIFIER_EPOLL=1 -DHAVE_SYS_EVENTFD_H=1 -DHAVE_EVENTFD=1 -DHAVE_SYS_TIME_H=1 -DHAVE_GMTIME_R=1 -DHAVE_LOCALTIME_R=1 -DHAVE_TM_GMTOFF=1 -DHAVE_TIMEZONE_VAR=1 -DHAVE_STRUCT_STAT_ST_BLOCKS=1 -DHAVE_STRUCT_STAT_ST_BLKSIZE=1 -DHAVE_STRUCT_STAT_ST_RDEV=1 -DHAVE_BLKCNT_T=1 -DHAVE_INTPTR_T=1 -DHAVE_UINTPTR_T=1 -DNO_UNION_WAIT=1 -DHAVE_SIGNED_CHAR=1 -DHAVE_LANGINFO=1 -DHAVE_CFMAKERAW=1 -DHAVE_MKSTEMPS=1 -DHAVE_FTS=1 -DHAVE_SYS_IOCTL_H=1 -DTCL_UNLOAD_DLLS=1 -DHAVE_CPUID=1 -DZIPFS_BUILD=1    -DMP_FIXED_CUTOFFS -DBUILD_tcl /home/builder/build/src/tcl9.0.1/libtommath/bn_mp_init_i64.c
clang -c -I"." -I/home/builder/build/src/tcl9.0.1/unix -I/home/builder/build/src/tcl9.0.1/generic -I/home/builder/build/src/tcl9.0.1/libtommath -O2 -march=x86-64-v3 -O2 -pipe -fno-plt -fexceptions         -Wp,-D_FORTIFY_SOURCE=3 -fstack-clash-protection -fcf-protection -pipe -m64 -finput-charset=UTF-8  -Wall -Wextra -Wshadow -Wundef -Wwrite-strings -Wpointer-arith -Wc++-compat -fextended-identifiers -fPIC -fno-common -DPACKAGE_NAME=\"tcl\" -DPACKAGE_TARNAME=\"tcl\" -DPACKAGE_VERSION=\"9.0\" -DPACKAGE_STRING=\"tcl\ 9.0\" -DPACKAGE_BUGREPORT=\"\" -DPACKAGE_URL=\"\" -DHAVE_STDIO_H=1 -DHAVE_STDLIB_H=1 -DHAVE_STRING_H=1 -DHAVE_INTTYPES_H=1 -DHAVE_STDINT_H=1 -DHAVE_STRINGS_H=1 -DHAVE_SYS_STAT_H=1 -DHAVE_SYS_TYPES_H=1 -DHAVE_UNISTD_H=1 -DHAVE_SYS_TIME_H=1 -DSTDC_HEADERS=1 -DHAVE_SYS_PARAM_H=1 -DTCL_CFGVAL_ENCODING=\"utf-8\" -D_REENTRANT=1 -D_THREAD_SAFE=1 -DHAVE_PTHREAD_ATTR_SETSTACKSIZE=1 -DHAVE_PTHREAD_ATFORK=1 -DHAVE_DECL_PTHREAD_MUTEX_RECURSIVE=1 -DMODULE_SCOPE=extern\ __attribute__\(\(__visibility__\(\"hidden\"\)\)\) -DHAVE_HIDDEN=1 -DTCL_CFG_DO64BIT=1 -DHAVE_CAST_TO_UNION=1 -DHAVE_STDBOOL_H=1 -DHAVE_VFORK=1 -DHAVE_POSIX_SPAWNP=1 -DHAVE_POSIX_SPAWN_FILE_ACTIONS_ADDDUP2=1 -DHAVE_POSIX_SPAWNATTR_SETFLAGS=1 -DTCL_SHLIB_EXT=\".so\" -DNDEBUG=1 -DTCL_CFG_OPTIMIZED=1 -DMP_PREC=4 -D_LARGEFILE64_SOURCE=1 -DTCL_WIDE_INT_IS_LONG=1 -DHAVE_GETCWD=1 -DHAVE_MKSTEMP=1 -DHAVE_WAITPID=1 -DHAVE_GETNAMEINFO=1 -DHAVE_GETADDRINFO=1 -DHAVE_FREEADDRINFO=1 -DHAVE_GAI_STRERROR=1 -DHAVE_STRUCT_ADDRINFO=1 -DHAVE_STRUCT_IN6_ADDR=1 -DHAVE_STRUCT_SOCKADDR_IN6=1 -DHAVE_STRUCT_SOCKADDR_STORAGE=1 -DHAVE_GETPWUID_R_5=1 -DHAVE_GETPWUID_R=1 -DHAVE_GETPWNAM_R_5=1 -DHAVE_GETPWNAM_R=1 -DHAVE_GETGRGID_R_5=1 -DHAVE_GETGRGID_R=1 -DHAVE_GETGRNAM_R_5=1 -DHAVE_GETGRNAM_R=1 -DHAVE_DECL_GETHOSTBYNAME_R=1 -DHAVE_GETHOSTBYNAME_R_6=1 -DHAVE_GETHOSTBYNAME_R=1 -DHAVE_DECL_GETHOSTBYADDR_R=1 -DHAVE_GETHOSTBYADDR_R_8=1 -DHAVE_GETHOSTBYADDR_R=1 -DHAVE_TERMIOS_H=1 -DHAVE_SYS_IOCTL_H=1 -DHAVE_PSELECT=1 -DHAVE_SYS_EPOLL_H=1 -DNOTIFIER_EPOLL=1 -DHAVE_SYS_EVENTFD_H=1 -DHAVE_EVENTFD=1 -DHAVE_SYS_TIME_H=1 -DHAVE_GMTIME_R=1 -DHAVE_LOCALTIME_R=1 -DHAVE_TM_GMTOFF=1 -DHAVE_TIMEZONE_VAR=1 -DHAVE_STRUCT_STAT_ST_BLOCKS=1 -DHAVE_STRUCT_STAT_ST_BLKSIZE=1 -DHAVE_STRUCT_STAT_ST_RDEV=1 -DHAVE_BLKCNT_T=1 -DHAVE_INTPTR_T=1 -DHAVE_UINTPTR_T=1 -DNO_UNION_WAIT=1 -DHAVE_SIGNED_CHAR=1 -DHAVE_LANGINFO=1 -DHAVE_CFMAKERAW=1 -DHAVE_MKSTEMPS=1 -DHAVE_FTS=1 -DHAVE_SYS_IOCTL_H=1 -DTCL_UNLOAD_DLLS=1 -DHAVE_CPUID=1 -DZIPFS_BUILD=1    -DMP_FIXED_CUTOFFS -DBUILD_tcl /home/builder/build/src/tcl9.0.1/libtommath/bn_mp_init_u64.c
clang -c -I"." -I/home/builder/build/src/tcl9.0.1/unix -I/home/builder/build/src/tcl9.0.1/generic -I/home/builder/build/src/tcl9.0.1/libtommath -O2 -march=x86-64-v3 -O2 -pipe -fno-plt -fexceptions         -Wp,-D_FORTIFY_SOURCE=3 -fstack-clash-protection -fcf-protection -pipe -m64 -finput-charset=UTF-8  -Wall -Wextra -Wshadow -Wundef -Wwrite-strings -Wpointer-arith -Wc++-compat -fextended-identifiers -fPIC -fno-common -DPACKAGE_NAME=\"tcl\" -DPACKAGE_TARNAME=\"tcl\" -DPACKAGE_VERSION=\"9.0\" -DPACKAGE_STRING=\"tcl\ 9.0\" -DPACKAGE_BUGREPORT=\"\" -DPACKAGE_URL=\"\" -DHAVE_STDIO_H=1 -DHAVE_STDLIB_H=1 -DHAVE_STRING_H=1 -DHAVE_INTTYPES_H=1 -DHAVE_STDINT_H=1 -DHAVE_STRINGS_H=1 -DHAVE_SYS_STAT_H=1 -DHAVE_SYS_TYPES_H=1 -DHAVE_UNISTD_H=1 -DHAVE_SYS_TIME_H=1 -DSTDC_HEADERS=1 -DHAVE_SYS_PARAM_H=1 -DTCL_CFGVAL_ENCODING=\"utf-8\" -D_REENTRANT=1 -D_THREAD_SAFE=1 -DHAVE_PTHREAD_ATTR_SETSTACKSIZE=1 -DHAVE_PTHREAD_ATFORK=1 -DHAVE_DECL_PTHREAD_MUTEX_RECURSIVE=1 -DMODULE_SCOPE=extern\ __attribute__\(\(__visibility__\(\"hidden\"\)\)\) -DHAVE_HIDDEN=1 -DTCL_CFG_DO64BIT=1 -DHAVE_CAST_TO_UNION=1 -DHAVE_STDBOOL_H=1 -DHAVE_VFORK=1 -DHAVE_POSIX_SPAWNP=1 -DHAVE_POSIX_SPAWN_FILE_ACTIONS_ADDDUP2=1 -DHAVE_POSIX_SPAWNATTR_SETFLAGS=1 -DTCL_SHLIB_EXT=\".so\" -DNDEBUG=1 -DTCL_CFG_OPTIMIZED=1 -DMP_PREC=4 -D_LARGEFILE64_SOURCE=1 -DTCL_WIDE_INT_IS_LONG=1 -DHAVE_GETCWD=1 -DHAVE_MKSTEMP=1 -DHAVE_WAITPID=1 -DHAVE_GETNAMEINFO=1 -DHAVE_GETADDRINFO=1 -DHAVE_FREEADDRINFO=1 -DHAVE_GAI_STRERROR=1 -DHAVE_STRUCT_ADDRINFO=1 -DHAVE_STRUCT_IN6_ADDR=1 -DHAVE_STRUCT_SOCKADDR_IN6=1 -DHAVE_STRUCT_SOCKADDR_STORAGE=1 -DHAVE_GETPWUID_R_5=1 -DHAVE_GETPWUID_R=1 -DHAVE_GETPWNAM_R_5=1 -DHAVE_GETPWNAM_R=1 -DHAVE_GETGRGID_R_5=1 -DHAVE_GETGRGID_R=1 -DHAVE_GETGRNAM_R_5=1 -DHAVE_GETGRNAM_R=1 -DHAVE_DECL_GETHOSTBYNAME_R=1 -DHAVE_GETHOSTBYNAME_R_6=1 -DHAVE_GETHOSTBYNAME_R=1 -DHAVE_DECL_GETHOSTBYADDR_R=1 -DHAVE_GETHOSTBYADDR_R_8=1 -DHAVE_GETHOSTBYADDR_R=1 -DHAVE_TERMIOS_H=1 -DHAVE_SYS_IOCTL_H=1 -DHAVE_PSELECT=1 -DHAVE_SYS_EPOLL_H=1 -DNOTIFIER_EPOLL=1 -DHAVE_SYS_EVENTFD_H=1 -DHAVE_EVENTFD=1 -DHAVE_SYS_TIME_H=1 -DHAVE_GMTIME_R=1 -DHAVE_LOCALTIME_R=1 -DHAVE_TM_GMTOFF=1 -DHAVE_TIMEZONE_VAR=1 -DHAVE_STRUCT_STAT_ST_BLOCKS=1 -DHAVE_STRUCT_STAT_ST_BLKSIZE=1 -DHAVE_STRUCT_STAT_ST_RDEV=1 -DHAVE_BLKCNT_T=1 -DHAVE_INTPTR_T=1 -DHAVE_UINTPTR_T=1 -DNO_UNION_WAIT=1 -DHAVE_SIGNED_CHAR=1 -DHAVE_LANGINFO=1 -DHAVE_CFMAKERAW=1 -DHAVE_MKSTEMPS=1 -DHAVE_FTS=1 -DHAVE_SYS_IOCTL_H=1 -DTCL_UNLOAD_DLLS=1 -DHAVE_CPUID=1 -DZIPFS_BUILD=1    -DMP_FIXED_CUTOFFS -DBUILD_tcl /home/builder/build/src/tcl9.0.1/libtommath/bn_s_mp_karatsuba_sqr.c
clang -c -I"." -I/home/builder/build/src/tcl9.0.1/unix -I/home/builder/build/src/tcl9.0.1/generic -I/home/builder/build/src/tcl9.0.1/libtommath -O2 -march=x86-64-v3 -O2 -pipe -fno-plt -fexceptions         -Wp,-D_FORTIFY_SOURCE=3 -fstack-clash-protection -fcf-protection -pipe -m64 -finput-charset=UTF-8  -Wall -Wextra -Wshadow -Wundef -Wwrite-strings -Wpointer-arith -Wc++-compat -fextended-identifiers -fPIC -fno-common -DPACKAGE_NAME=\"tcl\" -DPACKAGE_TARNAME=\"tcl\" -DPACKAGE_VERSION=\"9.0\" -DPACKAGE_STRING=\"tcl\ 9.0\" -DPACKAGE_BUGREPORT=\"\" -DPACKAGE_URL=\"\" -DHAVE_STDIO_H=1 -DHAVE_STDLIB_H=1 -DHAVE_STRING_H=1 -DHAVE_INTTYPES_H=1 -DHAVE_STDINT_H=1 -DHAVE_STRINGS_H=1 -DHAVE_SYS_STAT_H=1 -DHAVE_SYS_TYPES_H=1 -DHAVE_UNISTD_H=1 -DHAVE_SYS_TIME_H=1 -DSTDC_HEADERS=1 -DHAVE_SYS_PARAM_H=1 -DTCL_CFGVAL_ENCODING=\"utf-8\" -D_REENTRANT=1 -D_THREAD_SAFE=1 -DHAVE_PTHREAD_ATTR_SETSTACKSIZE=1 -DHAVE_PTHREAD_ATFORK=1 -DHAVE_DECL_PTHREAD_MUTEX_RECURSIVE=1 -DMODULE_SCOPE=extern\ __attribute__\(\(__visibility__\(\"hidden\"\)\)\) -DHAVE_HIDDEN=1 -DTCL_CFG_DO64BIT=1 -DHAVE_CAST_TO_UNION=1 -DHAVE_STDBOOL_H=1 -DHAVE_VFORK=1 -DHAVE_POSIX_SPAWNP=1 -DHAVE_POSIX_SPAWN_FILE_ACTIONS_ADDDUP2=1 -DHAVE_POSIX_SPAWNATTR_SETFLAGS=1 -DTCL_SHLIB_EXT=\".so\" -DNDEBUG=1 -DTCL_CFG_OPTIMIZED=1 -DMP_PREC=4 -D_LARGEFILE64_SOURCE=1 -DTCL_WIDE_INT_IS_LONG=1 -DHAVE_GETCWD=1 -DHAVE_MKSTEMP=1 -DHAVE_WAITPID=1 -DHAVE_GETNAMEINFO=1 -DHAVE_GETADDRINFO=1 -DHAVE_FREEADDRINFO=1 -DHAVE_GAI_STRERROR=1 -DHAVE_STRUCT_ADDRINFO=1 -DHAVE_STRUCT_IN6_ADDR=1 -DHAVE_STRUCT_SOCKADDR_IN6=1 -DHAVE_STRUCT_SOCKADDR_STORAGE=1 -DHAVE_GETPWUID_R_5=1 -DHAVE_GETPWUID_R=1 -DHAVE_GETPWNAM_R_5=1 -DHAVE_GETPWNAM_R=1 -DHAVE_GETGRGID_R_5=1 -DHAVE_GETGRGID_R=1 -DHAVE_GETGRNAM_R_5=1 -DHAVE_GETGRNAM_R=1 -DHAVE_DECL_GETHOSTBYNAME_R=1 -DHAVE_GETHOSTBYNAME_R_6=1 -DHAVE_GETHOSTBYNAME_R=1 -DHAVE_DECL_GETHOSTBYADDR_R=1 -DHAVE_GETHOSTBYADDR_R_8=1 -DHAVE_GETHOSTBYADDR_R=1 -DHAVE_TERMIOS_H=1 -DHAVE_SYS_IOCTL_H=1 -DHAVE_PSELECT=1 -DHAVE_SYS_EPOLL_H=1 -DNOTIFIER_EPOLL=1 -DHAVE_SYS_EVENTFD_H=1 -DHAVE_EVENTFD=1 -DHAVE_SYS_TIME_H=1 -DHAVE_GMTIME_R=1 -DHAVE_LOCALTIME_R=1 -DHAVE_TM_GMTOFF=1 -DHAVE_TIMEZONE_VAR=1 -DHAVE_STRUCT_STAT_ST_BLOCKS=1 -DHAVE_STRUCT_STAT_ST_BLKSIZE=1 -DHAVE_STRUCT_STAT_ST_RDEV=1 -DHAVE_BLKCNT_T=1 -DHAVE_INTPTR_T=1 -DHAVE_UINTPTR_T=1 -DNO_UNION_WAIT=1 -DHAVE_SIGNED_CHAR=1 -DHAVE_LANGINFO=1 -DHAVE_CFMAKERAW=1 -DHAVE_MKSTEMPS=1 -DHAVE_FTS=1 -DHAVE_SYS_IOCTL_H=1 -DTCL_UNLOAD_DLLS=1 -DHAVE_CPUID=1 -DZIPFS_BUILD=1    -DMP_FIXED_CUTOFFS -DBUILD_tcl /home/builder/build/src/tcl9.0.1/libtommath/bn_s_mp_balance_mul.c
clang -c -I"." -I/home/builder/build/src/tcl9.0.1/unix -I/home/builder/build/src/tcl9.0.1/generic -I/home/builder/build/src/tcl9.0.1/libtommath -O2 -march=x86-64-v3 -O2 -pipe -fno-plt -fexceptions         -Wp,-D_FORTIFY_SOURCE=3 -fstack-clash-protection -fcf-protection -pipe -m64 -finput-charset=UTF-8  -Wall -Wextra -Wshadow -Wundef -Wwrite-strings -Wpointer-arith -Wc++-compat -fextended-identifiers -fPIC -fno-common -DPACKAGE_NAME=\"tcl\" -DPACKAGE_TARNAME=\"tcl\" -DPACKAGE_VERSION=\"9.0\" -DPACKAGE_STRING=\"tcl\ 9.0\" -DPACKAGE_BUGREPORT=\"\" -DPACKAGE_URL=\"\" -DHAVE_STDIO_H=1 -DHAVE_STDLIB_H=1 -DHAVE_STRING_H=1 -DHAVE_INTTYPES_H=1 -DHAVE_STDINT_H=1 -DHAVE_STRINGS_H=1 -DHAVE_SYS_STAT_H=1 -DHAVE_SYS_TYPES_H=1 -DHAVE_UNISTD_H=1 -DHAVE_SYS_TIME_H=1 -DSTDC_HEADERS=1 -DHAVE_SYS_PARAM_H=1 -DTCL_CFGVAL_ENCODING=\"utf-8\" -D_REENTRANT=1 -D_THREAD_SAFE=1 -DHAVE_PTHREAD_ATTR_SETSTACKSIZE=1 -DHAVE_PTHREAD_ATFORK=1 -DHAVE_DECL_PTHREAD_MUTEX_RECURSIVE=1 -DMODULE_SCOPE=extern\ __attribute__\(\(__visibility__\(\"hidden\"\)\)\) -DHAVE_HIDDEN=1 -DTCL_CFG_DO64BIT=1 -DHAVE_CAST_TO_UNION=1 -DHAVE_STDBOOL_H=1 -DHAVE_VFORK=1 -DHAVE_POSIX_SPAWNP=1 -DHAVE_POSIX_SPAWN_FILE_ACTIONS_ADDDUP2=1 -DHAVE_POSIX_SPAWNATTR_SETFLAGS=1 -DTCL_SHLIB_EXT=\".so\" -DNDEBUG=1 -DTCL_CFG_OPTIMIZED=1 -DMP_PREC=4 -D_LARGEFILE64_SOURCE=1 -DTCL_WIDE_INT_IS_LONG=1 -DHAVE_GETCWD=1 -DHAVE_MKSTEMP=1 -DHAVE_WAITPID=1 -DHAVE_GETNAMEINFO=1 -DHAVE_GETADDRINFO=1 -DHAVE_FREEADDRINFO=1 -DHAVE_GAI_STRERROR=1 -DHAVE_STRUCT_ADDRINFO=1 -DHAVE_STRUCT_IN6_ADDR=1 -DHAVE_STRUCT_SOCKADDR_IN6=1 -DHAVE_STRUCT_SOCKADDR_STORAGE=1 -DHAVE_GETPWUID_R_5=1 -DHAVE_GETPWUID_R=1 -DHAVE_GETPWNAM_R_5=1 -DHAVE_GETPWNAM_R=1 -DHAVE_GETGRGID_R_5=1 -DHAVE_GETGRGID_R=1 -DHAVE_GETGRNAM_R_5=1 -DHAVE_GETGRNAM_R=1 -DHAVE_DECL_GETHOSTBYNAME_R=1 -DHAVE_GETHOSTBYNAME_R_6=1 -DHAVE_GETHOSTBYNAME_R=1 -DHAVE_DECL_GETHOSTBYADDR_R=1 -DHAVE_GETHOSTBYADDR_R_8=1 -DHAVE_GETHOSTBYADDR_R=1 -DHAVE_TERMIOS_H=1 -DHAVE_SYS_IOCTL_H=1 -DHAVE_PSELECT=1 -DHAVE_SYS_EPOLL_H=1 -DNOTIFIER_EPOLL=1 -DHAVE_SYS_EVENTFD_H=1 -DHAVE_EVENTFD=1 -DHAVE_SYS_TIME_H=1 -DHAVE_GMTIME_R=1 -DHAVE_LOCALTIME_R=1 -DHAVE_TM_GMTOFF=1 -DHAVE_TIMEZONE_VAR=1 -DHAVE_STRUCT_STAT_ST_BLOCKS=1 -DHAVE_STRUCT_STAT_ST_BLKSIZE=1 -DHAVE_STRUCT_STAT_ST_RDEV=1 -DHAVE_BLKCNT_T=1 -DHAVE_INTPTR_T=1 -DHAVE_UINTPTR_T=1 -DNO_UNION_WAIT=1 -DHAVE_SIGNED_CHAR=1 -DHAVE_LANGINFO=1 -DHAVE_CFMAKERAW=1 -DHAVE_MKSTEMPS=1 -DHAVE_FTS=1 -DHAVE_SYS_IOCTL_H=1 -DTCL_UNLOAD_DLLS=1 -DHAVE_CPUID=1 -DZIPFS_BUILD=1    -DMP_FIXED_CUTOFFS -DBUILD_tcl /home/builder/build/src/tcl9.0.1/libtommath/bn_mp_lshd.c
clang -c -I"." -I/home/builder/build/src/tcl9.0.1/unix -I/home/builder/build/src/tcl9.0.1/generic -I/home/builder/build/src/tcl9.0.1/libtommath -O2 -march=x86-64-v3 -O2 -pipe -fno-plt -fexceptions         -Wp,-D_FORTIFY_SOURCE=3 -fstack-clash-protection -fcf-protection -pipe -m64 -finput-charset=UTF-8  -Wall -Wextra -Wshadow -Wundef -Wwrite-strings -Wpointer-arith -Wc++-compat -fextended-identifiers -fPIC -fno-common -DPACKAGE_NAME=\"tcl\" -DPACKAGE_TARNAME=\"tcl\" -DPACKAGE_VERSION=\"9.0\" -DPACKAGE_STRING=\"tcl\ 9.0\" -DPACKAGE_BUGREPORT=\"\" -DPACKAGE_URL=\"\" -DHAVE_STDIO_H=1 -DHAVE_STDLIB_H=1 -DHAVE_STRING_H=1 -DHAVE_INTTYPES_H=1 -DHAVE_STDINT_H=1 -DHAVE_STRINGS_H=1 -DHAVE_SYS_STAT_H=1 -DHAVE_SYS_TYPES_H=1 -DHAVE_UNISTD_H=1 -DHAVE_SYS_TIME_H=1 -DSTDC_HEADERS=1 -DHAVE_SYS_PARAM_H=1 -DTCL_CFGVAL_ENCODING=\"utf-8\" -D_REENTRANT=1 -D_THREAD_SAFE=1 -DHAVE_PTHREAD_ATTR_SETSTACKSIZE=1 -DHAVE_PTHREAD_ATFORK=1 -DHAVE_DECL_PTHREAD_MUTEX_RECURSIVE=1 -DMODULE_SCOPE=extern\ __attribute__\(\(__visibility__\(\"hidden\"\)\)\) -DHAVE_HIDDEN=1 -DTCL_CFG_DO64BIT=1 -DHAVE_CAST_TO_UNION=1 -DHAVE_STDBOOL_H=1 -DHAVE_VFORK=1 -DHAVE_POSIX_SPAWNP=1 -DHAVE_POSIX_SPAWN_FILE_ACTIONS_ADDDUP2=1 -DHAVE_POSIX_SPAWNATTR_SETFLAGS=1 -DTCL_SHLIB_EXT=\".so\" -DNDEBUG=1 -DTCL_CFG_OPTIMIZED=1 -DMP_PREC=4 -D_LARGEFILE64_SOURCE=1 -DTCL_WIDE_INT_IS_LONG=1 -DHAVE_GETCWD=1 -DHAVE_MKSTEMP=1 -DHAVE_WAITPID=1 -DHAVE_GETNAMEINFO=1 -DHAVE_GETADDRINFO=1 -DHAVE_FREEADDRINFO=1 -DHAVE_GAI_STRERROR=1 -DHAVE_STRUCT_ADDRINFO=1 -DHAVE_STRUCT_IN6_ADDR=1 -DHAVE_STRUCT_SOCKADDR_IN6=1 -DHAVE_STRUCT_SOCKADDR_STORAGE=1 -DHAVE_GETPWUID_R_5=1 -DHAVE_GETPWUID_R=1 -DHAVE_GETPWNAM_R_5=1 -DHAVE_GETPWNAM_R=1 -DHAVE_GETGRGID_R_5=1 -DHAVE_GETGRGID_R=1 -DHAVE_GETGRNAM_R_5=1 -DHAVE_GETGRNAM_R=1 -DHAVE_DECL_GETHOSTBYNAME_R=1 -DHAVE_GETHOSTBYNAME_R_6=1 -DHAVE_GETHOSTBYNAME_R=1 -DHAVE_DECL_GETHOSTBYADDR_R=1 -DHAVE_GETHOSTBYADDR_R_8=1 -DHAVE_GETHOSTBYADDR_R=1 -DHAVE_TERMIOS_H=1 -DHAVE_SYS_IOCTL_H=1 -DHAVE_PSELECT=1 -DHAVE_SYS_EPOLL_H=1 -DNOTIFIER_EPOLL=1 -DHAVE_SYS_EVENTFD_H=1 -DHAVE_EVENTFD=1 -DHAVE_SYS_TIME_H=1 -DHAVE_GMTIME_R=1 -DHAVE_LOCALTIME_R=1 -DHAVE_TM_GMTOFF=1 -DHAVE_TIMEZONE_VAR=1 -DHAVE_STRUCT_STAT_ST_BLOCKS=1 -DHAVE_STRUCT_STAT_ST_BLKSIZE=1 -DHAVE_STRUCT_STAT_ST_RDEV=1 -DHAVE_BLKCNT_T=1 -DHAVE_INTPTR_T=1 -DHAVE_UINTPTR_T=1 -DNO_UNION_WAIT=1 -DHAVE_SIGNED_CHAR=1 -DHAVE_LANGINFO=1 -DHAVE_CFMAKERAW=1 -DHAVE_MKSTEMPS=1 -DHAVE_FTS=1 -DHAVE_SYS_IOCTL_H=1 -DTCL_UNLOAD_DLLS=1 -DHAVE_CPUID=1 -DZIPFS_BUILD=1    -DMP_FIXED_CUTOFFS -DBUILD_tcl /home/builder/build/src/tcl9.0.1/libtommath/bn_mp_mod.c
clang -c -I"." -I/home/builder/build/src/tcl9.0.1/unix -I/home/builder/build/src/tcl9.0.1/generic -I/home/builder/build/src/tcl9.0.1/libtommath -O2 -march=x86-64-v3 -O2 -pipe -fno-plt -fexceptions         -Wp,-D_FORTIFY_SOURCE=3 -fstack-clash-protection -fcf-protection -pipe -m64 -finput-charset=UTF-8  -Wall -Wextra -Wshadow -Wundef -Wwrite-strings -Wpointer-arith -Wc++-compat -fextended-identifiers -fPIC -fno-common -DPACKAGE_NAME=\"tcl\" -DPACKAGE_TARNAME=\"tcl\" -DPACKAGE_VERSION=\"9.0\" -DPACKAGE_STRING=\"tcl\ 9.0\" -DPACKAGE_BUGREPORT=\"\" -DPACKAGE_URL=\"\" -DHAVE_STDIO_H=1 -DHAVE_STDLIB_H=1 -DHAVE_STRING_H=1 -DHAVE_INTTYPES_H=1 -DHAVE_STDINT_H=1 -DHAVE_STRINGS_H=1 -DHAVE_SYS_STAT_H=1 -DHAVE_SYS_TYPES_H=1 -DHAVE_UNISTD_H=1 -DHAVE_SYS_TIME_H=1 -DSTDC_HEADERS=1 -DHAVE_SYS_PARAM_H=1 -DTCL_CFGVAL_ENCODING=\"utf-8\" -D_REENTRANT=1 -D_THREAD_SAFE=1 -DHAVE_PTHREAD_ATTR_SETSTACKSIZE=1 -DHAVE_PTHREAD_ATFORK=1 -DHAVE_DECL_PTHREAD_MUTEX_RECURSIVE=1 -DMODULE_SCOPE=extern\ __attribute__\(\(__visibility__\(\"hidden\"\)\)\) -DHAVE_HIDDEN=1 -DTCL_CFG_DO64BIT=1 -DHAVE_CAST_TO_UNION=1 -DHAVE_STDBOOL_H=1 -DHAVE_VFORK=1 -DHAVE_POSIX_SPAWNP=1 -DHAVE_POSIX_SPAWN_FILE_ACTIONS_ADDDUP2=1 -DHAVE_POSIX_SPAWNATTR_SETFLAGS=1 -DTCL_SHLIB_EXT=\".so\" -DNDEBUG=1 -DTCL_CFG_OPTIMIZED=1 -DMP_PREC=4 -D_LARGEFILE64_SOURCE=1 -DTCL_WIDE_INT_IS_LONG=1 -DHAVE_GETCWD=1 -DHAVE_MKSTEMP=1 -DHAVE_WAITPID=1 -DHAVE_GETNAMEINFO=1 -DHAVE_GETADDRINFO=1 -DHAVE_FREEADDRINFO=1 -DHAVE_GAI_STRERROR=1 -DHAVE_STRUCT_ADDRINFO=1 -DHAVE_STRUCT_IN6_ADDR=1 -DHAVE_STRUCT_SOCKADDR_IN6=1 -DHAVE_STRUCT_SOCKADDR_STORAGE=1 -DHAVE_GETPWUID_R_5=1 -DHAVE_GETPWUID_R=1 -DHAVE_GETPWNAM_R_5=1 -DHAVE_GETPWNAM_R=1 -DHAVE_GETGRGID_R_5=1 -DHAVE_GETGRGID_R=1 -DHAVE_GETGRNAM_R_5=1 -DHAVE_GETGRNAM_R=1 -DHAVE_DECL_GETHOSTBYNAME_R=1 -DHAVE_GETHOSTBYNAME_R_6=1 -DHAVE_GETHOSTBYNAME_R=1 -DHAVE_DECL_GETHOSTBYADDR_R=1 -DHAVE_GETHOSTBYADDR_R_8=1 -DHAVE_GETHOSTBYADDR_R=1 -DHAVE_TERMIOS_H=1 -DHAVE_SYS_IOCTL_H=1 -DHAVE_PSELECT=1 -DHAVE_SYS_EPOLL_H=1 -DNOTIFIER_EPOLL=1 -DHAVE_SYS_EVENTFD_H=1 -DHAVE_EVENTFD=1 -DHAVE_SYS_TIME_H=1 -DHAVE_GMTIME_R=1 -DHAVE_LOCALTIME_R=1 -DHAVE_TM_GMTOFF=1 -DHAVE_TIMEZONE_VAR=1 -DHAVE_STRUCT_STAT_ST_BLOCKS=1 -DHAVE_STRUCT_STAT_ST_BLKSIZE=1 -DHAVE_STRUCT_STAT_ST_RDEV=1 -DHAVE_BLKCNT_T=1 -DHAVE_INTPTR_T=1 -DHAVE_UINTPTR_T=1 -DNO_UNION_WAIT=1 -DHAVE_SIGNED_CHAR=1 -DHAVE_LANGINFO=1 -DHAVE_CFMAKERAW=1 -DHAVE_MKSTEMPS=1 -DHAVE_FTS=1 -DHAVE_SYS_IOCTL_H=1 -DTCL_UNLOAD_DLLS=1 -DHAVE_CPUID=1 -DZIPFS_BUILD=1    -DMP_FIXED_CUTOFFS -DBUILD_tcl /home/builder/build/src/tcl9.0.1/libtommath/bn_mp_mod_2d.c
clang -c -I"." -I/home/builder/build/src/tcl9.0.1/unix -I/home/builder/build/src/tcl9.0.1/generic -I/home/builder/build/src/tcl9.0.1/libtommath -O2 -march=x86-64-v3 -O2 -pipe -fno-plt -fexceptions         -Wp,-D_FORTIFY_SOURCE=3 -fstack-clash-protection -fcf-protection -pipe -m64 -finput-charset=UTF-8  -Wall -Wextra -Wshadow -Wundef -Wwrite-strings -Wpointer-arith -Wc++-compat -fextended-identifiers -fPIC -fno-common -DPACKAGE_NAME=\"tcl\" -DPACKAGE_TARNAME=\"tcl\" -DPACKAGE_VERSION=\"9.0\" -DPACKAGE_STRING=\"tcl\ 9.0\" -DPACKAGE_BUGREPORT=\"\" -DPACKAGE_URL=\"\" -DHAVE_STDIO_H=1 -DHAVE_STDLIB_H=1 -DHAVE_STRING_H=1 -DHAVE_INTTYPES_H=1 -DHAVE_STDINT_H=1 -DHAVE_STRINGS_H=1 -DHAVE_SYS_STAT_H=1 -DHAVE_SYS_TYPES_H=1 -DHAVE_UNISTD_H=1 -DHAVE_SYS_TIME_H=1 -DSTDC_HEADERS=1 -DHAVE_SYS_PARAM_H=1 -DTCL_CFGVAL_ENCODING=\"utf-8\" -D_REENTRANT=1 -D_THREAD_SAFE=1 -DHAVE_PTHREAD_ATTR_SETSTACKSIZE=1 -DHAVE_PTHREAD_ATFORK=1 -DHAVE_DECL_PTHREAD_MUTEX_RECURSIVE=1 -DMODULE_SCOPE=extern\ __attribute__\(\(__visibility__\(\"hidden\"\)\)\) -DHAVE_HIDDEN=1 -DTCL_CFG_DO64BIT=1 -DHAVE_CAST_TO_UNION=1 -DHAVE_STDBOOL_H=1 -DHAVE_VFORK=1 -DHAVE_POSIX_SPAWNP=1 -DHAVE_POSIX_SPAWN_FILE_ACTIONS_ADDDUP2=1 -DHAVE_POSIX_SPAWNATTR_SETFLAGS=1 -DTCL_SHLIB_EXT=\".so\" -DNDEBUG=1 -DTCL_CFG_OPTIMIZED=1 -DMP_PREC=4 -D_LARGEFILE64_SOURCE=1 -DTCL_WIDE_INT_IS_LONG=1 -DHAVE_GETCWD=1 -DHAVE_MKSTEMP=1 -DHAVE_WAITPID=1 -DHAVE_GETNAMEINFO=1 -DHAVE_GETADDRINFO=1 -DHAVE_FREEADDRINFO=1 -DHAVE_GAI_STRERROR=1 -DHAVE_STRUCT_ADDRINFO=1 -DHAVE_STRUCT_IN6_ADDR=1 -DHAVE_STRUCT_SOCKADDR_IN6=1 -DHAVE_STRUCT_SOCKADDR_STORAGE=1 -DHAVE_GETPWUID_R_5=1 -DHAVE_GETPWUID_R=1 -DHAVE_GETPWNAM_R_5=1 -DHAVE_GETPWNAM_R=1 -DHAVE_GETGRGID_R_5=1 -DHAVE_GETGRGID_R=1 -DHAVE_GETGRNAM_R_5=1 -DHAVE_GETGRNAM_R=1 -DHAVE_DECL_GETHOSTBYNAME_R=1 -DHAVE_GETHOSTBYNAME_R_6=1 -DHAVE_GETHOSTBYNAME_R=1 -DHAVE_DECL_GETHOSTBYADDR_R=1 -DHAVE_GETHOSTBYADDR_R_8=1 -DHAVE_GETHOSTBYADDR_R=1 -DHAVE_TERMIOS_H=1 -DHAVE_SYS_IOCTL_H=1 -DHAVE_PSELECT=1 -DHAVE_SYS_EPOLL_H=1 -DNOTIFIER_EPOLL=1 -DHAVE_SYS_EVENTFD_H=1 -DHAVE_EVENTFD=1 -DHAVE_SYS_TIME_H=1 -DHAVE_GMTIME_R=1 -DHAVE_LOCALTIME_R=1 -DHAVE_TM_GMTOFF=1 -DHAVE_TIMEZONE_VAR=1 -DHAVE_STRUCT_STAT_ST_BLOCKS=1 -DHAVE_STRUCT_STAT_ST_BLKSIZE=1 -DHAVE_STRUCT_STAT_ST_RDEV=1 -DHAVE_BLKCNT_T=1 -DHAVE_INTPTR_T=1 -DHAVE_UINTPTR_T=1 -DNO_UNION_WAIT=1 -DHAVE_SIGNED_CHAR=1 -DHAVE_LANGINFO=1 -DHAVE_CFMAKERAW=1 -DHAVE_MKSTEMPS=1 -DHAVE_FTS=1 -DHAVE_SYS_IOCTL_H=1 -DTCL_UNLOAD_DLLS=1 -DHAVE_CPUID=1 -DZIPFS_BUILD=1    -DMP_FIXED_CUTOFFS -DBUILD_tcl /home/builder/build/src/tcl9.0.1/libtommath/bn_mp_mul.c
clang -c -I"." -I/home/builder/build/src/tcl9.0.1/unix -I/home/builder/build/src/tcl9.0.1/generic -I/home/builder/build/src/tcl9.0.1/libtommath -O2 -march=x86-64-v3 -O2 -pipe -fno-plt -fexceptions         -Wp,-D_FORTIFY_SOURCE=3 -fstack-clash-protection -fcf-protection -pipe -m64 -finput-charset=UTF-8  -Wall -Wextra -Wshadow -Wundef -Wwrite-strings -Wpointer-arith -Wc++-compat -fextended-identifiers -fPIC -fno-common -DPACKAGE_NAME=\"tcl\" -DPACKAGE_TARNAME=\"tcl\" -DPACKAGE_VERSION=\"9.0\" -DPACKAGE_STRING=\"tcl\ 9.0\" -DPACKAGE_BUGREPORT=\"\" -DPACKAGE_URL=\"\" -DHAVE_STDIO_H=1 -DHAVE_STDLIB_H=1 -DHAVE_STRING_H=1 -DHAVE_INTTYPES_H=1 -DHAVE_STDINT_H=1 -DHAVE_STRINGS_H=1 -DHAVE_SYS_STAT_H=1 -DHAVE_SYS_TYPES_H=1 -DHAVE_UNISTD_H=1 -DHAVE_SYS_TIME_H=1 -DSTDC_HEADERS=1 -DHAVE_SYS_PARAM_H=1 -DTCL_CFGVAL_ENCODING=\"utf-8\" -D_REENTRANT=1 -D_THREAD_SAFE=1 -DHAVE_PTHREAD_ATTR_SETSTACKSIZE=1 -DHAVE_PTHREAD_ATFORK=1 -DHAVE_DECL_PTHREAD_MUTEX_RECURSIVE=1 -DMODULE_SCOPE=extern\ __attribute__\(\(__visibility__\(\"hidden\"\)\)\) -DHAVE_HIDDEN=1 -DTCL_CFG_DO64BIT=1 -DHAVE_CAST_TO_UNION=1 -DHAVE_STDBOOL_H=1 -DHAVE_VFORK=1 -DHAVE_POSIX_SPAWNP=1 -DHAVE_POSIX_SPAWN_FILE_ACTIONS_ADDDUP2=1 -DHAVE_POSIX_SPAWNATTR_SETFLAGS=1 -DTCL_SHLIB_EXT=\".so\" -DNDEBUG=1 -DTCL_CFG_OPTIMIZED=1 -DMP_PREC=4 -D_LARGEFILE64_SOURCE=1 -DTCL_WIDE_INT_IS_LONG=1 -DHAVE_GETCWD=1 -DHAVE_MKSTEMP=1 -DHAVE_WAITPID=1 -DHAVE_GETNAMEINFO=1 -DHAVE_GETADDRINFO=1 -DHAVE_FREEADDRINFO=1 -DHAVE_GAI_STRERROR=1 -DHAVE_STRUCT_ADDRINFO=1 -DHAVE_STRUCT_IN6_ADDR=1 -DHAVE_STRUCT_SOCKADDR_IN6=1 -DHAVE_STRUCT_SOCKADDR_STORAGE=1 -DHAVE_GETPWUID_R_5=1 -DHAVE_GETPWUID_R=1 -DHAVE_GETPWNAM_R_5=1 -DHAVE_GETPWNAM_R=1 -DHAVE_GETGRGID_R_5=1 -DHAVE_GETGRGID_R=1 -DHAVE_GETGRNAM_R_5=1 -DHAVE_GETGRNAM_R=1 -DHAVE_DECL_GETHOSTBYNAME_R=1 -DHAVE_GETHOSTBYNAME_R_6=1 -DHAVE_GETHOSTBYNAME_R=1 -DHAVE_DECL_GETHOSTBYADDR_R=1 -DHAVE_GETHOSTBYADDR_R_8=1 -DHAVE_GETHOSTBYADDR_R=1 -DHAVE_TERMIOS_H=1 -DHAVE_SYS_IOCTL_H=1 -DHAVE_PSELECT=1 -DHAVE_SYS_EPOLL_H=1 -DNOTIFIER_EPOLL=1 -DHAVE_SYS_EVENTFD_H=1 -DHAVE_EVENTFD=1 -DHAVE_SYS_TIME_H=1 -DHAVE_GMTIME_R=1 -DHAVE_LOCALTIME_R=1 -DHAVE_TM_GMTOFF=1 -DHAVE_TIMEZONE_VAR=1 -DHAVE_STRUCT_STAT_ST_BLOCKS=1 -DHAVE_STRUCT_STAT_ST_BLKSIZE=1 -DHAVE_STRUCT_STAT_ST_RDEV=1 -DHAVE_BLKCNT_T=1 -DHAVE_INTPTR_T=1 -DHAVE_UINTPTR_T=1 -DNO_UNION_WAIT=1 -DHAVE_SIGNED_CHAR=1 -DHAVE_LANGINFO=1 -DHAVE_CFMAKERAW=1 -DHAVE_MKSTEMPS=1 -DHAVE_FTS=1 -DHAVE_SYS_IOCTL_H=1 -DTCL_UNLOAD_DLLS=1 -DHAVE_CPUID=1 -DZIPFS_BUILD=1    -DMP_FIXED_CUTOFFS -DBUILD_tcl /home/builder/build/src/tcl9.0.1/libtommath/bn_mp_mul_2.c
clang -c -I"." -I/home/builder/build/src/tcl9.0.1/unix -I/home/builder/build/src/tcl9.0.1/generic -I/home/builder/build/src/tcl9.0.1/libtommath -O2 -march=x86-64-v3 -O2 -pipe -fno-plt -fexceptions         -Wp,-D_FORTIFY_SOURCE=3 -fstack-clash-protection -fcf-protection -pipe -m64 -finput-charset=UTF-8  -Wall -Wextra -Wshadow -Wundef -Wwrite-strings -Wpointer-arith -Wc++-compat -fextended-identifiers -fPIC -fno-common -DPACKAGE_NAME=\"tcl\" -DPACKAGE_TARNAME=\"tcl\" -DPACKAGE_VERSION=\"9.0\" -DPACKAGE_STRING=\"tcl\ 9.0\" -DPACKAGE_BUGREPORT=\"\" -DPACKAGE_URL=\"\" -DHAVE_STDIO_H=1 -DHAVE_STDLIB_H=1 -DHAVE_STRING_H=1 -DHAVE_INTTYPES_H=1 -DHAVE_STDINT_H=1 -DHAVE_STRINGS_H=1 -DHAVE_SYS_STAT_H=1 -DHAVE_SYS_TYPES_H=1 -DHAVE_UNISTD_H=1 -DHAVE_SYS_TIME_H=1 -DSTDC_HEADERS=1 -DHAVE_SYS_PARAM_H=1 -DTCL_CFGVAL_ENCODING=\"utf-8\" -D_REENTRANT=1 -D_THREAD_SAFE=1 -DHAVE_PTHREAD_ATTR_SETSTACKSIZE=1 -DHAVE_PTHREAD_ATFORK=1 -DHAVE_DECL_PTHREAD_MUTEX_RECURSIVE=1 -DMODULE_SCOPE=extern\ __attribute__\(\(__visibility__\(\"hidden\"\)\)\) -DHAVE_HIDDEN=1 -DTCL_CFG_DO64BIT=1 -DHAVE_CAST_TO_UNION=1 -DHAVE_STDBOOL_H=1 -DHAVE_VFORK=1 -DHAVE_POSIX_SPAWNP=1 -DHAVE_POSIX_SPAWN_FILE_ACTIONS_ADDDUP2=1 -DHAVE_POSIX_SPAWNATTR_SETFLAGS=1 -DTCL_SHLIB_EXT=\".so\" -DNDEBUG=1 -DTCL_CFG_OPTIMIZED=1 -DMP_PREC=4 -D_LARGEFILE64_SOURCE=1 -DTCL_WIDE_INT_IS_LONG=1 -DHAVE_GETCWD=1 -DHAVE_MKSTEMP=1 -DHAVE_WAITPID=1 -DHAVE_GETNAMEINFO=1 -DHAVE_GETADDRINFO=1 -DHAVE_FREEADDRINFO=1 -DHAVE_GAI_STRERROR=1 -DHAVE_STRUCT_ADDRINFO=1 -DHAVE_STRUCT_IN6_ADDR=1 -DHAVE_STRUCT_SOCKADDR_IN6=1 -DHAVE_STRUCT_SOCKADDR_STORAGE=1 -DHAVE_GETPWUID_R_5=1 -DHAVE_GETPWUID_R=1 -DHAVE_GETPWNAM_R_5=1 -DHAVE_GETPWNAM_R=1 -DHAVE_GETGRGID_R_5=1 -DHAVE_GETGRGID_R=1 -DHAVE_GETGRNAM_R_5=1 -DHAVE_GETGRNAM_R=1 -DHAVE_DECL_GETHOSTBYNAME_R=1 -DHAVE_GETHOSTBYNAME_R_6=1 -DHAVE_GETHOSTBYNAME_R=1 -DHAVE_DECL_GETHOSTBYADDR_R=1 -DHAVE_GETHOSTBYADDR_R_8=1 -DHAVE_GETHOSTBYADDR_R=1 -DHAVE_TERMIOS_H=1 -DHAVE_SYS_IOCTL_H=1 -DHAVE_PSELECT=1 -DHAVE_SYS_EPOLL_H=1 -DNOTIFIER_EPOLL=1 -DHAVE_SYS_EVENTFD_H=1 -DHAVE_EVENTFD=1 -DHAVE_SYS_TIME_H=1 -DHAVE_GMTIME_R=1 -DHAVE_LOCALTIME_R=1 -DHAVE_TM_GMTOFF=1 -DHAVE_TIMEZONE_VAR=1 -DHAVE_STRUCT_STAT_ST_BLOCKS=1 -DHAVE_STRUCT_STAT_ST_BLKSIZE=1 -DHAVE_STRUCT_STAT_ST_RDEV=1 -DHAVE_BLKCNT_T=1 -DHAVE_INTPTR_T=1 -DHAVE_UINTPTR_T=1 -DNO_UNION_WAIT=1 -DHAVE_SIGNED_CHAR=1 -DHAVE_LANGINFO=1 -DHAVE_CFMAKERAW=1 -DHAVE_MKSTEMPS=1 -DHAVE_FTS=1 -DHAVE_SYS_IOCTL_H=1 -DTCL_UNLOAD_DLLS=1 -DHAVE_CPUID=1 -DZIPFS_BUILD=1    -DMP_FIXED_CUTOFFS -DBUILD_tcl /home/builder/build/src/tcl9.0.1/libtommath/bn_mp_mul_2d.c
clang -c -I"." -I/home/builder/build/src/tcl9.0.1/unix -I/home/builder/build/src/tcl9.0.1/generic -I/home/builder/build/src/tcl9.0.1/libtommath -O2 -march=x86-64-v3 -O2 -pipe -fno-plt -fexceptions         -Wp,-D_FORTIFY_SOURCE=3 -fstack-clash-protection -fcf-protection -pipe -m64 -finput-charset=UTF-8  -Wall -Wextra -Wshadow -Wundef -Wwrite-strings -Wpointer-arith -Wc++-compat -fextended-identifiers -fPIC -fno-common -DPACKAGE_NAME=\"tcl\" -DPACKAGE_TARNAME=\"tcl\" -DPACKAGE_VERSION=\"9.0\" -DPACKAGE_STRING=\"tcl\ 9.0\" -DPACKAGE_BUGREPORT=\"\" -DPACKAGE_URL=\"\" -DHAVE_STDIO_H=1 -DHAVE_STDLIB_H=1 -DHAVE_STRING_H=1 -DHAVE_INTTYPES_H=1 -DHAVE_STDINT_H=1 -DHAVE_STRINGS_H=1 -DHAVE_SYS_STAT_H=1 -DHAVE_SYS_TYPES_H=1 -DHAVE_UNISTD_H=1 -DHAVE_SYS_TIME_H=1 -DSTDC_HEADERS=1 -DHAVE_SYS_PARAM_H=1 -DTCL_CFGVAL_ENCODING=\"utf-8\" -D_REENTRANT=1 -D_THREAD_SAFE=1 -DHAVE_PTHREAD_ATTR_SETSTACKSIZE=1 -DHAVE_PTHREAD_ATFORK=1 -DHAVE_DECL_PTHREAD_MUTEX_RECURSIVE=1 -DMODULE_SCOPE=extern\ __attribute__\(\(__visibility__\(\"hidden\"\)\)\) -DHAVE_HIDDEN=1 -DTCL_CFG_DO64BIT=1 -DHAVE_CAST_TO_UNION=1 -DHAVE_STDBOOL_H=1 -DHAVE_VFORK=1 -DHAVE_POSIX_SPAWNP=1 -DHAVE_POSIX_SPAWN_FILE_ACTIONS_ADDDUP2=1 -DHAVE_POSIX_SPAWNATTR_SETFLAGS=1 -DTCL_SHLIB_EXT=\".so\" -DNDEBUG=1 -DTCL_CFG_OPTIMIZED=1 -DMP_PREC=4 -D_LARGEFILE64_SOURCE=1 -DTCL_WIDE_INT_IS_LONG=1 -DHAVE_GETCWD=1 -DHAVE_MKSTEMP=1 -DHAVE_WAITPID=1 -DHAVE_GETNAMEINFO=1 -DHAVE_GETADDRINFO=1 -DHAVE_FREEADDRINFO=1 -DHAVE_GAI_STRERROR=1 -DHAVE_STRUCT_ADDRINFO=1 -DHAVE_STRUCT_IN6_ADDR=1 -DHAVE_STRUCT_SOCKADDR_IN6=1 -DHAVE_STRUCT_SOCKADDR_STORAGE=1 -DHAVE_GETPWUID_R_5=1 -DHAVE_GETPWUID_R=1 -DHAVE_GETPWNAM_R_5=1 -DHAVE_GETPWNAM_R=1 -DHAVE_GETGRGID_R_5=1 -DHAVE_GETGRGID_R=1 -DHAVE_GETGRNAM_R_5=1 -DHAVE_GETGRNAM_R=1 -DHAVE_DECL_GETHOSTBYNAME_R=1 -DHAVE_GETHOSTBYNAME_R_6=1 -DHAVE_GETHOSTBYNAME_R=1 -DHAVE_DECL_GETHOSTBYADDR_R=1 -DHAVE_GETHOSTBYADDR_R_8=1 -DHAVE_GETHOSTBYADDR_R=1 -DHAVE_TERMIOS_H=1 -DHAVE_SYS_IOCTL_H=1 -DHAVE_PSELECT=1 -DHAVE_SYS_EPOLL_H=1 -DNOTIFIER_EPOLL=1 -DHAVE_SYS_EVENTFD_H=1 -DHAVE_EVENTFD=1 -DHAVE_SYS_TIME_H=1 -DHAVE_GMTIME_R=1 -DHAVE_LOCALTIME_R=1 -DHAVE_TM_GMTOFF=1 -DHAVE_TIMEZONE_VAR=1 -DHAVE_STRUCT_STAT_ST_BLOCKS=1 -DHAVE_STRUCT_STAT_ST_BLKSIZE=1 -DHAVE_STRUCT_STAT_ST_RDEV=1 -DHAVE_BLKCNT_T=1 -DHAVE_INTPTR_T=1 -DHAVE_UINTPTR_T=1 -DNO_UNION_WAIT=1 -DHAVE_SIGNED_CHAR=1 -DHAVE_LANGINFO=1 -DHAVE_CFMAKERAW=1 -DHAVE_MKSTEMPS=1 -DHAVE_FTS=1 -DHAVE_SYS_IOCTL_H=1 -DTCL_UNLOAD_DLLS=1 -DHAVE_CPUID=1 -DZIPFS_BUILD=1    -DMP_FIXED_CUTOFFS -DBUILD_tcl /home/builder/build/src/tcl9.0.1/libtommath/bn_mp_mul_d.c
clang -c -I"." -I/home/builder/build/src/tcl9.0.1/unix -I/home/builder/build/src/tcl9.0.1/generic -I/home/builder/build/src/tcl9.0.1/libtommath -O2 -march=x86-64-v3 -O2 -pipe -fno-plt -fexceptions         -Wp,-D_FORTIFY_SOURCE=3 -fstack-clash-protection -fcf-protection -pipe -m64 -finput-charset=UTF-8  -Wall -Wextra -Wshadow -Wundef -Wwrite-strings -Wpointer-arith -Wc++-compat -fextended-identifiers -fPIC -fno-common -DPACKAGE_NAME=\"tcl\" -DPACKAGE_TARNAME=\"tcl\" -DPACKAGE_VERSION=\"9.0\" -DPACKAGE_STRING=\"tcl\ 9.0\" -DPACKAGE_BUGREPORT=\"\" -DPACKAGE_URL=\"\" -DHAVE_STDIO_H=1 -DHAVE_STDLIB_H=1 -DHAVE_STRING_H=1 -DHAVE_INTTYPES_H=1 -DHAVE_STDINT_H=1 -DHAVE_STRINGS_H=1 -DHAVE_SYS_STAT_H=1 -DHAVE_SYS_TYPES_H=1 -DHAVE_UNISTD_H=1 -DHAVE_SYS_TIME_H=1 -DSTDC_HEADERS=1 -DHAVE_SYS_PARAM_H=1 -DTCL_CFGVAL_ENCODING=\"utf-8\" -D_REENTRANT=1 -D_THREAD_SAFE=1 -DHAVE_PTHREAD_ATTR_SETSTACKSIZE=1 -DHAVE_PTHREAD_ATFORK=1 -DHAVE_DECL_PTHREAD_MUTEX_RECURSIVE=1 -DMODULE_SCOPE=extern\ __attribute__\(\(__visibility__\(\"hidden\"\)\)\) -DHAVE_HIDDEN=1 -DTCL_CFG_DO64BIT=1 -DHAVE_CAST_TO_UNION=1 -DHAVE_STDBOOL_H=1 -DHAVE_VFORK=1 -DHAVE_POSIX_SPAWNP=1 -DHAVE_POSIX_SPAWN_FILE_ACTIONS_ADDDUP2=1 -DHAVE_POSIX_SPAWNATTR_SETFLAGS=1 -DTCL_SHLIB_EXT=\".so\" -DNDEBUG=1 -DTCL_CFG_OPTIMIZED=1 -DMP_PREC=4 -D_LARGEFILE64_SOURCE=1 -DTCL_WIDE_INT_IS_LONG=1 -DHAVE_GETCWD=1 -DHAVE_MKSTEMP=1 -DHAVE_WAITPID=1 -DHAVE_GETNAMEINFO=1 -DHAVE_GETADDRINFO=1 -DHAVE_FREEADDRINFO=1 -DHAVE_GAI_STRERROR=1 -DHAVE_STRUCT_ADDRINFO=1 -DHAVE_STRUCT_IN6_ADDR=1 -DHAVE_STRUCT_SOCKADDR_IN6=1 -DHAVE_STRUCT_SOCKADDR_STORAGE=1 -DHAVE_GETPWUID_R_5=1 -DHAVE_GETPWUID_R=1 -DHAVE_GETPWNAM_R_5=1 -DHAVE_GETPWNAM_R=1 -DHAVE_GETGRGID_R_5=1 -DHAVE_GETGRGID_R=1 -DHAVE_GETGRNAM_R_5=1 -DHAVE_GETGRNAM_R=1 -DHAVE_DECL_GETHOSTBYNAME_R=1 -DHAVE_GETHOSTBYNAME_R_6=1 -DHAVE_GETHOSTBYNAME_R=1 -DHAVE_DECL_GETHOSTBYADDR_R=1 -DHAVE_GETHOSTBYADDR_R_8=1 -DHAVE_GETHOSTBYADDR_R=1 -DHAVE_TERMIOS_H=1 -DHAVE_SYS_IOCTL_H=1 -DHAVE_PSELECT=1 -DHAVE_SYS_EPOLL_H=1 -DNOTIFIER_EPOLL=1 -DHAVE_SYS_EVENTFD_H=1 -DHAVE_EVENTFD=1 -DHAVE_SYS_TIME_H=1 -DHAVE_GMTIME_R=1 -DHAVE_LOCALTIME_R=1 -DHAVE_TM_GMTOFF=1 -DHAVE_TIMEZONE_VAR=1 -DHAVE_STRUCT_STAT_ST_BLOCKS=1 -DHAVE_STRUCT_STAT_ST_BLKSIZE=1 -DHAVE_STRUCT_STAT_ST_RDEV=1 -DHAVE_BLKCNT_T=1 -DHAVE_INTPTR_T=1 -DHAVE_UINTPTR_T=1 -DNO_UNION_WAIT=1 -DHAVE_SIGNED_CHAR=1 -DHAVE_LANGINFO=1 -DHAVE_CFMAKERAW=1 -DHAVE_MKSTEMPS=1 -DHAVE_FTS=1 -DHAVE_SYS_IOCTL_H=1 -DTCL_UNLOAD_DLLS=1 -DHAVE_CPUID=1 -DZIPFS_BUILD=1    -DMP_FIXED_CUTOFFS -DBUILD_tcl /home/builder/build/src/tcl9.0.1/libtommath/bn_mp_neg.c
clang -c -I"." -I/home/builder/build/src/tcl9.0.1/unix -I/home/builder/build/src/tcl9.0.1/generic -I/home/builder/build/src/tcl9.0.1/libtommath -O2 -march=x86-64-v3 -O2 -pipe -fno-plt -fexceptions         -Wp,-D_FORTIFY_SOURCE=3 -fstack-clash-protection -fcf-protection -pipe -m64 -finput-charset=UTF-8  -Wall -Wextra -Wshadow -Wundef -Wwrite-strings -Wpointer-arith -Wc++-compat -fextended-identifiers -fPIC -fno-common -DPACKAGE_NAME=\"tcl\" -DPACKAGE_TARNAME=\"tcl\" -DPACKAGE_VERSION=\"9.0\" -DPACKAGE_STRING=\"tcl\ 9.0\" -DPACKAGE_BUGREPORT=\"\" -DPACKAGE_URL=\"\" -DHAVE_STDIO_H=1 -DHAVE_STDLIB_H=1 -DHAVE_STRING_H=1 -DHAVE_INTTYPES_H=1 -DHAVE_STDINT_H=1 -DHAVE_STRINGS_H=1 -DHAVE_SYS_STAT_H=1 -DHAVE_SYS_TYPES_H=1 -DHAVE_UNISTD_H=1 -DHAVE_SYS_TIME_H=1 -DSTDC_HEADERS=1 -DHAVE_SYS_PARAM_H=1 -DTCL_CFGVAL_ENCODING=\"utf-8\" -D_REENTRANT=1 -D_THREAD_SAFE=1 -DHAVE_PTHREAD_ATTR_SETSTACKSIZE=1 -DHAVE_PTHREAD_ATFORK=1 -DHAVE_DECL_PTHREAD_MUTEX_RECURSIVE=1 -DMODULE_SCOPE=extern\ __attribute__\(\(__visibility__\(\"hidden\"\)\)\) -DHAVE_HIDDEN=1 -DTCL_CFG_DO64BIT=1 -DHAVE_CAST_TO_UNION=1 -DHAVE_STDBOOL_H=1 -DHAVE_VFORK=1 -DHAVE_POSIX_SPAWNP=1 -DHAVE_POSIX_SPAWN_FILE_ACTIONS_ADDDUP2=1 -DHAVE_POSIX_SPAWNATTR_SETFLAGS=1 -DTCL_SHLIB_EXT=\".so\" -DNDEBUG=1 -DTCL_CFG_OPTIMIZED=1 -DMP_PREC=4 -D_LARGEFILE64_SOURCE=1 -DTCL_WIDE_INT_IS_LONG=1 -DHAVE_GETCWD=1 -DHAVE_MKSTEMP=1 -DHAVE_WAITPID=1 -DHAVE_GETNAMEINFO=1 -DHAVE_GETADDRINFO=1 -DHAVE_FREEADDRINFO=1 -DHAVE_GAI_STRERROR=1 -DHAVE_STRUCT_ADDRINFO=1 -DHAVE_STRUCT_IN6_ADDR=1 -DHAVE_STRUCT_SOCKADDR_IN6=1 -DHAVE_STRUCT_SOCKADDR_STORAGE=1 -DHAVE_GETPWUID_R_5=1 -DHAVE_GETPWUID_R=1 -DHAVE_GETPWNAM_R_5=1 -DHAVE_GETPWNAM_R=1 -DHAVE_GETGRGID_R_5=1 -DHAVE_GETGRGID_R=1 -DHAVE_GETGRNAM_R_5=1 -DHAVE_GETGRNAM_R=1 -DHAVE_DECL_GETHOSTBYNAME_R=1 -DHAVE_GETHOSTBYNAME_R_6=1 -DHAVE_GETHOSTBYNAME_R=1 -DHAVE_DECL_GETHOSTBYADDR_R=1 -DHAVE_GETHOSTBYADDR_R_8=1 -DHAVE_GETHOSTBYADDR_R=1 -DHAVE_TERMIOS_H=1 -DHAVE_SYS_IOCTL_H=1 -DHAVE_PSELECT=1 -DHAVE_SYS_EPOLL_H=1 -DNOTIFIER_EPOLL=1 -DHAVE_SYS_EVENTFD_H=1 -DHAVE_EVENTFD=1 -DHAVE_SYS_TIME_H=1 -DHAVE_GMTIME_R=1 -DHAVE_LOCALTIME_R=1 -DHAVE_TM_GMTOFF=1 -DHAVE_TIMEZONE_VAR=1 -DHAVE_STRUCT_STAT_ST_BLOCKS=1 -DHAVE_STRUCT_STAT_ST_BLKSIZE=1 -DHAVE_STRUCT_STAT_ST_RDEV=1 -DHAVE_BLKCNT_T=1 -DHAVE_INTPTR_T=1 -DHAVE_UINTPTR_T=1 -DNO_UNION_WAIT=1 -DHAVE_SIGNED_CHAR=1 -DHAVE_LANGINFO=1 -DHAVE_CFMAKERAW=1 -DHAVE_MKSTEMPS=1 -DHAVE_FTS=1 -DHAVE_SYS_IOCTL_H=1 -DTCL_UNLOAD_DLLS=1 -DHAVE_CPUID=1 -DZIPFS_BUILD=1    -DMP_FIXED_CUTOFFS -DBUILD_tcl /home/builder/build/src/tcl9.0.1/libtommath/bn_mp_or.c
clang -c -I"." -I/home/builder/build/src/tcl9.0.1/unix -I/home/builder/build/src/tcl9.0.1/generic -I/home/builder/build/src/tcl9.0.1/libtommath -O2 -march=x86-64-v3 -O2 -pipe -fno-plt -fexceptions         -Wp,-D_FORTIFY_SOURCE=3 -fstack-clash-protection -fcf-protection -pipe -m64 -finput-charset=UTF-8  -Wall -Wextra -Wshadow -Wundef -Wwrite-strings -Wpointer-arith -Wc++-compat -fextended-identifiers -fPIC -fno-common -DPACKAGE_NAME=\"tcl\" -DPACKAGE_TARNAME=\"tcl\" -DPACKAGE_VERSION=\"9.0\" -DPACKAGE_STRING=\"tcl\ 9.0\" -DPACKAGE_BUGREPORT=\"\" -DPACKAGE_URL=\"\" -DHAVE_STDIO_H=1 -DHAVE_STDLIB_H=1 -DHAVE_STRING_H=1 -DHAVE_INTTYPES_H=1 -DHAVE_STDINT_H=1 -DHAVE_STRINGS_H=1 -DHAVE_SYS_STAT_H=1 -DHAVE_SYS_TYPES_H=1 -DHAVE_UNISTD_H=1 -DHAVE_SYS_TIME_H=1 -DSTDC_HEADERS=1 -DHAVE_SYS_PARAM_H=1 -DTCL_CFGVAL_ENCODING=\"utf-8\" -D_REENTRANT=1 -D_THREAD_SAFE=1 -DHAVE_PTHREAD_ATTR_SETSTACKSIZE=1 -DHAVE_PTHREAD_ATFORK=1 -DHAVE_DECL_PTHREAD_MUTEX_RECURSIVE=1 -DMODULE_SCOPE=extern\ __attribute__\(\(__visibility__\(\"hidden\"\)\)\) -DHAVE_HIDDEN=1 -DTCL_CFG_DO64BIT=1 -DHAVE_CAST_TO_UNION=1 -DHAVE_STDBOOL_H=1 -DHAVE_VFORK=1 -DHAVE_POSIX_SPAWNP=1 -DHAVE_POSIX_SPAWN_FILE_ACTIONS_ADDDUP2=1 -DHAVE_POSIX_SPAWNATTR_SETFLAGS=1 -DTCL_SHLIB_EXT=\".so\" -DNDEBUG=1 -DTCL_CFG_OPTIMIZED=1 -DMP_PREC=4 -D_LARGEFILE64_SOURCE=1 -DTCL_WIDE_INT_IS_LONG=1 -DHAVE_GETCWD=1 -DHAVE_MKSTEMP=1 -DHAVE_WAITPID=1 -DHAVE_GETNAMEINFO=1 -DHAVE_GETADDRINFO=1 -DHAVE_FREEADDRINFO=1 -DHAVE_GAI_STRERROR=1 -DHAVE_STRUCT_ADDRINFO=1 -DHAVE_STRUCT_IN6_ADDR=1 -DHAVE_STRUCT_SOCKADDR_IN6=1 -DHAVE_STRUCT_SOCKADDR_STORAGE=1 -DHAVE_GETPWUID_R_5=1 -DHAVE_GETPWUID_R=1 -DHAVE_GETPWNAM_R_5=1 -DHAVE_GETPWNAM_R=1 -DHAVE_GETGRGID_R_5=1 -DHAVE_GETGRGID_R=1 -DHAVE_GETGRNAM_R_5=1 -DHAVE_GETGRNAM_R=1 -DHAVE_DECL_GETHOSTBYNAME_R=1 -DHAVE_GETHOSTBYNAME_R_6=1 -DHAVE_GETHOSTBYNAME_R=1 -DHAVE_DECL_GETHOSTBYADDR_R=1 -DHAVE_GETHOSTBYADDR_R_8=1 -DHAVE_GETHOSTBYADDR_R=1 -DHAVE_TERMIOS_H=1 -DHAVE_SYS_IOCTL_H=1 -DHAVE_PSELECT=1 -DHAVE_SYS_EPOLL_H=1 -DNOTIFIER_EPOLL=1 -DHAVE_SYS_EVENTFD_H=1 -DHAVE_EVENTFD=1 -DHAVE_SYS_TIME_H=1 -DHAVE_GMTIME_R=1 -DHAVE_LOCALTIME_R=1 -DHAVE_TM_GMTOFF=1 -DHAVE_TIMEZONE_VAR=1 -DHAVE_STRUCT_STAT_ST_BLOCKS=1 -DHAVE_STRUCT_STAT_ST_BLKSIZE=1 -DHAVE_STRUCT_STAT_ST_RDEV=1 -DHAVE_BLKCNT_T=1 -DHAVE_INTPTR_T=1 -DHAVE_UINTPTR_T=1 -DNO_UNION_WAIT=1 -DHAVE_SIGNED_CHAR=1 -DHAVE_LANGINFO=1 -DHAVE_CFMAKERAW=1 -DHAVE_MKSTEMPS=1 -DHAVE_FTS=1 -DHAVE_SYS_IOCTL_H=1 -DTCL_UNLOAD_DLLS=1 -DHAVE_CPUID=1 -DZIPFS_BUILD=1    -DMP_FIXED_CUTOFFS -DBUILD_tcl /home/builder/build/src/tcl9.0.1/libtommath/bn_mp_pack.c
clang -c -I"." -I/home/builder/build/src/tcl9.0.1/unix -I/home/builder/build/src/tcl9.0.1/generic -I/home/builder/build/src/tcl9.0.1/libtommath -O2 -march=x86-64-v3 -O2 -pipe -fno-plt -fexceptions         -Wp,-D_FORTIFY_SOURCE=3 -fstack-clash-protection -fcf-protection -pipe -m64 -finput-charset=UTF-8  -Wall -Wextra -Wshadow -Wundef -Wwrite-strings -Wpointer-arith -Wc++-compat -fextended-identifiers -fPIC -fno-common -DPACKAGE_NAME=\"tcl\" -DPACKAGE_TARNAME=\"tcl\" -DPACKAGE_VERSION=\"9.0\" -DPACKAGE_STRING=\"tcl\ 9.0\" -DPACKAGE_BUGREPORT=\"\" -DPACKAGE_URL=\"\" -DHAVE_STDIO_H=1 -DHAVE_STDLIB_H=1 -DHAVE_STRING_H=1 -DHAVE_INTTYPES_H=1 -DHAVE_STDINT_H=1 -DHAVE_STRINGS_H=1 -DHAVE_SYS_STAT_H=1 -DHAVE_SYS_TYPES_H=1 -DHAVE_UNISTD_H=1 -DHAVE_SYS_TIME_H=1 -DSTDC_HEADERS=1 -DHAVE_SYS_PARAM_H=1 -DTCL_CFGVAL_ENCODING=\"utf-8\" -D_REENTRANT=1 -D_THREAD_SAFE=1 -DHAVE_PTHREAD_ATTR_SETSTACKSIZE=1 -DHAVE_PTHREAD_ATFORK=1 -DHAVE_DECL_PTHREAD_MUTEX_RECURSIVE=1 -DMODULE_SCOPE=extern\ __attribute__\(\(__visibility__\(\"hidden\"\)\)\) -DHAVE_HIDDEN=1 -DTCL_CFG_DO64BIT=1 -DHAVE_CAST_TO_UNION=1 -DHAVE_STDBOOL_H=1 -DHAVE_VFORK=1 -DHAVE_POSIX_SPAWNP=1 -DHAVE_POSIX_SPAWN_FILE_ACTIONS_ADDDUP2=1 -DHAVE_POSIX_SPAWNATTR_SETFLAGS=1 -DTCL_SHLIB_EXT=\".so\" -DNDEBUG=1 -DTCL_CFG_OPTIMIZED=1 -DMP_PREC=4 -D_LARGEFILE64_SOURCE=1 -DTCL_WIDE_INT_IS_LONG=1 -DHAVE_GETCWD=1 -DHAVE_MKSTEMP=1 -DHAVE_WAITPID=1 -DHAVE_GETNAMEINFO=1 -DHAVE_GETADDRINFO=1 -DHAVE_FREEADDRINFO=1 -DHAVE_GAI_STRERROR=1 -DHAVE_STRUCT_ADDRINFO=1 -DHAVE_STRUCT_IN6_ADDR=1 -DHAVE_STRUCT_SOCKADDR_IN6=1 -DHAVE_STRUCT_SOCKADDR_STORAGE=1 -DHAVE_GETPWUID_R_5=1 -DHAVE_GETPWUID_R=1 -DHAVE_GETPWNAM_R_5=1 -DHAVE_GETPWNAM_R=1 -DHAVE_GETGRGID_R_5=1 -DHAVE_GETGRGID_R=1 -DHAVE_GETGRNAM_R_5=1 -DHAVE_GETGRNAM_R=1 -DHAVE_DECL_GETHOSTBYNAME_R=1 -DHAVE_GETHOSTBYNAME_R_6=1 -DHAVE_GETHOSTBYNAME_R=1 -DHAVE_DECL_GETHOSTBYADDR_R=1 -DHAVE_GETHOSTBYADDR_R_8=1 -DHAVE_GETHOSTBYADDR_R=1 -DHAVE_TERMIOS_H=1 -DHAVE_SYS_IOCTL_H=1 -DHAVE_PSELECT=1 -DHAVE_SYS_EPOLL_H=1 -DNOTIFIER_EPOLL=1 -DHAVE_SYS_EVENTFD_H=1 -DHAVE_EVENTFD=1 -DHAVE_SYS_TIME_H=1 -DHAVE_GMTIME_R=1 -DHAVE_LOCALTIME_R=1 -DHAVE_TM_GMTOFF=1 -DHAVE_TIMEZONE_VAR=1 -DHAVE_STRUCT_STAT_ST_BLOCKS=1 -DHAVE_STRUCT_STAT_ST_BLKSIZE=1 -DHAVE_STRUCT_STAT_ST_RDEV=1 -DHAVE_BLKCNT_T=1 -DHAVE_INTPTR_T=1 -DHAVE_UINTPTR_T=1 -DNO_UNION_WAIT=1 -DHAVE_SIGNED_CHAR=1 -DHAVE_LANGINFO=1 -DHAVE_CFMAKERAW=1 -DHAVE_MKSTEMPS=1 -DHAVE_FTS=1 -DHAVE_SYS_IOCTL_H=1 -DTCL_UNLOAD_DLLS=1 -DHAVE_CPUID=1 -DZIPFS_BUILD=1    -DMP_FIXED_CUTOFFS -DBUILD_tcl /home/builder/build/src/tcl9.0.1/libtommath/bn_mp_pack_count.c
clang -c -I"." -I/home/builder/build/src/tcl9.0.1/unix -I/home/builder/build/src/tcl9.0.1/generic -I/home/builder/build/src/tcl9.0.1/libtommath -O2 -march=x86-64-v3 -O2 -pipe -fno-plt -fexceptions         -Wp,-D_FORTIFY_SOURCE=3 -fstack-clash-protection -fcf-protection -pipe -m64 -finput-charset=UTF-8  -Wall -Wextra -Wshadow -Wundef -Wwrite-strings -Wpointer-arith -Wc++-compat -fextended-identifiers -fPIC -fno-common -DPACKAGE_NAME=\"tcl\" -DPACKAGE_TARNAME=\"tcl\" -DPACKAGE_VERSION=\"9.0\" -DPACKAGE_STRING=\"tcl\ 9.0\" -DPACKAGE_BUGREPORT=\"\" -DPACKAGE_URL=\"\" -DHAVE_STDIO_H=1 -DHAVE_STDLIB_H=1 -DHAVE_STRING_H=1 -DHAVE_INTTYPES_H=1 -DHAVE_STDINT_H=1 -DHAVE_STRINGS_H=1 -DHAVE_SYS_STAT_H=1 -DHAVE_SYS_TYPES_H=1 -DHAVE_UNISTD_H=1 -DHAVE_SYS_TIME_H=1 -DSTDC_HEADERS=1 -DHAVE_SYS_PARAM_H=1 -DTCL_CFGVAL_ENCODING=\"utf-8\" -D_REENTRANT=1 -D_THREAD_SAFE=1 -DHAVE_PTHREAD_ATTR_SETSTACKSIZE=1 -DHAVE_PTHREAD_ATFORK=1 -DHAVE_DECL_PTHREAD_MUTEX_RECURSIVE=1 -DMODULE_SCOPE=extern\ __attribute__\(\(__visibility__\(\"hidden\"\)\)\) -DHAVE_HIDDEN=1 -DTCL_CFG_DO64BIT=1 -DHAVE_CAST_TO_UNION=1 -DHAVE_STDBOOL_H=1 -DHAVE_VFORK=1 -DHAVE_POSIX_SPAWNP=1 -DHAVE_POSIX_SPAWN_FILE_ACTIONS_ADDDUP2=1 -DHAVE_POSIX_SPAWNATTR_SETFLAGS=1 -DTCL_SHLIB_EXT=\".so\" -DNDEBUG=1 -DTCL_CFG_OPTIMIZED=1 -DMP_PREC=4 -D_LARGEFILE64_SOURCE=1 -DTCL_WIDE_INT_IS_LONG=1 -DHAVE_GETCWD=1 -DHAVE_MKSTEMP=1 -DHAVE_WAITPID=1 -DHAVE_GETNAMEINFO=1 -DHAVE_GETADDRINFO=1 -DHAVE_FREEADDRINFO=1 -DHAVE_GAI_STRERROR=1 -DHAVE_STRUCT_ADDRINFO=1 -DHAVE_STRUCT_IN6_ADDR=1 -DHAVE_STRUCT_SOCKADDR_IN6=1 -DHAVE_STRUCT_SOCKADDR_STORAGE=1 -DHAVE_GETPWUID_R_5=1 -DHAVE_GETPWUID_R=1 -DHAVE_GETPWNAM_R_5=1 -DHAVE_GETPWNAM_R=1 -DHAVE_GETGRGID_R_5=1 -DHAVE_GETGRGID_R=1 -DHAVE_GETGRNAM_R_5=1 -DHAVE_GETGRNAM_R=1 -DHAVE_DECL_GETHOSTBYNAME_R=1 -DHAVE_GETHOSTBYNAME_R_6=1 -DHAVE_GETHOSTBYNAME_R=1 -DHAVE_DECL_GETHOSTBYADDR_R=1 -DHAVE_GETHOSTBYADDR_R_8=1 -DHAVE_GETHOSTBYADDR_R=1 -DHAVE_TERMIOS_H=1 -DHAVE_SYS_IOCTL_H=1 -DHAVE_PSELECT=1 -DHAVE_SYS_EPOLL_H=1 -DNOTIFIER_EPOLL=1 -DHAVE_SYS_EVENTFD_H=1 -DHAVE_EVENTFD=1 -DHAVE_SYS_TIME_H=1 -DHAVE_GMTIME_R=1 -DHAVE_LOCALTIME_R=1 -DHAVE_TM_GMTOFF=1 -DHAVE_TIMEZONE_VAR=1 -DHAVE_STRUCT_STAT_ST_BLOCKS=1 -DHAVE_STRUCT_STAT_ST_BLKSIZE=1 -DHAVE_STRUCT_STAT_ST_RDEV=1 -DHAVE_BLKCNT_T=1 -DHAVE_INTPTR_T=1 -DHAVE_UINTPTR_T=1 -DNO_UNION_WAIT=1 -DHAVE_SIGNED_CHAR=1 -DHAVE_LANGINFO=1 -DHAVE_CFMAKERAW=1 -DHAVE_MKSTEMPS=1 -DHAVE_FTS=1 -DHAVE_SYS_IOCTL_H=1 -DTCL_UNLOAD_DLLS=1 -DHAVE_CPUID=1 -DZIPFS_BUILD=1    -DMP_FIXED_CUTOFFS -DBUILD_tcl /home/builder/build/src/tcl9.0.1/libtommath/bn_mp_radix_size.c
clang -c -I"." -I/home/builder/build/src/tcl9.0.1/unix -I/home/builder/build/src/tcl9.0.1/generic -I/home/builder/build/src/tcl9.0.1/libtommath -O2 -march=x86-64-v3 -O2 -pipe -fno-plt -fexceptions         -Wp,-D_FORTIFY_SOURCE=3 -fstack-clash-protection -fcf-protection -pipe -m64 -finput-charset=UTF-8  -Wall -Wextra -Wshadow -Wundef -Wwrite-strings -Wpointer-arith -Wc++-compat -fextended-identifiers -fPIC -fno-common -DPACKAGE_NAME=\"tcl\" -DPACKAGE_TARNAME=\"tcl\" -DPACKAGE_VERSION=\"9.0\" -DPACKAGE_STRING=\"tcl\ 9.0\" -DPACKAGE_BUGREPORT=\"\" -DPACKAGE_URL=\"\" -DHAVE_STDIO_H=1 -DHAVE_STDLIB_H=1 -DHAVE_STRING_H=1 -DHAVE_INTTYPES_H=1 -DHAVE_STDINT_H=1 -DHAVE_STRINGS_H=1 -DHAVE_SYS_STAT_H=1 -DHAVE_SYS_TYPES_H=1 -DHAVE_UNISTD_H=1 -DHAVE_SYS_TIME_H=1 -DSTDC_HEADERS=1 -DHAVE_SYS_PARAM_H=1 -DTCL_CFGVAL_ENCODING=\"utf-8\" -D_REENTRANT=1 -D_THREAD_SAFE=1 -DHAVE_PTHREAD_ATTR_SETSTACKSIZE=1 -DHAVE_PTHREAD_ATFORK=1 -DHAVE_DECL_PTHREAD_MUTEX_RECURSIVE=1 -DMODULE_SCOPE=extern\ __attribute__\(\(__visibility__\(\"hidden\"\)\)\) -DHAVE_HIDDEN=1 -DTCL_CFG_DO64BIT=1 -DHAVE_CAST_TO_UNION=1 -DHAVE_STDBOOL_H=1 -DHAVE_VFORK=1 -DHAVE_POSIX_SPAWNP=1 -DHAVE_POSIX_SPAWN_FILE_ACTIONS_ADDDUP2=1 -DHAVE_POSIX_SPAWNATTR_SETFLAGS=1 -DTCL_SHLIB_EXT=\".so\" -DNDEBUG=1 -DTCL_CFG_OPTIMIZED=1 -DMP_PREC=4 -D_LARGEFILE64_SOURCE=1 -DTCL_WIDE_INT_IS_LONG=1 -DHAVE_GETCWD=1 -DHAVE_MKSTEMP=1 -DHAVE_WAITPID=1 -DHAVE_GETNAMEINFO=1 -DHAVE_GETADDRINFO=1 -DHAVE_FREEADDRINFO=1 -DHAVE_GAI_STRERROR=1 -DHAVE_STRUCT_ADDRINFO=1 -DHAVE_STRUCT_IN6_ADDR=1 -DHAVE_STRUCT_SOCKADDR_IN6=1 -DHAVE_STRUCT_SOCKADDR_STORAGE=1 -DHAVE_GETPWUID_R_5=1 -DHAVE_GETPWUID_R=1 -DHAVE_GETPWNAM_R_5=1 -DHAVE_GETPWNAM_R=1 -DHAVE_GETGRGID_R_5=1 -DHAVE_GETGRGID_R=1 -DHAVE_GETGRNAM_R_5=1 -DHAVE_GETGRNAM_R=1 -DHAVE_DECL_GETHOSTBYNAME_R=1 -DHAVE_GETHOSTBYNAME_R_6=1 -DHAVE_GETHOSTBYNAME_R=1 -DHAVE_DECL_GETHOSTBYADDR_R=1 -DHAVE_GETHOSTBYADDR_R_8=1 -DHAVE_GETHOSTBYADDR_R=1 -DHAVE_TERMIOS_H=1 -DHAVE_SYS_IOCTL_H=1 -DHAVE_PSELECT=1 -DHAVE_SYS_EPOLL_H=1 -DNOTIFIER_EPOLL=1 -DHAVE_SYS_EVENTFD_H=1 -DHAVE_EVENTFD=1 -DHAVE_SYS_TIME_H=1 -DHAVE_GMTIME_R=1 -DHAVE_LOCALTIME_R=1 -DHAVE_TM_GMTOFF=1 -DHAVE_TIMEZONE_VAR=1 -DHAVE_STRUCT_STAT_ST_BLOCKS=1 -DHAVE_STRUCT_STAT_ST_BLKSIZE=1 -DHAVE_STRUCT_STAT_ST_RDEV=1 -DHAVE_BLKCNT_T=1 -DHAVE_INTPTR_T=1 -DHAVE_UINTPTR_T=1 -DNO_UNION_WAIT=1 -DHAVE_SIGNED_CHAR=1 -DHAVE_LANGINFO=1 -DHAVE_CFMAKERAW=1 -DHAVE_MKSTEMPS=1 -DHAVE_FTS=1 -DHAVE_SYS_IOCTL_H=1 -DTCL_UNLOAD_DLLS=1 -DHAVE_CPUID=1 -DZIPFS_BUILD=1    -DMP_FIXED_CUTOFFS -DBUILD_tcl /home/builder/build/src/tcl9.0.1/libtommath/bn_mp_radix_smap.c
clang -c -I"." -I/home/builder/build/src/tcl9.0.1/unix -I/home/builder/build/src/tcl9.0.1/generic -I/home/builder/build/src/tcl9.0.1/libtommath -O2 -march=x86-64-v3 -O2 -pipe -fno-plt -fexceptions         -Wp,-D_FORTIFY_SOURCE=3 -fstack-clash-protection -fcf-protection -pipe -m64 -finput-charset=UTF-8  -Wall -Wextra -Wshadow -Wundef -Wwrite-strings -Wpointer-arith -Wc++-compat -fextended-identifiers -fPIC -fno-common -DPACKAGE_NAME=\"tcl\" -DPACKAGE_TARNAME=\"tcl\" -DPACKAGE_VERSION=\"9.0\" -DPACKAGE_STRING=\"tcl\ 9.0\" -DPACKAGE_BUGREPORT=\"\" -DPACKAGE_URL=\"\" -DHAVE_STDIO_H=1 -DHAVE_STDLIB_H=1 -DHAVE_STRING_H=1 -DHAVE_INTTYPES_H=1 -DHAVE_STDINT_H=1 -DHAVE_STRINGS_H=1 -DHAVE_SYS_STAT_H=1 -DHAVE_SYS_TYPES_H=1 -DHAVE_UNISTD_H=1 -DHAVE_SYS_TIME_H=1 -DSTDC_HEADERS=1 -DHAVE_SYS_PARAM_H=1 -DTCL_CFGVAL_ENCODING=\"utf-8\" -D_REENTRANT=1 -D_THREAD_SAFE=1 -DHAVE_PTHREAD_ATTR_SETSTACKSIZE=1 -DHAVE_PTHREAD_ATFORK=1 -DHAVE_DECL_PTHREAD_MUTEX_RECURSIVE=1 -DMODULE_SCOPE=extern\ __attribute__\(\(__visibility__\(\"hidden\"\)\)\) -DHAVE_HIDDEN=1 -DTCL_CFG_DO64BIT=1 -DHAVE_CAST_TO_UNION=1 -DHAVE_STDBOOL_H=1 -DHAVE_VFORK=1 -DHAVE_POSIX_SPAWNP=1 -DHAVE_POSIX_SPAWN_FILE_ACTIONS_ADDDUP2=1 -DHAVE_POSIX_SPAWNATTR_SETFLAGS=1 -DTCL_SHLIB_EXT=\".so\" -DNDEBUG=1 -DTCL_CFG_OPTIMIZED=1 -DMP_PREC=4 -D_LARGEFILE64_SOURCE=1 -DTCL_WIDE_INT_IS_LONG=1 -DHAVE_GETCWD=1 -DHAVE_MKSTEMP=1 -DHAVE_WAITPID=1 -DHAVE_GETNAMEINFO=1 -DHAVE_GETADDRINFO=1 -DHAVE_FREEADDRINFO=1 -DHAVE_GAI_STRERROR=1 -DHAVE_STRUCT_ADDRINFO=1 -DHAVE_STRUCT_IN6_ADDR=1 -DHAVE_STRUCT_SOCKADDR_IN6=1 -DHAVE_STRUCT_SOCKADDR_STORAGE=1 -DHAVE_GETPWUID_R_5=1 -DHAVE_GETPWUID_R=1 -DHAVE_GETPWNAM_R_5=1 -DHAVE_GETPWNAM_R=1 -DHAVE_GETGRGID_R_5=1 -DHAVE_GETGRGID_R=1 -DHAVE_GETGRNAM_R_5=1 -DHAVE_GETGRNAM_R=1 -DHAVE_DECL_GETHOSTBYNAME_R=1 -DHAVE_GETHOSTBYNAME_R_6=1 -DHAVE_GETHOSTBYNAME_R=1 -DHAVE_DECL_GETHOSTBYADDR_R=1 -DHAVE_GETHOSTBYADDR_R_8=1 -DHAVE_GETHOSTBYADDR_R=1 -DHAVE_TERMIOS_H=1 -DHAVE_SYS_IOCTL_H=1 -DHAVE_PSELECT=1 -DHAVE_SYS_EPOLL_H=1 -DNOTIFIER_EPOLL=1 -DHAVE_SYS_EVENTFD_H=1 -DHAVE_EVENTFD=1 -DHAVE_SYS_TIME_H=1 -DHAVE_GMTIME_R=1 -DHAVE_LOCALTIME_R=1 -DHAVE_TM_GMTOFF=1 -DHAVE_TIMEZONE_VAR=1 -DHAVE_STRUCT_STAT_ST_BLOCKS=1 -DHAVE_STRUCT_STAT_ST_BLKSIZE=1 -DHAVE_STRUCT_STAT_ST_RDEV=1 -DHAVE_BLKCNT_T=1 -DHAVE_INTPTR_T=1 -DHAVE_UINTPTR_T=1 -DNO_UNION_WAIT=1 -DHAVE_SIGNED_CHAR=1 -DHAVE_LANGINFO=1 -DHAVE_CFMAKERAW=1 -DHAVE_MKSTEMPS=1 -DHAVE_FTS=1 -DHAVE_SYS_IOCTL_H=1 -DTCL_UNLOAD_DLLS=1 -DHAVE_CPUID=1 -DZIPFS_BUILD=1    -DMP_FIXED_CUTOFFS -DBUILD_tcl /home/builder/build/src/tcl9.0.1/libtommath/bn_mp_set_i64.c
clang -c -I"." -I/home/builder/build/src/tcl9.0.1/unix -I/home/builder/build/src/tcl9.0.1/generic -I/home/builder/build/src/tcl9.0.1/libtommath -O2 -march=x86-64-v3 -O2 -pipe -fno-plt -fexceptions         -Wp,-D_FORTIFY_SOURCE=3 -fstack-clash-protection -fcf-protection -pipe -m64 -finput-charset=UTF-8  -Wall -Wextra -Wshadow -Wundef -Wwrite-strings -Wpointer-arith -Wc++-compat -fextended-identifiers -fPIC -fno-common -DPACKAGE_NAME=\"tcl\" -DPACKAGE_TARNAME=\"tcl\" -DPACKAGE_VERSION=\"9.0\" -DPACKAGE_STRING=\"tcl\ 9.0\" -DPACKAGE_BUGREPORT=\"\" -DPACKAGE_URL=\"\" -DHAVE_STDIO_H=1 -DHAVE_STDLIB_H=1 -DHAVE_STRING_H=1 -DHAVE_INTTYPES_H=1 -DHAVE_STDINT_H=1 -DHAVE_STRINGS_H=1 -DHAVE_SYS_STAT_H=1 -DHAVE_SYS_TYPES_H=1 -DHAVE_UNISTD_H=1 -DHAVE_SYS_TIME_H=1 -DSTDC_HEADERS=1 -DHAVE_SYS_PARAM_H=1 -DTCL_CFGVAL_ENCODING=\"utf-8\" -D_REENTRANT=1 -D_THREAD_SAFE=1 -DHAVE_PTHREAD_ATTR_SETSTACKSIZE=1 -DHAVE_PTHREAD_ATFORK=1 -DHAVE_DECL_PTHREAD_MUTEX_RECURSIVE=1 -DMODULE_SCOPE=extern\ __attribute__\(\(__visibility__\(\"hidden\"\)\)\) -DHAVE_HIDDEN=1 -DTCL_CFG_DO64BIT=1 -DHAVE_CAST_TO_UNION=1 -DHAVE_STDBOOL_H=1 -DHAVE_VFORK=1 -DHAVE_POSIX_SPAWNP=1 -DHAVE_POSIX_SPAWN_FILE_ACTIONS_ADDDUP2=1 -DHAVE_POSIX_SPAWNATTR_SETFLAGS=1 -DTCL_SHLIB_EXT=\".so\" -DNDEBUG=1 -DTCL_CFG_OPTIMIZED=1 -DMP_PREC=4 -D_LARGEFILE64_SOURCE=1 -DTCL_WIDE_INT_IS_LONG=1 -DHAVE_GETCWD=1 -DHAVE_MKSTEMP=1 -DHAVE_WAITPID=1 -DHAVE_GETNAMEINFO=1 -DHAVE_GETADDRINFO=1 -DHAVE_FREEADDRINFO=1 -DHAVE_GAI_STRERROR=1 -DHAVE_STRUCT_ADDRINFO=1 -DHAVE_STRUCT_IN6_ADDR=1 -DHAVE_STRUCT_SOCKADDR_IN6=1 -DHAVE_STRUCT_SOCKADDR_STORAGE=1 -DHAVE_GETPWUID_R_5=1 -DHAVE_GETPWUID_R=1 -DHAVE_GETPWNAM_R_5=1 -DHAVE_GETPWNAM_R=1 -DHAVE_GETGRGID_R_5=1 -DHAVE_GETGRGID_R=1 -DHAVE_GETGRNAM_R_5=1 -DHAVE_GETGRNAM_R=1 -DHAVE_DECL_GETHOSTBYNAME_R=1 -DHAVE_GETHOSTBYNAME_R_6=1 -DHAVE_GETHOSTBYNAME_R=1 -DHAVE_DECL_GETHOSTBYADDR_R=1 -DHAVE_GETHOSTBYADDR_R_8=1 -DHAVE_GETHOSTBYADDR_R=1 -DHAVE_TERMIOS_H=1 -DHAVE_SYS_IOCTL_H=1 -DHAVE_PSELECT=1 -DHAVE_SYS_EPOLL_H=1 -DNOTIFIER_EPOLL=1 -DHAVE_SYS_EVENTFD_H=1 -DHAVE_EVENTFD=1 -DHAVE_SYS_TIME_H=1 -DHAVE_GMTIME_R=1 -DHAVE_LOCALTIME_R=1 -DHAVE_TM_GMTOFF=1 -DHAVE_TIMEZONE_VAR=1 -DHAVE_STRUCT_STAT_ST_BLOCKS=1 -DHAVE_STRUCT_STAT_ST_BLKSIZE=1 -DHAVE_STRUCT_STAT_ST_RDEV=1 -DHAVE_BLKCNT_T=1 -DHAVE_INTPTR_T=1 -DHAVE_UINTPTR_T=1 -DNO_UNION_WAIT=1 -DHAVE_SIGNED_CHAR=1 -DHAVE_LANGINFO=1 -DHAVE_CFMAKERAW=1 -DHAVE_MKSTEMPS=1 -DHAVE_FTS=1 -DHAVE_SYS_IOCTL_H=1 -DTCL_UNLOAD_DLLS=1 -DHAVE_CPUID=1 -DZIPFS_BUILD=1    -DMP_FIXED_CUTOFFS -DBUILD_tcl /home/builder/build/src/tcl9.0.1/libtommath/bn_mp_read_radix.c
clang -c -I"." -I/home/builder/build/src/tcl9.0.1/unix -I/home/builder/build/src/tcl9.0.1/generic -I/home/builder/build/src/tcl9.0.1/libtommath -O2 -march=x86-64-v3 -O2 -pipe -fno-plt -fexceptions         -Wp,-D_FORTIFY_SOURCE=3 -fstack-clash-protection -fcf-protection -pipe -m64 -finput-charset=UTF-8  -Wall -Wextra -Wshadow -Wundef -Wwrite-strings -Wpointer-arith -Wc++-compat -fextended-identifiers -fPIC -fno-common -DPACKAGE_NAME=\"tcl\" -DPACKAGE_TARNAME=\"tcl\" -DPACKAGE_VERSION=\"9.0\" -DPACKAGE_STRING=\"tcl\ 9.0\" -DPACKAGE_BUGREPORT=\"\" -DPACKAGE_URL=\"\" -DHAVE_STDIO_H=1 -DHAVE_STDLIB_H=1 -DHAVE_STRING_H=1 -DHAVE_INTTYPES_H=1 -DHAVE_STDINT_H=1 -DHAVE_STRINGS_H=1 -DHAVE_SYS_STAT_H=1 -DHAVE_SYS_TYPES_H=1 -DHAVE_UNISTD_H=1 -DHAVE_SYS_TIME_H=1 -DSTDC_HEADERS=1 -DHAVE_SYS_PARAM_H=1 -DTCL_CFGVAL_ENCODING=\"utf-8\" -D_REENTRANT=1 -D_THREAD_SAFE=1 -DHAVE_PTHREAD_ATTR_SETSTACKSIZE=1 -DHAVE_PTHREAD_ATFORK=1 -DHAVE_DECL_PTHREAD_MUTEX_RECURSIVE=1 -DMODULE_SCOPE=extern\ __attribute__\(\(__visibility__\(\"hidden\"\)\)\) -DHAVE_HIDDEN=1 -DTCL_CFG_DO64BIT=1 -DHAVE_CAST_TO_UNION=1 -DHAVE_STDBOOL_H=1 -DHAVE_VFORK=1 -DHAVE_POSIX_SPAWNP=1 -DHAVE_POSIX_SPAWN_FILE_ACTIONS_ADDDUP2=1 -DHAVE_POSIX_SPAWNATTR_SETFLAGS=1 -DTCL_SHLIB_EXT=\".so\" -DNDEBUG=1 -DTCL_CFG_OPTIMIZED=1 -DMP_PREC=4 -D_LARGEFILE64_SOURCE=1 -DTCL_WIDE_INT_IS_LONG=1 -DHAVE_GETCWD=1 -DHAVE_MKSTEMP=1 -DHAVE_WAITPID=1 -DHAVE_GETNAMEINFO=1 -DHAVE_GETADDRINFO=1 -DHAVE_FREEADDRINFO=1 -DHAVE_GAI_STRERROR=1 -DHAVE_STRUCT_ADDRINFO=1 -DHAVE_STRUCT_IN6_ADDR=1 -DHAVE_STRUCT_SOCKADDR_IN6=1 -DHAVE_STRUCT_SOCKADDR_STORAGE=1 -DHAVE_GETPWUID_R_5=1 -DHAVE_GETPWUID_R=1 -DHAVE_GETPWNAM_R_5=1 -DHAVE_GETPWNAM_R=1 -DHAVE_GETGRGID_R_5=1 -DHAVE_GETGRGID_R=1 -DHAVE_GETGRNAM_R_5=1 -DHAVE_GETGRNAM_R=1 -DHAVE_DECL_GETHOSTBYNAME_R=1 -DHAVE_GETHOSTBYNAME_R_6=1 -DHAVE_GETHOSTBYNAME_R=1 -DHAVE_DECL_GETHOSTBYADDR_R=1 -DHAVE_GETHOSTBYADDR_R_8=1 -DHAVE_GETHOSTBYADDR_R=1 -DHAVE_TERMIOS_H=1 -DHAVE_SYS_IOCTL_H=1 -DHAVE_PSELECT=1 -DHAVE_SYS_EPOLL_H=1 -DNOTIFIER_EPOLL=1 -DHAVE_SYS_EVENTFD_H=1 -DHAVE_EVENTFD=1 -DHAVE_SYS_TIME_H=1 -DHAVE_GMTIME_R=1 -DHAVE_LOCALTIME_R=1 -DHAVE_TM_GMTOFF=1 -DHAVE_TIMEZONE_VAR=1 -DHAVE_STRUCT_STAT_ST_BLOCKS=1 -DHAVE_STRUCT_STAT_ST_BLKSIZE=1 -DHAVE_STRUCT_STAT_ST_RDEV=1 -DHAVE_BLKCNT_T=1 -DHAVE_INTPTR_T=1 -DHAVE_UINTPTR_T=1 -DNO_UNION_WAIT=1 -DHAVE_SIGNED_CHAR=1 -DHAVE_LANGINFO=1 -DHAVE_CFMAKERAW=1 -DHAVE_MKSTEMPS=1 -DHAVE_FTS=1 -DHAVE_SYS_IOCTL_H=1 -DTCL_UNLOAD_DLLS=1 -DHAVE_CPUID=1 -DZIPFS_BUILD=1    -DMP_FIXED_CUTOFFS -DBUILD_tcl /home/builder/build/src/tcl9.0.1/libtommath/bn_mp_rshd.c
clang -c -I"." -I/home/builder/build/src/tcl9.0.1/unix -I/home/builder/build/src/tcl9.0.1/generic -I/home/builder/build/src/tcl9.0.1/libtommath -O2 -march=x86-64-v3 -O2 -pipe -fno-plt -fexceptions         -Wp,-D_FORTIFY_SOURCE=3 -fstack-clash-protection -fcf-protection -pipe -m64 -finput-charset=UTF-8  -Wall -Wextra -Wshadow -Wundef -Wwrite-strings -Wpointer-arith -Wc++-compat -fextended-identifiers -fPIC -fno-common -DPACKAGE_NAME=\"tcl\" -DPACKAGE_TARNAME=\"tcl\" -DPACKAGE_VERSION=\"9.0\" -DPACKAGE_STRING=\"tcl\ 9.0\" -DPACKAGE_BUGREPORT=\"\" -DPACKAGE_URL=\"\" -DHAVE_STDIO_H=1 -DHAVE_STDLIB_H=1 -DHAVE_STRING_H=1 -DHAVE_INTTYPES_H=1 -DHAVE_STDINT_H=1 -DHAVE_STRINGS_H=1 -DHAVE_SYS_STAT_H=1 -DHAVE_SYS_TYPES_H=1 -DHAVE_UNISTD_H=1 -DHAVE_SYS_TIME_H=1 -DSTDC_HEADERS=1 -DHAVE_SYS_PARAM_H=1 -DTCL_CFGVAL_ENCODING=\"utf-8\" -D_REENTRANT=1 -D_THREAD_SAFE=1 -DHAVE_PTHREAD_ATTR_SETSTACKSIZE=1 -DHAVE_PTHREAD_ATFORK=1 -DHAVE_DECL_PTHREAD_MUTEX_RECURSIVE=1 -DMODULE_SCOPE=extern\ __attribute__\(\(__visibility__\(\"hidden\"\)\)\) -DHAVE_HIDDEN=1 -DTCL_CFG_DO64BIT=1 -DHAVE_CAST_TO_UNION=1 -DHAVE_STDBOOL_H=1 -DHAVE_VFORK=1 -DHAVE_POSIX_SPAWNP=1 -DHAVE_POSIX_SPAWN_FILE_ACTIONS_ADDDUP2=1 -DHAVE_POSIX_SPAWNATTR_SETFLAGS=1 -DTCL_SHLIB_EXT=\".so\" -DNDEBUG=1 -DTCL_CFG_OPTIMIZED=1 -DMP_PREC=4 -D_LARGEFILE64_SOURCE=1 -DTCL_WIDE_INT_IS_LONG=1 -DHAVE_GETCWD=1 -DHAVE_MKSTEMP=1 -DHAVE_WAITPID=1 -DHAVE_GETNAMEINFO=1 -DHAVE_GETADDRINFO=1 -DHAVE_FREEADDRINFO=1 -DHAVE_GAI_STRERROR=1 -DHAVE_STRUCT_ADDRINFO=1 -DHAVE_STRUCT_IN6_ADDR=1 -DHAVE_STRUCT_SOCKADDR_IN6=1 -DHAVE_STRUCT_SOCKADDR_STORAGE=1 -DHAVE_GETPWUID_R_5=1 -DHAVE_GETPWUID_R=1 -DHAVE_GETPWNAM_R_5=1 -DHAVE_GETPWNAM_R=1 -DHAVE_GETGRGID_R_5=1 -DHAVE_GETGRGID_R=1 -DHAVE_GETGRNAM_R_5=1 -DHAVE_GETGRNAM_R=1 -DHAVE_DECL_GETHOSTBYNAME_R=1 -DHAVE_GETHOSTBYNAME_R_6=1 -DHAVE_GETHOSTBYNAME_R=1 -DHAVE_DECL_GETHOSTBYADDR_R=1 -DHAVE_GETHOSTBYADDR_R_8=1 -DHAVE_GETHOSTBYADDR_R=1 -DHAVE_TERMIOS_H=1 -DHAVE_SYS_IOCTL_H=1 -DHAVE_PSELECT=1 -DHAVE_SYS_EPOLL_H=1 -DNOTIFIER_EPOLL=1 -DHAVE_SYS_EVENTFD_H=1 -DHAVE_EVENTFD=1 -DHAVE_SYS_TIME_H=1 -DHAVE_GMTIME_R=1 -DHAVE_LOCALTIME_R=1 -DHAVE_TM_GMTOFF=1 -DHAVE_TIMEZONE_VAR=1 -DHAVE_STRUCT_STAT_ST_BLOCKS=1 -DHAVE_STRUCT_STAT_ST_BLKSIZE=1 -DHAVE_STRUCT_STAT_ST_RDEV=1 -DHAVE_BLKCNT_T=1 -DHAVE_INTPTR_T=1 -DHAVE_UINTPTR_T=1 -DNO_UNION_WAIT=1 -DHAVE_SIGNED_CHAR=1 -DHAVE_LANGINFO=1 -DHAVE_CFMAKERAW=1 -DHAVE_MKSTEMPS=1 -DHAVE_FTS=1 -DHAVE_SYS_IOCTL_H=1 -DTCL_UNLOAD_DLLS=1 -DHAVE_CPUID=1 -DZIPFS_BUILD=1    -DMP_FIXED_CUTOFFS -DBUILD_tcl /home/builder/build/src/tcl9.0.1/libtommath/bn_mp_set_u64.c
clang -c -I"." -I/home/builder/build/src/tcl9.0.1/unix -I/home/builder/build/src/tcl9.0.1/generic -I/home/builder/build/src/tcl9.0.1/libtommath -O2 -march=x86-64-v3 -O2 -pipe -fno-plt -fexceptions         -Wp,-D_FORTIFY_SOURCE=3 -fstack-clash-protection -fcf-protection -pipe -m64 -finput-charset=UTF-8  -Wall -Wextra -Wshadow -Wundef -Wwrite-strings -Wpointer-arith -Wc++-compat -fextended-identifiers -fPIC -fno-common -DPACKAGE_NAME=\"tcl\" -DPACKAGE_TARNAME=\"tcl\" -DPACKAGE_VERSION=\"9.0\" -DPACKAGE_STRING=\"tcl\ 9.0\" -DPACKAGE_BUGREPORT=\"\" -DPACKAGE_URL=\"\" -DHAVE_STDIO_H=1 -DHAVE_STDLIB_H=1 -DHAVE_STRING_H=1 -DHAVE_INTTYPES_H=1 -DHAVE_STDINT_H=1 -DHAVE_STRINGS_H=1 -DHAVE_SYS_STAT_H=1 -DHAVE_SYS_TYPES_H=1 -DHAVE_UNISTD_H=1 -DHAVE_SYS_TIME_H=1 -DSTDC_HEADERS=1 -DHAVE_SYS_PARAM_H=1 -DTCL_CFGVAL_ENCODING=\"utf-8\" -D_REENTRANT=1 -D_THREAD_SAFE=1 -DHAVE_PTHREAD_ATTR_SETSTACKSIZE=1 -DHAVE_PTHREAD_ATFORK=1 -DHAVE_DECL_PTHREAD_MUTEX_RECURSIVE=1 -DMODULE_SCOPE=extern\ __attribute__\(\(__visibility__\(\"hidden\"\)\)\) -DHAVE_HIDDEN=1 -DTCL_CFG_DO64BIT=1 -DHAVE_CAST_TO_UNION=1 -DHAVE_STDBOOL_H=1 -DHAVE_VFORK=1 -DHAVE_POSIX_SPAWNP=1 -DHAVE_POSIX_SPAWN_FILE_ACTIONS_ADDDUP2=1 -DHAVE_POSIX_SPAWNATTR_SETFLAGS=1 -DTCL_SHLIB_EXT=\".so\" -DNDEBUG=1 -DTCL_CFG_OPTIMIZED=1 -DMP_PREC=4 -D_LARGEFILE64_SOURCE=1 -DTCL_WIDE_INT_IS_LONG=1 -DHAVE_GETCWD=1 -DHAVE_MKSTEMP=1 -DHAVE_WAITPID=1 -DHAVE_GETNAMEINFO=1 -DHAVE_GETADDRINFO=1 -DHAVE_FREEADDRINFO=1 -DHAVE_GAI_STRERROR=1 -DHAVE_STRUCT_ADDRINFO=1 -DHAVE_STRUCT_IN6_ADDR=1 -DHAVE_STRUCT_SOCKADDR_IN6=1 -DHAVE_STRUCT_SOCKADDR_STORAGE=1 -DHAVE_GETPWUID_R_5=1 -DHAVE_GETPWUID_R=1 -DHAVE_GETPWNAM_R_5=1 -DHAVE_GETPWNAM_R=1 -DHAVE_GETGRGID_R_5=1 -DHAVE_GETGRGID_R=1 -DHAVE_GETGRNAM_R_5=1 -DHAVE_GETGRNAM_R=1 -DHAVE_DECL_GETHOSTBYNAME_R=1 -DHAVE_GETHOSTBYNAME_R_6=1 -DHAVE_GETHOSTBYNAME_R=1 -DHAVE_DECL_GETHOSTBYADDR_R=1 -DHAVE_GETHOSTBYADDR_R_8=1 -DHAVE_GETHOSTBYADDR_R=1 -DHAVE_TERMIOS_H=1 -DHAVE_SYS_IOCTL_H=1 -DHAVE_PSELECT=1 -DHAVE_SYS_EPOLL_H=1 -DNOTIFIER_EPOLL=1 -DHAVE_SYS_EVENTFD_H=1 -DHAVE_EVENTFD=1 -DHAVE_SYS_TIME_H=1 -DHAVE_GMTIME_R=1 -DHAVE_LOCALTIME_R=1 -DHAVE_TM_GMTOFF=1 -DHAVE_TIMEZONE_VAR=1 -DHAVE_STRUCT_STAT_ST_BLOCKS=1 -DHAVE_STRUCT_STAT_ST_BLKSIZE=1 -DHAVE_STRUCT_STAT_ST_RDEV=1 -DHAVE_BLKCNT_T=1 -DHAVE_INTPTR_T=1 -DHAVE_UINTPTR_T=1 -DNO_UNION_WAIT=1 -DHAVE_SIGNED_CHAR=1 -DHAVE_LANGINFO=1 -DHAVE_CFMAKERAW=1 -DHAVE_MKSTEMPS=1 -DHAVE_FTS=1 -DHAVE_SYS_IOCTL_H=1 -DTCL_UNLOAD_DLLS=1 -DHAVE_CPUID=1 -DZIPFS_BUILD=1    -DMP_FIXED_CUTOFFS -DBUILD_tcl /home/builder/build/src/tcl9.0.1/libtommath/bn_mp_shrink.c
clang -c -I"." -I/home/builder/build/src/tcl9.0.1/unix -I/home/builder/build/src/tcl9.0.1/generic -I/home/builder/build/src/tcl9.0.1/libtommath -O2 -march=x86-64-v3 -O2 -pipe -fno-plt -fexceptions         -Wp,-D_FORTIFY_SOURCE=3 -fstack-clash-protection -fcf-protection -pipe -m64 -finput-charset=UTF-8  -Wall -Wextra -Wshadow -Wundef -Wwrite-strings -Wpointer-arith -Wc++-compat -fextended-identifiers -fPIC -fno-common -DPACKAGE_NAME=\"tcl\" -DPACKAGE_TARNAME=\"tcl\" -DPACKAGE_VERSION=\"9.0\" -DPACKAGE_STRING=\"tcl\ 9.0\" -DPACKAGE_BUGREPORT=\"\" -DPACKAGE_URL=\"\" -DHAVE_STDIO_H=1 -DHAVE_STDLIB_H=1 -DHAVE_STRING_H=1 -DHAVE_INTTYPES_H=1 -DHAVE_STDINT_H=1 -DHAVE_STRINGS_H=1 -DHAVE_SYS_STAT_H=1 -DHAVE_SYS_TYPES_H=1 -DHAVE_UNISTD_H=1 -DHAVE_SYS_TIME_H=1 -DSTDC_HEADERS=1 -DHAVE_SYS_PARAM_H=1 -DTCL_CFGVAL_ENCODING=\"utf-8\" -D_REENTRANT=1 -D_THREAD_SAFE=1 -DHAVE_PTHREAD_ATTR_SETSTACKSIZE=1 -DHAVE_PTHREAD_ATFORK=1 -DHAVE_DECL_PTHREAD_MUTEX_RECURSIVE=1 -DMODULE_SCOPE=extern\ __attribute__\(\(__visibility__\(\"hidden\"\)\)\) -DHAVE_HIDDEN=1 -DTCL_CFG_DO64BIT=1 -DHAVE_CAST_TO_UNION=1 -DHAVE_STDBOOL_H=1 -DHAVE_VFORK=1 -DHAVE_POSIX_SPAWNP=1 -DHAVE_POSIX_SPAWN_FILE_ACTIONS_ADDDUP2=1 -DHAVE_POSIX_SPAWNATTR_SETFLAGS=1 -DTCL_SHLIB_EXT=\".so\" -DNDEBUG=1 -DTCL_CFG_OPTIMIZED=1 -DMP_PREC=4 -D_LARGEFILE64_SOURCE=1 -DTCL_WIDE_INT_IS_LONG=1 -DHAVE_GETCWD=1 -DHAVE_MKSTEMP=1 -DHAVE_WAITPID=1 -DHAVE_GETNAMEINFO=1 -DHAVE_GETADDRINFO=1 -DHAVE_FREEADDRINFO=1 -DHAVE_GAI_STRERROR=1 -DHAVE_STRUCT_ADDRINFO=1 -DHAVE_STRUCT_IN6_ADDR=1 -DHAVE_STRUCT_SOCKADDR_IN6=1 -DHAVE_STRUCT_SOCKADDR_STORAGE=1 -DHAVE_GETPWUID_R_5=1 -DHAVE_GETPWUID_R=1 -DHAVE_GETPWNAM_R_5=1 -DHAVE_GETPWNAM_R=1 -DHAVE_GETGRGID_R_5=1 -DHAVE_GETGRGID_R=1 -DHAVE_GETGRNAM_R_5=1 -DHAVE_GETGRNAM_R=1 -DHAVE_DECL_GETHOSTBYNAME_R=1 -DHAVE_GETHOSTBYNAME_R_6=1 -DHAVE_GETHOSTBYNAME_R=1 -DHAVE_DECL_GETHOSTBYADDR_R=1 -DHAVE_GETHOSTBYADDR_R_8=1 -DHAVE_GETHOSTBYADDR_R=1 -DHAVE_TERMIOS_H=1 -DHAVE_SYS_IOCTL_H=1 -DHAVE_PSELECT=1 -DHAVE_SYS_EPOLL_H=1 -DNOTIFIER_EPOLL=1 -DHAVE_SYS_EVENTFD_H=1 -DHAVE_EVENTFD=1 -DHAVE_SYS_TIME_H=1 -DHAVE_GMTIME_R=1 -DHAVE_LOCALTIME_R=1 -DHAVE_TM_GMTOFF=1 -DHAVE_TIMEZONE_VAR=1 -DHAVE_STRUCT_STAT_ST_BLOCKS=1 -DHAVE_STRUCT_STAT_ST_BLKSIZE=1 -DHAVE_STRUCT_STAT_ST_RDEV=1 -DHAVE_BLKCNT_T=1 -DHAVE_INTPTR_T=1 -DHAVE_UINTPTR_T=1 -DNO_UNION_WAIT=1 -DHAVE_SIGNED_CHAR=1 -DHAVE_LANGINFO=1 -DHAVE_CFMAKERAW=1 -DHAVE_MKSTEMPS=1 -DHAVE_FTS=1 -DHAVE_SYS_IOCTL_H=1 -DTCL_UNLOAD_DLLS=1 -DHAVE_CPUID=1 -DZIPFS_BUILD=1    -DMP_FIXED_CUTOFFS -DBUILD_tcl /home/builder/build/src/tcl9.0.1/libtommath/bn_mp_sqr.c
clang -c -I"." -I/home/builder/build/src/tcl9.0.1/unix -I/home/builder/build/src/tcl9.0.1/generic -I/home/builder/build/src/tcl9.0.1/libtommath -O2 -march=x86-64-v3 -O2 -pipe -fno-plt -fexceptions         -Wp,-D_FORTIFY_SOURCE=3 -fstack-clash-protection -fcf-protection -pipe -m64 -finput-charset=UTF-8  -Wall -Wextra -Wshadow -Wundef -Wwrite-strings -Wpointer-arith -Wc++-compat -fextended-identifiers -fPIC -fno-common -DPACKAGE_NAME=\"tcl\" -DPACKAGE_TARNAME=\"tcl\" -DPACKAGE_VERSION=\"9.0\" -DPACKAGE_STRING=\"tcl\ 9.0\" -DPACKAGE_BUGREPORT=\"\" -DPACKAGE_URL=\"\" -DHAVE_STDIO_H=1 -DHAVE_STDLIB_H=1 -DHAVE_STRING_H=1 -DHAVE_INTTYPES_H=1 -DHAVE_STDINT_H=1 -DHAVE_STRINGS_H=1 -DHAVE_SYS_STAT_H=1 -DHAVE_SYS_TYPES_H=1 -DHAVE_UNISTD_H=1 -DHAVE_SYS_TIME_H=1 -DSTDC_HEADERS=1 -DHAVE_SYS_PARAM_H=1 -DTCL_CFGVAL_ENCODING=\"utf-8\" -D_REENTRANT=1 -D_THREAD_SAFE=1 -DHAVE_PTHREAD_ATTR_SETSTACKSIZE=1 -DHAVE_PTHREAD_ATFORK=1 -DHAVE_DECL_PTHREAD_MUTEX_RECURSIVE=1 -DMODULE_SCOPE=extern\ __attribute__\(\(__visibility__\(\"hidden\"\)\)\) -DHAVE_HIDDEN=1 -DTCL_CFG_DO64BIT=1 -DHAVE_CAST_TO_UNION=1 -DHAVE_STDBOOL_H=1 -DHAVE_VFORK=1 -DHAVE_POSIX_SPAWNP=1 -DHAVE_POSIX_SPAWN_FILE_ACTIONS_ADDDUP2=1 -DHAVE_POSIX_SPAWNATTR_SETFLAGS=1 -DTCL_SHLIB_EXT=\".so\" -DNDEBUG=1 -DTCL_CFG_OPTIMIZED=1 -DMP_PREC=4 -D_LARGEFILE64_SOURCE=1 -DTCL_WIDE_INT_IS_LONG=1 -DHAVE_GETCWD=1 -DHAVE_MKSTEMP=1 -DHAVE_WAITPID=1 -DHAVE_GETNAMEINFO=1 -DHAVE_GETADDRINFO=1 -DHAVE_FREEADDRINFO=1 -DHAVE_GAI_STRERROR=1 -DHAVE_STRUCT_ADDRINFO=1 -DHAVE_STRUCT_IN6_ADDR=1 -DHAVE_STRUCT_SOCKADDR_IN6=1 -DHAVE_STRUCT_SOCKADDR_STORAGE=1 -DHAVE_GETPWUID_R_5=1 -DHAVE_GETPWUID_R=1 -DHAVE_GETPWNAM_R_5=1 -DHAVE_GETPWNAM_R=1 -DHAVE_GETGRGID_R_5=1 -DHAVE_GETGRGID_R=1 -DHAVE_GETGRNAM_R_5=1 -DHAVE_GETGRNAM_R=1 -DHAVE_DECL_GETHOSTBYNAME_R=1 -DHAVE_GETHOSTBYNAME_R_6=1 -DHAVE_GETHOSTBYNAME_R=1 -DHAVE_DECL_GETHOSTBYADDR_R=1 -DHAVE_GETHOSTBYADDR_R_8=1 -DHAVE_GETHOSTBYADDR_R=1 -DHAVE_TERMIOS_H=1 -DHAVE_SYS_IOCTL_H=1 -DHAVE_PSELECT=1 -DHAVE_SYS_EPOLL_H=1 -DNOTIFIER_EPOLL=1 -DHAVE_SYS_EVENTFD_H=1 -DHAVE_EVENTFD=1 -DHAVE_SYS_TIME_H=1 -DHAVE_GMTIME_R=1 -DHAVE_LOCALTIME_R=1 -DHAVE_TM_GMTOFF=1 -DHAVE_TIMEZONE_VAR=1 -DHAVE_STRUCT_STAT_ST_BLOCKS=1 -DHAVE_STRUCT_STAT_ST_BLKSIZE=1 -DHAVE_STRUCT_STAT_ST_RDEV=1 -DHAVE_BLKCNT_T=1 -DHAVE_INTPTR_T=1 -DHAVE_UINTPTR_T=1 -DNO_UNION_WAIT=1 -DHAVE_SIGNED_CHAR=1 -DHAVE_LANGINFO=1 -DHAVE_CFMAKERAW=1 -DHAVE_MKSTEMPS=1 -DHAVE_FTS=1 -DHAVE_SYS_IOCTL_H=1 -DTCL_UNLOAD_DLLS=1 -DHAVE_CPUID=1 -DZIPFS_BUILD=1    -DMP_FIXED_CUTOFFS -DBUILD_tcl /home/builder/build/src/tcl9.0.1/libtommath/bn_mp_sqrt.c
clang -c -I"." -I/home/builder/build/src/tcl9.0.1/unix -I/home/builder/build/src/tcl9.0.1/generic -I/home/builder/build/src/tcl9.0.1/libtommath -O2 -march=x86-64-v3 -O2 -pipe -fno-plt -fexceptions         -Wp,-D_FORTIFY_SOURCE=3 -fstack-clash-protection -fcf-protection -pipe -m64 -finput-charset=UTF-8  -Wall -Wextra -Wshadow -Wundef -Wwrite-strings -Wpointer-arith -Wc++-compat -fextended-identifiers -fPIC -fno-common -DPACKAGE_NAME=\"tcl\" -DPACKAGE_TARNAME=\"tcl\" -DPACKAGE_VERSION=\"9.0\" -DPACKAGE_STRING=\"tcl\ 9.0\" -DPACKAGE_BUGREPORT=\"\" -DPACKAGE_URL=\"\" -DHAVE_STDIO_H=1 -DHAVE_STDLIB_H=1 -DHAVE_STRING_H=1 -DHAVE_INTTYPES_H=1 -DHAVE_STDINT_H=1 -DHAVE_STRINGS_H=1 -DHAVE_SYS_STAT_H=1 -DHAVE_SYS_TYPES_H=1 -DHAVE_UNISTD_H=1 -DHAVE_SYS_TIME_H=1 -DSTDC_HEADERS=1 -DHAVE_SYS_PARAM_H=1 -DTCL_CFGVAL_ENCODING=\"utf-8\" -D_REENTRANT=1 -D_THREAD_SAFE=1 -DHAVE_PTHREAD_ATTR_SETSTACKSIZE=1 -DHAVE_PTHREAD_ATFORK=1 -DHAVE_DECL_PTHREAD_MUTEX_RECURSIVE=1 -DMODULE_SCOPE=extern\ __attribute__\(\(__visibility__\(\"hidden\"\)\)\) -DHAVE_HIDDEN=1 -DTCL_CFG_DO64BIT=1 -DHAVE_CAST_TO_UNION=1 -DHAVE_STDBOOL_H=1 -DHAVE_VFORK=1 -DHAVE_POSIX_SPAWNP=1 -DHAVE_POSIX_SPAWN_FILE_ACTIONS_ADDDUP2=1 -DHAVE_POSIX_SPAWNATTR_SETFLAGS=1 -DTCL_SHLIB_EXT=\".so\" -DNDEBUG=1 -DTCL_CFG_OPTIMIZED=1 -DMP_PREC=4 -D_LARGEFILE64_SOURCE=1 -DTCL_WIDE_INT_IS_LONG=1 -DHAVE_GETCWD=1 -DHAVE_MKSTEMP=1 -DHAVE_WAITPID=1 -DHAVE_GETNAMEINFO=1 -DHAVE_GETADDRINFO=1 -DHAVE_FREEADDRINFO=1 -DHAVE_GAI_STRERROR=1 -DHAVE_STRUCT_ADDRINFO=1 -DHAVE_STRUCT_IN6_ADDR=1 -DHAVE_STRUCT_SOCKADDR_IN6=1 -DHAVE_STRUCT_SOCKADDR_STORAGE=1 -DHAVE_GETPWUID_R_5=1 -DHAVE_GETPWUID_R=1 -DHAVE_GETPWNAM_R_5=1 -DHAVE_GETPWNAM_R=1 -DHAVE_GETGRGID_R_5=1 -DHAVE_GETGRGID_R=1 -DHAVE_GETGRNAM_R_5=1 -DHAVE_GETGRNAM_R=1 -DHAVE_DECL_GETHOSTBYNAME_R=1 -DHAVE_GETHOSTBYNAME_R_6=1 -DHAVE_GETHOSTBYNAME_R=1 -DHAVE_DECL_GETHOSTBYADDR_R=1 -DHAVE_GETHOSTBYADDR_R_8=1 -DHAVE_GETHOSTBYADDR_R=1 -DHAVE_TERMIOS_H=1 -DHAVE_SYS_IOCTL_H=1 -DHAVE_PSELECT=1 -DHAVE_SYS_EPOLL_H=1 -DNOTIFIER_EPOLL=1 -DHAVE_SYS_EVENTFD_H=1 -DHAVE_EVENTFD=1 -DHAVE_SYS_TIME_H=1 -DHAVE_GMTIME_R=1 -DHAVE_LOCALTIME_R=1 -DHAVE_TM_GMTOFF=1 -DHAVE_TIMEZONE_VAR=1 -DHAVE_STRUCT_STAT_ST_BLOCKS=1 -DHAVE_STRUCT_STAT_ST_BLKSIZE=1 -DHAVE_STRUCT_STAT_ST_RDEV=1 -DHAVE_BLKCNT_T=1 -DHAVE_INTPTR_T=1 -DHAVE_UINTPTR_T=1 -DNO_UNION_WAIT=1 -DHAVE_SIGNED_CHAR=1 -DHAVE_LANGINFO=1 -DHAVE_CFMAKERAW=1 -DHAVE_MKSTEMPS=1 -DHAVE_FTS=1 -DHAVE_SYS_IOCTL_H=1 -DTCL_UNLOAD_DLLS=1 -DHAVE_CPUID=1 -DZIPFS_BUILD=1    -DMP_FIXED_CUTOFFS -DBUILD_tcl /home/builder/build/src/tcl9.0.1/libtommath/bn_mp_sub.c
clang -c -I"." -I/home/builder/build/src/tcl9.0.1/unix -I/home/builder/build/src/tcl9.0.1/generic -I/home/builder/build/src/tcl9.0.1/libtommath -O2 -march=x86-64-v3 -O2 -pipe -fno-plt -fexceptions         -Wp,-D_FORTIFY_SOURCE=3 -fstack-clash-protection -fcf-protection -pipe -m64 -finput-charset=UTF-8  -Wall -Wextra -Wshadow -Wundef -Wwrite-strings -Wpointer-arith -Wc++-compat -fextended-identifiers -fPIC -fno-common -DPACKAGE_NAME=\"tcl\" -DPACKAGE_TARNAME=\"tcl\" -DPACKAGE_VERSION=\"9.0\" -DPACKAGE_STRING=\"tcl\ 9.0\" -DPACKAGE_BUGREPORT=\"\" -DPACKAGE_URL=\"\" -DHAVE_STDIO_H=1 -DHAVE_STDLIB_H=1 -DHAVE_STRING_H=1 -DHAVE_INTTYPES_H=1 -DHAVE_STDINT_H=1 -DHAVE_STRINGS_H=1 -DHAVE_SYS_STAT_H=1 -DHAVE_SYS_TYPES_H=1 -DHAVE_UNISTD_H=1 -DHAVE_SYS_TIME_H=1 -DSTDC_HEADERS=1 -DHAVE_SYS_PARAM_H=1 -DTCL_CFGVAL_ENCODING=\"utf-8\" -D_REENTRANT=1 -D_THREAD_SAFE=1 -DHAVE_PTHREAD_ATTR_SETSTACKSIZE=1 -DHAVE_PTHREAD_ATFORK=1 -DHAVE_DECL_PTHREAD_MUTEX_RECURSIVE=1 -DMODULE_SCOPE=extern\ __attribute__\(\(__visibility__\(\"hidden\"\)\)\) -DHAVE_HIDDEN=1 -DTCL_CFG_DO64BIT=1 -DHAVE_CAST_TO_UNION=1 -DHAVE_STDBOOL_H=1 -DHAVE_VFORK=1 -DHAVE_POSIX_SPAWNP=1 -DHAVE_POSIX_SPAWN_FILE_ACTIONS_ADDDUP2=1 -DHAVE_POSIX_SPAWNATTR_SETFLAGS=1 -DTCL_SHLIB_EXT=\".so\" -DNDEBUG=1 -DTCL_CFG_OPTIMIZED=1 -DMP_PREC=4 -D_LARGEFILE64_SOURCE=1 -DTCL_WIDE_INT_IS_LONG=1 -DHAVE_GETCWD=1 -DHAVE_MKSTEMP=1 -DHAVE_WAITPID=1 -DHAVE_GETNAMEINFO=1 -DHAVE_GETADDRINFO=1 -DHAVE_FREEADDRINFO=1 -DHAVE_GAI_STRERROR=1 -DHAVE_STRUCT_ADDRINFO=1 -DHAVE_STRUCT_IN6_ADDR=1 -DHAVE_STRUCT_SOCKADDR_IN6=1 -DHAVE_STRUCT_SOCKADDR_STORAGE=1 -DHAVE_GETPWUID_R_5=1 -DHAVE_GETPWUID_R=1 -DHAVE_GETPWNAM_R_5=1 -DHAVE_GETPWNAM_R=1 -DHAVE_GETGRGID_R_5=1 -DHAVE_GETGRGID_R=1 -DHAVE_GETGRNAM_R_5=1 -DHAVE_GETGRNAM_R=1 -DHAVE_DECL_GETHOSTBYNAME_R=1 -DHAVE_GETHOSTBYNAME_R_6=1 -DHAVE_GETHOSTBYNAME_R=1 -DHAVE_DECL_GETHOSTBYADDR_R=1 -DHAVE_GETHOSTBYADDR_R_8=1 -DHAVE_GETHOSTBYADDR_R=1 -DHAVE_TERMIOS_H=1 -DHAVE_SYS_IOCTL_H=1 -DHAVE_PSELECT=1 -DHAVE_SYS_EPOLL_H=1 -DNOTIFIER_EPOLL=1 -DHAVE_SYS_EVENTFD_H=1 -DHAVE_EVENTFD=1 -DHAVE_SYS_TIME_H=1 -DHAVE_GMTIME_R=1 -DHAVE_LOCALTIME_R=1 -DHAVE_TM_GMTOFF=1 -DHAVE_TIMEZONE_VAR=1 -DHAVE_STRUCT_STAT_ST_BLOCKS=1 -DHAVE_STRUCT_STAT_ST_BLKSIZE=1 -DHAVE_STRUCT_STAT_ST_RDEV=1 -DHAVE_BLKCNT_T=1 -DHAVE_INTPTR_T=1 -DHAVE_UINTPTR_T=1 -DNO_UNION_WAIT=1 -DHAVE_SIGNED_CHAR=1 -DHAVE_LANGINFO=1 -DHAVE_CFMAKERAW=1 -DHAVE_MKSTEMPS=1 -DHAVE_FTS=1 -DHAVE_SYS_IOCTL_H=1 -DTCL_UNLOAD_DLLS=1 -DHAVE_CPUID=1 -DZIPFS_BUILD=1    -DMP_FIXED_CUTOFFS -DBUILD_tcl /home/builder/build/src/tcl9.0.1/libtommath/bn_mp_sub_d.c
clang -c -I"." -I/home/builder/build/src/tcl9.0.1/unix -I/home/builder/build/src/tcl9.0.1/generic -I/home/builder/build/src/tcl9.0.1/libtommath -O2 -march=x86-64-v3 -O2 -pipe -fno-plt -fexceptions         -Wp,-D_FORTIFY_SOURCE=3 -fstack-clash-protection -fcf-protection -pipe -m64 -finput-charset=UTF-8  -Wall -Wextra -Wshadow -Wundef -Wwrite-strings -Wpointer-arith -Wc++-compat -fextended-identifiers -fPIC -fno-common -DPACKAGE_NAME=\"tcl\" -DPACKAGE_TARNAME=\"tcl\" -DPACKAGE_VERSION=\"9.0\" -DPACKAGE_STRING=\"tcl\ 9.0\" -DPACKAGE_BUGREPORT=\"\" -DPACKAGE_URL=\"\" -DHAVE_STDIO_H=1 -DHAVE_STDLIB_H=1 -DHAVE_STRING_H=1 -DHAVE_INTTYPES_H=1 -DHAVE_STDINT_H=1 -DHAVE_STRINGS_H=1 -DHAVE_SYS_STAT_H=1 -DHAVE_SYS_TYPES_H=1 -DHAVE_UNISTD_H=1 -DHAVE_SYS_TIME_H=1 -DSTDC_HEADERS=1 -DHAVE_SYS_PARAM_H=1 -DTCL_CFGVAL_ENCODING=\"utf-8\" -D_REENTRANT=1 -D_THREAD_SAFE=1 -DHAVE_PTHREAD_ATTR_SETSTACKSIZE=1 -DHAVE_PTHREAD_ATFORK=1 -DHAVE_DECL_PTHREAD_MUTEX_RECURSIVE=1 -DMODULE_SCOPE=extern\ __attribute__\(\(__visibility__\(\"hidden\"\)\)\) -DHAVE_HIDDEN=1 -DTCL_CFG_DO64BIT=1 -DHAVE_CAST_TO_UNION=1 -DHAVE_STDBOOL_H=1 -DHAVE_VFORK=1 -DHAVE_POSIX_SPAWNP=1 -DHAVE_POSIX_SPAWN_FILE_ACTIONS_ADDDUP2=1 -DHAVE_POSIX_SPAWNATTR_SETFLAGS=1 -DTCL_SHLIB_EXT=\".so\" -DNDEBUG=1 -DTCL_CFG_OPTIMIZED=1 -DMP_PREC=4 -D_LARGEFILE64_SOURCE=1 -DTCL_WIDE_INT_IS_LONG=1 -DHAVE_GETCWD=1 -DHAVE_MKSTEMP=1 -DHAVE_WAITPID=1 -DHAVE_GETNAMEINFO=1 -DHAVE_GETADDRINFO=1 -DHAVE_FREEADDRINFO=1 -DHAVE_GAI_STRERROR=1 -DHAVE_STRUCT_ADDRINFO=1 -DHAVE_STRUCT_IN6_ADDR=1 -DHAVE_STRUCT_SOCKADDR_IN6=1 -DHAVE_STRUCT_SOCKADDR_STORAGE=1 -DHAVE_GETPWUID_R_5=1 -DHAVE_GETPWUID_R=1 -DHAVE_GETPWNAM_R_5=1 -DHAVE_GETPWNAM_R=1 -DHAVE_GETGRGID_R_5=1 -DHAVE_GETGRGID_R=1 -DHAVE_GETGRNAM_R_5=1 -DHAVE_GETGRNAM_R=1 -DHAVE_DECL_GETHOSTBYNAME_R=1 -DHAVE_GETHOSTBYNAME_R_6=1 -DHAVE_GETHOSTBYNAME_R=1 -DHAVE_DECL_GETHOSTBYADDR_R=1 -DHAVE_GETHOSTBYADDR_R_8=1 -DHAVE_GETHOSTBYADDR_R=1 -DHAVE_TERMIOS_H=1 -DHAVE_SYS_IOCTL_H=1 -DHAVE_PSELECT=1 -DHAVE_SYS_EPOLL_H=1 -DNOTIFIER_EPOLL=1 -DHAVE_SYS_EVENTFD_H=1 -DHAVE_EVENTFD=1 -DHAVE_SYS_TIME_H=1 -DHAVE_GMTIME_R=1 -DHAVE_LOCALTIME_R=1 -DHAVE_TM_GMTOFF=1 -DHAVE_TIMEZONE_VAR=1 -DHAVE_STRUCT_STAT_ST_BLOCKS=1 -DHAVE_STRUCT_STAT_ST_BLKSIZE=1 -DHAVE_STRUCT_STAT_ST_RDEV=1 -DHAVE_BLKCNT_T=1 -DHAVE_INTPTR_T=1 -DHAVE_UINTPTR_T=1 -DNO_UNION_WAIT=1 -DHAVE_SIGNED_CHAR=1 -DHAVE_LANGINFO=1 -DHAVE_CFMAKERAW=1 -DHAVE_MKSTEMPS=1 -DHAVE_FTS=1 -DHAVE_SYS_IOCTL_H=1 -DTCL_UNLOAD_DLLS=1 -DHAVE_CPUID=1 -DZIPFS_BUILD=1    -DMP_FIXED_CUTOFFS -DBUILD_tcl /home/builder/build/src/tcl9.0.1/libtommath/bn_mp_signed_rsh.c
clang -c -I"." -I/home/builder/build/src/tcl9.0.1/unix -I/home/builder/build/src/tcl9.0.1/generic -I/home/builder/build/src/tcl9.0.1/libtommath -O2 -march=x86-64-v3 -O2 -pipe -fno-plt -fexceptions         -Wp,-D_FORTIFY_SOURCE=3 -fstack-clash-protection -fcf-protection -pipe -m64 -finput-charset=UTF-8  -Wall -Wextra -Wshadow -Wundef -Wwrite-strings -Wpointer-arith -Wc++-compat -fextended-identifiers -fPIC -fno-common -DPACKAGE_NAME=\"tcl\" -DPACKAGE_TARNAME=\"tcl\" -DPACKAGE_VERSION=\"9.0\" -DPACKAGE_STRING=\"tcl\ 9.0\" -DPACKAGE_BUGREPORT=\"\" -DPACKAGE_URL=\"\" -DHAVE_STDIO_H=1 -DHAVE_STDLIB_H=1 -DHAVE_STRING_H=1 -DHAVE_INTTYPES_H=1 -DHAVE_STDINT_H=1 -DHAVE_STRINGS_H=1 -DHAVE_SYS_STAT_H=1 -DHAVE_SYS_TYPES_H=1 -DHAVE_UNISTD_H=1 -DHAVE_SYS_TIME_H=1 -DSTDC_HEADERS=1 -DHAVE_SYS_PARAM_H=1 -DTCL_CFGVAL_ENCODING=\"utf-8\" -D_REENTRANT=1 -D_THREAD_SAFE=1 -DHAVE_PTHREAD_ATTR_SETSTACKSIZE=1 -DHAVE_PTHREAD_ATFORK=1 -DHAVE_DECL_PTHREAD_MUTEX_RECURSIVE=1 -DMODULE_SCOPE=extern\ __attribute__\(\(__visibility__\(\"hidden\"\)\)\) -DHAVE_HIDDEN=1 -DTCL_CFG_DO64BIT=1 -DHAVE_CAST_TO_UNION=1 -DHAVE_STDBOOL_H=1 -DHAVE_VFORK=1 -DHAVE_POSIX_SPAWNP=1 -DHAVE_POSIX_SPAWN_FILE_ACTIONS_ADDDUP2=1 -DHAVE_POSIX_SPAWNATTR_SETFLAGS=1 -DTCL_SHLIB_EXT=\".so\" -DNDEBUG=1 -DTCL_CFG_OPTIMIZED=1 -DMP_PREC=4 -D_LARGEFILE64_SOURCE=1 -DTCL_WIDE_INT_IS_LONG=1 -DHAVE_GETCWD=1 -DHAVE_MKSTEMP=1 -DHAVE_WAITPID=1 -DHAVE_GETNAMEINFO=1 -DHAVE_GETADDRINFO=1 -DHAVE_FREEADDRINFO=1 -DHAVE_GAI_STRERROR=1 -DHAVE_STRUCT_ADDRINFO=1 -DHAVE_STRUCT_IN6_ADDR=1 -DHAVE_STRUCT_SOCKADDR_IN6=1 -DHAVE_STRUCT_SOCKADDR_STORAGE=1 -DHAVE_GETPWUID_R_5=1 -DHAVE_GETPWUID_R=1 -DHAVE_GETPWNAM_R_5=1 -DHAVE_GETPWNAM_R=1 -DHAVE_GETGRGID_R_5=1 -DHAVE_GETGRGID_R=1 -DHAVE_GETGRNAM_R_5=1 -DHAVE_GETGRNAM_R=1 -DHAVE_DECL_GETHOSTBYNAME_R=1 -DHAVE_GETHOSTBYNAME_R_6=1 -DHAVE_GETHOSTBYNAME_R=1 -DHAVE_DECL_GETHOSTBYADDR_R=1 -DHAVE_GETHOSTBYADDR_R_8=1 -DHAVE_GETHOSTBYADDR_R=1 -DHAVE_TERMIOS_H=1 -DHAVE_SYS_IOCTL_H=1 -DHAVE_PSELECT=1 -DHAVE_SYS_EPOLL_H=1 -DNOTIFIER_EPOLL=1 -DHAVE_SYS_EVENTFD_H=1 -DHAVE_EVENTFD=1 -DHAVE_SYS_TIME_H=1 -DHAVE_GMTIME_R=1 -DHAVE_LOCALTIME_R=1 -DHAVE_TM_GMTOFF=1 -DHAVE_TIMEZONE_VAR=1 -DHAVE_STRUCT_STAT_ST_BLOCKS=1 -DHAVE_STRUCT_STAT_ST_BLKSIZE=1 -DHAVE_STRUCT_STAT_ST_RDEV=1 -DHAVE_BLKCNT_T=1 -DHAVE_INTPTR_T=1 -DHAVE_UINTPTR_T=1 -DNO_UNION_WAIT=1 -DHAVE_SIGNED_CHAR=1 -DHAVE_LANGINFO=1 -DHAVE_CFMAKERAW=1 -DHAVE_MKSTEMPS=1 -DHAVE_FTS=1 -DHAVE_SYS_IOCTL_H=1 -DTCL_UNLOAD_DLLS=1 -DHAVE_CPUID=1 -DZIPFS_BUILD=1    -DMP_FIXED_CUTOFFS -DBUILD_tcl /home/builder/build/src/tcl9.0.1/libtommath/bn_mp_to_ubin.c
clang -c -I"." -I/home/builder/build/src/tcl9.0.1/unix -I/home/builder/build/src/tcl9.0.1/generic -I/home/builder/build/src/tcl9.0.1/libtommath -O2 -march=x86-64-v3 -O2 -pipe -fno-plt -fexceptions         -Wp,-D_FORTIFY_SOURCE=3 -fstack-clash-protection -fcf-protection -pipe -m64 -finput-charset=UTF-8  -Wall -Wextra -Wshadow -Wundef -Wwrite-strings -Wpointer-arith -Wc++-compat -fextended-identifiers -fPIC -fno-common -DPACKAGE_NAME=\"tcl\" -DPACKAGE_TARNAME=\"tcl\" -DPACKAGE_VERSION=\"9.0\" -DPACKAGE_STRING=\"tcl\ 9.0\" -DPACKAGE_BUGREPORT=\"\" -DPACKAGE_URL=\"\" -DHAVE_STDIO_H=1 -DHAVE_STDLIB_H=1 -DHAVE_STRING_H=1 -DHAVE_INTTYPES_H=1 -DHAVE_STDINT_H=1 -DHAVE_STRINGS_H=1 -DHAVE_SYS_STAT_H=1 -DHAVE_SYS_TYPES_H=1 -DHAVE_UNISTD_H=1 -DHAVE_SYS_TIME_H=1 -DSTDC_HEADERS=1 -DHAVE_SYS_PARAM_H=1 -DTCL_CFGVAL_ENCODING=\"utf-8\" -D_REENTRANT=1 -D_THREAD_SAFE=1 -DHAVE_PTHREAD_ATTR_SETSTACKSIZE=1 -DHAVE_PTHREAD_ATFORK=1 -DHAVE_DECL_PTHREAD_MUTEX_RECURSIVE=1 -DMODULE_SCOPE=extern\ __attribute__\(\(__visibility__\(\"hidden\"\)\)\) -DHAVE_HIDDEN=1 -DTCL_CFG_DO64BIT=1 -DHAVE_CAST_TO_UNION=1 -DHAVE_STDBOOL_H=1 -DHAVE_VFORK=1 -DHAVE_POSIX_SPAWNP=1 -DHAVE_POSIX_SPAWN_FILE_ACTIONS_ADDDUP2=1 -DHAVE_POSIX_SPAWNATTR_SETFLAGS=1 -DTCL_SHLIB_EXT=\".so\" -DNDEBUG=1 -DTCL_CFG_OPTIMIZED=1 -DMP_PREC=4 -D_LARGEFILE64_SOURCE=1 -DTCL_WIDE_INT_IS_LONG=1 -DHAVE_GETCWD=1 -DHAVE_MKSTEMP=1 -DHAVE_WAITPID=1 -DHAVE_GETNAMEINFO=1 -DHAVE_GETADDRINFO=1 -DHAVE_FREEADDRINFO=1 -DHAVE_GAI_STRERROR=1 -DHAVE_STRUCT_ADDRINFO=1 -DHAVE_STRUCT_IN6_ADDR=1 -DHAVE_STRUCT_SOCKADDR_IN6=1 -DHAVE_STRUCT_SOCKADDR_STORAGE=1 -DHAVE_GETPWUID_R_5=1 -DHAVE_GETPWUID_R=1 -DHAVE_GETPWNAM_R_5=1 -DHAVE_GETPWNAM_R=1 -DHAVE_GETGRGID_R_5=1 -DHAVE_GETGRGID_R=1 -DHAVE_GETGRNAM_R_5=1 -DHAVE_GETGRNAM_R=1 -DHAVE_DECL_GETHOSTBYNAME_R=1 -DHAVE_GETHOSTBYNAME_R_6=1 -DHAVE_GETHOSTBYNAME_R=1 -DHAVE_DECL_GETHOSTBYADDR_R=1 -DHAVE_GETHOSTBYADDR_R_8=1 -DHAVE_GETHOSTBYADDR_R=1 -DHAVE_TERMIOS_H=1 -DHAVE_SYS_IOCTL_H=1 -DHAVE_PSELECT=1 -DHAVE_SYS_EPOLL_H=1 -DNOTIFIER_EPOLL=1 -DHAVE_SYS_EVENTFD_H=1 -DHAVE_EVENTFD=1 -DHAVE_SYS_TIME_H=1 -DHAVE_GMTIME_R=1 -DHAVE_LOCALTIME_R=1 -DHAVE_TM_GMTOFF=1 -DHAVE_TIMEZONE_VAR=1 -DHAVE_STRUCT_STAT_ST_BLOCKS=1 -DHAVE_STRUCT_STAT_ST_BLKSIZE=1 -DHAVE_STRUCT_STAT_ST_RDEV=1 -DHAVE_BLKCNT_T=1 -DHAVE_INTPTR_T=1 -DHAVE_UINTPTR_T=1 -DNO_UNION_WAIT=1 -DHAVE_SIGNED_CHAR=1 -DHAVE_LANGINFO=1 -DHAVE_CFMAKERAW=1 -DHAVE_MKSTEMPS=1 -DHAVE_FTS=1 -DHAVE_SYS_IOCTL_H=1 -DTCL_UNLOAD_DLLS=1 -DHAVE_CPUID=1 -DZIPFS_BUILD=1    -DMP_FIXED_CUTOFFS -DBUILD_tcl /home/builder/build/src/tcl9.0.1/libtommath/bn_mp_unpack.c
clang -c -I"." -I/home/builder/build/src/tcl9.0.1/unix -I/home/builder/build/src/tcl9.0.1/generic -I/home/builder/build/src/tcl9.0.1/libtommath -O2 -march=x86-64-v3 -O2 -pipe -fno-plt -fexceptions         -Wp,-D_FORTIFY_SOURCE=3 -fstack-clash-protection -fcf-protection -pipe -m64 -finput-charset=UTF-8  -Wall -Wextra -Wshadow -Wundef -Wwrite-strings -Wpointer-arith -Wc++-compat -fextended-identifiers -fPIC -fno-common -DPACKAGE_NAME=\"tcl\" -DPACKAGE_TARNAME=\"tcl\" -DPACKAGE_VERSION=\"9.0\" -DPACKAGE_STRING=\"tcl\ 9.0\" -DPACKAGE_BUGREPORT=\"\" -DPACKAGE_URL=\"\" -DHAVE_STDIO_H=1 -DHAVE_STDLIB_H=1 -DHAVE_STRING_H=1 -DHAVE_INTTYPES_H=1 -DHAVE_STDINT_H=1 -DHAVE_STRINGS_H=1 -DHAVE_SYS_STAT_H=1 -DHAVE_SYS_TYPES_H=1 -DHAVE_UNISTD_H=1 -DHAVE_SYS_TIME_H=1 -DSTDC_HEADERS=1 -DHAVE_SYS_PARAM_H=1 -DTCL_CFGVAL_ENCODING=\"utf-8\" -D_REENTRANT=1 -D_THREAD_SAFE=1 -DHAVE_PTHREAD_ATTR_SETSTACKSIZE=1 -DHAVE_PTHREAD_ATFORK=1 -DHAVE_DECL_PTHREAD_MUTEX_RECURSIVE=1 -DMODULE_SCOPE=extern\ __attribute__\(\(__visibility__\(\"hidden\"\)\)\) -DHAVE_HIDDEN=1 -DTCL_CFG_DO64BIT=1 -DHAVE_CAST_TO_UNION=1 -DHAVE_STDBOOL_H=1 -DHAVE_VFORK=1 -DHAVE_POSIX_SPAWNP=1 -DHAVE_POSIX_SPAWN_FILE_ACTIONS_ADDDUP2=1 -DHAVE_POSIX_SPAWNATTR_SETFLAGS=1 -DTCL_SHLIB_EXT=\".so\" -DNDEBUG=1 -DTCL_CFG_OPTIMIZED=1 -DMP_PREC=4 -D_LARGEFILE64_SOURCE=1 -DTCL_WIDE_INT_IS_LONG=1 -DHAVE_GETCWD=1 -DHAVE_MKSTEMP=1 -DHAVE_WAITPID=1 -DHAVE_GETNAMEINFO=1 -DHAVE_GETADDRINFO=1 -DHAVE_FREEADDRINFO=1 -DHAVE_GAI_STRERROR=1 -DHAVE_STRUCT_ADDRINFO=1 -DHAVE_STRUCT_IN6_ADDR=1 -DHAVE_STRUCT_SOCKADDR_IN6=1 -DHAVE_STRUCT_SOCKADDR_STORAGE=1 -DHAVE_GETPWUID_R_5=1 -DHAVE_GETPWUID_R=1 -DHAVE_GETPWNAM_R_5=1 -DHAVE_GETPWNAM_R=1 -DHAVE_GETGRGID_R_5=1 -DHAVE_GETGRGID_R=1 -DHAVE_GETGRNAM_R_5=1 -DHAVE_GETGRNAM_R=1 -DHAVE_DECL_GETHOSTBYNAME_R=1 -DHAVE_GETHOSTBYNAME_R_6=1 -DHAVE_GETHOSTBYNAME_R=1 -DHAVE_DECL_GETHOSTBYADDR_R=1 -DHAVE_GETHOSTBYADDR_R_8=1 -DHAVE_GETHOSTBYADDR_R=1 -DHAVE_TERMIOS_H=1 -DHAVE_SYS_IOCTL_H=1 -DHAVE_PSELECT=1 -DHAVE_SYS_EPOLL_H=1 -DNOTIFIER_EPOLL=1 -DHAVE_SYS_EVENTFD_H=1 -DHAVE_EVENTFD=1 -DHAVE_SYS_TIME_H=1 -DHAVE_GMTIME_R=1 -DHAVE_LOCALTIME_R=1 -DHAVE_TM_GMTOFF=1 -DHAVE_TIMEZONE_VAR=1 -DHAVE_STRUCT_STAT_ST_BLOCKS=1 -DHAVE_STRUCT_STAT_ST_BLKSIZE=1 -DHAVE_STRUCT_STAT_ST_RDEV=1 -DHAVE_BLKCNT_T=1 -DHAVE_INTPTR_T=1 -DHAVE_UINTPTR_T=1 -DNO_UNION_WAIT=1 -DHAVE_SIGNED_CHAR=1 -DHAVE_LANGINFO=1 -DHAVE_CFMAKERAW=1 -DHAVE_MKSTEMPS=1 -DHAVE_FTS=1 -DHAVE_SYS_IOCTL_H=1 -DTCL_UNLOAD_DLLS=1 -DHAVE_CPUID=1 -DZIPFS_BUILD=1    -DMP_FIXED_CUTOFFS -DBUILD_tcl /home/builder/build/src/tcl9.0.1/libtommath/bn_s_mp_toom_mul.c
clang -c -I"." -I/home/builder/build/src/tcl9.0.1/unix -I/home/builder/build/src/tcl9.0.1/generic -I/home/builder/build/src/tcl9.0.1/libtommath -O2 -march=x86-64-v3 -O2 -pipe -fno-plt -fexceptions         -Wp,-D_FORTIFY_SOURCE=3 -fstack-clash-protection -fcf-protection -pipe -m64 -finput-charset=UTF-8  -Wall -Wextra -Wshadow -Wundef -Wwrite-strings -Wpointer-arith -Wc++-compat -fextended-identifiers -fPIC -fno-common -DPACKAGE_NAME=\"tcl\" -DPACKAGE_TARNAME=\"tcl\" -DPACKAGE_VERSION=\"9.0\" -DPACKAGE_STRING=\"tcl\ 9.0\" -DPACKAGE_BUGREPORT=\"\" -DPACKAGE_URL=\"\" -DHAVE_STDIO_H=1 -DHAVE_STDLIB_H=1 -DHAVE_STRING_H=1 -DHAVE_INTTYPES_H=1 -DHAVE_STDINT_H=1 -DHAVE_STRINGS_H=1 -DHAVE_SYS_STAT_H=1 -DHAVE_SYS_TYPES_H=1 -DHAVE_UNISTD_H=1 -DHAVE_SYS_TIME_H=1 -DSTDC_HEADERS=1 -DHAVE_SYS_PARAM_H=1 -DTCL_CFGVAL_ENCODING=\"utf-8\" -D_REENTRANT=1 -D_THREAD_SAFE=1 -DHAVE_PTHREAD_ATTR_SETSTACKSIZE=1 -DHAVE_PTHREAD_ATFORK=1 -DHAVE_DECL_PTHREAD_MUTEX_RECURSIVE=1 -DMODULE_SCOPE=extern\ __attribute__\(\(__visibility__\(\"hidden\"\)\)\) -DHAVE_HIDDEN=1 -DTCL_CFG_DO64BIT=1 -DHAVE_CAST_TO_UNION=1 -DHAVE_STDBOOL_H=1 -DHAVE_VFORK=1 -DHAVE_POSIX_SPAWNP=1 -DHAVE_POSIX_SPAWN_FILE_ACTIONS_ADDDUP2=1 -DHAVE_POSIX_SPAWNATTR_SETFLAGS=1 -DTCL_SHLIB_EXT=\".so\" -DNDEBUG=1 -DTCL_CFG_OPTIMIZED=1 -DMP_PREC=4 -D_LARGEFILE64_SOURCE=1 -DTCL_WIDE_INT_IS_LONG=1 -DHAVE_GETCWD=1 -DHAVE_MKSTEMP=1 -DHAVE_WAITPID=1 -DHAVE_GETNAMEINFO=1 -DHAVE_GETADDRINFO=1 -DHAVE_FREEADDRINFO=1 -DHAVE_GAI_STRERROR=1 -DHAVE_STRUCT_ADDRINFO=1 -DHAVE_STRUCT_IN6_ADDR=1 -DHAVE_STRUCT_SOCKADDR_IN6=1 -DHAVE_STRUCT_SOCKADDR_STORAGE=1 -DHAVE_GETPWUID_R_5=1 -DHAVE_GETPWUID_R=1 -DHAVE_GETPWNAM_R_5=1 -DHAVE_GETPWNAM_R=1 -DHAVE_GETGRGID_R_5=1 -DHAVE_GETGRGID_R=1 -DHAVE_GETGRNAM_R_5=1 -DHAVE_GETGRNAM_R=1 -DHAVE_DECL_GETHOSTBYNAME_R=1 -DHAVE_GETHOSTBYNAME_R_6=1 -DHAVE_GETHOSTBYNAME_R=1 -DHAVE_DECL_GETHOSTBYADDR_R=1 -DHAVE_GETHOSTBYADDR_R_8=1 -DHAVE_GETHOSTBYADDR_R=1 -DHAVE_TERMIOS_H=1 -DHAVE_SYS_IOCTL_H=1 -DHAVE_PSELECT=1 -DHAVE_SYS_EPOLL_H=1 -DNOTIFIER_EPOLL=1 -DHAVE_SYS_EVENTFD_H=1 -DHAVE_EVENTFD=1 -DHAVE_SYS_TIME_H=1 -DHAVE_GMTIME_R=1 -DHAVE_LOCALTIME_R=1 -DHAVE_TM_GMTOFF=1 -DHAVE_TIMEZONE_VAR=1 -DHAVE_STRUCT_STAT_ST_BLOCKS=1 -DHAVE_STRUCT_STAT_ST_BLKSIZE=1 -DHAVE_STRUCT_STAT_ST_RDEV=1 -DHAVE_BLKCNT_T=1 -DHAVE_INTPTR_T=1 -DHAVE_UINTPTR_T=1 -DNO_UNION_WAIT=1 -DHAVE_SIGNED_CHAR=1 -DHAVE_LANGINFO=1 -DHAVE_CFMAKERAW=1 -DHAVE_MKSTEMPS=1 -DHAVE_FTS=1 -DHAVE_SYS_IOCTL_H=1 -DTCL_UNLOAD_DLLS=1 -DHAVE_CPUID=1 -DZIPFS_BUILD=1    -DMP_FIXED_CUTOFFS -DBUILD_tcl /home/builder/build/src/tcl9.0.1/libtommath/bn_s_mp_toom_sqr.c
clang -c -I"." -I/home/builder/build/src/tcl9.0.1/unix -I/home/builder/build/src/tcl9.0.1/generic -I/home/builder/build/src/tcl9.0.1/libtommath -O2 -march=x86-64-v3 -O2 -pipe -fno-plt -fexceptions         -Wp,-D_FORTIFY_SOURCE=3 -fstack-clash-protection -fcf-protection -pipe -m64 -finput-charset=UTF-8  -Wall -Wextra -Wshadow -Wundef -Wwrite-strings -Wpointer-arith -Wc++-compat -fextended-identifiers -fPIC -fno-common -DPACKAGE_NAME=\"tcl\" -DPACKAGE_TARNAME=\"tcl\" -DPACKAGE_VERSION=\"9.0\" -DPACKAGE_STRING=\"tcl\ 9.0\" -DPACKAGE_BUGREPORT=\"\" -DPACKAGE_URL=\"\" -DHAVE_STDIO_H=1 -DHAVE_STDLIB_H=1 -DHAVE_STRING_H=1 -DHAVE_INTTYPES_H=1 -DHAVE_STDINT_H=1 -DHAVE_STRINGS_H=1 -DHAVE_SYS_STAT_H=1 -DHAVE_SYS_TYPES_H=1 -DHAVE_UNISTD_H=1 -DHAVE_SYS_TIME_H=1 -DSTDC_HEADERS=1 -DHAVE_SYS_PARAM_H=1 -DTCL_CFGVAL_ENCODING=\"utf-8\" -D_REENTRANT=1 -D_THREAD_SAFE=1 -DHAVE_PTHREAD_ATTR_SETSTACKSIZE=1 -DHAVE_PTHREAD_ATFORK=1 -DHAVE_DECL_PTHREAD_MUTEX_RECURSIVE=1 -DMODULE_SCOPE=extern\ __attribute__\(\(__visibility__\(\"hidden\"\)\)\) -DHAVE_HIDDEN=1 -DTCL_CFG_DO64BIT=1 -DHAVE_CAST_TO_UNION=1 -DHAVE_STDBOOL_H=1 -DHAVE_VFORK=1 -DHAVE_POSIX_SPAWNP=1 -DHAVE_POSIX_SPAWN_FILE_ACTIONS_ADDDUP2=1 -DHAVE_POSIX_SPAWNATTR_SETFLAGS=1 -DTCL_SHLIB_EXT=\".so\" -DNDEBUG=1 -DTCL_CFG_OPTIMIZED=1 -DMP_PREC=4 -D_LARGEFILE64_SOURCE=1 -DTCL_WIDE_INT_IS_LONG=1 -DHAVE_GETCWD=1 -DHAVE_MKSTEMP=1 -DHAVE_WAITPID=1 -DHAVE_GETNAMEINFO=1 -DHAVE_GETADDRINFO=1 -DHAVE_FREEADDRINFO=1 -DHAVE_GAI_STRERROR=1 -DHAVE_STRUCT_ADDRINFO=1 -DHAVE_STRUCT_IN6_ADDR=1 -DHAVE_STRUCT_SOCKADDR_IN6=1 -DHAVE_STRUCT_SOCKADDR_STORAGE=1 -DHAVE_GETPWUID_R_5=1 -DHAVE_GETPWUID_R=1 -DHAVE_GETPWNAM_R_5=1 -DHAVE_GETPWNAM_R=1 -DHAVE_GETGRGID_R_5=1 -DHAVE_GETGRGID_R=1 -DHAVE_GETGRNAM_R_5=1 -DHAVE_GETGRNAM_R=1 -DHAVE_DECL_GETHOSTBYNAME_R=1 -DHAVE_GETHOSTBYNAME_R_6=1 -DHAVE_GETHOSTBYNAME_R=1 -DHAVE_DECL_GETHOSTBYADDR_R=1 -DHAVE_GETHOSTBYADDR_R_8=1 -DHAVE_GETHOSTBYADDR_R=1 -DHAVE_TERMIOS_H=1 -DHAVE_SYS_IOCTL_H=1 -DHAVE_PSELECT=1 -DHAVE_SYS_EPOLL_H=1 -DNOTIFIER_EPOLL=1 -DHAVE_SYS_EVENTFD_H=1 -DHAVE_EVENTFD=1 -DHAVE_SYS_TIME_H=1 -DHAVE_GMTIME_R=1 -DHAVE_LOCALTIME_R=1 -DHAVE_TM_GMTOFF=1 -DHAVE_TIMEZONE_VAR=1 -DHAVE_STRUCT_STAT_ST_BLOCKS=1 -DHAVE_STRUCT_STAT_ST_BLKSIZE=1 -DHAVE_STRUCT_STAT_ST_RDEV=1 -DHAVE_BLKCNT_T=1 -DHAVE_INTPTR_T=1 -DHAVE_UINTPTR_T=1 -DNO_UNION_WAIT=1 -DHAVE_SIGNED_CHAR=1 -DHAVE_LANGINFO=1 -DHAVE_CFMAKERAW=1 -DHAVE_MKSTEMPS=1 -DHAVE_FTS=1 -DHAVE_SYS_IOCTL_H=1 -DTCL_UNLOAD_DLLS=1 -DHAVE_CPUID=1 -DZIPFS_BUILD=1    -DMP_FIXED_CUTOFFS -DBUILD_tcl /home/builder/build/src/tcl9.0.1/libtommath/bn_mp_to_radix.c
clang -c -I"." -I/home/builder/build/src/tcl9.0.1/unix -I/home/builder/build/src/tcl9.0.1/generic -I/home/builder/build/src/tcl9.0.1/libtommath -O2 -march=x86-64-v3 -O2 -pipe -fno-plt -fexceptions         -Wp,-D_FORTIFY_SOURCE=3 -fstack-clash-protection -fcf-protection -pipe -m64 -finput-charset=UTF-8  -Wall -Wextra -Wshadow -Wundef -Wwrite-strings -Wpointer-arith -Wc++-compat -fextended-identifiers -fPIC -fno-common -DPACKAGE_NAME=\"tcl\" -DPACKAGE_TARNAME=\"tcl\" -DPACKAGE_VERSION=\"9.0\" -DPACKAGE_STRING=\"tcl\ 9.0\" -DPACKAGE_BUGREPORT=\"\" -DPACKAGE_URL=\"\" -DHAVE_STDIO_H=1 -DHAVE_STDLIB_H=1 -DHAVE_STRING_H=1 -DHAVE_INTTYPES_H=1 -DHAVE_STDINT_H=1 -DHAVE_STRINGS_H=1 -DHAVE_SYS_STAT_H=1 -DHAVE_SYS_TYPES_H=1 -DHAVE_UNISTD_H=1 -DHAVE_SYS_TIME_H=1 -DSTDC_HEADERS=1 -DHAVE_SYS_PARAM_H=1 -DTCL_CFGVAL_ENCODING=\"utf-8\" -D_REENTRANT=1 -D_THREAD_SAFE=1 -DHAVE_PTHREAD_ATTR_SETSTACKSIZE=1 -DHAVE_PTHREAD_ATFORK=1 -DHAVE_DECL_PTHREAD_MUTEX_RECURSIVE=1 -DMODULE_SCOPE=extern\ __attribute__\(\(__visibility__\(\"hidden\"\)\)\) -DHAVE_HIDDEN=1 -DTCL_CFG_DO64BIT=1 -DHAVE_CAST_TO_UNION=1 -DHAVE_STDBOOL_H=1 -DHAVE_VFORK=1 -DHAVE_POSIX_SPAWNP=1 -DHAVE_POSIX_SPAWN_FILE_ACTIONS_ADDDUP2=1 -DHAVE_POSIX_SPAWNATTR_SETFLAGS=1 -DTCL_SHLIB_EXT=\".so\" -DNDEBUG=1 -DTCL_CFG_OPTIMIZED=1 -DMP_PREC=4 -D_LARGEFILE64_SOURCE=1 -DTCL_WIDE_INT_IS_LONG=1 -DHAVE_GETCWD=1 -DHAVE_MKSTEMP=1 -DHAVE_WAITPID=1 -DHAVE_GETNAMEINFO=1 -DHAVE_GETADDRINFO=1 -DHAVE_FREEADDRINFO=1 -DHAVE_GAI_STRERROR=1 -DHAVE_STRUCT_ADDRINFO=1 -DHAVE_STRUCT_IN6_ADDR=1 -DHAVE_STRUCT_SOCKADDR_IN6=1 -DHAVE_STRUCT_SOCKADDR_STORAGE=1 -DHAVE_GETPWUID_R_5=1 -DHAVE_GETPWUID_R=1 -DHAVE_GETPWNAM_R_5=1 -DHAVE_GETPWNAM_R=1 -DHAVE_GETGRGID_R_5=1 -DHAVE_GETGRGID_R=1 -DHAVE_GETGRNAM_R_5=1 -DHAVE_GETGRNAM_R=1 -DHAVE_DECL_GETHOSTBYNAME_R=1 -DHAVE_GETHOSTBYNAME_R_6=1 -DHAVE_GETHOSTBYNAME_R=1 -DHAVE_DECL_GETHOSTBYADDR_R=1 -DHAVE_GETHOSTBYADDR_R_8=1 -DHAVE_GETHOSTBYADDR_R=1 -DHAVE_TERMIOS_H=1 -DHAVE_SYS_IOCTL_H=1 -DHAVE_PSELECT=1 -DHAVE_SYS_EPOLL_H=1 -DNOTIFIER_EPOLL=1 -DHAVE_SYS_EVENTFD_H=1 -DHAVE_EVENTFD=1 -DHAVE_SYS_TIME_H=1 -DHAVE_GMTIME_R=1 -DHAVE_LOCALTIME_R=1 -DHAVE_TM_GMTOFF=1 -DHAVE_TIMEZONE_VAR=1 -DHAVE_STRUCT_STAT_ST_BLOCKS=1 -DHAVE_STRUCT_STAT_ST_BLKSIZE=1 -DHAVE_STRUCT_STAT_ST_RDEV=1 -DHAVE_BLKCNT_T=1 -DHAVE_INTPTR_T=1 -DHAVE_UINTPTR_T=1 -DNO_UNION_WAIT=1 -DHAVE_SIGNED_CHAR=1 -DHAVE_LANGINFO=1 -DHAVE_CFMAKERAW=1 -DHAVE_MKSTEMPS=1 -DHAVE_FTS=1 -DHAVE_SYS_IOCTL_H=1 -DTCL_UNLOAD_DLLS=1 -DHAVE_CPUID=1 -DZIPFS_BUILD=1    -DMP_FIXED_CUTOFFS -DBUILD_tcl /home/builder/build/src/tcl9.0.1/libtommath/bn_mp_ubin_size.c
clang -c -I"." -I/home/builder/build/src/tcl9.0.1/unix -I/home/builder/build/src/tcl9.0.1/generic -I/home/builder/build/src/tcl9.0.1/libtommath -O2 -march=x86-64-v3 -O2 -pipe -fno-plt -fexceptions         -Wp,-D_FORTIFY_SOURCE=3 -fstack-clash-protection -fcf-protection -pipe -m64 -finput-charset=UTF-8  -Wall -Wextra -Wshadow -Wundef -Wwrite-strings -Wpointer-arith -Wc++-compat -fextended-identifiers -fPIC -fno-common -DPACKAGE_NAME=\"tcl\" -DPACKAGE_TARNAME=\"tcl\" -DPACKAGE_VERSION=\"9.0\" -DPACKAGE_STRING=\"tcl\ 9.0\" -DPACKAGE_BUGREPORT=\"\" -DPACKAGE_URL=\"\" -DHAVE_STDIO_H=1 -DHAVE_STDLIB_H=1 -DHAVE_STRING_H=1 -DHAVE_INTTYPES_H=1 -DHAVE_STDINT_H=1 -DHAVE_STRINGS_H=1 -DHAVE_SYS_STAT_H=1 -DHAVE_SYS_TYPES_H=1 -DHAVE_UNISTD_H=1 -DHAVE_SYS_TIME_H=1 -DSTDC_HEADERS=1 -DHAVE_SYS_PARAM_H=1 -DTCL_CFGVAL_ENCODING=\"utf-8\" -D_REENTRANT=1 -D_THREAD_SAFE=1 -DHAVE_PTHREAD_ATTR_SETSTACKSIZE=1 -DHAVE_PTHREAD_ATFORK=1 -DHAVE_DECL_PTHREAD_MUTEX_RECURSIVE=1 -DMODULE_SCOPE=extern\ __attribute__\(\(__visibility__\(\"hidden\"\)\)\) -DHAVE_HIDDEN=1 -DTCL_CFG_DO64BIT=1 -DHAVE_CAST_TO_UNION=1 -DHAVE_STDBOOL_H=1 -DHAVE_VFORK=1 -DHAVE_POSIX_SPAWNP=1 -DHAVE_POSIX_SPAWN_FILE_ACTIONS_ADDDUP2=1 -DHAVE_POSIX_SPAWNATTR_SETFLAGS=1 -DTCL_SHLIB_EXT=\".so\" -DNDEBUG=1 -DTCL_CFG_OPTIMIZED=1 -DMP_PREC=4 -D_LARGEFILE64_SOURCE=1 -DTCL_WIDE_INT_IS_LONG=1 -DHAVE_GETCWD=1 -DHAVE_MKSTEMP=1 -DHAVE_WAITPID=1 -DHAVE_GETNAMEINFO=1 -DHAVE_GETADDRINFO=1 -DHAVE_FREEADDRINFO=1 -DHAVE_GAI_STRERROR=1 -DHAVE_STRUCT_ADDRINFO=1 -DHAVE_STRUCT_IN6_ADDR=1 -DHAVE_STRUCT_SOCKADDR_IN6=1 -DHAVE_STRUCT_SOCKADDR_STORAGE=1 -DHAVE_GETPWUID_R_5=1 -DHAVE_GETPWUID_R=1 -DHAVE_GETPWNAM_R_5=1 -DHAVE_GETPWNAM_R=1 -DHAVE_GETGRGID_R_5=1 -DHAVE_GETGRGID_R=1 -DHAVE_GETGRNAM_R_5=1 -DHAVE_GETGRNAM_R=1 -DHAVE_DECL_GETHOSTBYNAME_R=1 -DHAVE_GETHOSTBYNAME_R_6=1 -DHAVE_GETHOSTBYNAME_R=1 -DHAVE_DECL_GETHOSTBYADDR_R=1 -DHAVE_GETHOSTBYADDR_R_8=1 -DHAVE_GETHOSTBYADDR_R=1 -DHAVE_TERMIOS_H=1 -DHAVE_SYS_IOCTL_H=1 -DHAVE_PSELECT=1 -DHAVE_SYS_EPOLL_H=1 -DNOTIFIER_EPOLL=1 -DHAVE_SYS_EVENTFD_H=1 -DHAVE_EVENTFD=1 -DHAVE_SYS_TIME_H=1 -DHAVE_GMTIME_R=1 -DHAVE_LOCALTIME_R=1 -DHAVE_TM_GMTOFF=1 -DHAVE_TIMEZONE_VAR=1 -DHAVE_STRUCT_STAT_ST_BLOCKS=1 -DHAVE_STRUCT_STAT_ST_BLKSIZE=1 -DHAVE_STRUCT_STAT_ST_RDEV=1 -DHAVE_BLKCNT_T=1 -DHAVE_INTPTR_T=1 -DHAVE_UINTPTR_T=1 -DNO_UNION_WAIT=1 -DHAVE_SIGNED_CHAR=1 -DHAVE_LANGINFO=1 -DHAVE_CFMAKERAW=1 -DHAVE_MKSTEMPS=1 -DHAVE_FTS=1 -DHAVE_SYS_IOCTL_H=1 -DTCL_UNLOAD_DLLS=1 -DHAVE_CPUID=1 -DZIPFS_BUILD=1    -DMP_FIXED_CUTOFFS -DBUILD_tcl /home/builder/build/src/tcl9.0.1/libtommath/bn_mp_xor.c
clang -c -I"." -I/home/builder/build/src/tcl9.0.1/unix -I/home/builder/build/src/tcl9.0.1/generic -I/home/builder/build/src/tcl9.0.1/libtommath -O2 -march=x86-64-v3 -O2 -pipe -fno-plt -fexceptions         -Wp,-D_FORTIFY_SOURCE=3 -fstack-clash-protection -fcf-protection -pipe -m64 -finput-charset=UTF-8  -Wall -Wextra -Wshadow -Wundef -Wwrite-strings -Wpointer-arith -Wc++-compat -fextended-identifiers -fPIC -fno-common -DPACKAGE_NAME=\"tcl\" -DPACKAGE_TARNAME=\"tcl\" -DPACKAGE_VERSION=\"9.0\" -DPACKAGE_STRING=\"tcl\ 9.0\" -DPACKAGE_BUGREPORT=\"\" -DPACKAGE_URL=\"\" -DHAVE_STDIO_H=1 -DHAVE_STDLIB_H=1 -DHAVE_STRING_H=1 -DHAVE_INTTYPES_H=1 -DHAVE_STDINT_H=1 -DHAVE_STRINGS_H=1 -DHAVE_SYS_STAT_H=1 -DHAVE_SYS_TYPES_H=1 -DHAVE_UNISTD_H=1 -DHAVE_SYS_TIME_H=1 -DSTDC_HEADERS=1 -DHAVE_SYS_PARAM_H=1 -DTCL_CFGVAL_ENCODING=\"utf-8\" -D_REENTRANT=1 -D_THREAD_SAFE=1 -DHAVE_PTHREAD_ATTR_SETSTACKSIZE=1 -DHAVE_PTHREAD_ATFORK=1 -DHAVE_DECL_PTHREAD_MUTEX_RECURSIVE=1 -DMODULE_SCOPE=extern\ __attribute__\(\(__visibility__\(\"hidden\"\)\)\) -DHAVE_HIDDEN=1 -DTCL_CFG_DO64BIT=1 -DHAVE_CAST_TO_UNION=1 -DHAVE_STDBOOL_H=1 -DHAVE_VFORK=1 -DHAVE_POSIX_SPAWNP=1 -DHAVE_POSIX_SPAWN_FILE_ACTIONS_ADDDUP2=1 -DHAVE_POSIX_SPAWNATTR_SETFLAGS=1 -DTCL_SHLIB_EXT=\".so\" -DNDEBUG=1 -DTCL_CFG_OPTIMIZED=1 -DMP_PREC=4 -D_LARGEFILE64_SOURCE=1 -DTCL_WIDE_INT_IS_LONG=1 -DHAVE_GETCWD=1 -DHAVE_MKSTEMP=1 -DHAVE_WAITPID=1 -DHAVE_GETNAMEINFO=1 -DHAVE_GETADDRINFO=1 -DHAVE_FREEADDRINFO=1 -DHAVE_GAI_STRERROR=1 -DHAVE_STRUCT_ADDRINFO=1 -DHAVE_STRUCT_IN6_ADDR=1 -DHAVE_STRUCT_SOCKADDR_IN6=1 -DHAVE_STRUCT_SOCKADDR_STORAGE=1 -DHAVE_GETPWUID_R_5=1 -DHAVE_GETPWUID_R=1 -DHAVE_GETPWNAM_R_5=1 -DHAVE_GETPWNAM_R=1 -DHAVE_GETGRGID_R_5=1 -DHAVE_GETGRGID_R=1 -DHAVE_GETGRNAM_R_5=1 -DHAVE_GETGRNAM_R=1 -DHAVE_DECL_GETHOSTBYNAME_R=1 -DHAVE_GETHOSTBYNAME_R_6=1 -DHAVE_GETHOSTBYNAME_R=1 -DHAVE_DECL_GETHOSTBYADDR_R=1 -DHAVE_GETHOSTBYADDR_R_8=1 -DHAVE_GETHOSTBYADDR_R=1 -DHAVE_TERMIOS_H=1 -DHAVE_SYS_IOCTL_H=1 -DHAVE_PSELECT=1 -DHAVE_SYS_EPOLL_H=1 -DNOTIFIER_EPOLL=1 -DHAVE_SYS_EVENTFD_H=1 -DHAVE_EVENTFD=1 -DHAVE_SYS_TIME_H=1 -DHAVE_GMTIME_R=1 -DHAVE_LOCALTIME_R=1 -DHAVE_TM_GMTOFF=1 -DHAVE_TIMEZONE_VAR=1 -DHAVE_STRUCT_STAT_ST_BLOCKS=1 -DHAVE_STRUCT_STAT_ST_BLKSIZE=1 -DHAVE_STRUCT_STAT_ST_RDEV=1 -DHAVE_BLKCNT_T=1 -DHAVE_INTPTR_T=1 -DHAVE_UINTPTR_T=1 -DNO_UNION_WAIT=1 -DHAVE_SIGNED_CHAR=1 -DHAVE_LANGINFO=1 -DHAVE_CFMAKERAW=1 -DHAVE_MKSTEMPS=1 -DHAVE_FTS=1 -DHAVE_SYS_IOCTL_H=1 -DTCL_UNLOAD_DLLS=1 -DHAVE_CPUID=1 -DZIPFS_BUILD=1    -DMP_FIXED_CUTOFFS -DBUILD_tcl /home/builder/build/src/tcl9.0.1/libtommath/bn_mp_zero.c
clang -c -I"." -I/home/builder/build/src/tcl9.0.1/unix -I/home/builder/build/src/tcl9.0.1/generic -I/home/builder/build/src/tcl9.0.1/libtommath -O2 -march=x86-64-v3 -O2 -pipe -fno-plt -fexceptions         -Wp,-D_FORTIFY_SOURCE=3 -fstack-clash-protection -fcf-protection -pipe -m64 -finput-charset=UTF-8  -Wall -Wextra -Wshadow -Wundef -Wwrite-strings -Wpointer-arith -Wc++-compat -fextended-identifiers -fPIC -fno-common -DPACKAGE_NAME=\"tcl\" -DPACKAGE_TARNAME=\"tcl\" -DPACKAGE_VERSION=\"9.0\" -DPACKAGE_STRING=\"tcl\ 9.0\" -DPACKAGE_BUGREPORT=\"\" -DPACKAGE_URL=\"\" -DHAVE_STDIO_H=1 -DHAVE_STDLIB_H=1 -DHAVE_STRING_H=1 -DHAVE_INTTYPES_H=1 -DHAVE_STDINT_H=1 -DHAVE_STRINGS_H=1 -DHAVE_SYS_STAT_H=1 -DHAVE_SYS_TYPES_H=1 -DHAVE_UNISTD_H=1 -DHAVE_SYS_TIME_H=1 -DSTDC_HEADERS=1 -DHAVE_SYS_PARAM_H=1 -DTCL_CFGVAL_ENCODING=\"utf-8\" -D_REENTRANT=1 -D_THREAD_SAFE=1 -DHAVE_PTHREAD_ATTR_SETSTACKSIZE=1 -DHAVE_PTHREAD_ATFORK=1 -DHAVE_DECL_PTHREAD_MUTEX_RECURSIVE=1 -DMODULE_SCOPE=extern\ __attribute__\(\(__visibility__\(\"hidden\"\)\)\) -DHAVE_HIDDEN=1 -DTCL_CFG_DO64BIT=1 -DHAVE_CAST_TO_UNION=1 -DHAVE_STDBOOL_H=1 -DHAVE_VFORK=1 -DHAVE_POSIX_SPAWNP=1 -DHAVE_POSIX_SPAWN_FILE_ACTIONS_ADDDUP2=1 -DHAVE_POSIX_SPAWNATTR_SETFLAGS=1 -DTCL_SHLIB_EXT=\".so\" -DNDEBUG=1 -DTCL_CFG_OPTIMIZED=1 -DMP_PREC=4 -D_LARGEFILE64_SOURCE=1 -DTCL_WIDE_INT_IS_LONG=1 -DHAVE_GETCWD=1 -DHAVE_MKSTEMP=1 -DHAVE_WAITPID=1 -DHAVE_GETNAMEINFO=1 -DHAVE_GETADDRINFO=1 -DHAVE_FREEADDRINFO=1 -DHAVE_GAI_STRERROR=1 -DHAVE_STRUCT_ADDRINFO=1 -DHAVE_STRUCT_IN6_ADDR=1 -DHAVE_STRUCT_SOCKADDR_IN6=1 -DHAVE_STRUCT_SOCKADDR_STORAGE=1 -DHAVE_GETPWUID_R_5=1 -DHAVE_GETPWUID_R=1 -DHAVE_GETPWNAM_R_5=1 -DHAVE_GETPWNAM_R=1 -DHAVE_GETGRGID_R_5=1 -DHAVE_GETGRGID_R=1 -DHAVE_GETGRNAM_R_5=1 -DHAVE_GETGRNAM_R=1 -DHAVE_DECL_GETHOSTBYNAME_R=1 -DHAVE_GETHOSTBYNAME_R_6=1 -DHAVE_GETHOSTBYNAME_R=1 -DHAVE_DECL_GETHOSTBYADDR_R=1 -DHAVE_GETHOSTBYADDR_R_8=1 -DHAVE_GETHOSTBYADDR_R=1 -DHAVE_TERMIOS_H=1 -DHAVE_SYS_IOCTL_H=1 -DHAVE_PSELECT=1 -DHAVE_SYS_EPOLL_H=1 -DNOTIFIER_EPOLL=1 -DHAVE_SYS_EVENTFD_H=1 -DHAVE_EVENTFD=1 -DHAVE_SYS_TIME_H=1 -DHAVE_GMTIME_R=1 -DHAVE_LOCALTIME_R=1 -DHAVE_TM_GMTOFF=1 -DHAVE_TIMEZONE_VAR=1 -DHAVE_STRUCT_STAT_ST_BLOCKS=1 -DHAVE_STRUCT_STAT_ST_BLKSIZE=1 -DHAVE_STRUCT_STAT_ST_RDEV=1 -DHAVE_BLKCNT_T=1 -DHAVE_INTPTR_T=1 -DHAVE_UINTPTR_T=1 -DNO_UNION_WAIT=1 -DHAVE_SIGNED_CHAR=1 -DHAVE_LANGINFO=1 -DHAVE_CFMAKERAW=1 -DHAVE_MKSTEMPS=1 -DHAVE_FTS=1 -DHAVE_SYS_IOCTL_H=1 -DTCL_UNLOAD_DLLS=1 -DHAVE_CPUID=1 -DZIPFS_BUILD=1    -DMP_FIXED_CUTOFFS -DBUILD_tcl /home/builder/build/src/tcl9.0.1/libtommath/bn_s_mp_add.c
clang -c -I"." -I/home/builder/build/src/tcl9.0.1/unix -I/home/builder/build/src/tcl9.0.1/generic -I/home/builder/build/src/tcl9.0.1/libtommath -O2 -march=x86-64-v3 -O2 -pipe -fno-plt -fexceptions         -Wp,-D_FORTIFY_SOURCE=3 -fstack-clash-protection -fcf-protection -pipe -m64 -finput-charset=UTF-8  -Wall -Wextra -Wshadow -Wundef -Wwrite-strings -Wpointer-arith -Wc++-compat -fextended-identifiers -fPIC -fno-common -DPACKAGE_NAME=\"tcl\" -DPACKAGE_TARNAME=\"tcl\" -DPACKAGE_VERSION=\"9.0\" -DPACKAGE_STRING=\"tcl\ 9.0\" -DPACKAGE_BUGREPORT=\"\" -DPACKAGE_URL=\"\" -DHAVE_STDIO_H=1 -DHAVE_STDLIB_H=1 -DHAVE_STRING_H=1 -DHAVE_INTTYPES_H=1 -DHAVE_STDINT_H=1 -DHAVE_STRINGS_H=1 -DHAVE_SYS_STAT_H=1 -DHAVE_SYS_TYPES_H=1 -DHAVE_UNISTD_H=1 -DHAVE_SYS_TIME_H=1 -DSTDC_HEADERS=1 -DHAVE_SYS_PARAM_H=1 -DTCL_CFGVAL_ENCODING=\"utf-8\" -D_REENTRANT=1 -D_THREAD_SAFE=1 -DHAVE_PTHREAD_ATTR_SETSTACKSIZE=1 -DHAVE_PTHREAD_ATFORK=1 -DHAVE_DECL_PTHREAD_MUTEX_RECURSIVE=1 -DMODULE_SCOPE=extern\ __attribute__\(\(__visibility__\(\"hidden\"\)\)\) -DHAVE_HIDDEN=1 -DTCL_CFG_DO64BIT=1 -DHAVE_CAST_TO_UNION=1 -DHAVE_STDBOOL_H=1 -DHAVE_VFORK=1 -DHAVE_POSIX_SPAWNP=1 -DHAVE_POSIX_SPAWN_FILE_ACTIONS_ADDDUP2=1 -DHAVE_POSIX_SPAWNATTR_SETFLAGS=1 -DTCL_SHLIB_EXT=\".so\" -DNDEBUG=1 -DTCL_CFG_OPTIMIZED=1 -DMP_PREC=4 -D_LARGEFILE64_SOURCE=1 -DTCL_WIDE_INT_IS_LONG=1 -DHAVE_GETCWD=1 -DHAVE_MKSTEMP=1 -DHAVE_WAITPID=1 -DHAVE_GETNAMEINFO=1 -DHAVE_GETADDRINFO=1 -DHAVE_FREEADDRINFO=1 -DHAVE_GAI_STRERROR=1 -DHAVE_STRUCT_ADDRINFO=1 -DHAVE_STRUCT_IN6_ADDR=1 -DHAVE_STRUCT_SOCKADDR_IN6=1 -DHAVE_STRUCT_SOCKADDR_STORAGE=1 -DHAVE_GETPWUID_R_5=1 -DHAVE_GETPWUID_R=1 -DHAVE_GETPWNAM_R_5=1 -DHAVE_GETPWNAM_R=1 -DHAVE_GETGRGID_R_5=1 -DHAVE_GETGRGID_R=1 -DHAVE_GETGRNAM_R_5=1 -DHAVE_GETGRNAM_R=1 -DHAVE_DECL_GETHOSTBYNAME_R=1 -DHAVE_GETHOSTBYNAME_R_6=1 -DHAVE_GETHOSTBYNAME_R=1 -DHAVE_DECL_GETHOSTBYADDR_R=1 -DHAVE_GETHOSTBYADDR_R_8=1 -DHAVE_GETHOSTBYADDR_R=1 -DHAVE_TERMIOS_H=1 -DHAVE_SYS_IOCTL_H=1 -DHAVE_PSELECT=1 -DHAVE_SYS_EPOLL_H=1 -DNOTIFIER_EPOLL=1 -DHAVE_SYS_EVENTFD_H=1 -DHAVE_EVENTFD=1 -DHAVE_SYS_TIME_H=1 -DHAVE_GMTIME_R=1 -DHAVE_LOCALTIME_R=1 -DHAVE_TM_GMTOFF=1 -DHAVE_TIMEZONE_VAR=1 -DHAVE_STRUCT_STAT_ST_BLOCKS=1 -DHAVE_STRUCT_STAT_ST_BLKSIZE=1 -DHAVE_STRUCT_STAT_ST_RDEV=1 -DHAVE_BLKCNT_T=1 -DHAVE_INTPTR_T=1 -DHAVE_UINTPTR_T=1 -DNO_UNION_WAIT=1 -DHAVE_SIGNED_CHAR=1 -DHAVE_LANGINFO=1 -DHAVE_CFMAKERAW=1 -DHAVE_MKSTEMPS=1 -DHAVE_FTS=1 -DHAVE_SYS_IOCTL_H=1 -DTCL_UNLOAD_DLLS=1 -DHAVE_CPUID=1 -DZIPFS_BUILD=1    -DMP_FIXED_CUTOFFS -DBUILD_tcl /home/builder/build/src/tcl9.0.1/libtommath/bn_s_mp_mul_digs.c
clang -c -I"." -I/home/builder/build/src/tcl9.0.1/unix -I/home/builder/build/src/tcl9.0.1/generic -I/home/builder/build/src/tcl9.0.1/libtommath -O2 -march=x86-64-v3 -O2 -pipe -fno-plt -fexceptions         -Wp,-D_FORTIFY_SOURCE=3 -fstack-clash-protection -fcf-protection -pipe -m64 -finput-charset=UTF-8  -Wall -Wextra -Wshadow -Wundef -Wwrite-strings -Wpointer-arith -Wc++-compat -fextended-identifiers -fPIC -fno-common -DPACKAGE_NAME=\"tcl\" -DPACKAGE_TARNAME=\"tcl\" -DPACKAGE_VERSION=\"9.0\" -DPACKAGE_STRING=\"tcl\ 9.0\" -DPACKAGE_BUGREPORT=\"\" -DPACKAGE_URL=\"\" -DHAVE_STDIO_H=1 -DHAVE_STDLIB_H=1 -DHAVE_STRING_H=1 -DHAVE_INTTYPES_H=1 -DHAVE_STDINT_H=1 -DHAVE_STRINGS_H=1 -DHAVE_SYS_STAT_H=1 -DHAVE_SYS_TYPES_H=1 -DHAVE_UNISTD_H=1 -DHAVE_SYS_TIME_H=1 -DSTDC_HEADERS=1 -DHAVE_SYS_PARAM_H=1 -DTCL_CFGVAL_ENCODING=\"utf-8\" -D_REENTRANT=1 -D_THREAD_SAFE=1 -DHAVE_PTHREAD_ATTR_SETSTACKSIZE=1 -DHAVE_PTHREAD_ATFORK=1 -DHAVE_DECL_PTHREAD_MUTEX_RECURSIVE=1 -DMODULE_SCOPE=extern\ __attribute__\(\(__visibility__\(\"hidden\"\)\)\) -DHAVE_HIDDEN=1 -DTCL_CFG_DO64BIT=1 -DHAVE_CAST_TO_UNION=1 -DHAVE_STDBOOL_H=1 -DHAVE_VFORK=1 -DHAVE_POSIX_SPAWNP=1 -DHAVE_POSIX_SPAWN_FILE_ACTIONS_ADDDUP2=1 -DHAVE_POSIX_SPAWNATTR_SETFLAGS=1 -DTCL_SHLIB_EXT=\".so\" -DNDEBUG=1 -DTCL_CFG_OPTIMIZED=1 -DMP_PREC=4 -D_LARGEFILE64_SOURCE=1 -DTCL_WIDE_INT_IS_LONG=1 -DHAVE_GETCWD=1 -DHAVE_MKSTEMP=1 -DHAVE_WAITPID=1 -DHAVE_GETNAMEINFO=1 -DHAVE_GETADDRINFO=1 -DHAVE_FREEADDRINFO=1 -DHAVE_GAI_STRERROR=1 -DHAVE_STRUCT_ADDRINFO=1 -DHAVE_STRUCT_IN6_ADDR=1 -DHAVE_STRUCT_SOCKADDR_IN6=1 -DHAVE_STRUCT_SOCKADDR_STORAGE=1 -DHAVE_GETPWUID_R_5=1 -DHAVE_GETPWUID_R=1 -DHAVE_GETPWNAM_R_5=1 -DHAVE_GETPWNAM_R=1 -DHAVE_GETGRGID_R_5=1 -DHAVE_GETGRGID_R=1 -DHAVE_GETGRNAM_R_5=1 -DHAVE_GETGRNAM_R=1 -DHAVE_DECL_GETHOSTBYNAME_R=1 -DHAVE_GETHOSTBYNAME_R_6=1 -DHAVE_GETHOSTBYNAME_R=1 -DHAVE_DECL_GETHOSTBYADDR_R=1 -DHAVE_GETHOSTBYADDR_R_8=1 -DHAVE_GETHOSTBYADDR_R=1 -DHAVE_TERMIOS_H=1 -DHAVE_SYS_IOCTL_H=1 -DHAVE_PSELECT=1 -DHAVE_SYS_EPOLL_H=1 -DNOTIFIER_EPOLL=1 -DHAVE_SYS_EVENTFD_H=1 -DHAVE_EVENTFD=1 -DHAVE_SYS_TIME_H=1 -DHAVE_GMTIME_R=1 -DHAVE_LOCALTIME_R=1 -DHAVE_TM_GMTOFF=1 -DHAVE_TIMEZONE_VAR=1 -DHAVE_STRUCT_STAT_ST_BLOCKS=1 -DHAVE_STRUCT_STAT_ST_BLKSIZE=1 -DHAVE_STRUCT_STAT_ST_RDEV=1 -DHAVE_BLKCNT_T=1 -DHAVE_INTPTR_T=1 -DHAVE_UINTPTR_T=1 -DNO_UNION_WAIT=1 -DHAVE_SIGNED_CHAR=1 -DHAVE_LANGINFO=1 -DHAVE_CFMAKERAW=1 -DHAVE_MKSTEMPS=1 -DHAVE_FTS=1 -DHAVE_SYS_IOCTL_H=1 -DTCL_UNLOAD_DLLS=1 -DHAVE_CPUID=1 -DZIPFS_BUILD=1    -DMP_FIXED_CUTOFFS -DBUILD_tcl /home/builder/build/src/tcl9.0.1/libtommath/bn_s_mp_sqr.c
clang -c -I"." -I/home/builder/build/src/tcl9.0.1/unix -I/home/builder/build/src/tcl9.0.1/generic -I/home/builder/build/src/tcl9.0.1/libtommath -O2 -march=x86-64-v3 -O2 -pipe -fno-plt -fexceptions         -Wp,-D_FORTIFY_SOURCE=3 -fstack-clash-protection -fcf-protection -pipe -m64 -finput-charset=UTF-8  -Wall -Wextra -Wshadow -Wundef -Wwrite-strings -Wpointer-arith -Wc++-compat -fextended-identifiers -fPIC -fno-common -DPACKAGE_NAME=\"tcl\" -DPACKAGE_TARNAME=\"tcl\" -DPACKAGE_VERSION=\"9.0\" -DPACKAGE_STRING=\"tcl\ 9.0\" -DPACKAGE_BUGREPORT=\"\" -DPACKAGE_URL=\"\" -DHAVE_STDIO_H=1 -DHAVE_STDLIB_H=1 -DHAVE_STRING_H=1 -DHAVE_INTTYPES_H=1 -DHAVE_STDINT_H=1 -DHAVE_STRINGS_H=1 -DHAVE_SYS_STAT_H=1 -DHAVE_SYS_TYPES_H=1 -DHAVE_UNISTD_H=1 -DHAVE_SYS_TIME_H=1 -DSTDC_HEADERS=1 -DHAVE_SYS_PARAM_H=1 -DTCL_CFGVAL_ENCODING=\"utf-8\" -D_REENTRANT=1 -D_THREAD_SAFE=1 -DHAVE_PTHREAD_ATTR_SETSTACKSIZE=1 -DHAVE_PTHREAD_ATFORK=1 -DHAVE_DECL_PTHREAD_MUTEX_RECURSIVE=1 -DMODULE_SCOPE=extern\ __attribute__\(\(__visibility__\(\"hidden\"\)\)\) -DHAVE_HIDDEN=1 -DTCL_CFG_DO64BIT=1 -DHAVE_CAST_TO_UNION=1 -DHAVE_STDBOOL_H=1 -DHAVE_VFORK=1 -DHAVE_POSIX_SPAWNP=1 -DHAVE_POSIX_SPAWN_FILE_ACTIONS_ADDDUP2=1 -DHAVE_POSIX_SPAWNATTR_SETFLAGS=1 -DTCL_SHLIB_EXT=\".so\" -DNDEBUG=1 -DTCL_CFG_OPTIMIZED=1 -DMP_PREC=4 -D_LARGEFILE64_SOURCE=1 -DTCL_WIDE_INT_IS_LONG=1 -DHAVE_GETCWD=1 -DHAVE_MKSTEMP=1 -DHAVE_WAITPID=1 -DHAVE_GETNAMEINFO=1 -DHAVE_GETADDRINFO=1 -DHAVE_FREEADDRINFO=1 -DHAVE_GAI_STRERROR=1 -DHAVE_STRUCT_ADDRINFO=1 -DHAVE_STRUCT_IN6_ADDR=1 -DHAVE_STRUCT_SOCKADDR_IN6=1 -DHAVE_STRUCT_SOCKADDR_STORAGE=1 -DHAVE_GETPWUID_R_5=1 -DHAVE_GETPWUID_R=1 -DHAVE_GETPWNAM_R_5=1 -DHAVE_GETPWNAM_R=1 -DHAVE_GETGRGID_R_5=1 -DHAVE_GETGRGID_R=1 -DHAVE_GETGRNAM_R_5=1 -DHAVE_GETGRNAM_R=1 -DHAVE_DECL_GETHOSTBYNAME_R=1 -DHAVE_GETHOSTBYNAME_R_6=1 -DHAVE_GETHOSTBYNAME_R=1 -DHAVE_DECL_GETHOSTBYADDR_R=1 -DHAVE_GETHOSTBYADDR_R_8=1 -DHAVE_GETHOSTBYADDR_R=1 -DHAVE_TERMIOS_H=1 -DHAVE_SYS_IOCTL_H=1 -DHAVE_PSELECT=1 -DHAVE_SYS_EPOLL_H=1 -DNOTIFIER_EPOLL=1 -DHAVE_SYS_EVENTFD_H=1 -DHAVE_EVENTFD=1 -DHAVE_SYS_TIME_H=1 -DHAVE_GMTIME_R=1 -DHAVE_LOCALTIME_R=1 -DHAVE_TM_GMTOFF=1 -DHAVE_TIMEZONE_VAR=1 -DHAVE_STRUCT_STAT_ST_BLOCKS=1 -DHAVE_STRUCT_STAT_ST_BLKSIZE=1 -DHAVE_STRUCT_STAT_ST_RDEV=1 -DHAVE_BLKCNT_T=1 -DHAVE_INTPTR_T=1 -DHAVE_UINTPTR_T=1 -DNO_UNION_WAIT=1 -DHAVE_SIGNED_CHAR=1 -DHAVE_LANGINFO=1 -DHAVE_CFMAKERAW=1 -DHAVE_MKSTEMPS=1 -DHAVE_FTS=1 -DHAVE_SYS_IOCTL_H=1 -DTCL_UNLOAD_DLLS=1 -DHAVE_CPUID=1 -DZIPFS_BUILD=1    -DMP_FIXED_CUTOFFS -DBUILD_tcl /home/builder/build/src/tcl9.0.1/libtommath/bn_s_mp_sub.c
clang -o adler32.o -I/home/builder/build/src/tcl9.0.1/compat/zlib -c /home/builder/build/src/tcl9.0.1/compat/zlib/adler32.c
clang -o compress.o -I/home/builder/build/src/tcl9.0.1/compat/zlib -c /home/builder/build/src/tcl9.0.1/compat/zlib/compress.c
clang -o crc32.o -I/home/builder/build/src/tcl9.0.1/compat/zlib -c /home/builder/build/src/tcl9.0.1/compat/zlib/crc32.c
clang -o deflate.o -I/home/builder/build/src/tcl9.0.1/compat/zlib -c /home/builder/build/src/tcl9.0.1/compat/zlib/deflate.c
clang -o infback.o -I/home/builder/build/src/tcl9.0.1/compat/zlib -c /home/builder/build/src/tcl9.0.1/compat/zlib/infback.c
clang -o inffast.o -I/home/builder/build/src/tcl9.0.1/compat/zlib -c /home/builder/build/src/tcl9.0.1/compat/zlib/inffast.c
clang -o inflate.o -I/home/builder/build/src/tcl9.0.1/compat/zlib -c /home/builder/build/src/tcl9.0.1/compat/zlib/inflate.c
clang -o inftrees.o -I/home/builder/build/src/tcl9.0.1/compat/zlib -c /home/builder/build/src/tcl9.0.1/compat/zlib/inftrees.c
clang -o ioapi.o -DIOAPI_NO_64 -I/home/builder/build/src/tcl9.0.1/compat/zlib -I/home/builder/build/src/tcl9.0.1/compat/zlib/contrib/minizip -c \
	/home/builder/build/src/tcl9.0.1/compat/zlib/contrib/minizip/ioapi.c
clang -o trees.o -I/home/builder/build/src/tcl9.0.1/compat/zlib -c /home/builder/build/src/tcl9.0.1/compat/zlib/trees.c
clang -o uncompr.o -I/home/builder/build/src/tcl9.0.1/compat/zlib -c /home/builder/build/src/tcl9.0.1/compat/zlib/uncompr.c
clang -o zip.o -I/home/builder/build/src/tcl9.0.1/compat/zlib -I/home/builder/build/src/tcl9.0.1/compat/zlib/contrib/minizip -c \
	/home/builder/build/src/tcl9.0.1/compat/zlib/contrib/minizip/zip.c
clang -o zutil.o -I/home/builder/build/src/tcl9.0.1/compat/zlib -c /home/builder/build/src/tcl9.0.1/compat/zlib/zutil.c
clang -o minizip.o -DIOAPI_NO_64 -I/home/builder/build/src/tcl9.0.1/compat/zlib -I/home/builder/build/src/tcl9.0.1/compat/zlib/contrib/minizip -c \
	/home/builder/build/src/tcl9.0.1/compat/zlib/contrib/minizip/minizip.c
clang -o minizip adler32.o compress.o crc32.o deflate.o infback.o inffast.o inflate.o inftrees.o ioapi.o trees.o uncompr.o zip.o zutil.o minizip.o
creating libtcl.vfs/tcl_library (prepare compression)
mv libtcl.vfs/tcl_library/manifest.txt libtcl.vfs/tcl_library/pkgIndex.tcl
rm -rf libtcl.vfs/tcl_library/dde libtcl.vfs/tcl_library/registry
creating libtcl9.0.1.zip from libtcl.vfs/tcl_library
cd libtcl.vfs && /home/builder/build/src/tcl9.0.1/unix/minizip -o -r ../libtcl9.0.1.zip *
rm -f libtcl9.0.so
clang -O2 -march=x86-64-v3 -O2 -pipe -fno-plt -fexceptions         -Wp,-D_FORTIFY_SOURCE=3 -fstack-clash-protection -fcf-protection -pipe -m64 -finput-charset=UTF-8   -Wl,-O1 -Wl,--sort-common -Wl,--as-needed -Wl,-z,relro -Wl,-z,now -Wl,--undefined-version -Wl,--hash-style=gnu -Wl,--compress-debug-sections=zstd -Wl,--export-dynamic  -shared -o libtcl9.0.so regcomp.o regexec.o regfree.o regerror.o tclAlloc.o tclArithSeries.o tclAssembly.o tclAsync.o tclBasic.o tclBinary.o tclCkalloc.o tclClock.o tclClockFmt.o tclCmdAH.o tclCmdIL.o tclCmdMZ.o tclCompCmds.o tclCompCmdsGR.o tclCompCmdsSZ.o tclCompExpr.o tclCompile.o tclConfig.o tclDate.o tclDictObj.o tclDisassemble.o tclEncoding.o tclEnsemble.o tclEnv.o tclEvent.o tclExecute.o tclFCmd.o tclFileName.o tclGet.o tclHash.o tclHistory.o tclIcu.o tclIndexObj.o tclInterp.o tclIO.o tclIOCmd.o tclIORChan.o tclIORTrans.o tclIOGT.o tclIOSock.o tclIOUtil.o tclLink.o tclListObj.o tclLiteral.o tclLoad.o tclMain.o tclNamesp.o tclNotify.o tclObj.o tclOptimize.o tclPanic.o tclParse.o tclPathObj.o tclPipe.o tclPkg.o tclPkgConfig.o tclPosixStr.o tclPreserve.o tclProc.o tclProcess.o tclRegexp.o tclResolve.o tclResult.o tclScan.o tclStringObj.o tclStrIdxTree.o tclStrToD.o tclThread.o tclThreadAlloc.o tclThreadJoin.o tclThreadStorage.o tclStubInit.o tclTimer.o tclTrace.o tclUtf.o tclUtil.o tclVar.o tclZlib.o tclTomMathInterface.o tclZipfs.o tclUnixChan.o tclUnixEvent.o tclUnixFCmd.o tclUnixFile.o tclUnixPipe.o tclUnixSock.o tclUnixTime.o tclUnixInit.o tclUnixThrd.o tclUnixCompat.o tclEpollNotfy.o tclKqueueNotfy.o tclSelectNotfy.o  tclOO.o tclOOBasic.o tclOOCall.o tclOODefineCmds.o tclOOInfo.o tclOOMethod.o tclOOProp.o tclOOStubInit.o tclLoadDl.o    bn_s_mp_reverse.o bn_s_mp_mul_digs_fast.o bn_s_mp_sqr_fast.o bn_mp_add.o bn_mp_and.o bn_mp_add_d.o bn_mp_clamp.o bn_mp_clear.o bn_mp_clear_multi.o bn_mp_cmp.o bn_mp_cmp_d.o bn_mp_cmp_mag.o bn_mp_cnt_lsb.o bn_mp_copy.o bn_mp_count_bits.o bn_mp_div.o bn_mp_div_d.o bn_mp_div_2.o bn_mp_div_2d.o bn_s_mp_div_3.o bn_mp_exch.o bn_mp_expt_n.o bn_mp_get_mag_u64.o bn_mp_grow.o bn_mp_init.o bn_mp_init_copy.o bn_mp_init_multi.o bn_mp_init_set.o bn_mp_init_size.o bn_s_mp_karatsuba_mul.o bn_mp_init_i64.o bn_mp_init_u64.o bn_s_mp_karatsuba_sqr.o bn_s_mp_balance_mul.o bn_mp_lshd.o bn_mp_mod.o bn_mp_mod_2d.o bn_mp_mul.o bn_mp_mul_2.o bn_mp_mul_2d.o bn_mp_mul_d.o bn_mp_neg.o bn_mp_or.o bn_mp_pack.o bn_mp_pack_count.o bn_mp_radix_size.o bn_mp_radix_smap.o bn_mp_set_i64.o bn_mp_read_radix.o bn_mp_rshd.o bn_mp_set_u64.o bn_mp_shrink.o bn_mp_sqr.o bn_mp_sqrt.o bn_mp_sub.o bn_mp_sub_d.o bn_mp_signed_rsh.o bn_mp_to_ubin.o bn_mp_unpack.o bn_s_mp_toom_mul.o bn_s_mp_toom_sqr.o bn_mp_to_radix.o bn_mp_ubin_size.o bn_mp_xor.o bn_mp_zero.o bn_s_mp_add.o bn_s_mp_mul_digs.o bn_s_mp_sqr.o bn_s_mp_sub.o  -Wl,-O1 -Wl,--sort-common -Wl,--as-needed -Wl,-z,relro -Wl,-z,now -Wl,--undefined-version -Wl,--hash-style=gnu -Wl,--compress-debug-sections=zstd -Wl,--export-dynamic  -ldl -lz  -lpthread -lm   "-Wl,-rpath,/usr/lib"
clang -c -I"." -I/home/builder/build/src/tcl9.0.1/unix -I/home/builder/build/src/tcl9.0.1/generic -I/home/builder/build/src/tcl9.0.1/libtommath -O2 -march=x86-64-v3 -O2 -pipe -fno-plt -fexceptions         -Wp,-D_FORTIFY_SOURCE=3 -fstack-clash-protection -fcf-protection -pipe -m64 -finput-charset=UTF-8  -Wall -Wextra -Wshadow -Wundef -Wwrite-strings -Wpointer-arith -Wc++-compat -fextended-identifiers -fPIC -fno-common -DPACKAGE_NAME=\"tcl\" -DPACKAGE_TARNAME=\"tcl\" -DPACKAGE_VERSION=\"9.0\" -DPACKAGE_STRING=\"tcl\ 9.0\" -DPACKAGE_BUGREPORT=\"\" -DPACKAGE_URL=\"\" -DHAVE_STDIO_H=1 -DHAVE_STDLIB_H=1 -DHAVE_STRING_H=1 -DHAVE_INTTYPES_H=1 -DHAVE_STDINT_H=1 -DHAVE_STRINGS_H=1 -DHAVE_SYS_STAT_H=1 -DHAVE_SYS_TYPES_H=1 -DHAVE_UNISTD_H=1 -DHAVE_SYS_TIME_H=1 -DSTDC_HEADERS=1 -DHAVE_SYS_PARAM_H=1 -DTCL_CFGVAL_ENCODING=\"utf-8\" -D_REENTRANT=1 -D_THREAD_SAFE=1 -DHAVE_PTHREAD_ATTR_SETSTACKSIZE=1 -DHAVE_PTHREAD_ATFORK=1 -DHAVE_DECL_PTHREAD_MUTEX_RECURSIVE=1 -DMODULE_SCOPE=extern\ __attribute__\(\(__visibility__\(\"hidden\"\)\)\) -DHAVE_HIDDEN=1 -DTCL_CFG_DO64BIT=1 -DHAVE_CAST_TO_UNION=1 -DHAVE_STDBOOL_H=1 -DHAVE_VFORK=1 -DHAVE_POSIX_SPAWNP=1 -DHAVE_POSIX_SPAWN_FILE_ACTIONS_ADDDUP2=1 -DHAVE_POSIX_SPAWNATTR_SETFLAGS=1 -DTCL_SHLIB_EXT=\".so\" -DNDEBUG=1 -DTCL_CFG_OPTIMIZED=1 -DMP_PREC=4 -D_LARGEFILE64_SOURCE=1 -DTCL_WIDE_INT_IS_LONG=1 -DHAVE_GETCWD=1 -DHAVE_MKSTEMP=1 -DHAVE_WAITPID=1 -DHAVE_GETNAMEINFO=1 -DHAVE_GETADDRINFO=1 -DHAVE_FREEADDRINFO=1 -DHAVE_GAI_STRERROR=1 -DHAVE_STRUCT_ADDRINFO=1 -DHAVE_STRUCT_IN6_ADDR=1 -DHAVE_STRUCT_SOCKADDR_IN6=1 -DHAVE_STRUCT_SOCKADDR_STORAGE=1 -DHAVE_GETPWUID_R_5=1 -DHAVE_GETPWUID_R=1 -DHAVE_GETPWNAM_R_5=1 -DHAVE_GETPWNAM_R=1 -DHAVE_GETGRGID_R_5=1 -DHAVE_GETGRGID_R=1 -DHAVE_GETGRNAM_R_5=1 -DHAVE_GETGRNAM_R=1 -DHAVE_DECL_GETHOSTBYNAME_R=1 -DHAVE_GETHOSTBYNAME_R_6=1 -DHAVE_GETHOSTBYNAME_R=1 -DHAVE_DECL_GETHOSTBYADDR_R=1 -DHAVE_GETHOSTBYADDR_R_8=1 -DHAVE_GETHOSTBYADDR_R=1 -DHAVE_TERMIOS_H=1 -DHAVE_SYS_IOCTL_H=1 -DHAVE_PSELECT=1 -DHAVE_SYS_EPOLL_H=1 -DNOTIFIER_EPOLL=1 -DHAVE_SYS_EVENTFD_H=1 -DHAVE_EVENTFD=1 -DHAVE_SYS_TIME_H=1 -DHAVE_GMTIME_R=1 -DHAVE_LOCALTIME_R=1 -DHAVE_TM_GMTOFF=1 -DHAVE_TIMEZONE_VAR=1 -DHAVE_STRUCT_STAT_ST_BLOCKS=1 -DHAVE_STRUCT_STAT_ST_BLKSIZE=1 -DHAVE_STRUCT_STAT_ST_RDEV=1 -DHAVE_BLKCNT_T=1 -DHAVE_INTPTR_T=1 -DHAVE_UINTPTR_T=1 -DNO_UNION_WAIT=1 -DHAVE_SIGNED_CHAR=1 -DHAVE_LANGINFO=1 -DHAVE_CFMAKERAW=1 -DHAVE_MKSTEMPS=1 -DHAVE_FTS=1 -DHAVE_SYS_IOCTL_H=1 -DTCL_UNLOAD_DLLS=1 -DHAVE_CPUID=1 -DZIPFS_BUILD=1    -DMP_FIXED_CUTOFFS  /home/builder/build/src/tcl9.0.1/unix/tclAppInit.c
clang -O2 -march=x86-64-v3 -O2 -pipe -fno-plt -fexceptions         -Wp,-D_FORTIFY_SOURCE=3 -fstack-clash-protection -fcf-protection -pipe -m64 -finput-charset=UTF-8   -Wl,-O1 -Wl,--sort-common -Wl,--as-needed -Wl,-z,relro -Wl,-z,now -Wl,--undefined-version -Wl,--hash-style=gnu -Wl,--compress-debug-sections=zstd -Wl,--export-dynamic  tclAppInit.o \
	-L/home/builder/build/src/tcl9.0.1/unix -ltcl9.0 libtclstub.a -ldl -lz  -lpthread -lm  \
	"-Wl,-rpath,/usr/lib" -o tclsh
Configuring package 'itcl4.3.2'
checking TEA configuration... ok (TEA 3.13)
configure: configuring itcl 4.3.2
checking system version... Linux-7.2.6-1-cachyos
checking whether ln -s works... yes
checking for Tcl configuration... found /home/builder/build/src/tcl9.0.1/unix/tclConfig.sh
checking for gcc... clang
checking whether the C compiler works... yes
checking for C compiler default output file name... a.out
checking for suffix of executables... 
checking whether we are cross compiling... no
checking for suffix of object files... o
checking whether the compiler supports GNU C... yes
checking whether clang accepts -g... yes
checking for clang option to enable C11 features... none needed
checking for existence of /home/builder/build/src/tcl9.0.1/unix/tclConfig.sh... loading
checking platform... unix
configure: --exec-prefix defaulting to TCL_EXEC_PREFIX /usr
checking for gcc... (cached) clang
checking whether the compiler supports GNU C... (cached) yes
checking whether clang accepts -g... (cached) yes
checking for clang option to enable C11 features... (cached) none needed
checking how to run the C preprocessor... clang-cpp
checking whether make sets $(MAKE)... yes
checking for ranlib... llvm-ranlib
checking for stdio.h... yes
checking for stdlib.h... yes
checking for string.h... yes
checking for inttypes.h... yes
checking for stdint.h... yes
checking for strings.h... yes
checking for sys/stat.h... yes
checking for sys/types.h... yes
checking for unistd.h... yes
checking if the compiler understands -pipe... yes
checking whether byte ordering is bigendian... no
checking for Tcl public headers... /home/builder/build/src/tcl9.0.1/generic
checking for Tcl private include files... Using srcdir found in tclConfig.sh: /home/builder/build/src/tcl9.0.1
checking for pthread_mutex_init in -lpthread... yes
checking for building with threads... yes (default)
checking how to build libraries... shared
checking for ranlib... (cached) llvm-ranlib
checking if 64bit support is requested... yes
checking if 64bit Sparc VIS support is requested... no
checking if compiler supports visibility "hidden"... yes
checking if rpath support is requested... yes
checking system version... (cached) Linux-7.2.6-1-cachyos
checking for ar... llvm-ar
checking if compiler accepts -m64 flag... yes
checking for cast to union support... yes
checking for stdbool.h... yes
checking for required early compiler flags... none
checking for 64-bit integer type... yes
checking for build with symbols... no
checking for intptr_t... yes
checking for egrep -e... /usr/sbin/grep -E
checking for tclsh... /home/builder/build/src/tcl9.0.1/unix/tclsh
/home/builder/build/src/tcl9.0.1/pkgs/itcl4.3.2/configure: line 9486: -I/home/builder/build/src/tcl9.0.1/pkgs/itcl4.3.2: No such file or directory
configure: creating ./config.status
config.status: creating Makefile
config.status: creating pkgIndex.tcl
config.status: creating itclConfig.sh
checking TEA configuration... ok (TEA 3.13)
configure: configuring itcl 4.3.2
checking system version... Linux-7.2.6-1-cachyos
checking whether ln -s works... yes
checking for Tcl configuration... found /home/builder/build/src/tcl9.0.1/unix/tclConfig.sh
checking for gcc... clang
checking whether the C compiler works... yes
checking for C compiler default output file name... a.out
checking for suffix of executables... 
checking whether we are cross compiling... no
checking for suffix of object files... o
checking whether the compiler supports GNU C... yes
checking whether clang accepts -g... yes
checking for clang option to enable C11 features... none needed
checking for existence of /home/builder/build/src/tcl9.0.1/unix/tclConfig.sh... loading
checking platform... unix
configure: --exec-prefix defaulting to TCL_EXEC_PREFIX /usr
checking for gcc... (cached) clang
checking whether the compiler supports GNU C... (cached) yes
checking whether clang accepts -g... (cached) yes
checking for clang option to enable C11 features... (cached) none needed
checking how to run the C preprocessor... clang-cpp
checking whether make sets $(MAKE)... yes
checking for ranlib... llvm-ranlib
checking for stdio.h... yes
checking for stdlib.h... yes
checking for string.h... yes
checking for inttypes.h... yes
checking for stdint.h... yes
checking for strings.h... yes
checking for sys/stat.h... yes
checking for sys/types.h... yes
checking for unistd.h... yes
checking if the compiler understands -pipe... yes
checking whether byte ordering is bigendian... no
checking for Tcl public headers... /home/builder/build/src/tcl9.0.1/generic
checking for Tcl private include files... Using srcdir found in tclConfig.sh: /home/builder/build/src/tcl9.0.1
checking for pthread_mutex_init in -lpthread... yes
checking for building with threads... yes (default)
checking how to build libraries... shared
checking for ranlib... (cached) llvm-ranlib
checking if 64bit support is requested... yes
checking if 64bit Sparc VIS support is requested... no
checking if compiler supports visibility "hidden"... yes
checking if rpath support is requested... yes
checking system version... (cached) Linux-7.2.6-1-cachyos
checking for ar... llvm-ar
checking if compiler accepts -m64 flag... yes
checking for cast to union support... yes
checking for stdbool.h... yes
checking for required early compiler flags... none
checking for 64-bit integer type... yes
checking for build with symbols... no
checking for intptr_t... yes
checking for egrep -e... /usr/sbin/grep -E
checking for tclsh... /home/builder/build/src/tcl9.0.1/unix/tclsh
/home/builder/build/src/tcl9.0.1/pkgs/itcl4.3.2/configure: line 9486: -I/home/builder/build/src/tcl9.0.1/pkgs/itcl4.3.2: No such file or directory
configure: creating ./config.status
config.status: creating Makefile
config.status: creating pkgIndex.tcl
config.status: creating itclConfig.sh
Configuring package 'tdbc1.1.10'
checking TEA configuration... ok (TEA 3.13)
configure: configuring tdbc 1.1.10
checking system version... Linux-7.2.6-1-cachyos
checking for Tcl configuration... found /home/builder/build/src/tcl9.0.1/unix/tclConfig.sh
checking for gcc... clang
checking whether the C compiler works... yes
checking for C compiler default output file name... a.out
checking for suffix of executables... 
checking whether we are cross compiling... no
checking for suffix of object files... o
checking whether the compiler supports GNU C... yes
checking whether clang accepts -g... yes
checking for clang option to enable C11 features... none needed
checking for existence of /home/builder/build/src/tcl9.0.1/unix/tclConfig.sh... loading
checking platform... unix
configure: --exec-prefix defaulting to TCL_EXEC_PREFIX /usr
checking for gcc... (cached) clang
checking whether the compiler supports GNU C... (cached) yes
checking whether clang accepts -g... (cached) yes
checking for clang option to enable C11 features... (cached) none needed
checking how to run the C preprocessor... clang-cpp
checking whether make sets $(MAKE)... yes
checking for ranlib... llvm-ranlib
checking for stdio.h... yes
checking for stdlib.h... yes
checking for string.h... yes
checking for inttypes.h... yes
checking for stdint.h... yes
checking for strings.h... yes
checking for sys/stat.h... yes
checking for sys/types.h... yes
checking for unistd.h... yes
checking if the compiler understands -pipe... yes
checking whether byte ordering is bigendian... no
checking for inline... inline
checking for Tcl public headers... /home/builder/build/src/tcl9.0.1/generic
checking for pthread_mutex_init in -lpthread... yes
checking for building with threads... yes (default)
checking how to build libraries... shared
checking for ranlib... (cached) llvm-ranlib
checking if 64bit support is requested... yes
checking if 64bit Sparc VIS support is requested... no
checking if compiler supports visibility "hidden"... yes
checking if rpath support is requested... yes
checking system version... (cached) Linux-7.2.6-1-cachyos
checking for ar... llvm-ar
checking if compiler accepts -m64 flag... yes
checking for cast to union support... yes
checking for stdbool.h... yes
checking for required early compiler flags... none
checking for 64-bit integer type... yes
checking for build with symbols... no
checking for egrep -e... /usr/sbin/grep -E
checking for tclsh... /home/builder/build/src/tcl9.0.1/unix/tclsh
configure: creating ./config.status
config.status: creating Makefile
config.status: creating pkgIndex.tcl
config.status: creating tdbcConfig.sh
checking TEA configuration... ok (TEA 3.13)
configure: configuring tdbc 1.1.10
checking system version... Linux-7.2.6-1-cachyos
checking for Tcl configuration... found /home/builder/build/src/tcl9.0.1/unix/tclConfig.sh
checking for gcc... clang
checking whether the C compiler works... yes
checking for C compiler default output file name... a.out
checking for suffix of executables... 
checking whether we are cross compiling... no
checking for suffix of object files... o
checking whether the compiler supports GNU C... yes
checking whether clang accepts -g... yes
checking for clang option to enable C11 features... none needed
checking for existence of /home/builder/build/src/tcl9.0.1/unix/tclConfig.sh... loading
checking platform... unix
configure: --exec-prefix defaulting to TCL_EXEC_PREFIX /usr
checking for gcc... (cached) clang
checking whether the compiler supports GNU C... (cached) yes
checking whether clang accepts -g... (cached) yes
checking for clang option to enable C11 features... (cached) none needed
checking how to run the C preprocessor... clang-cpp
checking whether make sets $(MAKE)... yes
checking for ranlib... llvm-ranlib
checking for stdio.h... yes
checking for stdlib.h... yes
checking for string.h... yes
checking for inttypes.h... yes
checking for stdint.h... yes
checking for strings.h... yes
checking for sys/stat.h... yes
checking for sys/types.h... yes
checking for unistd.h... yes
checking if the compiler understands -pipe... yes
checking whether byte ordering is bigendian... no
checking for inline... inline
checking for Tcl public headers... /home/builder/build/src/tcl9.0.1/generic
checking for pthread_mutex_init in -lpthread... yes
checking for building with threads... yes (default)
checking how to build libraries... shared
checking for ranlib... (cached) llvm-ranlib
checking if 64bit support is requested... yes
checking if 64bit Sparc VIS support is requested... no
checking if compiler supports visibility "hidden"... yes
checking if rpath support is requested... yes
checking system version... (cached) Linux-7.2.6-1-cachyos
checking for ar... llvm-ar
checking if compiler accepts -m64 flag... yes
checking for cast to union support... yes
checking for stdbool.h... yes
checking for required early compiler flags... none
checking for 64-bit integer type... yes
checking for build with symbols... no
checking for egrep -e... /usr/sbin/grep -E
checking for tclsh... /home/builder/build/src/tcl9.0.1/unix/tclsh
configure: creating ./config.status
config.status: creating Makefile
config.status: creating pkgIndex.tcl
config.status: creating tdbcConfig.sh
Configuring package 'tdbcmysql1.1.10'
checking TEA configuration... ok (TEA 3.13)
configure: configuring tdbcmysql 1.1.10
checking system version... Linux-7.2.6-1-cachyos
checking for Tcl configuration... found /home/builder/build/src/tcl9.0.1/unix/tclConfig.sh
checking for gcc... clang
checking whether the C compiler works... yes
checking for C compiler default output file name... a.out
checking for suffix of executables... 
checking whether we are cross compiling... no
checking for suffix of object files... o
checking whether the compiler supports GNU C... yes
checking whether clang accepts -g... yes
checking for clang option to enable C11 features... none needed
checking for existence of /home/builder/build/src/tcl9.0.1/unix/tclConfig.sh... loading
checking platform... unix
checking for tdbc configuration... found /home/builder/build/src/tcl9.0.1/unix/pkgs8/tdbc1.1.10/tdbcConfig.sh
checking for existence of /home/builder/build/src/tcl9.0.1/unix/pkgs8/tdbc1.1.10/tdbcConfig.sh... loading
configure: WARNING: Found Makefile - using build library specs for tdbc
checking For tdbc_STUB library for LIBS... using tdbc_STUB_LIB_SPEC -L/home/builder/build/src/tcl9.0.1/unix/pkgs8/tdbc1.1.10 -ltdbcstub1.1.10
configure: WARNING: Looking for "/home/builder/build/src/tcl9.0.1/unix/pkgs8/tdbc1.1.10/Makefile"
configure: WARNING: Found Makefile - using build include spec and lib specs for tdbc
configure: --exec-prefix defaulting to TCL_EXEC_PREFIX /usr
checking for gcc... (cached) clang
checking whether the compiler supports GNU C... (cached) yes
checking whether clang accepts -g... (cached) yes
checking for clang option to enable C11 features... (cached) none needed
checking how to run the C preprocessor... clang-cpp
checking whether make sets $(MAKE)... yes
checking for ranlib... llvm-ranlib
checking for stdio.h... yes
checking for stdlib.h... yes
checking for string.h... yes
checking for inttypes.h... yes
checking for stdint.h... yes
checking for strings.h... yes
checking for sys/stat.h... yes
checking for sys/types.h... yes
checking for unistd.h... yes
checking if the compiler understands -pipe... yes
checking whether byte ordering is bigendian... no
checking for inline... inline
checking for long long... yes
checking size of long long... 8
checking size of long... 8
checking for Tcl public headers... /home/builder/build/src/tcl9.0.1/generic
checking for pthread_mutex_init in -lpthread... yes
checking for building with threads... yes (default)
checking how to build libraries... shared
checking for ranlib... (cached) llvm-ranlib
checking if 64bit support is requested... yes
checking if 64bit Sparc VIS support is requested... no
checking if compiler supports visibility "hidden"... yes
checking if rpath support is requested... yes
checking system version... (cached) Linux-7.2.6-1-cachyos
checking for ar... llvm-ar
checking if compiler accepts -m64 flag... yes
checking for cast to union support... yes
checking for stdbool.h... yes
checking for required early compiler flags... none
checking for 64-bit integer type... yes
checking for build with symbols... no
checking for intptr_t... yes
checking for uintptr_t... yes
checking for egrep -e... /usr/sbin/grep -E
checking for tclsh... /home/builder/build/src/tcl9.0.1/unix/tclsh
configure: creating ./config.status
config.status: creating Makefile
config.status: creating pkgIndex.tcl
checking TEA configuration... ok (TEA 3.13)
configure: configuring tdbcmysql 1.1.10
checking system version... Linux-7.2.6-1-cachyos
checking for Tcl configuration... found /home/builder/build/src/tcl9.0.1/unix/tclConfig.sh
checking for gcc... clang
checking whether the C compiler works... yes
checking for C compiler default output file name... a.out
checking for suffix of executables... 
checking whether we are cross compiling... no
checking for suffix of object files... o
checking whether the compiler supports GNU C... yes
checking whether clang accepts -g... yes
checking for clang option to enable C11 features... none needed
checking for existence of /home/builder/build/src/tcl9.0.1/unix/tclConfig.sh... loading
checking platform... unix
checking for tdbc configuration... found /home/builder/build/src/tcl9.0.1/unix/pkgs/tdbc1.1.10/tdbcConfig.sh
checking for existence of /home/builder/build/src/tcl9.0.1/unix/pkgs/tdbc1.1.10/tdbcConfig.sh... loading
configure: WARNING: Found Makefile - using build library specs for tdbc
checking For tdbc_STUB library for LIBS... using tdbc_STUB_LIB_SPEC -L/home/builder/build/src/tcl9.0.1/unix/pkgs/tdbc1.1.10 -ltdbcstub
configure: WARNING: Looking for "/home/builder/build/src/tcl9.0.1/unix/pkgs/tdbc1.1.10/Makefile"
configure: WARNING: Found Makefile - using build include spec and lib specs for tdbc
configure: --exec-prefix defaulting to TCL_EXEC_PREFIX /usr
checking for gcc... (cached) clang
checking whether the compiler supports GNU C... (cached) yes
checking whether clang accepts -g... (cached) yes
checking for clang option to enable C11 features... (cached) none needed
checking how to run the C preprocessor... clang-cpp
checking whether make sets $(MAKE)... yes
checking for ranlib... llvm-ranlib
checking for stdio.h... yes
checking for stdlib.h... yes
checking for string.h... yes
checking for inttypes.h... yes
checking for stdint.h... yes
checking for strings.h... yes
checking for sys/stat.h... yes
checking for sys/types.h... yes
checking for unistd.h... yes
checking if the compiler understands -pipe... yes
checking whether byte ordering is bigendian... no
checking for inline... inline
checking for long long... yes
checking size of long long... 8
checking size of long... 8
checking for Tcl public headers... /home/builder/build/src/tcl9.0.1/generic
checking for pthread_mutex_init in -lpthread... yes
checking for building with threads... yes (default)
checking how to build libraries... shared
checking for ranlib... (cached) llvm-ranlib
checking if 64bit support is requested... yes
checking if 64bit Sparc VIS support is requested... no
checking if compiler supports visibility "hidden"... yes
checking if rpath support is requested... yes
checking system version... (cached) Linux-7.2.6-1-cachyos
checking for ar... llvm-ar
checking if compiler accepts -m64 flag... yes
checking for cast to union support... yes
checking for stdbool.h... yes
checking for required early compiler flags... none
checking for 64-bit integer type... yes
checking for build with symbols... no
checking for intptr_t... yes
checking for uintptr_t... yes
checking for egrep -e... /usr/sbin/grep -E
checking for tclsh... /home/builder/build/src/tcl9.0.1/unix/tclsh
configure: creating ./config.status
config.status: creating Makefile
config.status: creating pkgIndex.tcl
Configuring package 'tdbcodbc1.1.10'
checking TEA configuration... ok (TEA 3.13)
configure: configuring tdbcodbc 1.1.10
checking system version... Linux-7.2.6-1-cachyos
checking for Tcl configuration... found /home/builder/build/src/tcl9.0.1/unix/tclConfig.sh
checking for gcc... clang
checking whether the C compiler works... yes
checking for C compiler default output file name... a.out
checking for suffix of executables... 
checking whether we are cross compiling... no
checking for suffix of object files... o
checking whether the compiler supports GNU C... yes
checking whether clang accepts -g... yes
checking for clang option to enable C11 features... none needed
checking for existence of /home/builder/build/src/tcl9.0.1/unix/tclConfig.sh... loading
checking platform... unix
checking for tdbc configuration... found /home/builder/build/src/tcl9.0.1/unix/pkgs8/tdbc1.1.10/tdbcConfig.sh
checking for existence of /home/builder/build/src/tcl9.0.1/unix/pkgs8/tdbc1.1.10/tdbcConfig.sh... loading
configure: WARNING: Found Makefile - using build library specs for tdbc
checking For tdbc_STUB library for LIBS... using tdbc_STUB_LIB_SPEC -L/home/builder/build/src/tcl9.0.1/unix/pkgs8/tdbc1.1.10 -ltdbcstub1.1.10
configure: WARNING: Looking for "/home/builder/build/src/tcl9.0.1/unix/pkgs8/tdbc1.1.10/Makefile"
configure: WARNING: Found Makefile - using build include spec and lib specs for tdbc
configure: --exec-prefix defaulting to TCL_EXEC_PREFIX /usr
checking for gcc... (cached) clang
checking whether the compiler supports GNU C... (cached) yes
checking whether clang accepts -g... (cached) yes
checking for clang option to enable C11 features... (cached) none needed
checking how to run the C preprocessor... clang-cpp
checking whether make sets $(MAKE)... yes
checking for ranlib... llvm-ranlib
checking for stdio.h... yes
checking for stdlib.h... yes
checking for string.h... yes
checking for inttypes.h... yes
checking for stdint.h... yes
checking for strings.h... yes
checking for sys/stat.h... yes
checking for sys/types.h... yes
checking for unistd.h... yes
checking if the compiler understands -pipe... yes
checking whether byte ordering is bigendian... no
checking for inline... inline
checking for long long... yes
checking size of long long... 8
checking size of long... 8
checking for Tcl public headers... /home/builder/build/src/tcl9.0.1/generic
checking for pthread_mutex_init in -lpthread... yes
checking for building with threads... yes (default)
checking how to build libraries... shared
checking for ranlib... (cached) llvm-ranlib
checking if 64bit support is requested... yes
checking if 64bit Sparc VIS support is requested... no
checking if compiler supports visibility "hidden"... yes
checking if rpath support is requested... yes
checking system version... (cached) Linux-7.2.6-1-cachyos
checking for ar... llvm-ar
checking if compiler accepts -m64 flag... yes
checking for cast to union support... yes
checking for stdbool.h... yes
checking for required early compiler flags... none
checking for 64-bit integer type... yes
checking for build with symbols... no
checking for intptr_t... yes
checking for uintptr_t... yes
checking for main in -lws2_32... no
checking for main in -lwinsock... no
checking for egrep -e... /usr/sbin/grep -E
checking for tclsh... /home/builder/build/src/tcl9.0.1/unix/tclsh
configure: creating ./config.status
config.status: creating Makefile
config.status: creating pkgIndex.tcl
checking TEA configuration... ok (TEA 3.13)
configure: configuring tdbcodbc 1.1.10
checking system version... Linux-7.2.6-1-cachyos
checking for Tcl configuration... found /home/builder/build/src/tcl9.0.1/unix/tclConfig.sh
checking for gcc... clang
checking whether the C compiler works... yes
checking for C compiler default output file name... a.out
checking for suffix of executables... 
checking whether we are cross compiling... no
checking for suffix of object files... o
checking whether the compiler supports GNU C... yes
checking whether clang accepts -g... yes
checking for clang option to enable C11 features... none needed
checking for existence of /home/builder/build/src/tcl9.0.1/unix/tclConfig.sh... loading
checking platform... unix
checking for tdbc configuration... found /home/builder/build/src/tcl9.0.1/unix/pkgs/tdbc1.1.10/tdbcConfig.sh
checking for existence of /home/builder/build/src/tcl9.0.1/unix/pkgs/tdbc1.1.10/tdbcConfig.sh... loading
configure: WARNING: Found Makefile - using build library specs for tdbc
checking For tdbc_STUB library for LIBS... using tdbc_STUB_LIB_SPEC -L/home/builder/build/src/tcl9.0.1/unix/pkgs/tdbc1.1.10 -ltdbcstub
configure: WARNING: Looking for "/home/builder/build/src/tcl9.0.1/unix/pkgs/tdbc1.1.10/Makefile"
configure: WARNING: Found Makefile - using build include spec and lib specs for tdbc
configure: --exec-prefix defaulting to TCL_EXEC_PREFIX /usr
checking for gcc... (cached) clang
checking whether the compiler supports GNU C... (cached) yes
checking whether clang accepts -g... (cached) yes
checking for clang option to enable C11 features... (cached) none needed
checking how to run the C preprocessor... clang-cpp
checking whether make sets $(MAKE)... yes
checking for ranlib... llvm-ranlib
checking for stdio.h... yes
checking for stdlib.h... yes
checking for string.h... yes
checking for inttypes.h... yes
checking for stdint.h... yes
checking for strings.h... yes
checking for sys/stat.h... yes
checking for sys/types.h... yes
checking for unistd.h... yes
checking if the compiler understands -pipe... yes
checking whether byte ordering is bigendian... no
checking for inline... inline
checking for long long... yes
checking size of long long... 8
checking size of long... 8
checking for Tcl public headers... /home/builder/build/src/tcl9.0.1/generic
checking for pthread_mutex_init in -lpthread... yes
checking for building with threads... yes (default)
checking how to build libraries... shared
checking for ranlib... (cached) llvm-ranlib
checking if 64bit support is requested... yes
checking if 64bit Sparc VIS support is requested... no
checking if compiler supports visibility "hidden"... yes
checking if rpath support is requested... yes
checking system version... (cached) Linux-7.2.6-1-cachyos
checking for ar... llvm-ar
checking if compiler accepts -m64 flag... yes
checking for cast to union support... yes
checking for stdbool.h... yes
checking for required early compiler flags... none
checking for 64-bit integer type... yes
checking for build with symbols... no
checking for intptr_t... yes
checking for uintptr_t... yes
checking for main in -lws2_32... no
checking for main in -lwinsock... no
checking for egrep -e... /usr/sbin/grep -E
checking for tclsh... /home/builder/build/src/tcl9.0.1/unix/tclsh
configure: creating ./config.status
config.status: creating Makefile
config.status: creating pkgIndex.tcl
Configuring package 'tdbcpostgres1.1.10'
checking TEA configuration... ok (TEA 3.13)
configure: configuring tdbcpostgres 1.1.10
checking system version... Linux-7.2.6-1-cachyos
checking for Tcl configuration... found /home/builder/build/src/tcl9.0.1/unix/tclConfig.sh
checking for gcc... clang
checking whether the C compiler works... yes
checking for C compiler default output file name... a.out
checking for suffix of executables... 
checking whether we are cross compiling... no
checking for suffix of object files... o
checking whether the compiler supports GNU C... yes
checking whether clang accepts -g... yes
checking for clang option to enable C11 features... none needed
checking for existence of /home/builder/build/src/tcl9.0.1/unix/tclConfig.sh... loading
checking platform... unix
checking for tdbc configuration... found /home/builder/build/src/tcl9.0.1/unix/pkgs8/tdbc1.1.10/tdbcConfig.sh
checking for existence of /home/builder/build/src/tcl9.0.1/unix/pkgs8/tdbc1.1.10/tdbcConfig.sh... loading
configure: WARNING: Found Makefile - using build library specs for tdbc
checking For tdbc_STUB library for LIBS... using tdbc_STUB_LIB_SPEC -L/home/builder/build/src/tcl9.0.1/unix/pkgs8/tdbc1.1.10 -ltdbcstub1.1.10
configure: WARNING: Looking for "/home/builder/build/src/tcl9.0.1/unix/pkgs8/tdbc1.1.10/Makefile"
configure: WARNING: Found Makefile - using build include spec and lib specs for tdbc
configure: --exec-prefix defaulting to TCL_EXEC_PREFIX /usr
checking for gcc... (cached) clang
checking whether the compiler supports GNU C... (cached) yes
checking whether clang accepts -g... (cached) yes
checking for clang option to enable C11 features... (cached) none needed
checking how to run the C preprocessor... clang-cpp
checking whether make sets $(MAKE)... yes
checking for ranlib... llvm-ranlib
checking for stdio.h... yes
checking for stdlib.h... yes
checking for string.h... yes
checking for inttypes.h... yes
checking for stdint.h... yes
checking for strings.h... yes
checking for sys/stat.h... yes
checking for sys/types.h... yes
checking for unistd.h... yes
checking if the compiler understands -pipe... yes
checking whether byte ordering is bigendian... no
checking for inline... inline
checking for long long... yes
checking size of long long... 8
checking size of long... 8
checking for Tcl public headers... /home/builder/build/src/tcl9.0.1/generic
checking for pthread_mutex_init in -lpthread... yes
checking for building with threads... yes (default)
checking how to build libraries... shared
checking for ranlib... (cached) llvm-ranlib
checking if 64bit support is requested... yes
checking if 64bit Sparc VIS support is requested... no
checking if compiler supports visibility "hidden"... yes
checking if rpath support is requested... yes
checking system version... (cached) Linux-7.2.6-1-cachyos
checking for ar... llvm-ar
checking if compiler accepts -m64 flag... yes
checking for cast to union support... yes
checking for stdbool.h... yes
checking for required early compiler flags... none
checking for 64-bit integer type... yes
checking for build with symbols... no
checking for intptr_t... yes
checking for uintptr_t... yes
checking for main in -lws2_32... no
checking for main in -lwinsock... no
checking for egrep -e... /usr/sbin/grep -E
checking for tclsh... /home/builder/build/src/tcl9.0.1/unix/tclsh
configure: creating ./config.status
config.status: creating Makefile
config.status: creating pkgIndex.tcl
checking TEA configuration... ok (TEA 3.13)
configure: configuring tdbcpostgres 1.1.10
checking system version... Linux-7.2.6-1-cachyos
checking for Tcl configuration... found /home/builder/build/src/tcl9.0.1/unix/tclConfig.sh
checking for gcc... clang
checking whether the C compiler works... yes
checking for C compiler default output file name... a.out
checking for suffix of executables... 
checking whether we are cross compiling... no
checking for suffix of object files... o
checking whether the compiler supports GNU C... yes
checking whether clang accepts -g... yes
checking for clang option to enable C11 features... none needed
checking for existence of /home/builder/build/src/tcl9.0.1/unix/tclConfig.sh... loading
checking platform... unix
checking for tdbc configuration... found /home/builder/build/src/tcl9.0.1/unix/pkgs/tdbc1.1.10/tdbcConfig.sh
checking for existence of /home/builder/build/src/tcl9.0.1/unix/pkgs/tdbc1.1.10/tdbcConfig.sh... loading
configure: WARNING: Found Makefile - using build library specs for tdbc
checking For tdbc_STUB library for LIBS... using tdbc_STUB_LIB_SPEC -L/home/builder/build/src/tcl9.0.1/unix/pkgs/tdbc1.1.10 -ltdbcstub
configure: WARNING: Looking for "/home/builder/build/src/tcl9.0.1/unix/pkgs/tdbc1.1.10/Makefile"
configure: WARNING: Found Makefile - using build include spec and lib specs for tdbc
configure: --exec-prefix defaulting to TCL_EXEC_PREFIX /usr
checking for gcc... (cached) clang
checking whether the compiler supports GNU C... (cached) yes
checking whether clang accepts -g... (cached) yes
checking for clang option to enable C11 features... (cached) none needed
checking how to run the C preprocessor... clang-cpp
checking whether make sets $(MAKE)... yes
checking for ranlib... llvm-ranlib
checking for stdio.h... yes
checking for stdlib.h... yes
checking for string.h... yes
checking for inttypes.h... yes
checking for stdint.h... yes
checking for strings.h... yes
checking for sys/stat.h... yes
checking for sys/types.h... yes
checking for unistd.h... yes
checking if the compiler understands -pipe... yes
checking whether byte ordering is bigendian... no
checking for inline... inline
checking for long long... yes
checking size of long long... 8
checking size of long... 8
checking for Tcl public headers... /home/builder/build/src/tcl9.0.1/generic
checking for pthread_mutex_init in -lpthread... yes
checking for building with threads... yes (default)
checking how to build libraries... shared
checking for ranlib... (cached) llvm-ranlib
checking if 64bit support is requested... yes
checking if 64bit Sparc VIS support is requested... no
checking if compiler supports visibility "hidden"... yes
checking if rpath support is requested... yes
checking system version... (cached) Linux-7.2.6-1-cachyos
checking for ar... llvm-ar
checking if compiler accepts -m64 flag... yes
checking for cast to union support... yes
checking for stdbool.h... yes
checking for required early compiler flags... none
checking for 64-bit integer type... yes
checking for build with symbols... no
checking for intptr_t... yes
checking for uintptr_t... yes
checking for main in -lws2_32... no
checking for main in -lwinsock... no
checking for egrep -e... /usr/sbin/grep -E
checking for tclsh... /home/builder/build/src/tcl9.0.1/unix/tclsh
configure: creating ./config.status
config.status: creating Makefile
config.status: creating pkgIndex.tcl
Configuring package 'tdbcsqlite3-1.1.10'
configure: WARNING: unrecognized options: --with-tclinclude, --enable-shared
checking TEA configuration... ok (TEA 3.13)
configure: configuring tdbcsqlite3 1.1.10
checking system version... Linux-7.2.6-1-cachyos
checking for Tcl configuration... found /home/builder/build/src/tcl9.0.1/unix/tclConfig.sh
checking for gcc... clang
checking whether the C compiler works... yes
checking for C compiler default output file name... a.out
checking for suffix of executables... 
checking whether we are cross compiling... no
checking for suffix of object files... o
checking whether the compiler supports GNU C... yes
checking whether clang accepts -g... yes
checking for clang option to enable C11 features... none needed
checking for existence of /home/builder/build/src/tcl9.0.1/unix/tclConfig.sh... loading
checking platform... unix
checking for tdbc configuration... found /home/builder/build/src/tcl9.0.1/unix/pkgs8/tdbc1.1.10/tdbcConfig.sh
checking for existence of /home/builder/build/src/tcl9.0.1/unix/pkgs8/tdbc1.1.10/tdbcConfig.sh... loading
configure: WARNING: Found Makefile - using build library specs for tdbc
checking For tdbc_STUB library for LIBS... using tdbc_STUB_LIB_SPEC -L/home/builder/build/src/tcl9.0.1/unix/pkgs8/tdbc1.1.10 -ltdbcstub1.1.10
configure: WARNING: Looking for "/home/builder/build/src/tcl9.0.1/unix/pkgs8/tdbc1.1.10/Makefile"
configure: WARNING: Found Makefile - using build include spec and lib specs for tdbc
configure: --exec-prefix defaulting to TCL_EXEC_PREFIX /usr
checking for pthread_mutex_init in -lpthread... yes
checking for building with threads... yes (default)
checking for ranlib... llvm-ranlib
checking for stdio.h... yes
checking for stdlib.h... yes
checking for string.h... yes
checking for inttypes.h... yes
checking for stdint.h... yes
checking for strings.h... yes
checking for sys/stat.h... yes
checking for sys/types.h... yes
checking for unistd.h... yes
checking if 64bit support is requested... yes
checking if 64bit Sparc VIS support is requested... no
checking if compiler supports visibility "hidden"... yes
checking if rpath support is requested... yes
checking system version... (cached) Linux-7.2.6-1-cachyos
checking for ar... llvm-ar
checking if compiler accepts -m64 flag... yes
checking for cast to union support... yes
checking for stdbool.h... yes
checking for required early compiler flags... none
checking for 64-bit integer type... yes
checking for build with symbols... no
checking for tclsh... /home/builder/build/src/tcl9.0.1/unix/tclsh
configure: creating ./config.status
config.status: creating Makefile
config.status: creating pkgIndex.tcl
configure: WARNING: unrecognized options: --with-tclinclude, --enable-shared
configure: WARNING: unrecognized options: --with-tclinclude, --enable-shared
checking TEA configuration... ok (TEA 3.13)
configure: configuring tdbcsqlite3 1.1.10
checking system version... Linux-7.2.6-1-cachyos
checking for Tcl configuration... found /home/builder/build/src/tcl9.0.1/unix/tclConfig.sh
checking for gcc... clang
checking whether the C compiler works... yes
checking for C compiler default output file name... a.out
checking for suffix of executables... 
checking whether we are cross compiling... no
checking for suffix of object files... o
checking whether the compiler supports GNU C... yes
checking whether clang accepts -g... yes
checking for clang option to enable C11 features... none needed
checking for existence of /home/builder/build/src/tcl9.0.1/unix/tclConfig.sh... loading
checking platform... unix
checking for tdbc configuration... found /home/builder/build/src/tcl9.0.1/unix/pkgs/tdbc1.1.10/tdbcConfig.sh
checking for existence of /home/builder/build/src/tcl9.0.1/unix/pkgs/tdbc1.1.10/tdbcConfig.sh... loading
configure: WARNING: Found Makefile - using build library specs for tdbc
checking For tdbc_STUB library for LIBS... using tdbc_STUB_LIB_SPEC -L/home/builder/build/src/tcl9.0.1/unix/pkgs/tdbc1.1.10 -ltdbcstub
configure: WARNING: Looking for "/home/builder/build/src/tcl9.0.1/unix/pkgs/tdbc1.1.10/Makefile"
configure: WARNING: Found Makefile - using build include spec and lib specs for tdbc
configure: --exec-prefix defaulting to TCL_EXEC_PREFIX /usr
checking for pthread_mutex_init in -lpthread... yes
checking for building with threads... yes (default)
checking for ranlib... llvm-ranlib
checking for stdio.h... yes
checking for stdlib.h... yes
checking for string.h... yes
checking for inttypes.h... yes
checking for stdint.h... yes
checking for strings.h... yes
checking for sys/stat.h... yes
checking for sys/types.h... yes
checking for unistd.h... yes
checking if 64bit support is requested... yes
checking if 64bit Sparc VIS support is requested... no
checking if compiler supports visibility "hidden"... yes
checking if rpath support is requested... yes
checking system version... (cached) Linux-7.2.6-1-cachyos
checking for ar... llvm-ar
checking if compiler accepts -m64 flag... yes
checking for cast to union support... yes
checking for stdbool.h... yes
checking for required early compiler flags... none
checking for 64-bit integer type... yes
checking for build with symbols... no
checking for tclsh... /home/builder/build/src/tcl9.0.1/unix/tclsh
configure: creating ./config.status
config.status: creating Makefile
config.status: creating pkgIndex.tcl
configure: WARNING: unrecognized options: --with-tclinclude, --enable-shared
Configuring package 'thread3.0.1'
checking TEA configuration... ok (TEA 3.13)
configure: configuring thread 3.0.1
checking system version... Linux-7.2.6-1-cachyos
checking for Tcl configuration... found /home/builder/build/src/tcl9.0.1/unix/tclConfig.sh
configure: WARNING: --with-tcl8 option ignored
checking for gcc... clang
checking whether the C compiler works... yes
checking for C compiler default output file name... a.out
checking for suffix of executables... 
checking whether we are cross compiling... no
checking for suffix of object files... o
checking whether the compiler supports GNU C... yes
checking whether clang accepts -g... yes
checking for clang option to enable C11 features... none needed
checking for existence of /home/builder/build/src/tcl9.0.1/unix/tclConfig.sh... loading
checking platform... unix
configure: --exec-prefix defaulting to TCL_EXEC_PREFIX /usr
checking for gcc... (cached) clang
checking whether the compiler supports GNU C... (cached) yes
checking whether clang accepts -g... (cached) yes
checking for clang option to enable C11 features... (cached) none needed
checking how to run the C preprocessor... clang-cpp
checking whether make sets $(MAKE)... yes
checking for ranlib... llvm-ranlib
checking for stdio.h... yes
checking for stdlib.h... yes
checking for string.h... yes
checking for inttypes.h... yes
checking for stdint.h... yes
checking for strings.h... yes
checking for sys/stat.h... yes
checking for sys/types.h... yes
checking for unistd.h... yes
checking if the compiler understands -pipe... yes
checking whether byte ordering is bigendian... no
checking for NaviServer/AOLserver configuration... none found
checking for Tcl public headers... /home/builder/build/src/tcl9.0.1/generic
checking for pthread_mutex_init in -lpthread... yes
checking for building with threads... yes (default)
checking how to build libraries... shared
checking for ranlib... (cached) llvm-ranlib
checking if 64bit support is requested... yes
checking if 64bit Sparc VIS support is requested... no
checking if compiler supports visibility "hidden"... yes
checking if rpath support is requested... yes
checking system version... (cached) Linux-7.2.6-1-cachyos
checking for ar... llvm-ar
checking if compiler accepts -m64 flag... yes
checking for cast to union support... yes
checking for stdbool.h... yes
checking for required early compiler flags... none
checking for 64-bit integer type... yes
checking for build with symbols... no
checking for egrep -e... /usr/sbin/grep -E
checking for tclsh... /home/builder/build/src/tcl9.0.1/unix/tclsh
checking for building with zipfs... yes
configure: creating ./config.status
config.status: creating Makefile
config.status: creating pkgIndex.tcl
checking TEA configuration... ok (TEA 3.13)
configure: configuring thread 3.0.1
checking system version... Linux-7.2.6-1-cachyos
checking for Tcl configuration... found /home/builder/build/src/tcl9.0.1/unix/tclConfig.sh
checking for gcc... clang
checking whether the C compiler works... yes
checking for C compiler default output file name... a.out
checking for suffix of executables... 
checking whether we are cross compiling... no
checking for suffix of object files... o
checking whether the compiler supports GNU C... yes
checking whether clang accepts -g... yes
checking for clang option to enable C11 features... none needed
checking for existence of /home/builder/build/src/tcl9.0.1/unix/tclConfig.sh... loading
checking platform... unix
configure: --exec-prefix defaulting to TCL_EXEC_PREFIX /usr
checking for gcc... (cached) clang
checking whether the compiler supports GNU C... (cached) yes
checking whether clang accepts -g... (cached) yes
checking for clang option to enable C11 features... (cached) none needed
checking how to run the C preprocessor... clang-cpp
checking whether make sets $(MAKE)... yes
checking for ranlib... llvm-ranlib
checking for stdio.h... yes
checking for stdlib.h... yes
checking for string.h... yes
checking for inttypes.h... yes
checking for stdint.h... yes
checking for strings.h... yes
checking for sys/stat.h... yes
checking for sys/types.h... yes
checking for unistd.h... yes
checking if the compiler understands -pipe... yes
checking whether byte ordering is bigendian... no
checking for NaviServer/AOLserver configuration... none found
checking for Tcl public headers... /home/builder/build/src/tcl9.0.1/generic
checking for pthread_mutex_init in -lpthread... yes
checking for building with threads... yes (default)
checking how to build libraries... shared
checking for ranlib... (cached) llvm-ranlib
checking if 64bit support is requested... yes
checking if 64bit Sparc VIS support is requested... no
checking if compiler supports visibility "hidden"... yes
checking if rpath support is requested... yes
checking system version... (cached) Linux-7.2.6-1-cachyos
checking for ar... llvm-ar
checking if compiler accepts -m64 flag... yes
checking for cast to union support... yes
checking for stdbool.h... yes
checking for required early compiler flags... none
checking for 64-bit integer type... yes
checking for build with symbols... no
checking for egrep -e... /usr/sbin/grep -E
checking for tclsh... /home/builder/build/src/tcl9.0.1/unix/tclsh
checking for building with zipfs... yes
configure: creating ./config.status
config.status: creating Makefile
config.status: creating pkgIndex.tcl
Building package 'itcl4.3.2' for Tcl 8
make[1]: Entering directory '/home/builder/build/src/tcl9.0.1/unix/pkgs8/itcl4.3.2'
clang -DPACKAGE_NAME=\"itcl\" -DPACKAGE_TARNAME=\"itcl\" -DPACKAGE_VERSION=\"4.3.2\" -DPACKAGE_STRING=\"itcl\ 4.3.2\" -DPACKAGE_BUGREPORT=\"\" -DPACKAGE_URL=\"\" -DBUILD_itcl=/\*\*/ -DHAVE_STDIO_H=1 -DHAVE_STDLIB_H=1 -DHAVE_STRING_H=1 -DHAVE_INTTYPES_H=1 -DHAVE_STDINT_H=1 -DHAVE_STRINGS_H=1 -DHAVE_SYS_STAT_H=1 -DHAVE_SYS_TYPES_H=1 -DHAVE_UNISTD_H=1 -DSTDC_HEADERS=1 -DUSE_THREAD_ALLOC=1 -D_REENTRANT=1 -D_THREAD_SAFE=1 -DTCL_THREADS=1 -DUSE_TCL_STUBS=1 -DUSE_TCLOO_STUBS=1 -DMODULE_SCOPE=extern\ __attribute__\(\(__visibility__\(\"hidden\"\)\)\) -DHAVE_HIDDEN=1 -DHAVE_CAST_TO_UNION=1 -DHAVE_STDBOOL_H=1 -DTCL_WIDE_INT_IS_LONG=1 -DTCL_CFG_OPTIMIZED=1 -DHAVE_INTPTR_T=1 -DTCL_MAJOR_VERSION=8  -fPIC -DITCL_LIBRARY="/usr/lib/itcl4.3.2" -I. -I"/home/builder/build/src/tcl9.0.1/pkgs/itcl4.3.2/generic" -I"/home/builder/build/src/tcl9.0.1/pkgs/itcl4.3.2" -I"/home/builder/build/src/tcl9.0.1/generic" -I"/home/builder/build/src/tcl9.0.1/unix"    -march=x86-64-v3 -O2 -pipe -fno-plt -fexceptions         -Wp,-D_FORTIFY_SOURCE=3 -fstack-clash-protection -fcf-protection -pipe -m64 -O2 -fomit-frame-pointer -DNDEBUG -Wall -fPIC  -c `echo /home/builder/build/src/tcl9.0.1/pkgs/itcl4.3.2/generic/itcl2TclOO.c` -o itcl2TclOO.o
echo "#define ITCL_VERSION_UUID \\" >itclUuid.h
cat /home/builder/build/src/tcl9.0.1/pkgs/itcl4.3.2/manifest.uuid >>itclUuid.h
echo "" >>itclUuid.h
clang -DPACKAGE_NAME=\"itcl\" -DPACKAGE_TARNAME=\"itcl\" -DPACKAGE_VERSION=\"4.3.2\" -DPACKAGE_STRING=\"itcl\ 4.3.2\" -DPACKAGE_BUGREPORT=\"\" -DPACKAGE_URL=\"\" -DBUILD_itcl=/\*\*/ -DHAVE_STDIO_H=1 -DHAVE_STDLIB_H=1 -DHAVE_STRING_H=1 -DHAVE_INTTYPES_H=1 -DHAVE_STDINT_H=1 -DHAVE_STRINGS_H=1 -DHAVE_SYS_STAT_H=1 -DHAVE_SYS_TYPES_H=1 -DHAVE_UNISTD_H=1 -DSTDC_HEADERS=1 -DUSE_THREAD_ALLOC=1 -D_REENTRANT=1 -D_THREAD_SAFE=1 -DTCL_THREADS=1 -DUSE_TCL_STUBS=1 -DUSE_TCLOO_STUBS=1 -DMODULE_SCOPE=extern\ __attribute__\(\(__visibility__\(\"hidden\"\)\)\) -DHAVE_HIDDEN=1 -DHAVE_CAST_TO_UNION=1 -DHAVE_STDBOOL_H=1 -DTCL_WIDE_INT_IS_LONG=1 -DTCL_CFG_OPTIMIZED=1 -DHAVE_INTPTR_T=1 -DTCL_MAJOR_VERSION=8  -fPIC -DITCL_LIBRARY="/usr/lib/itcl4.3.2" -I. -I"/home/builder/build/src/tcl9.0.1/pkgs/itcl4.3.2/generic" -I"/home/builder/build/src/tcl9.0.1/pkgs/itcl4.3.2" -I"/home/builder/build/src/tcl9.0.1/generic" -I"/home/builder/build/src/tcl9.0.1/unix"    -march=x86-64-v3 -O2 -pipe -fno-plt -fexceptions         -Wp,-D_FORTIFY_SOURCE=3 -fstack-clash-protection -fcf-protection -pipe -m64 -O2 -fomit-frame-pointer -DNDEBUG -Wall -fPIC  -c `echo /home/builder/build/src/tcl9.0.1/pkgs/itcl4.3.2/generic/itclBase.c` -o itclBase.o
clang -DPACKAGE_NAME=\"itcl\" -DPACKAGE_TARNAME=\"itcl\" -DPACKAGE_VERSION=\"4.3.2\" -DPACKAGE_STRING=\"itcl\ 4.3.2\" -DPACKAGE_BUGREPORT=\"\" -DPACKAGE_URL=\"\" -DBUILD_itcl=/\*\*/ -DHAVE_STDIO_H=1 -DHAVE_STDLIB_H=1 -DHAVE_STRING_H=1 -DHAVE_INTTYPES_H=1 -DHAVE_STDINT_H=1 -DHAVE_STRINGS_H=1 -DHAVE_SYS_STAT_H=1 -DHAVE_SYS_TYPES_H=1 -DHAVE_UNISTD_H=1 -DSTDC_HEADERS=1 -DUSE_THREAD_ALLOC=1 -D_REENTRANT=1 -D_THREAD_SAFE=1 -DTCL_THREADS=1 -DUSE_TCL_STUBS=1 -DUSE_TCLOO_STUBS=1 -DMODULE_SCOPE=extern\ __attribute__\(\(__visibility__\(\"hidden\"\)\)\) -DHAVE_HIDDEN=1 -DHAVE_CAST_TO_UNION=1 -DHAVE_STDBOOL_H=1 -DTCL_WIDE_INT_IS_LONG=1 -DTCL_CFG_OPTIMIZED=1 -DHAVE_INTPTR_T=1 -DTCL_MAJOR_VERSION=8  -fPIC -DITCL_LIBRARY="/usr/lib/itcl4.3.2" -I. -I"/home/builder/build/src/tcl9.0.1/pkgs/itcl4.3.2/generic" -I"/home/builder/build/src/tcl9.0.1/pkgs/itcl4.3.2" -I"/home/builder/build/src/tcl9.0.1/generic" -I"/home/builder/build/src/tcl9.0.1/unix"    -march=x86-64-v3 -O2 -pipe -fno-plt -fexceptions         -Wp,-D_FORTIFY_SOURCE=3 -fstack-clash-protection -fcf-protection -pipe -m64 -O2 -fomit-frame-pointer -DNDEBUG -Wall -fPIC  -c `echo /home/builder/build/src/tcl9.0.1/pkgs/itcl4.3.2/generic/itclBuiltin.c` -o itclBuiltin.o
clang -DPACKAGE_NAME=\"itcl\" -DPACKAGE_TARNAME=\"itcl\" -DPACKAGE_VERSION=\"4.3.2\" -DPACKAGE_STRING=\"itcl\ 4.3.2\" -DPACKAGE_BUGREPORT=\"\" -DPACKAGE_URL=\"\" -DBUILD_itcl=/\*\*/ -DHAVE_STDIO_H=1 -DHAVE_STDLIB_H=1 -DHAVE_STRING_H=1 -DHAVE_INTTYPES_H=1 -DHAVE_STDINT_H=1 -DHAVE_STRINGS_H=1 -DHAVE_SYS_STAT_H=1 -DHAVE_SYS_TYPES_H=1 -DHAVE_UNISTD_H=1 -DSTDC_HEADERS=1 -DUSE_THREAD_ALLOC=1 -D_REENTRANT=1 -D_THREAD_SAFE=1 -DTCL_THREADS=1 -DUSE_TCL_STUBS=1 -DUSE_TCLOO_STUBS=1 -DMODULE_SCOPE=extern\ __attribute__\(\(__visibility__\(\"hidden\"\)\)\) -DHAVE_HIDDEN=1 -DHAVE_CAST_TO_UNION=1 -DHAVE_STDBOOL_H=1 -DTCL_WIDE_INT_IS_LONG=1 -DTCL_CFG_OPTIMIZED=1 -DHAVE_INTPTR_T=1 -DTCL_MAJOR_VERSION=8  -fPIC -DITCL_LIBRARY="/usr/lib/itcl4.3.2" -I. -I"/home/builder/build/src/tcl9.0.1/pkgs/itcl4.3.2/generic" -I"/home/builder/build/src/tcl9.0.1/pkgs/itcl4.3.2" -I"/home/builder/build/src/tcl9.0.1/generic" -I"/home/builder/build/src/tcl9.0.1/unix"    -march=x86-64-v3 -O2 -pipe -fno-plt -fexceptions         -Wp,-D_FORTIFY_SOURCE=3 -fstack-clash-protection -fcf-protection -pipe -m64 -O2 -fomit-frame-pointer -DNDEBUG -Wall -fPIC  -c `echo /home/builder/build/src/tcl9.0.1/pkgs/itcl4.3.2/generic/itclClass.c` -o itclClass.o
clang -DPACKAGE_NAME=\"itcl\" -DPACKAGE_TARNAME=\"itcl\" -DPACKAGE_VERSION=\"4.3.2\" -DPACKAGE_STRING=\"itcl\ 4.3.2\" -DPACKAGE_BUGREPORT=\"\" -DPACKAGE_URL=\"\" -DBUILD_itcl=/\*\*/ -DHAVE_STDIO_H=1 -DHAVE_STDLIB_H=1 -DHAVE_STRING_H=1 -DHAVE_INTTYPES_H=1 -DHAVE_STDINT_H=1 -DHAVE_STRINGS_H=1 -DHAVE_SYS_STAT_H=1 -DHAVE_SYS_TYPES_H=1 -DHAVE_UNISTD_H=1 -DSTDC_HEADERS=1 -DUSE_THREAD_ALLOC=1 -D_REENTRANT=1 -D_THREAD_SAFE=1 -DTCL_THREADS=1 -DUSE_TCL_STUBS=1 -DUSE_TCLOO_STUBS=1 -DMODULE_SCOPE=extern\ __attribute__\(\(__visibility__\(\"hidden\"\)\)\) -DHAVE_HIDDEN=1 -DHAVE_CAST_TO_UNION=1 -DHAVE_STDBOOL_H=1 -DTCL_WIDE_INT_IS_LONG=1 -DTCL_CFG_OPTIMIZED=1 -DHAVE_INTPTR_T=1 -DTCL_MAJOR_VERSION=8  -fPIC -DITCL_LIBRARY="/usr/lib/itcl4.3.2" -I. -I"/home/builder/build/src/tcl9.0.1/pkgs/itcl4.3.2/generic" -I"/home/builder/build/src/tcl9.0.1/pkgs/itcl4.3.2" -I"/home/builder/build/src/tcl9.0.1/generic" -I"/home/builder/build/src/tcl9.0.1/unix"    -march=x86-64-v3 -O2 -pipe -fno-plt -fexceptions         -Wp,-D_FORTIFY_SOURCE=3 -fstack-clash-protection -fcf-protection -pipe -m64 -O2 -fomit-frame-pointer -DNDEBUG -Wall -fPIC  -c `echo /home/builder/build/src/tcl9.0.1/pkgs/itcl4.3.2/generic/itclCmd.c` -o itclCmd.o
clang -DPACKAGE_NAME=\"itcl\" -DPACKAGE_TARNAME=\"itcl\" -DPACKAGE_VERSION=\"4.3.2\" -DPACKAGE_STRING=\"itcl\ 4.3.2\" -DPACKAGE_BUGREPORT=\"\" -DPACKAGE_URL=\"\" -DBUILD_itcl=/\*\*/ -DHAVE_STDIO_H=1 -DHAVE_STDLIB_H=1 -DHAVE_STRING_H=1 -DHAVE_INTTYPES_H=1 -DHAVE_STDINT_H=1 -DHAVE_STRINGS_H=1 -DHAVE_SYS_STAT_H=1 -DHAVE_SYS_TYPES_H=1 -DHAVE_UNISTD_H=1 -DSTDC_HEADERS=1 -DUSE_THREAD_ALLOC=1 -D_REENTRANT=1 -D_THREAD_SAFE=1 -DTCL_THREADS=1 -DUSE_TCL_STUBS=1 -DUSE_TCLOO_STUBS=1 -DMODULE_SCOPE=extern\ __attribute__\(\(__visibility__\(\"hidden\"\)\)\) -DHAVE_HIDDEN=1 -DHAVE_CAST_TO_UNION=1 -DHAVE_STDBOOL_H=1 -DTCL_WIDE_INT_IS_LONG=1 -DTCL_CFG_OPTIMIZED=1 -DHAVE_INTPTR_T=1 -DTCL_MAJOR_VERSION=8  -fPIC -DITCL_LIBRARY="/usr/lib/itcl4.3.2" -I. -I"/home/builder/build/src/tcl9.0.1/pkgs/itcl4.3.2/generic" -I"/home/builder/build/src/tcl9.0.1/pkgs/itcl4.3.2" -I"/home/builder/build/src/tcl9.0.1/generic" -I"/home/builder/build/src/tcl9.0.1/unix"    -march=x86-64-v3 -O2 -pipe -fno-plt -fexceptions         -Wp,-D_FORTIFY_SOURCE=3 -fstack-clash-protection -fcf-protection -pipe -m64 -O2 -fomit-frame-pointer -DNDEBUG -Wall -fPIC  -c `echo /home/builder/build/src/tcl9.0.1/pkgs/itcl4.3.2/generic/itclEnsemble.c` -o itclEnsemble.o
clang -DPACKAGE_NAME=\"itcl\" -DPACKAGE_TARNAME=\"itcl\" -DPACKAGE_VERSION=\"4.3.2\" -DPACKAGE_STRING=\"itcl\ 4.3.2\" -DPACKAGE_BUGREPORT=\"\" -DPACKAGE_URL=\"\" -DBUILD_itcl=/\*\*/ -DHAVE_STDIO_H=1 -DHAVE_STDLIB_H=1 -DHAVE_STRING_H=1 -DHAVE_INTTYPES_H=1 -DHAVE_STDINT_H=1 -DHAVE_STRINGS_H=1 -DHAVE_SYS_STAT_H=1 -DHAVE_SYS_TYPES_H=1 -DHAVE_UNISTD_H=1 -DSTDC_HEADERS=1 -DUSE_THREAD_ALLOC=1 -D_REENTRANT=1 -D_THREAD_SAFE=1 -DTCL_THREADS=1 -DUSE_TCL_STUBS=1 -DUSE_TCLOO_STUBS=1 -DMODULE_SCOPE=extern\ __attribute__\(\(__visibility__\(\"hidden\"\)\)\) -DHAVE_HIDDEN=1 -DHAVE_CAST_TO_UNION=1 -DHAVE_STDBOOL_H=1 -DTCL_WIDE_INT_IS_LONG=1 -DTCL_CFG_OPTIMIZED=1 -DHAVE_INTPTR_T=1 -DTCL_MAJOR_VERSION=8  -fPIC -DITCL_LIBRARY="/usr/lib/itcl4.3.2" -I. -I"/home/builder/build/src/tcl9.0.1/pkgs/itcl4.3.2/generic" -I"/home/builder/build/src/tcl9.0.1/pkgs/itcl4.3.2" -I"/home/builder/build/src/tcl9.0.1/generic" -I"/home/builder/build/src/tcl9.0.1/unix"    -march=x86-64-v3 -O2 -pipe -fno-plt -fexceptions         -Wp,-D_FORTIFY_SOURCE=3 -fstack-clash-protection -fcf-protection -pipe -m64 -O2 -fomit-frame-pointer -DNDEBUG -Wall -fPIC  -c `echo /home/builder/build/src/tcl9.0.1/pkgs/itcl4.3.2/generic/itclHelpers.c` -o itclHelpers.o
clang -DPACKAGE_NAME=\"itcl\" -DPACKAGE_TARNAME=\"itcl\" -DPACKAGE_VERSION=\"4.3.2\" -DPACKAGE_STRING=\"itcl\ 4.3.2\" -DPACKAGE_BUGREPORT=\"\" -DPACKAGE_URL=\"\" -DBUILD_itcl=/\*\*/ -DHAVE_STDIO_H=1 -DHAVE_STDLIB_H=1 -DHAVE_STRING_H=1 -DHAVE_INTTYPES_H=1 -DHAVE_STDINT_H=1 -DHAVE_STRINGS_H=1 -DHAVE_SYS_STAT_H=1 -DHAVE_SYS_TYPES_H=1 -DHAVE_UNISTD_H=1 -DSTDC_HEADERS=1 -DUSE_THREAD_ALLOC=1 -D_REENTRANT=1 -D_THREAD_SAFE=1 -DTCL_THREADS=1 -DUSE_TCL_STUBS=1 -DUSE_TCLOO_STUBS=1 -DMODULE_SCOPE=extern\ __attribute__\(\(__visibility__\(\"hidden\"\)\)\) -DHAVE_HIDDEN=1 -DHAVE_CAST_TO_UNION=1 -DHAVE_STDBOOL_H=1 -DTCL_WIDE_INT_IS_LONG=1 -DTCL_CFG_OPTIMIZED=1 -DHAVE_INTPTR_T=1 -DTCL_MAJOR_VERSION=8  -fPIC -DITCL_LIBRARY="/usr/lib/itcl4.3.2" -I. -I"/home/builder/build/src/tcl9.0.1/pkgs/itcl4.3.2/generic" -I"/home/builder/build/src/tcl9.0.1/pkgs/itcl4.3.2" -I"/home/builder/build/src/tcl9.0.1/generic" -I"/home/builder/build/src/tcl9.0.1/unix"    -march=x86-64-v3 -O2 -pipe -fno-plt -fexceptions         -Wp,-D_FORTIFY_SOURCE=3 -fstack-clash-protection -fcf-protection -pipe -m64 -O2 -fomit-frame-pointer -DNDEBUG -Wall -fPIC  -c `echo /home/builder/build/src/tcl9.0.1/pkgs/itcl4.3.2/generic/itclInfo.c` -o itclInfo.o
clang -DPACKAGE_NAME=\"itcl\" -DPACKAGE_TARNAME=\"itcl\" -DPACKAGE_VERSION=\"4.3.2\" -DPACKAGE_STRING=\"itcl\ 4.3.2\" -DPACKAGE_BUGREPORT=\"\" -DPACKAGE_URL=\"\" -DBUILD_itcl=/\*\*/ -DHAVE_STDIO_H=1 -DHAVE_STDLIB_H=1 -DHAVE_STRING_H=1 -DHAVE_INTTYPES_H=1 -DHAVE_STDINT_H=1 -DHAVE_STRINGS_H=1 -DHAVE_SYS_STAT_H=1 -DHAVE_SYS_TYPES_H=1 -DHAVE_UNISTD_H=1 -DSTDC_HEADERS=1 -DUSE_THREAD_ALLOC=1 -D_REENTRANT=1 -D_THREAD_SAFE=1 -DTCL_THREADS=1 -DUSE_TCL_STUBS=1 -DUSE_TCLOO_STUBS=1 -DMODULE_SCOPE=extern\ __attribute__\(\(__visibility__\(\"hidden\"\)\)\) -DHAVE_HIDDEN=1 -DHAVE_CAST_TO_UNION=1 -DHAVE_STDBOOL_H=1 -DTCL_WIDE_INT_IS_LONG=1 -DTCL_CFG_OPTIMIZED=1 -DHAVE_INTPTR_T=1 -DTCL_MAJOR_VERSION=8  -fPIC -DITCL_LIBRARY="/usr/lib/itcl4.3.2" -I. -I"/home/builder/build/src/tcl9.0.1/pkgs/itcl4.3.2/generic" -I"/home/builder/build/src/tcl9.0.1/pkgs/itcl4.3.2" -I"/home/builder/build/src/tcl9.0.1/generic" -I"/home/builder/build/src/tcl9.0.1/unix"    -march=x86-64-v3 -O2 -pipe -fno-plt -fexceptions         -Wp,-D_FORTIFY_SOURCE=3 -fstack-clash-protection -fcf-protection -pipe -m64 -O2 -fomit-frame-pointer -DNDEBUG -Wall -fPIC  -c `echo /home/builder/build/src/tcl9.0.1/pkgs/itcl4.3.2/generic/itclLinkage.c` -o itclLinkage.o
clang -DPACKAGE_NAME=\"itcl\" -DPACKAGE_TARNAME=\"itcl\" -DPACKAGE_VERSION=\"4.3.2\" -DPACKAGE_STRING=\"itcl\ 4.3.2\" -DPACKAGE_BUGREPORT=\"\" -DPACKAGE_URL=\"\" -DBUILD_itcl=/\*\*/ -DHAVE_STDIO_H=1 -DHAVE_STDLIB_H=1 -DHAVE_STRING_H=1 -DHAVE_INTTYPES_H=1 -DHAVE_STDINT_H=1 -DHAVE_STRINGS_H=1 -DHAVE_SYS_STAT_H=1 -DHAVE_SYS_TYPES_H=1 -DHAVE_UNISTD_H=1 -DSTDC_HEADERS=1 -DUSE_THREAD_ALLOC=1 -D_REENTRANT=1 -D_THREAD_SAFE=1 -DTCL_THREADS=1 -DUSE_TCL_STUBS=1 -DUSE_TCLOO_STUBS=1 -DMODULE_SCOPE=extern\ __attribute__\(\(__visibility__\(\"hidden\"\)\)\) -DHAVE_HIDDEN=1 -DHAVE_CAST_TO_UNION=1 -DHAVE_STDBOOL_H=1 -DTCL_WIDE_INT_IS_LONG=1 -DTCL_CFG_OPTIMIZED=1 -DHAVE_INTPTR_T=1 -DTCL_MAJOR_VERSION=8  -fPIC -DITCL_LIBRARY="/usr/lib/itcl4.3.2" -I. -I"/home/builder/build/src/tcl9.0.1/pkgs/itcl4.3.2/generic" -I"/home/builder/build/src/tcl9.0.1/pkgs/itcl4.3.2" -I"/home/builder/build/src/tcl9.0.1/generic" -I"/home/builder/build/src/tcl9.0.1/unix"    -march=x86-64-v3 -O2 -pipe -fno-plt -fexceptions         -Wp,-D_FORTIFY_SOURCE=3 -fstack-clash-protection -fcf-protection -pipe -m64 -O2 -fomit-frame-pointer -DNDEBUG -Wall -fPIC  -c `echo /home/builder/build/src/tcl9.0.1/pkgs/itcl4.3.2/generic/itclMethod.c` -o itclMethod.o
clang -DPACKAGE_NAME=\"itcl\" -DPACKAGE_TARNAME=\"itcl\" -DPACKAGE_VERSION=\"4.3.2\" -DPACKAGE_STRING=\"itcl\ 4.3.2\" -DPACKAGE_BUGREPORT=\"\" -DPACKAGE_URL=\"\" -DBUILD_itcl=/\*\*/ -DHAVE_STDIO_H=1 -DHAVE_STDLIB_H=1 -DHAVE_STRING_H=1 -DHAVE_INTTYPES_H=1 -DHAVE_STDINT_H=1 -DHAVE_STRINGS_H=1 -DHAVE_SYS_STAT_H=1 -DHAVE_SYS_TYPES_H=1 -DHAVE_UNISTD_H=1 -DSTDC_HEADERS=1 -DUSE_THREAD_ALLOC=1 -D_REENTRANT=1 -D_THREAD_SAFE=1 -DTCL_THREADS=1 -DUSE_TCL_STUBS=1 -DUSE_TCLOO_STUBS=1 -DMODULE_SCOPE=extern\ __attribute__\(\(__visibility__\(\"hidden\"\)\)\) -DHAVE_HIDDEN=1 -DHAVE_CAST_TO_UNION=1 -DHAVE_STDBOOL_H=1 -DTCL_WIDE_INT_IS_LONG=1 -DTCL_CFG_OPTIMIZED=1 -DHAVE_INTPTR_T=1 -DTCL_MAJOR_VERSION=8  -fPIC -DITCL_LIBRARY="/usr/lib/itcl4.3.2" -I. -I"/home/builder/build/src/tcl9.0.1/pkgs/itcl4.3.2/generic" -I"/home/builder/build/src/tcl9.0.1/pkgs/itcl4.3.2" -I"/home/builder/build/src/tcl9.0.1/generic" -I"/home/builder/build/src/tcl9.0.1/unix"    -march=x86-64-v3 -O2 -pipe -fno-plt -fexceptions         -Wp,-D_FORTIFY_SOURCE=3 -fstack-clash-protection -fcf-protection -pipe -m64 -O2 -fomit-frame-pointer -DNDEBUG -Wall -fPIC  -c `echo /home/builder/build/src/tcl9.0.1/pkgs/itcl4.3.2/generic/itclObject.c` -o itclObject.o
clang -DPACKAGE_NAME=\"itcl\" -DPACKAGE_TARNAME=\"itcl\" -DPACKAGE_VERSION=\"4.3.2\" -DPACKAGE_STRING=\"itcl\ 4.3.2\" -DPACKAGE_BUGREPORT=\"\" -DPACKAGE_URL=\"\" -DBUILD_itcl=/\*\*/ -DHAVE_STDIO_H=1 -DHAVE_STDLIB_H=1 -DHAVE_STRING_H=1 -DHAVE_INTTYPES_H=1 -DHAVE_STDINT_H=1 -DHAVE_STRINGS_H=1 -DHAVE_SYS_STAT_H=1 -DHAVE_SYS_TYPES_H=1 -DHAVE_UNISTD_H=1 -DSTDC_HEADERS=1 -DUSE_THREAD_ALLOC=1 -D_REENTRANT=1 -D_THREAD_SAFE=1 -DTCL_THREADS=1 -DUSE_TCL_STUBS=1 -DUSE_TCLOO_STUBS=1 -DMODULE_SCOPE=extern\ __attribute__\(\(__visibility__\(\"hidden\"\)\)\) -DHAVE_HIDDEN=1 -DHAVE_CAST_TO_UNION=1 -DHAVE_STDBOOL_H=1 -DTCL_WIDE_INT_IS_LONG=1 -DTCL_CFG_OPTIMIZED=1 -DHAVE_INTPTR_T=1 -DTCL_MAJOR_VERSION=8  -fPIC -DITCL_LIBRARY="/usr/lib/itcl4.3.2" -I. -I"/home/builder/build/src/tcl9.0.1/pkgs/itcl4.3.2/generic" -I"/home/builder/build/src/tcl9.0.1/pkgs/itcl4.3.2" -I"/home/builder/build/src/tcl9.0.1/generic" -I"/home/builder/build/src/tcl9.0.1/unix"    -march=x86-64-v3 -O2 -pipe -fno-plt -fexceptions         -Wp,-D_FORTIFY_SOURCE=3 -fstack-clash-protection -fcf-protection -pipe -m64 -O2 -fomit-frame-pointer -DNDEBUG -Wall -fPIC  -c `echo /home/builder/build/src/tcl9.0.1/pkgs/itcl4.3.2/generic/itclParse.c` -o itclParse.o
clang -DPACKAGE_NAME=\"itcl\" -DPACKAGE_TARNAME=\"itcl\" -DPACKAGE_VERSION=\"4.3.2\" -DPACKAGE_STRING=\"itcl\ 4.3.2\" -DPACKAGE_BUGREPORT=\"\" -DPACKAGE_URL=\"\" -DBUILD_itcl=/\*\*/ -DHAVE_STDIO_H=1 -DHAVE_STDLIB_H=1 -DHAVE_STRING_H=1 -DHAVE_INTTYPES_H=1 -DHAVE_STDINT_H=1 -DHAVE_STRINGS_H=1 -DHAVE_SYS_STAT_H=1 -DHAVE_SYS_TYPES_H=1 -DHAVE_UNISTD_H=1 -DSTDC_HEADERS=1 -DUSE_THREAD_ALLOC=1 -D_REENTRANT=1 -D_THREAD_SAFE=1 -DTCL_THREADS=1 -DUSE_TCL_STUBS=1 -DUSE_TCLOO_STUBS=1 -DMODULE_SCOPE=extern\ __attribute__\(\(__visibility__\(\"hidden\"\)\)\) -DHAVE_HIDDEN=1 -DHAVE_CAST_TO_UNION=1 -DHAVE_STDBOOL_H=1 -DTCL_WIDE_INT_IS_LONG=1 -DTCL_CFG_OPTIMIZED=1 -DHAVE_INTPTR_T=1 -DTCL_MAJOR_VERSION=8  -fPIC -DITCL_LIBRARY="/usr/lib/itcl4.3.2" -I. -I"/home/builder/build/src/tcl9.0.1/pkgs/itcl4.3.2/generic" -I"/home/builder/build/src/tcl9.0.1/pkgs/itcl4.3.2" -I"/home/builder/build/src/tcl9.0.1/generic" -I"/home/builder/build/src/tcl9.0.1/unix"    -march=x86-64-v3 -O2 -pipe -fno-plt -fexceptions         -Wp,-D_FORTIFY_SOURCE=3 -fstack-clash-protection -fcf-protection -pipe -m64 -O2 -fomit-frame-pointer -DNDEBUG -Wall -fPIC  -c `echo /home/builder/build/src/tcl9.0.1/pkgs/itcl4.3.2/generic/itclStubs.c` -o itclStubs.o
clang -DPACKAGE_NAME=\"itcl\" -DPACKAGE_TARNAME=\"itcl\" -DPACKAGE_VERSION=\"4.3.2\" -DPACKAGE_STRING=\"itcl\ 4.3.2\" -DPACKAGE_BUGREPORT=\"\" -DPACKAGE_URL=\"\" -DBUILD_itcl=/\*\*/ -DHAVE_STDIO_H=1 -DHAVE_STDLIB_H=1 -DHAVE_STRING_H=1 -DHAVE_INTTYPES_H=1 -DHAVE_STDINT_H=1 -DHAVE_STRINGS_H=1 -DHAVE_SYS_STAT_H=1 -DHAVE_SYS_TYPES_H=1 -DHAVE_UNISTD_H=1 -DSTDC_HEADERS=1 -DUSE_THREAD_ALLOC=1 -D_REENTRANT=1 -D_THREAD_SAFE=1 -DTCL_THREADS=1 -DUSE_TCL_STUBS=1 -DUSE_TCLOO_STUBS=1 -DMODULE_SCOPE=extern\ __attribute__\(\(__visibility__\(\"hidden\"\)\)\) -DHAVE_HIDDEN=1 -DHAVE_CAST_TO_UNION=1 -DHAVE_STDBOOL_H=1 -DTCL_WIDE_INT_IS_LONG=1 -DTCL_CFG_OPTIMIZED=1 -DHAVE_INTPTR_T=1 -DTCL_MAJOR_VERSION=8  -fPIC -DITCL_LIBRARY="/usr/lib/itcl4.3.2" -I. -I"/home/builder/build/src/tcl9.0.1/pkgs/itcl4.3.2/generic" -I"/home/builder/build/src/tcl9.0.1/pkgs/itcl4.3.2" -I"/home/builder/build/src/tcl9.0.1/generic" -I"/home/builder/build/src/tcl9.0.1/unix"    -march=x86-64-v3 -O2 -pipe -fno-plt -fexceptions         -Wp,-D_FORTIFY_SOURCE=3 -fstack-clash-protection -fcf-protection -pipe -m64 -O2 -fomit-frame-pointer -DNDEBUG -Wall -fPIC  -c `echo /home/builder/build/src/tcl9.0.1/pkgs/itcl4.3.2/generic/itclStubInit.c` -o itclStubInit.o
clang -DPACKAGE_NAME=\"itcl\" -DPACKAGE_TARNAME=\"itcl\" -DPACKAGE_VERSION=\"4.3.2\" -DPACKAGE_STRING=\"itcl\ 4.3.2\" -DPACKAGE_BUGREPORT=\"\" -DPACKAGE_URL=\"\" -DBUILD_itcl=/\*\*/ -DHAVE_STDIO_H=1 -DHAVE_STDLIB_H=1 -DHAVE_STRING_H=1 -DHAVE_INTTYPES_H=1 -DHAVE_STDINT_H=1 -DHAVE_STRINGS_H=1 -DHAVE_SYS_STAT_H=1 -DHAVE_SYS_TYPES_H=1 -DHAVE_UNISTD_H=1 -DSTDC_HEADERS=1 -DUSE_THREAD_ALLOC=1 -D_REENTRANT=1 -D_THREAD_SAFE=1 -DTCL_THREADS=1 -DUSE_TCL_STUBS=1 -DUSE_TCLOO_STUBS=1 -DMODULE_SCOPE=extern\ __attribute__\(\(__visibility__\(\"hidden\"\)\)\) -DHAVE_HIDDEN=1 -DHAVE_CAST_TO_UNION=1 -DHAVE_STDBOOL_H=1 -DTCL_WIDE_INT_IS_LONG=1 -DTCL_CFG_OPTIMIZED=1 -DHAVE_INTPTR_T=1 -DTCL_MAJOR_VERSION=8  -fPIC -DITCL_LIBRARY="/usr/lib/itcl4.3.2" -I. -I"/home/builder/build/src/tcl9.0.1/pkgs/itcl4.3.2/generic" -I"/home/builder/build/src/tcl9.0.1/pkgs/itcl4.3.2" -I"/home/builder/build/src/tcl9.0.1/generic" -I"/home/builder/build/src/tcl9.0.1/unix"    -march=x86-64-v3 -O2 -pipe -fno-plt -fexceptions         -Wp,-D_FORTIFY_SOURCE=3 -fstack-clash-protection -fcf-protection -pipe -m64 -O2 -fomit-frame-pointer -DNDEBUG -Wall -fPIC  -c `echo /home/builder/build/src/tcl9.0.1/pkgs/itcl4.3.2/generic/itclResolve.c` -o itclResolve.o
clang -DPACKAGE_NAME=\"itcl\" -DPACKAGE_TARNAME=\"itcl\" -DPACKAGE_VERSION=\"4.3.2\" -DPACKAGE_STRING=\"itcl\ 4.3.2\" -DPACKAGE_BUGREPORT=\"\" -DPACKAGE_URL=\"\" -DBUILD_itcl=/\*\*/ -DHAVE_STDIO_H=1 -DHAVE_STDLIB_H=1 -DHAVE_STRING_H=1 -DHAVE_INTTYPES_H=1 -DHAVE_STDINT_H=1 -DHAVE_STRINGS_H=1 -DHAVE_SYS_STAT_H=1 -DHAVE_SYS_TYPES_H=1 -DHAVE_UNISTD_H=1 -DSTDC_HEADERS=1 -DUSE_THREAD_ALLOC=1 -D_REENTRANT=1 -D_THREAD_SAFE=1 -DTCL_THREADS=1 -DUSE_TCL_STUBS=1 -DUSE_TCLOO_STUBS=1 -DMODULE_SCOPE=extern\ __attribute__\(\(__visibility__\(\"hidden\"\)\)\) -DHAVE_HIDDEN=1 -DHAVE_CAST_TO_UNION=1 -DHAVE_STDBOOL_H=1 -DTCL_WIDE_INT_IS_LONG=1 -DTCL_CFG_OPTIMIZED=1 -DHAVE_INTPTR_T=1 -DTCL_MAJOR_VERSION=8  -fPIC -DITCL_LIBRARY="/usr/lib/itcl4.3.2" -I. -I"/home/builder/build/src/tcl9.0.1/pkgs/itcl4.3.2/generic" -I"/home/builder/build/src/tcl9.0.1/pkgs/itcl4.3.2" -I"/home/builder/build/src/tcl9.0.1/generic" -I"/home/builder/build/src/tcl9.0.1/unix"    -march=x86-64-v3 -O2 -pipe -fno-plt -fexceptions         -Wp,-D_FORTIFY_SOURCE=3 -fstack-clash-protection -fcf-protection -pipe -m64 -O2 -fomit-frame-pointer -DNDEBUG -Wall -fPIC  -c `echo /home/builder/build/src/tcl9.0.1/pkgs/itcl4.3.2/generic/itclTclIntStubsFcn.c` -o itclTclIntStubsFcn.o
clang -DPACKAGE_NAME=\"itcl\" -DPACKAGE_TARNAME=\"itcl\" -DPACKAGE_VERSION=\"4.3.2\" -DPACKAGE_STRING=\"itcl\ 4.3.2\" -DPACKAGE_BUGREPORT=\"\" -DPACKAGE_URL=\"\" -DBUILD_itcl=/\*\*/ -DHAVE_STDIO_H=1 -DHAVE_STDLIB_H=1 -DHAVE_STRING_H=1 -DHAVE_INTTYPES_H=1 -DHAVE_STDINT_H=1 -DHAVE_STRINGS_H=1 -DHAVE_SYS_STAT_H=1 -DHAVE_SYS_TYPES_H=1 -DHAVE_UNISTD_H=1 -DSTDC_HEADERS=1 -DUSE_THREAD_ALLOC=1 -D_REENTRANT=1 -D_THREAD_SAFE=1 -DTCL_THREADS=1 -DUSE_TCL_STUBS=1 -DUSE_TCLOO_STUBS=1 -DMODULE_SCOPE=extern\ __attribute__\(\(__visibility__\(\"hidden\"\)\)\) -DHAVE_HIDDEN=1 -DHAVE_CAST_TO_UNION=1 -DHAVE_STDBOOL_H=1 -DTCL_WIDE_INT_IS_LONG=1 -DTCL_CFG_OPTIMIZED=1 -DHAVE_INTPTR_T=1 -DTCL_MAJOR_VERSION=8  -fPIC -DITCL_LIBRARY="/usr/lib/itcl4.3.2" -I. -I"/home/builder/build/src/tcl9.0.1/pkgs/itcl4.3.2/generic" -I"/home/builder/build/src/tcl9.0.1/pkgs/itcl4.3.2" -I"/home/builder/build/src/tcl9.0.1/generic" -I"/home/builder/build/src/tcl9.0.1/unix"    -march=x86-64-v3 -O2 -pipe -fno-plt -fexceptions         -Wp,-D_FORTIFY_SOURCE=3 -fstack-clash-protection -fcf-protection -pipe -m64 -O2 -fomit-frame-pointer -DNDEBUG -Wall -fPIC  -c `echo /home/builder/build/src/tcl9.0.1/pkgs/itcl4.3.2/generic/itclUtil.c` -o itclUtil.o
clang -DPACKAGE_NAME=\"itcl\" -DPACKAGE_TARNAME=\"itcl\" -DPACKAGE_VERSION=\"4.3.2\" -DPACKAGE_STRING=\"itcl\ 4.3.2\" -DPACKAGE_BUGREPORT=\"\" -DPACKAGE_URL=\"\" -DBUILD_itcl=/\*\*/ -DHAVE_STDIO_H=1 -DHAVE_STDLIB_H=1 -DHAVE_STRING_H=1 -DHAVE_INTTYPES_H=1 -DHAVE_STDINT_H=1 -DHAVE_STRINGS_H=1 -DHAVE_SYS_STAT_H=1 -DHAVE_SYS_TYPES_H=1 -DHAVE_UNISTD_H=1 -DSTDC_HEADERS=1 -DUSE_THREAD_ALLOC=1 -D_REENTRANT=1 -D_THREAD_SAFE=1 -DTCL_THREADS=1 -DUSE_TCL_STUBS=1 -DUSE_TCLOO_STUBS=1 -DMODULE_SCOPE=extern\ __attribute__\(\(__visibility__\(\"hidden\"\)\)\) -DHAVE_HIDDEN=1 -DHAVE_CAST_TO_UNION=1 -DHAVE_STDBOOL_H=1 -DTCL_WIDE_INT_IS_LONG=1 -DTCL_CFG_OPTIMIZED=1 -DHAVE_INTPTR_T=1 -DTCL_MAJOR_VERSION=8  -fPIC -DITCL_LIBRARY="/usr/lib/itcl4.3.2" -I. -I"/home/builder/build/src/tcl9.0.1/pkgs/itcl4.3.2/generic" -I"/home/builder/build/src/tcl9.0.1/pkgs/itcl4.3.2" -I"/home/builder/build/src/tcl9.0.1/generic" -I"/home/builder/build/src/tcl9.0.1/unix"    -march=x86-64-v3 -O2 -pipe -fno-plt -fexceptions         -Wp,-D_FORTIFY_SOURCE=3 -fstack-clash-protection -fcf-protection -pipe -m64 -O2 -fomit-frame-pointer -DNDEBUG -Wall -fPIC  -c `echo /home/builder/build/src/tcl9.0.1/pkgs/itcl4.3.2/generic/itclMigrate2TclCore.c` -o itclMigrate2TclCore.o
clang -DPACKAGE_NAME=\"itcl\" -DPACKAGE_TARNAME=\"itcl\" -DPACKAGE_VERSION=\"4.3.2\" -DPACKAGE_STRING=\"itcl\ 4.3.2\" -DPACKAGE_BUGREPORT=\"\" -DPACKAGE_URL=\"\" -DBUILD_itcl=/\*\*/ -DHAVE_STDIO_H=1 -DHAVE_STDLIB_H=1 -DHAVE_STRING_H=1 -DHAVE_INTTYPES_H=1 -DHAVE_STDINT_H=1 -DHAVE_STRINGS_H=1 -DHAVE_SYS_STAT_H=1 -DHAVE_SYS_TYPES_H=1 -DHAVE_UNISTD_H=1 -DSTDC_HEADERS=1 -DUSE_THREAD_ALLOC=1 -D_REENTRANT=1 -D_THREAD_SAFE=1 -DTCL_THREADS=1 -DUSE_TCL_STUBS=1 -DUSE_TCLOO_STUBS=1 -DMODULE_SCOPE=extern\ __attribute__\(\(__visibility__\(\"hidden\"\)\)\) -DHAVE_HIDDEN=1 -DHAVE_CAST_TO_UNION=1 -DHAVE_STDBOOL_H=1 -DTCL_WIDE_INT_IS_LONG=1 -DTCL_CFG_OPTIMIZED=1 -DHAVE_INTPTR_T=1 -DTCL_MAJOR_VERSION=8  -fPIC -DITCL_LIBRARY="/usr/lib/itcl4.3.2" -I. -I"/home/builder/build/src/tcl9.0.1/pkgs/itcl4.3.2/generic" -I"/home/builder/build/src/tcl9.0.1/pkgs/itcl4.3.2" -I"/home/builder/build/src/tcl9.0.1/generic" -I"/home/builder/build/src/tcl9.0.1/unix"    -march=x86-64-v3 -O2 -pipe -fno-plt -fexceptions         -Wp,-D_FORTIFY_SOURCE=3 -fstack-clash-protection -fcf-protection -pipe -m64 -O2 -fomit-frame-pointer -DNDEBUG -Wall -fPIC  -c `echo /home/builder/build/src/tcl9.0.1/pkgs/itcl4.3.2/generic/itclTestRegisterC.c` -o itclTestRegisterC.o
rm -f libitcl4.3.2.so
clang -march=x86-64-v3 -O2 -pipe -fno-plt -fexceptions         -Wp,-D_FORTIFY_SOURCE=3 -fstack-clash-protection -fcf-protection -pipe -m64 -O2 -fomit-frame-pointer -DNDEBUG -Wall -fPIC   -shared  -Wl,-O1 -Wl,--sort-common -Wl,--as-needed -Wl,-z,relro -Wl,-z,now -Wl,--undefined-version -Wl,--hash-style=gnu -Wl,--compress-debug-sections=zstd -Wl,--export-dynamic   -o libitcl4.3.2.so itcl2TclOO.o itclBase.o itclBuiltin.o itclClass.o itclCmd.o itclEnsemble.o itclHelpers.o itclInfo.o itclLinkage.o itclMethod.o itclObject.o itclParse.o itclStubs.o itclStubInit.o itclResolve.o itclTclIntStubsFcn.o itclUtil.o itclMigrate2TclCore.o itclTestRegisterC.o  -L/home/builder/build/src/tcl9.0.1/unix -ltclstub 
: libitcl4.3.2.so
clang -DPACKAGE_NAME=\"itcl\" -DPACKAGE_TARNAME=\"itcl\" -DPACKAGE_VERSION=\"4.3.2\" -DPACKAGE_STRING=\"itcl\ 4.3.2\" -DPACKAGE_BUGREPORT=\"\" -DPACKAGE_URL=\"\" -DBUILD_itcl=/\*\*/ -DHAVE_STDIO_H=1 -DHAVE_STDLIB_H=1 -DHAVE_STRING_H=1 -DHAVE_INTTYPES_H=1 -DHAVE_STDINT_H=1 -DHAVE_STRINGS_H=1 -DHAVE_SYS_STAT_H=1 -DHAVE_SYS_TYPES_H=1 -DHAVE_UNISTD_H=1 -DSTDC_HEADERS=1 -DUSE_THREAD_ALLOC=1 -D_REENTRANT=1 -D_THREAD_SAFE=1 -DTCL_THREADS=1 -DUSE_TCL_STUBS=1 -DUSE_TCLOO_STUBS=1 -DMODULE_SCOPE=extern\ __attribute__\(\(__visibility__\(\"hidden\"\)\)\) -DHAVE_HIDDEN=1 -DHAVE_CAST_TO_UNION=1 -DHAVE_STDBOOL_H=1 -DTCL_WIDE_INT_IS_LONG=1 -DTCL_CFG_OPTIMIZED=1 -DHAVE_INTPTR_T=1 -DTCL_MAJOR_VERSION=8  -fPIC -DITCL_LIBRARY="/usr/lib/itcl4.3.2" -I. -I"/home/builder/build/src/tcl9.0.1/pkgs/itcl4.3.2/generic" -I"/home/builder/build/src/tcl9.0.1/pkgs/itcl4.3.2" -I"/home/builder/build/src/tcl9.0.1/generic" -I"/home/builder/build/src/tcl9.0.1/unix"    -march=x86-64-v3 -O2 -pipe -fno-plt -fexceptions         -Wp,-D_FORTIFY_SOURCE=3 -fstack-clash-protection -fcf-protection -pipe -m64 -O2 -fomit-frame-pointer -DNDEBUG -Wall -fPIC  -c `echo /home/builder/build/src/tcl9.0.1/pkgs/itcl4.3.2/generic/itclStubLib.c` -o itclStubLib.o
rm -f libitclstub4.3.2.a
llvm-ar cr libitclstub4.3.2.a itclStubLib.o
llvm-ranlib libitclstub4.3.2.a
make[1]: Leaving directory '/home/builder/build/src/tcl9.0.1/unix/pkgs8/itcl4.3.2'
Building package 'itcl4.3.2'
make[1]: Entering directory '/home/builder/build/src/tcl9.0.1/unix/pkgs/itcl4.3.2'
clang -DPACKAGE_NAME=\"itcl\" -DPACKAGE_TARNAME=\"itcl\" -DPACKAGE_VERSION=\"4.3.2\" -DPACKAGE_STRING=\"itcl\ 4.3.2\" -DPACKAGE_BUGREPORT=\"\" -DPACKAGE_URL=\"\" -DBUILD_itcl=/\*\*/ -DHAVE_STDIO_H=1 -DHAVE_STDLIB_H=1 -DHAVE_STRING_H=1 -DHAVE_INTTYPES_H=1 -DHAVE_STDINT_H=1 -DHAVE_STRINGS_H=1 -DHAVE_SYS_STAT_H=1 -DHAVE_SYS_TYPES_H=1 -DHAVE_UNISTD_H=1 -DSTDC_HEADERS=1 -DUSE_THREAD_ALLOC=1 -D_REENTRANT=1 -D_THREAD_SAFE=1 -DTCL_THREADS=1 -DUSE_TCL_STUBS=1 -DUSE_TCLOO_STUBS=1 -DMODULE_SCOPE=extern\ __attribute__\(\(__visibility__\(\"hidden\"\)\)\) -DHAVE_HIDDEN=1 -DHAVE_CAST_TO_UNION=1 -DHAVE_STDBOOL_H=1 -DTCL_WIDE_INT_IS_LONG=1 -DTCL_CFG_OPTIMIZED=1 -DHAVE_INTPTR_T=1  -fPIC -DITCL_LIBRARY="/usr/lib/itcl4.3.2" -I. -I"/home/builder/build/src/tcl9.0.1/pkgs/itcl4.3.2/generic" -I"/home/builder/build/src/tcl9.0.1/pkgs/itcl4.3.2" -I"/home/builder/build/src/tcl9.0.1/generic" -I"/home/builder/build/src/tcl9.0.1/unix"    -march=x86-64-v3 -O2 -pipe -fno-plt -fexceptions         -Wp,-D_FORTIFY_SOURCE=3 -fstack-clash-protection -fcf-protection -pipe -m64 -O2 -fomit-frame-pointer -DNDEBUG -Wall -fPIC  -c `echo /home/builder/build/src/tcl9.0.1/pkgs/itcl4.3.2/generic/itcl2TclOO.c` -o itcl2TclOO.o
echo "#define ITCL_VERSION_UUID \\" >itclUuid.h
cat /home/builder/build/src/tcl9.0.1/pkgs/itcl4.3.2/manifest.uuid >>itclUuid.h
echo "" >>itclUuid.h
clang -DPACKAGE_NAME=\"itcl\" -DPACKAGE_TARNAME=\"itcl\" -DPACKAGE_VERSION=\"4.3.2\" -DPACKAGE_STRING=\"itcl\ 4.3.2\" -DPACKAGE_BUGREPORT=\"\" -DPACKAGE_URL=\"\" -DBUILD_itcl=/\*\*/ -DHAVE_STDIO_H=1 -DHAVE_STDLIB_H=1 -DHAVE_STRING_H=1 -DHAVE_INTTYPES_H=1 -DHAVE_STDINT_H=1 -DHAVE_STRINGS_H=1 -DHAVE_SYS_STAT_H=1 -DHAVE_SYS_TYPES_H=1 -DHAVE_UNISTD_H=1 -DSTDC_HEADERS=1 -DUSE_THREAD_ALLOC=1 -D_REENTRANT=1 -D_THREAD_SAFE=1 -DTCL_THREADS=1 -DUSE_TCL_STUBS=1 -DUSE_TCLOO_STUBS=1 -DMODULE_SCOPE=extern\ __attribute__\(\(__visibility__\(\"hidden\"\)\)\) -DHAVE_HIDDEN=1 -DHAVE_CAST_TO_UNION=1 -DHAVE_STDBOOL_H=1 -DTCL_WIDE_INT_IS_LONG=1 -DTCL_CFG_OPTIMIZED=1 -DHAVE_INTPTR_T=1  -fPIC -DITCL_LIBRARY="/usr/lib/itcl4.3.2" -I. -I"/home/builder/build/src/tcl9.0.1/pkgs/itcl4.3.2/generic" -I"/home/builder/build/src/tcl9.0.1/pkgs/itcl4.3.2" -I"/home/builder/build/src/tcl9.0.1/generic" -I"/home/builder/build/src/tcl9.0.1/unix"    -march=x86-64-v3 -O2 -pipe -fno-plt -fexceptions         -Wp,-D_FORTIFY_SOURCE=3 -fstack-clash-protection -fcf-protection -pipe -m64 -O2 -fomit-frame-pointer -DNDEBUG -Wall -fPIC  -c `echo /home/builder/build/src/tcl9.0.1/pkgs/itcl4.3.2/generic/itclBase.c` -o itclBase.o
clang -DPACKAGE_NAME=\"itcl\" -DPACKAGE_TARNAME=\"itcl\" -DPACKAGE_VERSION=\"4.3.2\" -DPACKAGE_STRING=\"itcl\ 4.3.2\" -DPACKAGE_BUGREPORT=\"\" -DPACKAGE_URL=\"\" -DBUILD_itcl=/\*\*/ -DHAVE_STDIO_H=1 -DHAVE_STDLIB_H=1 -DHAVE_STRING_H=1 -DHAVE_INTTYPES_H=1 -DHAVE_STDINT_H=1 -DHAVE_STRINGS_H=1 -DHAVE_SYS_STAT_H=1 -DHAVE_SYS_TYPES_H=1 -DHAVE_UNISTD_H=1 -DSTDC_HEADERS=1 -DUSE_THREAD_ALLOC=1 -D_REENTRANT=1 -D_THREAD_SAFE=1 -DTCL_THREADS=1 -DUSE_TCL_STUBS=1 -DUSE_TCLOO_STUBS=1 -DMODULE_SCOPE=extern\ __attribute__\(\(__visibility__\(\"hidden\"\)\)\) -DHAVE_HIDDEN=1 -DHAVE_CAST_TO_UNION=1 -DHAVE_STDBOOL_H=1 -DTCL_WIDE_INT_IS_LONG=1 -DTCL_CFG_OPTIMIZED=1 -DHAVE_INTPTR_T=1  -fPIC -DITCL_LIBRARY="/usr/lib/itcl4.3.2" -I. -I"/home/builder/build/src/tcl9.0.1/pkgs/itcl4.3.2/generic" -I"/home/builder/build/src/tcl9.0.1/pkgs/itcl4.3.2" -I"/home/builder/build/src/tcl9.0.1/generic" -I"/home/builder/build/src/tcl9.0.1/unix"    -march=x86-64-v3 -O2 -pipe -fno-plt -fexceptions         -Wp,-D_FORTIFY_SOURCE=3 -fstack-clash-protection -fcf-protection -pipe -m64 -O2 -fomit-frame-pointer -DNDEBUG -Wall -fPIC  -c `echo /home/builder/build/src/tcl9.0.1/pkgs/itcl4.3.2/generic/itclBuiltin.c` -o itclBuiltin.o
clang -DPACKAGE_NAME=\"itcl\" -DPACKAGE_TARNAME=\"itcl\" -DPACKAGE_VERSION=\"4.3.2\" -DPACKAGE_STRING=\"itcl\ 4.3.2\" -DPACKAGE_BUGREPORT=\"\" -DPACKAGE_URL=\"\" -DBUILD_itcl=/\*\*/ -DHAVE_STDIO_H=1 -DHAVE_STDLIB_H=1 -DHAVE_STRING_H=1 -DHAVE_INTTYPES_H=1 -DHAVE_STDINT_H=1 -DHAVE_STRINGS_H=1 -DHAVE_SYS_STAT_H=1 -DHAVE_SYS_TYPES_H=1 -DHAVE_UNISTD_H=1 -DSTDC_HEADERS=1 -DUSE_THREAD_ALLOC=1 -D_REENTRANT=1 -D_THREAD_SAFE=1 -DTCL_THREADS=1 -DUSE_TCL_STUBS=1 -DUSE_TCLOO_STUBS=1 -DMODULE_SCOPE=extern\ __attribute__\(\(__visibility__\(\"hidden\"\)\)\) -DHAVE_HIDDEN=1 -DHAVE_CAST_TO_UNION=1 -DHAVE_STDBOOL_H=1 -DTCL_WIDE_INT_IS_LONG=1 -DTCL_CFG_OPTIMIZED=1 -DHAVE_INTPTR_T=1  -fPIC -DITCL_LIBRARY="/usr/lib/itcl4.3.2" -I. -I"/home/builder/build/src/tcl9.0.1/pkgs/itcl4.3.2/generic" -I"/home/builder/build/src/tcl9.0.1/pkgs/itcl4.3.2" -I"/home/builder/build/src/tcl9.0.1/generic" -I"/home/builder/build/src/tcl9.0.1/unix"    -march=x86-64-v3 -O2 -pipe -fno-plt -fexceptions         -Wp,-D_FORTIFY_SOURCE=3 -fstack-clash-protection -fcf-protection -pipe -m64 -O2 -fomit-frame-pointer -DNDEBUG -Wall -fPIC  -c `echo /home/builder/build/src/tcl9.0.1/pkgs/itcl4.3.2/generic/itclClass.c` -o itclClass.o
clang -DPACKAGE_NAME=\"itcl\" -DPACKAGE_TARNAME=\"itcl\" -DPACKAGE_VERSION=\"4.3.2\" -DPACKAGE_STRING=\"itcl\ 4.3.2\" -DPACKAGE_BUGREPORT=\"\" -DPACKAGE_URL=\"\" -DBUILD_itcl=/\*\*/ -DHAVE_STDIO_H=1 -DHAVE_STDLIB_H=1 -DHAVE_STRING_H=1 -DHAVE_INTTYPES_H=1 -DHAVE_STDINT_H=1 -DHAVE_STRINGS_H=1 -DHAVE_SYS_STAT_H=1 -DHAVE_SYS_TYPES_H=1 -DHAVE_UNISTD_H=1 -DSTDC_HEADERS=1 -DUSE_THREAD_ALLOC=1 -D_REENTRANT=1 -D_THREAD_SAFE=1 -DTCL_THREADS=1 -DUSE_TCL_STUBS=1 -DUSE_TCLOO_STUBS=1 -DMODULE_SCOPE=extern\ __attribute__\(\(__visibility__\(\"hidden\"\)\)\) -DHAVE_HIDDEN=1 -DHAVE_CAST_TO_UNION=1 -DHAVE_STDBOOL_H=1 -DTCL_WIDE_INT_IS_LONG=1 -DTCL_CFG_OPTIMIZED=1 -DHAVE_INTPTR_T=1  -fPIC -DITCL_LIBRARY="/usr/lib/itcl4.3.2" -I. -I"/home/builder/build/src/tcl9.0.1/pkgs/itcl4.3.2/generic" -I"/home/builder/build/src/tcl9.0.1/pkgs/itcl4.3.2" -I"/home/builder/build/src/tcl9.0.1/generic" -I"/home/builder/build/src/tcl9.0.1/unix"    -march=x86-64-v3 -O2 -pipe -fno-plt -fexceptions         -Wp,-D_FORTIFY_SOURCE=3 -fstack-clash-protection -fcf-protection -pipe -m64 -O2 -fomit-frame-pointer -DNDEBUG -Wall -fPIC  -c `echo /home/builder/build/src/tcl9.0.1/pkgs/itcl4.3.2/generic/itclCmd.c` -o itclCmd.o
clang -DPACKAGE_NAME=\"itcl\" -DPACKAGE_TARNAME=\"itcl\" -DPACKAGE_VERSION=\"4.3.2\" -DPACKAGE_STRING=\"itcl\ 4.3.2\" -DPACKAGE_BUGREPORT=\"\" -DPACKAGE_URL=\"\" -DBUILD_itcl=/\*\*/ -DHAVE_STDIO_H=1 -DHAVE_STDLIB_H=1 -DHAVE_STRING_H=1 -DHAVE_INTTYPES_H=1 -DHAVE_STDINT_H=1 -DHAVE_STRINGS_H=1 -DHAVE_SYS_STAT_H=1 -DHAVE_SYS_TYPES_H=1 -DHAVE_UNISTD_H=1 -DSTDC_HEADERS=1 -DUSE_THREAD_ALLOC=1 -D_REENTRANT=1 -D_THREAD_SAFE=1 -DTCL_THREADS=1 -DUSE_TCL_STUBS=1 -DUSE_TCLOO_STUBS=1 -DMODULE_SCOPE=extern\ __attribute__\(\(__visibility__\(\"hidden\"\)\)\) -DHAVE_HIDDEN=1 -DHAVE_CAST_TO_UNION=1 -DHAVE_STDBOOL_H=1 -DTCL_WIDE_INT_IS_LONG=1 -DTCL_CFG_OPTIMIZED=1 -DHAVE_INTPTR_T=1  -fPIC -DITCL_LIBRARY="/usr/lib/itcl4.3.2" -I. -I"/home/builder/build/src/tcl9.0.1/pkgs/itcl4.3.2/generic" -I"/home/builder/build/src/tcl9.0.1/pkgs/itcl4.3.2" -I"/home/builder/build/src/tcl9.0.1/generic" -I"/home/builder/build/src/tcl9.0.1/unix"    -march=x86-64-v3 -O2 -pipe -fno-plt -fexceptions         -Wp,-D_FORTIFY_SOURCE=3 -fstack-clash-protection -fcf-protection -pipe -m64 -O2 -fomit-frame-pointer -DNDEBUG -Wall -fPIC  -c `echo /home/builder/build/src/tcl9.0.1/pkgs/itcl4.3.2/generic/itclEnsemble.c` -o itclEnsemble.o
clang -DPACKAGE_NAME=\"itcl\" -DPACKAGE_TARNAME=\"itcl\" -DPACKAGE_VERSION=\"4.3.2\" -DPACKAGE_STRING=\"itcl\ 4.3.2\" -DPACKAGE_BUGREPORT=\"\" -DPACKAGE_URL=\"\" -DBUILD_itcl=/\*\*/ -DHAVE_STDIO_H=1 -DHAVE_STDLIB_H=1 -DHAVE_STRING_H=1 -DHAVE_INTTYPES_H=1 -DHAVE_STDINT_H=1 -DHAVE_STRINGS_H=1 -DHAVE_SYS_STAT_H=1 -DHAVE_SYS_TYPES_H=1 -DHAVE_UNISTD_H=1 -DSTDC_HEADERS=1 -DUSE_THREAD_ALLOC=1 -D_REENTRANT=1 -D_THREAD_SAFE=1 -DTCL_THREADS=1 -DUSE_TCL_STUBS=1 -DUSE_TCLOO_STUBS=1 -DMODULE_SCOPE=extern\ __attribute__\(\(__visibility__\(\"hidden\"\)\)\) -DHAVE_HIDDEN=1 -DHAVE_CAST_TO_UNION=1 -DHAVE_STDBOOL_H=1 -DTCL_WIDE_INT_IS_LONG=1 -DTCL_CFG_OPTIMIZED=1 -DHAVE_INTPTR_T=1  -fPIC -DITCL_LIBRARY="/usr/lib/itcl4.3.2" -I. -I"/home/builder/build/src/tcl9.0.1/pkgs/itcl4.3.2/generic" -I"/home/builder/build/src/tcl9.0.1/pkgs/itcl4.3.2" -I"/home/builder/build/src/tcl9.0.1/generic" -I"/home/builder/build/src/tcl9.0.1/unix"    -march=x86-64-v3 -O2 -pipe -fno-plt -fexceptions         -Wp,-D_FORTIFY_SOURCE=3 -fstack-clash-protection -fcf-protection -pipe -m64 -O2 -fomit-frame-pointer -DNDEBUG -Wall -fPIC  -c `echo /home/builder/build/src/tcl9.0.1/pkgs/itcl4.3.2/generic/itclHelpers.c` -o itclHelpers.o
clang -DPACKAGE_NAME=\"itcl\" -DPACKAGE_TARNAME=\"itcl\" -DPACKAGE_VERSION=\"4.3.2\" -DPACKAGE_STRING=\"itcl\ 4.3.2\" -DPACKAGE_BUGREPORT=\"\" -DPACKAGE_URL=\"\" -DBUILD_itcl=/\*\*/ -DHAVE_STDIO_H=1 -DHAVE_STDLIB_H=1 -DHAVE_STRING_H=1 -DHAVE_INTTYPES_H=1 -DHAVE_STDINT_H=1 -DHAVE_STRINGS_H=1 -DHAVE_SYS_STAT_H=1 -DHAVE_SYS_TYPES_H=1 -DHAVE_UNISTD_H=1 -DSTDC_HEADERS=1 -DUSE_THREAD_ALLOC=1 -D_REENTRANT=1 -D_THREAD_SAFE=1 -DTCL_THREADS=1 -DUSE_TCL_STUBS=1 -DUSE_TCLOO_STUBS=1 -DMODULE_SCOPE=extern\ __attribute__\(\(__visibility__\(\"hidden\"\)\)\) -DHAVE_HIDDEN=1 -DHAVE_CAST_TO_UNION=1 -DHAVE_STDBOOL_H=1 -DTCL_WIDE_INT_IS_LONG=1 -DTCL_CFG_OPTIMIZED=1 -DHAVE_INTPTR_T=1  -fPIC -DITCL_LIBRARY="/usr/lib/itcl4.3.2" -I. -I"/home/builder/build/src/tcl9.0.1/pkgs/itcl4.3.2/generic" -I"/home/builder/build/src/tcl9.0.1/pkgs/itcl4.3.2" -I"/home/builder/build/src/tcl9.0.1/generic" -I"/home/builder/build/src/tcl9.0.1/unix"    -march=x86-64-v3 -O2 -pipe -fno-plt -fexceptions         -Wp,-D_FORTIFY_SOURCE=3 -fstack-clash-protection -fcf-protection -pipe -m64 -O2 -fomit-frame-pointer -DNDEBUG -Wall -fPIC  -c `echo /home/builder/build/src/tcl9.0.1/pkgs/itcl4.3.2/generic/itclInfo.c` -o itclInfo.o
clang -DPACKAGE_NAME=\"itcl\" -DPACKAGE_TARNAME=\"itcl\" -DPACKAGE_VERSION=\"4.3.2\" -DPACKAGE_STRING=\"itcl\ 4.3.2\" -DPACKAGE_BUGREPORT=\"\" -DPACKAGE_URL=\"\" -DBUILD_itcl=/\*\*/ -DHAVE_STDIO_H=1 -DHAVE_STDLIB_H=1 -DHAVE_STRING_H=1 -DHAVE_INTTYPES_H=1 -DHAVE_STDINT_H=1 -DHAVE_STRINGS_H=1 -DHAVE_SYS_STAT_H=1 -DHAVE_SYS_TYPES_H=1 -DHAVE_UNISTD_H=1 -DSTDC_HEADERS=1 -DUSE_THREAD_ALLOC=1 -D_REENTRANT=1 -D_THREAD_SAFE=1 -DTCL_THREADS=1 -DUSE_TCL_STUBS=1 -DUSE_TCLOO_STUBS=1 -DMODULE_SCOPE=extern\ __attribute__\(\(__visibility__\(\"hidden\"\)\)\) -DHAVE_HIDDEN=1 -DHAVE_CAST_TO_UNION=1 -DHAVE_STDBOOL_H=1 -DTCL_WIDE_INT_IS_LONG=1 -DTCL_CFG_OPTIMIZED=1 -DHAVE_INTPTR_T=1  -fPIC -DITCL_LIBRARY="/usr/lib/itcl4.3.2" -I. -I"/home/builder/build/src/tcl9.0.1/pkgs/itcl4.3.2/generic" -I"/home/builder/build/src/tcl9.0.1/pkgs/itcl4.3.2" -I"/home/builder/build/src/tcl9.0.1/generic" -I"/home/builder/build/src/tcl9.0.1/unix"    -march=x86-64-v3 -O2 -pipe -fno-plt -fexceptions         -Wp,-D_FORTIFY_SOURCE=3 -fstack-clash-protection -fcf-protection -pipe -m64 -O2 -fomit-frame-pointer -DNDEBUG -Wall -fPIC  -c `echo /home/builder/build/src/tcl9.0.1/pkgs/itcl4.3.2/generic/itclLinkage.c` -o itclLinkage.o
clang -DPACKAGE_NAME=\"itcl\" -DPACKAGE_TARNAME=\"itcl\" -DPACKAGE_VERSION=\"4.3.2\" -DPACKAGE_STRING=\"itcl\ 4.3.2\" -DPACKAGE_BUGREPORT=\"\" -DPACKAGE_URL=\"\" -DBUILD_itcl=/\*\*/ -DHAVE_STDIO_H=1 -DHAVE_STDLIB_H=1 -DHAVE_STRING_H=1 -DHAVE_INTTYPES_H=1 -DHAVE_STDINT_H=1 -DHAVE_STRINGS_H=1 -DHAVE_SYS_STAT_H=1 -DHAVE_SYS_TYPES_H=1 -DHAVE_UNISTD_H=1 -DSTDC_HEADERS=1 -DUSE_THREAD_ALLOC=1 -D_REENTRANT=1 -D_THREAD_SAFE=1 -DTCL_THREADS=1 -DUSE_TCL_STUBS=1 -DUSE_TCLOO_STUBS=1 -DMODULE_SCOPE=extern\ __attribute__\(\(__visibility__\(\"hidden\"\)\)\) -DHAVE_HIDDEN=1 -DHAVE_CAST_TO_UNION=1 -DHAVE_STDBOOL_H=1 -DTCL_WIDE_INT_IS_LONG=1 -DTCL_CFG_OPTIMIZED=1 -DHAVE_INTPTR_T=1  -fPIC -DITCL_LIBRARY="/usr/lib/itcl4.3.2" -I. -I"/home/builder/build/src/tcl9.0.1/pkgs/itcl4.3.2/generic" -I"/home/builder/build/src/tcl9.0.1/pkgs/itcl4.3.2" -I"/home/builder/build/src/tcl9.0.1/generic" -I"/home/builder/build/src/tcl9.0.1/unix"    -march=x86-64-v3 -O2 -pipe -fno-plt -fexceptions         -Wp,-D_FORTIFY_SOURCE=3 -fstack-clash-protection -fcf-protection -pipe -m64 -O2 -fomit-frame-pointer -DNDEBUG -Wall -fPIC  -c `echo /home/builder/build/src/tcl9.0.1/pkgs/itcl4.3.2/generic/itclMethod.c` -o itclMethod.o
clang -DPACKAGE_NAME=\"itcl\" -DPACKAGE_TARNAME=\"itcl\" -DPACKAGE_VERSION=\"4.3.2\" -DPACKAGE_STRING=\"itcl\ 4.3.2\" -DPACKAGE_BUGREPORT=\"\" -DPACKAGE_URL=\"\" -DBUILD_itcl=/\*\*/ -DHAVE_STDIO_H=1 -DHAVE_STDLIB_H=1 -DHAVE_STRING_H=1 -DHAVE_INTTYPES_H=1 -DHAVE_STDINT_H=1 -DHAVE_STRINGS_H=1 -DHAVE_SYS_STAT_H=1 -DHAVE_SYS_TYPES_H=1 -DHAVE_UNISTD_H=1 -DSTDC_HEADERS=1 -DUSE_THREAD_ALLOC=1 -D_REENTRANT=1 -D_THREAD_SAFE=1 -DTCL_THREADS=1 -DUSE_TCL_STUBS=1 -DUSE_TCLOO_STUBS=1 -DMODULE_SCOPE=extern\ __attribute__\(\(__visibility__\(\"hidden\"\)\)\) -DHAVE_HIDDEN=1 -DHAVE_CAST_TO_UNION=1 -DHAVE_STDBOOL_H=1 -DTCL_WIDE_INT_IS_LONG=1 -DTCL_CFG_OPTIMIZED=1 -DHAVE_INTPTR_T=1  -fPIC -DITCL_LIBRARY="/usr/lib/itcl4.3.2" -I. -I"/home/builder/build/src/tcl9.0.1/pkgs/itcl4.3.2/generic" -I"/home/builder/build/src/tcl9.0.1/pkgs/itcl4.3.2" -I"/home/builder/build/src/tcl9.0.1/generic" -I"/home/builder/build/src/tcl9.0.1/unix"    -march=x86-64-v3 -O2 -pipe -fno-plt -fexceptions         -Wp,-D_FORTIFY_SOURCE=3 -fstack-clash-protection -fcf-protection -pipe -m64 -O2 -fomit-frame-pointer -DNDEBUG -Wall -fPIC  -c `echo /home/builder/build/src/tcl9.0.1/pkgs/itcl4.3.2/generic/itclObject.c` -o itclObject.o
clang -DPACKAGE_NAME=\"itcl\" -DPACKAGE_TARNAME=\"itcl\" -DPACKAGE_VERSION=\"4.3.2\" -DPACKAGE_STRING=\"itcl\ 4.3.2\" -DPACKAGE_BUGREPORT=\"\" -DPACKAGE_URL=\"\" -DBUILD_itcl=/\*\*/ -DHAVE_STDIO_H=1 -DHAVE_STDLIB_H=1 -DHAVE_STRING_H=1 -DHAVE_INTTYPES_H=1 -DHAVE_STDINT_H=1 -DHAVE_STRINGS_H=1 -DHAVE_SYS_STAT_H=1 -DHAVE_SYS_TYPES_H=1 -DHAVE_UNISTD_H=1 -DSTDC_HEADERS=1 -DUSE_THREAD_ALLOC=1 -D_REENTRANT=1 -D_THREAD_SAFE=1 -DTCL_THREADS=1 -DUSE_TCL_STUBS=1 -DUSE_TCLOO_STUBS=1 -DMODULE_SCOPE=extern\ __attribute__\(\(__visibility__\(\"hidden\"\)\)\) -DHAVE_HIDDEN=1 -DHAVE_CAST_TO_UNION=1 -DHAVE_STDBOOL_H=1 -DTCL_WIDE_INT_IS_LONG=1 -DTCL_CFG_OPTIMIZED=1 -DHAVE_INTPTR_T=1  -fPIC -DITCL_LIBRARY="/usr/lib/itcl4.3.2" -I. -I"/home/builder/build/src/tcl9.0.1/pkgs/itcl4.3.2/generic" -I"/home/builder/build/src/tcl9.0.1/pkgs/itcl4.3.2" -I"/home/builder/build/src/tcl9.0.1/generic" -I"/home/builder/build/src/tcl9.0.1/unix"    -march=x86-64-v3 -O2 -pipe -fno-plt -fexceptions         -Wp,-D_FORTIFY_SOURCE=3 -fstack-clash-protection -fcf-protection -pipe -m64 -O2 -fomit-frame-pointer -DNDEBUG -Wall -fPIC  -c `echo /home/builder/build/src/tcl9.0.1/pkgs/itcl4.3.2/generic/itclParse.c` -o itclParse.o
clang -DPACKAGE_NAME=\"itcl\" -DPACKAGE_TARNAME=\"itcl\" -DPACKAGE_VERSION=\"4.3.2\" -DPACKAGE_STRING=\"itcl\ 4.3.2\" -DPACKAGE_BUGREPORT=\"\" -DPACKAGE_URL=\"\" -DBUILD_itcl=/\*\*/ -DHAVE_STDIO_H=1 -DHAVE_STDLIB_H=1 -DHAVE_STRING_H=1 -DHAVE_INTTYPES_H=1 -DHAVE_STDINT_H=1 -DHAVE_STRINGS_H=1 -DHAVE_SYS_STAT_H=1 -DHAVE_SYS_TYPES_H=1 -DHAVE_UNISTD_H=1 -DSTDC_HEADERS=1 -DUSE_THREAD_ALLOC=1 -D_REENTRANT=1 -D_THREAD_SAFE=1 -DTCL_THREADS=1 -DUSE_TCL_STUBS=1 -DUSE_TCLOO_STUBS=1 -DMODULE_SCOPE=extern\ __attribute__\(\(__visibility__\(\"hidden\"\)\)\) -DHAVE_HIDDEN=1 -DHAVE_CAST_TO_UNION=1 -DHAVE_STDBOOL_H=1 -DTCL_WIDE_INT_IS_LONG=1 -DTCL_CFG_OPTIMIZED=1 -DHAVE_INTPTR_T=1  -fPIC -DITCL_LIBRARY="/usr/lib/itcl4.3.2" -I. -I"/home/builder/build/src/tcl9.0.1/pkgs/itcl4.3.2/generic" -I"/home/builder/build/src/tcl9.0.1/pkgs/itcl4.3.2" -I"/home/builder/build/src/tcl9.0.1/generic" -I"/home/builder/build/src/tcl9.0.1/unix"    -march=x86-64-v3 -O2 -pipe -fno-plt -fexceptions         -Wp,-D_FORTIFY_SOURCE=3 -fstack-clash-protection -fcf-protection -pipe -m64 -O2 -fomit-frame-pointer -DNDEBUG -Wall -fPIC  -c `echo /home/builder/build/src/tcl9.0.1/pkgs/itcl4.3.2/generic/itclStubs.c` -o itclStubs.o
clang -DPACKAGE_NAME=\"itcl\" -DPACKAGE_TARNAME=\"itcl\" -DPACKAGE_VERSION=\"4.3.2\" -DPACKAGE_STRING=\"itcl\ 4.3.2\" -DPACKAGE_BUGREPORT=\"\" -DPACKAGE_URL=\"\" -DBUILD_itcl=/\*\*/ -DHAVE_STDIO_H=1 -DHAVE_STDLIB_H=1 -DHAVE_STRING_H=1 -DHAVE_INTTYPES_H=1 -DHAVE_STDINT_H=1 -DHAVE_STRINGS_H=1 -DHAVE_SYS_STAT_H=1 -DHAVE_SYS_TYPES_H=1 -DHAVE_UNISTD_H=1 -DSTDC_HEADERS=1 -DUSE_THREAD_ALLOC=1 -D_REENTRANT=1 -D_THREAD_SAFE=1 -DTCL_THREADS=1 -DUSE_TCL_STUBS=1 -DUSE_TCLOO_STUBS=1 -DMODULE_SCOPE=extern\ __attribute__\(\(__visibility__\(\"hidden\"\)\)\) -DHAVE_HIDDEN=1 -DHAVE_CAST_TO_UNION=1 -DHAVE_STDBOOL_H=1 -DTCL_WIDE_INT_IS_LONG=1 -DTCL_CFG_OPTIMIZED=1 -DHAVE_INTPTR_T=1  -fPIC -DITCL_LIBRARY="/usr/lib/itcl4.3.2" -I. -I"/home/builder/build/src/tcl9.0.1/pkgs/itcl4.3.2/generic" -I"/home/builder/build/src/tcl9.0.1/pkgs/itcl4.3.2" -I"/home/builder/build/src/tcl9.0.1/generic" -I"/home/builder/build/src/tcl9.0.1/unix"    -march=x86-64-v3 -O2 -pipe -fno-plt -fexceptions         -Wp,-D_FORTIFY_SOURCE=3 -fstack-clash-protection -fcf-protection -pipe -m64 -O2 -fomit-frame-pointer -DNDEBUG -Wall -fPIC  -c `echo /home/builder/build/src/tcl9.0.1/pkgs/itcl4.3.2/generic/itclStubInit.c` -o itclStubInit.o
clang -DPACKAGE_NAME=\"itcl\" -DPACKAGE_TARNAME=\"itcl\" -DPACKAGE_VERSION=\"4.3.2\" -DPACKAGE_STRING=\"itcl\ 4.3.2\" -DPACKAGE_BUGREPORT=\"\" -DPACKAGE_URL=\"\" -DBUILD_itcl=/\*\*/ -DHAVE_STDIO_H=1 -DHAVE_STDLIB_H=1 -DHAVE_STRING_H=1 -DHAVE_INTTYPES_H=1 -DHAVE_STDINT_H=1 -DHAVE_STRINGS_H=1 -DHAVE_SYS_STAT_H=1 -DHAVE_SYS_TYPES_H=1 -DHAVE_UNISTD_H=1 -DSTDC_HEADERS=1 -DUSE_THREAD_ALLOC=1 -D_REENTRANT=1 -D_THREAD_SAFE=1 -DTCL_THREADS=1 -DUSE_TCL_STUBS=1 -DUSE_TCLOO_STUBS=1 -DMODULE_SCOPE=extern\ __attribute__\(\(__visibility__\(\"hidden\"\)\)\) -DHAVE_HIDDEN=1 -DHAVE_CAST_TO_UNION=1 -DHAVE_STDBOOL_H=1 -DTCL_WIDE_INT_IS_LONG=1 -DTCL_CFG_OPTIMIZED=1 -DHAVE_INTPTR_T=1  -fPIC -DITCL_LIBRARY="/usr/lib/itcl4.3.2" -I. -I"/home/builder/build/src/tcl9.0.1/pkgs/itcl4.3.2/generic" -I"/home/builder/build/src/tcl9.0.1/pkgs/itcl4.3.2" -I"/home/builder/build/src/tcl9.0.1/generic" -I"/home/builder/build/src/tcl9.0.1/unix"    -march=x86-64-v3 -O2 -pipe -fno-plt -fexceptions         -Wp,-D_FORTIFY_SOURCE=3 -fstack-clash-protection -fcf-protection -pipe -m64 -O2 -fomit-frame-pointer -DNDEBUG -Wall -fPIC  -c `echo /home/builder/build/src/tcl9.0.1/pkgs/itcl4.3.2/generic/itclResolve.c` -o itclResolve.o
clang -DPACKAGE_NAME=\"itcl\" -DPACKAGE_TARNAME=\"itcl\" -DPACKAGE_VERSION=\"4.3.2\" -DPACKAGE_STRING=\"itcl\ 4.3.2\" -DPACKAGE_BUGREPORT=\"\" -DPACKAGE_URL=\"\" -DBUILD_itcl=/\*\*/ -DHAVE_STDIO_H=1 -DHAVE_STDLIB_H=1 -DHAVE_STRING_H=1 -DHAVE_INTTYPES_H=1 -DHAVE_STDINT_H=1 -DHAVE_STRINGS_H=1 -DHAVE_SYS_STAT_H=1 -DHAVE_SYS_TYPES_H=1 -DHAVE_UNISTD_H=1 -DSTDC_HEADERS=1 -DUSE_THREAD_ALLOC=1 -D_REENTRANT=1 -D_THREAD_SAFE=1 -DTCL_THREADS=1 -DUSE_TCL_STUBS=1 -DUSE_TCLOO_STUBS=1 -DMODULE_SCOPE=extern\ __attribute__\(\(__visibility__\(\"hidden\"\)\)\) -DHAVE_HIDDEN=1 -DHAVE_CAST_TO_UNION=1 -DHAVE_STDBOOL_H=1 -DTCL_WIDE_INT_IS_LONG=1 -DTCL_CFG_OPTIMIZED=1 -DHAVE_INTPTR_T=1  -fPIC -DITCL_LIBRARY="/usr/lib/itcl4.3.2" -I. -I"/home/builder/build/src/tcl9.0.1/pkgs/itcl4.3.2/generic" -I"/home/builder/build/src/tcl9.0.1/pkgs/itcl4.3.2" -I"/home/builder/build/src/tcl9.0.1/generic" -I"/home/builder/build/src/tcl9.0.1/unix"    -march=x86-64-v3 -O2 -pipe -fno-plt -fexceptions         -Wp,-D_FORTIFY_SOURCE=3 -fstack-clash-protection -fcf-protection -pipe -m64 -O2 -fomit-frame-pointer -DNDEBUG -Wall -fPIC  -c `echo /home/builder/build/src/tcl9.0.1/pkgs/itcl4.3.2/generic/itclTclIntStubsFcn.c` -o itclTclIntStubsFcn.o
clang -DPACKAGE_NAME=\"itcl\" -DPACKAGE_TARNAME=\"itcl\" -DPACKAGE_VERSION=\"4.3.2\" -DPACKAGE_STRING=\"itcl\ 4.3.2\" -DPACKAGE_BUGREPORT=\"\" -DPACKAGE_URL=\"\" -DBUILD_itcl=/\*\*/ -DHAVE_STDIO_H=1 -DHAVE_STDLIB_H=1 -DHAVE_STRING_H=1 -DHAVE_INTTYPES_H=1 -DHAVE_STDINT_H=1 -DHAVE_STRINGS_H=1 -DHAVE_SYS_STAT_H=1 -DHAVE_SYS_TYPES_H=1 -DHAVE_UNISTD_H=1 -DSTDC_HEADERS=1 -DUSE_THREAD_ALLOC=1 -D_REENTRANT=1 -D_THREAD_SAFE=1 -DTCL_THREADS=1 -DUSE_TCL_STUBS=1 -DUSE_TCLOO_STUBS=1 -DMODULE_SCOPE=extern\ __attribute__\(\(__visibility__\(\"hidden\"\)\)\) -DHAVE_HIDDEN=1 -DHAVE_CAST_TO_UNION=1 -DHAVE_STDBOOL_H=1 -DTCL_WIDE_INT_IS_LONG=1 -DTCL_CFG_OPTIMIZED=1 -DHAVE_INTPTR_T=1  -fPIC -DITCL_LIBRARY="/usr/lib/itcl4.3.2" -I. -I"/home/builder/build/src/tcl9.0.1/pkgs/itcl4.3.2/generic" -I"/home/builder/build/src/tcl9.0.1/pkgs/itcl4.3.2" -I"/home/builder/build/src/tcl9.0.1/generic" -I"/home/builder/build/src/tcl9.0.1/unix"    -march=x86-64-v3 -O2 -pipe -fno-plt -fexceptions         -Wp,-D_FORTIFY_SOURCE=3 -fstack-clash-protection -fcf-protection -pipe -m64 -O2 -fomit-frame-pointer -DNDEBUG -Wall -fPIC  -c `echo /home/builder/build/src/tcl9.0.1/pkgs/itcl4.3.2/generic/itclUtil.c` -o itclUtil.o
clang -DPACKAGE_NAME=\"itcl\" -DPACKAGE_TARNAME=\"itcl\" -DPACKAGE_VERSION=\"4.3.2\" -DPACKAGE_STRING=\"itcl\ 4.3.2\" -DPACKAGE_BUGREPORT=\"\" -DPACKAGE_URL=\"\" -DBUILD_itcl=/\*\*/ -DHAVE_STDIO_H=1 -DHAVE_STDLIB_H=1 -DHAVE_STRING_H=1 -DHAVE_INTTYPES_H=1 -DHAVE_STDINT_H=1 -DHAVE_STRINGS_H=1 -DHAVE_SYS_STAT_H=1 -DHAVE_SYS_TYPES_H=1 -DHAVE_UNISTD_H=1 -DSTDC_HEADERS=1 -DUSE_THREAD_ALLOC=1 -D_REENTRANT=1 -D_THREAD_SAFE=1 -DTCL_THREADS=1 -DUSE_TCL_STUBS=1 -DUSE_TCLOO_STUBS=1 -DMODULE_SCOPE=extern\ __attribute__\(\(__visibility__\(\"hidden\"\)\)\) -DHAVE_HIDDEN=1 -DHAVE_CAST_TO_UNION=1 -DHAVE_STDBOOL_H=1 -DTCL_WIDE_INT_IS_LONG=1 -DTCL_CFG_OPTIMIZED=1 -DHAVE_INTPTR_T=1  -fPIC -DITCL_LIBRARY="/usr/lib/itcl4.3.2" -I. -I"/home/builder/build/src/tcl9.0.1/pkgs/itcl4.3.2/generic" -I"/home/builder/build/src/tcl9.0.1/pkgs/itcl4.3.2" -I"/home/builder/build/src/tcl9.0.1/generic" -I"/home/builder/build/src/tcl9.0.1/unix"    -march=x86-64-v3 -O2 -pipe -fno-plt -fexceptions         -Wp,-D_FORTIFY_SOURCE=3 -fstack-clash-protection -fcf-protection -pipe -m64 -O2 -fomit-frame-pointer -DNDEBUG -Wall -fPIC  -c `echo /home/builder/build/src/tcl9.0.1/pkgs/itcl4.3.2/generic/itclMigrate2TclCore.c` -o itclMigrate2TclCore.o
clang -DPACKAGE_NAME=\"itcl\" -DPACKAGE_TARNAME=\"itcl\" -DPACKAGE_VERSION=\"4.3.2\" -DPACKAGE_STRING=\"itcl\ 4.3.2\" -DPACKAGE_BUGREPORT=\"\" -DPACKAGE_URL=\"\" -DBUILD_itcl=/\*\*/ -DHAVE_STDIO_H=1 -DHAVE_STDLIB_H=1 -DHAVE_STRING_H=1 -DHAVE_INTTYPES_H=1 -DHAVE_STDINT_H=1 -DHAVE_STRINGS_H=1 -DHAVE_SYS_STAT_H=1 -DHAVE_SYS_TYPES_H=1 -DHAVE_UNISTD_H=1 -DSTDC_HEADERS=1 -DUSE_THREAD_ALLOC=1 -D_REENTRANT=1 -D_THREAD_SAFE=1 -DTCL_THREADS=1 -DUSE_TCL_STUBS=1 -DUSE_TCLOO_STUBS=1 -DMODULE_SCOPE=extern\ __attribute__\(\(__visibility__\(\"hidden\"\)\)\) -DHAVE_HIDDEN=1 -DHAVE_CAST_TO_UNION=1 -DHAVE_STDBOOL_H=1 -DTCL_WIDE_INT_IS_LONG=1 -DTCL_CFG_OPTIMIZED=1 -DHAVE_INTPTR_T=1  -fPIC -DITCL_LIBRARY="/usr/lib/itcl4.3.2" -I. -I"/home/builder/build/src/tcl9.0.1/pkgs/itcl4.3.2/generic" -I"/home/builder/build/src/tcl9.0.1/pkgs/itcl4.3.2" -I"/home/builder/build/src/tcl9.0.1/generic" -I"/home/builder/build/src/tcl9.0.1/unix"    -march=x86-64-v3 -O2 -pipe -fno-plt -fexceptions         -Wp,-D_FORTIFY_SOURCE=3 -fstack-clash-protection -fcf-protection -pipe -m64 -O2 -fomit-frame-pointer -DNDEBUG -Wall -fPIC  -c `echo /home/builder/build/src/tcl9.0.1/pkgs/itcl4.3.2/generic/itclTestRegisterC.c` -o itclTestRegisterC.o
rm -f libtcl9itcl4.3.2.so
clang -march=x86-64-v3 -O2 -pipe -fno-plt -fexceptions         -Wp,-D_FORTIFY_SOURCE=3 -fstack-clash-protection -fcf-protection -pipe -m64 -O2 -fomit-frame-pointer -DNDEBUG -Wall -fPIC   -shared  -Wl,-O1 -Wl,--sort-common -Wl,--as-needed -Wl,-z,relro -Wl,-z,now -Wl,--undefined-version -Wl,--hash-style=gnu -Wl,--compress-debug-sections=zstd -Wl,--export-dynamic   -o libtcl9itcl4.3.2.so itcl2TclOO.o itclBase.o itclBuiltin.o itclClass.o itclCmd.o itclEnsemble.o itclHelpers.o itclInfo.o itclLinkage.o itclMethod.o itclObject.o itclParse.o itclStubs.o itclStubInit.o itclResolve.o itclTclIntStubsFcn.o itclUtil.o itclMigrate2TclCore.o itclTestRegisterC.o  -L/home/builder/build/src/tcl9.0.1/unix -ltclstub 
: libtcl9itcl4.3.2.so
clang -DPACKAGE_NAME=\"itcl\" -DPACKAGE_TARNAME=\"itcl\" -DPACKAGE_VERSION=\"4.3.2\" -DPACKAGE_STRING=\"itcl\ 4.3.2\" -DPACKAGE_BUGREPORT=\"\" -DPACKAGE_URL=\"\" -DBUILD_itcl=/\*\*/ -DHAVE_STDIO_H=1 -DHAVE_STDLIB_H=1 -DHAVE_STRING_H=1 -DHAVE_INTTYPES_H=1 -DHAVE_STDINT_H=1 -DHAVE_STRINGS_H=1 -DHAVE_SYS_STAT_H=1 -DHAVE_SYS_TYPES_H=1 -DHAVE_UNISTD_H=1 -DSTDC_HEADERS=1 -DUSE_THREAD_ALLOC=1 -D_REENTRANT=1 -D_THREAD_SAFE=1 -DTCL_THREADS=1 -DUSE_TCL_STUBS=1 -DUSE_TCLOO_STUBS=1 -DMODULE_SCOPE=extern\ __attribute__\(\(__visibility__\(\"hidden\"\)\)\) -DHAVE_HIDDEN=1 -DHAVE_CAST_TO_UNION=1 -DHAVE_STDBOOL_H=1 -DTCL_WIDE_INT_IS_LONG=1 -DTCL_CFG_OPTIMIZED=1 -DHAVE_INTPTR_T=1  -fPIC -DITCL_LIBRARY="/usr/lib/itcl4.3.2" -I. -I"/home/builder/build/src/tcl9.0.1/pkgs/itcl4.3.2/generic" -I"/home/builder/build/src/tcl9.0.1/pkgs/itcl4.3.2" -I"/home/builder/build/src/tcl9.0.1/generic" -I"/home/builder/build/src/tcl9.0.1/unix"    -march=x86-64-v3 -O2 -pipe -fno-plt -fexceptions         -Wp,-D_FORTIFY_SOURCE=3 -fstack-clash-protection -fcf-protection -pipe -m64 -O2 -fomit-frame-pointer -DNDEBUG -Wall -fPIC  -c `echo /home/builder/build/src/tcl9.0.1/pkgs/itcl4.3.2/generic/itclStubLib.c` -o itclStubLib.o
rm -f libitclstub.a
llvm-ar cr libitclstub.a itclStubLib.o
llvm-ranlib libitclstub.a
make[1]: Leaving directory '/home/builder/build/src/tcl9.0.1/unix/pkgs/itcl4.3.2'
Building package 'tdbc1.1.10' for Tcl 8
make[1]: Entering directory '/home/builder/build/src/tcl9.0.1/unix/pkgs8/tdbc1.1.10'
echo "#define TDBC_VERSION_UUID \\" >tdbcUuid.h
cat /home/builder/build/src/tcl9.0.1/pkgs/tdbc1.1.10/manifest.uuid >>tdbcUuid.h
echo "" >>tdbcUuid.h
clang -DPACKAGE_NAME=\"tdbc\" -DPACKAGE_TARNAME=\"tdbc\" -DPACKAGE_VERSION=\"1.1.10\" -DPACKAGE_STRING=\"tdbc\ 1.1.10\" -DPACKAGE_BUGREPORT=\"\" -DPACKAGE_URL=\"\" -DBUILD_tdbc=/\*\*/ -DHAVE_STDIO_H=1 -DHAVE_STDLIB_H=1 -DHAVE_STRING_H=1 -DHAVE_INTTYPES_H=1 -DHAVE_STDINT_H=1 -DHAVE_STRINGS_H=1 -DHAVE_SYS_STAT_H=1 -DHAVE_SYS_TYPES_H=1 -DHAVE_UNISTD_H=1 -DSTDC_HEADERS=1 -DUSE_THREAD_ALLOC=1 -D_REENTRANT=1 -D_THREAD_SAFE=1 -DTCL_THREADS=1 -DUSE_TCL_STUBS=1 -DUSE_TCLOO_STUBS=1 -DMODULE_SCOPE=extern\ __attribute__\(\(__visibility__\(\"hidden\"\)\)\) -DHAVE_HIDDEN=1 -DHAVE_CAST_TO_UNION=1 -DHAVE_STDBOOL_H=1 -DTCL_WIDE_INT_IS_LONG=1 -DTCL_CFG_OPTIMIZED=1 -DTCL_MAJOR_VERSION=8  -I"/home/builder/build/src/tcl9.0.1/generic" -I.    -O2 -fomit-frame-pointer -DNDEBUG -Wall -fPIC -march=x86-64-v3 -O2 -pipe -fno-plt -fexceptions         -Wp,-D_FORTIFY_SOURCE=3 -fstack-clash-protection -fcf-protection -pipe -m64 -O2 -fomit-frame-pointer -DNDEBUG -Wall -fPIC  -c `echo /home/builder/build/src/tcl9.0.1/pkgs/tdbc1.1.10/generic/tdbc.c` -o tdbc.o
clang -DPACKAGE_NAME=\"tdbc\" -DPACKAGE_TARNAME=\"tdbc\" -DPACKAGE_VERSION=\"1.1.10\" -DPACKAGE_STRING=\"tdbc\ 1.1.10\" -DPACKAGE_BUGREPORT=\"\" -DPACKAGE_URL=\"\" -DBUILD_tdbc=/\*\*/ -DHAVE_STDIO_H=1 -DHAVE_STDLIB_H=1 -DHAVE_STRING_H=1 -DHAVE_INTTYPES_H=1 -DHAVE_STDINT_H=1 -DHAVE_STRINGS_H=1 -DHAVE_SYS_STAT_H=1 -DHAVE_SYS_TYPES_H=1 -DHAVE_UNISTD_H=1 -DSTDC_HEADERS=1 -DUSE_THREAD_ALLOC=1 -D_REENTRANT=1 -D_THREAD_SAFE=1 -DTCL_THREADS=1 -DUSE_TCL_STUBS=1 -DUSE_TCLOO_STUBS=1 -DMODULE_SCOPE=extern\ __attribute__\(\(__visibility__\(\"hidden\"\)\)\) -DHAVE_HIDDEN=1 -DHAVE_CAST_TO_UNION=1 -DHAVE_STDBOOL_H=1 -DTCL_WIDE_INT_IS_LONG=1 -DTCL_CFG_OPTIMIZED=1 -DTCL_MAJOR_VERSION=8  -I"/home/builder/build/src/tcl9.0.1/generic" -I.    -O2 -fomit-frame-pointer -DNDEBUG -Wall -fPIC -march=x86-64-v3 -O2 -pipe -fno-plt -fexceptions         -Wp,-D_FORTIFY_SOURCE=3 -fstack-clash-protection -fcf-protection -pipe -m64 -O2 -fomit-frame-pointer -DNDEBUG -Wall -fPIC  -c `echo /home/builder/build/src/tcl9.0.1/pkgs/tdbc1.1.10/generic/tdbcStubInit.c` -o tdbcStubInit.o
clang -DPACKAGE_NAME=\"tdbc\" -DPACKAGE_TARNAME=\"tdbc\" -DPACKAGE_VERSION=\"1.1.10\" -DPACKAGE_STRING=\"tdbc\ 1.1.10\" -DPACKAGE_BUGREPORT=\"\" -DPACKAGE_URL=\"\" -DBUILD_tdbc=/\*\*/ -DHAVE_STDIO_H=1 -DHAVE_STDLIB_H=1 -DHAVE_STRING_H=1 -DHAVE_INTTYPES_H=1 -DHAVE_STDINT_H=1 -DHAVE_STRINGS_H=1 -DHAVE_SYS_STAT_H=1 -DHAVE_SYS_TYPES_H=1 -DHAVE_UNISTD_H=1 -DSTDC_HEADERS=1 -DUSE_THREAD_ALLOC=1 -D_REENTRANT=1 -D_THREAD_SAFE=1 -DTCL_THREADS=1 -DUSE_TCL_STUBS=1 -DUSE_TCLOO_STUBS=1 -DMODULE_SCOPE=extern\ __attribute__\(\(__visibility__\(\"hidden\"\)\)\) -DHAVE_HIDDEN=1 -DHAVE_CAST_TO_UNION=1 -DHAVE_STDBOOL_H=1 -DTCL_WIDE_INT_IS_LONG=1 -DTCL_CFG_OPTIMIZED=1 -DTCL_MAJOR_VERSION=8  -I"/home/builder/build/src/tcl9.0.1/generic" -I.    -O2 -fomit-frame-pointer -DNDEBUG -Wall -fPIC -march=x86-64-v3 -O2 -pipe -fno-plt -fexceptions         -Wp,-D_FORTIFY_SOURCE=3 -fstack-clash-protection -fcf-protection -pipe -m64 -O2 -fomit-frame-pointer -DNDEBUG -Wall -fPIC  -c `echo /home/builder/build/src/tcl9.0.1/pkgs/tdbc1.1.10/generic/tdbcTokenize.c` -o tdbcTokenize.o
rm -f libtdbc1.1.10.so
clang -march=x86-64-v3 -O2 -pipe -fno-plt -fexceptions         -Wp,-D_FORTIFY_SOURCE=3 -fstack-clash-protection -fcf-protection -pipe -m64 -O2 -fomit-frame-pointer -DNDEBUG -Wall -fPIC   -shared -Wl,-O1 -Wl,--sort-common -Wl,--as-needed -Wl,-z,relro -Wl,-z,now -Wl,--undefined-version -Wl,--hash-style=gnu -Wl,--compress-debug-sections=zstd -Wl,--export-dynamic   -o libtdbc1.1.10.so tdbc.o tdbcStubInit.o tdbcTokenize.o  -L/home/builder/build/src/tcl9.0.1/unix -ltclstub 
: libtdbc1.1.10.so
clang -DPACKAGE_NAME=\"tdbc\" -DPACKAGE_TARNAME=\"tdbc\" -DPACKAGE_VERSION=\"1.1.10\" -DPACKAGE_STRING=\"tdbc\ 1.1.10\" -DPACKAGE_BUGREPORT=\"\" -DPACKAGE_URL=\"\" -DBUILD_tdbc=/\*\*/ -DHAVE_STDIO_H=1 -DHAVE_STDLIB_H=1 -DHAVE_STRING_H=1 -DHAVE_INTTYPES_H=1 -DHAVE_STDINT_H=1 -DHAVE_STRINGS_H=1 -DHAVE_SYS_STAT_H=1 -DHAVE_SYS_TYPES_H=1 -DHAVE_UNISTD_H=1 -DSTDC_HEADERS=1 -DUSE_THREAD_ALLOC=1 -D_REENTRANT=1 -D_THREAD_SAFE=1 -DTCL_THREADS=1 -DUSE_TCL_STUBS=1 -DUSE_TCLOO_STUBS=1 -DMODULE_SCOPE=extern\ __attribute__\(\(__visibility__\(\"hidden\"\)\)\) -DHAVE_HIDDEN=1 -DHAVE_CAST_TO_UNION=1 -DHAVE_STDBOOL_H=1 -DTCL_WIDE_INT_IS_LONG=1 -DTCL_CFG_OPTIMIZED=1 -DTCL_MAJOR_VERSION=8  -I"/home/builder/build/src/tcl9.0.1/generic" -I.    -O2 -fomit-frame-pointer -DNDEBUG -Wall -fPIC -march=x86-64-v3 -O2 -pipe -fno-plt -fexceptions         -Wp,-D_FORTIFY_SOURCE=3 -fstack-clash-protection -fcf-protection -pipe -m64 -O2 -fomit-frame-pointer -DNDEBUG -Wall -fPIC  -c `echo /home/builder/build/src/tcl9.0.1/pkgs/tdbc1.1.10/generic/tdbcStubLib.c` -o tdbcStubLib.o
rm -f libtdbcstub1.1.10.a
llvm-ar cr libtdbcstub1.1.10.a tdbcStubLib.o
llvm-ranlib libtdbcstub1.1.10.a
make[1]: Leaving directory '/home/builder/build/src/tcl9.0.1/unix/pkgs8/tdbc1.1.10'
Building package 'tdbc1.1.10'
make[1]: Entering directory '/home/builder/build/src/tcl9.0.1/unix/pkgs/tdbc1.1.10'
echo "#define TDBC_VERSION_UUID \\" >tdbcUuid.h
cat /home/builder/build/src/tcl9.0.1/pkgs/tdbc1.1.10/manifest.uuid >>tdbcUuid.h
echo "" >>tdbcUuid.h
clang -DPACKAGE_NAME=\"tdbc\" -DPACKAGE_TARNAME=\"tdbc\" -DPACKAGE_VERSION=\"1.1.10\" -DPACKAGE_STRING=\"tdbc\ 1.1.10\" -DPACKAGE_BUGREPORT=\"\" -DPACKAGE_URL=\"\" -DBUILD_tdbc=/\*\*/ -DHAVE_STDIO_H=1 -DHAVE_STDLIB_H=1 -DHAVE_STRING_H=1 -DHAVE_INTTYPES_H=1 -DHAVE_STDINT_H=1 -DHAVE_STRINGS_H=1 -DHAVE_SYS_STAT_H=1 -DHAVE_SYS_TYPES_H=1 -DHAVE_UNISTD_H=1 -DSTDC_HEADERS=1 -DUSE_THREAD_ALLOC=1 -D_REENTRANT=1 -D_THREAD_SAFE=1 -DTCL_THREADS=1 -DUSE_TCL_STUBS=1 -DUSE_TCLOO_STUBS=1 -DMODULE_SCOPE=extern\ __attribute__\(\(__visibility__\(\"hidden\"\)\)\) -DHAVE_HIDDEN=1 -DHAVE_CAST_TO_UNION=1 -DHAVE_STDBOOL_H=1 -DTCL_WIDE_INT_IS_LONG=1 -DTCL_CFG_OPTIMIZED=1  -I"/home/builder/build/src/tcl9.0.1/generic" -I.    -O2 -fomit-frame-pointer -DNDEBUG -Wall -fPIC -march=x86-64-v3 -O2 -pipe -fno-plt -fexceptions         -Wp,-D_FORTIFY_SOURCE=3 -fstack-clash-protection -fcf-protection -pipe -m64 -O2 -fomit-frame-pointer -DNDEBUG -Wall -fPIC  -c `echo /home/builder/build/src/tcl9.0.1/pkgs/tdbc1.1.10/generic/tdbc.c` -o tdbc.o
clang -DPACKAGE_NAME=\"tdbc\" -DPACKAGE_TARNAME=\"tdbc\" -DPACKAGE_VERSION=\"1.1.10\" -DPACKAGE_STRING=\"tdbc\ 1.1.10\" -DPACKAGE_BUGREPORT=\"\" -DPACKAGE_URL=\"\" -DBUILD_tdbc=/\*\*/ -DHAVE_STDIO_H=1 -DHAVE_STDLIB_H=1 -DHAVE_STRING_H=1 -DHAVE_INTTYPES_H=1 -DHAVE_STDINT_H=1 -DHAVE_STRINGS_H=1 -DHAVE_SYS_STAT_H=1 -DHAVE_SYS_TYPES_H=1 -DHAVE_UNISTD_H=1 -DSTDC_HEADERS=1 -DUSE_THREAD_ALLOC=1 -D_REENTRANT=1 -D_THREAD_SAFE=1 -DTCL_THREADS=1 -DUSE_TCL_STUBS=1 -DUSE_TCLOO_STUBS=1 -DMODULE_SCOPE=extern\ __attribute__\(\(__visibility__\(\"hidden\"\)\)\) -DHAVE_HIDDEN=1 -DHAVE_CAST_TO_UNION=1 -DHAVE_STDBOOL_H=1 -DTCL_WIDE_INT_IS_LONG=1 -DTCL_CFG_OPTIMIZED=1  -I"/home/builder/build/src/tcl9.0.1/generic" -I.    -O2 -fomit-frame-pointer -DNDEBUG -Wall -fPIC -march=x86-64-v3 -O2 -pipe -fno-plt -fexceptions         -Wp,-D_FORTIFY_SOURCE=3 -fstack-clash-protection -fcf-protection -pipe -m64 -O2 -fomit-frame-pointer -DNDEBUG -Wall -fPIC  -c `echo /home/builder/build/src/tcl9.0.1/pkgs/tdbc1.1.10/generic/tdbcStubInit.c` -o tdbcStubInit.o
clang -DPACKAGE_NAME=\"tdbc\" -DPACKAGE_TARNAME=\"tdbc\" -DPACKAGE_VERSION=\"1.1.10\" -DPACKAGE_STRING=\"tdbc\ 1.1.10\" -DPACKAGE_BUGREPORT=\"\" -DPACKAGE_URL=\"\" -DBUILD_tdbc=/\*\*/ -DHAVE_STDIO_H=1 -DHAVE_STDLIB_H=1 -DHAVE_STRING_H=1 -DHAVE_INTTYPES_H=1 -DHAVE_STDINT_H=1 -DHAVE_STRINGS_H=1 -DHAVE_SYS_STAT_H=1 -DHAVE_SYS_TYPES_H=1 -DHAVE_UNISTD_H=1 -DSTDC_HEADERS=1 -DUSE_THREAD_ALLOC=1 -D_REENTRANT=1 -D_THREAD_SAFE=1 -DTCL_THREADS=1 -DUSE_TCL_STUBS=1 -DUSE_TCLOO_STUBS=1 -DMODULE_SCOPE=extern\ __attribute__\(\(__visibility__\(\"hidden\"\)\)\) -DHAVE_HIDDEN=1 -DHAVE_CAST_TO_UNION=1 -DHAVE_STDBOOL_H=1 -DTCL_WIDE_INT_IS_LONG=1 -DTCL_CFG_OPTIMIZED=1  -I"/home/builder/build/src/tcl9.0.1/generic" -I.    -O2 -fomit-frame-pointer -DNDEBUG -Wall -fPIC -march=x86-64-v3 -O2 -pipe -fno-plt -fexceptions         -Wp,-D_FORTIFY_SOURCE=3 -fstack-clash-protection -fcf-protection -pipe -m64 -O2 -fomit-frame-pointer -DNDEBUG -Wall -fPIC  -c `echo /home/builder/build/src/tcl9.0.1/pkgs/tdbc1.1.10/generic/tdbcTokenize.c` -o tdbcTokenize.o
rm -f libtcl9tdbc1.1.10.so
clang -march=x86-64-v3 -O2 -pipe -fno-plt -fexceptions         -Wp,-D_FORTIFY_SOURCE=3 -fstack-clash-protection -fcf-protection -pipe -m64 -O2 -fomit-frame-pointer -DNDEBUG -Wall -fPIC   -shared -Wl,-O1 -Wl,--sort-common -Wl,--as-needed -Wl,-z,relro -Wl,-z,now -Wl,--undefined-version -Wl,--hash-style=gnu -Wl,--compress-debug-sections=zstd -Wl,--export-dynamic   -o libtcl9tdbc1.1.10.so tdbc.o tdbcStubInit.o tdbcTokenize.o  -L/home/builder/build/src/tcl9.0.1/unix -ltclstub 
: libtcl9tdbc1.1.10.so
clang -DPACKAGE_NAME=\"tdbc\" -DPACKAGE_TARNAME=\"tdbc\" -DPACKAGE_VERSION=\"1.1.10\" -DPACKAGE_STRING=\"tdbc\ 1.1.10\" -DPACKAGE_BUGREPORT=\"\" -DPACKAGE_URL=\"\" -DBUILD_tdbc=/\*\*/ -DHAVE_STDIO_H=1 -DHAVE_STDLIB_H=1 -DHAVE_STRING_H=1 -DHAVE_INTTYPES_H=1 -DHAVE_STDINT_H=1 -DHAVE_STRINGS_H=1 -DHAVE_SYS_STAT_H=1 -DHAVE_SYS_TYPES_H=1 -DHAVE_UNISTD_H=1 -DSTDC_HEADERS=1 -DUSE_THREAD_ALLOC=1 -D_REENTRANT=1 -D_THREAD_SAFE=1 -DTCL_THREADS=1 -DUSE_TCL_STUBS=1 -DUSE_TCLOO_STUBS=1 -DMODULE_SCOPE=extern\ __attribute__\(\(__visibility__\(\"hidden\"\)\)\) -DHAVE_HIDDEN=1 -DHAVE_CAST_TO_UNION=1 -DHAVE_STDBOOL_H=1 -DTCL_WIDE_INT_IS_LONG=1 -DTCL_CFG_OPTIMIZED=1  -I"/home/builder/build/src/tcl9.0.1/generic" -I.    -O2 -fomit-frame-pointer -DNDEBUG -Wall -fPIC -march=x86-64-v3 -O2 -pipe -fno-plt -fexceptions         -Wp,-D_FORTIFY_SOURCE=3 -fstack-clash-protection -fcf-protection -pipe -m64 -O2 -fomit-frame-pointer -DNDEBUG -Wall -fPIC  -c `echo /home/builder/build/src/tcl9.0.1/pkgs/tdbc1.1.10/generic/tdbcStubLib.c` -o tdbcStubLib.o
rm -f libtdbcstub.a
llvm-ar cr libtdbcstub.a tdbcStubLib.o
llvm-ranlib libtdbcstub.a
make[1]: Leaving directory '/home/builder/build/src/tcl9.0.1/unix/pkgs/tdbc1.1.10'
Building package 'tdbcmysql1.1.10' for Tcl 8
make[1]: Entering directory '/home/builder/build/src/tcl9.0.1/unix/pkgs8/tdbcmysql1.1.10'
echo "#define TDBC_MYSQL_VERSION_UUID \\" >tdbcMysqlUuid.h
cat /home/builder/build/src/tcl9.0.1/pkgs/tdbcmysql1.1.10/manifest.uuid >>tdbcMysqlUuid.h
echo "" >>tdbcMysqlUuid.h
clang -DPACKAGE_NAME=\"tdbcmysql\" -DPACKAGE_TARNAME=\"tdbcmysql\" -DPACKAGE_VERSION=\"1.1.10\" -DPACKAGE_STRING=\"tdbcmysql\ 1.1.10\" -DPACKAGE_BUGREPORT=\"\" -DPACKAGE_URL=\"\" -DBUILD_tdbcmysql=/\*\*/ -DHAVE_STDIO_H=1 -DHAVE_STDLIB_H=1 -DHAVE_STRING_H=1 -DHAVE_INTTYPES_H=1 -DHAVE_STDINT_H=1 -DHAVE_STRINGS_H=1 -DHAVE_SYS_STAT_H=1 -DHAVE_SYS_TYPES_H=1 -DHAVE_UNISTD_H=1 -DSTDC_HEADERS=1 -DHAVE_LONG_LONG=1 -DSIZEOF_LONG_LONG=8 -DSIZEOF_LONG=8 -DUSE_THREAD_ALLOC=1 -D_REENTRANT=1 -D_THREAD_SAFE=1 -DTCL_THREADS=1 -DUSE_TCL_STUBS=1 -DUSE_TCLOO_STUBS=1 -DMODULE_SCOPE=extern\ __attribute__\(\(__visibility__\(\"hidden\"\)\)\) -DHAVE_HIDDEN=1 -DHAVE_CAST_TO_UNION=1 -DHAVE_STDBOOL_H=1 -DTCL_WIDE_INT_IS_LONG=1 -DTCL_CFG_OPTIMIZED=1 -DHAVE_INTPTR_T=1 -DHAVE_UINTPTR_T=1 -DTCL_MAJOR_VERSION=8  -I/home/builder/build/src/tcl9.0.1/pkgs/tdbc1.1.10/generic -I"/home/builder/build/src/tcl9.0.1/generic" -I.    -O2 -fomit-frame-pointer -DNDEBUG -Wall -fPIC -march=x86-64-v3 -O2 -pipe -fno-plt -fexceptions         -Wp,-D_FORTIFY_SOURCE=3 -fstack-clash-protection -fcf-protection -pipe -m64 -O2 -fomit-frame-pointer -DNDEBUG -Wall -fPIC  -c `echo /home/builder/build/src/tcl9.0.1/pkgs/tdbcmysql1.1.10/generic/tdbcmysql.c` -o tdbcmysql.o
clang -DPACKAGE_NAME=\"tdbcmysql\" -DPACKAGE_TARNAME=\"tdbcmysql\" -DPACKAGE_VERSION=\"1.1.10\" -DPACKAGE_STRING=\"tdbcmysql\ 1.1.10\" -DPACKAGE_BUGREPORT=\"\" -DPACKAGE_URL=\"\" -DBUILD_tdbcmysql=/\*\*/ -DHAVE_STDIO_H=1 -DHAVE_STDLIB_H=1 -DHAVE_STRING_H=1 -DHAVE_INTTYPES_H=1 -DHAVE_STDINT_H=1 -DHAVE_STRINGS_H=1 -DHAVE_SYS_STAT_H=1 -DHAVE_SYS_TYPES_H=1 -DHAVE_UNISTD_H=1 -DSTDC_HEADERS=1 -DHAVE_LONG_LONG=1 -DSIZEOF_LONG_LONG=8 -DSIZEOF_LONG=8 -DUSE_THREAD_ALLOC=1 -D_REENTRANT=1 -D_THREAD_SAFE=1 -DTCL_THREADS=1 -DUSE_TCL_STUBS=1 -DUSE_TCLOO_STUBS=1 -DMODULE_SCOPE=extern\ __attribute__\(\(__visibility__\(\"hidden\"\)\)\) -DHAVE_HIDDEN=1 -DHAVE_CAST_TO_UNION=1 -DHAVE_STDBOOL_H=1 -DTCL_WIDE_INT_IS_LONG=1 -DTCL_CFG_OPTIMIZED=1 -DHAVE_INTPTR_T=1 -DHAVE_UINTPTR_T=1 -DTCL_MAJOR_VERSION=8  -I/home/builder/build/src/tcl9.0.1/pkgs/tdbc1.1.10/generic -I"/home/builder/build/src/tcl9.0.1/generic" -I.    -O2 -fomit-frame-pointer -DNDEBUG -Wall -fPIC -march=x86-64-v3 -O2 -pipe -fno-plt -fexceptions         -Wp,-D_FORTIFY_SOURCE=3 -fstack-clash-protection -fcf-protection -pipe -m64 -O2 -fomit-frame-pointer -DNDEBUG -Wall -fPIC  -c `echo /home/builder/build/src/tcl9.0.1/pkgs/tdbcmysql1.1.10/generic/mysqlStubInit.c` -o mysqlStubInit.o
rm -f libtdbcmysql1.1.10.so
clang -march=x86-64-v3 -O2 -pipe -fno-plt -fexceptions         -Wp,-D_FORTIFY_SOURCE=3 -fstack-clash-protection -fcf-protection -pipe -m64 -O2 -fomit-frame-pointer -DNDEBUG -Wall -fPIC   -shared -Wl,-O1 -Wl,--sort-common -Wl,--as-needed -Wl,-z,relro -Wl,-z,now -Wl,--undefined-version -Wl,--hash-style=gnu -Wl,--compress-debug-sections=zstd -Wl,--export-dynamic   -o libtdbcmysql1.1.10.so tdbcmysql.o mysqlStubInit.o -L/home/builder/build/src/tcl9.0.1/unix/pkgs8/tdbc1.1.10 -ltdbcstub1.1.10 -L/home/builder/build/src/tcl9.0.1/unix/pkgs8/tdbc1.1.10 -ltdbcstub1.1.10  -L/home/builder/build/src/tcl9.0.1/unix -ltclstub 
: libtdbcmysql1.1.10.so
make[1]: Leaving directory '/home/builder/build/src/tcl9.0.1/unix/pkgs8/tdbcmysql1.1.10'
Building package 'tdbcmysql1.1.10'
make[1]: Entering directory '/home/builder/build/src/tcl9.0.1/unix/pkgs/tdbcmysql1.1.10'
echo "#define TDBC_MYSQL_VERSION_UUID \\" >tdbcMysqlUuid.h
cat /home/builder/build/src/tcl9.0.1/pkgs/tdbcmysql1.1.10/manifest.uuid >>tdbcMysqlUuid.h
echo "" >>tdbcMysqlUuid.h
clang -DPACKAGE_NAME=\"tdbcmysql\" -DPACKAGE_TARNAME=\"tdbcmysql\" -DPACKAGE_VERSION=\"1.1.10\" -DPACKAGE_STRING=\"tdbcmysql\ 1.1.10\" -DPACKAGE_BUGREPORT=\"\" -DPACKAGE_URL=\"\" -DBUILD_tdbcmysql=/\*\*/ -DHAVE_STDIO_H=1 -DHAVE_STDLIB_H=1 -DHAVE_STRING_H=1 -DHAVE_INTTYPES_H=1 -DHAVE_STDINT_H=1 -DHAVE_STRINGS_H=1 -DHAVE_SYS_STAT_H=1 -DHAVE_SYS_TYPES_H=1 -DHAVE_UNISTD_H=1 -DSTDC_HEADERS=1 -DHAVE_LONG_LONG=1 -DSIZEOF_LONG_LONG=8 -DSIZEOF_LONG=8 -DUSE_THREAD_ALLOC=1 -D_REENTRANT=1 -D_THREAD_SAFE=1 -DTCL_THREADS=1 -DUSE_TCL_STUBS=1 -DUSE_TCLOO_STUBS=1 -DMODULE_SCOPE=extern\ __attribute__\(\(__visibility__\(\"hidden\"\)\)\) -DHAVE_HIDDEN=1 -DHAVE_CAST_TO_UNION=1 -DHAVE_STDBOOL_H=1 -DTCL_WIDE_INT_IS_LONG=1 -DTCL_CFG_OPTIMIZED=1 -DHAVE_INTPTR_T=1 -DHAVE_UINTPTR_T=1  -I/home/builder/build/src/tcl9.0.1/pkgs/tdbc1.1.10/generic -I"/home/builder/build/src/tcl9.0.1/generic" -I.    -O2 -fomit-frame-pointer -DNDEBUG -Wall -fPIC -march=x86-64-v3 -O2 -pipe -fno-plt -fexceptions         -Wp,-D_FORTIFY_SOURCE=3 -fstack-clash-protection -fcf-protection -pipe -m64 -O2 -fomit-frame-pointer -DNDEBUG -Wall -fPIC  -c `echo /home/builder/build/src/tcl9.0.1/pkgs/tdbcmysql1.1.10/generic/tdbcmysql.c` -o tdbcmysql.o
clang -DPACKAGE_NAME=\"tdbcmysql\" -DPACKAGE_TARNAME=\"tdbcmysql\" -DPACKAGE_VERSION=\"1.1.10\" -DPACKAGE_STRING=\"tdbcmysql\ 1.1.10\" -DPACKAGE_BUGREPORT=\"\" -DPACKAGE_URL=\"\" -DBUILD_tdbcmysql=/\*\*/ -DHAVE_STDIO_H=1 -DHAVE_STDLIB_H=1 -DHAVE_STRING_H=1 -DHAVE_INTTYPES_H=1 -DHAVE_STDINT_H=1 -DHAVE_STRINGS_H=1 -DHAVE_SYS_STAT_H=1 -DHAVE_SYS_TYPES_H=1 -DHAVE_UNISTD_H=1 -DSTDC_HEADERS=1 -DHAVE_LONG_LONG=1 -DSIZEOF_LONG_LONG=8 -DSIZEOF_LONG=8 -DUSE_THREAD_ALLOC=1 -D_REENTRANT=1 -D_THREAD_SAFE=1 -DTCL_THREADS=1 -DUSE_TCL_STUBS=1 -DUSE_TCLOO_STUBS=1 -DMODULE_SCOPE=extern\ __attribute__\(\(__visibility__\(\"hidden\"\)\)\) -DHAVE_HIDDEN=1 -DHAVE_CAST_TO_UNION=1 -DHAVE_STDBOOL_H=1 -DTCL_WIDE_INT_IS_LONG=1 -DTCL_CFG_OPTIMIZED=1 -DHAVE_INTPTR_T=1 -DHAVE_UINTPTR_T=1  -I/home/builder/build/src/tcl9.0.1/pkgs/tdbc1.1.10/generic -I"/home/builder/build/src/tcl9.0.1/generic" -I.    -O2 -fomit-frame-pointer -DNDEBUG -Wall -fPIC -march=x86-64-v3 -O2 -pipe -fno-plt -fexceptions         -Wp,-D_FORTIFY_SOURCE=3 -fstack-clash-protection -fcf-protection -pipe -m64 -O2 -fomit-frame-pointer -DNDEBUG -Wall -fPIC  -c `echo /home/builder/build/src/tcl9.0.1/pkgs/tdbcmysql1.1.10/generic/mysqlStubInit.c` -o mysqlStubInit.o
rm -f libtcl9tdbcmysql1.1.10.so
clang -march=x86-64-v3 -O2 -pipe -fno-plt -fexceptions         -Wp,-D_FORTIFY_SOURCE=3 -fstack-clash-protection -fcf-protection -pipe -m64 -O2 -fomit-frame-pointer -DNDEBUG -Wall -fPIC   -shared -Wl,-O1 -Wl,--sort-common -Wl,--as-needed -Wl,-z,relro -Wl,-z,now -Wl,--undefined-version -Wl,--hash-style=gnu -Wl,--compress-debug-sections=zstd -Wl,--export-dynamic   -o libtcl9tdbcmysql1.1.10.so tdbcmysql.o mysqlStubInit.o -L/home/builder/build/src/tcl9.0.1/unix/pkgs/tdbc1.1.10 -ltdbcstub -L/home/builder/build/src/tcl9.0.1/unix/pkgs/tdbc1.1.10 -ltdbcstub  -L/home/builder/build/src/tcl9.0.1/unix -ltclstub 
: libtcl9tdbcmysql1.1.10.so
make[1]: Leaving directory '/home/builder/build/src/tcl9.0.1/unix/pkgs/tdbcmysql1.1.10'
Building package 'tdbcodbc1.1.10' for Tcl 8
make[1]: Entering directory '/home/builder/build/src/tcl9.0.1/unix/pkgs8/tdbcodbc1.1.10'
echo "#define TDBC_ODBC_VERSION_UUID \\" >tdbcOdbcUuid.h
cat /home/builder/build/src/tcl9.0.1/pkgs/tdbcodbc1.1.10/manifest.uuid >>tdbcOdbcUuid.h
echo "" >>tdbcOdbcUuid.h
clang -DPACKAGE_NAME=\"tdbcodbc\" -DPACKAGE_TARNAME=\"tdbcodbc\" -DPACKAGE_VERSION=\"1.1.10\" -DPACKAGE_STRING=\"tdbcodbc\ 1.1.10\" -DPACKAGE_BUGREPORT=\"\" -DPACKAGE_URL=\"\" -DBUILD_tdbcodbc=/\*\*/ -DHAVE_STDIO_H=1 -DHAVE_STDLIB_H=1 -DHAVE_STRING_H=1 -DHAVE_INTTYPES_H=1 -DHAVE_STDINT_H=1 -DHAVE_STRINGS_H=1 -DHAVE_SYS_STAT_H=1 -DHAVE_SYS_TYPES_H=1 -DHAVE_UNISTD_H=1 -DSTDC_HEADERS=1 -DHAVE_LONG_LONG=1 -DSIZEOF_LONG_LONG=8 -DSIZEOF_LONG=8 -DUSE_THREAD_ALLOC=1 -D_REENTRANT=1 -D_THREAD_SAFE=1 -DTCL_THREADS=1 -DUSE_TCL_STUBS=1 -DUSE_TCLOO_STUBS=1 -DMODULE_SCOPE=extern\ __attribute__\(\(__visibility__\(\"hidden\"\)\)\) -DHAVE_HIDDEN=1 -DHAVE_CAST_TO_UNION=1 -DHAVE_STDBOOL_H=1 -DTCL_WIDE_INT_IS_LONG=1 -DTCL_CFG_OPTIMIZED=1 -DHAVE_INTPTR_T=1 -DHAVE_UINTPTR_T=1 -DTCL_MAJOR_VERSION=8  -I/home/builder/build/src/tcl9.0.1/pkgs/tdbc1.1.10/generic -I"/home/builder/build/src/tcl9.0.1/generic" -I.    -O2 -fomit-frame-pointer -DNDEBUG -Wall -fPIC -march=x86-64-v3 -O2 -pipe -fno-plt -fexceptions         -Wp,-D_FORTIFY_SOURCE=3 -fstack-clash-protection -fcf-protection -pipe -m64 -O2 -fomit-frame-pointer -DNDEBUG -Wall -fPIC  -c `echo /home/builder/build/src/tcl9.0.1/pkgs/tdbcodbc1.1.10/generic/tdbcodbc.c` -o tdbcodbc.o
clang -DPACKAGE_NAME=\"tdbcodbc\" -DPACKAGE_TARNAME=\"tdbcodbc\" -DPACKAGE_VERSION=\"1.1.10\" -DPACKAGE_STRING=\"tdbcodbc\ 1.1.10\" -DPACKAGE_BUGREPORT=\"\" -DPACKAGE_URL=\"\" -DBUILD_tdbcodbc=/\*\*/ -DHAVE_STDIO_H=1 -DHAVE_STDLIB_H=1 -DHAVE_STRING_H=1 -DHAVE_INTTYPES_H=1 -DHAVE_STDINT_H=1 -DHAVE_STRINGS_H=1 -DHAVE_SYS_STAT_H=1 -DHAVE_SYS_TYPES_H=1 -DHAVE_UNISTD_H=1 -DSTDC_HEADERS=1 -DHAVE_LONG_LONG=1 -DSIZEOF_LONG_LONG=8 -DSIZEOF_LONG=8 -DUSE_THREAD_ALLOC=1 -D_REENTRANT=1 -D_THREAD_SAFE=1 -DTCL_THREADS=1 -DUSE_TCL_STUBS=1 -DUSE_TCLOO_STUBS=1 -DMODULE_SCOPE=extern\ __attribute__\(\(__visibility__\(\"hidden\"\)\)\) -DHAVE_HIDDEN=1 -DHAVE_CAST_TO_UNION=1 -DHAVE_STDBOOL_H=1 -DTCL_WIDE_INT_IS_LONG=1 -DTCL_CFG_OPTIMIZED=1 -DHAVE_INTPTR_T=1 -DHAVE_UINTPTR_T=1 -DTCL_MAJOR_VERSION=8  -I/home/builder/build/src/tcl9.0.1/pkgs/tdbc1.1.10/generic -I"/home/builder/build/src/tcl9.0.1/generic" -I.    -O2 -fomit-frame-pointer -DNDEBUG -Wall -fPIC -march=x86-64-v3 -O2 -pipe -fno-plt -fexceptions         -Wp,-D_FORTIFY_SOURCE=3 -fstack-clash-protection -fcf-protection -pipe -m64 -O2 -fomit-frame-pointer -DNDEBUG -Wall -fPIC  -c `echo /home/builder/build/src/tcl9.0.1/pkgs/tdbcodbc1.1.10/generic/odbcStubInit.c` -o odbcStubInit.o
rm -f libtdbcodbc1.1.10.so
clang -march=x86-64-v3 -O2 -pipe -fno-plt -fexceptions         -Wp,-D_FORTIFY_SOURCE=3 -fstack-clash-protection -fcf-protection -pipe -m64 -O2 -fomit-frame-pointer -DNDEBUG -Wall -fPIC   -shared -Wl,-O1 -Wl,--sort-common -Wl,--as-needed -Wl,-z,relro -Wl,-z,now -Wl,--undefined-version -Wl,--hash-style=gnu -Wl,--compress-debug-sections=zstd -Wl,--export-dynamic   -o libtdbcodbc1.1.10.so tdbcodbc.o odbcStubInit.o -L/home/builder/build/src/tcl9.0.1/unix/pkgs8/tdbc1.1.10 -ltdbcstub1.1.10 -L/home/builder/build/src/tcl9.0.1/unix/pkgs8/tdbc1.1.10 -ltdbcstub1.1.10  -L/home/builder/build/src/tcl9.0.1/unix -ltclstub 
: libtdbcodbc1.1.10.so
make[1]: Leaving directory '/home/builder/build/src/tcl9.0.1/unix/pkgs8/tdbcodbc1.1.10'
Building package 'tdbcodbc1.1.10'
make[1]: Entering directory '/home/builder/build/src/tcl9.0.1/unix/pkgs/tdbcodbc1.1.10'
echo "#define TDBC_ODBC_VERSION_UUID \\" >tdbcOdbcUuid.h
cat /home/builder/build/src/tcl9.0.1/pkgs/tdbcodbc1.1.10/manifest.uuid >>tdbcOdbcUuid.h
echo "" >>tdbcOdbcUuid.h
clang -DPACKAGE_NAME=\"tdbcodbc\" -DPACKAGE_TARNAME=\"tdbcodbc\" -DPACKAGE_VERSION=\"1.1.10\" -DPACKAGE_STRING=\"tdbcodbc\ 1.1.10\" -DPACKAGE_BUGREPORT=\"\" -DPACKAGE_URL=\"\" -DBUILD_tdbcodbc=/\*\*/ -DHAVE_STDIO_H=1 -DHAVE_STDLIB_H=1 -DHAVE_STRING_H=1 -DHAVE_INTTYPES_H=1 -DHAVE_STDINT_H=1 -DHAVE_STRINGS_H=1 -DHAVE_SYS_STAT_H=1 -DHAVE_SYS_TYPES_H=1 -DHAVE_UNISTD_H=1 -DSTDC_HEADERS=1 -DHAVE_LONG_LONG=1 -DSIZEOF_LONG_LONG=8 -DSIZEOF_LONG=8 -DUSE_THREAD_ALLOC=1 -D_REENTRANT=1 -D_THREAD_SAFE=1 -DTCL_THREADS=1 -DUSE_TCL_STUBS=1 -DUSE_TCLOO_STUBS=1 -DMODULE_SCOPE=extern\ __attribute__\(\(__visibility__\(\"hidden\"\)\)\) -DHAVE_HIDDEN=1 -DHAVE_CAST_TO_UNION=1 -DHAVE_STDBOOL_H=1 -DTCL_WIDE_INT_IS_LONG=1 -DTCL_CFG_OPTIMIZED=1 -DHAVE_INTPTR_T=1 -DHAVE_UINTPTR_T=1  -I/home/builder/build/src/tcl9.0.1/pkgs/tdbc1.1.10/generic -I"/home/builder/build/src/tcl9.0.1/generic" -I.    -O2 -fomit-frame-pointer -DNDEBUG -Wall -fPIC -march=x86-64-v3 -O2 -pipe -fno-plt -fexceptions         -Wp,-D_FORTIFY_SOURCE=3 -fstack-clash-protection -fcf-protection -pipe -m64 -O2 -fomit-frame-pointer -DNDEBUG -Wall -fPIC  -c `echo /home/builder/build/src/tcl9.0.1/pkgs/tdbcodbc1.1.10/generic/tdbcodbc.c` -o tdbcodbc.o
clang -DPACKAGE_NAME=\"tdbcodbc\" -DPACKAGE_TARNAME=\"tdbcodbc\" -DPACKAGE_VERSION=\"1.1.10\" -DPACKAGE_STRING=\"tdbcodbc\ 1.1.10\" -DPACKAGE_BUGREPORT=\"\" -DPACKAGE_URL=\"\" -DBUILD_tdbcodbc=/\*\*/ -DHAVE_STDIO_H=1 -DHAVE_STDLIB_H=1 -DHAVE_STRING_H=1 -DHAVE_INTTYPES_H=1 -DHAVE_STDINT_H=1 -DHAVE_STRINGS_H=1 -DHAVE_SYS_STAT_H=1 -DHAVE_SYS_TYPES_H=1 -DHAVE_UNISTD_H=1 -DSTDC_HEADERS=1 -DHAVE_LONG_LONG=1 -DSIZEOF_LONG_LONG=8 -DSIZEOF_LONG=8 -DUSE_THREAD_ALLOC=1 -D_REENTRANT=1 -D_THREAD_SAFE=1 -DTCL_THREADS=1 -DUSE_TCL_STUBS=1 -DUSE_TCLOO_STUBS=1 -DMODULE_SCOPE=extern\ __attribute__\(\(__visibility__\(\"hidden\"\)\)\) -DHAVE_HIDDEN=1 -DHAVE_CAST_TO_UNION=1 -DHAVE_STDBOOL_H=1 -DTCL_WIDE_INT_IS_LONG=1 -DTCL_CFG_OPTIMIZED=1 -DHAVE_INTPTR_T=1 -DHAVE_UINTPTR_T=1  -I/home/builder/build/src/tcl9.0.1/pkgs/tdbc1.1.10/generic -I"/home/builder/build/src/tcl9.0.1/generic" -I.    -O2 -fomit-frame-pointer -DNDEBUG -Wall -fPIC -march=x86-64-v3 -O2 -pipe -fno-plt -fexceptions         -Wp,-D_FORTIFY_SOURCE=3 -fstack-clash-protection -fcf-protection -pipe -m64 -O2 -fomit-frame-pointer -DNDEBUG -Wall -fPIC  -c `echo /home/builder/build/src/tcl9.0.1/pkgs/tdbcodbc1.1.10/generic/odbcStubInit.c` -o odbcStubInit.o
rm -f libtcl9tdbcodbc1.1.10.so
clang -march=x86-64-v3 -O2 -pipe -fno-plt -fexceptions         -Wp,-D_FORTIFY_SOURCE=3 -fstack-clash-protection -fcf-protection -pipe -m64 -O2 -fomit-frame-pointer -DNDEBUG -Wall -fPIC   -shared -Wl,-O1 -Wl,--sort-common -Wl,--as-needed -Wl,-z,relro -Wl,-z,now -Wl,--undefined-version -Wl,--hash-style=gnu -Wl,--compress-debug-sections=zstd -Wl,--export-dynamic   -o libtcl9tdbcodbc1.1.10.so tdbcodbc.o odbcStubInit.o -L/home/builder/build/src/tcl9.0.1/unix/pkgs/tdbc1.1.10 -ltdbcstub -L/home/builder/build/src/tcl9.0.1/unix/pkgs/tdbc1.1.10 -ltdbcstub  -L/home/builder/build/src/tcl9.0.1/unix -ltclstub 
: libtcl9tdbcodbc1.1.10.so
make[1]: Leaving directory '/home/builder/build/src/tcl9.0.1/unix/pkgs/tdbcodbc1.1.10'
Building package 'tdbcpostgres1.1.10' for Tcl 8
make[1]: Entering directory '/home/builder/build/src/tcl9.0.1/unix/pkgs8/tdbcpostgres1.1.10'
echo "#define TDBC_POSTGRES_VERSION_UUID \\" >tdbcPostgresUuid.h
cat /home/builder/build/src/tcl9.0.1/pkgs/tdbcpostgres1.1.10/manifest.uuid >>tdbcPostgresUuid.h
echo "" >>tdbcPostgresUuid.h
clang -DPACKAGE_NAME=\"tdbcpostgres\" -DPACKAGE_TARNAME=\"tdbcpostgres\" -DPACKAGE_VERSION=\"1.1.10\" -DPACKAGE_STRING=\"tdbcpostgres\ 1.1.10\" -DPACKAGE_BUGREPORT=\"\" -DPACKAGE_URL=\"\" -DBUILD_tdbcpostgres=/\*\*/ -DHAVE_STDIO_H=1 -DHAVE_STDLIB_H=1 -DHAVE_STRING_H=1 -DHAVE_INTTYPES_H=1 -DHAVE_STDINT_H=1 -DHAVE_STRINGS_H=1 -DHAVE_SYS_STAT_H=1 -DHAVE_SYS_TYPES_H=1 -DHAVE_UNISTD_H=1 -DSTDC_HEADERS=1 -DHAVE_LONG_LONG=1 -DSIZEOF_LONG_LONG=8 -DSIZEOF_LONG=8 -DUSE_THREAD_ALLOC=1 -D_REENTRANT=1 -D_THREAD_SAFE=1 -DTCL_THREADS=1 -DUSE_TCL_STUBS=1 -DUSE_TCLOO_STUBS=1 -DMODULE_SCOPE=extern\ __attribute__\(\(__visibility__\(\"hidden\"\)\)\) -DHAVE_HIDDEN=1 -DHAVE_CAST_TO_UNION=1 -DHAVE_STDBOOL_H=1 -DTCL_WIDE_INT_IS_LONG=1 -DTCL_CFG_OPTIMIZED=1 -DHAVE_INTPTR_T=1 -DHAVE_UINTPTR_T=1 -DTCL_MAJOR_VERSION=8  -I/home/builder/build/src/tcl9.0.1/pkgs/tdbc1.1.10/generic -I"/home/builder/build/src/tcl9.0.1/generic" -I.    -O2 -fomit-frame-pointer -DNDEBUG -Wall -fPIC -march=x86-64-v3 -O2 -pipe -fno-plt -fexceptions         -Wp,-D_FORTIFY_SOURCE=3 -fstack-clash-protection -fcf-protection -pipe -m64 -O2 -fomit-frame-pointer -DNDEBUG -Wall -fPIC  -c `echo /home/builder/build/src/tcl9.0.1/pkgs/tdbcpostgres1.1.10/generic/tdbcpostgres.c` -o tdbcpostgres.o
clang -DPACKAGE_NAME=\"tdbcpostgres\" -DPACKAGE_TARNAME=\"tdbcpostgres\" -DPACKAGE_VERSION=\"1.1.10\" -DPACKAGE_STRING=\"tdbcpostgres\ 1.1.10\" -DPACKAGE_BUGREPORT=\"\" -DPACKAGE_URL=\"\" -DBUILD_tdbcpostgres=/\*\*/ -DHAVE_STDIO_H=1 -DHAVE_STDLIB_H=1 -DHAVE_STRING_H=1 -DHAVE_INTTYPES_H=1 -DHAVE_STDINT_H=1 -DHAVE_STRINGS_H=1 -DHAVE_SYS_STAT_H=1 -DHAVE_SYS_TYPES_H=1 -DHAVE_UNISTD_H=1 -DSTDC_HEADERS=1 -DHAVE_LONG_LONG=1 -DSIZEOF_LONG_LONG=8 -DSIZEOF_LONG=8 -DUSE_THREAD_ALLOC=1 -D_REENTRANT=1 -D_THREAD_SAFE=1 -DTCL_THREADS=1 -DUSE_TCL_STUBS=1 -DUSE_TCLOO_STUBS=1 -DMODULE_SCOPE=extern\ __attribute__\(\(__visibility__\(\"hidden\"\)\)\) -DHAVE_HIDDEN=1 -DHAVE_CAST_TO_UNION=1 -DHAVE_STDBOOL_H=1 -DTCL_WIDE_INT_IS_LONG=1 -DTCL_CFG_OPTIMIZED=1 -DHAVE_INTPTR_T=1 -DHAVE_UINTPTR_T=1 -DTCL_MAJOR_VERSION=8  -I/home/builder/build/src/tcl9.0.1/pkgs/tdbc1.1.10/generic -I"/home/builder/build/src/tcl9.0.1/generic" -I.    -O2 -fomit-frame-pointer -DNDEBUG -Wall -fPIC -march=x86-64-v3 -O2 -pipe -fno-plt -fexceptions         -Wp,-D_FORTIFY_SOURCE=3 -fstack-clash-protection -fcf-protection -pipe -m64 -O2 -fomit-frame-pointer -DNDEBUG -Wall -fPIC  -c `echo /home/builder/build/src/tcl9.0.1/pkgs/tdbcpostgres1.1.10/generic/pqStubInit.c` -o pqStubInit.o
rm -f libtdbcpostgres1.1.10.so
clang -march=x86-64-v3 -O2 -pipe -fno-plt -fexceptions         -Wp,-D_FORTIFY_SOURCE=3 -fstack-clash-protection -fcf-protection -pipe -m64 -O2 -fomit-frame-pointer -DNDEBUG -Wall -fPIC   -shared -Wl,-O1 -Wl,--sort-common -Wl,--as-needed -Wl,-z,relro -Wl,-z,now -Wl,--undefined-version -Wl,--hash-style=gnu -Wl,--compress-debug-sections=zstd -Wl,--export-dynamic   -o libtdbcpostgres1.1.10.so tdbcpostgres.o pqStubInit.o -L/home/builder/build/src/tcl9.0.1/unix/pkgs8/tdbc1.1.10 -ltdbcstub1.1.10 -L/home/builder/build/src/tcl9.0.1/unix/pkgs8/tdbc1.1.10 -ltdbcstub1.1.10  -L/home/builder/build/src/tcl9.0.1/unix -ltclstub 
: libtdbcpostgres1.1.10.so
make[1]: Leaving directory '/home/builder/build/src/tcl9.0.1/unix/pkgs8/tdbcpostgres1.1.10'
Building package 'tdbcpostgres1.1.10'
make[1]: Entering directory '/home/builder/build/src/tcl9.0.1/unix/pkgs/tdbcpostgres1.1.10'
echo "#define TDBC_POSTGRES_VERSION_UUID \\" >tdbcPostgresUuid.h
cat /home/builder/build/src/tcl9.0.1/pkgs/tdbcpostgres1.1.10/manifest.uuid >>tdbcPostgresUuid.h
echo "" >>tdbcPostgresUuid.h
clang -DPACKAGE_NAME=\"tdbcpostgres\" -DPACKAGE_TARNAME=\"tdbcpostgres\" -DPACKAGE_VERSION=\"1.1.10\" -DPACKAGE_STRING=\"tdbcpostgres\ 1.1.10\" -DPACKAGE_BUGREPORT=\"\" -DPACKAGE_URL=\"\" -DBUILD_tdbcpostgres=/\*\*/ -DHAVE_STDIO_H=1 -DHAVE_STDLIB_H=1 -DHAVE_STRING_H=1 -DHAVE_INTTYPES_H=1 -DHAVE_STDINT_H=1 -DHAVE_STRINGS_H=1 -DHAVE_SYS_STAT_H=1 -DHAVE_SYS_TYPES_H=1 -DHAVE_UNISTD_H=1 -DSTDC_HEADERS=1 -DHAVE_LONG_LONG=1 -DSIZEOF_LONG_LONG=8 -DSIZEOF_LONG=8 -DUSE_THREAD_ALLOC=1 -D_REENTRANT=1 -D_THREAD_SAFE=1 -DTCL_THREADS=1 -DUSE_TCL_STUBS=1 -DUSE_TCLOO_STUBS=1 -DMODULE_SCOPE=extern\ __attribute__\(\(__visibility__\(\"hidden\"\)\)\) -DHAVE_HIDDEN=1 -DHAVE_CAST_TO_UNION=1 -DHAVE_STDBOOL_H=1 -DTCL_WIDE_INT_IS_LONG=1 -DTCL_CFG_OPTIMIZED=1 -DHAVE_INTPTR_T=1 -DHAVE_UINTPTR_T=1  -I/home/builder/build/src/tcl9.0.1/pkgs/tdbc1.1.10/generic -I"/home/builder/build/src/tcl9.0.1/generic" -I.    -O2 -fomit-frame-pointer -DNDEBUG -Wall -fPIC -march=x86-64-v3 -O2 -pipe -fno-plt -fexceptions         -Wp,-D_FORTIFY_SOURCE=3 -fstack-clash-protection -fcf-protection -pipe -m64 -O2 -fomit-frame-pointer -DNDEBUG -Wall -fPIC  -c `echo /home/builder/build/src/tcl9.0.1/pkgs/tdbcpostgres1.1.10/generic/tdbcpostgres.c` -o tdbcpostgres.o
clang -DPACKAGE_NAME=\"tdbcpostgres\" -DPACKAGE_TARNAME=\"tdbcpostgres\" -DPACKAGE_VERSION=\"1.1.10\" -DPACKAGE_STRING=\"tdbcpostgres\ 1.1.10\" -DPACKAGE_BUGREPORT=\"\" -DPACKAGE_URL=\"\" -DBUILD_tdbcpostgres=/\*\*/ -DHAVE_STDIO_H=1 -DHAVE_STDLIB_H=1 -DHAVE_STRING_H=1 -DHAVE_INTTYPES_H=1 -DHAVE_STDINT_H=1 -DHAVE_STRINGS_H=1 -DHAVE_SYS_STAT_H=1 -DHAVE_SYS_TYPES_H=1 -DHAVE_UNISTD_H=1 -DSTDC_HEADERS=1 -DHAVE_LONG_LONG=1 -DSIZEOF_LONG_LONG=8 -DSIZEOF_LONG=8 -DUSE_THREAD_ALLOC=1 -D_REENTRANT=1 -D_THREAD_SAFE=1 -DTCL_THREADS=1 -DUSE_TCL_STUBS=1 -DUSE_TCLOO_STUBS=1 -DMODULE_SCOPE=extern\ __attribute__\(\(__visibility__\(\"hidden\"\)\)\) -DHAVE_HIDDEN=1 -DHAVE_CAST_TO_UNION=1 -DHAVE_STDBOOL_H=1 -DTCL_WIDE_INT_IS_LONG=1 -DTCL_CFG_OPTIMIZED=1 -DHAVE_INTPTR_T=1 -DHAVE_UINTPTR_T=1  -I/home/builder/build/src/tcl9.0.1/pkgs/tdbc1.1.10/generic -I"/home/builder/build/src/tcl9.0.1/generic" -I.    -O2 -fomit-frame-pointer -DNDEBUG -Wall -fPIC -march=x86-64-v3 -O2 -pipe -fno-plt -fexceptions         -Wp,-D_FORTIFY_SOURCE=3 -fstack-clash-protection -fcf-protection -pipe -m64 -O2 -fomit-frame-pointer -DNDEBUG -Wall -fPIC  -c `echo /home/builder/build/src/tcl9.0.1/pkgs/tdbcpostgres1.1.10/generic/pqStubInit.c` -o pqStubInit.o
rm -f libtcl9tdbcpostgres1.1.10.so
clang -march=x86-64-v3 -O2 -pipe -fno-plt -fexceptions         -Wp,-D_FORTIFY_SOURCE=3 -fstack-clash-protection -fcf-protection -pipe -m64 -O2 -fomit-frame-pointer -DNDEBUG -Wall -fPIC   -shared -Wl,-O1 -Wl,--sort-common -Wl,--as-needed -Wl,-z,relro -Wl,-z,now -Wl,--undefined-version -Wl,--hash-style=gnu -Wl,--compress-debug-sections=zstd -Wl,--export-dynamic   -o libtcl9tdbcpostgres1.1.10.so tdbcpostgres.o pqStubInit.o -L/home/builder/build/src/tcl9.0.1/unix/pkgs/tdbc1.1.10 -ltdbcstub -L/home/builder/build/src/tcl9.0.1/unix/pkgs/tdbc1.1.10 -ltdbcstub  -L/home/builder/build/src/tcl9.0.1/unix -ltclstub 
: libtcl9tdbcpostgres1.1.10.so
make[1]: Leaving directory '/home/builder/build/src/tcl9.0.1/unix/pkgs/tdbcpostgres1.1.10'
Building package 'tdbcsqlite3-1.1.10' for Tcl 8
make[1]: Entering directory '/home/builder/build/src/tcl9.0.1/unix/pkgs8/tdbcsqlite3-1.1.10'
make[1]: Nothing to be done for 'all'.
make[1]: Leaving directory '/home/builder/build/src/tcl9.0.1/unix/pkgs8/tdbcsqlite3-1.1.10'
Building package 'tdbcsqlite3-1.1.10'
make[1]: Entering directory '/home/builder/build/src/tcl9.0.1/unix/pkgs/tdbcsqlite3-1.1.10'
make[1]: Nothing to be done for 'all'.
make[1]: Leaving directory '/home/builder/build/src/tcl9.0.1/unix/pkgs/tdbcsqlite3-1.1.10'
Building package 'thread3.0.1' for Tcl 8
make[1]: Entering directory '/home/builder/build/src/tcl9.0.1/unix/pkgs8/thread3.0.1'
clang -DPACKAGE_NAME=\"thread\" -DPACKAGE_TARNAME=\"thread\" -DPACKAGE_VERSION=\"3.0.1\" -DPACKAGE_STRING=\"thread\ 3.0.1\" -DPACKAGE_BUGREPORT=\"\" -DPACKAGE_URL=\"\" -DBUILD_thread=/\*\*/ -DHAVE_STDIO_H=1 -DHAVE_STDLIB_H=1 -DHAVE_STRING_H=1 -DHAVE_INTTYPES_H=1 -DHAVE_STDINT_H=1 -DHAVE_STRINGS_H=1 -DHAVE_SYS_STAT_H=1 -DHAVE_SYS_TYPES_H=1 -DHAVE_UNISTD_H=1 -DSTDC_HEADERS=1 -DUSE_THREAD_ALLOC=1 -D_REENTRANT=1 -D_THREAD_SAFE=1 -DTCL_THREADS=1 -DUSE_TCL_STUBS=1 -DUSE_TCLOO_STUBS=1 -DMODULE_SCOPE=extern\ __attribute__\(\(__visibility__\(\"hidden\"\)\)\) -DHAVE_HIDDEN=1 -DHAVE_CAST_TO_UNION=1 -DHAVE_STDBOOL_H=1 -DTCL_WIDE_INT_IS_LONG=1 -DTCL_CFG_OPTIMIZED=1 -DUSE_TCL_STUBS=1 -DZIPFS_BUILD=1  -I"/home/builder/build/src/tcl9.0.1/generic" -I.    -O2 -fomit-frame-pointer -DNDEBUG -Wall -fPIC -march=x86-64-v3 -O2 -pipe -fno-plt -fexceptions         -Wp,-D_FORTIFY_SOURCE=3 -fstack-clash-protection -fcf-protection -pipe -m64 -O2 -fomit-frame-pointer -DNDEBUG -Wall -fPIC  -c `echo /home/builder/build/src/tcl9.0.1/pkgs/thread3.0.1/generic/threadNs.c` -o threadNs.o
echo "#define THREAD_VERSION_UUID \\" >threadUuid.h
cat /home/builder/build/src/tcl9.0.1/pkgs/thread3.0.1/manifest.uuid >>threadUuid.h
echo "" >>threadUuid.h
clang -DPACKAGE_NAME=\"thread\" -DPACKAGE_TARNAME=\"thread\" -DPACKAGE_VERSION=\"3.0.1\" -DPACKAGE_STRING=\"thread\ 3.0.1\" -DPACKAGE_BUGREPORT=\"\" -DPACKAGE_URL=\"\" -DBUILD_thread=/\*\*/ -DHAVE_STDIO_H=1 -DHAVE_STDLIB_H=1 -DHAVE_STRING_H=1 -DHAVE_INTTYPES_H=1 -DHAVE_STDINT_H=1 -DHAVE_STRINGS_H=1 -DHAVE_SYS_STAT_H=1 -DHAVE_SYS_TYPES_H=1 -DHAVE_UNISTD_H=1 -DSTDC_HEADERS=1 -DUSE_THREAD_ALLOC=1 -D_REENTRANT=1 -D_THREAD_SAFE=1 -DTCL_THREADS=1 -DUSE_TCL_STUBS=1 -DUSE_TCLOO_STUBS=1 -DMODULE_SCOPE=extern\ __attribute__\(\(__visibility__\(\"hidden\"\)\)\) -DHAVE_HIDDEN=1 -DHAVE_CAST_TO_UNION=1 -DHAVE_STDBOOL_H=1 -DTCL_WIDE_INT_IS_LONG=1 -DTCL_CFG_OPTIMIZED=1 -DUSE_TCL_STUBS=1 -DZIPFS_BUILD=1  -I"/home/builder/build/src/tcl9.0.1/generic" -I.    -O2 -fomit-frame-pointer -DNDEBUG -Wall -fPIC -march=x86-64-v3 -O2 -pipe -fno-plt -fexceptions         -Wp,-D_FORTIFY_SOURCE=3 -fstack-clash-protection -fcf-protection -pipe -m64 -O2 -fomit-frame-pointer -DNDEBUG -Wall -fPIC  -c `echo /home/builder/build/src/tcl9.0.1/pkgs/thread3.0.1/generic/threadCmd.c` -o threadCmd.o
clang -DPACKAGE_NAME=\"thread\" -DPACKAGE_TARNAME=\"thread\" -DPACKAGE_VERSION=\"3.0.1\" -DPACKAGE_STRING=\"thread\ 3.0.1\" -DPACKAGE_BUGREPORT=\"\" -DPACKAGE_URL=\"\" -DBUILD_thread=/\*\*/ -DHAVE_STDIO_H=1 -DHAVE_STDLIB_H=1 -DHAVE_STRING_H=1 -DHAVE_INTTYPES_H=1 -DHAVE_STDINT_H=1 -DHAVE_STRINGS_H=1 -DHAVE_SYS_STAT_H=1 -DHAVE_SYS_TYPES_H=1 -DHAVE_UNISTD_H=1 -DSTDC_HEADERS=1 -DUSE_THREAD_ALLOC=1 -D_REENTRANT=1 -D_THREAD_SAFE=1 -DTCL_THREADS=1 -DUSE_TCL_STUBS=1 -DUSE_TCLOO_STUBS=1 -DMODULE_SCOPE=extern\ __attribute__\(\(__visibility__\(\"hidden\"\)\)\) -DHAVE_HIDDEN=1 -DHAVE_CAST_TO_UNION=1 -DHAVE_STDBOOL_H=1 -DTCL_WIDE_INT_IS_LONG=1 -DTCL_CFG_OPTIMIZED=1 -DUSE_TCL_STUBS=1 -DZIPFS_BUILD=1  -I"/home/builder/build/src/tcl9.0.1/generic" -I.    -O2 -fomit-frame-pointer -DNDEBUG -Wall -fPIC -march=x86-64-v3 -O2 -pipe -fno-plt -fexceptions         -Wp,-D_FORTIFY_SOURCE=3 -fstack-clash-protection -fcf-protection -pipe -m64 -O2 -fomit-frame-pointer -DNDEBUG -Wall -fPIC  -c `echo /home/builder/build/src/tcl9.0.1/pkgs/thread3.0.1/generic/threadSvCmd.c` -o threadSvCmd.o
clang -DPACKAGE_NAME=\"thread\" -DPACKAGE_TARNAME=\"thread\" -DPACKAGE_VERSION=\"3.0.1\" -DPACKAGE_STRING=\"thread\ 3.0.1\" -DPACKAGE_BUGREPORT=\"\" -DPACKAGE_URL=\"\" -DBUILD_thread=/\*\*/ -DHAVE_STDIO_H=1 -DHAVE_STDLIB_H=1 -DHAVE_STRING_H=1 -DHAVE_INTTYPES_H=1 -DHAVE_STDINT_H=1 -DHAVE_STRINGS_H=1 -DHAVE_SYS_STAT_H=1 -DHAVE_SYS_TYPES_H=1 -DHAVE_UNISTD_H=1 -DSTDC_HEADERS=1 -DUSE_THREAD_ALLOC=1 -D_REENTRANT=1 -D_THREAD_SAFE=1 -DTCL_THREADS=1 -DUSE_TCL_STUBS=1 -DUSE_TCLOO_STUBS=1 -DMODULE_SCOPE=extern\ __attribute__\(\(__visibility__\(\"hidden\"\)\)\) -DHAVE_HIDDEN=1 -DHAVE_CAST_TO_UNION=1 -DHAVE_STDBOOL_H=1 -DTCL_WIDE_INT_IS_LONG=1 -DTCL_CFG_OPTIMIZED=1 -DUSE_TCL_STUBS=1 -DZIPFS_BUILD=1  -I"/home/builder/build/src/tcl9.0.1/generic" -I.    -O2 -fomit-frame-pointer -DNDEBUG -Wall -fPIC -march=x86-64-v3 -O2 -pipe -fno-plt -fexceptions         -Wp,-D_FORTIFY_SOURCE=3 -fstack-clash-protection -fcf-protection -pipe -m64 -O2 -fomit-frame-pointer -DNDEBUG -Wall -fPIC  -c `echo /home/builder/build/src/tcl9.0.1/pkgs/thread3.0.1/generic/threadSpCmd.c` -o threadSpCmd.o
clang -DPACKAGE_NAME=\"thread\" -DPACKAGE_TARNAME=\"thread\" -DPACKAGE_VERSION=\"3.0.1\" -DPACKAGE_STRING=\"thread\ 3.0.1\" -DPACKAGE_BUGREPORT=\"\" -DPACKAGE_URL=\"\" -DBUILD_thread=/\*\*/ -DHAVE_STDIO_H=1 -DHAVE_STDLIB_H=1 -DHAVE_STRING_H=1 -DHAVE_INTTYPES_H=1 -DHAVE_STDINT_H=1 -DHAVE_STRINGS_H=1 -DHAVE_SYS_STAT_H=1 -DHAVE_SYS_TYPES_H=1 -DHAVE_UNISTD_H=1 -DSTDC_HEADERS=1 -DUSE_THREAD_ALLOC=1 -D_REENTRANT=1 -D_THREAD_SAFE=1 -DTCL_THREADS=1 -DUSE_TCL_STUBS=1 -DUSE_TCLOO_STUBS=1 -DMODULE_SCOPE=extern\ __attribute__\(\(__visibility__\(\"hidden\"\)\)\) -DHAVE_HIDDEN=1 -DHAVE_CAST_TO_UNION=1 -DHAVE_STDBOOL_H=1 -DTCL_WIDE_INT_IS_LONG=1 -DTCL_CFG_OPTIMIZED=1 -DUSE_TCL_STUBS=1 -DZIPFS_BUILD=1  -I"/home/builder/build/src/tcl9.0.1/generic" -I.    -O2 -fomit-frame-pointer -DNDEBUG -Wall -fPIC -march=x86-64-v3 -O2 -pipe -fno-plt -fexceptions         -Wp,-D_FORTIFY_SOURCE=3 -fstack-clash-protection -fcf-protection -pipe -m64 -O2 -fomit-frame-pointer -DNDEBUG -Wall -fPIC  -c `echo /home/builder/build/src/tcl9.0.1/pkgs/thread3.0.1/generic/threadPoolCmd.c` -o threadPoolCmd.o
clang -DPACKAGE_NAME=\"thread\" -DPACKAGE_TARNAME=\"thread\" -DPACKAGE_VERSION=\"3.0.1\" -DPACKAGE_STRING=\"thread\ 3.0.1\" -DPACKAGE_BUGREPORT=\"\" -DPACKAGE_URL=\"\" -DBUILD_thread=/\*\*/ -DHAVE_STDIO_H=1 -DHAVE_STDLIB_H=1 -DHAVE_STRING_H=1 -DHAVE_INTTYPES_H=1 -DHAVE_STDINT_H=1 -DHAVE_STRINGS_H=1 -DHAVE_SYS_STAT_H=1 -DHAVE_SYS_TYPES_H=1 -DHAVE_UNISTD_H=1 -DSTDC_HEADERS=1 -DUSE_THREAD_ALLOC=1 -D_REENTRANT=1 -D_THREAD_SAFE=1 -DTCL_THREADS=1 -DUSE_TCL_STUBS=1 -DUSE_TCLOO_STUBS=1 -DMODULE_SCOPE=extern\ __attribute__\(\(__visibility__\(\"hidden\"\)\)\) -DHAVE_HIDDEN=1 -DHAVE_CAST_TO_UNION=1 -DHAVE_STDBOOL_H=1 -DTCL_WIDE_INT_IS_LONG=1 -DTCL_CFG_OPTIMIZED=1 -DUSE_TCL_STUBS=1 -DZIPFS_BUILD=1  -I"/home/builder/build/src/tcl9.0.1/generic" -I.    -O2 -fomit-frame-pointer -DNDEBUG -Wall -fPIC -march=x86-64-v3 -O2 -pipe -fno-plt -fexceptions         -Wp,-D_FORTIFY_SOURCE=3 -fstack-clash-protection -fcf-protection -pipe -m64 -O2 -fomit-frame-pointer -DNDEBUG -Wall -fPIC  -c `echo /home/builder/build/src/tcl9.0.1/pkgs/thread3.0.1/generic/psGdbm.c` -o psGdbm.o
clang -DPACKAGE_NAME=\"thread\" -DPACKAGE_TARNAME=\"thread\" -DPACKAGE_VERSION=\"3.0.1\" -DPACKAGE_STRING=\"thread\ 3.0.1\" -DPACKAGE_BUGREPORT=\"\" -DPACKAGE_URL=\"\" -DBUILD_thread=/\*\*/ -DHAVE_STDIO_H=1 -DHAVE_STDLIB_H=1 -DHAVE_STRING_H=1 -DHAVE_INTTYPES_H=1 -DHAVE_STDINT_H=1 -DHAVE_STRINGS_H=1 -DHAVE_SYS_STAT_H=1 -DHAVE_SYS_TYPES_H=1 -DHAVE_UNISTD_H=1 -DSTDC_HEADERS=1 -DUSE_THREAD_ALLOC=1 -D_REENTRANT=1 -D_THREAD_SAFE=1 -DTCL_THREADS=1 -DUSE_TCL_STUBS=1 -DUSE_TCLOO_STUBS=1 -DMODULE_SCOPE=extern\ __attribute__\(\(__visibility__\(\"hidden\"\)\)\) -DHAVE_HIDDEN=1 -DHAVE_CAST_TO_UNION=1 -DHAVE_STDBOOL_H=1 -DTCL_WIDE_INT_IS_LONG=1 -DTCL_CFG_OPTIMIZED=1 -DUSE_TCL_STUBS=1 -DZIPFS_BUILD=1  -I"/home/builder/build/src/tcl9.0.1/generic" -I.    -O2 -fomit-frame-pointer -DNDEBUG -Wall -fPIC -march=x86-64-v3 -O2 -pipe -fno-plt -fexceptions         -Wp,-D_FORTIFY_SOURCE=3 -fstack-clash-protection -fcf-protection -pipe -m64 -O2 -fomit-frame-pointer -DNDEBUG -Wall -fPIC  -c `echo /home/builder/build/src/tcl9.0.1/pkgs/thread3.0.1/generic/psLmdb.c` -o psLmdb.o
clang -DPACKAGE_NAME=\"thread\" -DPACKAGE_TARNAME=\"thread\" -DPACKAGE_VERSION=\"3.0.1\" -DPACKAGE_STRING=\"thread\ 3.0.1\" -DPACKAGE_BUGREPORT=\"\" -DPACKAGE_URL=\"\" -DBUILD_thread=/\*\*/ -DHAVE_STDIO_H=1 -DHAVE_STDLIB_H=1 -DHAVE_STRING_H=1 -DHAVE_INTTYPES_H=1 -DHAVE_STDINT_H=1 -DHAVE_STRINGS_H=1 -DHAVE_SYS_STAT_H=1 -DHAVE_SYS_TYPES_H=1 -DHAVE_UNISTD_H=1 -DSTDC_HEADERS=1 -DUSE_THREAD_ALLOC=1 -D_REENTRANT=1 -D_THREAD_SAFE=1 -DTCL_THREADS=1 -DUSE_TCL_STUBS=1 -DUSE_TCLOO_STUBS=1 -DMODULE_SCOPE=extern\ __attribute__\(\(__visibility__\(\"hidden\"\)\)\) -DHAVE_HIDDEN=1 -DHAVE_CAST_TO_UNION=1 -DHAVE_STDBOOL_H=1 -DTCL_WIDE_INT_IS_LONG=1 -DTCL_CFG_OPTIMIZED=1 -DUSE_TCL_STUBS=1 -DZIPFS_BUILD=1  -I"/home/builder/build/src/tcl9.0.1/generic" -I.    -O2 -fomit-frame-pointer -DNDEBUG -Wall -fPIC -march=x86-64-v3 -O2 -pipe -fno-plt -fexceptions         -Wp,-D_FORTIFY_SOURCE=3 -fstack-clash-protection -fcf-protection -pipe -m64 -O2 -fomit-frame-pointer -DNDEBUG -Wall -fPIC  -c `echo /home/builder/build/src/tcl9.0.1/pkgs/thread3.0.1/generic/threadSvListCmd.c` -o threadSvListCmd.o
clang -DPACKAGE_NAME=\"thread\" -DPACKAGE_TARNAME=\"thread\" -DPACKAGE_VERSION=\"3.0.1\" -DPACKAGE_STRING=\"thread\ 3.0.1\" -DPACKAGE_BUGREPORT=\"\" -DPACKAGE_URL=\"\" -DBUILD_thread=/\*\*/ -DHAVE_STDIO_H=1 -DHAVE_STDLIB_H=1 -DHAVE_STRING_H=1 -DHAVE_INTTYPES_H=1 -DHAVE_STDINT_H=1 -DHAVE_STRINGS_H=1 -DHAVE_SYS_STAT_H=1 -DHAVE_SYS_TYPES_H=1 -DHAVE_UNISTD_H=1 -DSTDC_HEADERS=1 -DUSE_THREAD_ALLOC=1 -D_REENTRANT=1 -D_THREAD_SAFE=1 -DTCL_THREADS=1 -DUSE_TCL_STUBS=1 -DUSE_TCLOO_STUBS=1 -DMODULE_SCOPE=extern\ __attribute__\(\(__visibility__\(\"hidden\"\)\)\) -DHAVE_HIDDEN=1 -DHAVE_CAST_TO_UNION=1 -DHAVE_STDBOOL_H=1 -DTCL_WIDE_INT_IS_LONG=1 -DTCL_CFG_OPTIMIZED=1 -DUSE_TCL_STUBS=1 -DZIPFS_BUILD=1  -I"/home/builder/build/src/tcl9.0.1/generic" -I.    -O2 -fomit-frame-pointer -DNDEBUG -Wall -fPIC -march=x86-64-v3 -O2 -pipe -fno-plt -fexceptions         -Wp,-D_FORTIFY_SOURCE=3 -fstack-clash-protection -fcf-protection -pipe -m64 -O2 -fomit-frame-pointer -DNDEBUG -Wall -fPIC  -c `echo /home/builder/build/src/tcl9.0.1/pkgs/thread3.0.1/generic/threadSvKeylistCmd.c` -o threadSvKeylistCmd.o
clang -DPACKAGE_NAME=\"thread\" -DPACKAGE_TARNAME=\"thread\" -DPACKAGE_VERSION=\"3.0.1\" -DPACKAGE_STRING=\"thread\ 3.0.1\" -DPACKAGE_BUGREPORT=\"\" -DPACKAGE_URL=\"\" -DBUILD_thread=/\*\*/ -DHAVE_STDIO_H=1 -DHAVE_STDLIB_H=1 -DHAVE_STRING_H=1 -DHAVE_INTTYPES_H=1 -DHAVE_STDINT_H=1 -DHAVE_STRINGS_H=1 -DHAVE_SYS_STAT_H=1 -DHAVE_SYS_TYPES_H=1 -DHAVE_UNISTD_H=1 -DSTDC_HEADERS=1 -DUSE_THREAD_ALLOC=1 -D_REENTRANT=1 -D_THREAD_SAFE=1 -DTCL_THREADS=1 -DUSE_TCL_STUBS=1 -DUSE_TCLOO_STUBS=1 -DMODULE_SCOPE=extern\ __attribute__\(\(__visibility__\(\"hidden\"\)\)\) -DHAVE_HIDDEN=1 -DHAVE_CAST_TO_UNION=1 -DHAVE_STDBOOL_H=1 -DTCL_WIDE_INT_IS_LONG=1 -DTCL_CFG_OPTIMIZED=1 -DUSE_TCL_STUBS=1 -DZIPFS_BUILD=1  -I"/home/builder/build/src/tcl9.0.1/generic" -I.    -O2 -fomit-frame-pointer -DNDEBUG -Wall -fPIC -march=x86-64-v3 -O2 -pipe -fno-plt -fexceptions         -Wp,-D_FORTIFY_SOURCE=3 -fstack-clash-protection -fcf-protection -pipe -m64 -O2 -fomit-frame-pointer -DNDEBUG -Wall -fPIC  -c `echo /home/builder/build/src/tcl9.0.1/pkgs/thread3.0.1/generic/tclXkeylist.c` -o tclXkeylist.o
clang -DPACKAGE_NAME=\"thread\" -DPACKAGE_TARNAME=\"thread\" -DPACKAGE_VERSION=\"3.0.1\" -DPACKAGE_STRING=\"thread\ 3.0.1\" -DPACKAGE_BUGREPORT=\"\" -DPACKAGE_URL=\"\" -DBUILD_thread=/\*\*/ -DHAVE_STDIO_H=1 -DHAVE_STDLIB_H=1 -DHAVE_STRING_H=1 -DHAVE_INTTYPES_H=1 -DHAVE_STDINT_H=1 -DHAVE_STRINGS_H=1 -DHAVE_SYS_STAT_H=1 -DHAVE_SYS_TYPES_H=1 -DHAVE_UNISTD_H=1 -DSTDC_HEADERS=1 -DUSE_THREAD_ALLOC=1 -D_REENTRANT=1 -D_THREAD_SAFE=1 -DTCL_THREADS=1 -DUSE_TCL_STUBS=1 -DUSE_TCLOO_STUBS=1 -DMODULE_SCOPE=extern\ __attribute__\(\(__visibility__\(\"hidden\"\)\)\) -DHAVE_HIDDEN=1 -DHAVE_CAST_TO_UNION=1 -DHAVE_STDBOOL_H=1 -DTCL_WIDE_INT_IS_LONG=1 -DTCL_CFG_OPTIMIZED=1 -DUSE_TCL_STUBS=1 -DZIPFS_BUILD=1  -I"/home/builder/build/src/tcl9.0.1/generic" -I.    -O2 -fomit-frame-pointer -DNDEBUG -Wall -fPIC -march=x86-64-v3 -O2 -pipe -fno-plt -fexceptions         -Wp,-D_FORTIFY_SOURCE=3 -fstack-clash-protection -fcf-protection -pipe -m64 -O2 -fomit-frame-pointer -DNDEBUG -Wall -fPIC  -c `echo /home/builder/build/src/tcl9.0.1/pkgs/thread3.0.1/unix/threadUnix.c` -o threadUnix.o
creating libthread.vfs/thread_library (prepare compression)
creating libthread3.0.1.zip from libthread.vfs/thread_library
rm -f libtcl9thread3.0.1.so
clang -march=x86-64-v3 -O2 -pipe -fno-plt -fexceptions         -Wp,-D_FORTIFY_SOURCE=3 -fstack-clash-protection -fcf-protection -pipe -m64 -O2 -fomit-frame-pointer -DNDEBUG -Wall -fPIC   -shared -Wl,-O1 -Wl,--sort-common -Wl,--as-needed -Wl,-z,relro -Wl,-z,now -Wl,--undefined-version -Wl,--hash-style=gnu -Wl,--compress-debug-sections=zstd -Wl,--export-dynamic   -o libtcl9thread3.0.1.so threadNs.o threadCmd.o threadSvCmd.o threadSpCmd.o threadPoolCmd.o psGdbm.o psLmdb.o threadSvListCmd.o threadSvKeylistCmd.o tclXkeylist.o threadUnix.o  -L/home/builder/build/src/tcl9.0.1/unix -ltclstub 
make[1]: Leaving directory '/home/builder/build/src/tcl9.0.1/unix/pkgs8/thread3.0.1'
Building package 'thread3.0.1'
make[1]: Entering directory '/home/builder/build/src/tcl9.0.1/unix/pkgs/thread3.0.1'
clang -DPACKAGE_NAME=\"thread\" -DPACKAGE_TARNAME=\"thread\" -DPACKAGE_VERSION=\"3.0.1\" -DPACKAGE_STRING=\"thread\ 3.0.1\" -DPACKAGE_BUGREPORT=\"\" -DPACKAGE_URL=\"\" -DBUILD_thread=/\*\*/ -DHAVE_STDIO_H=1 -DHAVE_STDLIB_H=1 -DHAVE_STRING_H=1 -DHAVE_INTTYPES_H=1 -DHAVE_STDINT_H=1 -DHAVE_STRINGS_H=1 -DHAVE_SYS_STAT_H=1 -DHAVE_SYS_TYPES_H=1 -DHAVE_UNISTD_H=1 -DSTDC_HEADERS=1 -DUSE_THREAD_ALLOC=1 -D_REENTRANT=1 -D_THREAD_SAFE=1 -DTCL_THREADS=1 -DUSE_TCL_STUBS=1 -DUSE_TCLOO_STUBS=1 -DMODULE_SCOPE=extern\ __attribute__\(\(__visibility__\(\"hidden\"\)\)\) -DHAVE_HIDDEN=1 -DHAVE_CAST_TO_UNION=1 -DHAVE_STDBOOL_H=1 -DTCL_WIDE_INT_IS_LONG=1 -DTCL_CFG_OPTIMIZED=1 -DUSE_TCL_STUBS=1 -DZIPFS_BUILD=1  -I"/home/builder/build/src/tcl9.0.1/generic" -I.    -O2 -fomit-frame-pointer -DNDEBUG -Wall -fPIC -march=x86-64-v3 -O2 -pipe -fno-plt -fexceptions         -Wp,-D_FORTIFY_SOURCE=3 -fstack-clash-protection -fcf-protection -pipe -m64 -O2 -fomit-frame-pointer -DNDEBUG -Wall -fPIC  -c `echo /home/builder/build/src/tcl9.0.1/pkgs/thread3.0.1/generic/threadNs.c` -o threadNs.o
echo "#define THREAD_VERSION_UUID \\" >threadUuid.h
cat /home/builder/build/src/tcl9.0.1/pkgs/thread3.0.1/manifest.uuid >>threadUuid.h
echo "" >>threadUuid.h
clang -DPACKAGE_NAME=\"thread\" -DPACKAGE_TARNAME=\"thread\" -DPACKAGE_VERSION=\"3.0.1\" -DPACKAGE_STRING=\"thread\ 3.0.1\" -DPACKAGE_BUGREPORT=\"\" -DPACKAGE_URL=\"\" -DBUILD_thread=/\*\*/ -DHAVE_STDIO_H=1 -DHAVE_STDLIB_H=1 -DHAVE_STRING_H=1 -DHAVE_INTTYPES_H=1 -DHAVE_STDINT_H=1 -DHAVE_STRINGS_H=1 -DHAVE_SYS_STAT_H=1 -DHAVE_SYS_TYPES_H=1 -DHAVE_UNISTD_H=1 -DSTDC_HEADERS=1 -DUSE_THREAD_ALLOC=1 -D_REENTRANT=1 -D_THREAD_SAFE=1 -DTCL_THREADS=1 -DUSE_TCL_STUBS=1 -DUSE_TCLOO_STUBS=1 -DMODULE_SCOPE=extern\ __attribute__\(\(__visibility__\(\"hidden\"\)\)\) -DHAVE_HIDDEN=1 -DHAVE_CAST_TO_UNION=1 -DHAVE_STDBOOL_H=1 -DTCL_WIDE_INT_IS_LONG=1 -DTCL_CFG_OPTIMIZED=1 -DUSE_TCL_STUBS=1 -DZIPFS_BUILD=1  -I"/home/builder/build/src/tcl9.0.1/generic" -I.    -O2 -fomit-frame-pointer -DNDEBUG -Wall -fPIC -march=x86-64-v3 -O2 -pipe -fno-plt -fexceptions         -Wp,-D_FORTIFY_SOURCE=3 -fstack-clash-protection -fcf-protection -pipe -m64 -O2 -fomit-frame-pointer -DNDEBUG -Wall -fPIC  -c `echo /home/builder/build/src/tcl9.0.1/pkgs/thread3.0.1/generic/threadCmd.c` -o threadCmd.o
clang -DPACKAGE_NAME=\"thread\" -DPACKAGE_TARNAME=\"thread\" -DPACKAGE_VERSION=\"3.0.1\" -DPACKAGE_STRING=\"thread\ 3.0.1\" -DPACKAGE_BUGREPORT=\"\" -DPACKAGE_URL=\"\" -DBUILD_thread=/\*\*/ -DHAVE_STDIO_H=1 -DHAVE_STDLIB_H=1 -DHAVE_STRING_H=1 -DHAVE_INTTYPES_H=1 -DHAVE_STDINT_H=1 -DHAVE_STRINGS_H=1 -DHAVE_SYS_STAT_H=1 -DHAVE_SYS_TYPES_H=1 -DHAVE_UNISTD_H=1 -DSTDC_HEADERS=1 -DUSE_THREAD_ALLOC=1 -D_REENTRANT=1 -D_THREAD_SAFE=1 -DTCL_THREADS=1 -DUSE_TCL_STUBS=1 -DUSE_TCLOO_STUBS=1 -DMODULE_SCOPE=extern\ __attribute__\(\(__visibility__\(\"hidden\"\)\)\) -DHAVE_HIDDEN=1 -DHAVE_CAST_TO_UNION=1 -DHAVE_STDBOOL_H=1 -DTCL_WIDE_INT_IS_LONG=1 -DTCL_CFG_OPTIMIZED=1 -DUSE_TCL_STUBS=1 -DZIPFS_BUILD=1  -I"/home/builder/build/src/tcl9.0.1/generic" -I.    -O2 -fomit-frame-pointer -DNDEBUG -Wall -fPIC -march=x86-64-v3 -O2 -pipe -fno-plt -fexceptions         -Wp,-D_FORTIFY_SOURCE=3 -fstack-clash-protection -fcf-protection -pipe -m64 -O2 -fomit-frame-pointer -DNDEBUG -Wall -fPIC  -c `echo /home/builder/build/src/tcl9.0.1/pkgs/thread3.0.1/generic/threadSvCmd.c` -o threadSvCmd.o
clang -DPACKAGE_NAME=\"thread\" -DPACKAGE_TARNAME=\"thread\" -DPACKAGE_VERSION=\"3.0.1\" -DPACKAGE_STRING=\"thread\ 3.0.1\" -DPACKAGE_BUGREPORT=\"\" -DPACKAGE_URL=\"\" -DBUILD_thread=/\*\*/ -DHAVE_STDIO_H=1 -DHAVE_STDLIB_H=1 -DHAVE_STRING_H=1 -DHAVE_INTTYPES_H=1 -DHAVE_STDINT_H=1 -DHAVE_STRINGS_H=1 -DHAVE_SYS_STAT_H=1 -DHAVE_SYS_TYPES_H=1 -DHAVE_UNISTD_H=1 -DSTDC_HEADERS=1 -DUSE_THREAD_ALLOC=1 -D_REENTRANT=1 -D_THREAD_SAFE=1 -DTCL_THREADS=1 -DUSE_TCL_STUBS=1 -DUSE_TCLOO_STUBS=1 -DMODULE_SCOPE=extern\ __attribute__\(\(__visibility__\(\"hidden\"\)\)\) -DHAVE_HIDDEN=1 -DHAVE_CAST_TO_UNION=1 -DHAVE_STDBOOL_H=1 -DTCL_WIDE_INT_IS_LONG=1 -DTCL_CFG_OPTIMIZED=1 -DUSE_TCL_STUBS=1 -DZIPFS_BUILD=1  -I"/home/builder/build/src/tcl9.0.1/generic" -I.    -O2 -fomit-frame-pointer -DNDEBUG -Wall -fPIC -march=x86-64-v3 -O2 -pipe -fno-plt -fexceptions         -Wp,-D_FORTIFY_SOURCE=3 -fstack-clash-protection -fcf-protection -pipe -m64 -O2 -fomit-frame-pointer -DNDEBUG -Wall -fPIC  -c `echo /home/builder/build/src/tcl9.0.1/pkgs/thread3.0.1/generic/threadSpCmd.c` -o threadSpCmd.o
clang -DPACKAGE_NAME=\"thread\" -DPACKAGE_TARNAME=\"thread\" -DPACKAGE_VERSION=\"3.0.1\" -DPACKAGE_STRING=\"thread\ 3.0.1\" -DPACKAGE_BUGREPORT=\"\" -DPACKAGE_URL=\"\" -DBUILD_thread=/\*\*/ -DHAVE_STDIO_H=1 -DHAVE_STDLIB_H=1 -DHAVE_STRING_H=1 -DHAVE_INTTYPES_H=1 -DHAVE_STDINT_H=1 -DHAVE_STRINGS_H=1 -DHAVE_SYS_STAT_H=1 -DHAVE_SYS_TYPES_H=1 -DHAVE_UNISTD_H=1 -DSTDC_HEADERS=1 -DUSE_THREAD_ALLOC=1 -D_REENTRANT=1 -D_THREAD_SAFE=1 -DTCL_THREADS=1 -DUSE_TCL_STUBS=1 -DUSE_TCLOO_STUBS=1 -DMODULE_SCOPE=extern\ __attribute__\(\(__visibility__\(\"hidden\"\)\)\) -DHAVE_HIDDEN=1 -DHAVE_CAST_TO_UNION=1 -DHAVE_STDBOOL_H=1 -DTCL_WIDE_INT_IS_LONG=1 -DTCL_CFG_OPTIMIZED=1 -DUSE_TCL_STUBS=1 -DZIPFS_BUILD=1  -I"/home/builder/build/src/tcl9.0.1/generic" -I.    -O2 -fomit-frame-pointer -DNDEBUG -Wall -fPIC -march=x86-64-v3 -O2 -pipe -fno-plt -fexceptions         -Wp,-D_FORTIFY_SOURCE=3 -fstack-clash-protection -fcf-protection -pipe -m64 -O2 -fomit-frame-pointer -DNDEBUG -Wall -fPIC  -c `echo /home/builder/build/src/tcl9.0.1/pkgs/thread3.0.1/generic/threadPoolCmd.c` -o threadPoolCmd.o
clang -DPACKAGE_NAME=\"thread\" -DPACKAGE_TARNAME=\"thread\" -DPACKAGE_VERSION=\"3.0.1\" -DPACKAGE_STRING=\"thread\ 3.0.1\" -DPACKAGE_BUGREPORT=\"\" -DPACKAGE_URL=\"\" -DBUILD_thread=/\*\*/ -DHAVE_STDIO_H=1 -DHAVE_STDLIB_H=1 -DHAVE_STRING_H=1 -DHAVE_INTTYPES_H=1 -DHAVE_STDINT_H=1 -DHAVE_STRINGS_H=1 -DHAVE_SYS_STAT_H=1 -DHAVE_SYS_TYPES_H=1 -DHAVE_UNISTD_H=1 -DSTDC_HEADERS=1 -DUSE_THREAD_ALLOC=1 -D_REENTRANT=1 -D_THREAD_SAFE=1 -DTCL_THREADS=1 -DUSE_TCL_STUBS=1 -DUSE_TCLOO_STUBS=1 -DMODULE_SCOPE=extern\ __attribute__\(\(__visibility__\(\"hidden\"\)\)\) -DHAVE_HIDDEN=1 -DHAVE_CAST_TO_UNION=1 -DHAVE_STDBOOL_H=1 -DTCL_WIDE_INT_IS_LONG=1 -DTCL_CFG_OPTIMIZED=1 -DUSE_TCL_STUBS=1 -DZIPFS_BUILD=1  -I"/home/builder/build/src/tcl9.0.1/generic" -I.    -O2 -fomit-frame-pointer -DNDEBUG -Wall -fPIC -march=x86-64-v3 -O2 -pipe -fno-plt -fexceptions         -Wp,-D_FORTIFY_SOURCE=3 -fstack-clash-protection -fcf-protection -pipe -m64 -O2 -fomit-frame-pointer -DNDEBUG -Wall -fPIC  -c `echo /home/builder/build/src/tcl9.0.1/pkgs/thread3.0.1/generic/psGdbm.c` -o psGdbm.o
clang -DPACKAGE_NAME=\"thread\" -DPACKAGE_TARNAME=\"thread\" -DPACKAGE_VERSION=\"3.0.1\" -DPACKAGE_STRING=\"thread\ 3.0.1\" -DPACKAGE_BUGREPORT=\"\" -DPACKAGE_URL=\"\" -DBUILD_thread=/\*\*/ -DHAVE_STDIO_H=1 -DHAVE_STDLIB_H=1 -DHAVE_STRING_H=1 -DHAVE_INTTYPES_H=1 -DHAVE_STDINT_H=1 -DHAVE_STRINGS_H=1 -DHAVE_SYS_STAT_H=1 -DHAVE_SYS_TYPES_H=1 -DHAVE_UNISTD_H=1 -DSTDC_HEADERS=1 -DUSE_THREAD_ALLOC=1 -D_REENTRANT=1 -D_THREAD_SAFE=1 -DTCL_THREADS=1 -DUSE_TCL_STUBS=1 -DUSE_TCLOO_STUBS=1 -DMODULE_SCOPE=extern\ __attribute__\(\(__visibility__\(\"hidden\"\)\)\) -DHAVE_HIDDEN=1 -DHAVE_CAST_TO_UNION=1 -DHAVE_STDBOOL_H=1 -DTCL_WIDE_INT_IS_LONG=1 -DTCL_CFG_OPTIMIZED=1 -DUSE_TCL_STUBS=1 -DZIPFS_BUILD=1  -I"/home/builder/build/src/tcl9.0.1/generic" -I.    -O2 -fomit-frame-pointer -DNDEBUG -Wall -fPIC -march=x86-64-v3 -O2 -pipe -fno-plt -fexceptions         -Wp,-D_FORTIFY_SOURCE=3 -fstack-clash-protection -fcf-protection -pipe -m64 -O2 -fomit-frame-pointer -DNDEBUG -Wall -fPIC  -c `echo /home/builder/build/src/tcl9.0.1/pkgs/thread3.0.1/generic/psLmdb.c` -o psLmdb.o
clang -DPACKAGE_NAME=\"thread\" -DPACKAGE_TARNAME=\"thread\" -DPACKAGE_VERSION=\"3.0.1\" -DPACKAGE_STRING=\"thread\ 3.0.1\" -DPACKAGE_BUGREPORT=\"\" -DPACKAGE_URL=\"\" -DBUILD_thread=/\*\*/ -DHAVE_STDIO_H=1 -DHAVE_STDLIB_H=1 -DHAVE_STRING_H=1 -DHAVE_INTTYPES_H=1 -DHAVE_STDINT_H=1 -DHAVE_STRINGS_H=1 -DHAVE_SYS_STAT_H=1 -DHAVE_SYS_TYPES_H=1 -DHAVE_UNISTD_H=1 -DSTDC_HEADERS=1 -DUSE_THREAD_ALLOC=1 -D_REENTRANT=1 -D_THREAD_SAFE=1 -DTCL_THREADS=1 -DUSE_TCL_STUBS=1 -DUSE_TCLOO_STUBS=1 -DMODULE_SCOPE=extern\ __attribute__\(\(__visibility__\(\"hidden\"\)\)\) -DHAVE_HIDDEN=1 -DHAVE_CAST_TO_UNION=1 -DHAVE_STDBOOL_H=1 -DTCL_WIDE_INT_IS_LONG=1 -DTCL_CFG_OPTIMIZED=1 -DUSE_TCL_STUBS=1 -DZIPFS_BUILD=1  -I"/home/builder/build/src/tcl9.0.1/generic" -I.    -O2 -fomit-frame-pointer -DNDEBUG -Wall -fPIC -march=x86-64-v3 -O2 -pipe -fno-plt -fexceptions         -Wp,-D_FORTIFY_SOURCE=3 -fstack-clash-protection -fcf-protection -pipe -m64 -O2 -fomit-frame-pointer -DNDEBUG -Wall -fPIC  -c `echo /home/builder/build/src/tcl9.0.1/pkgs/thread3.0.1/generic/threadSvListCmd.c` -o threadSvListCmd.o
clang -DPACKAGE_NAME=\"thread\" -DPACKAGE_TARNAME=\"thread\" -DPACKAGE_VERSION=\"3.0.1\" -DPACKAGE_STRING=\"thread\ 3.0.1\" -DPACKAGE_BUGREPORT=\"\" -DPACKAGE_URL=\"\" -DBUILD_thread=/\*\*/ -DHAVE_STDIO_H=1 -DHAVE_STDLIB_H=1 -DHAVE_STRING_H=1 -DHAVE_INTTYPES_H=1 -DHAVE_STDINT_H=1 -DHAVE_STRINGS_H=1 -DHAVE_SYS_STAT_H=1 -DHAVE_SYS_TYPES_H=1 -DHAVE_UNISTD_H=1 -DSTDC_HEADERS=1 -DUSE_THREAD_ALLOC=1 -D_REENTRANT=1 -D_THREAD_SAFE=1 -DTCL_THREADS=1 -DUSE_TCL_STUBS=1 -DUSE_TCLOO_STUBS=1 -DMODULE_SCOPE=extern\ __attribute__\(\(__visibility__\(\"hidden\"\)\)\) -DHAVE_HIDDEN=1 -DHAVE_CAST_TO_UNION=1 -DHAVE_STDBOOL_H=1 -DTCL_WIDE_INT_IS_LONG=1 -DTCL_CFG_OPTIMIZED=1 -DUSE_TCL_STUBS=1 -DZIPFS_BUILD=1  -I"/home/builder/build/src/tcl9.0.1/generic" -I.    -O2 -fomit-frame-pointer -DNDEBUG -Wall -fPIC -march=x86-64-v3 -O2 -pipe -fno-plt -fexceptions         -Wp,-D_FORTIFY_SOURCE=3 -fstack-clash-protection -fcf-protection -pipe -m64 -O2 -fomit-frame-pointer -DNDEBUG -Wall -fPIC  -c `echo /home/builder/build/src/tcl9.0.1/pkgs/thread3.0.1/generic/threadSvKeylistCmd.c` -o threadSvKeylistCmd.o
clang -DPACKAGE_NAME=\"thread\" -DPACKAGE_TARNAME=\"thread\" -DPACKAGE_VERSION=\"3.0.1\" -DPACKAGE_STRING=\"thread\ 3.0.1\" -DPACKAGE_BUGREPORT=\"\" -DPACKAGE_URL=\"\" -DBUILD_thread=/\*\*/ -DHAVE_STDIO_H=1 -DHAVE_STDLIB_H=1 -DHAVE_STRING_H=1 -DHAVE_INTTYPES_H=1 -DHAVE_STDINT_H=1 -DHAVE_STRINGS_H=1 -DHAVE_SYS_STAT_H=1 -DHAVE_SYS_TYPES_H=1 -DHAVE_UNISTD_H=1 -DSTDC_HEADERS=1 -DUSE_THREAD_ALLOC=1 -D_REENTRANT=1 -D_THREAD_SAFE=1 -DTCL_THREADS=1 -DUSE_TCL_STUBS=1 -DUSE_TCLOO_STUBS=1 -DMODULE_SCOPE=extern\ __attribute__\(\(__visibility__\(\"hidden\"\)\)\) -DHAVE_HIDDEN=1 -DHAVE_CAST_TO_UNION=1 -DHAVE_STDBOOL_H=1 -DTCL_WIDE_INT_IS_LONG=1 -DTCL_CFG_OPTIMIZED=1 -DUSE_TCL_STUBS=1 -DZIPFS_BUILD=1  -I"/home/builder/build/src/tcl9.0.1/generic" -I.    -O2 -fomit-frame-pointer -DNDEBUG -Wall -fPIC -march=x86-64-v3 -O2 -pipe -fno-plt -fexceptions         -Wp,-D_FORTIFY_SOURCE=3 -fstack-clash-protection -fcf-protection -pipe -m64 -O2 -fomit-frame-pointer -DNDEBUG -Wall -fPIC  -c `echo /home/builder/build/src/tcl9.0.1/pkgs/thread3.0.1/generic/tclXkeylist.c` -o tclXkeylist.o
clang -DPACKAGE_NAME=\"thread\" -DPACKAGE_TARNAME=\"thread\" -DPACKAGE_VERSION=\"3.0.1\" -DPACKAGE_STRING=\"thread\ 3.0.1\" -DPACKAGE_BUGREPORT=\"\" -DPACKAGE_URL=\"\" -DBUILD_thread=/\*\*/ -DHAVE_STDIO_H=1 -DHAVE_STDLIB_H=1 -DHAVE_STRING_H=1 -DHAVE_INTTYPES_H=1 -DHAVE_STDINT_H=1 -DHAVE_STRINGS_H=1 -DHAVE_SYS_STAT_H=1 -DHAVE_SYS_TYPES_H=1 -DHAVE_UNISTD_H=1 -DSTDC_HEADERS=1 -DUSE_THREAD_ALLOC=1 -D_REENTRANT=1 -D_THREAD_SAFE=1 -DTCL_THREADS=1 -DUSE_TCL_STUBS=1 -DUSE_TCLOO_STUBS=1 -DMODULE_SCOPE=extern\ __attribute__\(\(__visibility__\(\"hidden\"\)\)\) -DHAVE_HIDDEN=1 -DHAVE_CAST_TO_UNION=1 -DHAVE_STDBOOL_H=1 -DTCL_WIDE_INT_IS_LONG=1 -DTCL_CFG_OPTIMIZED=1 -DUSE_TCL_STUBS=1 -DZIPFS_BUILD=1  -I"/home/builder/build/src/tcl9.0.1/generic" -I.    -O2 -fomit-frame-pointer -DNDEBUG -Wall -fPIC -march=x86-64-v3 -O2 -pipe -fno-plt -fexceptions         -Wp,-D_FORTIFY_SOURCE=3 -fstack-clash-protection -fcf-protection -pipe -m64 -O2 -fomit-frame-pointer -DNDEBUG -Wall -fPIC  -c `echo /home/builder/build/src/tcl9.0.1/pkgs/thread3.0.1/unix/threadUnix.c` -o threadUnix.o
creating libthread.vfs/thread_library (prepare compression)
creating libthread3.0.1.zip from libthread.vfs/thread_library
rm -f libtcl9thread3.0.1.so
clang -march=x86-64-v3 -O2 -pipe -fno-plt -fexceptions         -Wp,-D_FORTIFY_SOURCE=3 -fstack-clash-protection -fcf-protection -pipe -m64 -O2 -fomit-frame-pointer -DNDEBUG -Wall -fPIC   -shared -Wl,-O1 -Wl,--sort-common -Wl,--as-needed -Wl,-z,relro -Wl,-z,now -Wl,--undefined-version -Wl,--hash-style=gnu -Wl,--compress-debug-sections=zstd -Wl,--export-dynamic   -o libtcl9thread3.0.1.so threadNs.o threadCmd.o threadSvCmd.o threadSpCmd.o threadPoolCmd.o psGdbm.o psLmdb.o threadSvListCmd.o threadSvKeylistCmd.o tclXkeylist.o threadUnix.o  -L/home/builder/build/src/tcl9.0.1/unix -ltclstub 
make[1]: Leaving directory '/home/builder/build/src/tcl9.0.1/unix/pkgs/thread3.0.1'
==> Entering fakeroot environment...
==> Starting package()...
Making directory /home/builder/build/pkg/tcl/usr/share/man
Making directory /home/builder/build/pkg/tcl/usr/lib
Making directory /home/builder/build/pkg/tcl/usr/include
Making directory /home/builder/build/pkg/tcl/usr/include
Configuring package 'itcl4.3.2'
Configuring package 'tdbc1.1.10'
Configuring package 'tdbcmysql1.1.10'
Making directory /home/builder/build/pkg/tcl/usr/bin
Making directory /home/builder/build/pkg/tcl/usr/share/man/man1
Installing header files to /home/builder/build/pkg/tcl/usr/include/
Installing private header files to /home/builder/build/pkg/tcl/usr/include/
Configuring package 'tdbcodbc1.1.10'
Configuring package 'tdbcpostgres1.1.10'
Configuring package 'tdbcsqlite3-1.1.10'
Making directory /home/builder/build/pkg/tcl/usr/share/man/man3
Installing libtcl9.0.so to /home/builder/build/pkg/tcl/usr/lib/
Configuring package 'thread3.0.1'
Building package 'itcl4.3.2' for Tcl 8
make[1]: Entering directory '/home/builder/build/src/tcl9.0.1/unix/pkgs8/itcl4.3.2'
make[1]: Nothing to be done for 'all'.
make[1]: Leaving directory '/home/builder/build/src/tcl9.0.1/unix/pkgs8/itcl4.3.2'
Building package 'itcl4.3.2'
Making directory /home/builder/build/pkg/tcl/usr/share/man/mann
Installing tclsh as /home/builder/build/pkg/tcl/usr/bin/tclsh9.0
make[1]: Entering directory '/home/builder/build/src/tcl9.0.1/unix/pkgs/itcl4.3.2'
make[1]: Nothing to be done for 'all'.
make[1]: Leaving directory '/home/builder/build/src/tcl9.0.1/unix/pkgs/itcl4.3.2'
Building package 'tdbc1.1.10' for Tcl 8
make[1]: Entering directory '/home/builder/build/src/tcl9.0.1/unix/pkgs8/tdbc1.1.10'
make[1]: Nothing to be done for 'all'.
make[1]: Leaving directory '/home/builder/build/src/tcl9.0.1/unix/pkgs8/tdbc1.1.10'
Building package 'tdbc1.1.10'
make[1]: Entering directory '/home/builder/build/src/tcl9.0.1/unix/pkgs/tdbc1.1.10'
make[1]: Nothing to be done for 'all'.
make[1]: Leaving directory '/home/builder/build/src/tcl9.0.1/unix/pkgs/tdbc1.1.10'
Building package 'tdbcmysql1.1.10' for Tcl 8
Installing tclConfig.sh to /home/builder/build/pkg/tcl/usr/lib/
make[1]: Entering directory '/home/builder/build/src/tcl9.0.1/unix/pkgs8/tdbcmysql1.1.10'
make[1]: Nothing to be done for 'all'.
make[1]: Leaving directory '/home/builder/build/src/tcl9.0.1/unix/pkgs8/tdbcmysql1.1.10'
Building package 'tdbcmysql1.1.10'
make[1]: Entering directory '/home/builder/build/src/tcl9.0.1/unix/pkgs/tdbcmysql1.1.10'
make[1]: Nothing to be done for 'all'.
make[1]: Leaving directory '/home/builder/build/src/tcl9.0.1/unix/pkgs/tdbcmysql1.1.10'
Installing and cross-linking top-level (.1) docs to /home/builder/build/pkg/tcl/usr/share/man/man1/
Building package 'tdbcodbc1.1.10' for Tcl 8
make[1]: Entering directory '/home/builder/build/src/tcl9.0.1/unix/pkgs8/tdbcodbc1.1.10'
make[1]: Nothing to be done for 'all'.
make[1]: Leaving directory '/home/builder/build/src/tcl9.0.1/unix/pkgs8/tdbcodbc1.1.10'
Building package 'tdbcodbc1.1.10'
make[1]: Entering directory '/home/builder/build/src/tcl9.0.1/unix/pkgs/tdbcodbc1.1.10'
make[1]: Nothing to be done for 'all'.
make[1]: Leaving directory '/home/builder/build/src/tcl9.0.1/unix/pkgs/tdbcodbc1.1.10'
Installing tclooConfig.sh to /home/builder/build/pkg/tcl/usr/lib/
Building package 'tdbcpostgres1.1.10' for Tcl 8
make[1]: Entering directory '/home/builder/build/src/tcl9.0.1/unix/pkgs8/tdbcpostgres1.1.10'
make[1]: Nothing to be done for 'all'.
make[1]: Leaving directory '/home/builder/build/src/tcl9.0.1/unix/pkgs8/tdbcpostgres1.1.10'
Building package 'tdbcpostgres1.1.10'
Installing and cross-linking C API (.3) docs to /home/builder/build/pkg/tcl/usr/share/man/man3/
make[1]: Entering directory '/home/builder/build/src/tcl9.0.1/unix/pkgs/tdbcpostgres1.1.10'
make[1]: Nothing to be done for 'all'.
make[1]: Leaving directory '/home/builder/build/src/tcl9.0.1/unix/pkgs/tdbcpostgres1.1.10'
Building package 'tdbcsqlite3-1.1.10' for Tcl 8
make[1]: Entering directory '/home/builder/build/src/tcl9.0.1/unix/pkgs8/tdbcsqlite3-1.1.10'
make[1]: Nothing to be done for 'all'.
make[1]: Leaving directory '/home/builder/build/src/tcl9.0.1/unix/pkgs8/tdbcsqlite3-1.1.10'
Building package 'tdbcsqlite3-1.1.10'
Installing libtclstub.a to /home/builder/build/pkg/tcl/usr/lib/
make[1]: Entering directory '/home/builder/build/src/tcl9.0.1/unix/pkgs/tdbcsqlite3-1.1.10'
make[1]: Nothing to be done for 'all'.
make[1]: Leaving directory '/home/builder/build/src/tcl9.0.1/unix/pkgs/tdbcsqlite3-1.1.10'
Building package 'thread3.0.1' for Tcl 8
make[1]: Entering directory '/home/builder/build/src/tcl9.0.1/unix/pkgs8/thread3.0.1'
make[1]: Nothing to be done for 'all'.
make[1]: Leaving directory '/home/builder/build/src/tcl9.0.1/unix/pkgs8/thread3.0.1'
Building package 'thread3.0.1'
make[1]: Entering directory '/home/builder/build/src/tcl9.0.1/unix/pkgs/thread3.0.1'
make[1]: Nothing to be done for 'all'.
make[1]: Leaving directory '/home/builder/build/src/tcl9.0.1/unix/pkgs/thread3.0.1'
Installing pkg-config file to /home/builder/build/pkg/tcl/usr/lib/pkgconfig/
Installing package 'itcl4.3.2' for Tcl 8
make[1]: Entering directory '/home/builder/build/src/tcl9.0.1/unix/pkgs8/itcl4.3.2'
Installing header files in /home/builder/build/pkg/tcl/usr/include
Installing documentation in /home/builder/build/pkg/tcl/usr/share/man
Installing /home/builder/build/src/tcl9.0.1/pkgs/itcl4.3.2/generic/itcl.h
Installing body.n
Installing /home/builder/build/src/tcl9.0.1/pkgs/itcl4.3.2/generic/itclDecls.h
 /bin/sh /home/builder/build/src/tcl9.0.1/pkgs/itcl4.3.2/tclconfig/install-sh -c  -m 644 libitcl4.3.2.so /home/builder/build/pkg/tcl/usr/lib/itcl4.3.2/libitcl4.3.2.so
Installing /home/builder/build/src/tcl9.0.1/pkgs/itcl4.3.2/generic/itclInt.h
Installing class.n
 /bin/sh /home/builder/build/src/tcl9.0.1/pkgs/itcl4.3.2/tclconfig/install-sh -c  -m 644 libitclstub4.3.2.a /home/builder/build/pkg/tcl/usr/lib/itcl4.3.2/libitclstub4.3.2.a
Installing /home/builder/build/src/tcl9.0.1/pkgs/itcl4.3.2/generic/itclMigrate2TclCore.h
Installing code.n
Installing /home/builder/build/src/tcl9.0.1/pkgs/itcl4.3.2/generic/itclTclIntStubsFcn.h
 Install itcl.tcl /home/builder/build/pkg/tcl/usr/lib/itcl4.3.2/itcl.tcl
Installing /home/builder/build/src/tcl9.0.1/pkgs/itcl4.3.2/generic/itcl2TclOO.h
Installing configbody.n
 Install itclWidget.tcl /home/builder/build/pkg/tcl/usr/lib/itcl4.3.2/itclWidget.tcl
Installing /home/builder/build/src/tcl9.0.1/pkgs/itcl4.3.2/generic/itclIntDecls.h
Installing delete.n
 Install itclHullCmds.tcl /home/builder/build/pkg/tcl/usr/lib/itcl4.3.2/itclHullCmds.tcl
 Install pkgIndex.tcl /home/builder/build/pkg/tcl/usr/lib/itcl4.3.2
Installing ensemble.n
/bin/sh /home/builder/build/src/tcl9.0.1/pkgs/itcl4.3.2/tclconfig/install-sh -c  -m 644 itclConfig.sh "/home/builder/build/pkg/tcl/usr/lib/itcl4.3.2"
Installing find.n
Installing is.n
Installing itcl.n
Installing itclcomponent.n
Installing itcldelegate.n
Installing itclextendedclass.n
Installing itcloption.n
Installing itclvars.n
Installing itclwidget.n
Installing local.n
Installing scope.n
make[1]: Leaving directory '/home/builder/build/src/tcl9.0.1/unix/pkgs8/itcl4.3.2'
Installing package 'itcl4.3.2'
make[1]: Entering directory '/home/builder/build/src/tcl9.0.1/unix/pkgs/itcl4.3.2'
Installing header files in /home/builder/build/pkg/tcl/usr/include
Installing documentation in /home/builder/build/pkg/tcl/usr/share/man
 /bin/sh /home/builder/build/src/tcl9.0.1/pkgs/itcl4.3.2/tclconfig/install-sh -c  -m 644 libtcl9itcl4.3.2.so /home/builder/build/pkg/tcl/usr/lib/itcl4.3.2/libtcl9itcl4.3.2.so
Installing /home/builder/build/src/tcl9.0.1/pkgs/itcl4.3.2/generic/itcl.h
Installing body.n
Installing /home/builder/build/src/tcl9.0.1/pkgs/itcl4.3.2/generic/itclDecls.h
 /bin/sh /home/builder/build/src/tcl9.0.1/pkgs/itcl4.3.2/tclconfig/install-sh -c  -m 644 libitclstub.a /home/builder/build/pkg/tcl/usr/lib/itcl4.3.2/libitclstub.a
Installing class.n
Installing /home/builder/build/src/tcl9.0.1/pkgs/itcl4.3.2/generic/itclInt.h
 Install itcl.tcl /home/builder/build/pkg/tcl/usr/lib/itcl4.3.2/itcl.tcl
Installing /home/builder/build/src/tcl9.0.1/pkgs/itcl4.3.2/generic/itclMigrate2TclCore.h
Installing code.n
 Install itclWidget.tcl /home/builder/build/pkg/tcl/usr/lib/itcl4.3.2/itclWidget.tcl
Installing /home/builder/build/src/tcl9.0.1/pkgs/itcl4.3.2/generic/itclTclIntStubsFcn.h
Installing configbody.n
 Install itclHullCmds.tcl /home/builder/build/pkg/tcl/usr/lib/itcl4.3.2/itclHullCmds.tcl
Installing /home/builder/build/src/tcl9.0.1/pkgs/itcl4.3.2/generic/itcl2TclOO.h
Installing /home/builder/build/src/tcl9.0.1/pkgs/itcl4.3.2/generic/itclIntDecls.h
 Install pkgIndex.tcl /home/builder/build/pkg/tcl/usr/lib/itcl4.3.2
Installing delete.n
/bin/sh /home/builder/build/src/tcl9.0.1/pkgs/itcl4.3.2/tclconfig/install-sh -c  -m 644 itclConfig.sh "/home/builder/build/pkg/tcl/usr/lib/itcl4.3.2"
Installing ensemble.n
Installing find.n
Installing is.n
Installing itcl.n
Installing itclcomponent.n
Installing itcldelegate.n
Installing itclextendedclass.n
Installing itcloption.n
Installing itclvars.n
Installing itclwidget.n
Installing local.n
Installing scope.n
make[1]: Leaving directory '/home/builder/build/src/tcl9.0.1/unix/pkgs/itcl4.3.2'
Installing package 'tdbc1.1.10' for Tcl 8
make[1]: Entering directory '/home/builder/build/src/tcl9.0.1/unix/pkgs8/tdbc1.1.10'
Installing header files in /home/builder/build/pkg/tcl/usr/include
Installing documentation in /home/builder/build/pkg/tcl/usr/share/man
Installing /home/builder/build/src/tcl9.0.1/pkgs/tdbc1.1.10/generic/tdbc.h
Installing /home/builder/build/src/tcl9.0.1/pkgs/tdbc1.1.10/doc/Tdbc_Init.3
Installing /home/builder/build/src/tcl9.0.1/pkgs/tdbc1.1.10/generic/tdbcInt.h
Installing /home/builder/build/src/tcl9.0.1/pkgs/tdbc1.1.10/doc/tdbc.n
 /bin/sh /home/builder/build/src/tcl9.0.1/pkgs/tdbc1.1.10/tclconfig/install-sh -c  -m 644 libtdbc1.1.10.so /home/builder/build/pkg/tcl/usr/lib/tdbc1.1.10/libtdbc1.1.10.so
Installing /home/builder/build/src/tcl9.0.1/pkgs/tdbc1.1.10/generic/tdbcDecls.h
Installing /home/builder/build/src/tcl9.0.1/pkgs/tdbc1.1.10/doc/tdbc_connection.n
 /bin/sh /home/builder/build/src/tcl9.0.1/pkgs/tdbc1.1.10/tclconfig/install-sh -c  -m 644 libtdbcstub1.1.10.a /home/builder/build/pkg/tcl/usr/lib/tdbc1.1.10/libtdbcstub1.1.10.a
Installing /home/builder/build/src/tcl9.0.1/pkgs/tdbc1.1.10/doc/tdbc_mapSqlState.n
Installing /home/builder/build/src/tcl9.0.1/pkgs/tdbc1.1.10/doc/tdbc_resultset.n
 Install tdbc.tcl /home/builder/build/pkg/tcl/usr/lib/tdbc1.1.10/tdbc.tcl
Installing /home/builder/build/src/tcl9.0.1/pkgs/tdbc1.1.10/doc/tdbc_statement.n
 Install pkgIndex.tcl /home/builder/build/pkg/tcl/usr/lib/tdbc1.1.10
Installing /home/builder/build/src/tcl9.0.1/pkgs/tdbc1.1.10/doc/tdbc_tokenize.n
 Install tdbcConfig.sh /home/builder/build/pkg/tcl/usr/lib/tdbc1.1.10
make[1]: Leaving directory '/home/builder/build/src/tcl9.0.1/unix/pkgs8/tdbc1.1.10'
Installing package 'tdbc1.1.10'
make[1]: Entering directory '/home/builder/build/src/tcl9.0.1/unix/pkgs/tdbc1.1.10'
Installing documentation in /home/builder/build/pkg/tcl/usr/share/man
Installing header files in /home/builder/build/pkg/tcl/usr/include
 /bin/sh /home/builder/build/src/tcl9.0.1/pkgs/tdbc1.1.10/tclconfig/install-sh -c  -m 644 libtcl9tdbc1.1.10.so /home/builder/build/pkg/tcl/usr/lib/tdbc1.1.10/libtcl9tdbc1.1.10.so
Installing /home/builder/build/src/tcl9.0.1/pkgs/tdbc1.1.10/doc/Tdbc_Init.3
Installing /home/builder/build/src/tcl9.0.1/pkgs/tdbc1.1.10/generic/tdbc.h
Installing /home/builder/build/src/tcl9.0.1/pkgs/tdbc1.1.10/doc/tdbc.n
Installing /home/builder/build/src/tcl9.0.1/pkgs/tdbc1.1.10/generic/tdbcInt.h
 /bin/sh /home/builder/build/src/tcl9.0.1/pkgs/tdbc1.1.10/tclconfig/install-sh -c  -m 644 libtdbcstub.a /home/builder/build/pkg/tcl/usr/lib/tdbc1.1.10/libtdbcstub.a
Installing /home/builder/build/src/tcl9.0.1/pkgs/tdbc1.1.10/doc/tdbc_connection.n
Installing /home/builder/build/src/tcl9.0.1/pkgs/tdbc1.1.10/generic/tdbcDecls.h
 Install tdbc.tcl /home/builder/build/pkg/tcl/usr/lib/tdbc1.1.10/tdbc.tcl
Installing /home/builder/build/src/tcl9.0.1/pkgs/tdbc1.1.10/doc/tdbc_mapSqlState.n
 Install pkgIndex.tcl /home/builder/build/pkg/tcl/usr/lib/tdbc1.1.10
Installing /home/builder/build/src/tcl9.0.1/pkgs/tdbc1.1.10/doc/tdbc_resultset.n
Installing /home/builder/build/src/tcl9.0.1/pkgs/tdbc1.1.10/doc/tdbc_statement.n
 Install tdbcConfig.sh /home/builder/build/pkg/tcl/usr/lib/tdbc1.1.10
Installing /home/builder/build/src/tcl9.0.1/pkgs/tdbc1.1.10/doc/tdbc_tokenize.n
make[1]: Leaving directory '/home/builder/build/src/tcl9.0.1/unix/pkgs/tdbc1.1.10'
Installing package 'tdbcmysql1.1.10' for Tcl 8
make[1]: Entering directory '/home/builder/build/src/tcl9.0.1/unix/pkgs8/tdbcmysql1.1.10'
Installing documentation in /home/builder/build/pkg/tcl/usr/share/man
Installing header files in /home/builder/build/pkg/tcl/usr/include
Installing /home/builder/build/src/tcl9.0.1/pkgs/tdbcmysql1.1.10/doc/tdbc_mysql.n
Installing /home/builder/build/src/tcl9.0.1/pkgs/tdbcmysql1.1.10/generic/fakemysql.h
Installing /home/builder/build/src/tcl9.0.1/pkgs/tdbcmysql1.1.10/generic/mysqlStubs.h
 /bin/sh /home/builder/build/src/tcl9.0.1/pkgs/tdbcmysql1.1.10/tclconfig/install-sh -c  -m 644 libtdbcmysql1.1.10.so /home/builder/build/pkg/tcl/usr/lib/tdbcmysql1.1.10/libtdbcmysql1.1.10.so
 Install tdbcmysql.tcl /home/builder/build/pkg/tcl/usr/lib/tdbcmysql1.1.10/tdbcmysql.tcl
 Install pkgIndex.tcl /home/builder/build/pkg/tcl/usr/lib/tdbcmysql1.1.10
make[1]: Leaving directory '/home/builder/build/src/tcl9.0.1/unix/pkgs8/tdbcmysql1.1.10'
Installing package 'tdbcmysql1.1.10'
make[1]: Entering directory '/home/builder/build/src/tcl9.0.1/unix/pkgs/tdbcmysql1.1.10'
Installing documentation in /home/builder/build/pkg/tcl/usr/share/man
Installing header files in /home/builder/build/pkg/tcl/usr/include
 /bin/sh /home/builder/build/src/tcl9.0.1/pkgs/tdbcmysql1.1.10/tclconfig/install-sh -c  -m 644 libtcl9tdbcmysql1.1.10.so /home/builder/build/pkg/tcl/usr/lib/tdbcmysql1.1.10/libtcl9tdbcmysql1.1.10.so
Installing /home/builder/build/src/tcl9.0.1/pkgs/tdbcmysql1.1.10/generic/fakemysql.h
Installing /home/builder/build/src/tcl9.0.1/pkgs/tdbcmysql1.1.10/doc/tdbc_mysql.n
Installing /home/builder/build/src/tcl9.0.1/pkgs/tdbcmysql1.1.10/generic/mysqlStubs.h
 Install tdbcmysql.tcl /home/builder/build/pkg/tcl/usr/lib/tdbcmysql1.1.10/tdbcmysql.tcl
 Install pkgIndex.tcl /home/builder/build/pkg/tcl/usr/lib/tdbcmysql1.1.10
make[1]: Leaving directory '/home/builder/build/src/tcl9.0.1/unix/pkgs/tdbcmysql1.1.10'
Installing package 'tdbcodbc1.1.10' for Tcl 8
make[1]: Entering directory '/home/builder/build/src/tcl9.0.1/unix/pkgs8/tdbcodbc1.1.10'
Installing documentation in /home/builder/build/pkg/tcl/usr/share/man
Installing header files in /home/builder/build/pkg/tcl/usr/include
Installing /home/builder/build/src/tcl9.0.1/pkgs/tdbcodbc1.1.10/doc/tdbc_odbc.n
Installing /home/builder/build/src/tcl9.0.1/pkgs/tdbcodbc1.1.10/generic/fakesql.h
Installing /home/builder/build/src/tcl9.0.1/pkgs/tdbcodbc1.1.10/generic/odbcStubs.h
 /bin/sh /home/builder/build/src/tcl9.0.1/pkgs/tdbcodbc1.1.10/tclconfig/install-sh -c  -m 644 libtdbcodbc1.1.10.so /home/builder/build/pkg/tcl/usr/lib/tdbcodbc1.1.10/libtdbcodbc1.1.10.so
 Install tdbcodbc.tcl /home/builder/build/pkg/tcl/usr/lib/tdbcodbc1.1.10/tdbcodbc.tcl
 Install pkgIndex.tcl /home/builder/build/pkg/tcl/usr/lib/tdbcodbc1.1.10
make[1]: Leaving directory '/home/builder/build/src/tcl9.0.1/unix/pkgs8/tdbcodbc1.1.10'
Installing package 'tdbcodbc1.1.10'
make[1]: Entering directory '/home/builder/build/src/tcl9.0.1/unix/pkgs/tdbcodbc1.1.10'
Installing header files in /home/builder/build/pkg/tcl/usr/include
Installing documentation in /home/builder/build/pkg/tcl/usr/share/man
 /bin/sh /home/builder/build/src/tcl9.0.1/pkgs/tdbcodbc1.1.10/tclconfig/install-sh -c  -m 644 libtcl9tdbcodbc1.1.10.so /home/builder/build/pkg/tcl/usr/lib/tdbcodbc1.1.10/libtcl9tdbcodbc1.1.10.so
Installing /home/builder/build/src/tcl9.0.1/pkgs/tdbcodbc1.1.10/generic/fakesql.h
Installing /home/builder/build/src/tcl9.0.1/pkgs/tdbcodbc1.1.10/doc/tdbc_odbc.n
Installing /home/builder/build/src/tcl9.0.1/pkgs/tdbcodbc1.1.10/generic/odbcStubs.h
 Install tdbcodbc.tcl /home/builder/build/pkg/tcl/usr/lib/tdbcodbc1.1.10/tdbcodbc.tcl
 Install pkgIndex.tcl /home/builder/build/pkg/tcl/usr/lib/tdbcodbc1.1.10
make[1]: Leaving directory '/home/builder/build/src/tcl9.0.1/unix/pkgs/tdbcodbc1.1.10'
Installing package 'tdbcpostgres1.1.10' for Tcl 8
make[1]: Entering directory '/home/builder/build/src/tcl9.0.1/unix/pkgs8/tdbcpostgres1.1.10'
Installing header files in /home/builder/build/pkg/tcl/usr/include
Installing documentation in /home/builder/build/pkg/tcl/usr/share/man
Installing /home/builder/build/src/tcl9.0.1/pkgs/tdbcpostgres1.1.10/generic/fakepq.h
Installing /home/builder/build/src/tcl9.0.1/pkgs/tdbcpostgres1.1.10/doc/tdbc_postgres.n
Installing /home/builder/build/src/tcl9.0.1/pkgs/tdbcpostgres1.1.10/generic/pqStubs.h
 /bin/sh /home/builder/build/src/tcl9.0.1/pkgs/tdbcpostgres1.1.10/tclconfig/install-sh -c  -m 644 libtdbcpostgres1.1.10.so /home/builder/build/pkg/tcl/usr/lib/tdbcpostgres1.1.10/libtdbcpostgres1.1.10.so
 Install tdbcpostgres.tcl /home/builder/build/pkg/tcl/usr/lib/tdbcpostgres1.1.10/tdbcpostgres.tcl
 Install pkgIndex.tcl /home/builder/build/pkg/tcl/usr/lib/tdbcpostgres1.1.10
make[1]: Leaving directory '/home/builder/build/src/tcl9.0.1/unix/pkgs8/tdbcpostgres1.1.10'
Installing package 'tdbcpostgres1.1.10'
make[1]: Entering directory '/home/builder/build/src/tcl9.0.1/unix/pkgs/tdbcpostgres1.1.10'
Installing documentation in /home/builder/build/pkg/tcl/usr/share/man
 /bin/sh /home/builder/build/src/tcl9.0.1/pkgs/tdbcpostgres1.1.10/tclconfig/install-sh -c  -m 644 libtcl9tdbcpostgres1.1.10.so /home/builder/build/pkg/tcl/usr/lib/tdbcpostgres1.1.10/libtcl9tdbcpostgres1.1.10.so
Installing header files in /home/builder/build/pkg/tcl/usr/include
Installing /home/builder/build/src/tcl9.0.1/pkgs/tdbcpostgres1.1.10/doc/tdbc_postgres.n
Installing /home/builder/build/src/tcl9.0.1/pkgs/tdbcpostgres1.1.10/generic/fakepq.h
Installing /home/builder/build/src/tcl9.0.1/pkgs/tdbcpostgres1.1.10/generic/pqStubs.h
 Install tdbcpostgres.tcl /home/builder/build/pkg/tcl/usr/lib/tdbcpostgres1.1.10/tdbcpostgres.tcl
 Install pkgIndex.tcl /home/builder/build/pkg/tcl/usr/lib/tdbcpostgres1.1.10
make[1]: Leaving directory '/home/builder/build/src/tcl9.0.1/unix/pkgs/tdbcpostgres1.1.10'
Installing package 'tdbcsqlite3-1.1.10' for Tcl 8
make[1]: Entering directory '/home/builder/build/src/tcl9.0.1/unix/pkgs8/tdbcsqlite3-1.1.10'
Installing documentation in /home/builder/build/pkg/tcl/usr/share/man
Installing /home/builder/build/src/tcl9.0.1/pkgs/tdbcsqlite3-1.1.10/doc/tdbc_sqlite3.n
/bin/sh /home/builder/build/src/tcl9.0.1/pkgs/tdbcsqlite3-1.1.10/tclconfig/install-sh -c  -m 644 /home/builder/build/src/tcl9.0.1/pkgs/tdbcsqlite3-1.1.10/library/tdbcsqlite3.tcl \
    /home/builder/build/pkg/tcl/usr/lib/tcl9/9.0/`echo tdbcsqlite3 | sed s=tdbc=tdbc/=`-1.1.10.tm
/bin/sh /home/builder/build/src/tcl9.0.1/pkgs/tdbcsqlite3-1.1.10/tclconfig/install-sh -c  -m 644 /home/builder/build/src/tcl9.0.1/pkgs/tdbcsqlite3-1.1.10/manifest.uuid \
    /home/builder/build/pkg/tcl/usr/lib/tcl9/9.0/`echo tdbcsqlite3 | sed s=tdbc=tdbc/=`-1.1.10.uuid
make[1]: Leaving directory '/home/builder/build/src/tcl9.0.1/unix/pkgs8/tdbcsqlite3-1.1.10'
Installing package 'tdbcsqlite3-1.1.10'
make[1]: Entering directory '/home/builder/build/src/tcl9.0.1/unix/pkgs/tdbcsqlite3-1.1.10'
/bin/sh /home/builder/build/src/tcl9.0.1/pkgs/tdbcsqlite3-1.1.10/tclconfig/install-sh -c  -m 644 /home/builder/build/src/tcl9.0.1/pkgs/tdbcsqlite3-1.1.10/library/tdbcsqlite3.tcl \
    /home/builder/build/pkg/tcl/usr/lib/tcl9/9.0/`echo tdbcsqlite3 | sed s=tdbc=tdbc/=`-1.1.10.tm
Installing documentation in /home/builder/build/pkg/tcl/usr/share/man
Installing /home/builder/build/src/tcl9.0.1/pkgs/tdbcsqlite3-1.1.10/doc/tdbc_sqlite3.n
/bin/sh /home/builder/build/src/tcl9.0.1/pkgs/tdbcsqlite3-1.1.10/tclconfig/install-sh -c  -m 644 /home/builder/build/src/tcl9.0.1/pkgs/tdbcsqlite3-1.1.10/manifest.uuid \
    /home/builder/build/pkg/tcl/usr/lib/tcl9/9.0/`echo tdbcsqlite3 | sed s=tdbc=tdbc/=`-1.1.10.uuid
make[1]: Leaving directory '/home/builder/build/src/tcl9.0.1/unix/pkgs/tdbcsqlite3-1.1.10'
Installing package 'thread3.0.1' for Tcl 8
make[1]: Entering directory '/home/builder/build/src/tcl9.0.1/unix/pkgs8/thread3.0.1'
Installing documentation in /home/builder/build/pkg/tcl/usr/share/man
Installing header files in /home/builder/build/pkg/tcl/usr/include
Installing /home/builder/build/src/tcl9.0.1/pkgs/thread3.0.1/doc/man/thread.n
Installing /home/builder/build/src/tcl9.0.1/pkgs/thread3.0.1/generic/tclThread.h
Installing /home/builder/build/src/tcl9.0.1/pkgs/thread3.0.1/doc/man/tpool.n
 /bin/sh /home/builder/build/src/tcl9.0.1/pkgs/thread3.0.1/tclconfig/install-sh -c  -m 644 libtcl9thread3.0.1.so /home/builder/build/pkg/tcl/usr/lib/thread3.0.1/libtcl9thread3.0.1.so
Installing /home/builder/build/src/tcl9.0.1/pkgs/thread3.0.1/doc/man/tsv.n
 : /home/builder/build/pkg/tcl/usr/lib/thread3.0.1/libtcl9thread3.0.1.so
Installing /home/builder/build/src/tcl9.0.1/pkgs/thread3.0.1/doc/man/ttrace.n
 Install pkgIndex.tcl /home/builder/build/pkg/tcl/usr/lib/thread3.0.1
make[1]: Leaving directory '/home/builder/build/src/tcl9.0.1/unix/pkgs8/thread3.0.1'
Installing package 'thread3.0.1'
make[1]: Entering directory '/home/builder/build/src/tcl9.0.1/unix/pkgs/thread3.0.1'
Installing header files in /home/builder/build/pkg/tcl/usr/include
 /bin/sh /home/builder/build/src/tcl9.0.1/pkgs/thread3.0.1/tclconfig/install-sh -c  -m 644 libtcl9thread3.0.1.so /home/builder/build/pkg/tcl/usr/lib/thread3.0.1/libtcl9thread3.0.1.so
Installing /home/builder/build/src/tcl9.0.1/pkgs/thread3.0.1/generic/tclThread.h
Installing documentation in /home/builder/build/pkg/tcl/usr/share/man
Installing /home/builder/build/src/tcl9.0.1/pkgs/thread3.0.1/doc/man/thread.n
Installing /home/builder/build/src/tcl9.0.1/pkgs/thread3.0.1/doc/man/tpool.n
 : /home/builder/build/pkg/tcl/usr/lib/thread3.0.1/libtcl9thread3.0.1.so
 Install pkgIndex.tcl /home/builder/build/pkg/tcl/usr/lib/thread3.0.1
Installing /home/builder/build/src/tcl9.0.1/pkgs/thread3.0.1/doc/man/tsv.n
Installing /home/builder/build/src/tcl9.0.1/pkgs/thread3.0.1/doc/man/ttrace.n
make[1]: Leaving directory '/home/builder/build/src/tcl9.0.1/unix/pkgs/thread3.0.1'
Installing and cross-linking command (.n) docs to /home/builder/build/pkg/tcl/usr/share/man/mann/
==> Tidying install...
  -> Removing libtool files...
  -> Purging unwanted files...
  -> Stripping unneeded symbols from binaries and libraries...
==> Checking for packaging issues...
==> WARNING: Package contains reference to $srcdir
usr/lib/libtcl9.0.so
==> Creating package "tcl"...
  -> Generating .PKGINFO file...
warning: Public keyring not found; have you run 'pacman-key --init'?
error: kashira-v3: key "E4DF524F75FE51DD5FB0C7BA1925D86CD662878E" is unknown
error: keyring is not writable
warning: base: unknown key '%INSTALLED_DB%' in local database
warning: base-devel: unknown key '%INSTALLED_DB%' in local database
warning: Public keyring not found; have you run 'pacman-key --init'?
error: kashira-v3: key "E4DF524F75FE51DD5FB0C7BA1925D86CD662878E" is unknown
error: keyring is not writable
warning: base: unknown key '%INSTALLED_DB%' in local database
warning: base-devel: unknown key '%INSTALLED_DB%' in local database
warning: Public keyring not found; have you run 'pacman-key --init'?
error: kashira-v3: key "E4DF524F75FE51DD5FB0C7BA1925D86CD662878E" is unknown
error: keyring is not writable
warning: base: unknown key '%INSTALLED_DB%' in local database
warning: base-devel: unknown key '%INSTALLED_DB%' in local database
warning: Public keyring not found; have you run 'pacman-key --init'?
error: kashira-v3: key "E4DF524F75FE51DD5FB0C7BA1925D86CD662878E" is unknown
error: keyring is not writable
warning: base: unknown key '%INSTALLED_DB%' in local database
warning: base-devel: unknown key '%INSTALLED_DB%' in local database
  -> Generating .BUILDINFO file...
warning: Public keyring not found; have you run 'pacman-key --init'?
error: kashira-v3: key "E4DF524F75FE51DD5FB0C7BA1925D86CD662878E" is unknown
error: keyring is not writable
warning: base: unknown key '%INSTALLED_DB%' in local database
warning: base-devel: unknown key '%INSTALLED_DB%' in local database
  -> Generating .MTREE file...
  -> Compressing package...
==> Leaving fakeroot environment.
==> Finished making: tcl 9.0.1-1 (Sun Sep 20 06:47:16 2026)
